[2026-05-15 19:39:14] START: Dataset Creation Run
[2026-05-15 19:39:14] Loading config from /Users/rabinatwayana/2_CDE_MT/CL/CDE_Master_Thesis_Wildfire_CL/dataset_creation/output_events_yaml/manual_selected_events_2020.yaml
[2026-05-15 19:39:15] Using key file: key/gcloud_key_29.json
[2026-05-15 19:39:15] Using service account: None
[2026-05-15 19:39:15] Using VIIRS AF asset path: projects/wsts-dataset-creation/assets/viirs_snpp_fire_archive_jun2016_apr2026
[2026-05-15 19:39:15] START: Earth Engine Initialization
[2026-05-15 19:39:17] VIIRS AF asset accessible: projects/wsts-dataset-creation/assets/viirs_snpp_fire_archive_jun2016_apr2026
[2026-05-15 19:39:17] END: Earth Engine Initialization (Duration: 1.94s)
[2026-05-15 19:39:17] Total fire events to process: 100
[2026-05-15 19:39:17] =======Config=============
[2026-05-15 19:39:17] output_bucket: wsts_dataset_29
[2026-05-15 19:39:17] global_degree_bbox_size: 1.0
[2026-05-15 19:39:17] year: 2020
[2026-05-15 19:39:17] export_crs: EPSG:5070
[2026-05-15 19:39:17] export_resolution: 375
[2026-05-15 19:39:17] pre_buffer_days: 8
[2026-05-15 19:39:17] post_buffer_days: 2
[2026-05-15 19:39:17] START: ----------Event fire_12-----------
[2026-05-15 19:39:17] ------ Processing date=2020-01-07 ------
[2026-05-15 19:39:17] Using viirs_af_path: viirs_af_path
[2026-05-15 19:39:18] VIIRS Image Date: ['2020-01-07 00:00:00']
[2026-05-15 19:39:18] Weather image size: 1
[2026-05-15 19:39:18] Forecast duration: 2020-01-08 00:00:00 to 2020-01-09 00:00:00
[2026-05-15 19:39:19] Number of forecast images: 24
[2026-05-15 19:39:19] Using forecast run: 2020-01-07 18:00:00 UTC
[2026-05-15 19:39:20] Forecast Rain Available hours: [6, 7, 8, 9, 10, 11, 12, 13, 14, 15, 16, 17, 18, 19, 20, 21, 22, 23, 24, 25, 26, 27, 28, 29]
[2026-05-15 19:39:20] Valid hours for sum: [12, 18, 24, 29]
[2026-05-15 19:39:22] Drought composite end date: 2020-01-05 06:00:00
[2026-05-15 19:39:22] Land cover year: 2019
[2026-05-15 19:39:23] VIIRS Veg composite: 2019-12-27 → 2020-01-12
[2026-05-15 19:39:28] Started export task: fire_12_static
[2026-05-15 19:39:28] Started export task: fire_12_dynamic_2020-01-07
[2026-05-15 19:39:29] ------ Processing date=2020-01-08 ------
[2026-05-15 19:39:29] Using viirs_af_path: viirs_af_path
[2026-05-15 19:39:29] VIIRS Image Date: ['2020-01-08 00:00:00']
[2026-05-15 19:39:30] Weather image size: 1
[2026-05-15 19:39:30] Forecast duration: 2020-01-09 00:00:00 to 2020-01-10 00:00:00
[2026-05-15 19:39:31] Number of forecast images: 24
[2026-05-15 19:39:31] Using forecast run: 2020-01-08 18:00:00 UTC
[2026-05-15 19:39:31] Forecast Rain Available hours: [6, 7, 8, 9, 10, 11, 12, 13, 14, 15, 16, 17, 18, 19, 20, 21, 22, 23, 24, 25, 26, 27, 28, 29]
[2026-05-15 19:39:31] Valid hours for sum: [12, 18, 24, 29]
[2026-05-15 19:39:34] Drought composite end date: 2020-01-05 06:00:00
[2026-05-15 19:39:34] Land cover year: 2019
[2026-05-15 19:39:35] VIIRS Veg composite: 2019-12-27 → 2020-01-12
[2026-05-15 19:39:39] Started export task: fire_12_dynamic_2020-01-08
[2026-05-15 19:39:39] ------ Processing date=2020-01-09 ------
[2026-05-15 19:39:39] Using viirs_af_path: viirs_af_path
[2026-05-15 19:39:40] VIIRS Image Date: ['2020-01-09 00:00:00']
[2026-05-15 19:39:40] Weather image size: 1
[2026-05-15 19:39:40] Forecast duration: 2020-01-10 00:00:00 to 2020-01-11 00:00:00
[2026-05-15 19:39:41] Number of forecast images: 24
[2026-05-15 19:39:41] Using forecast run: 2020-01-09 18:00:00 UTC
[2026-05-15 19:39:41] Forecast Rain Available hours: [6, 7, 8, 9, 10, 11, 12, 13, 14, 15, 16, 17, 18, 19, 20, 21, 22, 23, 24, 25, 26, 27, 28, 29]
[2026-05-15 19:39:41] Valid hours for sum: [12, 18, 24, 29]
[2026-05-15 19:39:43] Drought composite end date: 2020-01-05 06:00:00
[2026-05-15 19:39:43] Land cover year: 2019
[2026-05-15 19:39:45] VIIRS Veg composite: 2019-12-27 → 2020-01-12
[2026-05-15 19:39:48] Started export task: fire_12_dynamic_2020-01-09
[2026-05-15 19:39:49] ------ Processing date=2020-01-10 ------
[2026-05-15 19:39:49] Using viirs_af_path: viirs_af_path
[2026-05-15 19:39:49] VIIRS Image Date: ['2020-01-10 00:00:00']
[2026-05-15 19:39:50] Weather image size: 1
[2026-05-15 19:39:50] Forecast duration: 2020-01-11 00:00:00 to 2020-01-12 00:00:00
[2026-05-15 19:39:51] Number of forecast images: 24
[2026-05-15 19:39:51] Using forecast run: 2020-01-10 18:00:00 UTC
[2026-05-15 19:39:52] Forecast Rain Available hours: [6, 7, 8, 9, 10, 11, 12, 13, 14, 15, 16, 17, 18, 19, 20, 21, 22, 23, 24, 25, 26, 27, 28, 29]
[2026-05-15 19:39:52] Valid hours for sum: [12, 18, 24, 29]
[2026-05-15 19:39:55] Drought composite end date: 2020-01-05 06:00:00
[2026-05-15 19:39:55] Land cover year: 2019
[2026-05-15 19:39:56] VIIRS Veg composite: 2019-12-27 → 2020-01-12
[2026-05-15 19:40:00] Started export task: fire_12_dynamic_2020-01-10
[2026-05-15 19:40:00] ------ Processing date=2020-01-11 ------
[2026-05-15 19:40:00] Using viirs_af_path: viirs_af_path
[2026-05-15 19:40:01] VIIRS Image Date: ['2020-01-11 00:00:00']
[2026-05-15 19:40:01] Weather image size: 1
[2026-05-15 19:40:01] Forecast duration: 2020-01-12 00:00:00 to 2020-01-13 00:00:00
[2026-05-15 19:40:02] Number of forecast images: 24
[2026-05-15 19:40:02] Using forecast run: 2020-01-11 18:00:00 UTC
[2026-05-15 19:40:02] Forecast Rain Available hours: [6, 7, 8, 9, 10, 11, 12, 13, 14, 15, 16, 17, 18, 19, 20, 21, 22, 23, 24, 25, 26, 27, 28, 29]
[2026-05-15 19:40:02] Valid hours for sum: [12, 18, 24, 29]
[2026-05-15 19:40:05] Drought composite end date: 2020-01-10 06:00:00
[2026-05-15 19:40:05] Land cover year: 2019
[2026-05-15 19:40:07] VIIRS Veg composite: 2019-12-27 → 2020-01-12
[2026-05-15 19:40:10] Started export task: fire_12_dynamic_2020-01-11
[2026-05-15 19:40:11] ------ Processing date=2020-01-12 ------
[2026-05-15 19:40:11] Using viirs_af_path: viirs_af_path
[2026-05-15 19:40:11] VIIRS Image Date: ['2020-01-12 00:00:00']
[2026-05-15 19:40:11] Weather image size: 1
[2026-05-15 19:40:11] Forecast duration: 2020-01-13 00:00:00 to 2020-01-14 00:00:00
[2026-05-15 19:40:12] Number of forecast images: 24
[2026-05-15 19:40:12] Using forecast run: 2020-01-12 18:00:00 UTC
[2026-05-15 19:40:12] Forecast Rain Available hours: [6, 7, 8, 9, 10, 11, 12, 13, 14, 15, 16, 17, 18, 19, 20, 21, 22, 23, 24, 25, 26, 27, 28, 29]
[2026-05-15 19:40:12] Valid hours for sum: [12, 18, 24, 29]
[2026-05-15 19:40:14] Drought composite end date: 2020-01-10 06:00:00
[2026-05-15 19:40:14] Land cover year: 2019
[2026-05-15 19:40:15] VIIRS Veg composite: 2019-12-27 → 2020-01-12
[2026-05-15 19:40:19] Started export task: fire_12_dynamic_2020-01-12
[2026-05-15 19:40:19] ------ Processing date=2020-01-13 ------
[2026-05-15 19:40:19] Using viirs_af_path: viirs_af_path
[2026-05-15 19:40:19] VIIRS Image Date: ['2020-01-13 00:00:00']
[2026-05-15 19:40:20] Weather image size: 1
[2026-05-15 19:40:20] Forecast duration: 2020-01-14 00:00:00 to 2020-01-15 00:00:00
[2026-05-15 19:40:21] Number of forecast images: 24
[2026-05-15 19:40:21] Using forecast run: 2020-01-13 18:00:00 UTC
[2026-05-15 19:40:21] Forecast Rain Available hours: [6, 7, 8, 9, 10, 11, 12, 13, 14, 15, 16, 17, 18, 19, 20, 21, 22, 23, 24, 25, 26, 27, 28, 29]
[2026-05-15 19:40:21] Valid hours for sum: [12, 18, 24, 29]
[2026-05-15 19:40:23] Drought composite end date: 2020-01-10 06:00:00
[2026-05-15 19:40:23] Land cover year: 2019
[2026-05-15 19:40:25] VIIRS Veg composite: 2019-12-27 → 2020-01-12
[2026-05-15 19:40:28] Started export task: fire_12_dynamic_2020-01-13
[2026-05-15 19:40:29] ------ Processing date=2020-01-14 ------
[2026-05-15 19:40:29] Using viirs_af_path: viirs_af_path
[2026-05-15 19:40:29] VIIRS Image Date: ['2020-01-14 00:00:00']
[2026-05-15 19:40:29] Weather image size: 1
[2026-05-15 19:40:29] Forecast duration: 2020-01-15 00:00:00 to 2020-01-16 00:00:00
[2026-05-15 19:40:30] Number of forecast images: 24
[2026-05-15 19:40:30] Using forecast run: 2020-01-14 18:00:00 UTC
[2026-05-15 19:40:31] Forecast Rain Available hours: [6, 7, 8, 9, 10, 11, 12, 13, 14, 15, 16, 17, 18, 19, 20, 21, 22, 23, 24, 25, 26, 27, 28, 29]
[2026-05-15 19:40:31] Valid hours for sum: [12, 18, 24, 29]
[2026-05-15 19:40:34] Drought composite end date: 2020-01-10 06:00:00
[2026-05-15 19:40:34] Land cover year: 2019
[2026-05-15 19:40:35] VIIRS Veg composite: 2019-12-27 → 2020-01-12
[2026-05-15 19:40:39] Started export task: fire_12_dynamic_2020-01-14
[2026-05-15 19:40:39] ------ Processing date=2020-01-15 ------
[2026-05-15 19:40:39] Using viirs_af_path: viirs_af_path
[2026-05-15 19:40:39] VIIRS Image Date: ['2020-01-15 00:00:00']
[2026-05-15 19:40:40] Weather image size: 1
[2026-05-15 19:40:40] Forecast duration: 2020-01-16 00:00:00 to 2020-01-17 00:00:00
[2026-05-15 19:40:40] Number of forecast images: 24
[2026-05-15 19:40:40] Using forecast run: 2020-01-15 18:00:00 UTC
[2026-05-15 19:40:41] Forecast Rain Available hours: [6, 7, 8, 9, 10, 11, 12, 13, 14, 15, 16, 17, 18, 19, 20, 21, 22, 23, 24, 25, 26, 27, 28, 29]
[2026-05-15 19:40:41] Valid hours for sum: [12, 18, 24, 29]
[2026-05-15 19:40:42] Drought composite end date: 2020-01-10 06:00:00
[2026-05-15 19:40:43] Land cover year: 2019
[2026-05-15 19:40:43] VIIRS Veg composite: 2019-12-27 → 2020-01-12
[2026-05-15 19:40:47] Started export task: fire_12_dynamic_2020-01-15
[2026-05-15 19:40:47] ------ Processing date=2020-01-16 ------
[2026-05-15 19:40:47] Using viirs_af_path: viirs_af_path
[2026-05-15 19:40:48] VIIRS Image Date: ['2020-01-16 00:00:00']
[2026-05-15 19:40:48] Weather image size: 1
[2026-05-15 19:40:48] Forecast duration: 2020-01-17 00:00:00 to 2020-01-18 00:00:00
[2026-05-15 19:40:48] Number of forecast images: 24
[2026-05-15 19:40:48] Using forecast run: 2020-01-16 18:00:00 UTC
[2026-05-15 19:40:49] Forecast Rain Available hours: [6, 7, 8, 9, 10, 11, 12, 13, 14, 15, 16, 17, 18, 19, 20, 21, 22, 23, 24, 25, 26, 27, 28, 29]
[2026-05-15 19:40:49] Valid hours for sum: [12, 18, 24, 29]
[2026-05-15 19:40:51] Drought composite end date: 2020-01-15 06:00:00
[2026-05-15 19:40:52] Land cover year: 2019
[2026-05-15 19:40:53] VIIRS Veg composite: 2019-12-27 → 2020-01-12
[2026-05-15 19:40:56] Started export task: fire_12_dynamic_2020-01-16
[2026-05-15 19:40:57] ------ Processing date=2020-01-17 ------
[2026-05-15 19:40:57] Using viirs_af_path: viirs_af_path
[2026-05-15 19:40:57] VIIRS Image Date: ['2020-01-17 00:00:00']
[2026-05-15 19:40:57] Weather image size: 1
[2026-05-15 19:40:57] Forecast duration: 2020-01-18 00:00:00 to 2020-01-19 00:00:00
[2026-05-15 19:40:58] Number of forecast images: 24
[2026-05-15 19:40:58] Using forecast run: 2020-01-17 18:00:00 UTC
[2026-05-15 19:40:59] Forecast Rain Available hours: [6, 7, 8, 9, 10, 11, 12, 13, 14, 15, 16, 17, 18, 19, 20, 21, 22, 23, 24, 25, 26, 27, 28, 29]
[2026-05-15 19:40:59] Valid hours for sum: [12, 18, 24, 29]
[2026-05-15 19:41:00] Drought composite end date: 2020-01-15 06:00:00
[2026-05-15 19:41:00] Land cover year: 2019
[2026-05-15 19:41:01] VIIRS Veg composite: 2019-12-27 → 2020-01-12
[2026-05-15 19:41:05] Started export task: fire_12_dynamic_2020-01-17
[2026-05-15 19:41:06] ------ Processing date=2020-01-18 ------
[2026-05-15 19:41:06] Using viirs_af_path: viirs_af_path
[2026-05-15 19:41:06] VIIRS Image Date: ['2020-01-18 00:00:00']
[2026-05-15 19:41:06] Weather image size: 1
[2026-05-15 19:41:06] Forecast duration: 2020-01-19 00:00:00 to 2020-01-20 00:00:00
[2026-05-15 19:41:07] Number of forecast images: 24
[2026-05-15 19:41:07] Using forecast run: 2020-01-18 18:00:00 UTC
[2026-05-15 19:41:07] Forecast Rain Available hours: [6, 7, 8, 9, 10, 11, 12, 13, 14, 15, 16, 17, 18, 19, 20, 21, 22, 23, 24, 25, 26, 27, 28, 29]
[2026-05-15 19:41:07] Valid hours for sum: [12, 18, 24, 29]
[2026-05-15 19:41:09] Drought composite end date: 2020-01-15 06:00:00
[2026-05-15 19:41:09] Land cover year: 2019
[2026-05-15 19:41:10] VIIRS Veg composite: 2019-12-27 → 2020-01-12
[2026-05-15 19:41:14] Started export task: fire_12_dynamic_2020-01-18
[2026-05-15 19:41:14] ------ Processing date=2020-01-19 ------
[2026-05-15 19:41:14] Using viirs_af_path: viirs_af_path
[2026-05-15 19:41:15] VIIRS Image Date: ['2020-01-19 00:00:00']
[2026-05-15 19:41:15] Weather image size: 1
[2026-05-15 19:41:15] Forecast duration: 2020-01-20 00:00:00 to 2020-01-21 00:00:00
[2026-05-15 19:41:16] Number of forecast images: 24
[2026-05-15 19:41:16] Using forecast run: 2020-01-19 18:00:00 UTC
[2026-05-15 19:41:16] Forecast Rain Available hours: [6, 7, 8, 9, 10, 11, 12, 13, 14, 15, 16, 17, 18, 19, 20, 21, 22, 23, 24, 25, 26, 27, 28, 29]
[2026-05-15 19:41:16] Valid hours for sum: [12, 18, 24, 29]
[2026-05-15 19:41:19] Drought composite end date: 2020-01-15 06:00:00
[2026-05-15 19:41:19] Land cover year: 2019
[2026-05-15 19:41:20] VIIRS Veg composite: 2019-12-27 → 2020-01-12
[2026-05-15 19:41:25] Started export task: fire_12_dynamic_2020-01-19
[2026-05-15 19:41:26] ------ Processing date=2020-01-20 ------
[2026-05-15 19:41:26] Using viirs_af_path: viirs_af_path
[2026-05-15 19:41:26] VIIRS Image Date: ['2020-01-20 00:00:00']
[2026-05-15 19:41:26] Weather image size: 1
[2026-05-15 19:41:26] Forecast duration: 2020-01-21 00:00:00 to 2020-01-22 00:00:00
[2026-05-15 19:41:27] Number of forecast images: 24
[2026-05-15 19:41:27] Using forecast run: 2020-01-20 18:00:00 UTC
[2026-05-15 19:41:27] Forecast Rain Available hours: [6, 7, 8, 9, 10, 11, 12, 13, 14, 15, 16, 17, 18, 19, 20, 21, 22, 23, 24, 25, 26, 27, 28, 29]
[2026-05-15 19:41:27] Valid hours for sum: [12, 18, 24, 29]
[2026-05-15 19:41:29] Drought composite end date: 2020-01-15 06:00:00
[2026-05-15 19:41:30] Land cover year: 2019
[2026-05-15 19:41:30] VIIRS Veg composite: 2019-12-27 → 2020-01-12
[2026-05-15 19:41:36] Started export task: fire_12_dynamic_2020-01-20
[2026-05-15 19:41:36] ------ Processing date=2020-01-21 ------
[2026-05-15 19:41:36] Using viirs_af_path: viirs_af_path
[2026-05-15 19:41:36] VIIRS Image Date: ['2020-01-21 00:00:00']
[2026-05-15 19:41:36] Weather image size: 1
[2026-05-15 19:41:36] Forecast duration: 2020-01-22 00:00:00 to 2020-01-23 00:00:00
[2026-05-15 19:41:37] Number of forecast images: 24
[2026-05-15 19:41:37] Using forecast run: 2020-01-21 18:00:00 UTC
[2026-05-15 19:41:38] Forecast Rain Available hours: [6, 7, 8, 9, 10, 11, 12, 13, 14, 15, 16, 17, 18, 19, 20, 21, 22, 23, 24, 25, 26, 27, 28, 29]
[2026-05-15 19:41:38] Valid hours for sum: [12, 18, 24, 29]
[2026-05-15 19:41:40] Drought composite end date: 2020-01-20 06:00:00
[2026-05-15 19:41:40] Land cover year: 2019
[2026-05-15 19:41:41] VIIRS Veg composite: 2019-12-27 → 2020-01-12
[2026-05-15 19:41:45] Started export task: fire_12_dynamic_2020-01-21
[2026-05-15 19:41:46] ------ Processing date=2020-01-22 ------
[2026-05-15 19:41:46] Using viirs_af_path: viirs_af_path
[2026-05-15 19:41:46] VIIRS Image Date: ['2020-01-22 00:00:00']
[2026-05-15 19:41:46] Weather image size: 1
[2026-05-15 19:41:46] Forecast duration: 2020-01-23 00:00:00 to 2020-01-24 00:00:00
[2026-05-15 19:41:47] Number of forecast images: 24
[2026-05-15 19:41:47] Using forecast run: 2020-01-22 18:00:00 UTC
[2026-05-15 19:41:48] Forecast Rain Available hours: [6, 7, 8, 9, 10, 11, 12, 13, 14, 15, 16, 17, 18, 19, 20, 21, 22, 23, 24, 25, 26, 27, 28, 29]
[2026-05-15 19:41:48] Valid hours for sum: [12, 18, 24, 29]
[2026-05-15 19:41:50] Drought composite end date: 2020-01-20 06:00:00
[2026-05-15 19:41:50] Land cover year: 2019
[2026-05-15 19:41:51] VIIRS Veg composite: 2019-12-27 → 2020-01-12
[2026-05-15 19:41:56] Started export task: fire_12_dynamic_2020-01-22
[2026-05-15 19:41:56] ------ Processing date=2020-01-23 ------
[2026-05-15 19:41:56] Using viirs_af_path: viirs_af_path
[2026-05-15 19:41:57] VIIRS Image Date: ['2020-01-23 00:00:00']
[2026-05-15 19:41:57] Weather image size: 1
[2026-05-15 19:41:57] Forecast duration: 2020-01-24 00:00:00 to 2020-01-25 00:00:00
[2026-05-15 19:41:58] Number of forecast images: 24
[2026-05-15 19:41:58] Using forecast run: 2020-01-23 18:00:00 UTC
[2026-05-15 19:41:58] Forecast Rain Available hours: [6, 7, 8, 9, 10, 11, 12, 13, 14, 15, 16, 17, 18, 19, 20, 21, 22, 23, 24, 25, 26, 27, 28, 29]
[2026-05-15 19:41:58] Valid hours for sum: [12, 18, 24, 29]
[2026-05-15 19:42:00] Drought composite end date: 2020-01-20 06:00:00
[2026-05-15 19:42:00] Land cover year: 2019
[2026-05-15 19:42:01] VIIRS Veg composite: 2019-12-27 → 2020-01-12
[2026-05-15 19:42:05] Started export task: fire_12_dynamic_2020-01-23
[2026-05-15 19:42:06] ------ Processing date=2020-01-24 ------
[2026-05-15 19:42:06] Using viirs_af_path: viirs_af_path
[2026-05-15 19:42:06] VIIRS Image Date: ['2020-01-24 00:00:00']
[2026-05-15 19:42:07] Weather image size: 1
[2026-05-15 19:42:07] Forecast duration: 2020-01-25 00:00:00 to 2020-01-26 00:00:00
[2026-05-15 19:42:08] Number of forecast images: 24
[2026-05-15 19:42:08] Using forecast run: 2020-01-24 18:00:00 UTC
[2026-05-15 19:42:09] Forecast Rain Available hours: [6, 7, 8, 9, 10, 11, 12, 13, 14, 15, 16, 17, 18, 19, 20, 21, 22, 23, 24, 25, 26, 27, 28, 29]
[2026-05-15 19:42:09] Valid hours for sum: [12, 18, 24, 29]
[2026-05-15 19:42:11] Drought composite end date: 2020-01-20 06:00:00
[2026-05-15 19:42:11] Land cover year: 2019
[2026-05-15 19:42:12] VIIRS Veg composite: 2019-12-27 → 2020-01-12
[2026-05-15 19:42:15] Started export task: fire_12_dynamic_2020-01-24
[2026-05-15 19:42:16] ------ Processing date=2020-01-25 ------
[2026-05-15 19:42:16] Using viirs_af_path: viirs_af_path
[2026-05-15 19:42:16] VIIRS Image Date: ['2020-01-25 00:00:00']
[2026-05-15 19:42:16] Weather image size: 1
[2026-05-15 19:42:16] Forecast duration: 2020-01-26 00:00:00 to 2020-01-27 00:00:00
[2026-05-15 19:42:17] Number of forecast images: 24
[2026-05-15 19:42:17] Using forecast run: 2020-01-25 18:00:00 UTC
[2026-05-15 19:42:18] Forecast Rain Available hours: [6, 7, 8, 9, 10, 11, 12, 13, 14, 15, 16, 17, 18, 19, 20, 21, 22, 23, 24, 25, 26, 27, 28, 29]
[2026-05-15 19:42:18] Valid hours for sum: [12, 18, 24, 29]
[2026-05-15 19:42:20] Drought composite end date: 2020-01-20 06:00:00
[2026-05-15 19:42:21] Land cover year: 2019
[2026-05-15 19:42:22] VIIRS Veg composite: 2019-12-27 → 2020-01-12
[2026-05-15 19:42:27] Started export task: fire_12_dynamic_2020-01-25
[2026-05-15 19:42:27] ------ Processing date=2020-01-26 ------
[2026-05-15 19:42:27] Using viirs_af_path: viirs_af_path
[2026-05-15 19:42:27] VIIRS Image Date: ['2020-01-26 00:00:00']
[2026-05-15 19:42:28] Weather image size: 1
[2026-05-15 19:42:28] Forecast duration: 2020-01-27 00:00:00 to 2020-01-28 00:00:00
[2026-05-15 19:42:29] Number of forecast images: 24
[2026-05-15 19:42:29] Using forecast run: 2020-01-26 18:00:00 UTC
[2026-05-15 19:42:30] Forecast Rain Available hours: [6, 7, 8, 9, 10, 11, 12, 13, 14, 15, 16, 17, 18, 19, 20, 21, 22, 23, 24, 25, 26, 27, 28, 29]
[2026-05-15 19:42:30] Valid hours for sum: [12, 18, 24, 29]
[2026-05-15 19:42:32] Drought composite end date: 2020-01-25 06:00:00
[2026-05-15 19:42:32] Land cover year: 2019
[2026-05-15 19:42:39] VIIRS Veg composite: 2019-12-27 → 2020-01-12
[2026-05-15 19:42:44] Started export task: fire_12_dynamic_2020-01-26
[2026-05-15 19:42:45] ------ Processing date=2020-01-27 ------
[2026-05-15 19:42:45] Using viirs_af_path: viirs_af_path
[2026-05-15 19:42:45] VIIRS Image Date: ['2020-01-27 00:00:00']
[2026-05-15 19:42:45] Weather image size: 1
[2026-05-15 19:42:45] Forecast duration: 2020-01-28 00:00:00 to 2020-01-29 00:00:00
[2026-05-15 19:42:46] Number of forecast images: 24
[2026-05-15 19:42:46] Using forecast run: 2020-01-27 18:00:00 UTC
[2026-05-15 19:42:47] Forecast Rain Available hours: [6, 7, 8, 9, 10, 11, 12, 13, 14, 15, 16, 17, 18, 19, 20, 21, 22, 23, 24, 25, 26, 27, 28, 29]
[2026-05-15 19:42:47] Valid hours for sum: [12, 18, 24, 29]
[2026-05-15 19:42:49] Drought composite end date: 2020-01-25 06:00:00
[2026-05-15 19:42:50] Land cover year: 2019
[2026-05-15 19:42:51] VIIRS Veg composite: 2019-12-27 → 2020-01-12
[2026-05-15 19:42:54] Started export task: fire_12_dynamic_2020-01-27
[2026-05-15 19:42:54] ------ Processing date=2020-01-28 ------
[2026-05-15 19:42:54] Using viirs_af_path: viirs_af_path
[2026-05-15 19:42:55] VIIRS Image Date: ['2020-01-28 00:00:00']
[2026-05-15 19:42:55] Weather image size: 1
[2026-05-15 19:42:55] Forecast duration: 2020-01-29 00:00:00 to 2020-01-30 00:00:00
[2026-05-15 19:42:56] Number of forecast images: 24
[2026-05-15 19:42:56] Using forecast run: 2020-01-28 18:00:00 UTC
[2026-05-15 19:42:56] Forecast Rain Available hours: [6, 7, 8, 9, 10, 11, 12, 13, 14, 15, 16, 17, 18, 19, 20, 21, 22, 23, 24, 25, 26, 27, 28, 29]
[2026-05-15 19:42:56] Valid hours for sum: [12, 18, 24, 29]
[2026-05-15 19:42:58] Drought composite end date: 2020-01-25 06:00:00
[2026-05-15 19:42:58] Land cover year: 2019
[2026-05-15 19:42:59] VIIRS Veg composite: 2019-12-27 → 2020-01-12
[2026-05-15 19:43:03] Started export task: fire_12_dynamic_2020-01-28
[2026-05-15 19:43:03] ------ Processing date=2020-01-29 ------
[2026-05-15 19:43:03] Using viirs_af_path: viirs_af_path
[2026-05-15 19:43:04] VIIRS Image Date: ['2020-01-29 00:00:00']
[2026-05-15 19:43:04] Weather image size: 1
[2026-05-15 19:43:04] Forecast duration: 2020-01-30 00:00:00 to 2020-01-31 00:00:00
[2026-05-15 19:43:05] Number of forecast images: 24
[2026-05-15 19:43:05] Using forecast run: 2020-01-29 18:00:00 UTC
[2026-05-15 19:43:06] Forecast Rain Available hours: [6, 7, 8, 9, 10, 11, 12, 13, 14, 15, 16, 17, 18, 19, 20, 21, 22, 23, 24, 25, 26, 27, 28, 29]
[2026-05-15 19:43:06] Valid hours for sum: [12, 18, 24, 29]
[2026-05-15 19:43:08] Drought composite end date: 2020-01-25 06:00:00
[2026-05-15 19:43:08] Land cover year: 2019
[2026-05-15 19:43:09] VIIRS Veg composite: 2019-12-27 → 2020-01-12
[2026-05-15 19:43:14] Started export task: fire_12_dynamic_2020-01-29
[2026-05-15 19:43:15] ------ Processing date=2020-01-30 ------
[2026-05-15 19:43:15] Using viirs_af_path: viirs_af_path
[2026-05-15 19:43:15] VIIRS Image Date: ['2020-01-30 00:00:00']
[2026-05-15 19:43:16] Weather image size: 1
[2026-05-15 19:43:16] Forecast duration: 2020-01-31 00:00:00 to 2020-02-01 00:00:00
[2026-05-15 19:43:17] Number of forecast images: 24
[2026-05-15 19:43:17] Using forecast run: 2020-01-30 18:00:00 UTC
[2026-05-15 19:43:17] Forecast Rain Available hours: [6, 7, 8, 9, 10, 11, 12, 13, 14, 15, 16, 17, 18, 19, 20, 21, 22, 23, 24, 25, 26, 27, 28, 29]
[2026-05-15 19:43:17] Valid hours for sum: [12, 18, 24, 29]
[2026-05-15 19:43:19] Drought composite end date: 2020-01-25 06:00:00
[2026-05-15 19:43:19] Land cover year: 2019
[2026-05-15 19:43:20] VIIRS Veg composite: 2019-12-27 → 2020-01-12
[2026-05-15 19:43:24] Started export task: fire_12_dynamic_2020-01-30
[2026-05-15 19:43:24] ------ Processing date=2020-01-31 ------
[2026-05-15 19:43:24] Using viirs_af_path: viirs_af_path
[2026-05-15 19:43:24] VIIRS Image Date: ['2020-01-31 00:00:00']
[2026-05-15 19:43:25] Weather image size: 1
[2026-05-15 19:43:25] Forecast duration: 2020-02-01 00:00:00 to 2020-02-02 00:00:00
[2026-05-15 19:43:26] Number of forecast images: 24
[2026-05-15 19:43:26] Using forecast run: 2020-01-31 18:00:00 UTC
[2026-05-15 19:43:27] Forecast Rain Available hours: [6, 7, 8, 9, 10, 11, 12, 13, 14, 15, 16, 17, 18, 19, 20, 21, 22, 23, 24, 25, 26, 27, 28, 29]
[2026-05-15 19:43:27] Valid hours for sum: [12, 18, 24, 29]
[2026-05-15 19:43:29] Drought composite end date: 2020-01-30 06:00:00
[2026-05-15 19:43:29] Land cover year: 2019
[2026-05-15 19:43:30] VIIRS Veg composite: 2019-12-27 → 2020-01-12
[2026-05-15 19:43:33] Started export task: fire_12_dynamic_2020-01-31
[2026-05-15 19:43:33] ------ Processing date=2020-02-01 ------
[2026-05-15 19:43:33] Using viirs_af_path: viirs_af_path
[2026-05-15 19:43:34] VIIRS Image Date: ['2020-02-01 00:00:00']
[2026-05-15 19:43:34] Weather image size: 1
[2026-05-15 19:43:34] Forecast duration: 2020-02-02 00:00:00 to 2020-02-03 00:00:00
[2026-05-15 19:43:35] Number of forecast images: 24
[2026-05-15 19:43:35] Using forecast run: 2020-02-01 18:00:00 UTC
[2026-05-15 19:43:35] Forecast Rain Available hours: [6, 7, 8, 9, 10, 11, 12, 13, 14, 15, 16, 17, 18, 19, 20, 21, 22, 23, 24, 25, 26, 27, 28, 29]
[2026-05-15 19:43:35] Valid hours for sum: [12, 18, 24, 29]
[2026-05-15 19:43:36] Drought composite end date: 2020-01-30 06:00:00
[2026-05-15 19:43:37] Land cover year: 2019
[2026-05-15 19:43:38] VIIRS Veg composite: 2019-12-27 → 2020-01-12
[2026-05-15 19:43:42] Started export task: fire_12_dynamic_2020-02-01
[2026-05-15 19:43:42] ------ Processing date=2020-02-02 ------
[2026-05-15 19:43:42] Using viirs_af_path: viirs_af_path
[2026-05-15 19:43:42] VIIRS Image Date: ['2020-02-02 00:00:00']
[2026-05-15 19:43:42] Weather image size: 1
[2026-05-15 19:43:42] Forecast duration: 2020-02-03 00:00:00 to 2020-02-04 00:00:00
[2026-05-15 19:43:43] Number of forecast images: 24
[2026-05-15 19:43:43] Using forecast run: 2020-02-02 18:00:00 UTC
[2026-05-15 19:43:44] Forecast Rain Available hours: [6, 7, 8, 9, 10, 11, 12, 13, 14, 15, 16, 17, 18, 19, 20, 21, 22, 23, 24, 25, 26, 27, 28, 29]
[2026-05-15 19:43:44] Valid hours for sum: [12, 18, 24, 29]
[2026-05-15 19:43:45] Drought composite end date: 2020-01-30 06:00:00
[2026-05-15 19:43:46] Land cover year: 2019
[2026-05-15 19:43:47] VIIRS Veg composite: 2019-12-27 → 2020-01-12
[2026-05-15 19:43:50] Started export task: fire_12_dynamic_2020-02-02
[2026-05-15 19:43:50] ------ Processing date=2020-02-03 ------
[2026-05-15 19:43:50] Using viirs_af_path: viirs_af_path
[2026-05-15 19:43:51] VIIRS Image Date: ['2020-02-03 00:00:00']
[2026-05-15 19:43:51] Weather image size: 1
[2026-05-15 19:43:51] Forecast duration: 2020-02-04 00:00:00 to 2020-02-05 00:00:00
[2026-05-15 19:43:52] Number of forecast images: 24
[2026-05-15 19:43:52] Using forecast run: 2020-02-03 18:00:00 UTC
[2026-05-15 19:43:52] Forecast Rain Available hours: [6, 7, 8, 9, 10, 11, 12, 13, 14, 15, 16, 17, 18, 19, 20, 21, 22, 23, 24, 25, 26, 27, 28, 29]
[2026-05-15 19:43:52] Valid hours for sum: [12, 18, 24, 29]
[2026-05-15 19:43:54] Drought composite end date: 2020-01-30 06:00:00
[2026-05-15 19:43:55] Land cover year: 2019
[2026-05-15 19:43:55] VIIRS Veg composite: 2019-12-27 → 2020-01-12
[2026-05-15 19:43:59] Started export task: fire_12_dynamic_2020-02-03
[2026-05-15 19:44:00] ------ Processing date=2020-02-04 ------
[2026-05-15 19:44:00] Using viirs_af_path: viirs_af_path
[2026-05-15 19:44:01] VIIRS Image Date: ['2020-02-04 00:00:00']
[2026-05-15 19:44:01] Weather image size: 1
[2026-05-15 19:44:01] Forecast duration: 2020-02-05 00:00:00 to 2020-02-06 00:00:00
[2026-05-15 19:44:02] Number of forecast images: 24
[2026-05-15 19:44:02] Using forecast run: 2020-02-04 18:00:00 UTC
[2026-05-15 19:44:02] Forecast Rain Available hours: [6, 7, 8, 9, 10, 11, 12, 13, 14, 15, 16, 17, 18, 19, 20, 21, 22, 23, 24, 25, 26, 27, 28, 29]
[2026-05-15 19:44:02] Valid hours for sum: [12, 18, 24, 29]
[2026-05-15 19:44:04] Drought composite end date: 2020-01-30 06:00:00
[2026-05-15 19:44:05] Land cover year: 2019
[2026-05-15 19:44:06] VIIRS Veg composite: 2019-12-27 → 2020-01-12
[2026-05-15 19:44:09] Started export task: fire_12_dynamic_2020-02-04
[2026-05-15 19:44:10] ------ Processing date=2020-02-05 ------
[2026-05-15 19:44:10] Using viirs_af_path: viirs_af_path
[2026-05-15 19:44:10] VIIRS Image Date: ['2020-02-05 00:00:00']
[2026-05-15 19:44:10] Weather image size: 1
[2026-05-15 19:44:10] Forecast duration: 2020-02-06 00:00:00 to 2020-02-07 00:00:00
[2026-05-15 19:44:11] Number of forecast images: 24
[2026-05-15 19:44:11] Using forecast run: 2020-02-05 18:00:00 UTC
[2026-05-15 19:44:11] Forecast Rain Available hours: [6, 7, 8, 9, 10, 11, 12, 13, 14, 15, 16, 17, 18, 19, 20, 21, 22, 23, 24, 25, 26, 27, 28, 29]
[2026-05-15 19:44:11] Valid hours for sum: [12, 18, 24, 29]
[2026-05-15 19:44:13] Drought composite end date: 2020-02-04 06:00:00
[2026-05-15 19:44:13] Land cover year: 2019
[2026-05-15 19:44:14] VIIRS Veg composite: 2019-12-27 → 2020-01-12
[2026-05-15 19:44:18] Started export task: fire_12_dynamic_2020-02-05
[2026-05-15 19:44:18] ------ Processing date=2020-02-06 ------
[2026-05-15 19:44:18] Using viirs_af_path: viirs_af_path
[2026-05-15 19:44:18] VIIRS Image Date: ['2020-02-06 00:00:00']
[2026-05-15 19:44:19] Weather image size: 1
[2026-05-15 19:44:19] Forecast duration: 2020-02-07 00:00:00 to 2020-02-08 00:00:00
[2026-05-15 19:44:20] Number of forecast images: 24
[2026-05-15 19:44:20] Using forecast run: 2020-02-06 18:00:00 UTC
[2026-05-15 19:44:20] Forecast Rain Available hours: [6, 7, 8, 9, 10, 11, 12, 13, 14, 15, 16, 17, 18, 19, 20, 21, 22, 23, 24, 25, 26, 27, 28, 29]
[2026-05-15 19:44:20] Valid hours for sum: [12, 18, 24, 29]
[2026-05-15 19:44:22] Drought composite end date: 2020-02-04 06:00:00
[2026-05-15 19:44:23] Land cover year: 2019
[2026-05-15 19:44:23] VIIRS Veg composite: 2019-12-27 → 2020-01-12
[2026-05-15 19:44:27] Started export task: fire_12_dynamic_2020-02-06
[2026-05-15 19:44:28] ------ Processing date=2020-02-07 ------
[2026-05-15 19:44:28] Using viirs_af_path: viirs_af_path
[2026-05-15 19:44:28] VIIRS Image Date: ['2020-02-07 00:00:00']
[2026-05-15 19:44:28] Weather image size: 1
[2026-05-15 19:44:28] Forecast duration: 2020-02-08 00:00:00 to 2020-02-09 00:00:00
[2026-05-15 19:44:29] Number of forecast images: 24
[2026-05-15 19:44:29] Using forecast run: 2020-02-07 18:00:00 UTC
[2026-05-15 19:44:29] Forecast Rain Available hours: [6, 7, 8, 9, 10, 11, 12, 13, 14, 15, 16, 17, 18, 19, 20, 21, 22, 23, 24, 25, 26, 27, 28, 29]
[2026-05-15 19:44:29] Valid hours for sum: [12, 18, 24, 29]
[2026-05-15 19:44:33] Drought composite end date: 2020-02-04 06:00:00
[2026-05-15 19:44:33] Land cover year: 2019
[2026-05-15 19:44:34] VIIRS Veg composite: 2019-12-27 → 2020-01-12
[2026-05-15 19:44:38] Started export task: fire_12_dynamic_2020-02-07
[2026-05-15 19:44:38] ------ Processing date=2020-02-08 ------
[2026-05-15 19:44:38] Using viirs_af_path: viirs_af_path
[2026-05-15 19:44:38] VIIRS Image Date: ['2020-02-08 00:00:00']
[2026-05-15 19:44:39] Weather image size: 1
[2026-05-15 19:44:39] Forecast duration: 2020-02-09 00:00:00 to 2020-02-10 00:00:00
[2026-05-15 19:44:40] Number of forecast images: 24
[2026-05-15 19:44:40] Using forecast run: 2020-02-08 18:00:00 UTC
[2026-05-15 19:44:40] Forecast Rain Available hours: [6, 7, 8, 9, 10, 11, 12, 13, 14, 15, 16, 17, 18, 19, 20, 21, 22, 23, 24, 25, 26, 27, 28, 29]
[2026-05-15 19:44:40] Valid hours for sum: [12, 18, 24, 29]
[2026-05-15 19:44:42] Drought composite end date: 2020-02-04 06:00:00
[2026-05-15 19:44:42] Land cover year: 2019
[2026-05-15 19:44:43] VIIRS Veg composite: 2019-12-27 → 2020-01-12
[2026-05-15 19:44:48] Started export task: fire_12_dynamic_2020-02-08
[2026-05-15 19:44:48] ------ Processing date=2020-02-09 ------
[2026-05-15 19:44:48] Using viirs_af_path: viirs_af_path
[2026-05-15 19:44:48] VIIRS Image Date: ['2020-02-09 00:00:00']
[2026-05-15 19:44:49] Weather image size: 1
[2026-05-15 19:44:49] Forecast duration: 2020-02-10 00:00:00 to 2020-02-11 00:00:00
[2026-05-15 19:44:50] Number of forecast images: 24
[2026-05-15 19:44:50] Using forecast run: 2020-02-09 18:00:00 UTC
[2026-05-15 19:44:50] Forecast Rain Available hours: [6, 7, 8, 9, 10, 11, 12, 13, 14, 15, 16, 17, 18, 19, 20, 21, 22, 23, 24, 25, 26, 27, 28, 29]
[2026-05-15 19:44:50] Valid hours for sum: [12, 18, 24, 29]
[2026-05-15 19:44:51] Drought composite end date: 2020-02-04 06:00:00
[2026-05-15 19:44:52] Land cover year: 2019
[2026-05-15 19:44:52] VIIRS Veg composite: 2019-12-27 → 2020-01-12
[2026-05-15 19:44:56] Started export task: fire_12_dynamic_2020-02-09
[2026-05-15 19:44:56] ------ Processing date=2020-02-10 ------
[2026-05-15 19:44:56] Using viirs_af_path: viirs_af_path
[2026-05-15 19:44:56] VIIRS Image Date: ['2020-02-10 00:00:00']
[2026-05-15 19:44:57] Weather image size: 1
[2026-05-15 19:44:57] Forecast duration: 2020-02-11 00:00:00 to 2020-02-12 00:00:00
[2026-05-15 19:44:58] Number of forecast images: 24
[2026-05-15 19:44:58] Using forecast run: 2020-02-10 18:00:00 UTC
[2026-05-15 19:44:58] Forecast Rain Available hours: [6, 7, 8, 9, 10, 11, 12, 13, 14, 15, 16, 17, 18, 19, 20, 21, 22, 23, 24, 25, 26, 27, 28, 29]
[2026-05-15 19:44:58] Valid hours for sum: [12, 18, 24, 29]
[2026-05-15 19:45:01] Drought composite end date: 2020-02-09 06:00:00
[2026-05-15 19:45:01] Land cover year: 2019
[2026-05-15 19:45:02] VIIRS Veg composite: 2019-12-27 → 2020-01-12
[2026-05-15 19:45:05] Started export task: fire_12_dynamic_2020-02-10
[2026-05-15 19:45:06] ------ Processing date=2020-02-11 ------
[2026-05-15 19:45:06] Using viirs_af_path: viirs_af_path
[2026-05-15 19:45:06] VIIRS Image Date: ['2020-02-11 00:00:00']
[2026-05-15 19:45:06] Weather image size: 1
[2026-05-15 19:45:06] Forecast duration: 2020-02-12 00:00:00 to 2020-02-13 00:00:00
[2026-05-15 19:45:07] Number of forecast images: 24
[2026-05-15 19:45:07] Using forecast run: 2020-02-11 18:00:00 UTC
[2026-05-15 19:45:07] Forecast Rain Available hours: [6, 7, 8, 9, 10, 11, 12, 13, 14, 15, 16, 17, 18, 19, 20, 21, 22, 23, 24, 25, 26, 27, 28, 29]
[2026-05-15 19:45:07] Valid hours for sum: [12, 18, 24, 29]
[2026-05-15 19:45:10] Drought composite end date: 2020-02-09 06:00:00
[2026-05-15 19:45:10] Land cover year: 2019
[2026-05-15 19:45:11] VIIRS Veg composite: 2019-12-27 → 2020-01-12
[2026-05-15 19:45:19] Started export task: fire_12_dynamic_2020-02-11
[2026-05-15 19:45:19] ------ Processing date=2020-02-12 ------
[2026-05-15 19:45:19] Using viirs_af_path: viirs_af_path
[2026-05-15 19:45:20] VIIRS Image Date: ['2020-02-12 00:00:00']
[2026-05-15 19:45:20] Weather image size: 1
[2026-05-15 19:45:20] Forecast duration: 2020-02-13 00:00:00 to 2020-02-14 00:00:00
[2026-05-15 19:45:21] Number of forecast images: 24
[2026-05-15 19:45:21] Using forecast run: 2020-02-12 18:00:00 UTC
[2026-05-15 19:45:21] Forecast Rain Available hours: [6, 7, 8, 9, 10, 11, 12, 13, 14, 15, 16, 17, 18, 19, 20, 21, 22, 23, 24, 25, 26, 27, 28, 29]
[2026-05-15 19:45:21] Valid hours for sum: [12, 18, 24, 29]
[2026-05-15 19:45:25] Drought composite end date: 2020-02-09 06:00:00
[2026-05-15 19:45:25] Land cover year: 2019
[2026-05-15 19:45:27] VIIRS Veg composite: 2019-12-27 → 2020-01-12
[2026-05-15 19:45:30] Started export task: fire_12_dynamic_2020-02-12
[2026-05-15 19:45:31] ------ Processing date=2020-02-13 ------
[2026-05-15 19:45:31] Using viirs_af_path: viirs_af_path
[2026-05-15 19:45:31] VIIRS Image Date: ['2020-02-13 00:00:00']
[2026-05-15 19:45:31] Weather image size: 1
[2026-05-15 19:45:31] Forecast duration: 2020-02-14 00:00:00 to 2020-02-15 00:00:00
[2026-05-15 19:45:32] Number of forecast images: 24
[2026-05-15 19:45:32] Using forecast run: 2020-02-13 18:00:00 UTC
[2026-05-15 19:45:33] Forecast Rain Available hours: [6, 7, 8, 9, 10, 11, 12, 13, 14, 15, 16, 17, 18, 19, 20, 21, 22, 23, 24, 25, 26, 27, 28, 29]
[2026-05-15 19:45:33] Valid hours for sum: [12, 18, 24, 29]
[2026-05-15 19:45:36] Drought composite end date: 2020-02-09 06:00:00
[2026-05-15 19:45:37] Land cover year: 2019
[2026-05-15 19:45:37] VIIRS Veg composite: 2019-12-27 → 2020-01-12
[2026-05-15 19:45:40] Started export task: fire_12_dynamic_2020-02-13
[2026-05-15 19:45:41] ------ Processing date=2020-02-14 ------
[2026-05-15 19:45:41] Using viirs_af_path: viirs_af_path
[2026-05-15 19:45:42] VIIRS Image Date: ['2020-02-14 00:00:00']
[2026-05-15 19:45:42] Weather image size: 1
[2026-05-15 19:45:42] Forecast duration: 2020-02-15 00:00:00 to 2020-02-16 00:00:00
[2026-05-15 19:45:43] Number of forecast images: 24
[2026-05-15 19:45:43] Using forecast run: 2020-02-14 18:00:00 UTC
[2026-05-15 19:45:43] Forecast Rain Available hours: [6, 7, 8, 9, 10, 11, 12, 13, 14, 15, 16, 17, 18, 19, 20, 21, 22, 23, 24, 25, 26, 27, 28, 29]
[2026-05-15 19:45:43] Valid hours for sum: [12, 18, 24, 29]
[2026-05-15 19:45:45] Drought composite end date: 2020-02-09 06:00:00
[2026-05-15 19:45:45] Land cover year: 2019
[2026-05-15 19:45:46] VIIRS Veg composite: 2019-12-27 → 2020-01-12
[2026-05-15 19:45:49] Started export task: fire_12_dynamic_2020-02-14
[2026-05-15 19:45:50] ------ Processing date=2020-02-15 ------
[2026-05-15 19:45:50] Using viirs_af_path: viirs_af_path
[2026-05-15 19:45:50] VIIRS Image Date: ['2020-02-15 00:00:00']
[2026-05-15 19:45:50] Weather image size: 1
[2026-05-15 19:45:50] Forecast duration: 2020-02-16 00:00:00 to 2020-02-17 00:00:00
[2026-05-15 19:45:51] Number of forecast images: 24
[2026-05-15 19:45:51] Using forecast run: 2020-02-15 18:00:00 UTC
[2026-05-15 19:45:51] Forecast Rain Available hours: [6, 7, 8, 9, 10, 11, 12, 13, 14, 15, 16, 17, 18, 19, 20, 21, 22, 23, 24, 25, 26, 27, 28, 29]
[2026-05-15 19:45:51] Valid hours for sum: [12, 18, 24, 29]
[2026-05-15 19:45:53] Drought composite end date: 2020-02-14 06:00:00
[2026-05-15 19:45:53] Land cover year: 2019
[2026-05-15 19:45:55] VIIRS Veg composite: 2019-12-27 → 2020-01-12
[2026-05-15 19:45:58] Started export task: fire_12_dynamic_2020-02-15
[2026-05-15 19:45:59] ------ Processing date=2020-02-16 ------
[2026-05-15 19:45:59] Using viirs_af_path: viirs_af_path
[2026-05-15 19:45:59] VIIRS Image Date: ['2020-02-16 00:00:00']
[2026-05-15 19:45:59] Weather image size: 1
[2026-05-15 19:45:59] Forecast duration: 2020-02-17 00:00:00 to 2020-02-18 00:00:00
[2026-05-15 19:46:00] Number of forecast images: 24
[2026-05-15 19:46:00] Using forecast run: 2020-02-16 18:00:00 UTC
[2026-05-15 19:46:01] Forecast Rain Available hours: [6, 7, 8, 9, 10, 11, 12, 13, 14, 15, 16, 17, 18, 19, 20, 21, 22, 23, 24, 25, 26, 27, 28, 29]
[2026-05-15 19:46:01] Valid hours for sum: [12, 18, 24, 29]
[2026-05-15 19:46:03] Drought composite end date: 2020-02-14 06:00:00
[2026-05-15 19:46:03] Land cover year: 2019
[2026-05-15 19:46:05] VIIRS Veg composite: 2019-12-27 → 2020-01-12
[2026-05-15 19:46:08] Started export task: fire_12_dynamic_2020-02-16
[2026-05-15 19:46:09] ------ Processing date=2020-02-17 ------
[2026-05-15 19:46:09] Using viirs_af_path: viirs_af_path
[2026-05-15 19:46:09] VIIRS Image Date: ['2020-02-17 00:00:00']
[2026-05-15 19:46:09] Weather image size: 1
[2026-05-15 19:46:09] Forecast duration: 2020-02-18 00:00:00 to 2020-02-19 00:00:00
[2026-05-15 19:46:10] Number of forecast images: 24
[2026-05-15 19:46:10] Using forecast run: 2020-02-17 18:00:00 UTC
[2026-05-15 19:46:10] Forecast Rain Available hours: [6, 7, 8, 9, 10, 11, 12, 13, 14, 15, 16, 17, 18, 19, 20, 21, 22, 23, 24, 25, 26, 27, 28, 29]
[2026-05-15 19:46:10] Valid hours for sum: [12, 18, 24, 29]
[2026-05-15 19:46:13] Drought composite end date: 2020-02-14 06:00:00
[2026-05-15 19:46:13] Land cover year: 2019
[2026-05-15 19:46:14] VIIRS Veg composite: 2019-12-27 → 2020-01-12
[2026-05-15 19:46:18] Started export task: fire_12_dynamic_2020-02-17
[2026-05-15 19:46:18] ------ Processing date=2020-02-18 ------
[2026-05-15 19:46:18] Using viirs_af_path: viirs_af_path
[2026-05-15 19:46:18] VIIRS Image Date: ['2020-02-18 00:00:00']
[2026-05-15 19:46:19] Weather image size: 1
[2026-05-15 19:46:19] Forecast duration: 2020-02-19 00:00:00 to 2020-02-20 00:00:00
[2026-05-15 19:46:20] Number of forecast images: 24
[2026-05-15 19:46:20] Using forecast run: 2020-02-18 18:00:00 UTC
[2026-05-15 19:46:20] Forecast Rain Available hours: [6, 7, 8, 9, 10, 11, 12, 13, 14, 15, 16, 17, 18, 19, 20, 21, 22, 23, 24, 25, 26, 27, 28, 29]
[2026-05-15 19:46:20] Valid hours for sum: [12, 18, 24, 29]
[2026-05-15 19:46:24] Drought composite end date: 2020-02-14 06:00:00
[2026-05-15 19:46:24] Land cover year: 2019
[2026-05-15 19:46:25] VIIRS Veg composite: 2019-12-27 → 2020-01-12
[2026-05-15 19:46:28] Started export task: fire_12_dynamic_2020-02-18
[2026-05-15 19:46:29] ------ Processing date=2020-02-19 ------
[2026-05-15 19:46:29] Using viirs_af_path: viirs_af_path
[2026-05-15 19:46:29] VIIRS Image Date: ['2020-02-19 00:00:00']
[2026-05-15 19:46:29] Weather image size: 1
[2026-05-15 19:46:29] Forecast duration: 2020-02-20 00:00:00 to 2020-02-21 00:00:00
[2026-05-15 19:46:31] Number of forecast images: 24
[2026-05-15 19:46:31] Using forecast run: 2020-02-19 18:00:00 UTC
[2026-05-15 19:46:31] Forecast Rain Available hours: [6, 7, 8, 9, 10, 11, 12, 13, 14, 15, 16, 17, 18, 19, 20, 21, 22, 23, 24, 25, 26, 27, 28, 29]
[2026-05-15 19:46:31] Valid hours for sum: [12, 18, 24, 29]
[2026-05-15 19:46:33] Drought composite end date: 2020-02-14 06:00:00
[2026-05-15 19:46:34] Land cover year: 2019
[2026-05-15 19:46:34] VIIRS Veg composite: 2019-12-27 → 2020-01-12
[2026-05-15 19:46:38] Started export task: fire_12_dynamic_2020-02-19
[2026-05-15 19:46:39] ------ Processing date=2020-02-20 ------
[2026-05-15 19:46:39] Using viirs_af_path: viirs_af_path
[2026-05-15 19:46:39] VIIRS Image Date: ['2020-02-20 00:00:00']
[2026-05-15 19:46:39] Weather image size: 1
[2026-05-15 19:46:39] Forecast duration: 2020-02-21 00:00:00 to 2020-02-22 00:00:00
[2026-05-15 19:46:40] Number of forecast images: 24
[2026-05-15 19:46:40] Using forecast run: 2020-02-20 18:00:00 UTC
[2026-05-15 19:46:40] Forecast Rain Available hours: [6, 7, 8, 9, 10, 11, 12, 13, 14, 15, 16, 17, 18, 19, 20, 21, 22, 23, 24, 25, 26, 27, 28, 29]
[2026-05-15 19:46:40] Valid hours for sum: [12, 18, 24, 29]
[2026-05-15 19:46:42] Drought composite end date: 2020-02-19 06:00:00
[2026-05-15 19:46:43] Land cover year: 2019
[2026-05-15 19:46:44] VIIRS Veg composite: 2019-12-27 → 2020-01-12
[2026-05-15 19:46:47] Started export task: fire_12_dynamic_2020-02-20
[2026-05-15 19:46:48] ------ Processing date=2020-02-21 ------
[2026-05-15 19:46:48] Using viirs_af_path: viirs_af_path
[2026-05-15 19:46:48] VIIRS Image Date: ['2020-02-21 00:00:00']
[2026-05-15 19:46:48] Weather image size: 1
[2026-05-15 19:46:48] Forecast duration: 2020-02-22 00:00:00 to 2020-02-23 00:00:00
[2026-05-15 19:46:49] Number of forecast images: 24
[2026-05-15 19:46:49] Using forecast run: 2020-02-21 18:00:00 UTC
[2026-05-15 19:46:49] Forecast Rain Available hours: [6, 7, 8, 9, 10, 11, 12, 13, 14, 15, 16, 17, 18, 19, 20, 21, 22, 23, 24, 25, 26, 27, 28, 29]
[2026-05-15 19:46:49] Valid hours for sum: [12, 18, 24, 29]
[2026-05-15 19:46:52] Drought composite end date: 2020-02-19 06:00:00
[2026-05-15 19:46:52] Land cover year: 2019
[2026-05-15 19:46:53] VIIRS Veg composite: 2019-12-27 → 2020-01-12
[2026-05-15 19:46:56] Started export task: fire_12_dynamic_2020-02-21
[2026-05-15 19:46:57] ------ Processing date=2020-02-22 ------
[2026-05-15 19:46:57] Using viirs_af_path: viirs_af_path
[2026-05-15 19:46:57] VIIRS Image Date: ['2020-02-22 00:00:00']
[2026-05-15 19:46:58] Weather image size: 1
[2026-05-15 19:46:58] Forecast duration: 2020-02-23 00:00:00 to 2020-02-24 00:00:00
[2026-05-15 19:46:59] Number of forecast images: 24
[2026-05-15 19:46:59] Using forecast run: 2020-02-22 18:00:00 UTC
[2026-05-15 19:46:59] Forecast Rain Available hours: [6, 7, 8, 9, 10, 11, 12, 13, 14, 15, 16, 17, 18, 19, 20, 21, 22, 23, 24, 25, 26, 27, 28, 29]
[2026-05-15 19:46:59] Valid hours for sum: [12, 18, 24, 29]
[2026-05-15 19:47:01] Drought composite end date: 2020-02-19 06:00:00
[2026-05-15 19:47:01] Land cover year: 2019
[2026-05-15 19:47:02] VIIRS Veg composite: 2019-12-27 → 2020-01-12
[2026-05-15 19:47:06] Started export task: fire_12_dynamic_2020-02-22
[2026-05-15 19:47:07] ------ Processing date=2020-02-23 ------
[2026-05-15 19:47:07] Using viirs_af_path: viirs_af_path
[2026-05-15 19:47:07] VIIRS Image Date: ['2020-02-23 00:00:00']
[2026-05-15 19:47:07] Weather image size: 1
[2026-05-15 19:47:07] Forecast duration: 2020-02-24 00:00:00 to 2020-02-25 00:00:00
[2026-05-15 19:47:08] Number of forecast images: 24
[2026-05-15 19:47:08] Using forecast run: 2020-02-23 18:00:00 UTC
[2026-05-15 19:47:08] Forecast Rain Available hours: [6, 7, 8, 9, 10, 11, 12, 13, 14, 15, 16, 17, 18, 19, 20, 21, 22, 23, 24, 25, 26, 27, 28, 29]
[2026-05-15 19:47:08] Valid hours for sum: [12, 18, 24, 29]
[2026-05-15 19:47:10] Drought composite end date: 2020-02-19 06:00:00
[2026-05-15 19:47:10] Land cover year: 2019
[2026-05-15 19:47:11] VIIRS Veg composite: 2019-12-27 → 2020-01-12
[2026-05-15 19:47:15] Started export task: fire_12_dynamic_2020-02-23
[2026-05-15 19:47:15] ------ Processing date=2020-02-24 ------
[2026-05-15 19:47:15] Using viirs_af_path: viirs_af_path
[2026-05-15 19:47:15] VIIRS Image Date: ['2020-02-24 00:00:00']
[2026-05-15 19:47:16] Weather image size: 1
[2026-05-15 19:47:16] Forecast duration: 2020-02-25 00:00:00 to 2020-02-26 00:00:00
[2026-05-15 19:47:17] Number of forecast images: 24
[2026-05-15 19:47:17] Using forecast run: 2020-02-24 18:00:00 UTC
[2026-05-15 19:47:17] Forecast Rain Available hours: [6, 7, 8, 9, 10, 11, 12, 13, 14, 15, 16, 17, 18, 19, 20, 21, 22, 23, 24, 25, 26, 27, 28, 29]
[2026-05-15 19:47:17] Valid hours for sum: [12, 18, 24, 29]
[2026-05-15 19:47:19] Drought composite end date: 2020-02-19 06:00:00
[2026-05-15 19:47:19] Land cover year: 2019
[2026-05-15 19:47:20] VIIRS Veg composite: 2019-12-27 → 2020-01-12
[2026-05-15 19:47:24] Started export task: fire_12_dynamic_2020-02-24
[2026-05-15 19:47:25] ------ Processing date=2020-02-25 ------
[2026-05-15 19:47:25] Using viirs_af_path: viirs_af_path
[2026-05-15 19:47:25] VIIRS Image Date: ['2020-02-25 00:00:00']
[2026-05-15 19:47:25] Weather image size: 1
[2026-05-15 19:47:25] Forecast duration: 2020-02-26 00:00:00 to 2020-02-27 00:00:00
[2026-05-15 19:47:26] Number of forecast images: 24
[2026-05-15 19:47:26] Using forecast run: 2020-02-25 18:00:00 UTC
[2026-05-15 19:47:27] Forecast Rain Available hours: [6, 7, 8, 9, 10, 11, 12, 13, 14, 15, 16, 17, 18, 19, 20, 21, 22, 23, 24, 25, 26, 27, 28, 29]
[2026-05-15 19:47:27] Valid hours for sum: [12, 18, 24, 29]
[2026-05-15 19:47:28] Drought composite end date: 2020-02-24 06:00:00
[2026-05-15 19:47:28] Land cover year: 2019
[2026-05-15 19:47:30] VIIRS Veg composite: 2019-12-27 → 2020-01-12
[2026-05-15 19:47:34] Started export task: fire_12_dynamic_2020-02-25
[2026-05-15 19:47:35] ------ Processing date=2020-02-26 ------
[2026-05-15 19:47:35] Using viirs_af_path: viirs_af_path
[2026-05-15 19:47:35] VIIRS Image Date: ['2020-02-26 00:00:00']
[2026-05-15 19:47:36] Weather image size: 1
[2026-05-15 19:47:36] Forecast duration: 2020-02-27 00:00:00 to 2020-02-28 00:00:00
[2026-05-15 19:47:37] Number of forecast images: 24
[2026-05-15 19:47:37] Using forecast run: 2020-02-26 18:00:00 UTC
[2026-05-15 19:47:37] Forecast Rain Available hours: [6, 7, 8, 9, 10, 11, 12, 13, 14, 15, 16, 17, 18, 19, 20, 21, 22, 23, 24, 25, 26, 27, 28, 29]
[2026-05-15 19:47:37] Valid hours for sum: [12, 18, 24, 29]
[2026-05-15 19:47:39] Drought composite end date: 2020-02-24 06:00:00
[2026-05-15 19:47:39] Land cover year: 2019
[2026-05-15 19:47:40] VIIRS Veg composite: 2019-12-27 → 2020-01-12
[2026-05-15 19:47:44] Started export task: fire_12_dynamic_2020-02-26
[2026-05-15 19:47:44] ------ Processing date=2020-02-27 ------
[2026-05-15 19:47:44] Using viirs_af_path: viirs_af_path
[2026-05-15 19:47:44] VIIRS Image Date: ['2020-02-27 00:00:00']
[2026-05-15 19:47:45] Weather image size: 1
[2026-05-15 19:47:45] Forecast duration: 2020-02-28 00:00:00 to 2020-02-29 00:00:00
[2026-05-15 19:47:46] Number of forecast images: 24
[2026-05-15 19:47:46] Using forecast run: 2020-02-27 18:00:00 UTC
[2026-05-15 19:47:46] Forecast Rain Available hours: [6, 7, 8, 9, 10, 11, 12, 13, 14, 15, 16, 17, 18, 19, 20, 21, 22, 23, 24, 25, 26, 27, 28, 29]
[2026-05-15 19:47:46] Valid hours for sum: [12, 18, 24, 29]
[2026-05-15 19:47:48] Drought composite end date: 2020-02-24 06:00:00
[2026-05-15 19:47:48] Land cover year: 2019
[2026-05-15 19:47:50] VIIRS Veg composite: 2019-12-27 → 2020-01-12
[2026-05-15 19:47:53] Started export task: fire_12_dynamic_2020-02-27
[2026-05-15 19:47:54] ------ Processing date=2020-02-28 ------
[2026-05-15 19:47:54] Using viirs_af_path: viirs_af_path
[2026-05-15 19:47:54] VIIRS Image Date: ['2020-02-28 00:00:00']
[2026-05-15 19:47:54] Weather image size: 1
[2026-05-15 19:47:54] Forecast duration: 2020-02-29 00:00:00 to 2020-03-01 00:00:00
[2026-05-15 19:47:55] Number of forecast images: 24
[2026-05-15 19:47:55] Using forecast run: 2020-02-28 18:00:00 UTC
[2026-05-15 19:47:56] Forecast Rain Available hours: [6, 7, 8, 9, 10, 11, 12, 13, 14, 15, 16, 17, 18, 19, 20, 21, 22, 23, 24, 25, 26, 27, 28, 29]
[2026-05-15 19:47:56] Valid hours for sum: [12, 18, 24, 29]
[2026-05-15 19:47:58] Drought composite end date: 2020-02-24 06:00:00
[2026-05-15 19:47:58] Land cover year: 2019
[2026-05-15 19:47:59] VIIRS Veg composite: 2019-12-27 → 2020-01-12
[2026-05-15 19:48:03] Started export task: fire_12_dynamic_2020-02-28
[2026-05-15 19:48:04] ------ Processing date=2020-02-29 ------
[2026-05-15 19:48:04] Using viirs_af_path: viirs_af_path
[2026-05-15 19:48:04] VIIRS Image Date: ['2020-02-29 00:00:00']
[2026-05-15 19:48:05] Weather image size: 1
[2026-05-15 19:48:05] Forecast duration: 2020-03-01 00:00:00 to 2020-03-02 00:00:00
[2026-05-15 19:48:05] Number of forecast images: 24
[2026-05-15 19:48:05] Using forecast run: 2020-02-29 18:00:00 UTC
[2026-05-15 19:48:06] Forecast Rain Available hours: [6, 7, 8, 9, 10, 11, 12, 13, 14, 15, 16, 17, 18, 19, 20, 21, 22, 23, 24, 25, 26, 27, 28, 29]
[2026-05-15 19:48:06] Valid hours for sum: [12, 18, 24, 29]
[2026-05-15 19:48:08] Drought composite end date: 2020-02-24 06:00:00
[2026-05-15 19:48:08] Land cover year: 2019
[2026-05-15 19:48:09] VIIRS Veg composite: 2019-12-27 → 2020-01-12
[2026-05-15 19:48:13] Started export task: fire_12_dynamic_2020-02-29
[2026-05-15 19:48:14] ------ Processing date=2020-03-01 ------
[2026-05-15 19:48:14] Using viirs_af_path: viirs_af_path
[2026-05-15 19:48:14] VIIRS Image Date: ['2020-03-01 00:00:00']
[2026-05-15 19:48:14] Weather image size: 1
[2026-05-15 19:48:14] Forecast duration: 2020-03-02 00:00:00 to 2020-03-03 00:00:00
[2026-05-15 19:48:15] Number of forecast images: 24
[2026-05-15 19:48:15] Using forecast run: 2020-03-01 18:00:00 UTC
[2026-05-15 19:48:15] Forecast Rain Available hours: [6, 7, 8, 9, 10, 11, 12, 13, 14, 15, 16, 17, 18, 19, 20, 21, 22, 23, 24, 25, 26, 27, 28, 29]
[2026-05-15 19:48:15] Valid hours for sum: [12, 18, 24, 29]
[2026-05-15 19:48:19] Drought composite end date: 2020-02-29 06:00:00
[2026-05-15 19:48:19] Land cover year: 2019
[2026-05-15 19:48:21] VIIRS Veg composite: 2019-12-27 → 2020-01-12
[2026-05-15 19:48:25] Started export task: fire_12_dynamic_2020-03-01
[2026-05-15 19:48:25] ------ Processing date=2020-03-02 ------
[2026-05-15 19:48:25] Using viirs_af_path: viirs_af_path
[2026-05-15 19:48:25] VIIRS Image Date: ['2020-03-02 00:00:00']
[2026-05-15 19:48:25] Weather image size: 1
[2026-05-15 19:48:25] Forecast duration: 2020-03-03 00:00:00 to 2020-03-04 00:00:00
[2026-05-15 19:48:26] Number of forecast images: 24
[2026-05-15 19:48:26] Using forecast run: 2020-03-02 18:00:00 UTC
[2026-05-15 19:48:26] Forecast Rain Available hours: [6, 7, 8, 9, 10, 11, 12, 13, 14, 15, 16, 17, 18, 19, 20, 21, 22, 23, 24, 25, 26, 27, 28, 29]
[2026-05-15 19:48:26] Valid hours for sum: [12, 18, 24, 29]
[2026-05-15 19:48:28] Drought composite end date: 2020-02-29 06:00:00
[2026-05-15 19:48:28] Land cover year: 2019
[2026-05-15 19:48:29] VIIRS Veg composite: 2019-12-27 → 2020-01-12
[2026-05-15 19:48:32] Started export task: fire_12_dynamic_2020-03-02
[2026-05-15 19:48:32] ------ Processing date=2020-03-03 ------
[2026-05-15 19:48:32] Using viirs_af_path: viirs_af_path
[2026-05-15 19:48:33] VIIRS Image Date: ['2020-03-03 00:00:00']
[2026-05-15 19:48:33] Weather image size: 1
[2026-05-15 19:48:33] Forecast duration: 2020-03-04 00:00:00 to 2020-03-05 00:00:00
[2026-05-15 19:48:34] Number of forecast images: 24
[2026-05-15 19:48:34] Using forecast run: 2020-03-03 18:00:00 UTC
[2026-05-15 19:48:34] Forecast Rain Available hours: [6, 7, 8, 9, 10, 11, 12, 13, 14, 15, 16, 17, 18, 19, 20, 21, 22, 23, 24, 25, 26, 27, 28, 29]
[2026-05-15 19:48:34] Valid hours for sum: [12, 18, 24, 29]
[2026-05-15 19:48:36] Drought composite end date: 2020-02-29 06:00:00
[2026-05-15 19:48:36] Land cover year: 2019
[2026-05-15 19:48:37] VIIRS Veg composite: 2019-12-27 → 2020-01-12
[2026-05-15 19:48:43] Started export task: fire_12_dynamic_2020-03-03
[2026-05-15 19:48:43] ------ Processing date=2020-03-04 ------
[2026-05-15 19:48:43] Using viirs_af_path: viirs_af_path
[2026-05-15 19:48:43] VIIRS Image Date: ['2020-03-04 00:00:00']
[2026-05-15 19:48:43] Weather image size: 1
[2026-05-15 19:48:43] Forecast duration: 2020-03-05 00:00:00 to 2020-03-06 00:00:00
[2026-05-15 19:48:44] Number of forecast images: 24
[2026-05-15 19:48:44] Using forecast run: 2020-03-04 18:00:00 UTC
[2026-05-15 19:48:45] Forecast Rain Available hours: [6, 7, 8, 9, 10, 11, 12, 13, 14, 15, 16, 17, 18, 19, 20, 21, 22, 23, 24, 25, 26, 27, 28, 29]
[2026-05-15 19:48:45] Valid hours for sum: [12, 18, 24, 29]
[2026-05-15 19:48:46] Drought composite end date: 2020-02-29 06:00:00
[2026-05-15 19:48:46] Land cover year: 2019
[2026-05-15 19:48:48] VIIRS Veg composite: 2019-12-27 → 2020-01-12
[2026-05-15 19:48:52] Started export task: fire_12_dynamic_2020-03-04
[2026-05-15 19:48:52] ------ Processing date=2020-03-05 ------
[2026-05-15 19:48:52] Using viirs_af_path: viirs_af_path
[2026-05-15 19:48:52] VIIRS Image Date: ['2020-03-05 00:00:00']
[2026-05-15 19:48:53] Weather image size: 1
[2026-05-15 19:48:53] Forecast duration: 2020-03-06 00:00:00 to 2020-03-07 00:00:00
[2026-05-15 19:48:54] Number of forecast images: 24
[2026-05-15 19:48:54] Using forecast run: 2020-03-05 18:00:00 UTC
[2026-05-15 19:48:54] Forecast Rain Available hours: [6, 7, 8, 9, 10, 11, 12, 13, 14, 15, 16, 17, 18, 19, 20, 21, 22, 23, 24, 25, 26, 27, 28, 29]
[2026-05-15 19:48:54] Valid hours for sum: [12, 18, 24, 29]
[2026-05-15 19:48:55] Drought composite end date: 2020-02-29 06:00:00
[2026-05-15 19:48:56] Land cover year: 2019
[2026-05-15 19:48:57] VIIRS Veg composite: 2019-12-27 → 2020-01-12
[2026-05-15 19:49:00] Started export task: fire_12_dynamic_2020-03-05
[2026-05-15 19:49:00] ------ Processing date=2020-03-06 ------
[2026-05-15 19:49:00] Using viirs_af_path: viirs_af_path
[2026-05-15 19:49:01] VIIRS Image Date: ['2020-03-06 00:00:00']
[2026-05-15 19:49:01] Weather image size: 1
[2026-05-15 19:49:01] Forecast duration: 2020-03-07 00:00:00 to 2020-03-08 00:00:00
[2026-05-15 19:49:07] Number of forecast images: 24
[2026-05-15 19:49:07] Using forecast run: 2020-03-06 18:00:00 UTC
[2026-05-15 19:49:08] Forecast Rain Available hours: [6, 7, 8, 9, 10, 11, 12, 13, 14, 15, 16, 17, 18, 19, 20, 21, 22, 23, 24, 25, 26, 27, 28, 29]
[2026-05-15 19:49:08] Valid hours for sum: [12, 18, 24, 29]
[2026-05-15 19:49:10] Drought composite end date: 2020-03-05 06:00:00
[2026-05-15 19:49:10] Land cover year: 2019
[2026-05-15 19:49:11] VIIRS Veg composite: 2019-12-27 → 2020-01-12
[2026-05-15 19:49:16] Started export task: fire_12_dynamic_2020-03-06
[2026-05-15 19:49:16] ------ Processing date=2020-03-07 ------
[2026-05-15 19:49:16] Using viirs_af_path: viirs_af_path
[2026-05-15 19:49:17] VIIRS Image Date: ['2020-03-07 00:00:00']
[2026-05-15 19:49:17] Weather image size: 1
[2026-05-15 19:49:17] Forecast duration: 2020-03-08 00:00:00 to 2020-03-09 00:00:00
[2026-05-15 19:49:18] Number of forecast images: 24
[2026-05-15 19:49:18] Using forecast run: 2020-03-07 18:00:00 UTC
[2026-05-15 19:49:18] Forecast Rain Available hours: [6, 7, 8, 9, 10, 11, 12, 13, 14, 15, 16, 17, 18, 19, 20, 21, 22, 23, 24, 25, 26, 27, 28, 29]
[2026-05-15 19:49:18] Valid hours for sum: [12, 18, 24, 29]
[2026-05-15 19:49:20] Drought composite end date: 2020-03-05 06:00:00
[2026-05-15 19:49:20] Land cover year: 2019
[2026-05-15 19:49:21] VIIRS Veg composite: 2019-12-27 → 2020-01-12
[2026-05-15 19:49:23] Started export task: fire_12_dynamic_2020-03-07
[2026-05-15 19:49:24] ------ Processing date=2020-03-08 ------
[2026-05-15 19:49:24] Using viirs_af_path: viirs_af_path
[2026-05-15 19:49:24] VIIRS Image Date: ['2020-03-08 00:00:00']
[2026-05-15 19:49:24] Weather image size: 1
[2026-05-15 19:49:24] Forecast duration: 2020-03-09 00:00:00 to 2020-03-10 00:00:00
[2026-05-15 19:49:25] Number of forecast images: 24
[2026-05-15 19:49:25] Using forecast run: 2020-03-08 18:00:00 UTC
[2026-05-15 19:49:25] Forecast Rain Available hours: [6, 7, 8, 9, 10, 11, 12, 13, 14, 15, 16, 17, 18, 19, 20, 21, 22, 23, 24, 25, 26, 27, 28, 29]
[2026-05-15 19:49:25] Valid hours for sum: [12, 18, 24, 29]
[2026-05-15 19:49:29] Drought composite end date: 2020-03-05 06:00:00
[2026-05-15 19:49:29] Land cover year: 2019
[2026-05-15 19:49:30] VIIRS Veg composite: 2019-12-27 → 2020-01-12
[2026-05-15 19:49:32] Started export task: fire_12_dynamic_2020-03-08
[2026-05-15 19:49:33] ------ Processing date=2020-03-09 ------
[2026-05-15 19:49:33] Using viirs_af_path: viirs_af_path
[2026-05-15 19:49:33] VIIRS Image Date: ['2020-03-09 00:00:00']
[2026-05-15 19:49:33] Weather image size: 1
[2026-05-15 19:49:33] Forecast duration: 2020-03-10 00:00:00 to 2020-03-11 00:00:00
[2026-05-15 19:49:34] Number of forecast images: 24
[2026-05-15 19:49:34] Using forecast run: 2020-03-09 18:00:00 UTC
[2026-05-15 19:49:34] Forecast Rain Available hours: [6, 7, 8, 9, 10, 11, 12, 13, 14, 15, 16, 17, 18, 19, 20, 21, 22, 23, 24, 25, 26, 27, 28, 29]
[2026-05-15 19:49:34] Valid hours for sum: [12, 18, 24, 29]
[2026-05-15 19:49:36] Drought composite end date: 2020-03-05 06:00:00
[2026-05-15 19:49:36] Land cover year: 2019
[2026-05-15 19:49:37] VIIRS Veg composite: 2019-12-27 → 2020-01-12
[2026-05-15 19:49:41] Started export task: fire_12_dynamic_2020-03-09
[2026-05-15 19:49:41] ------ Processing date=2020-03-10 ------
[2026-05-15 19:49:41] Using viirs_af_path: viirs_af_path
[2026-05-15 19:49:41] VIIRS Image Date: ['2020-03-10 00:00:00']
[2026-05-15 19:49:42] Weather image size: 1
[2026-05-15 19:49:42] Forecast duration: 2020-03-11 00:00:00 to 2020-03-12 00:00:00
[2026-05-15 19:49:42] Number of forecast images: 24
[2026-05-15 19:49:42] Using forecast run: 2020-03-10 18:00:00 UTC
[2026-05-15 19:49:43] Forecast Rain Available hours: [6, 7, 8, 9, 10, 11, 12, 13, 14, 15, 16, 17, 18, 19, 20, 21, 22, 23, 24, 25, 26, 27, 28, 29]
[2026-05-15 19:49:43] Valid hours for sum: [12, 18, 24, 29]
[2026-05-15 19:49:45] Drought composite end date: 2020-03-05 06:00:00
[2026-05-15 19:49:45] Land cover year: 2019
[2026-05-15 19:49:46] VIIRS Veg composite: 2019-12-27 → 2020-01-12
[2026-05-15 19:49:50] Started export task: fire_12_dynamic_2020-03-10
[2026-05-15 19:49:51] ------ Processing date=2020-03-11 ------
[2026-05-15 19:49:51] Using viirs_af_path: viirs_af_path
[2026-05-15 19:49:51] VIIRS Image Date: ['2020-03-11 00:00:00']
[2026-05-15 19:49:51] Weather image size: 1
[2026-05-15 19:49:51] Forecast duration: 2020-03-12 00:00:00 to 2020-03-13 00:00:00
[2026-05-15 19:49:52] Number of forecast images: 24
[2026-05-15 19:49:52] Using forecast run: 2020-03-11 18:00:00 UTC
[2026-05-15 19:49:53] Forecast Rain Available hours: [6, 7, 8, 9, 10, 11, 12, 13, 14, 15, 16, 17, 18, 19, 20, 21, 22, 23, 24, 25, 26, 27, 28, 29]
[2026-05-15 19:49:53] Valid hours for sum: [12, 18, 24, 29]
[2026-05-15 19:49:55] Drought composite end date: 2020-03-10 06:00:00
[2026-05-15 19:49:55] Land cover year: 2019
[2026-05-15 19:49:56] VIIRS Veg composite: 2019-12-27 → 2020-01-12
[2026-05-15 19:49:59] Started export task: fire_12_dynamic_2020-03-11
[2026-05-15 19:50:00] ------ Processing date=2020-03-12 ------
[2026-05-15 19:50:00] Using viirs_af_path: viirs_af_path
[2026-05-15 19:50:00] VIIRS Image Date: ['2020-03-12 00:00:00']
[2026-05-15 19:50:00] Weather image size: 1
[2026-05-15 19:50:00] Forecast duration: 2020-03-13 00:00:00 to 2020-03-14 00:00:00
[2026-05-15 19:50:02] Number of forecast images: 24
[2026-05-15 19:50:02] Using forecast run: 2020-03-12 18:00:00 UTC
[2026-05-15 19:50:02] Forecast Rain Available hours: [6, 7, 8, 9, 10, 11, 12, 13, 14, 15, 16, 17, 18, 19, 20, 21, 22, 23, 24, 25, 26, 27, 28, 29]
[2026-05-15 19:50:02] Valid hours for sum: [12, 18, 24, 29]
[2026-05-15 19:50:04] Drought composite end date: 2020-03-10 06:00:00
[2026-05-15 19:50:05] Land cover year: 2019
[2026-05-15 19:50:05] VIIRS Veg composite: 2019-12-27 → 2020-01-12
[2026-05-15 19:50:10] Started export task: fire_12_dynamic_2020-03-12
[2026-05-15 19:50:10] ------ Processing date=2020-03-13 ------
[2026-05-15 19:50:10] Using viirs_af_path: viirs_af_path
[2026-05-15 19:50:10] VIIRS Image Date: ['2020-03-13 00:00:00']
[2026-05-15 19:50:10] Weather image size: 1
[2026-05-15 19:50:10] Forecast duration: 2020-03-14 00:00:00 to 2020-03-15 00:00:00
[2026-05-15 19:50:11] Number of forecast images: 24
[2026-05-15 19:50:11] Using forecast run: 2020-03-13 18:00:00 UTC
[2026-05-15 19:50:11] Forecast Rain Available hours: [6, 7, 8, 9, 10, 11, 12, 13, 14, 15, 16, 17, 18, 19, 20, 21, 22, 23, 24, 25, 26, 27, 28, 29]
[2026-05-15 19:50:11] Valid hours for sum: [12, 18, 24, 29]
[2026-05-15 19:50:14] Drought composite end date: 2020-03-10 06:00:00
[2026-05-15 19:50:14] Land cover year: 2019
[2026-05-15 19:50:15] VIIRS Veg composite: 2019-12-27 → 2020-01-12
[2026-05-15 19:50:18] Started export task: fire_12_dynamic_2020-03-13
[2026-05-15 19:50:18] ------ Processing date=2020-03-14 ------
[2026-05-15 19:50:18] Using viirs_af_path: viirs_af_path
[2026-05-15 19:50:19] VIIRS Image Date: ['2020-03-14 00:00:00']
[2026-05-15 19:50:19] Weather image size: 1
[2026-05-15 19:50:19] Forecast duration: 2020-03-15 00:00:00 to 2020-03-16 00:00:00
[2026-05-15 19:50:20] Number of forecast images: 24
[2026-05-15 19:50:20] Using forecast run: 2020-03-14 18:00:00 UTC
[2026-05-15 19:50:20] Forecast Rain Available hours: [6, 7, 8, 9, 10, 11, 12, 13, 14, 15, 16, 17, 18, 19, 20, 21, 22, 23, 24, 25, 26, 27, 28, 29]
[2026-05-15 19:50:20] Valid hours for sum: [12, 18, 24, 29]
[2026-05-15 19:50:22] Drought composite end date: 2020-03-10 06:00:00
[2026-05-15 19:50:23] Land cover year: 2019
[2026-05-15 19:50:24] VIIRS Veg composite: 2019-12-27 → 2020-01-12
[2026-05-15 19:50:27] Started export task: fire_12_dynamic_2020-03-14
[2026-05-15 19:50:27] ------ Processing date=2020-03-15 ------
[2026-05-15 19:50:27] Using viirs_af_path: viirs_af_path
[2026-05-15 19:50:28] VIIRS Image Date: ['2020-03-15 00:00:00']
[2026-05-15 19:50:28] Weather image size: 1
[2026-05-15 19:50:28] Forecast duration: 2020-03-16 00:00:00 to 2020-03-17 00:00:00
[2026-05-15 19:50:29] Number of forecast images: 24
[2026-05-15 19:50:29] Using forecast run: 2020-03-15 18:00:00 UTC
[2026-05-15 19:50:29] Forecast Rain Available hours: [6, 7, 8, 9, 10, 11, 12, 13, 14, 15, 16, 17, 18, 19, 20, 21, 22, 23, 24, 25, 26, 27, 28, 29]
[2026-05-15 19:50:29] Valid hours for sum: [12, 18, 24, 29]
[2026-05-15 19:50:32] Drought composite end date: 2020-03-10 06:00:00
[2026-05-15 19:50:32] Land cover year: 2019
[2026-05-15 19:50:33] VIIRS Veg composite: 2019-12-27 → 2020-01-12
[2026-05-15 19:50:36] Started export task: fire_12_dynamic_2020-03-15
[2026-05-15 19:50:36] ------ Processing date=2020-03-16 ------
[2026-05-15 19:50:36] Using viirs_af_path: viirs_af_path
[2026-05-15 19:50:37] VIIRS Image Date: ['2020-03-16 00:00:00']
[2026-05-15 19:50:37] Weather image size: 1
[2026-05-15 19:50:37] Forecast duration: 2020-03-17 00:00:00 to 2020-03-18 00:00:00
[2026-05-15 19:50:38] Number of forecast images: 24
[2026-05-15 19:50:38] Using forecast run: 2020-03-16 18:00:00 UTC
[2026-05-15 19:50:39] Forecast Rain Available hours: [6, 7, 8, 9, 10, 11, 12, 13, 14, 15, 16, 17, 18, 19, 20, 21, 22, 23, 24, 25, 26, 27, 28, 29]
[2026-05-15 19:50:39] Valid hours for sum: [12, 18, 24, 29]
[2026-05-15 19:50:41] Drought composite end date: 2020-03-15 06:00:00
[2026-05-15 19:50:42] Land cover year: 2019
[2026-05-15 19:50:42] VIIRS Veg composite: 2019-12-27 → 2020-01-12
[2026-05-15 19:50:47] Started export task: fire_12_dynamic_2020-03-16
[2026-05-15 19:50:48] ------ Processing date=2020-03-17 ------
[2026-05-15 19:50:48] Using viirs_af_path: viirs_af_path
[2026-05-15 19:50:48] VIIRS Image Date: ['2020-03-17 00:00:00']
[2026-05-15 19:50:48] Weather image size: 1
[2026-05-15 19:50:48] Forecast duration: 2020-03-18 00:00:00 to 2020-03-19 00:00:00
[2026-05-15 19:50:49] Number of forecast images: 24
[2026-05-15 19:50:49] Using forecast run: 2020-03-17 18:00:00 UTC
[2026-05-15 19:50:49] Forecast Rain Available hours: [6, 7, 8, 9, 10, 11, 12, 13, 14, 15, 16, 17, 18, 19, 20, 21, 22, 23, 24, 25, 26, 27, 28, 29]
[2026-05-15 19:50:49] Valid hours for sum: [12, 18, 24, 29]
[2026-05-15 19:50:51] Drought composite end date: 2020-03-15 06:00:00
[2026-05-15 19:50:51] Land cover year: 2019
[2026-05-15 19:50:52] VIIRS Veg composite: 2019-12-27 → 2020-01-12
[2026-05-15 19:50:56] Started export task: fire_12_dynamic_2020-03-17
[2026-05-15 19:50:57] ------ Processing date=2020-03-18 ------
[2026-05-15 19:50:57] Using viirs_af_path: viirs_af_path
[2026-05-15 19:50:57] VIIRS Image Date: ['2020-03-18 00:00:00']
[2026-05-15 19:50:57] Weather image size: 1
[2026-05-15 19:50:57] Forecast duration: 2020-03-19 00:00:00 to 2020-03-20 00:00:00
[2026-05-15 19:50:58] Number of forecast images: 24
[2026-05-15 19:50:58] Using forecast run: 2020-03-18 18:00:00 UTC
[2026-05-15 19:50:58] Forecast Rain Available hours: [6, 7, 8, 9, 10, 11, 12, 13, 14, 15, 16, 17, 18, 19, 20, 21, 22, 23, 24, 25, 26, 27, 28, 29]
[2026-05-15 19:50:58] Valid hours for sum: [12, 18, 24, 29]
[2026-05-15 19:51:01] Drought composite end date: 2020-03-15 06:00:00
[2026-05-15 19:51:01] Land cover year: 2019
[2026-05-15 19:51:02] VIIRS Veg composite: 2019-12-27 → 2020-01-12
[2026-05-15 19:51:05] Started export task: fire_12_dynamic_2020-03-18
[2026-05-15 19:51:06] ------ Processing date=2020-03-19 ------
[2026-05-15 19:51:06] Using viirs_af_path: viirs_af_path
[2026-05-15 19:51:06] VIIRS Image Date: ['2020-03-19 00:00:00']
[2026-05-15 19:51:07] Weather image size: 1
[2026-05-15 19:51:07] Forecast duration: 2020-03-20 00:00:00 to 2020-03-21 00:00:00
[2026-05-15 19:51:08] Number of forecast images: 24
[2026-05-15 19:51:08] Using forecast run: 2020-03-19 18:00:00 UTC
[2026-05-15 19:51:08] Forecast Rain Available hours: [6, 7, 8, 9, 10, 11, 12, 13, 14, 15, 16, 17, 18, 19, 20, 21, 22, 23, 24, 25, 26, 27, 28, 29]
[2026-05-15 19:51:08] Valid hours for sum: [12, 18, 24, 29]
[2026-05-15 19:51:10] Drought composite end date: 2020-03-15 06:00:00
[2026-05-15 19:51:10] Land cover year: 2019
[2026-05-15 19:51:11] VIIRS Veg composite: 2019-12-27 → 2020-01-12
[2026-05-15 19:51:16] Started export task: fire_12_dynamic_2020-03-19
[2026-05-15 19:51:17] ------ Processing date=2020-03-20 ------
[2026-05-15 19:51:17] Using viirs_af_path: viirs_af_path
[2026-05-15 19:51:17] VIIRS Image Date: ['2020-03-20 00:00:00']
[2026-05-15 19:51:18] Weather image size: 1
[2026-05-15 19:51:18] Forecast duration: 2020-03-21 00:00:00 to 2020-03-22 00:00:00
[2026-05-15 19:51:19] Number of forecast images: 24
[2026-05-15 19:51:19] Using forecast run: 2020-03-20 18:00:00 UTC
[2026-05-15 19:51:19] Forecast Rain Available hours: [6, 7, 8, 9, 10, 11, 12, 13, 14, 15, 16, 17, 18, 19, 20, 21, 22, 23, 24, 25, 26, 27, 28, 29]
[2026-05-15 19:51:19] Valid hours for sum: [12, 18, 24, 29]
[2026-05-15 19:51:21] Drought composite end date: 2020-03-15 06:00:00
[2026-05-15 19:51:21] Land cover year: 2019
[2026-05-15 19:51:22] VIIRS Veg composite: 2019-12-27 → 2020-01-12
[2026-05-15 19:51:27] Started export task: fire_12_dynamic_2020-03-20
[2026-05-15 19:51:27] ------ Processing date=2020-03-21 ------
[2026-05-15 19:51:27] Using viirs_af_path: viirs_af_path
[2026-05-15 19:51:28] VIIRS Image Date: ['2020-03-21 00:00:00']
[2026-05-15 19:51:28] Weather image size: 1
[2026-05-15 19:51:28] Forecast duration: 2020-03-22 00:00:00 to 2020-03-23 00:00:00
[2026-05-15 19:51:29] Number of forecast images: 24
[2026-05-15 19:51:29] Using forecast run: 2020-03-21 18:00:00 UTC
[2026-05-15 19:51:29] Forecast Rain Available hours: [6, 7, 8, 9, 10, 11, 12, 13, 14, 15, 16, 17, 18, 19, 20, 21, 22, 23, 24, 25, 26, 27, 28, 29]
[2026-05-15 19:51:29] Valid hours for sum: [12, 18, 24, 29]
[2026-05-15 19:51:32] Drought composite end date: 2020-03-20 06:00:00
[2026-05-15 19:51:33] Land cover year: 2019
[2026-05-15 19:51:35] VIIRS Veg composite: 2019-12-27 → 2020-01-12
[2026-05-15 19:51:43] Started export task: fire_12_dynamic_2020-03-21
[2026-05-15 19:51:43] ------ Processing date=2020-03-22 ------
[2026-05-15 19:51:43] Using viirs_af_path: viirs_af_path
[2026-05-15 19:51:44] VIIRS Image Date: ['2020-03-22 00:00:00']
[2026-05-15 19:51:44] Weather image size: 1
[2026-05-15 19:51:44] Forecast duration: 2020-03-23 00:00:00 to 2020-03-24 00:00:00
[2026-05-15 19:51:47] Number of forecast images: 24
[2026-05-15 19:51:47] Using forecast run: 2020-03-22 18:00:00 UTC
[2026-05-15 19:51:48] Forecast Rain Available hours: [6, 7, 8, 9, 10, 11, 12, 13, 14, 15, 16, 17, 18, 19, 20, 21, 22, 23, 24, 25, 26, 27, 28, 29]
[2026-05-15 19:51:48] Valid hours for sum: [12, 18, 24, 29]
[2026-05-15 19:51:51] Drought composite end date: 2020-03-20 06:00:00
[2026-05-15 19:51:51] Land cover year: 2019
[2026-05-15 19:51:54] VIIRS Veg composite: 2019-12-27 → 2020-01-12
[2026-05-15 19:51:57] Started export task: fire_12_dynamic_2020-03-22
[2026-05-15 19:51:57] ------ Processing date=2020-03-23 ------
[2026-05-15 19:51:57] Using viirs_af_path: viirs_af_path
[2026-05-15 19:51:58] VIIRS Image Date: ['2020-03-23 00:00:00']
[2026-05-15 19:51:58] Weather image size: 1
[2026-05-15 19:51:58] Forecast duration: 2020-03-24 00:00:00 to 2020-03-25 00:00:00
[2026-05-15 19:51:59] Number of forecast images: 24
[2026-05-15 19:51:59] Using forecast run: 2020-03-23 18:00:00 UTC
[2026-05-15 19:51:59] Forecast Rain Available hours: [6, 7, 8, 9, 10, 11, 12, 13, 14, 15, 16, 17, 18, 19, 20, 21, 22, 23, 24, 25, 26, 27, 28, 29]
[2026-05-15 19:51:59] Valid hours for sum: [12, 18, 24, 29]
[2026-05-15 19:52:00] Drought composite end date: 2020-03-20 06:00:00
[2026-05-15 19:52:01] Land cover year: 2019
[2026-05-15 19:52:02] VIIRS Veg composite: 2019-12-27 → 2020-01-12
[2026-05-15 19:52:07] Started export task: fire_12_dynamic_2020-03-23
[2026-05-15 19:52:07] ------ Processing date=2020-03-24 ------
[2026-05-15 19:52:07] Using viirs_af_path: viirs_af_path
[2026-05-15 19:52:07] VIIRS Image Date: ['2020-03-24 00:00:00']
[2026-05-15 19:52:07] Weather image size: 1
[2026-05-15 19:52:07] Forecast duration: 2020-03-25 00:00:00 to 2020-03-26 00:00:00
[2026-05-15 19:52:09] Number of forecast images: 24
[2026-05-15 19:52:09] Using forecast run: 2020-03-24 18:00:00 UTC
[2026-05-15 19:52:10] Forecast Rain Available hours: [6, 7, 8, 9, 10, 11, 12, 13, 14, 15, 16, 17, 18, 19, 20, 21, 22, 23, 24, 25, 26, 27, 28, 29]
[2026-05-15 19:52:10] Valid hours for sum: [12, 18, 24, 29]
[2026-05-15 19:52:12] Drought composite end date: 2020-03-20 06:00:00
[2026-05-15 19:52:12] Land cover year: 2019
[2026-05-15 19:52:13] VIIRS Veg composite: 2019-12-27 → 2020-01-12
[2026-05-15 19:52:17] Started export task: fire_12_dynamic_2020-03-24
[2026-05-15 19:52:17] ------ Processing date=2020-03-25 ------
[2026-05-15 19:52:17] Using viirs_af_path: viirs_af_path
[2026-05-15 19:52:17] VIIRS Image Date: ['2020-03-25 00:00:00']
[2026-05-15 19:52:18] Weather image size: 1
[2026-05-15 19:52:18] Forecast duration: 2020-03-26 00:00:00 to 2020-03-27 00:00:00
[2026-05-15 19:52:20] Number of forecast images: 24
[2026-05-15 19:52:20] Using forecast run: 2020-03-25 18:00:00 UTC
[2026-05-15 19:52:20] Forecast Rain Available hours: [6, 7, 8, 9, 10, 11, 12, 13, 14, 15, 16, 17, 18, 19, 20, 21, 22, 23, 24, 25, 26, 27, 28, 29]
[2026-05-15 19:52:20] Valid hours for sum: [12, 18, 24, 29]
[2026-05-15 19:52:22] Drought composite end date: 2020-03-20 06:00:00
[2026-05-15 19:52:23] Land cover year: 2019
[2026-05-15 19:52:23] VIIRS Veg composite: 2019-12-27 → 2020-01-12
[2026-05-15 19:52:29] Started export task: fire_12_dynamic_2020-03-25
[2026-05-15 19:52:30] ------ Processing date=2020-03-26 ------
[2026-05-15 19:52:30] Using viirs_af_path: viirs_af_path
[2026-05-15 19:52:31] VIIRS Image Date: ['2020-03-26 00:00:00']
[2026-05-15 19:52:31] Weather image size: 1
[2026-05-15 19:52:31] Forecast duration: 2020-03-27 00:00:00 to 2020-03-28 00:00:00
[2026-05-15 19:52:32] Number of forecast images: 24
[2026-05-15 19:52:32] Using forecast run: 2020-03-26 18:00:00 UTC
[2026-05-15 19:52:33] Forecast Rain Available hours: [6, 7, 8, 9, 10, 11, 12, 13, 14, 15, 16, 17, 18, 19, 20, 21, 22, 23, 24, 25, 26, 27, 28, 29]
[2026-05-15 19:52:33] Valid hours for sum: [12, 18, 24, 29]
[2026-05-15 19:52:35] Drought composite end date: 2020-03-25 06:00:00
[2026-05-15 19:52:35] Land cover year: 2019
[2026-05-15 19:52:36] VIIRS Veg composite: 2019-12-27 → 2020-01-12
[2026-05-15 19:52:39] Started export task: fire_12_dynamic_2020-03-26
[2026-05-15 19:52:39] ------ Processing date=2020-03-27 ------
[2026-05-15 19:52:39] Using viirs_af_path: viirs_af_path
[2026-05-15 19:52:39] VIIRS Image Date: ['2020-03-27 00:00:00']
[2026-05-15 19:52:40] Weather image size: 1
[2026-05-15 19:52:40] Forecast duration: 2020-03-28 00:00:00 to 2020-03-29 00:00:00
[2026-05-15 19:52:41] Number of forecast images: 24
[2026-05-15 19:52:41] Using forecast run: 2020-03-27 18:00:00 UTC
[2026-05-15 19:52:41] Forecast Rain Available hours: [6, 7, 8, 9, 10, 11, 12, 13, 14, 15, 16, 17, 18, 19, 20, 21, 22, 23, 24, 25, 26, 27, 28, 29]
[2026-05-15 19:52:41] Valid hours for sum: [12, 18, 24, 29]
[2026-05-15 19:52:44] Drought composite end date: 2020-03-25 06:00:00
[2026-05-15 19:52:44] Land cover year: 2019
[2026-05-15 19:52:45] VIIRS Veg composite: 2019-12-27 → 2020-01-12
[2026-05-15 19:52:49] Started export task: fire_12_dynamic_2020-03-27
[2026-05-15 19:52:49] ------ Processing date=2020-03-28 ------
[2026-05-15 19:52:49] Using viirs_af_path: viirs_af_path
[2026-05-15 19:52:49] VIIRS Image Date: ['2020-03-28 00:00:00']
[2026-05-15 19:52:50] Weather image size: 1
[2026-05-15 19:52:50] Forecast duration: 2020-03-29 00:00:00 to 2020-03-30 00:00:00
[2026-05-15 19:52:51] Number of forecast images: 24
[2026-05-15 19:52:51] Using forecast run: 2020-03-28 18:00:00 UTC
[2026-05-15 19:52:51] Forecast Rain Available hours: [6, 7, 8, 9, 10, 11, 12, 13, 14, 15, 16, 17, 18, 19, 20, 21, 22, 23, 24, 25, 26, 27, 28, 29]
[2026-05-15 19:52:51] Valid hours for sum: [12, 18, 24, 29]
[2026-05-15 19:52:53] Drought composite end date: 2020-03-25 06:00:00
[2026-05-15 19:52:54] Land cover year: 2019
[2026-05-15 19:52:55] VIIRS Veg composite: 2019-12-27 → 2020-01-12
[2026-05-15 19:52:58] Started export task: fire_12_dynamic_2020-03-28
[2026-05-15 19:52:59] ------ Processing date=2020-03-29 ------
[2026-05-15 19:52:59] Using viirs_af_path: viirs_af_path
[2026-05-15 19:52:59] VIIRS Image Date: ['2020-03-29 00:00:00']
[2026-05-15 19:52:59] Weather image size: 1
[2026-05-15 19:52:59] Forecast duration: 2020-03-30 00:00:00 to 2020-03-31 00:00:00
[2026-05-15 19:53:00] Number of forecast images: 24
[2026-05-15 19:53:00] Using forecast run: 2020-03-29 18:00:00 UTC
[2026-05-15 19:53:00] Forecast Rain Available hours: [6, 7, 8, 9, 10, 11, 12, 13, 14, 15, 16, 17, 18, 19, 20, 21, 22, 23, 24, 25, 26, 27, 28, 29]
[2026-05-15 19:53:00] Valid hours for sum: [12, 18, 24, 29]
[2026-05-15 19:53:03] Drought composite end date: 2020-03-25 06:00:00
[2026-05-15 19:53:03] Land cover year: 2019
[2026-05-15 19:53:04] VIIRS Veg composite: 2019-12-27 → 2020-01-12
[2026-05-15 19:53:08] Started export task: fire_12_dynamic_2020-03-29
[2026-05-15 19:53:09] ------ Processing date=2020-03-30 ------
[2026-05-15 19:53:09] Using viirs_af_path: viirs_af_path
[2026-05-15 19:53:09] VIIRS Image Date: ['2020-03-30 00:00:00']
[2026-05-15 19:53:09] Weather image size: 1
[2026-05-15 19:53:09] Forecast duration: 2020-03-31 00:00:00 to 2020-04-01 00:00:00
[2026-05-15 19:53:10] Number of forecast images: 24
[2026-05-15 19:53:10] Using forecast run: 2020-03-30 18:00:00 UTC
[2026-05-15 19:53:10] Forecast Rain Available hours: [6, 7, 8, 9, 10, 11, 12, 13, 14, 15, 16, 17, 18, 19, 20, 21, 22, 23, 24, 25, 26, 27, 28, 29]
[2026-05-15 19:53:10] Valid hours for sum: [12, 18, 24, 29]
[2026-05-15 19:53:13] Drought composite end date: 2020-03-25 06:00:00
[2026-05-15 19:53:13] Land cover year: 2019
[2026-05-15 19:53:16] VIIRS Veg composite: 2019-12-27 → 2020-01-12
[2026-05-15 19:53:23] Started export task: fire_12_dynamic_2020-03-30
[2026-05-15 19:53:25] ------ Processing date=2020-03-31 ------
[2026-05-15 19:53:25] Using viirs_af_path: viirs_af_path
[2026-05-15 19:53:25] VIIRS Image Date: ['2020-03-31 00:00:00']
[2026-05-15 19:53:25] Weather image size: 1
[2026-05-15 19:53:25] Forecast duration: 2020-04-01 00:00:00 to 2020-04-02 00:00:00
[2026-05-15 19:53:27] Number of forecast images: 24
[2026-05-15 19:53:27] Using forecast run: 2020-03-31 18:00:00 UTC
[2026-05-15 19:53:27] Forecast Rain Available hours: [6, 7, 8, 9, 10, 11, 12, 13, 14, 15, 16, 17, 18, 19, 20, 21, 22, 23, 24, 25, 26, 27, 28, 29]
[2026-05-15 19:53:27] Valid hours for sum: [12, 18, 24, 29]
[2026-05-15 19:53:29] Drought composite end date: 2020-03-30 06:00:00
[2026-05-15 19:53:30] Land cover year: 2019
[2026-05-15 19:53:30] VIIRS Veg composite: 2019-12-27 → 2020-01-12
[2026-05-15 19:53:34] Started export task: fire_12_dynamic_2020-03-31
[2026-05-15 19:53:35] ------ Processing date=2020-04-01 ------
[2026-05-15 19:53:35] Using viirs_af_path: viirs_af_path
[2026-05-15 19:53:35] VIIRS Image Date: ['2020-04-01 00:00:00']
[2026-05-15 19:53:35] Weather image size: 1
[2026-05-15 19:53:35] Forecast duration: 2020-04-02 00:00:00 to 2020-04-03 00:00:00
[2026-05-15 19:53:36] Number of forecast images: 24
[2026-05-15 19:53:36] Using forecast run: 2020-04-01 18:00:00 UTC
[2026-05-15 19:53:36] Forecast Rain Available hours: [6, 7, 8, 9, 10, 11, 12, 13, 14, 15, 16, 17, 18, 19, 20, 21, 22, 23, 24, 25, 26, 27, 28, 29]
[2026-05-15 19:53:36] Valid hours for sum: [12, 18, 24, 29]
[2026-05-15 19:53:39] Drought composite end date: 2020-03-30 06:00:00
[2026-05-15 19:53:39] Land cover year: 2019
[2026-05-15 19:53:40] VIIRS Veg composite: 2019-12-27 → 2020-01-12
[2026-05-15 19:53:43] Started export task: fire_12_dynamic_2020-04-01
[2026-05-15 19:53:43] ------ Processing date=2020-04-02 ------
[2026-05-15 19:53:43] Using viirs_af_path: viirs_af_path
[2026-05-15 19:53:43] VIIRS Image Date: ['2020-04-02 00:00:00']
[2026-05-15 19:53:44] Weather image size: 1
[2026-05-15 19:53:44] Forecast duration: 2020-04-03 00:00:00 to 2020-04-04 00:00:00
[2026-05-15 19:53:44] Number of forecast images: 24
[2026-05-15 19:53:44] Using forecast run: 2020-04-02 18:00:00 UTC
[2026-05-15 19:53:45] Forecast Rain Available hours: [6, 7, 8, 9, 10, 11, 12, 13, 14, 15, 16, 17, 18, 19, 20, 21, 22, 23, 24, 25, 26, 27, 28, 29]
[2026-05-15 19:53:45] Valid hours for sum: [12, 18, 24, 29]
[2026-05-15 19:53:47] Drought composite end date: 2020-03-30 06:00:00
[2026-05-15 19:53:47] Land cover year: 2019
[2026-05-15 19:53:48] VIIRS Veg composite: 2019-12-27 → 2020-01-12
[2026-05-15 19:53:51] Started export task: fire_12_dynamic_2020-04-02
[2026-05-15 19:53:52] ------ Processing date=2020-04-03 ------
[2026-05-15 19:53:52] Using viirs_af_path: viirs_af_path
[2026-05-15 19:53:52] VIIRS Image Date: ['2020-04-03 00:00:00']
[2026-05-15 19:53:52] Weather image size: 1
[2026-05-15 19:53:52] Forecast duration: 2020-04-04 00:00:00 to 2020-04-05 00:00:00
[2026-05-15 19:53:53] Number of forecast images: 24
[2026-05-15 19:53:53] Using forecast run: 2020-04-03 18:00:00 UTC
[2026-05-15 19:53:53] Forecast Rain Available hours: [6, 7, 8, 9, 10, 11, 12, 13, 14, 15, 16, 17, 18, 19, 20, 21, 22, 23, 24, 25, 26, 27, 28, 29]
[2026-05-15 19:53:53] Valid hours for sum: [12, 18, 24, 29]
[2026-05-15 19:53:56] Drought composite end date: 2020-03-30 06:00:00
[2026-05-15 19:53:57] Land cover year: 2019
[2026-05-15 19:53:58] VIIRS Veg composite: 2019-12-27 → 2020-01-12
[2026-05-15 19:54:02] Started export task: fire_12_dynamic_2020-04-03
[2026-05-15 19:54:03] ------ Processing date=2020-04-04 ------
[2026-05-15 19:54:03] Using viirs_af_path: viirs_af_path
[2026-05-15 19:54:04] VIIRS Image Date: ['2020-04-04 00:00:00']
[2026-05-15 19:54:05] Weather image size: 1
[2026-05-15 19:54:05] Forecast duration: 2020-04-05 00:00:00 to 2020-04-06 00:00:00
[2026-05-15 19:54:06] Number of forecast images: 24
[2026-05-15 19:54:06] Using forecast run: 2020-04-04 18:00:00 UTC
[2026-05-15 19:54:06] Forecast Rain Available hours: [6, 7, 8, 9, 10, 11, 12, 13, 14, 15, 16, 17, 18, 19, 20, 21, 22, 23, 24, 25, 26, 27, 28, 29]
[2026-05-15 19:54:06] Valid hours for sum: [12, 18, 24, 29]
[2026-05-15 19:54:09] Drought composite end date: 2020-03-30 06:00:00
[2026-05-15 19:54:09] Land cover year: 2019
[2026-05-15 19:54:10] VIIRS Veg composite: 2019-12-27 → 2020-01-12
[2026-05-15 19:54:15] Started export task: fire_12_dynamic_2020-04-04
[2026-05-15 19:54:15] ------ Processing date=2020-04-05 ------
[2026-05-15 19:54:15] Using viirs_af_path: viirs_af_path
[2026-05-15 19:54:15] VIIRS Image Date: ['2020-04-05 00:00:00']
[2026-05-15 19:54:16] Weather image size: 1
[2026-05-15 19:54:16] Forecast duration: 2020-04-06 00:00:00 to 2020-04-07 00:00:00
[2026-05-15 19:54:16] Number of forecast images: 24
[2026-05-15 19:54:16] Using forecast run: 2020-04-05 18:00:00 UTC
[2026-05-15 19:54:17] Forecast Rain Available hours: [6, 7, 8, 9, 10, 11, 12, 13, 14, 15, 16, 17, 18, 19, 20, 21, 22, 23, 24, 25, 26, 27, 28, 29]
[2026-05-15 19:54:17] Valid hours for sum: [12, 18, 24, 29]
[2026-05-15 19:54:18] Drought composite end date: 2020-04-04 06:00:00
[2026-05-15 19:54:18] Land cover year: 2019
[2026-05-15 19:54:19] VIIRS Veg composite: 2019-12-27 → 2020-01-12
[2026-05-15 19:54:23] Started export task: fire_12_dynamic_2020-04-05
[2026-05-15 19:54:23] ------ Processing date=2020-04-06 ------
[2026-05-15 19:54:23] Using viirs_af_path: viirs_af_path
[2026-05-15 19:54:23] VIIRS Image Date: ['2020-04-06 00:00:00']
[2026-05-15 19:54:24] Weather image size: 1
[2026-05-15 19:54:24] Forecast duration: 2020-04-07 00:00:00 to 2020-04-08 00:00:00
[2026-05-15 19:54:24] Number of forecast images: 24
[2026-05-15 19:54:24] Using forecast run: 2020-04-06 18:00:00 UTC
[2026-05-15 19:54:25] Forecast Rain Available hours: [6, 7, 8, 9, 10, 11, 12, 13, 14, 15, 16, 17, 18, 19, 20, 21, 22, 23, 24, 25, 26, 27, 28, 29]
[2026-05-15 19:54:25] Valid hours for sum: [12, 18, 24, 29]
[2026-05-15 19:54:26] Drought composite end date: 2020-04-04 06:00:00
[2026-05-15 19:54:26] Land cover year: 2019
[2026-05-15 19:54:27] VIIRS Veg composite: 2019-12-27 → 2020-01-12
[2026-05-15 19:54:31] Started export task: fire_12_dynamic_2020-04-06
[2026-05-15 19:54:31] ------ Processing date=2020-04-07 ------
[2026-05-15 19:54:31] Using viirs_af_path: viirs_af_path
[2026-05-15 19:54:31] VIIRS Image Date: ['2020-04-07 00:00:00']
[2026-05-15 19:54:32] Weather image size: 1
[2026-05-15 19:54:32] Forecast duration: 2020-04-08 00:00:00 to 2020-04-09 00:00:00
[2026-05-15 19:54:32] Number of forecast images: 24
[2026-05-15 19:54:32] Using forecast run: 2020-04-07 18:00:00 UTC
[2026-05-15 19:54:33] Forecast Rain Available hours: [6, 7, 8, 9, 10, 11, 12, 13, 14, 15, 16, 17, 18, 19, 20, 21, 22, 23, 24, 25, 26, 27, 28, 29]
[2026-05-15 19:54:33] Valid hours for sum: [12, 18, 24, 29]
[2026-05-15 19:54:35] Drought composite end date: 2020-04-04 06:00:00
[2026-05-15 19:54:36] Land cover year: 2019
[2026-05-15 19:54:36] VIIRS Veg composite: 2019-12-27 → 2020-01-12
[2026-05-15 19:54:40] Started export task: fire_12_dynamic_2020-04-07
[2026-05-15 19:54:41] ------ Processing date=2020-04-08 ------
[2026-05-15 19:54:41] Using viirs_af_path: viirs_af_path
[2026-05-15 19:54:41] VIIRS Image Date: ['2020-04-08 00:00:00']
[2026-05-15 19:54:41] Weather image size: 1
[2026-05-15 19:54:41] Forecast duration: 2020-04-09 00:00:00 to 2020-04-10 00:00:00
[2026-05-15 19:54:42] Number of forecast images: 24
[2026-05-15 19:54:42] Using forecast run: 2020-04-08 18:00:00 UTC
[2026-05-15 19:54:42] Forecast Rain Available hours: [6, 7, 8, 9, 10, 11, 12, 13, 14, 15, 16, 17, 18, 19, 20, 21, 22, 23, 24, 25, 26, 27, 28, 29]
[2026-05-15 19:54:42] Valid hours for sum: [12, 18, 24, 29]
[2026-05-15 19:54:44] Drought composite end date: 2020-04-04 06:00:00
[2026-05-15 19:54:45] Land cover year: 2019
[2026-05-15 19:54:45] VIIRS Veg composite: 2019-12-27 → 2020-01-12
[2026-05-15 19:54:51] Started export task: fire_12_dynamic_2020-04-08
[2026-05-15 19:54:51] ------ Processing date=2020-04-09 ------
[2026-05-15 19:54:51] Using viirs_af_path: viirs_af_path
[2026-05-15 19:54:51] VIIRS Image Date: ['2020-04-09 00:00:00']
[2026-05-15 19:54:51] Weather image size: 1
[2026-05-15 19:54:51] Forecast duration: 2020-04-10 00:00:00 to 2020-04-11 00:00:00
[2026-05-15 19:54:52] Number of forecast images: 24
[2026-05-15 19:54:52] Using forecast run: 2020-04-09 18:00:00 UTC
[2026-05-15 19:54:52] Forecast Rain Available hours: [6, 7, 8, 9, 10, 11, 12, 13, 14, 15, 16, 17, 18, 19, 20, 21, 22, 23, 24, 25, 26, 27, 28, 29]
[2026-05-15 19:54:52] Valid hours for sum: [12, 18, 24, 29]
[2026-05-15 19:54:54] Drought composite end date: 2020-04-04 06:00:00
[2026-05-15 19:54:54] Land cover year: 2019
[2026-05-15 19:54:55] VIIRS Veg composite: 2019-12-27 → 2020-01-12
[2026-05-15 19:54:59] Started export task: fire_12_dynamic_2020-04-09
[2026-05-15 19:55:00] ------ Processing date=2020-04-10 ------
[2026-05-15 19:55:00] Using viirs_af_path: viirs_af_path
[2026-05-15 19:55:00] VIIRS Image Date: ['2020-04-10 00:00:00']
[2026-05-15 19:55:00] Weather image size: 1
[2026-05-15 19:55:00] Forecast duration: 2020-04-11 00:00:00 to 2020-04-12 00:00:00
[2026-05-15 19:55:01] Number of forecast images: 24
[2026-05-15 19:55:01] Using forecast run: 2020-04-10 18:00:00 UTC
[2026-05-15 19:55:01] Forecast Rain Available hours: [6, 7, 8, 9, 10, 11, 12, 13, 14, 15, 16, 17, 18, 19, 20, 21, 22, 23, 24, 25, 26, 27, 28, 29]
[2026-05-15 19:55:01] Valid hours for sum: [12, 18, 24, 29]
[2026-05-15 19:55:04] Drought composite end date: 2020-04-09 06:00:00
[2026-05-15 19:55:04] Land cover year: 2019
[2026-05-15 19:55:05] VIIRS Veg composite: 2019-12-27 → 2020-01-12
[2026-05-15 19:55:08] Started export task: fire_12_dynamic_2020-04-10
[2026-05-15 19:55:09] ------ Processing date=2020-04-11 ------
[2026-05-15 19:55:09] Using viirs_af_path: viirs_af_path
[2026-05-15 19:55:09] VIIRS Image Date: ['2020-04-11 00:00:00']
[2026-05-15 19:55:09] Weather image size: 1
[2026-05-15 19:55:09] Forecast duration: 2020-04-12 00:00:00 to 2020-04-13 00:00:00
[2026-05-15 19:55:10] Number of forecast images: 24
[2026-05-15 19:55:10] Using forecast run: 2020-04-11 18:00:00 UTC
[2026-05-15 19:55:10] Forecast Rain Available hours: [6, 7, 8, 9, 10, 11, 12, 13, 14, 15, 16, 17, 18, 19, 20, 21, 22, 23, 24, 25, 26, 27, 28, 29]
[2026-05-15 19:55:10] Valid hours for sum: [12, 18, 24, 29]
[2026-05-15 19:55:12] Drought composite end date: 2020-04-09 06:00:00
[2026-05-15 19:55:12] Land cover year: 2019
[2026-05-15 19:55:13] VIIRS Veg composite: 2019-12-27 → 2020-01-12
[2026-05-15 19:55:17] Started export task: fire_12_dynamic_2020-04-11
[2026-05-15 19:55:17] END: ----------Event fire_12----------- (Duration: 16.01m)
[2026-05-15 19:55:17] START: ----------Event fire_30-----------
[2026-05-15 19:55:17] ------ Processing date=2020-02-19 ------
[2026-05-15 19:55:17] Using viirs_af_path: viirs_af_path
[2026-05-15 19:55:17] VIIRS Image Date: ['2020-02-19 00:00:00']
[2026-05-15 19:55:18] Weather image size: 1
[2026-05-15 19:55:18] Forecast duration: 2020-02-20 00:00:00 to 2020-02-21 00:00:00
[2026-05-15 19:55:18] Number of forecast images: 24
[2026-05-15 19:55:18] Using forecast run: 2020-02-19 18:00:00 UTC
[2026-05-15 19:55:19] Forecast Rain Available hours: [6, 7, 8, 9, 10, 11, 12, 13, 14, 15, 16, 17, 18, 19, 20, 21, 22, 23, 24, 25, 26, 27, 28, 29]
[2026-05-15 19:55:19] Valid hours for sum: [12, 18, 24, 29]
[2026-05-15 19:55:21] Drought composite end date: 2020-02-14 06:00:00
[2026-05-15 19:55:21] Land cover year: 2019
[2026-05-15 19:55:22] VIIRS Veg composite: 2020-02-10 → 2020-02-26
[2026-05-15 19:55:27] Started export task: fire_30_static
[2026-05-15 19:55:27] Started export task: fire_30_dynamic_2020-02-19
[2026-05-15 19:55:28] ------ Processing date=2020-02-20 ------
[2026-05-15 19:55:28] Using viirs_af_path: viirs_af_path
[2026-05-15 19:55:28] VIIRS Image Date: ['2020-02-20 00:00:00']
[2026-05-15 19:55:28] Weather image size: 1
[2026-05-15 19:55:28] Forecast duration: 2020-02-21 00:00:00 to 2020-02-22 00:00:00
[2026-05-15 19:55:29] Number of forecast images: 24
[2026-05-15 19:55:29] Using forecast run: 2020-02-20 18:00:00 UTC
[2026-05-15 19:55:30] Forecast Rain Available hours: [6, 7, 8, 9, 10, 11, 12, 13, 14, 15, 16, 17, 18, 19, 20, 21, 22, 23, 24, 25, 26, 27, 28, 29]
[2026-05-15 19:55:30] Valid hours for sum: [12, 18, 24, 29]
[2026-05-15 19:55:32] Drought composite end date: 2020-02-19 06:00:00
[2026-05-15 19:55:32] Land cover year: 2019
[2026-05-15 19:55:33] VIIRS Veg composite: 2020-02-10 → 2020-02-26
[2026-05-15 19:55:38] Started export task: fire_30_dynamic_2020-02-20
[2026-05-15 19:55:38] ------ Processing date=2020-02-21 ------
[2026-05-15 19:55:38] Using viirs_af_path: viirs_af_path
[2026-05-15 19:55:39] VIIRS Image Date: ['2020-02-21 00:00:00']
[2026-05-15 19:55:39] Weather image size: 1
[2026-05-15 19:55:39] Forecast duration: 2020-02-22 00:00:00 to 2020-02-23 00:00:00
[2026-05-15 19:55:39] Number of forecast images: 24
[2026-05-15 19:55:39] Using forecast run: 2020-02-21 18:00:00 UTC
[2026-05-15 19:55:40] Forecast Rain Available hours: [6, 7, 8, 9, 10, 11, 12, 13, 14, 15, 16, 17, 18, 19, 20, 21, 22, 23, 24, 25, 26, 27, 28, 29]
[2026-05-15 19:55:40] Valid hours for sum: [12, 18, 24, 29]
[2026-05-15 19:55:41] Drought composite end date: 2020-02-19 06:00:00
[2026-05-15 19:55:41] Land cover year: 2019
[2026-05-15 19:55:42] VIIRS Veg composite: 2020-02-10 → 2020-02-26
[2026-05-15 19:55:46] Started export task: fire_30_dynamic_2020-02-21
[2026-05-15 19:55:47] ------ Processing date=2020-02-22 ------
[2026-05-15 19:55:47] Using viirs_af_path: viirs_af_path
[2026-05-15 19:55:47] VIIRS Image Date: ['2020-02-22 00:00:00']
[2026-05-15 19:55:47] Weather image size: 1
[2026-05-15 19:55:47] Forecast duration: 2020-02-23 00:00:00 to 2020-02-24 00:00:00
[2026-05-15 19:55:48] Number of forecast images: 24
[2026-05-15 19:55:48] Using forecast run: 2020-02-22 18:00:00 UTC
[2026-05-15 19:55:48] Forecast Rain Available hours: [6, 7, 8, 9, 10, 11, 12, 13, 14, 15, 16, 17, 18, 19, 20, 21, 22, 23, 24, 25, 26, 27, 28, 29]
[2026-05-15 19:55:48] Valid hours for sum: [12, 18, 24, 29]
[2026-05-15 19:55:51] Drought composite end date: 2020-02-19 06:00:00
[2026-05-15 19:55:51] Land cover year: 2019
[2026-05-15 19:55:52] VIIRS Veg composite: 2020-02-10 → 2020-02-26
[2026-05-15 19:55:55] Started export task: fire_30_dynamic_2020-02-22
[2026-05-15 19:55:56] ------ Processing date=2020-02-23 ------
[2026-05-15 19:55:56] Using viirs_af_path: viirs_af_path
[2026-05-15 19:55:56] VIIRS Image Date: ['2020-02-23 00:00:00']
[2026-05-15 19:55:56] Weather image size: 1
[2026-05-15 19:55:56] Forecast duration: 2020-02-24 00:00:00 to 2020-02-25 00:00:00
[2026-05-15 19:55:57] Number of forecast images: 24
[2026-05-15 19:55:57] Using forecast run: 2020-02-23 18:00:00 UTC
[2026-05-15 19:55:57] Forecast Rain Available hours: [6, 7, 8, 9, 10, 11, 12, 13, 14, 15, 16, 17, 18, 19, 20, 21, 22, 23, 24, 25, 26, 27, 28, 29]
[2026-05-15 19:55:57] Valid hours for sum: [12, 18, 24, 29]
[2026-05-15 19:56:00] Drought composite end date: 2020-02-19 06:00:00
[2026-05-15 19:56:00] Land cover year: 2019
[2026-05-15 19:56:02] VIIRS Veg composite: 2020-02-10 → 2020-02-26
[2026-05-15 19:56:05] Started export task: fire_30_dynamic_2020-02-23
[2026-05-15 19:56:05] ------ Processing date=2020-02-24 ------
[2026-05-15 19:56:05] Using viirs_af_path: viirs_af_path
[2026-05-15 19:56:06] VIIRS Image Date: ['2020-02-24 00:00:00']
[2026-05-15 19:56:06] Weather image size: 1
[2026-05-15 19:56:06] Forecast duration: 2020-02-25 00:00:00 to 2020-02-26 00:00:00
[2026-05-15 19:56:06] Number of forecast images: 24
[2026-05-15 19:56:06] Using forecast run: 2020-02-24 18:00:00 UTC
[2026-05-15 19:56:07] Forecast Rain Available hours: [6, 7, 8, 9, 10, 11, 12, 13, 14, 15, 16, 17, 18, 19, 20, 21, 22, 23, 24, 25, 26, 27, 28, 29]
[2026-05-15 19:56:07] Valid hours for sum: [12, 18, 24, 29]
[2026-05-15 19:56:08] Drought composite end date: 2020-02-19 06:00:00
[2026-05-15 19:56:08] Land cover year: 2019
[2026-05-15 19:56:09] VIIRS Veg composite: 2020-02-10 → 2020-02-26
[2026-05-15 19:56:14] Started export task: fire_30_dynamic_2020-02-24
[2026-05-15 19:56:14] ------ Processing date=2020-02-25 ------
[2026-05-15 19:56:14] Using viirs_af_path: viirs_af_path
[2026-05-15 19:56:14] VIIRS Image Date: ['2020-02-25 00:00:00']
[2026-05-15 19:56:15] Weather image size: 1
[2026-05-15 19:56:15] Forecast duration: 2020-02-26 00:00:00 to 2020-02-27 00:00:00
[2026-05-15 19:56:16] Number of forecast images: 24
[2026-05-15 19:56:16] Using forecast run: 2020-02-25 18:00:00 UTC
[2026-05-15 19:56:16] Forecast Rain Available hours: [6, 7, 8, 9, 10, 11, 12, 13, 14, 15, 16, 17, 18, 19, 20, 21, 22, 23, 24, 25, 26, 27, 28, 29]
[2026-05-15 19:56:16] Valid hours for sum: [12, 18, 24, 29]
[2026-05-15 19:56:18] Drought composite end date: 2020-02-24 06:00:00
[2026-05-15 19:56:19] Land cover year: 2019
[2026-05-15 19:56:20] VIIRS Veg composite: 2020-02-10 → 2020-02-26
[2026-05-15 19:56:23] Started export task: fire_30_dynamic_2020-02-25
[2026-05-15 19:56:23] ------ Processing date=2020-02-26 ------
[2026-05-15 19:56:23] Using viirs_af_path: viirs_af_path
[2026-05-15 19:56:24] VIIRS Image Date: ['2020-02-26 00:00:00']
[2026-05-15 19:56:24] Weather image size: 1
[2026-05-15 19:56:24] Forecast duration: 2020-02-27 00:00:00 to 2020-02-28 00:00:00
[2026-05-15 19:56:24] Number of forecast images: 24
[2026-05-15 19:56:24] Using forecast run: 2020-02-26 18:00:00 UTC
[2026-05-15 19:56:25] Forecast Rain Available hours: [6, 7, 8, 9, 10, 11, 12, 13, 14, 15, 16, 17, 18, 19, 20, 21, 22, 23, 24, 25, 26, 27, 28, 29]
[2026-05-15 19:56:25] Valid hours for sum: [12, 18, 24, 29]
[2026-05-15 19:56:27] Drought composite end date: 2020-02-24 06:00:00
[2026-05-15 19:56:28] Land cover year: 2019
[2026-05-15 19:56:28] VIIRS Veg composite: 2020-02-10 → 2020-02-26
[2026-05-15 19:56:32] Started export task: fire_30_dynamic_2020-02-26
[2026-05-15 19:56:33] ------ Processing date=2020-02-27 ------
[2026-05-15 19:56:33] Using viirs_af_path: viirs_af_path
[2026-05-15 19:56:33] VIIRS Image Date: ['2020-02-27 00:00:00']
[2026-05-15 19:56:33] Weather image size: 1
[2026-05-15 19:56:33] Forecast duration: 2020-02-28 00:00:00 to 2020-02-29 00:00:00
[2026-05-15 19:56:34] Number of forecast images: 24
[2026-05-15 19:56:34] Using forecast run: 2020-02-27 18:00:00 UTC
[2026-05-15 19:56:34] Forecast Rain Available hours: [6, 7, 8, 9, 10, 11, 12, 13, 14, 15, 16, 17, 18, 19, 20, 21, 22, 23, 24, 25, 26, 27, 28, 29]
[2026-05-15 19:56:34] Valid hours for sum: [12, 18, 24, 29]
[2026-05-15 19:56:36] Drought composite end date: 2020-02-24 06:00:00
[2026-05-15 19:56:36] Land cover year: 2019
[2026-05-15 19:56:38] VIIRS Veg composite: 2020-02-10 → 2020-02-26
[2026-05-15 19:56:41] Started export task: fire_30_dynamic_2020-02-27
[2026-05-15 19:56:42] ------ Processing date=2020-02-28 ------
[2026-05-15 19:56:42] Using viirs_af_path: viirs_af_path
[2026-05-15 19:56:42] VIIRS Image Date: ['2020-02-28 00:00:00']
[2026-05-15 19:56:42] Weather image size: 1
[2026-05-15 19:56:42] Forecast duration: 2020-02-29 00:00:00 to 2020-03-01 00:00:00
[2026-05-15 19:56:43] Number of forecast images: 24
[2026-05-15 19:56:43] Using forecast run: 2020-02-28 18:00:00 UTC
[2026-05-15 19:56:43] Forecast Rain Available hours: [6, 7, 8, 9, 10, 11, 12, 13, 14, 15, 16, 17, 18, 19, 20, 21, 22, 23, 24, 25, 26, 27, 28, 29]
[2026-05-15 19:56:43] Valid hours for sum: [12, 18, 24, 29]
[2026-05-15 19:56:45] Drought composite end date: 2020-02-24 06:00:00
[2026-05-15 19:56:46] Land cover year: 2019
[2026-05-15 19:56:47] VIIRS Veg composite: 2020-02-10 → 2020-02-26
[2026-05-15 19:56:50] Started export task: fire_30_dynamic_2020-02-28
[2026-05-15 19:56:51] ------ Processing date=2020-02-29 ------
[2026-05-15 19:56:51] Using viirs_af_path: viirs_af_path
[2026-05-15 19:56:51] VIIRS Image Date: ['2020-02-29 00:00:00']
[2026-05-15 19:56:51] Weather image size: 1
[2026-05-15 19:56:51] Forecast duration: 2020-03-01 00:00:00 to 2020-03-02 00:00:00
[2026-05-15 19:56:52] Number of forecast images: 24
[2026-05-15 19:56:52] Using forecast run: 2020-02-29 18:00:00 UTC
[2026-05-15 19:56:53] Forecast Rain Available hours: [6, 7, 8, 9, 10, 11, 12, 13, 14, 15, 16, 17, 18, 19, 20, 21, 22, 23, 24, 25, 26, 27, 28, 29]
[2026-05-15 19:56:53] Valid hours for sum: [12, 18, 24, 29]
[2026-05-15 19:56:54] Drought composite end date: 2020-02-24 06:00:00
[2026-05-15 19:56:54] Land cover year: 2019
[2026-05-15 19:56:55] VIIRS Veg composite: 2020-02-10 → 2020-02-26
[2026-05-15 19:56:59] Started export task: fire_30_dynamic_2020-02-29
[2026-05-15 19:56:59] ------ Processing date=2020-03-01 ------
[2026-05-15 19:56:59] Using viirs_af_path: viirs_af_path
[2026-05-15 19:56:59] VIIRS Image Date: ['2020-03-01 00:00:00']
[2026-05-15 19:56:59] Weather image size: 1
[2026-05-15 19:56:59] Forecast duration: 2020-03-02 00:00:00 to 2020-03-03 00:00:00
[2026-05-15 19:57:00] Number of forecast images: 24
[2026-05-15 19:57:00] Using forecast run: 2020-03-01 18:00:00 UTC
[2026-05-15 19:57:01] Forecast Rain Available hours: [6, 7, 8, 9, 10, 11, 12, 13, 14, 15, 16, 17, 18, 19, 20, 21, 22, 23, 24, 25, 26, 27, 28, 29]
[2026-05-15 19:57:01] Valid hours for sum: [12, 18, 24, 29]
[2026-05-15 19:57:03] Drought composite end date: 2020-02-29 06:00:00
[2026-05-15 19:57:04] Land cover year: 2019
[2026-05-15 19:57:04] VIIRS Veg composite: 2020-02-10 → 2020-02-26
[2026-05-15 19:57:07] Started export task: fire_30_dynamic_2020-03-01
[2026-05-15 19:57:08] ------ Processing date=2020-03-02 ------
[2026-05-15 19:57:08] Using viirs_af_path: viirs_af_path
[2026-05-15 19:57:08] VIIRS Image Date: ['2020-03-02 00:00:00']
[2026-05-15 19:57:08] Weather image size: 1
[2026-05-15 19:57:08] Forecast duration: 2020-03-03 00:00:00 to 2020-03-04 00:00:00
[2026-05-15 19:57:09] Number of forecast images: 24
[2026-05-15 19:57:09] Using forecast run: 2020-03-02 18:00:00 UTC
[2026-05-15 19:57:09] Forecast Rain Available hours: [6, 7, 8, 9, 10, 11, 12, 13, 14, 15, 16, 17, 18, 19, 20, 21, 22, 23, 24, 25, 26, 27, 28, 29]
[2026-05-15 19:57:09] Valid hours for sum: [12, 18, 24, 29]
[2026-05-15 19:57:10] Drought composite end date: 2020-02-29 06:00:00
[2026-05-15 19:57:11] Land cover year: 2019
[2026-05-15 19:57:12] VIIRS Veg composite: 2020-02-10 → 2020-02-26
[2026-05-15 19:57:16] Started export task: fire_30_dynamic_2020-03-02
[2026-05-15 19:57:16] END: ----------Event fire_30----------- (Duration: 1.98m)
[2026-05-15 19:57:16] START: ----------Event fire_58-----------
[2026-05-15 19:57:16] ------ Processing date=2020-04-11 ------
[2026-05-15 19:57:16] Using viirs_af_path: viirs_af_path
[2026-05-15 19:57:17] VIIRS Image Date: ['2020-04-11 00:00:00']
[2026-05-15 19:57:17] Weather image size: 1
[2026-05-15 19:57:17] Forecast duration: 2020-04-12 00:00:00 to 2020-04-13 00:00:00
[2026-05-15 19:57:18] Number of forecast images: 24
[2026-05-15 19:57:18] Using forecast run: 2020-04-11 18:00:00 UTC
[2026-05-15 19:57:18] Forecast Rain Available hours: [6, 7, 8, 9, 10, 11, 12, 13, 14, 15, 16, 17, 18, 19, 20, 21, 22, 23, 24, 25, 26, 27, 28, 29]
[2026-05-15 19:57:18] Valid hours for sum: [12, 18, 24, 29]
[2026-05-15 19:57:21] Drought composite end date: 2020-04-09 06:00:00
[2026-05-15 19:57:21] Land cover year: 2019
[2026-05-15 19:57:22] VIIRS Veg composite: 2020-03-29 → 2020-04-14
[2026-05-15 19:57:25] Started export task: fire_58_static
[2026-05-15 19:57:25] Started export task: fire_58_dynamic_2020-04-11
[2026-05-15 19:57:26] ------ Processing date=2020-04-12 ------
[2026-05-15 19:57:26] Using viirs_af_path: viirs_af_path
[2026-05-15 19:57:26] VIIRS Image Date: ['2020-04-12 00:00:00']
[2026-05-15 19:57:26] Weather image size: 1
[2026-05-15 19:57:26] Forecast duration: 2020-04-13 00:00:00 to 2020-04-14 00:00:00
[2026-05-15 19:57:27] Number of forecast images: 24
[2026-05-15 19:57:27] Using forecast run: 2020-04-12 18:00:00 UTC
[2026-05-15 19:57:28] Forecast Rain Available hours: [6, 7, 8, 9, 10, 11, 12, 13, 14, 15, 16, 17, 18, 19, 20, 21, 22, 23, 24, 25, 26, 27, 28, 29]
[2026-05-15 19:57:28] Valid hours for sum: [12, 18, 24, 29]
[2026-05-15 19:57:29] Drought composite end date: 2020-04-09 06:00:00
[2026-05-15 19:57:30] Land cover year: 2019
[2026-05-15 19:57:31] VIIRS Veg composite: 2020-03-29 → 2020-04-14
[2026-05-15 19:57:35] Started export task: fire_58_dynamic_2020-04-12
[2026-05-15 19:57:35] ------ Processing date=2020-04-13 ------
[2026-05-15 19:57:35] Using viirs_af_path: viirs_af_path
[2026-05-15 19:57:36] VIIRS Image Date: ['2020-04-13 00:00:00']
[2026-05-15 19:57:36] Weather image size: 1
[2026-05-15 19:57:36] Forecast duration: 2020-04-14 00:00:00 to 2020-04-15 00:00:00
[2026-05-15 19:57:37] Number of forecast images: 24
[2026-05-15 19:57:37] Using forecast run: 2020-04-13 18:00:00 UTC
[2026-05-15 19:57:37] Forecast Rain Available hours: [6, 7, 8, 9, 10, 11, 12, 13, 14, 15, 16, 17, 18, 19, 20, 21, 22, 23, 24, 25, 26, 27, 28, 29]
[2026-05-15 19:57:37] Valid hours for sum: [12, 18, 24, 29]
[2026-05-15 19:57:40] Drought composite end date: 2020-04-09 06:00:00
[2026-05-15 19:57:40] Land cover year: 2019
[2026-05-15 19:57:41] VIIRS Veg composite: 2020-03-29 → 2020-04-14
[2026-05-15 19:57:46] Started export task: fire_58_dynamic_2020-04-13
[2026-05-15 19:57:46] ------ Processing date=2020-04-14 ------
[2026-05-15 19:57:46] Using viirs_af_path: viirs_af_path
[2026-05-15 19:57:47] VIIRS Image Date: ['2020-04-14 00:00:00']
[2026-05-15 19:57:47] Weather image size: 1
[2026-05-15 19:57:47] Forecast duration: 2020-04-15 00:00:00 to 2020-04-16 00:00:00
[2026-05-15 19:57:47] Number of forecast images: 24
[2026-05-15 19:57:47] Using forecast run: 2020-04-14 18:00:00 UTC
[2026-05-15 19:57:48] Forecast Rain Available hours: [6, 7, 8, 9, 10, 11, 12, 13, 14, 15, 16, 17, 18, 19, 20, 21, 22, 23, 24, 25, 26, 27, 28, 29]
[2026-05-15 19:57:48] Valid hours for sum: [12, 18, 24, 29]
[2026-05-15 19:57:49] Drought composite end date: 2020-04-09 06:00:00
[2026-05-15 19:57:50] Land cover year: 2019
[2026-05-15 19:57:51] VIIRS Veg composite: 2020-03-29 → 2020-04-14
[2026-05-15 19:57:55] Started export task: fire_58_dynamic_2020-04-14
[2026-05-15 19:57:55] ------ Processing date=2020-04-15 ------
[2026-05-15 19:57:55] Using viirs_af_path: viirs_af_path
[2026-05-15 19:57:56] VIIRS Image Date: ['2020-04-15 00:00:00']
[2026-05-15 19:57:56] Weather image size: 1
[2026-05-15 19:57:56] Forecast duration: 2020-04-16 00:00:00 to 2020-04-17 00:00:00
[2026-05-15 19:57:57] Number of forecast images: 24
[2026-05-15 19:57:57] Using forecast run: 2020-04-15 18:00:00 UTC
[2026-05-15 19:57:57] Forecast Rain Available hours: [6, 7, 8, 9, 10, 11, 12, 13, 14, 15, 16, 17, 18, 19, 20, 21, 22, 23, 24, 25, 26, 27, 28, 29]
[2026-05-15 19:57:57] Valid hours for sum: [12, 18, 24, 29]
[2026-05-15 19:58:00] Drought composite end date: 2020-04-14 06:00:00
[2026-05-15 19:58:00] Land cover year: 2019
[2026-05-15 19:58:01] VIIRS Veg composite: 2020-03-29 → 2020-04-14
[2026-05-15 19:58:05] Started export task: fire_58_dynamic_2020-04-15
[2026-05-15 19:58:06] ------ Processing date=2020-04-16 ------
[2026-05-15 19:58:06] Using viirs_af_path: viirs_af_path
[2026-05-15 19:58:06] VIIRS Image Date: ['2020-04-16 00:00:00']
[2026-05-15 19:58:06] Weather image size: 1
[2026-05-15 19:58:06] Forecast duration: 2020-04-17 00:00:00 to 2020-04-18 00:00:00
[2026-05-15 19:58:07] Number of forecast images: 24
[2026-05-15 19:58:07] Using forecast run: 2020-04-16 18:00:00 UTC
[2026-05-15 19:58:08] Forecast Rain Available hours: [6, 7, 8, 9, 10, 11, 12, 13, 14, 15, 16, 17, 18, 19, 20, 21, 22, 23, 24, 25, 26, 27, 28, 29]
[2026-05-15 19:58:08] Valid hours for sum: [12, 18, 24, 29]
[2026-05-15 19:58:10] Drought composite end date: 2020-04-14 06:00:00
[2026-05-15 19:58:10] Land cover year: 2019
[2026-05-15 19:58:11] VIIRS Veg composite: 2020-03-29 → 2020-04-14
[2026-05-15 19:58:15] Started export task: fire_58_dynamic_2020-04-16
[2026-05-15 19:58:15] ------ Processing date=2020-04-17 ------
[2026-05-15 19:58:15] Using viirs_af_path: viirs_af_path
[2026-05-15 19:58:16] VIIRS Image Date: ['2020-04-17 00:00:00']
[2026-05-15 19:58:16] Weather image size: 1
[2026-05-15 19:58:16] Forecast duration: 2020-04-18 00:00:00 to 2020-04-19 00:00:00
[2026-05-15 19:58:17] Number of forecast images: 24
[2026-05-15 19:58:17] Using forecast run: 2020-04-17 18:00:00 UTC
[2026-05-15 19:58:17] Forecast Rain Available hours: [6, 7, 8, 9, 10, 11, 12, 13, 14, 15, 16, 17, 18, 19, 20, 21, 22, 23, 24, 25, 26, 27, 28, 29]
[2026-05-15 19:58:17] Valid hours for sum: [12, 18, 24, 29]
[2026-05-15 19:58:19] Drought composite end date: 2020-04-14 06:00:00
[2026-05-15 19:58:20] Land cover year: 2019
[2026-05-15 19:58:21] VIIRS Veg composite: 2020-03-29 → 2020-04-14
[2026-05-15 19:58:24] Started export task: fire_58_dynamic_2020-04-17
[2026-05-15 19:58:25] ------ Processing date=2020-04-18 ------
[2026-05-15 19:58:25] Using viirs_af_path: viirs_af_path
[2026-05-15 19:58:25] VIIRS Image Date: ['2020-04-18 00:00:00']
[2026-05-15 19:58:26] Weather image size: 1
[2026-05-15 19:58:26] Forecast duration: 2020-04-19 00:00:00 to 2020-04-20 00:00:00
[2026-05-15 19:58:26] Number of forecast images: 24
[2026-05-15 19:58:26] Using forecast run: 2020-04-18 18:00:00 UTC
[2026-05-15 19:58:27] Forecast Rain Available hours: [6, 7, 8, 9, 10, 11, 12, 13, 14, 15, 16, 17, 18, 19, 20, 21, 22, 23, 24, 25, 26, 27, 28, 29]
[2026-05-15 19:58:27] Valid hours for sum: [12, 18, 24, 29]
[2026-05-15 19:58:29] Drought composite end date: 2020-04-14 06:00:00
[2026-05-15 19:58:30] Land cover year: 2019
[2026-05-15 19:58:31] VIIRS Veg composite: 2020-03-29 → 2020-04-14
[2026-05-15 19:58:35] Started export task: fire_58_dynamic_2020-04-18
[2026-05-15 19:58:35] ------ Processing date=2020-04-19 ------
[2026-05-15 19:58:35] Using viirs_af_path: viirs_af_path
[2026-05-15 19:58:36] VIIRS Image Date: ['2020-04-19 00:00:00']
[2026-05-15 19:58:36] Weather image size: 1
[2026-05-15 19:58:36] Forecast duration: 2020-04-20 00:00:00 to 2020-04-21 00:00:00
[2026-05-15 19:58:37] Number of forecast images: 24
[2026-05-15 19:58:37] Using forecast run: 2020-04-19 18:00:00 UTC
[2026-05-15 19:58:37] Forecast Rain Available hours: [6, 7, 8, 9, 10, 11, 12, 13, 14, 15, 16, 17, 18, 19, 20, 21, 22, 23, 24, 25, 26, 27, 28, 29]
[2026-05-15 19:58:37] Valid hours for sum: [12, 18, 24, 29]
[2026-05-15 19:58:40] Drought composite end date: 2020-04-14 06:00:00
[2026-05-15 19:58:40] Land cover year: 2019
[2026-05-15 19:58:41] VIIRS Veg composite: 2020-03-29 → 2020-04-14
[2026-05-15 19:58:45] Started export task: fire_58_dynamic_2020-04-19
[2026-05-15 19:58:46] ------ Processing date=2020-04-20 ------
[2026-05-15 19:58:46] Using viirs_af_path: viirs_af_path
[2026-05-15 19:58:46] VIIRS Image Date: ['2020-04-20 00:00:00']
[2026-05-15 19:58:46] Weather image size: 1
[2026-05-15 19:58:46] Forecast duration: 2020-04-21 00:00:00 to 2020-04-22 00:00:00
[2026-05-15 19:58:47] Number of forecast images: 24
[2026-05-15 19:58:47] Using forecast run: 2020-04-20 18:00:00 UTC
[2026-05-15 19:58:47] Forecast Rain Available hours: [6, 7, 8, 9, 10, 11, 12, 13, 14, 15, 16, 17, 18, 19, 20, 21, 22, 23, 24, 25, 26, 27, 28, 29]
[2026-05-15 19:58:47] Valid hours for sum: [12, 18, 24, 29]
[2026-05-15 19:58:48] Drought composite end date: 2020-04-19 06:00:00
[2026-05-15 19:58:49] Land cover year: 2019
[2026-05-15 19:58:50] VIIRS Veg composite: 2020-03-29 → 2020-04-14
[2026-05-15 19:58:53] Started export task: fire_58_dynamic_2020-04-20
[2026-05-15 19:58:54] ------ Processing date=2020-04-21 ------
[2026-05-15 19:58:54] Using viirs_af_path: viirs_af_path
[2026-05-15 19:58:54] VIIRS Image Date: ['2020-04-21 00:00:00']
[2026-05-15 19:58:54] Weather image size: 1
[2026-05-15 19:58:54] Forecast duration: 2020-04-22 00:00:00 to 2020-04-23 00:00:00
[2026-05-15 19:58:55] Number of forecast images: 24
[2026-05-15 19:58:55] Using forecast run: 2020-04-21 18:00:00 UTC
[2026-05-15 19:58:56] Forecast Rain Available hours: [6, 7, 8, 9, 10, 11, 12, 13, 14, 15, 16, 17, 18, 19, 20, 21, 22, 23, 24, 25, 26, 27, 28, 29]
[2026-05-15 19:58:56] Valid hours for sum: [12, 18, 24, 29]
[2026-05-15 19:58:58] Drought composite end date: 2020-04-19 06:00:00
[2026-05-15 19:58:58] Land cover year: 2019
[2026-05-15 19:58:59] VIIRS Veg composite: 2020-03-29 → 2020-04-14
[2026-05-15 19:59:02] Started export task: fire_58_dynamic_2020-04-21
[2026-05-15 19:59:02] ------ Processing date=2020-04-22 ------
[2026-05-15 19:59:02] Using viirs_af_path: viirs_af_path
[2026-05-15 19:59:02] VIIRS Image Date: ['2020-04-22 00:00:00']
[2026-05-15 19:59:03] Weather image size: 1
[2026-05-15 19:59:03] Forecast duration: 2020-04-23 00:00:00 to 2020-04-24 00:00:00
[2026-05-15 19:59:04] Number of forecast images: 24
[2026-05-15 19:59:04] Using forecast run: 2020-04-22 18:00:00 UTC
[2026-05-15 19:59:05] Forecast Rain Available hours: [6, 7, 8, 9, 10, 11, 12, 13, 14, 15, 16, 17, 18, 19, 20, 21, 22, 23, 24, 25, 26, 27, 28, 29]
[2026-05-15 19:59:05] Valid hours for sum: [12, 18, 24, 29]
[2026-05-15 19:59:06] Drought composite end date: 2020-04-19 06:00:00
[2026-05-15 19:59:07] Land cover year: 2019
[2026-05-15 19:59:08] VIIRS Veg composite: 2020-03-29 → 2020-04-14
[2026-05-15 19:59:12] Started export task: fire_58_dynamic_2020-04-22
[2026-05-15 19:59:12] ------ Processing date=2020-04-23 ------
[2026-05-15 19:59:12] Using viirs_af_path: viirs_af_path
[2026-05-15 19:59:12] VIIRS Image Date: ['2020-04-23 00:00:00']
[2026-05-15 19:59:13] Weather image size: 1
[2026-05-15 19:59:13] Forecast duration: 2020-04-24 00:00:00 to 2020-04-25 00:00:00
[2026-05-15 19:59:14] Number of forecast images: 24
[2026-05-15 19:59:14] Using forecast run: 2020-04-23 18:00:00 UTC
[2026-05-15 19:59:15] Forecast Rain Available hours: [6, 7, 8, 9, 10, 11, 12, 13, 14, 15, 16, 17, 18, 19, 20, 21, 22, 23, 24, 25, 26, 27, 28, 29]
[2026-05-15 19:59:15] Valid hours for sum: [12, 18, 24, 29]
[2026-05-15 19:59:16] Drought composite end date: 2020-04-19 06:00:00
[2026-05-15 19:59:16] Land cover year: 2019
[2026-05-15 19:59:17] VIIRS Veg composite: 2020-03-29 → 2020-04-14
[2026-05-15 19:59:20] Started export task: fire_58_dynamic_2020-04-23
[2026-05-15 19:59:20] ------ Processing date=2020-04-24 ------
[2026-05-15 19:59:20] Using viirs_af_path: viirs_af_path
[2026-05-15 19:59:21] VIIRS Image Date: ['2020-04-24 00:00:00']
[2026-05-15 19:59:21] Weather image size: 1
[2026-05-15 19:59:21] Forecast duration: 2020-04-25 00:00:00 to 2020-04-26 00:00:00
[2026-05-15 19:59:22] Number of forecast images: 24
[2026-05-15 19:59:22] Using forecast run: 2020-04-24 18:00:00 UTC
[2026-05-15 19:59:22] Forecast Rain Available hours: [6, 7, 8, 9, 10, 11, 12, 13, 14, 15, 16, 17, 18, 19, 20, 21, 22, 23, 24, 25, 26, 27, 28, 29]
[2026-05-15 19:59:22] Valid hours for sum: [12, 18, 24, 29]
[2026-05-15 19:59:25] Drought composite end date: 2020-04-19 06:00:00
[2026-05-15 19:59:25] Land cover year: 2019
[2026-05-15 19:59:26] VIIRS Veg composite: 2020-03-29 → 2020-04-14
[2026-05-15 19:59:29] Started export task: fire_58_dynamic_2020-04-24
[2026-05-15 19:59:29] ------ Processing date=2020-04-25 ------
[2026-05-15 19:59:29] Using viirs_af_path: viirs_af_path
[2026-05-15 19:59:30] VIIRS Image Date: ['2020-04-25 00:00:00']
[2026-05-15 19:59:30] Weather image size: 1
[2026-05-15 19:59:30] Forecast duration: 2020-04-26 00:00:00 to 2020-04-27 00:00:00
[2026-05-15 19:59:31] Number of forecast images: 24
[2026-05-15 19:59:31] Using forecast run: 2020-04-25 18:00:00 UTC
[2026-05-15 19:59:31] Forecast Rain Available hours: [6, 7, 8, 9, 10, 11, 12, 13, 14, 15, 16, 17, 18, 19, 20, 21, 22, 23, 24, 25, 26, 27, 28, 29]
[2026-05-15 19:59:31] Valid hours for sum: [12, 18, 24, 29]
[2026-05-15 19:59:33] Drought composite end date: 2020-04-24 06:00:00
[2026-05-15 19:59:33] Land cover year: 2019
[2026-05-15 19:59:34] VIIRS Veg composite: 2020-03-29 → 2020-04-14
[2026-05-15 19:59:39] Started export task: fire_58_dynamic_2020-04-25
[2026-05-15 19:59:39] ------ Processing date=2020-04-26 ------
[2026-05-15 19:59:39] Using viirs_af_path: viirs_af_path
[2026-05-15 19:59:39] VIIRS Image Date: ['2020-04-26 00:00:00']
[2026-05-15 19:59:39] Weather image size: 1
[2026-05-15 19:59:39] Forecast duration: 2020-04-27 00:00:00 to 2020-04-28 00:00:00
[2026-05-15 19:59:40] Number of forecast images: 24
[2026-05-15 19:59:40] Using forecast run: 2020-04-26 18:00:00 UTC
[2026-05-15 19:59:41] Forecast Rain Available hours: [6, 7, 8, 9, 10, 11, 12, 13, 14, 15, 16, 17, 18, 19, 20, 21, 22, 23, 24, 25, 26, 27, 28, 29]
[2026-05-15 19:59:41] Valid hours for sum: [12, 18, 24, 29]
[2026-05-15 19:59:43] Drought composite end date: 2020-04-24 06:00:00
[2026-05-15 19:59:43] Land cover year: 2019
[2026-05-15 19:59:44] VIIRS Veg composite: 2020-03-29 → 2020-04-14
[2026-05-15 19:59:48] Started export task: fire_58_dynamic_2020-04-26
[2026-05-15 19:59:48] ------ Processing date=2020-04-27 ------
[2026-05-15 19:59:48] Using viirs_af_path: viirs_af_path
[2026-05-15 19:59:48] VIIRS Image Date: ['2020-04-27 00:00:00']
[2026-05-15 19:59:49] Weather image size: 1
[2026-05-15 19:59:49] Forecast duration: 2020-04-28 00:00:00 to 2020-04-29 00:00:00
[2026-05-15 19:59:49] Number of forecast images: 24
[2026-05-15 19:59:49] Using forecast run: 2020-04-27 18:00:00 UTC
[2026-05-15 19:59:50] Forecast Rain Available hours: [6, 7, 8, 9, 10, 11, 12, 13, 14, 15, 16, 17, 18, 19, 20, 21, 22, 23, 24, 25, 26, 27, 28, 29]
[2026-05-15 19:59:50] Valid hours for sum: [12, 18, 24, 29]
[2026-05-15 19:59:52] Drought composite end date: 2020-04-24 06:00:00
[2026-05-15 19:59:52] Land cover year: 2019
[2026-05-15 19:59:53] VIIRS Veg composite: 2020-03-29 → 2020-04-14
[2026-05-15 19:59:58] Started export task: fire_58_dynamic_2020-04-27
[2026-05-15 19:59:59] ------ Processing date=2020-04-28 ------
[2026-05-15 19:59:59] Using viirs_af_path: viirs_af_path
[2026-05-15 19:59:59] VIIRS Image Date: ['2020-04-28 00:00:00']
[2026-05-15 19:59:59] Weather image size: 1
[2026-05-15 19:59:59] Forecast duration: 2020-04-29 00:00:00 to 2020-04-30 00:00:00
[2026-05-15 20:00:00] Number of forecast images: 24
[2026-05-15 20:00:00] Using forecast run: 2020-04-28 18:00:00 UTC
[2026-05-15 20:00:00] Forecast Rain Available hours: [6, 7, 8, 9, 10, 11, 12, 13, 14, 15, 16, 17, 18, 19, 20, 21, 22, 23, 24, 25, 26, 27, 28, 29]
[2026-05-15 20:00:00] Valid hours for sum: [12, 18, 24, 29]
[2026-05-15 20:00:03] Drought composite end date: 2020-04-24 06:00:00
[2026-05-15 20:00:03] Land cover year: 2019
[2026-05-15 20:00:04] VIIRS Veg composite: 2020-03-29 → 2020-04-14
[2026-05-15 20:00:07] Started export task: fire_58_dynamic_2020-04-28
[2026-05-15 20:00:07] END: ----------Event fire_58----------- (Duration: 2.85m)
[2026-05-15 20:00:07] START: ----------Event fire_70-----------
[2026-05-15 20:00:08] ------ Processing date=2020-05-02 ------
[2026-05-15 20:00:08] Using viirs_af_path: viirs_af_path
[2026-05-15 20:00:08] VIIRS Image Date: ['2020-05-02 00:00:00']
[2026-05-15 20:00:08] Weather image size: 1
[2026-05-15 20:00:08] Forecast duration: 2020-05-03 00:00:00 to 2020-05-04 00:00:00
[2026-05-15 20:00:09] Number of forecast images: 24
[2026-05-15 20:00:09] Using forecast run: 2020-05-02 18:00:00 UTC
[2026-05-15 20:00:09] Forecast Rain Available hours: [6, 7, 8, 9, 10, 11, 12, 13, 14, 15, 16, 17, 18, 19, 20, 21, 22, 23, 24, 25, 26, 27, 28, 29]
[2026-05-15 20:00:09] Valid hours for sum: [12, 18, 24, 29]
[2026-05-15 20:00:11] Drought composite end date: 2020-04-29 06:00:00
[2026-05-15 20:00:11] Land cover year: 2019
[2026-05-15 20:00:12] VIIRS Veg composite: 2020-04-22 → 2020-05-08
[2026-05-15 20:00:16] Started export task: fire_70_static
[2026-05-15 20:00:17] Started export task: fire_70_dynamic_2020-05-02
[2026-05-15 20:00:17] ------ Processing date=2020-05-03 ------
[2026-05-15 20:00:17] Using viirs_af_path: viirs_af_path
[2026-05-15 20:00:17] VIIRS Image Date: ['2020-05-03 00:00:00']
[2026-05-15 20:00:17] Weather image size: 1
[2026-05-15 20:00:17] Forecast duration: 2020-05-04 00:00:00 to 2020-05-05 00:00:00
[2026-05-15 20:00:19] Number of forecast images: 24
[2026-05-15 20:00:19] Using forecast run: 2020-05-03 18:00:00 UTC
[2026-05-15 20:00:19] Forecast Rain Available hours: [6, 7, 8, 9, 10, 11, 12, 13, 14, 15, 16, 17, 18, 19, 20, 21, 22, 23, 24, 25, 26, 27, 28, 29]
[2026-05-15 20:00:19] Valid hours for sum: [12, 18, 24, 29]
[2026-05-15 20:00:22] Drought composite end date: 2020-04-29 06:00:00
[2026-05-15 20:00:22] Land cover year: 2019
[2026-05-15 20:00:23] VIIRS Veg composite: 2020-04-22 → 2020-05-08
[2026-05-15 20:00:27] Started export task: fire_70_dynamic_2020-05-03
[2026-05-15 20:00:28] ------ Processing date=2020-05-04 ------
[2026-05-15 20:00:28] Using viirs_af_path: viirs_af_path
[2026-05-15 20:00:28] VIIRS Image Date: ['2020-05-04 00:00:00']
[2026-05-15 20:00:29] Weather image size: 1
[2026-05-15 20:00:29] Forecast duration: 2020-05-05 00:00:00 to 2020-05-06 00:00:00
[2026-05-15 20:00:30] Number of forecast images: 24
[2026-05-15 20:00:30] Using forecast run: 2020-05-04 18:00:00 UTC
[2026-05-15 20:00:31] Forecast Rain Available hours: [6, 7, 8, 9, 10, 11, 12, 13, 14, 15, 16, 17, 18, 19, 20, 21, 22, 23, 24, 25, 26, 27, 28, 29]
[2026-05-15 20:00:31] Valid hours for sum: [12, 18, 24, 29]
[2026-05-15 20:00:34] Drought composite end date: 2020-04-29 06:00:00
[2026-05-15 20:00:34] Land cover year: 2019
[2026-05-15 20:00:35] VIIRS Veg composite: 2020-04-22 → 2020-05-08
[2026-05-15 20:00:38] Started export task: fire_70_dynamic_2020-05-04
[2026-05-15 20:00:38] ------ Processing date=2020-05-05 ------
[2026-05-15 20:00:38] Using viirs_af_path: viirs_af_path
[2026-05-15 20:00:39] VIIRS Image Date: ['2020-05-05 00:00:00']
[2026-05-15 20:00:39] Weather image size: 1
[2026-05-15 20:00:39] Forecast duration: 2020-05-06 00:00:00 to 2020-05-07 00:00:00
[2026-05-15 20:00:40] Number of forecast images: 24
[2026-05-15 20:00:40] Using forecast run: 2020-05-05 18:00:00 UTC
[2026-05-15 20:00:40] Forecast Rain Available hours: [6, 7, 8, 9, 10, 11, 12, 13, 14, 15, 16, 17, 18, 19, 20, 21, 22, 23, 24, 25, 26, 27, 28, 29]
[2026-05-15 20:00:40] Valid hours for sum: [12, 18, 24, 29]
[2026-05-15 20:00:42] Drought composite end date: 2020-05-04 06:00:00
[2026-05-15 20:00:42] Land cover year: 2019
[2026-05-15 20:00:43] VIIRS Veg composite: 2020-04-22 → 2020-05-08
[2026-05-15 20:00:49] Started export task: fire_70_dynamic_2020-05-05
[2026-05-15 20:00:50] ------ Processing date=2020-05-06 ------
[2026-05-15 20:00:50] Using viirs_af_path: viirs_af_path
[2026-05-15 20:00:50] VIIRS Image Date: ['2020-05-06 00:00:00']
[2026-05-15 20:00:50] Weather image size: 1
[2026-05-15 20:00:50] Forecast duration: 2020-05-07 00:00:00 to 2020-05-08 00:00:00
[2026-05-15 20:00:51] Number of forecast images: 24
[2026-05-15 20:00:51] Using forecast run: 2020-05-06 18:00:00 UTC
[2026-05-15 20:00:51] Forecast Rain Available hours: [6, 7, 8, 9, 10, 11, 12, 13, 14, 15, 16, 17, 18, 19, 20, 21, 22, 23, 24, 25, 26, 27, 28, 29]
[2026-05-15 20:00:51] Valid hours for sum: [12, 18, 24, 29]
[2026-05-15 20:00:53] Drought composite end date: 2020-05-04 06:00:00
[2026-05-15 20:00:53] Land cover year: 2019
[2026-05-15 20:00:54] VIIRS Veg composite: 2020-04-22 → 2020-05-08
[2026-05-15 20:00:58] Started export task: fire_70_dynamic_2020-05-06
[2026-05-15 20:00:58] ------ Processing date=2020-05-07 ------
[2026-05-15 20:00:58] Using viirs_af_path: viirs_af_path
[2026-05-15 20:00:59] VIIRS Image Date: ['2020-05-07 00:00:00']
[2026-05-15 20:00:59] Weather image size: 1
[2026-05-15 20:00:59] Forecast duration: 2020-05-08 00:00:00 to 2020-05-09 00:00:00
[2026-05-15 20:01:00] Number of forecast images: 24
[2026-05-15 20:01:00] Using forecast run: 2020-05-07 18:00:00 UTC
[2026-05-15 20:01:01] Forecast Rain Available hours: [6, 7, 8, 9, 10, 11, 12, 13, 14, 15, 16, 17, 18, 19, 20, 21, 22, 23, 24, 25, 26, 27, 28, 29]
[2026-05-15 20:01:01] Valid hours for sum: [12, 18, 24, 29]
[2026-05-15 20:01:04] Drought composite end date: 2020-05-04 06:00:00
[2026-05-15 20:01:04] Land cover year: 2019
[2026-05-15 20:01:05] VIIRS Veg composite: 2020-04-22 → 2020-05-08
[2026-05-15 20:01:10] Started export task: fire_70_dynamic_2020-05-07
[2026-05-15 20:01:10] ------ Processing date=2020-05-08 ------
[2026-05-15 20:01:10] Using viirs_af_path: viirs_af_path
[2026-05-15 20:01:10] VIIRS Image Date: ['2020-05-08 00:00:00']
[2026-05-15 20:01:11] Weather image size: 1
[2026-05-15 20:01:11] Forecast duration: 2020-05-09 00:00:00 to 2020-05-10 00:00:00
[2026-05-15 20:01:11] Number of forecast images: 24
[2026-05-15 20:01:11] Using forecast run: 2020-05-08 18:00:00 UTC
[2026-05-15 20:01:12] Forecast Rain Available hours: [6, 7, 8, 9, 10, 11, 12, 13, 14, 15, 16, 17, 18, 19, 20, 21, 22, 23, 24, 25, 26, 27, 28, 29]
[2026-05-15 20:01:12] Valid hours for sum: [12, 18, 24, 29]
[2026-05-15 20:01:13] Drought composite end date: 2020-05-04 06:00:00
[2026-05-15 20:01:14] Land cover year: 2019
[2026-05-15 20:01:14] VIIRS Veg composite: 2020-04-22 → 2020-05-08
[2026-05-15 20:01:18] Started export task: fire_70_dynamic_2020-05-08
[2026-05-15 20:01:19] ------ Processing date=2020-05-09 ------
[2026-05-15 20:01:19] Using viirs_af_path: viirs_af_path
[2026-05-15 20:01:19] VIIRS Image Date: ['2020-05-09 00:00:00']
[2026-05-15 20:01:19] Weather image size: 1
[2026-05-15 20:01:19] Forecast duration: 2020-05-10 00:00:00 to 2020-05-11 00:00:00
[2026-05-15 20:01:20] Number of forecast images: 24
[2026-05-15 20:01:20] Using forecast run: 2020-05-09 18:00:00 UTC
[2026-05-15 20:01:20] Forecast Rain Available hours: [6, 7, 8, 9, 10, 11, 12, 13, 14, 15, 16, 17, 18, 19, 20, 21, 22, 23, 24, 25, 26, 27, 28, 29]
[2026-05-15 20:01:20] Valid hours for sum: [12, 18, 24, 29]
[2026-05-15 20:01:23] Drought composite end date: 2020-05-04 06:00:00
[2026-05-15 20:01:23] Land cover year: 2019
[2026-05-15 20:01:24] VIIRS Veg composite: 2020-04-22 → 2020-05-08
[2026-05-15 20:01:29] Started export task: fire_70_dynamic_2020-05-09
[2026-05-15 20:01:30] ------ Processing date=2020-05-10 ------
[2026-05-15 20:01:30] Using viirs_af_path: viirs_af_path
[2026-05-15 20:01:30] VIIRS Image Date: ['2020-05-10 00:00:00']
[2026-05-15 20:01:30] Weather image size: 1
[2026-05-15 20:01:30] Forecast duration: 2020-05-11 00:00:00 to 2020-05-12 00:00:00
[2026-05-15 20:01:31] Number of forecast images: 24
[2026-05-15 20:01:31] Using forecast run: 2020-05-10 18:00:00 UTC
[2026-05-15 20:01:32] Forecast Rain Available hours: [6, 7, 8, 9, 10, 11, 12, 13, 14, 15, 16, 17, 18, 19, 20, 21, 22, 23, 24, 25, 26, 27, 28, 29]
[2026-05-15 20:01:32] Valid hours for sum: [12, 18, 24, 29]
[2026-05-15 20:01:33] Drought composite end date: 2020-05-09 06:00:00
[2026-05-15 20:01:33] Land cover year: 2019
[2026-05-15 20:01:34] VIIRS Veg composite: 2020-04-22 → 2020-05-08
[2026-05-15 20:01:37] Started export task: fire_70_dynamic_2020-05-10
[2026-05-15 20:01:37] ------ Processing date=2020-05-11 ------
[2026-05-15 20:01:37] Using viirs_af_path: viirs_af_path
[2026-05-15 20:01:37] VIIRS Image Date: ['2020-05-11 00:00:00']
[2026-05-15 20:01:38] Weather image size: 1
[2026-05-15 20:01:38] Forecast duration: 2020-05-12 00:00:00 to 2020-05-13 00:00:00
[2026-05-15 20:01:39] Number of forecast images: 24
[2026-05-15 20:01:39] Using forecast run: 2020-05-11 18:00:00 UTC
[2026-05-15 20:01:39] Forecast Rain Available hours: [6, 7, 8, 9, 10, 11, 12, 13, 14, 15, 16, 17, 18, 19, 20, 21, 22, 23, 24, 25, 26, 27, 28, 29]
[2026-05-15 20:01:39] Valid hours for sum: [12, 18, 24, 29]
[2026-05-15 20:01:43] Drought composite end date: 2020-05-09 06:00:00
[2026-05-15 20:01:43] Land cover year: 2019
[2026-05-15 20:01:44] VIIRS Veg composite: 2020-04-22 → 2020-05-08
[2026-05-15 20:01:48] Started export task: fire_70_dynamic_2020-05-11
[2026-05-15 20:01:48] ------ Processing date=2020-05-12 ------
[2026-05-15 20:01:48] Using viirs_af_path: viirs_af_path
[2026-05-15 20:01:48] VIIRS Image Date: ['2020-05-12 00:00:00']
[2026-05-15 20:01:48] Weather image size: 1
[2026-05-15 20:01:48] Forecast duration: 2020-05-13 00:00:00 to 2020-05-14 00:00:00
[2026-05-15 20:01:49] Number of forecast images: 24
[2026-05-15 20:01:49] Using forecast run: 2020-05-12 18:00:00 UTC
[2026-05-15 20:01:50] Forecast Rain Available hours: [6, 7, 8, 9, 10, 11, 12, 13, 14, 15, 16, 17, 18, 19, 20, 21, 22, 23, 24, 25, 26, 27, 28, 29]
[2026-05-15 20:01:50] Valid hours for sum: [12, 18, 24, 29]
[2026-05-15 20:01:52] Drought composite end date: 2020-05-09 06:00:00
[2026-05-15 20:01:52] Land cover year: 2019
[2026-05-15 20:01:54] VIIRS Veg composite: 2020-04-22 → 2020-05-08
[2026-05-15 20:01:58] Started export task: fire_70_dynamic_2020-05-12
[2026-05-15 20:01:59] ------ Processing date=2020-05-13 ------
[2026-05-15 20:01:59] Using viirs_af_path: viirs_af_path
[2026-05-15 20:01:59] VIIRS Image Date: ['2020-05-13 00:00:00']
[2026-05-15 20:02:00] Weather image size: 1
[2026-05-15 20:02:00] Forecast duration: 2020-05-14 00:00:00 to 2020-05-15 00:00:00
[2026-05-15 20:02:01] Number of forecast images: 24
[2026-05-15 20:02:01] Using forecast run: 2020-05-13 18:00:00 UTC
[2026-05-15 20:02:01] Forecast Rain Available hours: [6, 7, 8, 9, 10, 11, 12, 13, 14, 15, 16, 17, 18, 19, 20, 21, 22, 23, 24, 25, 26, 27, 28, 29]
[2026-05-15 20:02:01] Valid hours for sum: [12, 18, 24, 29]
[2026-05-15 20:02:04] Drought composite end date: 2020-05-09 06:00:00
[2026-05-15 20:02:04] Land cover year: 2019
[2026-05-15 20:02:05] VIIRS Veg composite: 2020-04-22 → 2020-05-08
[2026-05-15 20:02:09] Started export task: fire_70_dynamic_2020-05-13
[2026-05-15 20:02:10] ------ Processing date=2020-05-14 ------
[2026-05-15 20:02:10] Using viirs_af_path: viirs_af_path
[2026-05-15 20:02:10] VIIRS Image Date: ['2020-05-14 00:00:00']
[2026-05-15 20:02:11] Weather image size: 1
[2026-05-15 20:02:11] Forecast duration: 2020-05-15 00:00:00 to 2020-05-16 00:00:00
[2026-05-15 20:02:12] Number of forecast images: 24
[2026-05-15 20:02:12] Using forecast run: 2020-05-14 18:00:00 UTC
[2026-05-15 20:02:12] Forecast Rain Available hours: [6, 7, 8, 9, 10, 11, 12, 13, 14, 15, 16, 17, 18, 19, 20, 21, 22, 23, 24, 25, 26, 27, 28, 29]
[2026-05-15 20:02:12] Valid hours for sum: [12, 18, 24, 29]
[2026-05-15 20:02:15] Drought composite end date: 2020-05-09 06:00:00
[2026-05-15 20:02:15] Land cover year: 2019
[2026-05-15 20:02:16] VIIRS Veg composite: 2020-04-22 → 2020-05-08
[2026-05-15 20:02:20] Started export task: fire_70_dynamic_2020-05-14
[2026-05-15 20:02:20] END: ----------Event fire_70----------- (Duration: 2.22m)
[2026-05-15 20:02:20] START: ----------Event fire_74-----------
[2026-05-15 20:02:21] ------ Processing date=2020-05-12 ------
[2026-05-15 20:02:21] Using viirs_af_path: viirs_af_path
[2026-05-15 20:02:21] VIIRS Image Date: ['2020-05-12 00:00:00']
[2026-05-15 20:02:22] Weather image size: 1
[2026-05-15 20:02:22] Forecast duration: 2020-05-13 00:00:00 to 2020-05-14 00:00:00
[2026-05-15 20:02:23] Number of forecast images: 24
[2026-05-15 20:02:23] Using forecast run: 2020-05-12 18:00:00 UTC
[2026-05-15 20:02:24] Forecast Rain Available hours: [6, 7, 8, 9, 10, 11, 12, 13, 14, 15, 16, 17, 18, 19, 20, 21, 22, 23, 24, 25, 26, 27, 28, 29]
[2026-05-15 20:02:24] Valid hours for sum: [12, 18, 24, 29]
[2026-05-15 20:02:26] Drought composite end date: 2020-05-09 06:00:00
[2026-05-15 20:02:27] Land cover year: 2019
[2026-05-15 20:02:28] VIIRS Veg composite: 2020-04-30 → 2020-05-16
[2026-05-15 20:02:32] Started export task: fire_74_static
[2026-05-15 20:02:32] Started export task: fire_74_dynamic_2020-05-12
[2026-05-15 20:02:33] ------ Processing date=2020-05-13 ------
[2026-05-15 20:02:33] Using viirs_af_path: viirs_af_path
[2026-05-15 20:02:33] VIIRS Image Date: ['2020-05-13 00:00:00']
[2026-05-15 20:02:33] Weather image size: 1
[2026-05-15 20:02:33] Forecast duration: 2020-05-14 00:00:00 to 2020-05-15 00:00:00
[2026-05-15 20:02:34] Number of forecast images: 24
[2026-05-15 20:02:34] Using forecast run: 2020-05-13 18:00:00 UTC
[2026-05-15 20:02:35] Forecast Rain Available hours: [6, 7, 8, 9, 10, 11, 12, 13, 14, 15, 16, 17, 18, 19, 20, 21, 22, 23, 24, 25, 26, 27, 28, 29]
[2026-05-15 20:02:35] Valid hours for sum: [12, 18, 24, 29]
[2026-05-15 20:02:37] Drought composite end date: 2020-05-09 06:00:00
[2026-05-15 20:02:37] Land cover year: 2019
[2026-05-15 20:02:38] VIIRS Veg composite: 2020-04-30 → 2020-05-16
[2026-05-15 20:02:43] Started export task: fire_74_dynamic_2020-05-13
[2026-05-15 20:02:43] ------ Processing date=2020-05-14 ------
[2026-05-15 20:02:43] Using viirs_af_path: viirs_af_path
[2026-05-15 20:02:43] VIIRS Image Date: ['2020-05-14 00:00:00']
[2026-05-15 20:02:44] Weather image size: 1
[2026-05-15 20:02:44] Forecast duration: 2020-05-15 00:00:00 to 2020-05-16 00:00:00
[2026-05-15 20:02:44] Number of forecast images: 24
[2026-05-15 20:02:44] Using forecast run: 2020-05-14 18:00:00 UTC
[2026-05-15 20:02:45] Forecast Rain Available hours: [6, 7, 8, 9, 10, 11, 12, 13, 14, 15, 16, 17, 18, 19, 20, 21, 22, 23, 24, 25, 26, 27, 28, 29]
[2026-05-15 20:02:45] Valid hours for sum: [12, 18, 24, 29]
[2026-05-15 20:02:47] Drought composite end date: 2020-05-09 06:00:00
[2026-05-15 20:02:47] Land cover year: 2019
[2026-05-15 20:02:48] VIIRS Veg composite: 2020-04-30 → 2020-05-16
[2026-05-15 20:02:52] Started export task: fire_74_dynamic_2020-05-14
[2026-05-15 20:02:53] ------ Processing date=2020-05-15 ------
[2026-05-15 20:02:53] Using viirs_af_path: viirs_af_path
[2026-05-15 20:02:53] VIIRS Image Date: ['2020-05-15 00:00:00']
[2026-05-15 20:02:53] Weather image size: 1
[2026-05-15 20:02:53] Forecast duration: 2020-05-16 00:00:00 to 2020-05-17 00:00:00
[2026-05-15 20:02:54] Number of forecast images: 24
[2026-05-15 20:02:54] Using forecast run: 2020-05-15 18:00:00 UTC
[2026-05-15 20:02:55] Forecast Rain Available hours: [6, 7, 8, 9, 10, 11, 12, 13, 14, 15, 16, 17, 18, 19, 20, 21, 22, 23, 24, 25, 26, 27, 28, 29]
[2026-05-15 20:02:55] Valid hours for sum: [12, 18, 24, 29]
[2026-05-15 20:02:56] Drought composite end date: 2020-05-14 06:00:00
[2026-05-15 20:02:56] Land cover year: 2019
[2026-05-15 20:02:57] VIIRS Veg composite: 2020-04-30 → 2020-05-16
[2026-05-15 20:03:01] Started export task: fire_74_dynamic_2020-05-15
[2026-05-15 20:03:02] ------ Processing date=2020-05-16 ------
[2026-05-15 20:03:02] Using viirs_af_path: viirs_af_path
[2026-05-15 20:03:03] VIIRS Image Date: ['2020-05-16 00:00:00']
[2026-05-15 20:03:03] Weather image size: 1
[2026-05-15 20:03:03] Forecast duration: 2020-05-17 00:00:00 to 2020-05-18 00:00:00
[2026-05-15 20:03:04] Number of forecast images: 24
[2026-05-15 20:03:04] Using forecast run: 2020-05-16 18:00:00 UTC
[2026-05-15 20:03:05] Forecast Rain Available hours: [6, 7, 8, 9, 10, 11, 12, 13, 14, 15, 16, 17, 18, 19, 20, 21, 22, 23, 24, 25, 26, 27, 28, 29]
[2026-05-15 20:03:05] Valid hours for sum: [12, 18, 24, 29]
[2026-05-15 20:03:07] Drought composite end date: 2020-05-14 06:00:00
[2026-05-15 20:03:07] Land cover year: 2019
[2026-05-15 20:03:08] VIIRS Veg composite: 2020-04-30 → 2020-05-16
[2026-05-15 20:03:12] Started export task: fire_74_dynamic_2020-05-16
[2026-05-15 20:03:12] ------ Processing date=2020-05-17 ------
[2026-05-15 20:03:12] Using viirs_af_path: viirs_af_path
[2026-05-15 20:03:13] VIIRS Image Date: ['2020-05-17 00:00:00']
[2026-05-15 20:03:13] Weather image size: 1
[2026-05-15 20:03:13] Forecast duration: 2020-05-18 00:00:00 to 2020-05-19 00:00:00
[2026-05-15 20:03:14] Number of forecast images: 24
[2026-05-15 20:03:14] Using forecast run: 2020-05-17 18:00:00 UTC
[2026-05-15 20:03:14] Forecast Rain Available hours: [6, 7, 8, 9, 10, 11, 12, 13, 14, 15, 16, 17, 18, 19, 20, 21, 22, 23, 24, 25, 26, 27, 28, 29]
[2026-05-15 20:03:14] Valid hours for sum: [12, 18, 24, 29]
[2026-05-15 20:03:17] Drought composite end date: 2020-05-14 06:00:00
[2026-05-15 20:03:18] Land cover year: 2019
[2026-05-15 20:03:19] VIIRS Veg composite: 2020-04-30 → 2020-05-16
[2026-05-15 20:03:22] Started export task: fire_74_dynamic_2020-05-17
[2026-05-15 20:03:22] ------ Processing date=2020-05-18 ------
[2026-05-15 20:03:22] Using viirs_af_path: viirs_af_path
[2026-05-15 20:03:22] VIIRS Image Date: ['2020-05-18 00:00:00']
[2026-05-15 20:03:23] Weather image size: 1
[2026-05-15 20:03:23] Forecast duration: 2020-05-19 00:00:00 to 2020-05-20 00:00:00
[2026-05-15 20:03:23] Number of forecast images: 24
[2026-05-15 20:03:23] Using forecast run: 2020-05-18 18:00:00 UTC
[2026-05-15 20:03:24] Forecast Rain Available hours: [6, 7, 8, 9, 10, 11, 12, 13, 14, 15, 16, 17, 18, 19, 20, 21, 22, 23, 24, 25, 26, 27, 28, 29]
[2026-05-15 20:03:24] Valid hours for sum: [12, 18, 24, 29]
[2026-05-15 20:03:25] Drought composite end date: 2020-05-14 06:00:00
[2026-05-15 20:03:26] Land cover year: 2019
[2026-05-15 20:03:27] VIIRS Veg composite: 2020-04-30 → 2020-05-16
[2026-05-15 20:03:30] Started export task: fire_74_dynamic_2020-05-18
[2026-05-15 20:03:31] ------ Processing date=2020-05-19 ------
[2026-05-15 20:03:31] Using viirs_af_path: viirs_af_path
[2026-05-15 20:03:31] VIIRS Image Date: ['2020-05-19 00:00:00']
[2026-05-15 20:03:31] Weather image size: 1
[2026-05-15 20:03:31] Forecast duration: 2020-05-20 00:00:00 to 2020-05-21 00:00:00
[2026-05-15 20:03:32] Number of forecast images: 24
[2026-05-15 20:03:32] Using forecast run: 2020-05-19 18:00:00 UTC
[2026-05-15 20:03:32] Forecast Rain Available hours: [6, 7, 8, 9, 10, 11, 12, 13, 14, 15, 16, 17, 18, 19, 20, 21, 22, 23, 24, 25, 26, 27, 28, 29]
[2026-05-15 20:03:32] Valid hours for sum: [12, 18, 24, 29]
[2026-05-15 20:03:35] Drought composite end date: 2020-05-14 06:00:00
[2026-05-15 20:03:35] Land cover year: 2019
[2026-05-15 20:03:36] VIIRS Veg composite: 2020-04-30 → 2020-05-16
[2026-05-15 20:03:39] Started export task: fire_74_dynamic_2020-05-19
[2026-05-15 20:03:39] ------ Processing date=2020-05-20 ------
[2026-05-15 20:03:39] Using viirs_af_path: viirs_af_path
[2026-05-15 20:03:44] VIIRS Image Date: ['2020-05-20 00:00:00']
[2026-05-15 20:03:44] Weather image size: 1
[2026-05-15 20:03:44] Forecast duration: 2020-05-21 00:00:00 to 2020-05-22 00:00:00
[2026-05-15 20:03:45] Number of forecast images: 24
[2026-05-15 20:03:45] Using forecast run: 2020-05-20 18:00:00 UTC
[2026-05-15 20:03:45] Forecast Rain Available hours: [6, 7, 8, 9, 10, 11, 12, 13, 14, 15, 16, 17, 18, 19, 20, 21, 22, 23, 24, 25, 26, 27, 28, 29]
[2026-05-15 20:03:45] Valid hours for sum: [12, 18, 24, 29]
[2026-05-15 20:03:48] Drought composite end date: 2020-05-19 06:00:00
[2026-05-15 20:03:48] Land cover year: 2019
[2026-05-15 20:03:49] VIIRS Veg composite: 2020-04-30 → 2020-05-16
[2026-05-15 20:03:54] Started export task: fire_74_dynamic_2020-05-20
[2026-05-15 20:03:54] ------ Processing date=2020-05-21 ------
[2026-05-15 20:03:54] Using viirs_af_path: viirs_af_path
[2026-05-15 20:03:54] VIIRS Image Date: ['2020-05-21 00:00:00']
[2026-05-15 20:03:54] Weather image size: 1
[2026-05-15 20:03:54] Forecast duration: 2020-05-22 00:00:00 to 2020-05-23 00:00:00
[2026-05-15 20:03:55] Number of forecast images: 24
[2026-05-15 20:03:55] Using forecast run: 2020-05-21 18:00:00 UTC
[2026-05-15 20:03:56] Forecast Rain Available hours: [6, 7, 8, 9, 10, 11, 12, 13, 14, 15, 16, 17, 18, 19, 20, 21, 22, 23, 24, 25, 26, 27, 28, 29]
[2026-05-15 20:03:56] Valid hours for sum: [12, 18, 24, 29]
[2026-05-15 20:03:58] Drought composite end date: 2020-05-19 06:00:00
[2026-05-15 20:03:58] Land cover year: 2019
[2026-05-15 20:03:59] VIIRS Veg composite: 2020-04-30 → 2020-05-16
[2026-05-15 20:04:03] Started export task: fire_74_dynamic_2020-05-21
[2026-05-15 20:04:03] ------ Processing date=2020-05-22 ------
[2026-05-15 20:04:03] Using viirs_af_path: viirs_af_path
[2026-05-15 20:04:03] VIIRS Image Date: ['2020-05-22 00:00:00']
[2026-05-15 20:04:04] Weather image size: 1
[2026-05-15 20:04:04] Forecast duration: 2020-05-23 00:00:00 to 2020-05-24 00:00:00
[2026-05-15 20:04:04] Number of forecast images: 24
[2026-05-15 20:04:04] Using forecast run: 2020-05-22 18:00:00 UTC
[2026-05-15 20:04:05] Forecast Rain Available hours: [6, 7, 8, 9, 10, 11, 12, 13, 14, 15, 16, 17, 18, 19, 20, 21, 22, 23, 24, 25, 26, 27, 28, 29]
[2026-05-15 20:04:05] Valid hours for sum: [12, 18, 24, 29]
[2026-05-15 20:04:07] Drought composite end date: 2020-05-19 06:00:00
[2026-05-15 20:04:07] Land cover year: 2019
[2026-05-15 20:04:08] VIIRS Veg composite: 2020-04-30 → 2020-05-16
[2026-05-15 20:04:12] Started export task: fire_74_dynamic_2020-05-22
[2026-05-15 20:04:13] ------ Processing date=2020-05-23 ------
[2026-05-15 20:04:13] Using viirs_af_path: viirs_af_path
[2026-05-15 20:04:13] VIIRS Image Date: ['2020-05-23 00:00:00']
[2026-05-15 20:04:13] Weather image size: 1
[2026-05-15 20:04:13] Forecast duration: 2020-05-24 00:00:00 to 2020-05-25 00:00:00
[2026-05-15 20:04:14] Number of forecast images: 24
[2026-05-15 20:04:14] Using forecast run: 2020-05-23 18:00:00 UTC
[2026-05-15 20:04:14] Forecast Rain Available hours: [6, 7, 8, 9, 10, 11, 12, 13, 14, 15, 16, 17, 18, 19, 20, 21, 22, 23, 24, 25, 26, 27, 28, 29]
[2026-05-15 20:04:14] Valid hours for sum: [12, 18, 24, 29]
[2026-05-15 20:04:17] Drought composite end date: 2020-05-19 06:00:00
[2026-05-15 20:04:17] Land cover year: 2019
[2026-05-15 20:04:18] VIIRS Veg composite: 2020-04-30 → 2020-05-16
[2026-05-15 20:04:21] Started export task: fire_74_dynamic_2020-05-23
[2026-05-15 20:04:21] ------ Processing date=2020-05-24 ------
[2026-05-15 20:04:21] Using viirs_af_path: viirs_af_path
[2026-05-15 20:04:22] VIIRS Image Date: ['2020-05-24 00:00:00']
[2026-05-15 20:04:22] Weather image size: 1
[2026-05-15 20:04:22] Forecast duration: 2020-05-25 00:00:00 to 2020-05-26 00:00:00
[2026-05-15 20:04:23] Number of forecast images: 24
[2026-05-15 20:04:23] Using forecast run: 2020-05-24 18:00:00 UTC
[2026-05-15 20:04:23] Forecast Rain Available hours: [6, 7, 8, 9, 10, 11, 12, 13, 14, 15, 16, 17, 18, 19, 20, 21, 22, 23, 24, 25, 26, 27, 28, 29]
[2026-05-15 20:04:23] Valid hours for sum: [12, 18, 24, 29]
[2026-05-15 20:04:25] Drought composite end date: 2020-05-19 06:00:00
[2026-05-15 20:04:25] Land cover year: 2019
[2026-05-15 20:04:26] VIIRS Veg composite: 2020-04-30 → 2020-05-16
[2026-05-15 20:04:30] Started export task: fire_74_dynamic_2020-05-24
[2026-05-15 20:04:30] ------ Processing date=2020-05-25 ------
[2026-05-15 20:04:30] Using viirs_af_path: viirs_af_path
[2026-05-15 20:04:30] VIIRS Image Date: ['2020-05-25 00:00:00']
[2026-05-15 20:04:31] Weather image size: 1
[2026-05-15 20:04:31] Forecast duration: 2020-05-26 00:00:00 to 2020-05-27 00:00:00
[2026-05-15 20:04:32] Number of forecast images: 24
[2026-05-15 20:04:32] Using forecast run: 2020-05-25 18:00:00 UTC
[2026-05-15 20:04:32] Forecast Rain Available hours: [6, 7, 8, 9, 10, 11, 12, 13, 14, 15, 16, 17, 18, 19, 20, 21, 22, 23, 24, 25, 26, 27, 28, 29]
[2026-05-15 20:04:32] Valid hours for sum: [12, 18, 24, 29]
[2026-05-15 20:04:34] Drought composite end date: 2020-05-24 06:00:00
[2026-05-15 20:04:35] Land cover year: 2019
[2026-05-15 20:04:35] VIIRS Veg composite: 2020-04-30 → 2020-05-16
[2026-05-15 20:04:40] Started export task: fire_74_dynamic_2020-05-25
[2026-05-15 20:04:40] ------ Processing date=2020-05-26 ------
[2026-05-15 20:04:40] Using viirs_af_path: viirs_af_path
[2026-05-15 20:04:41] VIIRS Image Date: ['2020-05-26 00:00:00']
[2026-05-15 20:04:42] Weather image size: 1
[2026-05-15 20:04:42] Forecast duration: 2020-05-27 00:00:00 to 2020-05-28 00:00:00
[2026-05-15 20:04:42] Number of forecast images: 24
[2026-05-15 20:04:42] Using forecast run: 2020-05-26 18:00:00 UTC
[2026-05-15 20:04:43] Forecast Rain Available hours: [6, 7, 8, 9, 10, 11, 12, 13, 14, 15, 16, 17, 18, 19, 20, 21, 22, 23, 24, 25, 26, 27, 28, 29]
[2026-05-15 20:04:43] Valid hours for sum: [12, 18, 24, 29]
[2026-05-15 20:04:44] Drought composite end date: 2020-05-24 06:00:00
[2026-05-15 20:04:44] Land cover year: 2019
[2026-05-15 20:04:45] VIIRS Veg composite: 2020-04-30 → 2020-05-16
[2026-05-15 20:04:49] Started export task: fire_74_dynamic_2020-05-26
[2026-05-15 20:04:49] END: ----------Event fire_74----------- (Duration: 2.48m)
[2026-05-15 20:04:49] START: ----------Event fire_76-----------
[2026-05-15 20:04:50] ------ Processing date=2020-05-23 ------
[2026-05-15 20:04:50] Using viirs_af_path: viirs_af_path
[2026-05-15 20:04:50] VIIRS Image Date: ['2020-05-23 00:00:00']
[2026-05-15 20:04:50] Weather image size: 1
[2026-05-15 20:04:50] Forecast duration: 2020-05-24 00:00:00 to 2020-05-25 00:00:00
[2026-05-15 20:04:51] Number of forecast images: 24
[2026-05-15 20:04:51] Using forecast run: 2020-05-23 18:00:00 UTC
[2026-05-15 20:04:51] Forecast Rain Available hours: [6, 7, 8, 9, 10, 11, 12, 13, 14, 15, 16, 17, 18, 19, 20, 21, 22, 23, 24, 25, 26, 27, 28, 29]
[2026-05-15 20:04:51] Valid hours for sum: [12, 18, 24, 29]
[2026-05-15 20:04:54] Drought composite end date: 2020-05-19 06:00:00
[2026-05-15 20:04:54] Land cover year: 2019
[2026-05-15 20:04:55] VIIRS Veg composite: 2020-05-08 → 2020-05-24
[2026-05-15 20:04:59] Started export task: fire_76_static
[2026-05-15 20:04:59] Started export task: fire_76_dynamic_2020-05-23
[2026-05-15 20:05:00] ------ Processing date=2020-05-24 ------
[2026-05-15 20:05:00] Using viirs_af_path: viirs_af_path
[2026-05-15 20:05:00] VIIRS Image Date: ['2020-05-24 00:00:00']
[2026-05-15 20:05:01] Weather image size: 1
[2026-05-15 20:05:01] Forecast duration: 2020-05-25 00:00:00 to 2020-05-26 00:00:00
[2026-05-15 20:05:02] Number of forecast images: 24
[2026-05-15 20:05:02] Using forecast run: 2020-05-24 18:00:00 UTC
[2026-05-15 20:05:02] Forecast Rain Available hours: [6, 7, 8, 9, 10, 11, 12, 13, 14, 15, 16, 17, 18, 19, 20, 21, 22, 23, 24, 25, 26, 27, 28, 29]
[2026-05-15 20:05:02] Valid hours for sum: [12, 18, 24, 29]
[2026-05-15 20:05:04] Drought composite end date: 2020-05-19 06:00:00
[2026-05-15 20:05:04] Land cover year: 2019
[2026-05-15 20:05:05] VIIRS Veg composite: 2020-05-08 → 2020-05-24
[2026-05-15 20:05:08] Started export task: fire_76_dynamic_2020-05-24
[2026-05-15 20:05:09] ------ Processing date=2020-05-25 ------
[2026-05-15 20:05:09] Using viirs_af_path: viirs_af_path
[2026-05-15 20:05:09] VIIRS Image Date: ['2020-05-25 00:00:00']
[2026-05-15 20:05:09] Weather image size: 1
[2026-05-15 20:05:09] Forecast duration: 2020-05-26 00:00:00 to 2020-05-27 00:00:00
[2026-05-15 20:05:10] Number of forecast images: 24
[2026-05-15 20:05:10] Using forecast run: 2020-05-25 18:00:00 UTC
[2026-05-15 20:05:10] Forecast Rain Available hours: [6, 7, 8, 9, 10, 11, 12, 13, 14, 15, 16, 17, 18, 19, 20, 21, 22, 23, 24, 25, 26, 27, 28, 29]
[2026-05-15 20:05:10] Valid hours for sum: [12, 18, 24, 29]
[2026-05-15 20:05:12] Drought composite end date: 2020-05-24 06:00:00
[2026-05-15 20:05:13] Land cover year: 2019
[2026-05-15 20:05:13] VIIRS Veg composite: 2020-05-08 → 2020-05-24
[2026-05-15 20:05:18] Started export task: fire_76_dynamic_2020-05-25
[2026-05-15 20:05:18] ------ Processing date=2020-05-26 ------
[2026-05-15 20:05:18] Using viirs_af_path: viirs_af_path
[2026-05-15 20:05:19] VIIRS Image Date: ['2020-05-26 00:00:00']
[2026-05-15 20:05:19] Weather image size: 1
[2026-05-15 20:05:19] Forecast duration: 2020-05-27 00:00:00 to 2020-05-28 00:00:00
[2026-05-15 20:05:20] Number of forecast images: 24
[2026-05-15 20:05:20] Using forecast run: 2020-05-26 18:00:00 UTC
[2026-05-15 20:05:20] Forecast Rain Available hours: [6, 7, 8, 9, 10, 11, 12, 13, 14, 15, 16, 17, 18, 19, 20, 21, 22, 23, 24, 25, 26, 27, 28, 29]
[2026-05-15 20:05:20] Valid hours for sum: [12, 18, 24, 29]
[2026-05-15 20:05:23] Drought composite end date: 2020-05-24 06:00:00
[2026-05-15 20:05:24] Land cover year: 2019
[2026-05-15 20:05:25] VIIRS Veg composite: 2020-05-08 → 2020-05-24
[2026-05-15 20:05:28] Started export task: fire_76_dynamic_2020-05-26
[2026-05-15 20:05:29] ------ Processing date=2020-05-27 ------
[2026-05-15 20:05:29] Using viirs_af_path: viirs_af_path
[2026-05-15 20:05:29] VIIRS Image Date: ['2020-05-27 00:00:00']
[2026-05-15 20:05:29] Weather image size: 1
[2026-05-15 20:05:29] Forecast duration: 2020-05-28 00:00:00 to 2020-05-29 00:00:00
[2026-05-15 20:05:30] Number of forecast images: 24
[2026-05-15 20:05:30] Using forecast run: 2020-05-27 18:00:00 UTC
[2026-05-15 20:05:30] Forecast Rain Available hours: [6, 7, 8, 9, 10, 11, 12, 13, 14, 15, 16, 17, 18, 19, 20, 21, 22, 23, 24, 25, 26, 27, 28, 29]
[2026-05-15 20:05:30] Valid hours for sum: [12, 18, 24, 29]
[2026-05-15 20:05:33] Drought composite end date: 2020-05-24 06:00:00
[2026-05-15 20:05:33] Land cover year: 2019
[2026-05-15 20:05:34] VIIRS Veg composite: 2020-05-08 → 2020-05-24
[2026-05-15 20:05:38] Started export task: fire_76_dynamic_2020-05-27
[2026-05-15 20:05:38] ------ Processing date=2020-05-28 ------
[2026-05-15 20:05:38] Using viirs_af_path: viirs_af_path
[2026-05-15 20:05:38] VIIRS Image Date: ['2020-05-28 00:00:00']
[2026-05-15 20:05:38] Weather image size: 1
[2026-05-15 20:05:38] Forecast duration: 2020-05-29 00:00:00 to 2020-05-30 00:00:00
[2026-05-15 20:05:40] Number of forecast images: 24
[2026-05-15 20:05:40] Using forecast run: 2020-05-28 18:00:00 UTC
[2026-05-15 20:05:40] Forecast Rain Available hours: [6, 7, 8, 9, 10, 11, 12, 13, 14, 15, 16, 17, 18, 19, 20, 21, 22, 23, 24, 25, 26, 27, 28, 29]
[2026-05-15 20:05:40] Valid hours for sum: [12, 18, 24, 29]
[2026-05-15 20:05:42] Drought composite end date: 2020-05-24 06:00:00
[2026-05-15 20:05:42] Land cover year: 2019
[2026-05-15 20:05:43] VIIRS Veg composite: 2020-05-08 → 2020-05-24
[2026-05-15 20:05:48] Started export task: fire_76_dynamic_2020-05-28
[2026-05-15 20:05:48] ------ Processing date=2020-05-29 ------
[2026-05-15 20:05:48] Using viirs_af_path: viirs_af_path
[2026-05-15 20:05:49] VIIRS Image Date: ['2020-05-29 00:00:00']
[2026-05-15 20:05:49] Weather image size: 1
[2026-05-15 20:05:49] Forecast duration: 2020-05-30 00:00:00 to 2020-05-31 00:00:00
[2026-05-15 20:05:50] Number of forecast images: 24
[2026-05-15 20:05:50] Using forecast run: 2020-05-29 18:00:00 UTC
[2026-05-15 20:05:50] Forecast Rain Available hours: [6, 7, 8, 9, 10, 11, 12, 13, 14, 15, 16, 17, 18, 19, 20, 21, 22, 23, 24, 25, 26, 27, 28, 29]
[2026-05-15 20:05:50] Valid hours for sum: [12, 18, 24, 29]
[2026-05-15 20:05:52] Drought composite end date: 2020-05-24 06:00:00
[2026-05-15 20:05:52] Land cover year: 2019
[2026-05-15 20:05:53] VIIRS Veg composite: 2020-05-08 → 2020-05-24
[2026-05-15 20:05:58] Started export task: fire_76_dynamic_2020-05-29
[2026-05-15 20:05:58] ------ Processing date=2020-05-30 ------
[2026-05-15 20:05:58] Using viirs_af_path: viirs_af_path
[2026-05-15 20:05:58] VIIRS Image Date: ['2020-05-30 00:00:00']
[2026-05-15 20:05:59] Weather image size: 1
[2026-05-15 20:05:59] Forecast duration: 2020-05-31 00:00:00 to 2020-06-01 00:00:00
[2026-05-15 20:06:00] Number of forecast images: 24
[2026-05-15 20:06:00] Using forecast run: 2020-05-30 18:00:00 UTC
[2026-05-15 20:06:00] Forecast Rain Available hours: [6, 7, 8, 9, 10, 11, 12, 13, 14, 15, 16, 17, 18, 19, 20, 21, 22, 23, 24, 25, 26, 27, 28, 29]
[2026-05-15 20:06:00] Valid hours for sum: [12, 18, 24, 29]
[2026-05-15 20:06:02] Drought composite end date: 2020-05-29 06:00:00
[2026-05-15 20:06:02] Land cover year: 2019
[2026-05-15 20:06:04] VIIRS Veg composite: 2020-05-08 → 2020-05-24
[2026-05-15 20:06:09] Started export task: fire_76_dynamic_2020-05-30
[2026-05-15 20:06:09] ------ Processing date=2020-05-31 ------
[2026-05-15 20:06:09] Using viirs_af_path: viirs_af_path
[2026-05-15 20:06:09] VIIRS Image Date: ['2020-05-31 00:00:00']
[2026-05-15 20:06:10] Weather image size: 1
[2026-05-15 20:06:10] Forecast duration: 2020-06-01 00:00:00 to 2020-06-02 00:00:00
[2026-05-15 20:06:10] Number of forecast images: 24
[2026-05-15 20:06:10] Using forecast run: 2020-05-31 18:00:00 UTC
[2026-05-15 20:06:11] Forecast Rain Available hours: [6, 7, 8, 9, 10, 11, 12, 13, 14, 15, 16, 17, 18, 19, 20, 21, 22, 23, 24, 25, 26, 27, 28, 29]
[2026-05-15 20:06:11] Valid hours for sum: [12, 18, 24, 29]
[2026-05-15 20:06:13] Drought composite end date: 2020-05-29 06:00:00
[2026-05-15 20:06:13] Land cover year: 2019
[2026-05-15 20:06:15] VIIRS Veg composite: 2020-05-08 → 2020-05-24
[2026-05-15 20:06:18] Started export task: fire_76_dynamic_2020-05-31
[2026-05-15 20:06:19] ------ Processing date=2020-06-01 ------
[2026-05-15 20:06:19] Using viirs_af_path: viirs_af_path
[2026-05-15 20:06:19] VIIRS Image Date: ['2020-06-01 00:00:00']
[2026-05-15 20:06:20] Weather image size: 1
[2026-05-15 20:06:20] Forecast duration: 2020-06-02 00:00:00 to 2020-06-03 00:00:00
[2026-05-15 20:06:21] Number of forecast images: 24
[2026-05-15 20:06:21] Using forecast run: 2020-06-01 18:00:00 UTC
[2026-05-15 20:06:21] Forecast Rain Available hours: [6, 7, 8, 9, 10, 11, 12, 13, 14, 15, 16, 17, 18, 19, 20, 21, 22, 23, 24, 25, 26, 27, 28, 29]
[2026-05-15 20:06:21] Valid hours for sum: [12, 18, 24, 29]
[2026-05-15 20:06:24] Drought composite end date: 2020-05-29 06:00:00
[2026-05-15 20:06:24] Land cover year: 2019
[2026-05-15 20:06:25] VIIRS Veg composite: 2020-05-08 → 2020-05-24
[2026-05-15 20:06:28] Started export task: fire_76_dynamic_2020-06-01
[2026-05-15 20:06:28] ------ Processing date=2020-06-02 ------
[2026-05-15 20:06:28] Using viirs_af_path: viirs_af_path
[2026-05-15 20:06:28] VIIRS Image Date: ['2020-06-02 00:00:00']
[2026-05-15 20:06:29] Weather image size: 1
[2026-05-15 20:06:29] Forecast duration: 2020-06-03 00:00:00 to 2020-06-04 00:00:00
[2026-05-15 20:06:30] Number of forecast images: 24
[2026-05-15 20:06:30] Using forecast run: 2020-06-02 18:00:00 UTC
[2026-05-15 20:06:30] Forecast Rain Available hours: [6, 7, 8, 9, 10, 11, 12, 13, 14, 15, 16, 17, 18, 19, 20, 21, 22, 23, 24, 25, 26, 27, 28, 29]
[2026-05-15 20:06:30] Valid hours for sum: [12, 18, 24, 29]
[2026-05-15 20:06:32] Drought composite end date: 2020-05-29 06:00:00
[2026-05-15 20:06:33] Land cover year: 2019
[2026-05-15 20:06:34] VIIRS Veg composite: 2020-05-08 → 2020-05-24
[2026-05-15 20:06:38] Started export task: fire_76_dynamic_2020-06-02
[2026-05-15 20:06:38] ------ Processing date=2020-06-03 ------
[2026-05-15 20:06:38] Using viirs_af_path: viirs_af_path
[2026-05-15 20:06:38] VIIRS Image Date: ['2020-06-03 00:00:00']
[2026-05-15 20:06:39] Weather image size: 1
[2026-05-15 20:06:39] Forecast duration: 2020-06-04 00:00:00 to 2020-06-05 00:00:00
[2026-05-15 20:06:39] Number of forecast images: 24
[2026-05-15 20:06:39] Using forecast run: 2020-06-03 18:00:00 UTC
[2026-05-15 20:06:40] Forecast Rain Available hours: [6, 7, 8, 9, 10, 11, 12, 13, 14, 15, 16, 17, 18, 19, 20, 21, 22, 23, 24, 25, 26, 27, 28, 29]
[2026-05-15 20:06:40] Valid hours for sum: [12, 18, 24, 29]
[2026-05-15 20:06:42] Drought composite end date: 2020-05-29 06:00:00
[2026-05-15 20:06:42] Land cover year: 2019
[2026-05-15 20:06:43] VIIRS Veg composite: 2020-05-08 → 2020-05-24
[2026-05-15 20:06:47] Started export task: fire_76_dynamic_2020-06-03
[2026-05-15 20:06:48] ------ Processing date=2020-06-04 ------
[2026-05-15 20:06:48] Using viirs_af_path: viirs_af_path
[2026-05-15 20:06:48] VIIRS Image Date: ['2020-06-04 00:00:00']
[2026-05-15 20:06:48] Weather image size: 1
[2026-05-15 20:06:48] Forecast duration: 2020-06-05 00:00:00 to 2020-06-06 00:00:00
[2026-05-15 20:06:49] Number of forecast images: 24
[2026-05-15 20:06:49] Using forecast run: 2020-06-04 18:00:00 UTC
[2026-05-15 20:06:50] Forecast Rain Available hours: [6, 7, 8, 9, 10, 11, 12, 13, 14, 15, 16, 17, 18, 19, 20, 21, 22, 23, 24, 25, 26, 27, 28, 29]
[2026-05-15 20:06:50] Valid hours for sum: [12, 18, 24, 29]
[2026-05-15 20:06:52] Drought composite end date: 2020-06-03 06:00:00
[2026-05-15 20:06:52] Land cover year: 2019
[2026-05-15 20:06:54] VIIRS Veg composite: 2020-05-08 → 2020-05-24
[2026-05-15 20:06:59] Started export task: fire_76_dynamic_2020-06-04
[2026-05-15 20:06:59] ------ Processing date=2020-06-05 ------
[2026-05-15 20:06:59] Using viirs_af_path: viirs_af_path
[2026-05-15 20:07:00] VIIRS Image Date: ['2020-06-05 00:00:00']
[2026-05-15 20:07:00] Weather image size: 1
[2026-05-15 20:07:00] Forecast duration: 2020-06-06 00:00:00 to 2020-06-07 00:00:00
[2026-05-15 20:07:01] Number of forecast images: 24
[2026-05-15 20:07:01] Using forecast run: 2020-06-05 18:00:00 UTC
[2026-05-15 20:07:01] Forecast Rain Available hours: [6, 7, 8, 9, 10, 11, 12, 13, 14, 15, 16, 17, 18, 19, 20, 21, 22, 23, 24, 25, 26, 27, 28, 29]
[2026-05-15 20:07:01] Valid hours for sum: [12, 18, 24, 29]
[2026-05-15 20:07:03] Drought composite end date: 2020-06-03 06:00:00
[2026-05-15 20:07:03] Land cover year: 2019
[2026-05-15 20:07:04] VIIRS Veg composite: 2020-05-08 → 2020-05-24
[2026-05-15 20:07:07] Started export task: fire_76_dynamic_2020-06-05
[2026-05-15 20:07:08] END: ----------Event fire_76----------- (Duration: 2.30m)
[2026-05-15 20:07:08] START: ----------Event fire_81-----------
[2026-05-15 20:07:08] ------ Processing date=2020-05-29 ------
[2026-05-15 20:07:08] Using viirs_af_path: viirs_af_path
[2026-05-15 20:07:08] VIIRS Image Date: ['2020-05-29 00:00:00']
[2026-05-15 20:07:08] Weather image size: 1
[2026-05-15 20:07:08] Forecast duration: 2020-05-30 00:00:00 to 2020-05-31 00:00:00
[2026-05-15 20:07:10] Number of forecast images: 24
[2026-05-15 20:07:10] Using forecast run: 2020-05-29 18:00:00 UTC
[2026-05-15 20:07:10] Forecast Rain Available hours: [6, 7, 8, 9, 10, 11, 12, 13, 14, 15, 16, 17, 18, 19, 20, 21, 22, 23, 24, 25, 26, 27, 28, 29]
[2026-05-15 20:07:10] Valid hours for sum: [12, 18, 24, 29]
[2026-05-15 20:07:13] Drought composite end date: 2020-05-24 06:00:00
[2026-05-15 20:07:13] Land cover year: 2019
[2026-05-15 20:07:14] VIIRS Veg composite: 2020-05-16 → 2020-06-01
[2026-05-15 20:07:19] Started export task: fire_81_static
[2026-05-15 20:07:19] Started export task: fire_81_dynamic_2020-05-29
[2026-05-15 20:07:19] ------ Processing date=2020-05-30 ------
[2026-05-15 20:07:19] Using viirs_af_path: viirs_af_path
[2026-05-15 20:07:20] VIIRS Image Date: ['2020-05-30 00:00:00']
[2026-05-15 20:07:20] Weather image size: 1
[2026-05-15 20:07:20] Forecast duration: 2020-05-31 00:00:00 to 2020-06-01 00:00:00
[2026-05-15 20:07:21] Number of forecast images: 24
[2026-05-15 20:07:21] Using forecast run: 2020-05-30 18:00:00 UTC
[2026-05-15 20:07:21] Forecast Rain Available hours: [6, 7, 8, 9, 10, 11, 12, 13, 14, 15, 16, 17, 18, 19, 20, 21, 22, 23, 24, 25, 26, 27, 28, 29]
[2026-05-15 20:07:21] Valid hours for sum: [12, 18, 24, 29]
[2026-05-15 20:07:22] Drought composite end date: 2020-05-29 06:00:00
[2026-05-15 20:07:23] Land cover year: 2019
[2026-05-15 20:07:23] VIIRS Veg composite: 2020-05-16 → 2020-06-01
[2026-05-15 20:07:27] Started export task: fire_81_dynamic_2020-05-30
[2026-05-15 20:07:27] ------ Processing date=2020-05-31 ------
[2026-05-15 20:07:27] Using viirs_af_path: viirs_af_path
[2026-05-15 20:07:27] VIIRS Image Date: ['2020-05-31 00:00:00']
[2026-05-15 20:07:27] Weather image size: 1
[2026-05-15 20:07:27] Forecast duration: 2020-06-01 00:00:00 to 2020-06-02 00:00:00
[2026-05-15 20:07:28] Number of forecast images: 24
[2026-05-15 20:07:28] Using forecast run: 2020-05-31 18:00:00 UTC
[2026-05-15 20:07:29] Forecast Rain Available hours: [6, 7, 8, 9, 10, 11, 12, 13, 14, 15, 16, 17, 18, 19, 20, 21, 22, 23, 24, 25, 26, 27, 28, 29]
[2026-05-15 20:07:29] Valid hours for sum: [12, 18, 24, 29]
[2026-05-15 20:07:30] Drought composite end date: 2020-05-29 06:00:00
[2026-05-15 20:07:30] Land cover year: 2019
[2026-05-15 20:07:31] VIIRS Veg composite: 2020-05-16 → 2020-06-01
[2026-05-15 20:07:34] Started export task: fire_81_dynamic_2020-05-31
[2026-05-15 20:07:35] ------ Processing date=2020-06-01 ------
[2026-05-15 20:07:35] Using viirs_af_path: viirs_af_path
[2026-05-15 20:07:35] VIIRS Image Date: ['2020-06-01 00:00:00']
[2026-05-15 20:07:35] Weather image size: 1
[2026-05-15 20:07:35] Forecast duration: 2020-06-02 00:00:00 to 2020-06-03 00:00:00
[2026-05-15 20:07:36] Number of forecast images: 24
[2026-05-15 20:07:36] Using forecast run: 2020-06-01 18:00:00 UTC
[2026-05-15 20:07:36] Forecast Rain Available hours: [6, 7, 8, 9, 10, 11, 12, 13, 14, 15, 16, 17, 18, 19, 20, 21, 22, 23, 24, 25, 26, 27, 28, 29]
[2026-05-15 20:07:36] Valid hours for sum: [12, 18, 24, 29]
[2026-05-15 20:07:39] Drought composite end date: 2020-05-29 06:00:00
[2026-05-15 20:07:39] Land cover year: 2019
[2026-05-15 20:07:40] VIIRS Veg composite: 2020-05-16 → 2020-06-01
[2026-05-15 20:07:44] Started export task: fire_81_dynamic_2020-06-01
[2026-05-15 20:07:44] ------ Processing date=2020-06-02 ------
[2026-05-15 20:07:44] Using viirs_af_path: viirs_af_path
[2026-05-15 20:07:44] VIIRS Image Date: ['2020-06-02 00:00:00']
[2026-05-15 20:07:45] Weather image size: 1
[2026-05-15 20:07:45] Forecast duration: 2020-06-03 00:00:00 to 2020-06-04 00:00:00
[2026-05-15 20:07:45] Number of forecast images: 24
[2026-05-15 20:07:45] Using forecast run: 2020-06-02 18:00:00 UTC
[2026-05-15 20:07:46] Forecast Rain Available hours: [6, 7, 8, 9, 10, 11, 12, 13, 14, 15, 16, 17, 18, 19, 20, 21, 22, 23, 24, 25, 26, 27, 28, 29]
[2026-05-15 20:07:46] Valid hours for sum: [12, 18, 24, 29]
[2026-05-15 20:07:48] Drought composite end date: 2020-05-29 06:00:00
[2026-05-15 20:07:48] Land cover year: 2019
[2026-05-15 20:07:49] VIIRS Veg composite: 2020-05-16 → 2020-06-01
[2026-05-15 20:07:53] Started export task: fire_81_dynamic_2020-06-02
[2026-05-15 20:07:54] ------ Processing date=2020-06-03 ------
[2026-05-15 20:07:54] Using viirs_af_path: viirs_af_path
[2026-05-15 20:07:54] VIIRS Image Date: ['2020-06-03 00:00:00']
[2026-05-15 20:07:54] Weather image size: 1
[2026-05-15 20:07:54] Forecast duration: 2020-06-04 00:00:00 to 2020-06-05 00:00:00
[2026-05-15 20:07:55] Number of forecast images: 24
[2026-05-15 20:07:55] Using forecast run: 2020-06-03 18:00:00 UTC
[2026-05-15 20:07:55] Forecast Rain Available hours: [6, 7, 8, 9, 10, 11, 12, 13, 14, 15, 16, 17, 18, 19, 20, 21, 22, 23, 24, 25, 26, 27, 28, 29]
[2026-05-15 20:07:55] Valid hours for sum: [12, 18, 24, 29]
[2026-05-15 20:07:58] Drought composite end date: 2020-05-29 06:00:00
[2026-05-15 20:07:58] Land cover year: 2019
[2026-05-15 20:07:59] VIIRS Veg composite: 2020-05-16 → 2020-06-01
[2026-05-15 20:08:03] Started export task: fire_81_dynamic_2020-06-03
[2026-05-15 20:08:04] ------ Processing date=2020-06-04 ------
[2026-05-15 20:08:04] Using viirs_af_path: viirs_af_path
[2026-05-15 20:08:04] VIIRS Image Date: ['2020-06-04 00:00:00']
[2026-05-15 20:08:04] Weather image size: 1
[2026-05-15 20:08:04] Forecast duration: 2020-06-05 00:00:00 to 2020-06-06 00:00:00
[2026-05-15 20:08:05] Number of forecast images: 24
[2026-05-15 20:08:05] Using forecast run: 2020-06-04 18:00:00 UTC
[2026-05-15 20:08:05] Forecast Rain Available hours: [6, 7, 8, 9, 10, 11, 12, 13, 14, 15, 16, 17, 18, 19, 20, 21, 22, 23, 24, 25, 26, 27, 28, 29]
[2026-05-15 20:08:05] Valid hours for sum: [12, 18, 24, 29]
[2026-05-15 20:08:07] Drought composite end date: 2020-06-03 06:00:00
[2026-05-15 20:08:07] Land cover year: 2019
[2026-05-15 20:08:08] VIIRS Veg composite: 2020-05-16 → 2020-06-01
[2026-05-15 20:08:11] Started export task: fire_81_dynamic_2020-06-04
[2026-05-15 20:08:12] ------ Processing date=2020-06-05 ------
[2026-05-15 20:08:12] Using viirs_af_path: viirs_af_path
[2026-05-15 20:08:12] VIIRS Image Date: ['2020-06-05 00:00:00']
[2026-05-15 20:08:12] Weather image size: 1
[2026-05-15 20:08:12] Forecast duration: 2020-06-06 00:00:00 to 2020-06-07 00:00:00
[2026-05-15 20:08:13] Number of forecast images: 24
[2026-05-15 20:08:13] Using forecast run: 2020-06-05 18:00:00 UTC
[2026-05-15 20:08:14] Forecast Rain Available hours: [6, 7, 8, 9, 10, 11, 12, 13, 14, 15, 16, 17, 18, 19, 20, 21, 22, 23, 24, 25, 26, 27, 28, 29]
[2026-05-15 20:08:14] Valid hours for sum: [12, 18, 24, 29]
[2026-05-15 20:08:16] Drought composite end date: 2020-06-03 06:00:00
[2026-05-15 20:08:16] Land cover year: 2019
[2026-05-15 20:08:17] VIIRS Veg composite: 2020-05-16 → 2020-06-01
[2026-05-15 20:08:21] Started export task: fire_81_dynamic_2020-06-05
[2026-05-15 20:08:22] ------ Processing date=2020-06-06 ------
[2026-05-15 20:08:22] Using viirs_af_path: viirs_af_path
[2026-05-15 20:08:22] VIIRS Image Date: ['2020-06-06 00:00:00']
[2026-05-15 20:08:22] Weather image size: 1
[2026-05-15 20:08:22] Forecast duration: 2020-06-07 00:00:00 to 2020-06-08 00:00:00
[2026-05-15 20:08:23] Number of forecast images: 24
[2026-05-15 20:08:23] Using forecast run: 2020-06-06 18:00:00 UTC
[2026-05-15 20:08:23] Forecast Rain Available hours: [6, 7, 8, 9, 10, 11, 12, 13, 14, 15, 16, 17, 18, 19, 20, 21, 22, 23, 24, 25, 26, 27, 28, 29]
[2026-05-15 20:08:23] Valid hours for sum: [12, 18, 24, 29]
[2026-05-15 20:08:26] Drought composite end date: 2020-06-03 06:00:00
[2026-05-15 20:08:26] Land cover year: 2019
[2026-05-15 20:08:27] VIIRS Veg composite: 2020-05-16 → 2020-06-01
[2026-05-15 20:08:31] Started export task: fire_81_dynamic_2020-06-06
[2026-05-15 20:08:32] ------ Processing date=2020-06-07 ------
[2026-05-15 20:08:32] Using viirs_af_path: viirs_af_path
[2026-05-15 20:08:32] VIIRS Image Date: ['2020-06-07 00:00:00']
[2026-05-15 20:08:32] Weather image size: 1
[2026-05-15 20:08:32] Forecast duration: 2020-06-08 00:00:00 to 2020-06-09 00:00:00
[2026-05-15 20:08:33] Number of forecast images: 24
[2026-05-15 20:08:33] Using forecast run: 2020-06-07 18:00:00 UTC
[2026-05-15 20:08:33] Forecast Rain Available hours: [6, 7, 8, 9, 10, 11, 12, 13, 14, 15, 16, 17, 18, 19, 20, 21, 22, 23, 24, 25, 26, 27, 28, 29]
[2026-05-15 20:08:33] Valid hours for sum: [12, 18, 24, 29]
[2026-05-15 20:08:36] Drought composite end date: 2020-06-03 06:00:00
[2026-05-15 20:08:36] Land cover year: 2019
[2026-05-15 20:08:37] VIIRS Veg composite: 2020-05-16 → 2020-06-01
[2026-05-15 20:08:40] Started export task: fire_81_dynamic_2020-06-07
[2026-05-15 20:08:41] ------ Processing date=2020-06-08 ------
[2026-05-15 20:08:41] Using viirs_af_path: viirs_af_path
[2026-05-15 20:08:41] VIIRS Image Date: ['2020-06-08 00:00:00']
[2026-05-15 20:08:41] Weather image size: 1
[2026-05-15 20:08:41] Forecast duration: 2020-06-09 00:00:00 to 2020-06-10 00:00:00
[2026-05-15 20:08:43] Number of forecast images: 24
[2026-05-15 20:08:43] Using forecast run: 2020-06-08 18:00:00 UTC
[2026-05-15 20:08:43] Forecast Rain Available hours: [6, 7, 8, 9, 10, 11, 12, 13, 14, 15, 16, 17, 18, 19, 20, 21, 22, 23, 24, 25, 26, 27, 28, 29]
[2026-05-15 20:08:43] Valid hours for sum: [12, 18, 24, 29]
[2026-05-15 20:08:45] Drought composite end date: 2020-06-03 06:00:00
[2026-05-15 20:08:46] Land cover year: 2019
[2026-05-15 20:08:46] VIIRS Veg composite: 2020-05-16 → 2020-06-01
[2026-05-15 20:08:50] Started export task: fire_81_dynamic_2020-06-08
[2026-05-15 20:08:50] ------ Processing date=2020-06-09 ------
[2026-05-15 20:08:50] Using viirs_af_path: viirs_af_path
[2026-05-15 20:08:50] VIIRS Image Date: ['2020-06-09 00:00:00']
[2026-05-15 20:08:50] Weather image size: 1
[2026-05-15 20:08:50] Forecast duration: 2020-06-10 00:00:00 to 2020-06-11 00:00:00
[2026-05-15 20:08:51] Number of forecast images: 24
[2026-05-15 20:08:51] Using forecast run: 2020-06-09 18:00:00 UTC
[2026-05-15 20:08:52] Forecast Rain Available hours: [6, 7, 8, 9, 10, 11, 12, 13, 14, 15, 16, 17, 18, 19, 20, 21, 22, 23, 24, 25, 26, 27, 28, 29]
[2026-05-15 20:08:52] Valid hours for sum: [12, 18, 24, 29]
[2026-05-15 20:08:54] Drought composite end date: 2020-06-08 06:00:00
[2026-05-15 20:08:54] Land cover year: 2019
[2026-05-15 20:08:55] VIIRS Veg composite: 2020-05-16 → 2020-06-01
[2026-05-15 20:09:00] Started export task: fire_81_dynamic_2020-06-09
[2026-05-15 20:09:00] ------ Processing date=2020-06-10 ------
[2026-05-15 20:09:00] Using viirs_af_path: viirs_af_path
[2026-05-15 20:09:01] VIIRS Image Date: ['2020-06-10 00:00:00']
[2026-05-15 20:09:01] Weather image size: 1
[2026-05-15 20:09:01] Forecast duration: 2020-06-11 00:00:00 to 2020-06-12 00:00:00
[2026-05-15 20:09:02] Number of forecast images: 24
[2026-05-15 20:09:02] Using forecast run: 2020-06-10 18:00:00 UTC
[2026-05-15 20:09:02] Forecast Rain Available hours: [6, 7, 8, 9, 10, 11, 12, 13, 14, 15, 16, 17, 18, 19, 20, 21, 22, 23, 24, 25, 26, 27, 28, 29]
[2026-05-15 20:09:02] Valid hours for sum: [12, 18, 24, 29]
[2026-05-15 20:09:04] Drought composite end date: 2020-06-08 06:00:00
[2026-05-15 20:09:05] Land cover year: 2019
[2026-05-15 20:09:05] VIIRS Veg composite: 2020-05-16 → 2020-06-01
[2026-05-15 20:09:10] Started export task: fire_81_dynamic_2020-06-10
[2026-05-15 20:09:11] ------ Processing date=2020-06-11 ------
[2026-05-15 20:09:11] Using viirs_af_path: viirs_af_path
[2026-05-15 20:09:11] VIIRS Image Date: ['2020-06-11 00:00:00']
[2026-05-15 20:09:11] Weather image size: 1
[2026-05-15 20:09:11] Forecast duration: 2020-06-12 00:00:00 to 2020-06-13 00:00:00
[2026-05-15 20:09:12] Number of forecast images: 24
[2026-05-15 20:09:12] Using forecast run: 2020-06-11 18:00:00 UTC
[2026-05-15 20:09:12] Forecast Rain Available hours: [6, 7, 8, 9, 10, 11, 12, 13, 14, 15, 16, 17, 18, 19, 20, 21, 22, 23, 24, 25, 26, 27, 28, 29]
[2026-05-15 20:09:12] Valid hours for sum: [12, 18, 24, 29]
[2026-05-15 20:09:15] Drought composite end date: 2020-06-08 06:00:00
[2026-05-15 20:09:15] Land cover year: 2019
[2026-05-15 20:09:16] VIIRS Veg composite: 2020-05-16 → 2020-06-01
[2026-05-15 20:09:21] Started export task: fire_81_dynamic_2020-06-11
[2026-05-15 20:09:22] ------ Processing date=2020-06-12 ------
[2026-05-15 20:09:22] Using viirs_af_path: viirs_af_path
[2026-05-15 20:09:22] VIIRS Image Date: ['2020-06-12 00:00:00']
[2026-05-15 20:09:22] Weather image size: 1
[2026-05-15 20:09:22] Forecast duration: 2020-06-13 00:00:00 to 2020-06-14 00:00:00
[2026-05-15 20:09:23] Number of forecast images: 24
[2026-05-15 20:09:23] Using forecast run: 2020-06-12 18:00:00 UTC
[2026-05-15 20:09:23] Forecast Rain Available hours: [6, 7, 8, 9, 10, 11, 12, 13, 14, 15, 16, 17, 18, 19, 20, 21, 22, 23, 24, 25, 26, 27, 28, 29]
[2026-05-15 20:09:23] Valid hours for sum: [12, 18, 24, 29]
[2026-05-15 20:09:25] Drought composite end date: 2020-06-08 06:00:00
[2026-05-15 20:09:25] Land cover year: 2019
[2026-05-15 20:09:26] VIIRS Veg composite: 2020-05-16 → 2020-06-01
[2026-05-15 20:09:30] Started export task: fire_81_dynamic_2020-06-12
[2026-05-15 20:09:30] ------ Processing date=2020-06-13 ------
[2026-05-15 20:09:30] Using viirs_af_path: viirs_af_path
[2026-05-15 20:09:30] VIIRS Image Date: ['2020-06-13 00:00:00']
[2026-05-15 20:09:30] Weather image size: 1
[2026-05-15 20:09:30] Forecast duration: 2020-06-14 00:00:00 to 2020-06-15 00:00:00
[2026-05-15 20:09:31] Number of forecast images: 24
[2026-05-15 20:09:31] Using forecast run: 2020-06-13 18:00:00 UTC
[2026-05-15 20:09:32] Forecast Rain Available hours: [6, 7, 8, 9, 10, 11, 12, 13, 14, 15, 16, 17, 18, 19, 20, 21, 22, 23, 24, 25, 26, 27, 28, 29]
[2026-05-15 20:09:32] Valid hours for sum: [12, 18, 24, 29]
[2026-05-15 20:09:33] Drought composite end date: 2020-06-08 06:00:00
[2026-05-15 20:09:33] Land cover year: 2019
[2026-05-15 20:09:34] VIIRS Veg composite: 2020-05-16 → 2020-06-01
[2026-05-15 20:09:38] Started export task: fire_81_dynamic_2020-06-13
[2026-05-15 20:09:38] ------ Processing date=2020-06-14 ------
[2026-05-15 20:09:38] Using viirs_af_path: viirs_af_path
[2026-05-15 20:09:39] VIIRS Image Date: ['2020-06-14 00:00:00']
[2026-05-15 20:09:39] Weather image size: 1
[2026-05-15 20:09:39] Forecast duration: 2020-06-15 00:00:00 to 2020-06-16 00:00:00
[2026-05-15 20:09:40] Number of forecast images: 24
[2026-05-15 20:09:40] Using forecast run: 2020-06-14 18:00:00 UTC
[2026-05-15 20:09:40] Forecast Rain Available hours: [6, 7, 8, 9, 10, 11, 12, 13, 14, 15, 16, 17, 18, 19, 20, 21, 22, 23, 24, 25, 26, 27, 28, 29]
[2026-05-15 20:09:40] Valid hours for sum: [12, 18, 24, 29]
[2026-05-15 20:09:42] Drought composite end date: 2020-06-13 06:00:00
[2026-05-15 20:09:43] Land cover year: 2019
[2026-05-15 20:09:44] VIIRS Veg composite: 2020-05-16 → 2020-06-01
[2026-05-15 20:09:48] Started export task: fire_81_dynamic_2020-06-14
[2026-05-15 20:09:48] ------ Processing date=2020-06-15 ------
[2026-05-15 20:09:48] Using viirs_af_path: viirs_af_path
[2026-05-15 20:09:49] VIIRS Image Date: ['2020-06-15 00:00:00']
[2026-05-15 20:09:49] Weather image size: 1
[2026-05-15 20:09:49] Forecast duration: 2020-06-16 00:00:00 to 2020-06-17 00:00:00
[2026-05-15 20:09:50] Number of forecast images: 24
[2026-05-15 20:09:50] Using forecast run: 2020-06-15 18:00:00 UTC
[2026-05-15 20:09:50] Forecast Rain Available hours: [6, 7, 8, 9, 10, 11, 12, 13, 14, 15, 16, 17, 18, 19, 20, 21, 22, 23, 24, 25, 26, 27, 28, 29]
[2026-05-15 20:09:50] Valid hours for sum: [12, 18, 24, 29]
[2026-05-15 20:09:52] Drought composite end date: 2020-06-13 06:00:00
[2026-05-15 20:09:53] Land cover year: 2019
[2026-05-15 20:09:54] VIIRS Veg composite: 2020-05-16 → 2020-06-01
[2026-05-15 20:10:00] Started export task: fire_81_dynamic_2020-06-15
[2026-05-15 20:10:01] ------ Processing date=2020-06-16 ------
[2026-05-15 20:10:01] Using viirs_af_path: viirs_af_path
[2026-05-15 20:10:01] VIIRS Image Date: ['2020-06-16 00:00:00']
[2026-05-15 20:10:01] Weather image size: 1
[2026-05-15 20:10:01] Forecast duration: 2020-06-17 00:00:00 to 2020-06-18 00:00:00
[2026-05-15 20:10:02] Number of forecast images: 24
[2026-05-15 20:10:02] Using forecast run: 2020-06-16 18:00:00 UTC
[2026-05-15 20:10:02] Forecast Rain Available hours: [6, 7, 8, 9, 10, 11, 12, 13, 14, 15, 16, 17, 18, 19, 20, 21, 22, 23, 24, 25, 26, 27, 28, 29]
[2026-05-15 20:10:02] Valid hours for sum: [12, 18, 24, 29]
[2026-05-15 20:10:04] Drought composite end date: 2020-06-13 06:00:00
[2026-05-15 20:10:04] Land cover year: 2019
[2026-05-15 20:10:05] VIIRS Veg composite: 2020-05-16 → 2020-06-01
[2026-05-15 20:10:09] Started export task: fire_81_dynamic_2020-06-16
[2026-05-15 20:10:10] ------ Processing date=2020-06-17 ------
[2026-05-15 20:10:10] Using viirs_af_path: viirs_af_path
[2026-05-15 20:10:10] VIIRS Image Date: ['2020-06-17 00:00:00']
[2026-05-15 20:10:10] Weather image size: 1
[2026-05-15 20:10:10] Forecast duration: 2020-06-18 00:00:00 to 2020-06-19 00:00:00
[2026-05-15 20:10:11] Number of forecast images: 24
[2026-05-15 20:10:11] Using forecast run: 2020-06-17 18:00:00 UTC
[2026-05-15 20:10:11] Forecast Rain Available hours: [6, 7, 8, 9, 10, 11, 12, 13, 14, 15, 16, 17, 18, 19, 20, 21, 22, 23, 24, 25, 26, 27, 28, 29]
[2026-05-15 20:10:11] Valid hours for sum: [12, 18, 24, 29]
[2026-05-15 20:10:13] Drought composite end date: 2020-06-13 06:00:00
[2026-05-15 20:10:13] Land cover year: 2019
[2026-05-15 20:10:14] VIIRS Veg composite: 2020-05-16 → 2020-06-01
[2026-05-15 20:10:21] Started export task: fire_81_dynamic_2020-06-17
[2026-05-15 20:10:21] ------ Processing date=2020-06-18 ------
[2026-05-15 20:10:21] Using viirs_af_path: viirs_af_path
[2026-05-15 20:10:22] VIIRS Image Date: ['2020-06-18 00:00:00']
[2026-05-15 20:10:22] Weather image size: 1
[2026-05-15 20:10:22] Forecast duration: 2020-06-19 00:00:00 to 2020-06-20 00:00:00
[2026-05-15 20:10:23] Number of forecast images: 24
[2026-05-15 20:10:23] Using forecast run: 2020-06-18 18:00:00 UTC
[2026-05-15 20:10:24] Forecast Rain Available hours: [6, 7, 8, 9, 10, 11, 12, 13, 14, 15, 16, 17, 18, 19, 20, 21, 22, 23, 24, 25, 26, 27, 28, 29]
[2026-05-15 20:10:24] Valid hours for sum: [12, 18, 24, 29]
[2026-05-15 20:10:26] Drought composite end date: 2020-06-13 06:00:00
[2026-05-15 20:10:26] Land cover year: 2019
[2026-05-15 20:10:27] VIIRS Veg composite: 2020-05-16 → 2020-06-01
[2026-05-15 20:10:30] Started export task: fire_81_dynamic_2020-06-18
[2026-05-15 20:10:31] ------ Processing date=2020-06-19 ------
[2026-05-15 20:10:31] Using viirs_af_path: viirs_af_path
[2026-05-15 20:10:31] VIIRS Image Date: ['2020-06-19 00:00:00']
[2026-05-15 20:10:32] Weather image size: 1
[2026-05-15 20:10:32] Forecast duration: 2020-06-20 00:00:00 to 2020-06-21 00:00:00
[2026-05-15 20:10:32] Number of forecast images: 24
[2026-05-15 20:10:32] Using forecast run: 2020-06-19 18:00:00 UTC
[2026-05-15 20:10:33] Forecast Rain Available hours: [6, 7, 8, 9, 10, 11, 12, 13, 14, 15, 16, 17, 18, 19, 20, 21, 22, 23, 24, 25, 26, 27, 28, 29]
[2026-05-15 20:10:33] Valid hours for sum: [12, 18, 24, 29]
[2026-05-15 20:10:35] Drought composite end date: 2020-06-18 06:00:00
[2026-05-15 20:10:35] Land cover year: 2019
[2026-05-15 20:10:36] VIIRS Veg composite: 2020-05-16 → 2020-06-01
[2026-05-15 20:10:41] Started export task: fire_81_dynamic_2020-06-19
[2026-05-15 20:10:41] ------ Processing date=2020-06-20 ------
[2026-05-15 20:10:41] Using viirs_af_path: viirs_af_path
[2026-05-15 20:10:41] VIIRS Image Date: ['2020-06-20 00:00:00']
[2026-05-15 20:10:41] Weather image size: 1
[2026-05-15 20:10:41] Forecast duration: 2020-06-21 00:00:00 to 2020-06-22 00:00:00
[2026-05-15 20:10:42] Number of forecast images: 24
[2026-05-15 20:10:42] Using forecast run: 2020-06-20 18:00:00 UTC
[2026-05-15 20:10:43] Forecast Rain Available hours: [6, 7, 8, 9, 10, 11, 12, 13, 14, 15, 16, 17, 18, 19, 20, 21, 22, 23, 24, 25, 26, 27, 28, 29]
[2026-05-15 20:10:43] Valid hours for sum: [12, 18, 24, 29]
[2026-05-15 20:10:44] Drought composite end date: 2020-06-18 06:00:00
[2026-05-15 20:10:44] Land cover year: 2019
[2026-05-15 20:10:46] VIIRS Veg composite: 2020-05-16 → 2020-06-01
[2026-05-15 20:10:51] Started export task: fire_81_dynamic_2020-06-20
[2026-05-15 20:10:51] ------ Processing date=2020-06-21 ------
[2026-05-15 20:10:51] Using viirs_af_path: viirs_af_path
[2026-05-15 20:10:51] VIIRS Image Date: ['2020-06-21 00:00:00']
[2026-05-15 20:10:51] Weather image size: 1
[2026-05-15 20:10:51] Forecast duration: 2020-06-22 00:00:00 to 2020-06-23 00:00:00
[2026-05-15 20:10:52] Number of forecast images: 24
[2026-05-15 20:10:52] Using forecast run: 2020-06-21 18:00:00 UTC
[2026-05-15 20:10:53] Forecast Rain Available hours: [6, 7, 8, 9, 10, 11, 12, 13, 14, 15, 16, 17, 18, 19, 20, 21, 22, 23, 24, 25, 26, 27, 28, 29]
[2026-05-15 20:10:53] Valid hours for sum: [12, 18, 24, 29]
[2026-05-15 20:10:55] Drought composite end date: 2020-06-18 06:00:00
[2026-05-15 20:10:55] Land cover year: 2019
[2026-05-15 20:10:56] VIIRS Veg composite: 2020-05-16 → 2020-06-01
[2026-05-15 20:11:00] Started export task: fire_81_dynamic_2020-06-21
[2026-05-15 20:11:00] ------ Processing date=2020-06-22 ------
[2026-05-15 20:11:00] Using viirs_af_path: viirs_af_path
[2026-05-15 20:11:00] VIIRS Image Date: ['2020-06-22 00:00:00']
[2026-05-15 20:11:01] Weather image size: 1
[2026-05-15 20:11:01] Forecast duration: 2020-06-23 00:00:00 to 2020-06-24 00:00:00
[2026-05-15 20:11:02] Number of forecast images: 24
[2026-05-15 20:11:02] Using forecast run: 2020-06-22 18:00:00 UTC
[2026-05-15 20:11:03] Forecast Rain Available hours: [6, 7, 8, 9, 10, 11, 12, 13, 14, 15, 16, 17, 18, 19, 20, 21, 22, 23, 24, 25, 26, 27, 28, 29]
[2026-05-15 20:11:03] Valid hours for sum: [12, 18, 24, 29]
[2026-05-15 20:11:04] Drought composite end date: 2020-06-18 06:00:00
[2026-05-15 20:11:04] Land cover year: 2019
[2026-05-15 20:11:05] VIIRS Veg composite: 2020-05-16 → 2020-06-01
[2026-05-15 20:11:09] Started export task: fire_81_dynamic_2020-06-22
[2026-05-15 20:11:09] ------ Processing date=2020-06-23 ------
[2026-05-15 20:11:09] Using viirs_af_path: viirs_af_path
[2026-05-15 20:11:10] VIIRS Image Date: ['2020-06-23 00:00:00']
[2026-05-15 20:11:10] Weather image size: 1
[2026-05-15 20:11:10] Forecast duration: 2020-06-24 00:00:00 to 2020-06-25 00:00:00
[2026-05-15 20:11:11] Number of forecast images: 24
[2026-05-15 20:11:11] Using forecast run: 2020-06-23 18:00:00 UTC
[2026-05-15 20:11:11] Forecast Rain Available hours: [6, 7, 8, 9, 10, 11, 12, 13, 14, 15, 16, 17, 18, 19, 20, 21, 22, 23, 24, 25, 26, 27, 28, 29]
[2026-05-15 20:11:11] Valid hours for sum: [12, 18, 24, 29]
[2026-05-15 20:11:13] Drought composite end date: 2020-06-18 06:00:00
[2026-05-15 20:11:13] Land cover year: 2019
[2026-05-15 20:11:14] VIIRS Veg composite: 2020-05-16 → 2020-06-01
[2026-05-15 20:11:19] Started export task: fire_81_dynamic_2020-06-23
[2026-05-15 20:11:20] ------ Processing date=2020-06-24 ------
[2026-05-15 20:11:20] Using viirs_af_path: viirs_af_path
[2026-05-15 20:11:20] VIIRS Image Date: ['2020-06-24 00:00:00']
[2026-05-15 20:11:20] Weather image size: 1
[2026-05-15 20:11:20] Forecast duration: 2020-06-25 00:00:00 to 2020-06-26 00:00:00
[2026-05-15 20:11:21] Number of forecast images: 24
[2026-05-15 20:11:21] Using forecast run: 2020-06-24 18:00:00 UTC
[2026-05-15 20:11:21] Forecast Rain Available hours: [6, 7, 8, 9, 10, 11, 12, 13, 14, 15, 16, 17, 18, 19, 20, 21, 22, 23, 24, 25, 26, 27, 28, 29]
[2026-05-15 20:11:21] Valid hours for sum: [12, 18, 24, 29]
[2026-05-15 20:11:23] Drought composite end date: 2020-06-23 06:00:00
[2026-05-15 20:11:23] Land cover year: 2019
[2026-05-15 20:11:24] VIIRS Veg composite: 2020-05-16 → 2020-06-01
[2026-05-15 20:11:28] Started export task: fire_81_dynamic_2020-06-24
[2026-05-15 20:11:29] ------ Processing date=2020-06-25 ------
[2026-05-15 20:11:29] Using viirs_af_path: viirs_af_path
[2026-05-15 20:11:29] VIIRS Image Date: ['2020-06-25 00:00:00']
[2026-05-15 20:11:29] Weather image size: 1
[2026-05-15 20:11:29] Forecast duration: 2020-06-26 00:00:00 to 2020-06-27 00:00:00
[2026-05-15 20:11:31] Number of forecast images: 24
[2026-05-15 20:11:31] Using forecast run: 2020-06-25 18:00:00 UTC
[2026-05-15 20:11:31] Forecast Rain Available hours: [6, 7, 8, 9, 10, 11, 12, 13, 14, 15, 16, 17, 18, 19, 20, 21, 22, 23, 24, 25, 26, 27, 28, 29]
[2026-05-15 20:11:31] Valid hours for sum: [12, 18, 24, 29]
[2026-05-15 20:11:33] Drought composite end date: 2020-06-23 06:00:00
[2026-05-15 20:11:33] Land cover year: 2019
[2026-05-15 20:11:34] VIIRS Veg composite: 2020-05-16 → 2020-06-01
[2026-05-15 20:11:37] Started export task: fire_81_dynamic_2020-06-25
[2026-05-15 20:11:37] ------ Processing date=2020-06-26 ------
[2026-05-15 20:11:37] Using viirs_af_path: viirs_af_path
[2026-05-15 20:11:37] VIIRS Image Date: ['2020-06-26 00:00:00']
[2026-05-15 20:11:38] Weather image size: 1
[2026-05-15 20:11:38] Forecast duration: 2020-06-27 00:00:00 to 2020-06-28 00:00:00
[2026-05-15 20:11:38] Number of forecast images: 24
[2026-05-15 20:11:38] Using forecast run: 2020-06-26 18:00:00 UTC
[2026-05-15 20:11:39] Forecast Rain Available hours: [6, 7, 8, 9, 10, 11, 12, 13, 14, 15, 16, 17, 18, 19, 20, 21, 22, 23, 24, 25, 26, 27, 28, 29]
[2026-05-15 20:11:39] Valid hours for sum: [12, 18, 24, 29]
[2026-05-15 20:11:41] Drought composite end date: 2020-06-23 06:00:00
[2026-05-15 20:11:42] Land cover year: 2019
[2026-05-15 20:11:43] VIIRS Veg composite: 2020-05-16 → 2020-06-01
[2026-05-15 20:11:47] Started export task: fire_81_dynamic_2020-06-26
[2026-05-15 20:11:47] ------ Processing date=2020-06-27 ------
[2026-05-15 20:11:47] Using viirs_af_path: viirs_af_path
[2026-05-15 20:11:47] VIIRS Image Date: ['2020-06-27 00:00:00']
[2026-05-15 20:11:47] Weather image size: 1
[2026-05-15 20:11:47] Forecast duration: 2020-06-28 00:00:00 to 2020-06-29 00:00:00
[2026-05-15 20:11:48] Number of forecast images: 24
[2026-05-15 20:11:48] Using forecast run: 2020-06-27 18:00:00 UTC
[2026-05-15 20:11:48] Forecast Rain Available hours: [6, 7, 8, 9, 10, 11, 12, 13, 14, 15, 16, 17, 18, 19, 20, 21, 22, 23, 24, 25, 26, 27, 28, 29]
[2026-05-15 20:11:48] Valid hours for sum: [12, 18, 24, 29]
[2026-05-15 20:11:50] Drought composite end date: 2020-06-23 06:00:00
[2026-05-15 20:11:51] Land cover year: 2019
[2026-05-15 20:11:51] VIIRS Veg composite: 2020-05-16 → 2020-06-01
[2026-05-15 20:11:54] Started export task: fire_81_dynamic_2020-06-27
[2026-05-15 20:11:55] ------ Processing date=2020-06-28 ------
[2026-05-15 20:11:55] Using viirs_af_path: viirs_af_path
[2026-05-15 20:11:55] VIIRS Image Date: ['2020-06-28 00:00:00']
[2026-05-15 20:11:56] Weather image size: 1
[2026-05-15 20:11:56] Forecast duration: 2020-06-29 00:00:00 to 2020-06-30 00:00:00
[2026-05-15 20:11:57] Number of forecast images: 24
[2026-05-15 20:11:57] Using forecast run: 2020-06-28 18:00:00 UTC
[2026-05-15 20:11:57] Forecast Rain Available hours: [6, 7, 8, 9, 10, 11, 12, 13, 14, 15, 16, 17, 18, 19, 20, 21, 22, 23, 24, 25, 26, 27, 28, 29]
[2026-05-15 20:11:57] Valid hours for sum: [12, 18, 24, 29]
[2026-05-15 20:12:00] Drought composite end date: 2020-06-23 06:00:00
[2026-05-15 20:12:00] Land cover year: 2019
[2026-05-15 20:12:01] VIIRS Veg composite: 2020-05-16 → 2020-06-01
[2026-05-15 20:12:06] Started export task: fire_81_dynamic_2020-06-28
[2026-05-15 20:12:06] ------ Processing date=2020-06-29 ------
[2026-05-15 20:12:06] Using viirs_af_path: viirs_af_path
[2026-05-15 20:12:06] VIIRS Image Date: ['2020-06-29 00:00:00']
[2026-05-15 20:12:07] Weather image size: 1
[2026-05-15 20:12:07] Forecast duration: 2020-06-30 00:00:00 to 2020-07-01 00:00:00
[2026-05-15 20:12:07] Number of forecast images: 24
[2026-05-15 20:12:07] Using forecast run: 2020-06-29 18:00:00 UTC
[2026-05-15 20:12:08] Forecast Rain Available hours: [6, 7, 8, 9, 10, 11, 12, 13, 14, 15, 16, 17, 18, 19, 20, 21, 22, 23, 24, 25, 26, 27, 28, 29]
[2026-05-15 20:12:08] Valid hours for sum: [12, 18, 24, 29]
[2026-05-15 20:12:10] Drought composite end date: 2020-06-28 06:00:00
[2026-05-15 20:12:11] Land cover year: 2019
[2026-05-15 20:12:11] VIIRS Veg composite: 2020-05-16 → 2020-06-01
[2026-05-15 20:12:15] Started export task: fire_81_dynamic_2020-06-29
[2026-05-15 20:12:16] ------ Processing date=2020-06-30 ------
[2026-05-15 20:12:16] Using viirs_af_path: viirs_af_path
[2026-05-15 20:12:16] VIIRS Image Date: ['2020-06-30 00:00:00']
[2026-05-15 20:12:16] Weather image size: 1
[2026-05-15 20:12:16] Forecast duration: 2020-07-01 00:00:00 to 2020-07-02 00:00:00
[2026-05-15 20:12:17] Number of forecast images: 24
[2026-05-15 20:12:17] Using forecast run: 2020-06-30 18:00:00 UTC
[2026-05-15 20:12:17] Forecast Rain Available hours: [6, 7, 8, 9, 10, 11, 12, 13, 14, 15, 16, 17, 18, 19, 20, 21, 22, 23, 24, 25, 26, 27, 28, 29]
[2026-05-15 20:12:17] Valid hours for sum: [12, 18, 24, 29]
[2026-05-15 20:12:19] Drought composite end date: 2020-06-28 06:00:00
[2026-05-15 20:12:19] Land cover year: 2019
[2026-05-15 20:12:20] VIIRS Veg composite: 2020-05-16 → 2020-06-01
[2026-05-15 20:12:25] Started export task: fire_81_dynamic_2020-06-30
[2026-05-15 20:12:25] ------ Processing date=2020-07-01 ------
[2026-05-15 20:12:25] Using viirs_af_path: viirs_af_path
[2026-05-15 20:12:25] VIIRS Image Date: ['2020-07-01 00:00:00']
[2026-05-15 20:12:25] Weather image size: 1
[2026-05-15 20:12:25] Forecast duration: 2020-07-02 00:00:00 to 2020-07-03 00:00:00
[2026-05-15 20:12:27] Number of forecast images: 24
[2026-05-15 20:12:27] Using forecast run: 2020-07-01 18:00:00 UTC
[2026-05-15 20:12:27] Forecast Rain Available hours: [6, 7, 8, 9, 10, 11, 12, 13, 14, 15, 16, 17, 18, 19, 20, 21, 22, 23, 24, 25, 26, 27, 28, 29]
[2026-05-15 20:12:27] Valid hours for sum: [12, 18, 24, 29]
[2026-05-15 20:12:30] Drought composite end date: 2020-06-28 06:00:00
[2026-05-15 20:12:30] Land cover year: 2019
[2026-05-15 20:12:31] VIIRS Veg composite: 2020-05-16 → 2020-06-01
[2026-05-15 20:12:35] Started export task: fire_81_dynamic_2020-07-01
[2026-05-15 20:12:35] ------ Processing date=2020-07-02 ------
[2026-05-15 20:12:35] Using viirs_af_path: viirs_af_path
[2026-05-15 20:12:35] VIIRS Image Date: ['2020-07-02 00:00:00']
[2026-05-15 20:12:35] Weather image size: 1
[2026-05-15 20:12:35] Forecast duration: 2020-07-03 00:00:00 to 2020-07-04 00:00:00
[2026-05-15 20:12:37] Number of forecast images: 24
[2026-05-15 20:12:37] Using forecast run: 2020-07-02 18:00:00 UTC
[2026-05-15 20:12:37] Forecast Rain Available hours: [6, 7, 8, 9, 10, 11, 12, 13, 14, 15, 16, 17, 18, 19, 20, 21, 22, 23, 24, 25, 26, 27, 28, 29]
[2026-05-15 20:12:37] Valid hours for sum: [12, 18, 24, 29]
[2026-05-15 20:12:39] Drought composite end date: 2020-06-28 06:00:00
[2026-05-15 20:12:39] Land cover year: 2019
[2026-05-15 20:12:40] VIIRS Veg composite: 2020-05-16 → 2020-06-01
[2026-05-15 20:12:45] Started export task: fire_81_dynamic_2020-07-02
[2026-05-15 20:12:45] ------ Processing date=2020-07-03 ------
[2026-05-15 20:12:45] Using viirs_af_path: viirs_af_path
[2026-05-15 20:12:45] VIIRS Image Date: ['2020-07-03 00:00:00']
[2026-05-15 20:12:46] Weather image size: 1
[2026-05-15 20:12:46] Forecast duration: 2020-07-04 00:00:00 to 2020-07-05 00:00:00
[2026-05-15 20:12:46] Number of forecast images: 24
[2026-05-15 20:12:46] Using forecast run: 2020-07-03 18:00:00 UTC
[2026-05-15 20:12:47] Forecast Rain Available hours: [6, 7, 8, 9, 10, 11, 12, 13, 14, 15, 16, 17, 18, 19, 20, 21, 22, 23, 24, 25, 26, 27, 28, 29]
[2026-05-15 20:12:47] Valid hours for sum: [12, 18, 24, 29]
[2026-05-15 20:12:49] Drought composite end date: 2020-06-28 06:00:00
[2026-05-15 20:12:49] Land cover year: 2019
[2026-05-15 20:12:50] VIIRS Veg composite: 2020-05-16 → 2020-06-01
[2026-05-15 20:12:56] Started export task: fire_81_dynamic_2020-07-03
[2026-05-15 20:12:56] ------ Processing date=2020-07-04 ------
[2026-05-15 20:12:56] Using viirs_af_path: viirs_af_path
[2026-05-15 20:12:56] VIIRS Image Date: ['2020-07-04 00:00:00']
[2026-05-15 20:12:57] Weather image size: 1
[2026-05-15 20:12:57] Forecast duration: 2020-07-05 00:00:00 to 2020-07-06 00:00:00
[2026-05-15 20:12:57] Number of forecast images: 24
[2026-05-15 20:12:57] Using forecast run: 2020-07-04 18:00:00 UTC
[2026-05-15 20:12:58] Forecast Rain Available hours: [6, 7, 8, 9, 10, 11, 12, 13, 14, 15, 16, 17, 18, 19, 20, 21, 22, 23, 24, 25, 26, 27, 28, 29]
[2026-05-15 20:12:58] Valid hours for sum: [12, 18, 24, 29]
[2026-05-15 20:13:00] Drought composite end date: 2020-07-03 06:00:00
[2026-05-15 20:13:00] Land cover year: 2019
[2026-05-15 20:13:01] VIIRS Veg composite: 2020-05-16 → 2020-06-01
[2026-05-15 20:13:05] Started export task: fire_81_dynamic_2020-07-04
[2026-05-15 20:13:05] ------ Processing date=2020-07-05 ------
[2026-05-15 20:13:05] Using viirs_af_path: viirs_af_path
[2026-05-15 20:13:06] VIIRS Image Date: ['2020-07-05 00:00:00']
[2026-05-15 20:13:06] Weather image size: 1
[2026-05-15 20:13:06] Forecast duration: 2020-07-06 00:00:00 to 2020-07-07 00:00:00
[2026-05-15 20:13:07] Number of forecast images: 24
[2026-05-15 20:13:07] Using forecast run: 2020-07-05 18:00:00 UTC
[2026-05-15 20:13:07] Forecast Rain Available hours: [6, 7, 8, 9, 10, 11, 12, 13, 14, 15, 16, 17, 18, 19, 20, 21, 22, 23, 24, 25, 26, 27, 28, 29]
[2026-05-15 20:13:07] Valid hours for sum: [12, 18, 24, 29]
[2026-05-15 20:13:09] Drought composite end date: 2020-07-03 06:00:00
[2026-05-15 20:13:09] Land cover year: 2019
[2026-05-15 20:13:10] VIIRS Veg composite: 2020-05-16 → 2020-06-01
[2026-05-15 20:13:14] Started export task: fire_81_dynamic_2020-07-05
[2026-05-15 20:13:14] ------ Processing date=2020-07-06 ------
[2026-05-15 20:13:14] Using viirs_af_path: viirs_af_path
[2026-05-15 20:13:14] VIIRS Image Date: ['2020-07-06 00:00:00']
[2026-05-15 20:13:14] Weather image size: 1
[2026-05-15 20:13:14] Forecast duration: 2020-07-07 00:00:00 to 2020-07-08 00:00:00
[2026-05-15 20:13:15] Number of forecast images: 24
[2026-05-15 20:13:15] Using forecast run: 2020-07-06 18:00:00 UTC
[2026-05-15 20:13:15] Forecast Rain Available hours: [6, 7, 8, 9, 10, 11, 12, 13, 14, 15, 16, 17, 18, 19, 20, 21, 22, 23, 24, 25, 26, 27, 28, 29]
[2026-05-15 20:13:15] Valid hours for sum: [12, 18, 24, 29]
[2026-05-15 20:13:18] Drought composite end date: 2020-07-03 06:00:00
[2026-05-15 20:13:18] Land cover year: 2019
[2026-05-15 20:13:19] VIIRS Veg composite: 2020-05-16 → 2020-06-01
[2026-05-15 20:13:22] Started export task: fire_81_dynamic_2020-07-06
[2026-05-15 20:13:22] ------ Processing date=2020-07-07 ------
[2026-05-15 20:13:22] Using viirs_af_path: viirs_af_path
[2026-05-15 20:13:23] VIIRS Image Date: ['2020-07-07 00:00:00']
[2026-05-15 20:13:23] Weather image size: 1
[2026-05-15 20:13:23] Forecast duration: 2020-07-08 00:00:00 to 2020-07-09 00:00:00
[2026-05-15 20:13:24] Number of forecast images: 24
[2026-05-15 20:13:24] Using forecast run: 2020-07-07 18:00:00 UTC
[2026-05-15 20:13:24] Forecast Rain Available hours: [6, 7, 8, 9, 10, 11, 12, 13, 14, 15, 16, 17, 18, 19, 20, 21, 22, 23, 24, 25, 26, 27, 28, 29]
[2026-05-15 20:13:24] Valid hours for sum: [12, 18, 24, 29]
[2026-05-15 20:13:26] Drought composite end date: 2020-07-03 06:00:00
[2026-05-15 20:13:26] Land cover year: 2019
[2026-05-15 20:13:27] VIIRS Veg composite: 2020-05-16 → 2020-06-01
[2026-05-15 20:13:31] Started export task: fire_81_dynamic_2020-07-07
[2026-05-15 20:13:32] ------ Processing date=2020-07-08 ------
[2026-05-15 20:13:32] Using viirs_af_path: viirs_af_path
[2026-05-15 20:13:32] VIIRS Image Date: ['2020-07-08 00:00:00']
[2026-05-15 20:13:32] Weather image size: 1
[2026-05-15 20:13:32] Forecast duration: 2020-07-09 00:00:00 to 2020-07-10 00:00:00
[2026-05-15 20:13:33] Number of forecast images: 24
[2026-05-15 20:13:33] Using forecast run: 2020-07-08 18:00:00 UTC
[2026-05-15 20:13:33] Forecast Rain Available hours: [6, 7, 8, 9, 10, 11, 12, 13, 14, 15, 16, 17, 18, 19, 20, 21, 22, 23, 24, 25, 26, 27, 28, 29]
[2026-05-15 20:13:33] Valid hours for sum: [12, 18, 24, 29]
[2026-05-15 20:13:36] Drought composite end date: 2020-07-03 06:00:00
[2026-05-15 20:13:36] Land cover year: 2019
[2026-05-15 20:13:37] VIIRS Veg composite: 2020-05-16 → 2020-06-01
[2026-05-15 20:13:41] Started export task: fire_81_dynamic_2020-07-08
[2026-05-15 20:13:41] ------ Processing date=2020-07-09 ------
[2026-05-15 20:13:41] Using viirs_af_path: viirs_af_path
[2026-05-15 20:13:41] VIIRS Image Date: ['2020-07-09 00:00:00']
[2026-05-15 20:13:42] Weather image size: 1
[2026-05-15 20:13:42] Forecast duration: 2020-07-10 00:00:00 to 2020-07-11 00:00:00
[2026-05-15 20:13:42] Number of forecast images: 24
[2026-05-15 20:13:42] Using forecast run: 2020-07-09 18:00:00 UTC
[2026-05-15 20:13:43] Forecast Rain Available hours: [6, 7, 8, 9, 10, 11, 12, 13, 14, 15, 16, 17, 18, 19, 20, 21, 22, 23, 24, 25, 26, 27, 28, 29]
[2026-05-15 20:13:43] Valid hours for sum: [12, 18, 24, 29]
[2026-05-15 20:13:45] Drought composite end date: 2020-07-08 06:00:00
[2026-05-15 20:13:45] Land cover year: 2019
[2026-05-15 20:13:46] VIIRS Veg composite: 2020-05-16 → 2020-06-01
[2026-05-15 20:13:50] Started export task: fire_81_dynamic_2020-07-09
[2026-05-15 20:13:51] ------ Processing date=2020-07-10 ------
[2026-05-15 20:13:51] Using viirs_af_path: viirs_af_path
[2026-05-15 20:13:51] VIIRS Image Date: ['2020-07-10 00:00:00']
[2026-05-15 20:13:52] Weather image size: 1
[2026-05-15 20:13:52] Forecast duration: 2020-07-11 00:00:00 to 2020-07-12 00:00:00
[2026-05-15 20:13:53] Number of forecast images: 24
[2026-05-15 20:13:53] Using forecast run: 2020-07-10 18:00:00 UTC
[2026-05-15 20:13:53] Forecast Rain Available hours: [6, 7, 8, 9, 10, 11, 12, 13, 14, 15, 16, 17, 18, 19, 20, 21, 22, 23, 24, 25, 26, 27, 28, 29]
[2026-05-15 20:13:53] Valid hours for sum: [12, 18, 24, 29]
[2026-05-15 20:13:55] Drought composite end date: 2020-07-08 06:00:00
[2026-05-15 20:13:56] Land cover year: 2019
[2026-05-15 20:13:56] VIIRS Veg composite: 2020-05-16 → 2020-06-01
[2026-05-15 20:14:00] Started export task: fire_81_dynamic_2020-07-10
[2026-05-15 20:14:00] ------ Processing date=2020-07-11 ------
[2026-05-15 20:14:00] Using viirs_af_path: viirs_af_path
[2026-05-15 20:14:00] VIIRS Image Date: ['2020-07-11 00:00:00']
[2026-05-15 20:14:00] Weather image size: 1
[2026-05-15 20:14:00] Forecast duration: 2020-07-12 00:00:00 to 2020-07-13 00:00:00
[2026-05-15 20:14:01] Number of forecast images: 24
[2026-05-15 20:14:01] Using forecast run: 2020-07-11 18:00:00 UTC
[2026-05-15 20:14:02] Forecast Rain Available hours: [6, 7, 8, 9, 10, 11, 12, 13, 14, 15, 16, 17, 18, 19, 20, 21, 22, 23, 24, 25, 26, 27, 28, 29]
[2026-05-15 20:14:02] Valid hours for sum: [12, 18, 24, 29]
[2026-05-15 20:14:04] Drought composite end date: 2020-07-08 06:00:00
[2026-05-15 20:14:04] Land cover year: 2019
[2026-05-15 20:14:04] VIIRS Veg composite: 2020-05-16 → 2020-06-01
[2026-05-15 20:14:08] Started export task: fire_81_dynamic_2020-07-11
[2026-05-15 20:14:08] ------ Processing date=2020-07-12 ------
[2026-05-15 20:14:08] Using viirs_af_path: viirs_af_path
[2026-05-15 20:14:08] VIIRS Image Date: ['2020-07-12 00:00:00']
[2026-05-15 20:14:08] Weather image size: 1
[2026-05-15 20:14:08] Forecast duration: 2020-07-13 00:00:00 to 2020-07-14 00:00:00
[2026-05-15 20:14:09] Number of forecast images: 24
[2026-05-15 20:14:09] Using forecast run: 2020-07-12 18:00:00 UTC
[2026-05-15 20:14:09] Forecast Rain Available hours: [6, 7, 8, 9, 10, 11, 12, 13, 14, 15, 16, 17, 18, 19, 20, 21, 22, 23, 24, 25, 26, 27, 28, 29]
[2026-05-15 20:14:09] Valid hours for sum: [12, 18, 24, 29]
[2026-05-15 20:14:12] Drought composite end date: 2020-07-08 06:00:00
[2026-05-15 20:14:12] Land cover year: 2019
[2026-05-15 20:14:13] VIIRS Veg composite: 2020-05-16 → 2020-06-01
[2026-05-15 20:14:19] Started export task: fire_81_dynamic_2020-07-12
[2026-05-15 20:14:19] ------ Processing date=2020-07-13 ------
[2026-05-15 20:14:19] Using viirs_af_path: viirs_af_path
[2026-05-15 20:14:19] VIIRS Image Date: ['2020-07-13 00:00:00']
[2026-05-15 20:14:20] Weather image size: 1
[2026-05-15 20:14:20] Forecast duration: 2020-07-14 00:00:00 to 2020-07-15 00:00:00
[2026-05-15 20:14:21] Number of forecast images: 24
[2026-05-15 20:14:21] Using forecast run: 2020-07-13 18:00:00 UTC
[2026-05-15 20:14:21] Forecast Rain Available hours: [6, 7, 8, 9, 10, 11, 12, 13, 14, 15, 16, 17, 18, 19, 20, 21, 22, 23, 24, 25, 26, 27, 28, 29]
[2026-05-15 20:14:21] Valid hours for sum: [12, 18, 24, 29]
[2026-05-15 20:14:24] Drought composite end date: 2020-07-08 06:00:00
[2026-05-15 20:14:24] Land cover year: 2019
[2026-05-15 20:14:25] VIIRS Veg composite: 2020-05-16 → 2020-06-01
[2026-05-15 20:14:29] Started export task: fire_81_dynamic_2020-07-13
[2026-05-15 20:14:30] ------ Processing date=2020-07-14 ------
[2026-05-15 20:14:30] Using viirs_af_path: viirs_af_path
[2026-05-15 20:14:30] VIIRS Image Date: ['2020-07-14 00:00:00']
[2026-05-15 20:14:30] Weather image size: 1
[2026-05-15 20:14:30] Forecast duration: 2020-07-15 00:00:00 to 2020-07-16 00:00:00
[2026-05-15 20:14:31] Number of forecast images: 24
[2026-05-15 20:14:31] Using forecast run: 2020-07-14 18:00:00 UTC
[2026-05-15 20:14:31] Forecast Rain Available hours: [6, 7, 8, 9, 10, 11, 12, 13, 14, 15, 16, 17, 18, 19, 20, 21, 22, 23, 24, 25, 26, 27, 28, 29]
[2026-05-15 20:14:31] Valid hours for sum: [12, 18, 24, 29]
[2026-05-15 20:14:34] Drought composite end date: 2020-07-13 06:00:00
[2026-05-15 20:14:35] Land cover year: 2019
[2026-05-15 20:14:35] VIIRS Veg composite: 2020-05-16 → 2020-06-01
[2026-05-15 20:14:39] Started export task: fire_81_dynamic_2020-07-14
[2026-05-15 20:14:40] ------ Processing date=2020-07-15 ------
[2026-05-15 20:14:40] Using viirs_af_path: viirs_af_path
[2026-05-15 20:14:40] VIIRS Image Date: ['2020-07-15 00:00:00']
[2026-05-15 20:14:40] Weather image size: 1
[2026-05-15 20:14:40] Forecast duration: 2020-07-16 00:00:00 to 2020-07-17 00:00:00
[2026-05-15 20:14:41] Number of forecast images: 24
[2026-05-15 20:14:41] Using forecast run: 2020-07-15 18:00:00 UTC
[2026-05-15 20:14:41] Forecast Rain Available hours: [6, 7, 8, 9, 10, 11, 12, 13, 14, 15, 16, 17, 18, 19, 20, 21, 22, 23, 24, 25, 26, 27, 28, 29]
[2026-05-15 20:14:41] Valid hours for sum: [12, 18, 24, 29]
[2026-05-15 20:14:44] Drought composite end date: 2020-07-13 06:00:00
[2026-05-15 20:14:45] Land cover year: 2019
[2026-05-15 20:14:46] VIIRS Veg composite: 2020-05-16 → 2020-06-01
[2026-05-15 20:14:50] Started export task: fire_81_dynamic_2020-07-15
[2026-05-15 20:14:50] ------ Processing date=2020-07-16 ------
[2026-05-15 20:14:50] Using viirs_af_path: viirs_af_path
[2026-05-15 20:14:50] VIIRS Image Date: ['2020-07-16 00:00:00']
[2026-05-15 20:14:51] Weather image size: 1
[2026-05-15 20:14:51] Forecast duration: 2020-07-17 00:00:00 to 2020-07-18 00:00:00
[2026-05-15 20:14:52] Number of forecast images: 24
[2026-05-15 20:14:52] Using forecast run: 2020-07-16 18:00:00 UTC
[2026-05-15 20:14:52] Forecast Rain Available hours: [6, 7, 8, 9, 10, 11, 12, 13, 14, 15, 16, 17, 18, 19, 20, 21, 22, 23, 24, 25, 26, 27, 28, 29]
[2026-05-15 20:14:52] Valid hours for sum: [12, 18, 24, 29]
[2026-05-15 20:14:54] Drought composite end date: 2020-07-13 06:00:00
[2026-05-15 20:14:54] Land cover year: 2019
[2026-05-15 20:14:55] VIIRS Veg composite: 2020-05-16 → 2020-06-01
[2026-05-15 20:14:59] Started export task: fire_81_dynamic_2020-07-16
[2026-05-15 20:14:59] ------ Processing date=2020-07-17 ------
[2026-05-15 20:14:59] Using viirs_af_path: viirs_af_path
[2026-05-15 20:14:59] VIIRS Image Date: ['2020-07-17 00:00:00']
[2026-05-15 20:14:59] Weather image size: 1
[2026-05-15 20:14:59] Forecast duration: 2020-07-18 00:00:00 to 2020-07-19 00:00:00
[2026-05-15 20:15:00] Number of forecast images: 24
[2026-05-15 20:15:00] Using forecast run: 2020-07-17 18:00:00 UTC
[2026-05-15 20:15:01] Forecast Rain Available hours: [6, 7, 8, 9, 10, 11, 12, 13, 14, 15, 16, 17, 18, 19, 20, 21, 22, 23, 24, 25, 26, 27, 28, 29]
[2026-05-15 20:15:01] Valid hours for sum: [12, 18, 24, 29]
[2026-05-15 20:15:03] Drought composite end date: 2020-07-13 06:00:00
[2026-05-15 20:15:03] Land cover year: 2019
[2026-05-15 20:15:04] VIIRS Veg composite: 2020-05-16 → 2020-06-01
[2026-05-15 20:15:09] Started export task: fire_81_dynamic_2020-07-17
[2026-05-15 20:15:10] ------ Processing date=2020-07-18 ------
[2026-05-15 20:15:10] Using viirs_af_path: viirs_af_path
[2026-05-15 20:15:10] VIIRS Image Date: ['2020-07-18 00:00:00']
[2026-05-15 20:15:10] Weather image size: 1
[2026-05-15 20:15:10] Forecast duration: 2020-07-19 00:00:00 to 2020-07-20 00:00:00
[2026-05-15 20:15:11] Number of forecast images: 24
[2026-05-15 20:15:11] Using forecast run: 2020-07-18 18:00:00 UTC
[2026-05-15 20:15:11] Forecast Rain Available hours: [6, 7, 8, 9, 10, 11, 12, 13, 14, 15, 16, 17, 18, 19, 20, 21, 22, 23, 24, 25, 26, 27, 28, 29]
[2026-05-15 20:15:11] Valid hours for sum: [12, 18, 24, 29]
[2026-05-15 20:15:13] Drought composite end date: 2020-07-13 06:00:00
[2026-05-15 20:15:13] Land cover year: 2019
[2026-05-15 20:15:14] VIIRS Veg composite: 2020-05-16 → 2020-06-01
[2026-05-15 20:15:18] Started export task: fire_81_dynamic_2020-07-18
[2026-05-15 20:15:19] ------ Processing date=2020-07-19 ------
[2026-05-15 20:15:19] Using viirs_af_path: viirs_af_path
[2026-05-15 20:15:19] VIIRS Image Date: ['2020-07-19 00:00:00']
[2026-05-15 20:15:19] Weather image size: 1
[2026-05-15 20:15:19] Forecast duration: 2020-07-20 00:00:00 to 2020-07-21 00:00:00
[2026-05-15 20:15:21] Number of forecast images: 24
[2026-05-15 20:15:21] Using forecast run: 2020-07-19 18:00:00 UTC
[2026-05-15 20:15:21] Forecast Rain Available hours: [6, 7, 8, 9, 10, 11, 12, 13, 14, 15, 16, 17, 18, 19, 20, 21, 22, 23, 24, 25, 26, 27, 28, 29]
[2026-05-15 20:15:21] Valid hours for sum: [12, 18, 24, 29]
[2026-05-15 20:15:24] Drought composite end date: 2020-07-18 06:00:00
[2026-05-15 20:15:25] Land cover year: 2019
[2026-05-15 20:15:27] VIIRS Veg composite: 2020-05-16 → 2020-06-01
[2026-05-15 20:15:31] Started export task: fire_81_dynamic_2020-07-19
[2026-05-15 20:15:31] ------ Processing date=2020-07-20 ------
[2026-05-15 20:15:31] Using viirs_af_path: viirs_af_path
[2026-05-15 20:15:31] VIIRS Image Date: ['2020-07-20 00:00:00']
[2026-05-15 20:15:31] Weather image size: 1
[2026-05-15 20:15:31] Forecast duration: 2020-07-21 00:00:00 to 2020-07-22 00:00:00
[2026-05-15 20:15:32] Number of forecast images: 24
[2026-05-15 20:15:32] Using forecast run: 2020-07-20 18:00:00 UTC
[2026-05-15 20:15:33] Forecast Rain Available hours: [6, 7, 8, 9, 10, 11, 12, 13, 14, 15, 16, 17, 18, 19, 20, 21, 22, 23, 24, 25, 26, 27, 28, 29]
[2026-05-15 20:15:33] Valid hours for sum: [12, 18, 24, 29]
[2026-05-15 20:15:34] Drought composite end date: 2020-07-18 06:00:00
[2026-05-15 20:15:35] Land cover year: 2019
[2026-05-15 20:15:36] VIIRS Veg composite: 2020-05-16 → 2020-06-01
[2026-05-15 20:15:41] Started export task: fire_81_dynamic_2020-07-20
[2026-05-15 20:15:41] ------ Processing date=2020-07-21 ------
[2026-05-15 20:15:41] Using viirs_af_path: viirs_af_path
[2026-05-15 20:15:41] VIIRS Image Date: ['2020-07-21 00:00:00']
[2026-05-15 20:15:41] Weather image size: 1
[2026-05-15 20:15:41] Forecast duration: 2020-07-22 00:00:00 to 2020-07-23 00:00:00
[2026-05-15 20:15:42] Number of forecast images: 24
[2026-05-15 20:15:42] Using forecast run: 2020-07-21 18:00:00 UTC
[2026-05-15 20:15:43] Forecast Rain Available hours: [6, 7, 8, 9, 10, 11, 12, 13, 14, 15, 16, 17, 18, 19, 20, 21, 22, 23, 24, 25, 26, 27, 28, 29]
[2026-05-15 20:15:43] Valid hours for sum: [12, 18, 24, 29]
[2026-05-15 20:15:46] Drought composite end date: 2020-07-18 06:00:00
[2026-05-15 20:15:46] Land cover year: 2019
[2026-05-15 20:15:47] VIIRS Veg composite: 2020-05-16 → 2020-06-01
[2026-05-15 20:15:51] Started export task: fire_81_dynamic_2020-07-21
[2026-05-15 20:15:51] ------ Processing date=2020-07-22 ------
[2026-05-15 20:15:51] Using viirs_af_path: viirs_af_path
[2026-05-15 20:15:51] VIIRS Image Date: ['2020-07-22 00:00:00']
[2026-05-15 20:15:52] Weather image size: 1
[2026-05-15 20:15:52] Forecast duration: 2020-07-23 00:00:00 to 2020-07-24 00:00:00
[2026-05-15 20:15:53] Number of forecast images: 24
[2026-05-15 20:15:53] Using forecast run: 2020-07-22 18:00:00 UTC
[2026-05-15 20:15:53] Forecast Rain Available hours: [6, 7, 8, 9, 10, 11, 12, 13, 14, 15, 16, 17, 18, 19, 20, 21, 22, 23, 24, 25, 26, 27, 28, 29]
[2026-05-15 20:15:53] Valid hours for sum: [12, 18, 24, 29]
[2026-05-15 20:15:55] Drought composite end date: 2020-07-18 06:00:00
[2026-05-15 20:15:56] Land cover year: 2019
[2026-05-15 20:15:57] VIIRS Veg composite: 2020-05-16 → 2020-06-01
[2026-05-15 20:16:00] Started export task: fire_81_dynamic_2020-07-22
[2026-05-15 20:16:01] ------ Processing date=2020-07-23 ------
[2026-05-15 20:16:01] Using viirs_af_path: viirs_af_path
[2026-05-15 20:16:01] VIIRS Image Date: ['2020-07-23 00:00:00']
[2026-05-15 20:16:01] Weather image size: 1
[2026-05-15 20:16:01] Forecast duration: 2020-07-24 00:00:00 to 2020-07-25 00:00:00
[2026-05-15 20:16:02] Number of forecast images: 24
[2026-05-15 20:16:02] Using forecast run: 2020-07-23 18:00:00 UTC
[2026-05-15 20:16:02] Forecast Rain Available hours: [6, 7, 8, 9, 10, 11, 12, 13, 14, 15, 16, 17, 18, 19, 20, 21, 22, 23, 24, 25, 26, 27, 28, 29]
[2026-05-15 20:16:02] Valid hours for sum: [12, 18, 24, 29]
[2026-05-15 20:16:04] Drought composite end date: 2020-07-18 06:00:00
[2026-05-15 20:16:04] Land cover year: 2019
[2026-05-15 20:16:05] VIIRS Veg composite: 2020-05-16 → 2020-06-01
[2026-05-15 20:16:09] Started export task: fire_81_dynamic_2020-07-23
[2026-05-15 20:16:10] END: ----------Event fire_81----------- (Duration: 9.04m)
[2026-05-15 20:16:10] START: ----------Event fire_82-----------
[2026-05-15 20:16:10] ------ Processing date=2020-05-29 ------
[2026-05-15 20:16:10] Using viirs_af_path: viirs_af_path
[2026-05-15 20:16:10] VIIRS Image Date: ['2020-05-29 00:00:00']
[2026-05-15 20:16:11] Weather image size: 1
[2026-05-15 20:16:11] Forecast duration: 2020-05-30 00:00:00 to 2020-05-31 00:00:00
[2026-05-15 20:16:11] Number of forecast images: 24
[2026-05-15 20:16:11] Using forecast run: 2020-05-29 18:00:00 UTC
[2026-05-15 20:16:12] Forecast Rain Available hours: [6, 7, 8, 9, 10, 11, 12, 13, 14, 15, 16, 17, 18, 19, 20, 21, 22, 23, 24, 25, 26, 27, 28, 29]
[2026-05-15 20:16:12] Valid hours for sum: [12, 18, 24, 29]
[2026-05-15 20:16:15] Drought composite end date: 2020-05-24 06:00:00
[2026-05-15 20:16:15] Land cover year: 2019
[2026-05-15 20:16:16] VIIRS Veg composite: 2020-05-16 → 2020-06-01
[2026-05-15 20:16:21] Started export task: fire_82_static
[2026-05-15 20:16:21] Started export task: fire_82_dynamic_2020-05-29
[2026-05-15 20:16:22] ------ Processing date=2020-05-30 ------
[2026-05-15 20:16:22] Using viirs_af_path: viirs_af_path
[2026-05-15 20:16:22] VIIRS Image Date: ['2020-05-30 00:00:00']
[2026-05-15 20:16:22] Weather image size: 1
[2026-05-15 20:16:22] Forecast duration: 2020-05-31 00:00:00 to 2020-06-01 00:00:00
[2026-05-15 20:16:24] Number of forecast images: 24
[2026-05-15 20:16:24] Using forecast run: 2020-05-30 18:00:00 UTC
[2026-05-15 20:16:24] Forecast Rain Available hours: [6, 7, 8, 9, 10, 11, 12, 13, 14, 15, 16, 17, 18, 19, 20, 21, 22, 23, 24, 25, 26, 27, 28, 29]
[2026-05-15 20:16:24] Valid hours for sum: [12, 18, 24, 29]
[2026-05-15 20:16:27] Drought composite end date: 2020-05-29 06:00:00
[2026-05-15 20:16:27] Land cover year: 2019
[2026-05-15 20:16:28] VIIRS Veg composite: 2020-05-16 → 2020-06-01
[2026-05-15 20:16:32] Started export task: fire_82_dynamic_2020-05-30
[2026-05-15 20:16:32] ------ Processing date=2020-05-31 ------
[2026-05-15 20:16:32] Using viirs_af_path: viirs_af_path
[2026-05-15 20:16:32] VIIRS Image Date: ['2020-05-31 00:00:00']
[2026-05-15 20:16:33] Weather image size: 1
[2026-05-15 20:16:33] Forecast duration: 2020-06-01 00:00:00 to 2020-06-02 00:00:00
[2026-05-15 20:16:33] Number of forecast images: 24
[2026-05-15 20:16:33] Using forecast run: 2020-05-31 18:00:00 UTC
[2026-05-15 20:16:34] Forecast Rain Available hours: [6, 7, 8, 9, 10, 11, 12, 13, 14, 15, 16, 17, 18, 19, 20, 21, 22, 23, 24, 25, 26, 27, 28, 29]
[2026-05-15 20:16:34] Valid hours for sum: [12, 18, 24, 29]
[2026-05-15 20:16:36] Drought composite end date: 2020-05-29 06:00:00
[2026-05-15 20:16:37] Land cover year: 2019
[2026-05-15 20:16:37] VIIRS Veg composite: 2020-05-16 → 2020-06-01
[2026-05-15 20:16:43] Started export task: fire_82_dynamic_2020-05-31
[2026-05-15 20:16:43] ------ Processing date=2020-06-01 ------
[2026-05-15 20:16:43] Using viirs_af_path: viirs_af_path
[2026-05-15 20:16:43] VIIRS Image Date: ['2020-06-01 00:00:00']
[2026-05-15 20:16:44] Weather image size: 1
[2026-05-15 20:16:44] Forecast duration: 2020-06-02 00:00:00 to 2020-06-03 00:00:00
[2026-05-15 20:16:45] Number of forecast images: 24
[2026-05-15 20:16:45] Using forecast run: 2020-06-01 18:00:00 UTC
[2026-05-15 20:16:45] Forecast Rain Available hours: [6, 7, 8, 9, 10, 11, 12, 13, 14, 15, 16, 17, 18, 19, 20, 21, 22, 23, 24, 25, 26, 27, 28, 29]
[2026-05-15 20:16:45] Valid hours for sum: [12, 18, 24, 29]
[2026-05-15 20:16:47] Drought composite end date: 2020-05-29 06:00:00
[2026-05-15 20:16:47] Land cover year: 2019
[2026-05-15 20:16:48] VIIRS Veg composite: 2020-05-16 → 2020-06-01
[2026-05-15 20:16:53] Started export task: fire_82_dynamic_2020-06-01
[2026-05-15 20:16:54] ------ Processing date=2020-06-02 ------
[2026-05-15 20:16:54] Using viirs_af_path: viirs_af_path
[2026-05-15 20:16:54] VIIRS Image Date: ['2020-06-02 00:00:00']
[2026-05-15 20:16:54] Weather image size: 1
[2026-05-15 20:16:54] Forecast duration: 2020-06-03 00:00:00 to 2020-06-04 00:00:00
[2026-05-15 20:16:55] Number of forecast images: 24
[2026-05-15 20:16:55] Using forecast run: 2020-06-02 18:00:00 UTC
[2026-05-15 20:16:55] Forecast Rain Available hours: [6, 7, 8, 9, 10, 11, 12, 13, 14, 15, 16, 17, 18, 19, 20, 21, 22, 23, 24, 25, 26, 27, 28, 29]
[2026-05-15 20:16:55] Valid hours for sum: [12, 18, 24, 29]
[2026-05-15 20:16:58] Drought composite end date: 2020-05-29 06:00:00
[2026-05-15 20:16:58] Land cover year: 2019
[2026-05-15 20:16:59] VIIRS Veg composite: 2020-05-16 → 2020-06-01
[2026-05-15 20:17:03] Started export task: fire_82_dynamic_2020-06-02
[2026-05-15 20:17:03] ------ Processing date=2020-06-03 ------
[2026-05-15 20:17:03] Using viirs_af_path: viirs_af_path
[2026-05-15 20:17:03] VIIRS Image Date: ['2020-06-03 00:00:00']
[2026-05-15 20:17:03] Weather image size: 1
[2026-05-15 20:17:03] Forecast duration: 2020-06-04 00:00:00 to 2020-06-05 00:00:00
[2026-05-15 20:17:04] Number of forecast images: 24
[2026-05-15 20:17:04] Using forecast run: 2020-06-03 18:00:00 UTC
[2026-05-15 20:17:05] Forecast Rain Available hours: [6, 7, 8, 9, 10, 11, 12, 13, 14, 15, 16, 17, 18, 19, 20, 21, 22, 23, 24, 25, 26, 27, 28, 29]
[2026-05-15 20:17:05] Valid hours for sum: [12, 18, 24, 29]
[2026-05-15 20:17:07] Drought composite end date: 2020-05-29 06:00:00
[2026-05-15 20:17:07] Land cover year: 2019
[2026-05-15 20:17:09] VIIRS Veg composite: 2020-05-16 → 2020-06-01
[2026-05-15 20:17:13] Started export task: fire_82_dynamic_2020-06-03
[2026-05-15 20:17:14] ------ Processing date=2020-06-04 ------
[2026-05-15 20:17:14] Using viirs_af_path: viirs_af_path
[2026-05-15 20:17:14] VIIRS Image Date: ['2020-06-04 00:00:00']
[2026-05-15 20:17:14] Weather image size: 1
[2026-05-15 20:17:14] Forecast duration: 2020-06-05 00:00:00 to 2020-06-06 00:00:00
[2026-05-15 20:17:15] Number of forecast images: 24
[2026-05-15 20:17:15] Using forecast run: 2020-06-04 18:00:00 UTC
[2026-05-15 20:17:16] Forecast Rain Available hours: [6, 7, 8, 9, 10, 11, 12, 13, 14, 15, 16, 17, 18, 19, 20, 21, 22, 23, 24, 25, 26, 27, 28, 29]
[2026-05-15 20:17:16] Valid hours for sum: [12, 18, 24, 29]
[2026-05-15 20:17:18] Drought composite end date: 2020-06-03 06:00:00
[2026-05-15 20:17:18] Land cover year: 2019
[2026-05-15 20:17:19] VIIRS Veg composite: 2020-05-16 → 2020-06-01
[2026-05-15 20:17:24] Started export task: fire_82_dynamic_2020-06-04
[2026-05-15 20:17:24] ------ Processing date=2020-06-05 ------
[2026-05-15 20:17:24] Using viirs_af_path: viirs_af_path
[2026-05-15 20:17:24] VIIRS Image Date: ['2020-06-05 00:00:00']
[2026-05-15 20:17:25] Weather image size: 1
[2026-05-15 20:17:25] Forecast duration: 2020-06-06 00:00:00 to 2020-06-07 00:00:00
[2026-05-15 20:17:26] Number of forecast images: 24
[2026-05-15 20:17:26] Using forecast run: 2020-06-05 18:00:00 UTC
[2026-05-15 20:17:26] Forecast Rain Available hours: [6, 7, 8, 9, 10, 11, 12, 13, 14, 15, 16, 17, 18, 19, 20, 21, 22, 23, 24, 25, 26, 27, 28, 29]
[2026-05-15 20:17:26] Valid hours for sum: [12, 18, 24, 29]
[2026-05-15 20:17:28] Drought composite end date: 2020-06-03 06:00:00
[2026-05-15 20:17:28] Land cover year: 2019
[2026-05-15 20:17:30] VIIRS Veg composite: 2020-05-16 → 2020-06-01
[2026-05-15 20:17:34] Started export task: fire_82_dynamic_2020-06-05
[2026-05-15 20:17:35] ------ Processing date=2020-06-06 ------
[2026-05-15 20:17:35] Using viirs_af_path: viirs_af_path
[2026-05-15 20:17:35] VIIRS Image Date: ['2020-06-06 00:00:00']
[2026-05-15 20:17:36] Weather image size: 1
[2026-05-15 20:17:36] Forecast duration: 2020-06-07 00:00:00 to 2020-06-08 00:00:00
[2026-05-15 20:17:36] Number of forecast images: 24
[2026-05-15 20:17:36] Using forecast run: 2020-06-06 18:00:00 UTC
[2026-05-15 20:17:37] Forecast Rain Available hours: [6, 7, 8, 9, 10, 11, 12, 13, 14, 15, 16, 17, 18, 19, 20, 21, 22, 23, 24, 25, 26, 27, 28, 29]
[2026-05-15 20:17:37] Valid hours for sum: [12, 18, 24, 29]
[2026-05-15 20:17:39] Drought composite end date: 2020-06-03 06:00:00
[2026-05-15 20:17:39] Land cover year: 2019
[2026-05-15 20:17:40] VIIRS Veg composite: 2020-05-16 → 2020-06-01
[2026-05-15 20:17:44] Started export task: fire_82_dynamic_2020-06-06
[2026-05-15 20:17:44] ------ Processing date=2020-06-07 ------
[2026-05-15 20:17:44] Using viirs_af_path: viirs_af_path
[2026-05-15 20:17:44] VIIRS Image Date: ['2020-06-07 00:00:00']
[2026-05-15 20:17:44] Weather image size: 1
[2026-05-15 20:17:44] Forecast duration: 2020-06-08 00:00:00 to 2020-06-09 00:00:00
[2026-05-15 20:17:46] Number of forecast images: 24
[2026-05-15 20:17:46] Using forecast run: 2020-06-07 18:00:00 UTC
[2026-05-15 20:17:47] Forecast Rain Available hours: [6, 7, 8, 9, 10, 11, 12, 13, 14, 15, 16, 17, 18, 19, 20, 21, 22, 23, 24, 25, 26, 27, 28, 29]
[2026-05-15 20:17:47] Valid hours for sum: [12, 18, 24, 29]
[2026-05-15 20:17:49] Drought composite end date: 2020-06-03 06:00:00
[2026-05-15 20:17:49] Land cover year: 2019
[2026-05-15 20:17:50] VIIRS Veg composite: 2020-05-16 → 2020-06-01
[2026-05-15 20:17:53] Started export task: fire_82_dynamic_2020-06-07
[2026-05-15 20:17:54] ------ Processing date=2020-06-08 ------
[2026-05-15 20:17:54] Using viirs_af_path: viirs_af_path
[2026-05-15 20:17:54] VIIRS Image Date: ['2020-06-08 00:00:00']
[2026-05-15 20:17:54] Weather image size: 1
[2026-05-15 20:17:54] Forecast duration: 2020-06-09 00:00:00 to 2020-06-10 00:00:00
[2026-05-15 20:17:55] Number of forecast images: 24
[2026-05-15 20:17:55] Using forecast run: 2020-06-08 18:00:00 UTC
[2026-05-15 20:17:55] Forecast Rain Available hours: [6, 7, 8, 9, 10, 11, 12, 13, 14, 15, 16, 17, 18, 19, 20, 21, 22, 23, 24, 25, 26, 27, 28, 29]
[2026-05-15 20:17:55] Valid hours for sum: [12, 18, 24, 29]
[2026-05-15 20:17:57] Drought composite end date: 2020-06-03 06:00:00
[2026-05-15 20:17:57] Land cover year: 2019
[2026-05-15 20:17:58] VIIRS Veg composite: 2020-05-16 → 2020-06-01
[2026-05-15 20:18:02] Started export task: fire_82_dynamic_2020-06-08
[2026-05-15 20:18:03] ------ Processing date=2020-06-09 ------
[2026-05-15 20:18:03] Using viirs_af_path: viirs_af_path
[2026-05-15 20:18:03] VIIRS Image Date: ['2020-06-09 00:00:00']
[2026-05-15 20:18:03] Weather image size: 1
[2026-05-15 20:18:03] Forecast duration: 2020-06-10 00:00:00 to 2020-06-11 00:00:00
[2026-05-15 20:18:05] Number of forecast images: 24
[2026-05-15 20:18:05] Using forecast run: 2020-06-09 18:00:00 UTC
[2026-05-15 20:18:05] Forecast Rain Available hours: [6, 7, 8, 9, 10, 11, 12, 13, 14, 15, 16, 17, 18, 19, 20, 21, 22, 23, 24, 25, 26, 27, 28, 29]
[2026-05-15 20:18:05] Valid hours for sum: [12, 18, 24, 29]
[2026-05-15 20:18:07] Drought composite end date: 2020-06-08 06:00:00
[2026-05-15 20:18:08] Land cover year: 2019
[2026-05-15 20:18:09] VIIRS Veg composite: 2020-05-16 → 2020-06-01
[2026-05-15 20:18:12] Started export task: fire_82_dynamic_2020-06-09
[2026-05-15 20:18:13] ------ Processing date=2020-06-10 ------
[2026-05-15 20:18:13] Using viirs_af_path: viirs_af_path
[2026-05-15 20:18:13] VIIRS Image Date: ['2020-06-10 00:00:00']
[2026-05-15 20:18:13] Weather image size: 1
[2026-05-15 20:18:13] Forecast duration: 2020-06-11 00:00:00 to 2020-06-12 00:00:00
[2026-05-15 20:18:15] Number of forecast images: 24
[2026-05-15 20:18:15] Using forecast run: 2020-06-10 18:00:00 UTC
[2026-05-15 20:18:15] Forecast Rain Available hours: [6, 7, 8, 9, 10, 11, 12, 13, 14, 15, 16, 17, 18, 19, 20, 21, 22, 23, 24, 25, 26, 27, 28, 29]
[2026-05-15 20:18:15] Valid hours for sum: [12, 18, 24, 29]
[2026-05-15 20:18:16] Drought composite end date: 2020-06-08 06:00:00
[2026-05-15 20:18:17] Land cover year: 2019
[2026-05-15 20:18:18] VIIRS Veg composite: 2020-05-16 → 2020-06-01
[2026-05-15 20:18:23] Started export task: fire_82_dynamic_2020-06-10
[2026-05-15 20:18:23] ------ Processing date=2020-06-11 ------
[2026-05-15 20:18:23] Using viirs_af_path: viirs_af_path
[2026-05-15 20:18:23] VIIRS Image Date: ['2020-06-11 00:00:00']
[2026-05-15 20:18:23] Weather image size: 1
[2026-05-15 20:18:23] Forecast duration: 2020-06-12 00:00:00 to 2020-06-13 00:00:00
[2026-05-15 20:18:24] Number of forecast images: 24
[2026-05-15 20:18:24] Using forecast run: 2020-06-11 18:00:00 UTC
[2026-05-15 20:18:24] Forecast Rain Available hours: [6, 7, 8, 9, 10, 11, 12, 13, 14, 15, 16, 17, 18, 19, 20, 21, 22, 23, 24, 25, 26, 27, 28, 29]
[2026-05-15 20:18:24] Valid hours for sum: [12, 18, 24, 29]
[2026-05-15 20:18:27] Drought composite end date: 2020-06-08 06:00:00
[2026-05-15 20:18:28] Land cover year: 2019
[2026-05-15 20:18:28] VIIRS Veg composite: 2020-05-16 → 2020-06-01
[2026-05-15 20:18:33] Started export task: fire_82_dynamic_2020-06-11
[2026-05-15 20:18:33] ------ Processing date=2020-06-12 ------
[2026-05-15 20:18:33] Using viirs_af_path: viirs_af_path
[2026-05-15 20:18:33] VIIRS Image Date: ['2020-06-12 00:00:00']
[2026-05-15 20:18:33] Weather image size: 1
[2026-05-15 20:18:33] Forecast duration: 2020-06-13 00:00:00 to 2020-06-14 00:00:00
[2026-05-15 20:18:34] Number of forecast images: 24
[2026-05-15 20:18:34] Using forecast run: 2020-06-12 18:00:00 UTC
[2026-05-15 20:18:35] Forecast Rain Available hours: [6, 7, 8, 9, 10, 11, 12, 13, 14, 15, 16, 17, 18, 19, 20, 21, 22, 23, 24, 25, 26, 27, 28, 29]
[2026-05-15 20:18:35] Valid hours for sum: [12, 18, 24, 29]
[2026-05-15 20:18:36] Drought composite end date: 2020-06-08 06:00:00
[2026-05-15 20:18:37] Land cover year: 2019
[2026-05-15 20:18:37] VIIRS Veg composite: 2020-05-16 → 2020-06-01
[2026-05-15 20:18:43] Started export task: fire_82_dynamic_2020-06-12
[2026-05-15 20:18:43] ------ Processing date=2020-06-13 ------
[2026-05-15 20:18:43] Using viirs_af_path: viirs_af_path
[2026-05-15 20:18:44] VIIRS Image Date: ['2020-06-13 00:00:00']
[2026-05-15 20:18:44] Weather image size: 1
[2026-05-15 20:18:44] Forecast duration: 2020-06-14 00:00:00 to 2020-06-15 00:00:00
[2026-05-15 20:18:45] Number of forecast images: 24
[2026-05-15 20:18:45] Using forecast run: 2020-06-13 18:00:00 UTC
[2026-05-15 20:18:45] Forecast Rain Available hours: [6, 7, 8, 9, 10, 11, 12, 13, 14, 15, 16, 17, 18, 19, 20, 21, 22, 23, 24, 25, 26, 27, 28, 29]
[2026-05-15 20:18:45] Valid hours for sum: [12, 18, 24, 29]
[2026-05-15 20:18:47] Drought composite end date: 2020-06-08 06:00:00
[2026-05-15 20:18:47] Land cover year: 2019
[2026-05-15 20:18:48] VIIRS Veg composite: 2020-05-16 → 2020-06-01
[2026-05-15 20:18:54] Started export task: fire_82_dynamic_2020-06-13
[2026-05-15 20:18:54] END: ----------Event fire_82----------- (Duration: 2.73m)
[2026-05-15 20:18:54] START: ----------Event fire_83-----------
[2026-05-15 20:18:54] ------ Processing date=2020-05-29 ------
[2026-05-15 20:18:54] Using viirs_af_path: viirs_af_path
[2026-05-15 20:18:54] VIIRS Image Date: ['2020-05-29 00:00:00']
[2026-05-15 20:18:55] Weather image size: 1
[2026-05-15 20:18:55] Forecast duration: 2020-05-30 00:00:00 to 2020-05-31 00:00:00
[2026-05-15 20:18:56] Number of forecast images: 24
[2026-05-15 20:18:56] Using forecast run: 2020-05-29 18:00:00 UTC
[2026-05-15 20:18:56] Forecast Rain Available hours: [6, 7, 8, 9, 10, 11, 12, 13, 14, 15, 16, 17, 18, 19, 20, 21, 22, 23, 24, 25, 26, 27, 28, 29]
[2026-05-15 20:18:56] Valid hours for sum: [12, 18, 24, 29]
[2026-05-15 20:18:57] Drought composite end date: 2020-05-24 06:00:00
[2026-05-15 20:18:58] Land cover year: 2019
[2026-05-15 20:18:59] VIIRS Veg composite: 2020-05-16 → 2020-06-01
[2026-05-15 20:19:03] Started export task: fire_83_static
[2026-05-15 20:19:03] Started export task: fire_83_dynamic_2020-05-29
[2026-05-15 20:19:03] ------ Processing date=2020-05-30 ------
[2026-05-15 20:19:03] Using viirs_af_path: viirs_af_path
[2026-05-15 20:19:04] VIIRS Image Date: ['2020-05-30 00:00:00']
[2026-05-15 20:19:04] Weather image size: 1
[2026-05-15 20:19:04] Forecast duration: 2020-05-31 00:00:00 to 2020-06-01 00:00:00
[2026-05-15 20:19:05] Number of forecast images: 24
[2026-05-15 20:19:05] Using forecast run: 2020-05-30 18:00:00 UTC
[2026-05-15 20:19:06] Forecast Rain Available hours: [6, 7, 8, 9, 10, 11, 12, 13, 14, 15, 16, 17, 18, 19, 20, 21, 22, 23, 24, 25, 26, 27, 28, 29]
[2026-05-15 20:19:06] Valid hours for sum: [12, 18, 24, 29]
[2026-05-15 20:19:08] Drought composite end date: 2020-05-29 06:00:00
[2026-05-15 20:19:08] Land cover year: 2019
[2026-05-15 20:19:09] VIIRS Veg composite: 2020-05-16 → 2020-06-01
[2026-05-15 20:19:14] Started export task: fire_83_dynamic_2020-05-30
[2026-05-15 20:19:14] ------ Processing date=2020-05-31 ------
[2026-05-15 20:19:14] Using viirs_af_path: viirs_af_path
[2026-05-15 20:19:14] VIIRS Image Date: ['2020-05-31 00:00:00']
[2026-05-15 20:19:14] Weather image size: 1
[2026-05-15 20:19:14] Forecast duration: 2020-06-01 00:00:00 to 2020-06-02 00:00:00
[2026-05-15 20:19:15] Number of forecast images: 24
[2026-05-15 20:19:15] Using forecast run: 2020-05-31 18:00:00 UTC
[2026-05-15 20:19:15] Forecast Rain Available hours: [6, 7, 8, 9, 10, 11, 12, 13, 14, 15, 16, 17, 18, 19, 20, 21, 22, 23, 24, 25, 26, 27, 28, 29]
[2026-05-15 20:19:15] Valid hours for sum: [12, 18, 24, 29]
[2026-05-15 20:19:17] Drought composite end date: 2020-05-29 06:00:00
[2026-05-15 20:19:17] Land cover year: 2019
[2026-05-15 20:19:18] VIIRS Veg composite: 2020-05-16 → 2020-06-01
[2026-05-15 20:19:23] Started export task: fire_83_dynamic_2020-05-31
[2026-05-15 20:19:24] ------ Processing date=2020-06-01 ------
[2026-05-15 20:19:24] Using viirs_af_path: viirs_af_path
[2026-05-15 20:19:24] VIIRS Image Date: ['2020-06-01 00:00:00']
[2026-05-15 20:19:24] Weather image size: 1
[2026-05-15 20:19:24] Forecast duration: 2020-06-02 00:00:00 to 2020-06-03 00:00:00
[2026-05-15 20:19:25] Number of forecast images: 24
[2026-05-15 20:19:25] Using forecast run: 2020-06-01 18:00:00 UTC
[2026-05-15 20:19:26] Forecast Rain Available hours: [6, 7, 8, 9, 10, 11, 12, 13, 14, 15, 16, 17, 18, 19, 20, 21, 22, 23, 24, 25, 26, 27, 28, 29]
[2026-05-15 20:19:26] Valid hours for sum: [12, 18, 24, 29]
[2026-05-15 20:19:28] Drought composite end date: 2020-05-29 06:00:00
[2026-05-15 20:19:28] Land cover year: 2019
[2026-05-15 20:19:29] VIIRS Veg composite: 2020-05-16 → 2020-06-01
[2026-05-15 20:19:32] Started export task: fire_83_dynamic_2020-06-01
[2026-05-15 20:19:33] ------ Processing date=2020-06-02 ------
[2026-05-15 20:19:33] Using viirs_af_path: viirs_af_path
[2026-05-15 20:19:33] VIIRS Image Date: ['2020-06-02 00:00:00']
[2026-05-15 20:19:33] Weather image size: 1
[2026-05-15 20:19:33] Forecast duration: 2020-06-03 00:00:00 to 2020-06-04 00:00:00
[2026-05-15 20:19:34] Number of forecast images: 24
[2026-05-15 20:19:34] Using forecast run: 2020-06-02 18:00:00 UTC
[2026-05-15 20:19:34] Forecast Rain Available hours: [6, 7, 8, 9, 10, 11, 12, 13, 14, 15, 16, 17, 18, 19, 20, 21, 22, 23, 24, 25, 26, 27, 28, 29]
[2026-05-15 20:19:34] Valid hours for sum: [12, 18, 24, 29]
[2026-05-15 20:19:36] Drought composite end date: 2020-05-29 06:00:00
[2026-05-15 20:19:36] Land cover year: 2019
[2026-05-15 20:19:37] VIIRS Veg composite: 2020-05-16 → 2020-06-01
[2026-05-15 20:19:40] Started export task: fire_83_dynamic_2020-06-02
[2026-05-15 20:19:41] ------ Processing date=2020-06-03 ------
[2026-05-15 20:19:41] Using viirs_af_path: viirs_af_path
[2026-05-15 20:19:41] VIIRS Image Date: ['2020-06-03 00:00:00']
[2026-05-15 20:19:41] Weather image size: 1
[2026-05-15 20:19:41] Forecast duration: 2020-06-04 00:00:00 to 2020-06-05 00:00:00
[2026-05-15 20:19:42] Number of forecast images: 24
[2026-05-15 20:19:42] Using forecast run: 2020-06-03 18:00:00 UTC
[2026-05-15 20:19:43] Forecast Rain Available hours: [6, 7, 8, 9, 10, 11, 12, 13, 14, 15, 16, 17, 18, 19, 20, 21, 22, 23, 24, 25, 26, 27, 28, 29]
[2026-05-15 20:19:43] Valid hours for sum: [12, 18, 24, 29]
[2026-05-15 20:19:46] Drought composite end date: 2020-05-29 06:00:00
[2026-05-15 20:19:46] Land cover year: 2019
[2026-05-15 20:19:47] VIIRS Veg composite: 2020-05-16 → 2020-06-01
[2026-05-15 20:19:53] Started export task: fire_83_dynamic_2020-06-03
[2026-05-15 20:19:53] ------ Processing date=2020-06-04 ------
[2026-05-15 20:19:53] Using viirs_af_path: viirs_af_path
[2026-05-15 20:19:53] VIIRS Image Date: ['2020-06-04 00:00:00']
[2026-05-15 20:19:54] Weather image size: 1
[2026-05-15 20:19:54] Forecast duration: 2020-06-05 00:00:00 to 2020-06-06 00:00:00
[2026-05-15 20:19:54] Number of forecast images: 24
[2026-05-15 20:19:54] Using forecast run: 2020-06-04 18:00:00 UTC
[2026-05-15 20:19:55] Forecast Rain Available hours: [6, 7, 8, 9, 10, 11, 12, 13, 14, 15, 16, 17, 18, 19, 20, 21, 22, 23, 24, 25, 26, 27, 28, 29]
[2026-05-15 20:19:55] Valid hours for sum: [12, 18, 24, 29]
[2026-05-15 20:19:57] Drought composite end date: 2020-06-03 06:00:00
[2026-05-15 20:19:57] Land cover year: 2019
[2026-05-15 20:19:58] VIIRS Veg composite: 2020-05-16 → 2020-06-01
[2026-05-15 20:20:02] Started export task: fire_83_dynamic_2020-06-04
[2026-05-15 20:20:02] ------ Processing date=2020-06-05 ------
[2026-05-15 20:20:02] Using viirs_af_path: viirs_af_path
[2026-05-15 20:20:02] VIIRS Image Date: ['2020-06-05 00:00:00']
[2026-05-15 20:20:02] Weather image size: 1
[2026-05-15 20:20:03] Forecast duration: 2020-06-06 00:00:00 to 2020-06-07 00:00:00
[2026-05-15 20:20:03] Number of forecast images: 24
[2026-05-15 20:20:03] Using forecast run: 2020-06-05 18:00:00 UTC
[2026-05-15 20:20:04] Forecast Rain Available hours: [6, 7, 8, 9, 10, 11, 12, 13, 14, 15, 16, 17, 18, 19, 20, 21, 22, 23, 24, 25, 26, 27, 28, 29]
[2026-05-15 20:20:04] Valid hours for sum: [12, 18, 24, 29]
[2026-05-15 20:20:06] Drought composite end date: 2020-06-03 06:00:00
[2026-05-15 20:20:06] Land cover year: 2019
[2026-05-15 20:20:07] VIIRS Veg composite: 2020-05-16 → 2020-06-01
[2026-05-15 20:20:11] Started export task: fire_83_dynamic_2020-06-05
[2026-05-15 20:20:11] ------ Processing date=2020-06-06 ------
[2026-05-15 20:20:11] Using viirs_af_path: viirs_af_path
[2026-05-15 20:20:11] VIIRS Image Date: ['2020-06-06 00:00:00']
[2026-05-15 20:20:12] Weather image size: 1
[2026-05-15 20:20:12] Forecast duration: 2020-06-07 00:00:00 to 2020-06-08 00:00:00
[2026-05-15 20:20:13] Number of forecast images: 24
[2026-05-15 20:20:13] Using forecast run: 2020-06-06 18:00:00 UTC
[2026-05-15 20:20:13] Forecast Rain Available hours: [6, 7, 8, 9, 10, 11, 12, 13, 14, 15, 16, 17, 18, 19, 20, 21, 22, 23, 24, 25, 26, 27, 28, 29]
[2026-05-15 20:20:13] Valid hours for sum: [12, 18, 24, 29]
[2026-05-15 20:20:15] Drought composite end date: 2020-06-03 06:00:00
[2026-05-15 20:20:16] Land cover year: 2019
[2026-05-15 20:20:17] VIIRS Veg composite: 2020-05-16 → 2020-06-01
[2026-05-15 20:20:20] Started export task: fire_83_dynamic_2020-06-06
[2026-05-15 20:20:20] ------ Processing date=2020-06-07 ------
[2026-05-15 20:20:20] Using viirs_af_path: viirs_af_path
[2026-05-15 20:20:20] VIIRS Image Date: ['2020-06-07 00:00:00']
[2026-05-15 20:20:20] Weather image size: 1
[2026-05-15 20:20:20] Forecast duration: 2020-06-08 00:00:00 to 2020-06-09 00:00:00
[2026-05-15 20:20:21] Number of forecast images: 24
[2026-05-15 20:20:21] Using forecast run: 2020-06-07 18:00:00 UTC
[2026-05-15 20:20:21] Forecast Rain Available hours: [6, 7, 8, 9, 10, 11, 12, 13, 14, 15, 16, 17, 18, 19, 20, 21, 22, 23, 24, 25, 26, 27, 28, 29]
[2026-05-15 20:20:21] Valid hours for sum: [12, 18, 24, 29]
[2026-05-15 20:20:24] Drought composite end date: 2020-06-03 06:00:00
[2026-05-15 20:20:24] Land cover year: 2019
[2026-05-15 20:20:25] VIIRS Veg composite: 2020-05-16 → 2020-06-01
[2026-05-15 20:20:29] Started export task: fire_83_dynamic_2020-06-07
[2026-05-15 20:20:29] ------ Processing date=2020-06-08 ------
[2026-05-15 20:20:29] Using viirs_af_path: viirs_af_path
[2026-05-15 20:20:29] VIIRS Image Date: ['2020-06-08 00:00:00']
[2026-05-15 20:20:30] Weather image size: 1
[2026-05-15 20:20:30] Forecast duration: 2020-06-09 00:00:00 to 2020-06-10 00:00:00
[2026-05-15 20:20:30] Number of forecast images: 24
[2026-05-15 20:20:30] Using forecast run: 2020-06-08 18:00:00 UTC
[2026-05-15 20:20:31] Forecast Rain Available hours: [6, 7, 8, 9, 10, 11, 12, 13, 14, 15, 16, 17, 18, 19, 20, 21, 22, 23, 24, 25, 26, 27, 28, 29]
[2026-05-15 20:20:31] Valid hours for sum: [12, 18, 24, 29]
[2026-05-15 20:20:33] Drought composite end date: 2020-06-03 06:00:00
[2026-05-15 20:20:33] Land cover year: 2019
[2026-05-15 20:20:34] VIIRS Veg composite: 2020-05-16 → 2020-06-01
[2026-05-15 20:20:37] Started export task: fire_83_dynamic_2020-06-08
[2026-05-15 20:20:37] ------ Processing date=2020-06-09 ------
[2026-05-15 20:20:37] Using viirs_af_path: viirs_af_path
[2026-05-15 20:20:37] VIIRS Image Date: ['2020-06-09 00:00:00']
[2026-05-15 20:20:38] Weather image size: 1
[2026-05-15 20:20:38] Forecast duration: 2020-06-10 00:00:00 to 2020-06-11 00:00:00
[2026-05-15 20:20:38] Number of forecast images: 24
[2026-05-15 20:20:38] Using forecast run: 2020-06-09 18:00:00 UTC
[2026-05-15 20:20:39] Forecast Rain Available hours: [6, 7, 8, 9, 10, 11, 12, 13, 14, 15, 16, 17, 18, 19, 20, 21, 22, 23, 24, 25, 26, 27, 28, 29]
[2026-05-15 20:20:39] Valid hours for sum: [12, 18, 24, 29]
[2026-05-15 20:20:42] Drought composite end date: 2020-06-08 06:00:00
[2026-05-15 20:20:43] Land cover year: 2019
[2026-05-15 20:20:44] VIIRS Veg composite: 2020-05-16 → 2020-06-01
[2026-05-15 20:20:47] Started export task: fire_83_dynamic_2020-06-09
[2026-05-15 20:20:48] ------ Processing date=2020-06-10 ------
[2026-05-15 20:20:48] Using viirs_af_path: viirs_af_path
[2026-05-15 20:20:48] VIIRS Image Date: ['2020-06-10 00:00:00']
[2026-05-15 20:20:49] Weather image size: 1
[2026-05-15 20:20:49] Forecast duration: 2020-06-11 00:00:00 to 2020-06-12 00:00:00
[2026-05-15 20:20:50] Number of forecast images: 24
[2026-05-15 20:20:50] Using forecast run: 2020-06-10 18:00:00 UTC
[2026-05-15 20:20:50] Forecast Rain Available hours: [6, 7, 8, 9, 10, 11, 12, 13, 14, 15, 16, 17, 18, 19, 20, 21, 22, 23, 24, 25, 26, 27, 28, 29]
[2026-05-15 20:20:50] Valid hours for sum: [12, 18, 24, 29]
[2026-05-15 20:20:53] Drought composite end date: 2020-06-08 06:00:00
[2026-05-15 20:20:53] Land cover year: 2019
[2026-05-15 20:20:54] VIIRS Veg composite: 2020-05-16 → 2020-06-01
[2026-05-15 20:20:58] Started export task: fire_83_dynamic_2020-06-10
[2026-05-15 20:20:59] ------ Processing date=2020-06-11 ------
[2026-05-15 20:20:59] Using viirs_af_path: viirs_af_path
[2026-05-15 20:20:59] VIIRS Image Date: ['2020-06-11 00:00:00']
[2026-05-15 20:20:59] Weather image size: 1
[2026-05-15 20:20:59] Forecast duration: 2020-06-12 00:00:00 to 2020-06-13 00:00:00
[2026-05-15 20:21:01] Number of forecast images: 24
[2026-05-15 20:21:01] Using forecast run: 2020-06-11 18:00:00 UTC
[2026-05-15 20:21:01] Forecast Rain Available hours: [6, 7, 8, 9, 10, 11, 12, 13, 14, 15, 16, 17, 18, 19, 20, 21, 22, 23, 24, 25, 26, 27, 28, 29]
[2026-05-15 20:21:01] Valid hours for sum: [12, 18, 24, 29]
[2026-05-15 20:21:04] Drought composite end date: 2020-06-08 06:00:00
[2026-05-15 20:21:04] Land cover year: 2019
[2026-05-15 20:21:05] VIIRS Veg composite: 2020-05-16 → 2020-06-01
[2026-05-15 20:21:09] Started export task: fire_83_dynamic_2020-06-11
[2026-05-15 20:21:10] ------ Processing date=2020-06-12 ------
[2026-05-15 20:21:10] Using viirs_af_path: viirs_af_path
[2026-05-15 20:21:10] VIIRS Image Date: ['2020-06-12 00:00:00']
[2026-05-15 20:21:10] Weather image size: 1
[2026-05-15 20:21:10] Forecast duration: 2020-06-13 00:00:00 to 2020-06-14 00:00:00
[2026-05-15 20:21:11] Number of forecast images: 24
[2026-05-15 20:21:11] Using forecast run: 2020-06-12 18:00:00 UTC
[2026-05-15 20:21:12] Forecast Rain Available hours: [6, 7, 8, 9, 10, 11, 12, 13, 14, 15, 16, 17, 18, 19, 20, 21, 22, 23, 24, 25, 26, 27, 28, 29]
[2026-05-15 20:21:12] Valid hours for sum: [12, 18, 24, 29]
[2026-05-15 20:21:13] Drought composite end date: 2020-06-08 06:00:00
[2026-05-15 20:21:14] Land cover year: 2019
[2026-05-15 20:21:14] VIIRS Veg composite: 2020-05-16 → 2020-06-01
[2026-05-15 20:21:18] Started export task: fire_83_dynamic_2020-06-12
[2026-05-15 20:21:18] ------ Processing date=2020-06-13 ------
[2026-05-15 20:21:18] Using viirs_af_path: viirs_af_path
[2026-05-15 20:21:19] VIIRS Image Date: ['2020-06-13 00:00:00']
[2026-05-15 20:21:19] Weather image size: 1
[2026-05-15 20:21:19] Forecast duration: 2020-06-14 00:00:00 to 2020-06-15 00:00:00
[2026-05-15 20:21:20] Number of forecast images: 24
[2026-05-15 20:21:20] Using forecast run: 2020-06-13 18:00:00 UTC
[2026-05-15 20:21:21] Forecast Rain Available hours: [6, 7, 8, 9, 10, 11, 12, 13, 14, 15, 16, 17, 18, 19, 20, 21, 22, 23, 24, 25, 26, 27, 28, 29]
[2026-05-15 20:21:21] Valid hours for sum: [12, 18, 24, 29]
[2026-05-15 20:21:23] Drought composite end date: 2020-06-08 06:00:00
[2026-05-15 20:21:23] Land cover year: 2019
[2026-05-15 20:21:24] VIIRS Veg composite: 2020-05-16 → 2020-06-01
[2026-05-15 20:21:28] Started export task: fire_83_dynamic_2020-06-13
[2026-05-15 20:21:29] ------ Processing date=2020-06-14 ------
[2026-05-15 20:21:29] Using viirs_af_path: viirs_af_path
[2026-05-15 20:21:29] VIIRS Image Date: ['2020-06-14 00:00:00']
[2026-05-15 20:21:30] Weather image size: 1
[2026-05-15 20:21:30] Forecast duration: 2020-06-15 00:00:00 to 2020-06-16 00:00:00
[2026-05-15 20:21:31] Number of forecast images: 24
[2026-05-15 20:21:31] Using forecast run: 2020-06-14 18:00:00 UTC
[2026-05-15 20:21:31] Forecast Rain Available hours: [6, 7, 8, 9, 10, 11, 12, 13, 14, 15, 16, 17, 18, 19, 20, 21, 22, 23, 24, 25, 26, 27, 28, 29]
[2026-05-15 20:21:31] Valid hours for sum: [12, 18, 24, 29]
[2026-05-15 20:21:35] Drought composite end date: 2020-06-13 06:00:00
[2026-05-15 20:21:35] Land cover year: 2019
[2026-05-15 20:21:37] VIIRS Veg composite: 2020-05-16 → 2020-06-01
[2026-05-15 20:21:41] Started export task: fire_83_dynamic_2020-06-14
[2026-05-15 20:21:42] ------ Processing date=2020-06-15 ------
[2026-05-15 20:21:42] Using viirs_af_path: viirs_af_path
[2026-05-15 20:21:42] VIIRS Image Date: ['2020-06-15 00:00:00']
[2026-05-15 20:21:42] Weather image size: 1
[2026-05-15 20:21:43] Forecast duration: 2020-06-16 00:00:00 to 2020-06-17 00:00:00
[2026-05-15 20:21:44] Number of forecast images: 24
[2026-05-15 20:21:44] Using forecast run: 2020-06-15 18:00:00 UTC
[2026-05-15 20:21:44] Forecast Rain Available hours: [6, 7, 8, 9, 10, 11, 12, 13, 14, 15, 16, 17, 18, 19, 20, 21, 22, 23, 24, 25, 26, 27, 28, 29]
[2026-05-15 20:21:44] Valid hours for sum: [12, 18, 24, 29]
[2026-05-15 20:21:46] Drought composite end date: 2020-06-13 06:00:00
[2026-05-15 20:21:47] Land cover year: 2019
[2026-05-15 20:21:48] VIIRS Veg composite: 2020-05-16 → 2020-06-01
[2026-05-15 20:21:52] Started export task: fire_83_dynamic_2020-06-15
[2026-05-15 20:21:54] ------ Processing date=2020-06-16 ------
[2026-05-15 20:21:54] Using viirs_af_path: viirs_af_path
[2026-05-15 20:21:55] VIIRS Image Date: ['2020-06-16 00:00:00']
[2026-05-15 20:21:56] Weather image size: 1
[2026-05-15 20:21:56] Forecast duration: 2020-06-17 00:00:00 to 2020-06-18 00:00:00
[2026-05-15 20:21:58] Number of forecast images: 24
[2026-05-15 20:21:58] Using forecast run: 2020-06-16 18:00:00 UTC
[2026-05-15 20:21:58] Forecast Rain Available hours: [6, 7, 8, 9, 10, 11, 12, 13, 14, 15, 16, 17, 18, 19, 20, 21, 22, 23, 24, 25, 26, 27, 28, 29]
[2026-05-15 20:21:58] Valid hours for sum: [12, 18, 24, 29]
[2026-05-15 20:22:01] Drought composite end date: 2020-06-13 06:00:00
[2026-05-15 20:22:02] Land cover year: 2019
[2026-05-15 20:22:04] VIIRS Veg composite: 2020-05-16 → 2020-06-01
[2026-05-15 20:22:08] Started export task: fire_83_dynamic_2020-06-16
[2026-05-15 20:22:08] ------ Processing date=2020-06-17 ------
[2026-05-15 20:22:08] Using viirs_af_path: viirs_af_path
[2026-05-15 20:22:08] VIIRS Image Date: ['2020-06-17 00:00:00']
[2026-05-15 20:22:09] Weather image size: 1
[2026-05-15 20:22:09] Forecast duration: 2020-06-18 00:00:00 to 2020-06-19 00:00:00
[2026-05-15 20:22:10] Number of forecast images: 24
[2026-05-15 20:22:10] Using forecast run: 2020-06-17 18:00:00 UTC
[2026-05-15 20:22:10] Forecast Rain Available hours: [6, 7, 8, 9, 10, 11, 12, 13, 14, 15, 16, 17, 18, 19, 20, 21, 22, 23, 24, 25, 26, 27, 28, 29]
[2026-05-15 20:22:10] Valid hours for sum: [12, 18, 24, 29]
[2026-05-15 20:22:13] Drought composite end date: 2020-06-13 06:00:00
[2026-05-15 20:22:13] Land cover year: 2019
[2026-05-15 20:22:14] VIIRS Veg composite: 2020-05-16 → 2020-06-01
[2026-05-15 20:22:18] Started export task: fire_83_dynamic_2020-06-17
[2026-05-15 20:22:18] ------ Processing date=2020-06-18 ------
[2026-05-15 20:22:18] Using viirs_af_path: viirs_af_path
[2026-05-15 20:22:18] VIIRS Image Date: ['2020-06-18 00:00:00']
[2026-05-15 20:22:19] Weather image size: 1
[2026-05-15 20:22:19] Forecast duration: 2020-06-19 00:00:00 to 2020-06-20 00:00:00
[2026-05-15 20:22:19] Number of forecast images: 24
[2026-05-15 20:22:19] Using forecast run: 2020-06-18 18:00:00 UTC
[2026-05-15 20:22:20] Forecast Rain Available hours: [6, 7, 8, 9, 10, 11, 12, 13, 14, 15, 16, 17, 18, 19, 20, 21, 22, 23, 24, 25, 26, 27, 28, 29]
[2026-05-15 20:22:20] Valid hours for sum: [12, 18, 24, 29]
[2026-05-15 20:22:22] Drought composite end date: 2020-06-13 06:00:00
[2026-05-15 20:22:22] Land cover year: 2019
[2026-05-15 20:22:23] VIIRS Veg composite: 2020-05-16 → 2020-06-01
[2026-05-15 20:22:26] Started export task: fire_83_dynamic_2020-06-18
[2026-05-15 20:22:27] ------ Processing date=2020-06-19 ------
[2026-05-15 20:22:27] Using viirs_af_path: viirs_af_path
[2026-05-15 20:22:27] VIIRS Image Date: ['2020-06-19 00:00:00']
[2026-05-15 20:22:27] Weather image size: 1
[2026-05-15 20:22:27] Forecast duration: 2020-06-20 00:00:00 to 2020-06-21 00:00:00
[2026-05-15 20:22:28] Number of forecast images: 24
[2026-05-15 20:22:28] Using forecast run: 2020-06-19 18:00:00 UTC
[2026-05-15 20:22:29] Forecast Rain Available hours: [6, 7, 8, 9, 10, 11, 12, 13, 14, 15, 16, 17, 18, 19, 20, 21, 22, 23, 24, 25, 26, 27, 28, 29]
[2026-05-15 20:22:29] Valid hours for sum: [12, 18, 24, 29]
[2026-05-15 20:22:31] Drought composite end date: 2020-06-18 06:00:00
[2026-05-15 20:22:31] Land cover year: 2019
[2026-05-15 20:22:32] VIIRS Veg composite: 2020-05-16 → 2020-06-01
[2026-05-15 20:22:37] Started export task: fire_83_dynamic_2020-06-19
[2026-05-15 20:22:37] ------ Processing date=2020-06-20 ------
[2026-05-15 20:22:37] Using viirs_af_path: viirs_af_path
[2026-05-15 20:22:37] VIIRS Image Date: ['2020-06-20 00:00:00']
[2026-05-15 20:22:38] Weather image size: 1
[2026-05-15 20:22:38] Forecast duration: 2020-06-21 00:00:00 to 2020-06-22 00:00:00
[2026-05-15 20:22:38] Number of forecast images: 24
[2026-05-15 20:22:38] Using forecast run: 2020-06-20 18:00:00 UTC
[2026-05-15 20:22:39] Forecast Rain Available hours: [6, 7, 8, 9, 10, 11, 12, 13, 14, 15, 16, 17, 18, 19, 20, 21, 22, 23, 24, 25, 26, 27, 28, 29]
[2026-05-15 20:22:39] Valid hours for sum: [12, 18, 24, 29]
[2026-05-15 20:22:41] Drought composite end date: 2020-06-18 06:00:00
[2026-05-15 20:22:42] Land cover year: 2019
[2026-05-15 20:22:43] VIIRS Veg composite: 2020-05-16 → 2020-06-01
[2026-05-15 20:22:48] Started export task: fire_83_dynamic_2020-06-20
[2026-05-15 20:22:49] ------ Processing date=2020-06-21 ------
[2026-05-15 20:22:49] Using viirs_af_path: viirs_af_path
[2026-05-15 20:22:49] VIIRS Image Date: ['2020-06-21 00:00:00']
[2026-05-15 20:22:49] Weather image size: 1
[2026-05-15 20:22:49] Forecast duration: 2020-06-22 00:00:00 to 2020-06-23 00:00:00
[2026-05-15 20:22:50] Number of forecast images: 24
[2026-05-15 20:22:50] Using forecast run: 2020-06-21 18:00:00 UTC
[2026-05-15 20:22:50] Forecast Rain Available hours: [6, 7, 8, 9, 10, 11, 12, 13, 14, 15, 16, 17, 18, 19, 20, 21, 22, 23, 24, 25, 26, 27, 28, 29]
[2026-05-15 20:22:50] Valid hours for sum: [12, 18, 24, 29]
[2026-05-15 20:22:53] Drought composite end date: 2020-06-18 06:00:00
[2026-05-15 20:22:53] Land cover year: 2019
[2026-05-15 20:22:54] VIIRS Veg composite: 2020-05-16 → 2020-06-01
[2026-05-15 20:22:58] Started export task: fire_83_dynamic_2020-06-21
[2026-05-15 20:22:59] ------ Processing date=2020-06-22 ------
[2026-05-15 20:22:59] Using viirs_af_path: viirs_af_path
[2026-05-15 20:22:59] VIIRS Image Date: ['2020-06-22 00:00:00']
[2026-05-15 20:23:00] Weather image size: 1
[2026-05-15 20:23:00] Forecast duration: 2020-06-23 00:00:00 to 2020-06-24 00:00:00
[2026-05-15 20:23:00] Number of forecast images: 24
[2026-05-15 20:23:00] Using forecast run: 2020-06-22 18:00:00 UTC
[2026-05-15 20:23:01] Forecast Rain Available hours: [6, 7, 8, 9, 10, 11, 12, 13, 14, 15, 16, 17, 18, 19, 20, 21, 22, 23, 24, 25, 26, 27, 28, 29]
[2026-05-15 20:23:01] Valid hours for sum: [12, 18, 24, 29]
[2026-05-15 20:23:03] Drought composite end date: 2020-06-18 06:00:00
[2026-05-15 20:23:03] Land cover year: 2019
[2026-05-15 20:23:04] VIIRS Veg composite: 2020-05-16 → 2020-06-01
[2026-05-15 20:23:08] Started export task: fire_83_dynamic_2020-06-22
[2026-05-15 20:23:08] ------ Processing date=2020-06-23 ------
[2026-05-15 20:23:08] Using viirs_af_path: viirs_af_path
[2026-05-15 20:23:08] VIIRS Image Date: ['2020-06-23 00:00:00']
[2026-05-15 20:23:09] Weather image size: 1
[2026-05-15 20:23:09] Forecast duration: 2020-06-24 00:00:00 to 2020-06-25 00:00:00
[2026-05-15 20:23:10] Number of forecast images: 24
[2026-05-15 20:23:10] Using forecast run: 2020-06-23 18:00:00 UTC
[2026-05-15 20:23:11] Forecast Rain Available hours: [6, 7, 8, 9, 10, 11, 12, 13, 14, 15, 16, 17, 18, 19, 20, 21, 22, 23, 24, 25, 26, 27, 28, 29]
[2026-05-15 20:23:11] Valid hours for sum: [12, 18, 24, 29]
[2026-05-15 20:23:12] Drought composite end date: 2020-06-18 06:00:00
[2026-05-15 20:23:12] Land cover year: 2019
[2026-05-15 20:23:13] VIIRS Veg composite: 2020-05-16 → 2020-06-01
[2026-05-15 20:23:18] Started export task: fire_83_dynamic_2020-06-23
[2026-05-15 20:23:18] ------ Processing date=2020-06-24 ------
[2026-05-15 20:23:18] Using viirs_af_path: viirs_af_path
[2026-05-15 20:23:18] VIIRS Image Date: ['2020-06-24 00:00:00']
[2026-05-15 20:23:19] Weather image size: 1
[2026-05-15 20:23:19] Forecast duration: 2020-06-25 00:00:00 to 2020-06-26 00:00:00
[2026-05-15 20:23:20] Number of forecast images: 24
[2026-05-15 20:23:20] Using forecast run: 2020-06-24 18:00:00 UTC
[2026-05-15 20:23:20] Forecast Rain Available hours: [6, 7, 8, 9, 10, 11, 12, 13, 14, 15, 16, 17, 18, 19, 20, 21, 22, 23, 24, 25, 26, 27, 28, 29]
[2026-05-15 20:23:20] Valid hours for sum: [12, 18, 24, 29]
[2026-05-15 20:23:25] Drought composite end date: 2020-06-23 06:00:00
[2026-05-15 20:23:25] Land cover year: 2019
[2026-05-15 20:23:27] VIIRS Veg composite: 2020-05-16 → 2020-06-01
[2026-05-15 20:23:32] Started export task: fire_83_dynamic_2020-06-24
[2026-05-15 20:23:32] ------ Processing date=2020-06-25 ------
[2026-05-15 20:23:32] Using viirs_af_path: viirs_af_path
[2026-05-15 20:23:32] VIIRS Image Date: ['2020-06-25 00:00:00']
[2026-05-15 20:23:32] Weather image size: 1
[2026-05-15 20:23:32] Forecast duration: 2020-06-26 00:00:00 to 2020-06-27 00:00:00
[2026-05-15 20:23:34] Number of forecast images: 24
[2026-05-15 20:23:34] Using forecast run: 2020-06-25 18:00:00 UTC
[2026-05-15 20:23:34] Forecast Rain Available hours: [6, 7, 8, 9, 10, 11, 12, 13, 14, 15, 16, 17, 18, 19, 20, 21, 22, 23, 24, 25, 26, 27, 28, 29]
[2026-05-15 20:23:34] Valid hours for sum: [12, 18, 24, 29]
[2026-05-15 20:23:36] Drought composite end date: 2020-06-23 06:00:00
[2026-05-15 20:23:37] Land cover year: 2019
[2026-05-15 20:23:38] VIIRS Veg composite: 2020-05-16 → 2020-06-01
[2026-05-15 20:23:42] Started export task: fire_83_dynamic_2020-06-25
[2026-05-15 20:23:42] ------ Processing date=2020-06-26 ------
[2026-05-15 20:23:42] Using viirs_af_path: viirs_af_path
[2026-05-15 20:23:42] VIIRS Image Date: ['2020-06-26 00:00:00']
[2026-05-15 20:23:43] Weather image size: 1
[2026-05-15 20:23:43] Forecast duration: 2020-06-27 00:00:00 to 2020-06-28 00:00:00
[2026-05-15 20:23:43] Number of forecast images: 24
[2026-05-15 20:23:43] Using forecast run: 2020-06-26 18:00:00 UTC
[2026-05-15 20:23:44] Forecast Rain Available hours: [6, 7, 8, 9, 10, 11, 12, 13, 14, 15, 16, 17, 18, 19, 20, 21, 22, 23, 24, 25, 26, 27, 28, 29]
[2026-05-15 20:23:44] Valid hours for sum: [12, 18, 24, 29]
[2026-05-15 20:23:46] Drought composite end date: 2020-06-23 06:00:00
[2026-05-15 20:23:47] Land cover year: 2019
[2026-05-15 20:23:47] VIIRS Veg composite: 2020-05-16 → 2020-06-01
[2026-05-15 20:23:51] Started export task: fire_83_dynamic_2020-06-26
[2026-05-15 20:23:52] ------ Processing date=2020-06-27 ------
[2026-05-15 20:23:52] Using viirs_af_path: viirs_af_path
[2026-05-15 20:23:52] VIIRS Image Date: ['2020-06-27 00:00:00']
[2026-05-15 20:23:52] Weather image size: 1
[2026-05-15 20:23:52] Forecast duration: 2020-06-28 00:00:00 to 2020-06-29 00:00:00
[2026-05-15 20:23:53] Number of forecast images: 24
[2026-05-15 20:23:53] Using forecast run: 2020-06-27 18:00:00 UTC
[2026-05-15 20:23:53] Forecast Rain Available hours: [6, 7, 8, 9, 10, 11, 12, 13, 14, 15, 16, 17, 18, 19, 20, 21, 22, 23, 24, 25, 26, 27, 28, 29]
[2026-05-15 20:23:53] Valid hours for sum: [12, 18, 24, 29]
[2026-05-15 20:23:55] Drought composite end date: 2020-06-23 06:00:00
[2026-05-15 20:23:55] Land cover year: 2019
[2026-05-15 20:23:56] VIIRS Veg composite: 2020-05-16 → 2020-06-01
[2026-05-15 20:24:01] Started export task: fire_83_dynamic_2020-06-27
[2026-05-15 20:24:01] ------ Processing date=2020-06-28 ------
[2026-05-15 20:24:01] Using viirs_af_path: viirs_af_path
[2026-05-15 20:24:02] VIIRS Image Date: ['2020-06-28 00:00:00']
[2026-05-15 20:24:02] Weather image size: 1
[2026-05-15 20:24:02] Forecast duration: 2020-06-29 00:00:00 to 2020-06-30 00:00:00
[2026-05-15 20:24:03] Number of forecast images: 24
[2026-05-15 20:24:03] Using forecast run: 2020-06-28 18:00:00 UTC
[2026-05-15 20:24:03] Forecast Rain Available hours: [6, 7, 8, 9, 10, 11, 12, 13, 14, 15, 16, 17, 18, 19, 20, 21, 22, 23, 24, 25, 26, 27, 28, 29]
[2026-05-15 20:24:03] Valid hours for sum: [12, 18, 24, 29]
[2026-05-15 20:24:06] Drought composite end date: 2020-06-23 06:00:00
[2026-05-15 20:24:06] Land cover year: 2019
[2026-05-15 20:24:07] VIIRS Veg composite: 2020-05-16 → 2020-06-01
[2026-05-15 20:24:10] Started export task: fire_83_dynamic_2020-06-28
[2026-05-15 20:24:11] ------ Processing date=2020-06-29 ------
[2026-05-15 20:24:11] Using viirs_af_path: viirs_af_path
[2026-05-15 20:24:11] VIIRS Image Date: ['2020-06-29 00:00:00']
[2026-05-15 20:24:11] Weather image size: 1
[2026-05-15 20:24:11] Forecast duration: 2020-06-30 00:00:00 to 2020-07-01 00:00:00
[2026-05-15 20:24:12] Number of forecast images: 24
[2026-05-15 20:24:12] Using forecast run: 2020-06-29 18:00:00 UTC
[2026-05-15 20:24:12] Forecast Rain Available hours: [6, 7, 8, 9, 10, 11, 12, 13, 14, 15, 16, 17, 18, 19, 20, 21, 22, 23, 24, 25, 26, 27, 28, 29]
[2026-05-15 20:24:12] Valid hours for sum: [12, 18, 24, 29]
[2026-05-15 20:24:14] Drought composite end date: 2020-06-28 06:00:00
[2026-05-15 20:24:15] Land cover year: 2019
[2026-05-15 20:24:15] VIIRS Veg composite: 2020-05-16 → 2020-06-01
[2026-05-15 20:24:19] Started export task: fire_83_dynamic_2020-06-29
[2026-05-15 20:24:19] END: ----------Event fire_83----------- (Duration: 5.42m)
[2026-05-15 20:24:19] START: ----------Event fire_84-----------
[2026-05-15 20:24:19] ------ Processing date=2020-05-29 ------
[2026-05-15 20:24:19] Using viirs_af_path: viirs_af_path
[2026-05-15 20:24:20] VIIRS Image Date: ['2020-05-29 00:00:00']
[2026-05-15 20:24:20] Weather image size: 1
[2026-05-15 20:24:20] Forecast duration: 2020-05-30 00:00:00 to 2020-05-31 00:00:00
[2026-05-15 20:24:21] Number of forecast images: 24
[2026-05-15 20:24:21] Using forecast run: 2020-05-29 18:00:00 UTC
[2026-05-15 20:24:21] Forecast Rain Available hours: [6, 7, 8, 9, 10, 11, 12, 13, 14, 15, 16, 17, 18, 19, 20, 21, 22, 23, 24, 25, 26, 27, 28, 29]
[2026-05-15 20:24:21] Valid hours for sum: [12, 18, 24, 29]
[2026-05-15 20:24:24] Drought composite end date: 2020-05-24 06:00:00
[2026-05-15 20:24:24] Land cover year: 2019
[2026-05-15 20:24:27] VIIRS Veg composite: 2020-05-16 → 2020-06-01
[2026-05-15 20:24:31] Started export task: fire_84_static
[2026-05-15 20:24:31] Started export task: fire_84_dynamic_2020-05-29
[2026-05-15 20:24:31] ------ Processing date=2020-05-30 ------
[2026-05-15 20:24:31] Using viirs_af_path: viirs_af_path
[2026-05-15 20:24:32] VIIRS Image Date: ['2020-05-30 00:00:00']
[2026-05-15 20:24:32] Weather image size: 1
[2026-05-15 20:24:32] Forecast duration: 2020-05-31 00:00:00 to 2020-06-01 00:00:00
[2026-05-15 20:24:33] Number of forecast images: 24
[2026-05-15 20:24:33] Using forecast run: 2020-05-30 18:00:00 UTC
[2026-05-15 20:24:34] Forecast Rain Available hours: [6, 7, 8, 9, 10, 11, 12, 13, 14, 15, 16, 17, 18, 19, 20, 21, 22, 23, 24, 25, 26, 27, 28, 29]
[2026-05-15 20:24:34] Valid hours for sum: [12, 18, 24, 29]
[2026-05-15 20:24:37] Drought composite end date: 2020-05-29 06:00:00
[2026-05-15 20:24:37] Land cover year: 2019
[2026-05-15 20:24:38] VIIRS Veg composite: 2020-05-16 → 2020-06-01
[2026-05-15 20:24:41] Started export task: fire_84_dynamic_2020-05-30
[2026-05-15 20:24:41] ------ Processing date=2020-05-31 ------
[2026-05-15 20:24:41] Using viirs_af_path: viirs_af_path
[2026-05-15 20:24:41] VIIRS Image Date: ['2020-05-31 00:00:00']
[2026-05-15 20:24:42] Weather image size: 1
[2026-05-15 20:24:42] Forecast duration: 2020-06-01 00:00:00 to 2020-06-02 00:00:00
[2026-05-15 20:24:42] Number of forecast images: 24
[2026-05-15 20:24:42] Using forecast run: 2020-05-31 18:00:00 UTC
[2026-05-15 20:24:43] Forecast Rain Available hours: [6, 7, 8, 9, 10, 11, 12, 13, 14, 15, 16, 17, 18, 19, 20, 21, 22, 23, 24, 25, 26, 27, 28, 29]
[2026-05-15 20:24:43] Valid hours for sum: [12, 18, 24, 29]
[2026-05-15 20:24:45] Drought composite end date: 2020-05-29 06:00:00
[2026-05-15 20:24:45] Land cover year: 2019
[2026-05-15 20:24:46] VIIRS Veg composite: 2020-05-16 → 2020-06-01
[2026-05-15 20:24:50] Started export task: fire_84_dynamic_2020-05-31
[2026-05-15 20:24:50] ------ Processing date=2020-06-01 ------
[2026-05-15 20:24:50] Using viirs_af_path: viirs_af_path
[2026-05-15 20:24:51] VIIRS Image Date: ['2020-06-01 00:00:00']
[2026-05-15 20:24:51] Weather image size: 1
[2026-05-15 20:24:51] Forecast duration: 2020-06-02 00:00:00 to 2020-06-03 00:00:00
[2026-05-15 20:24:52] Number of forecast images: 24
[2026-05-15 20:24:52] Using forecast run: 2020-06-01 18:00:00 UTC
[2026-05-15 20:24:53] Forecast Rain Available hours: [6, 7, 8, 9, 10, 11, 12, 13, 14, 15, 16, 17, 18, 19, 20, 21, 22, 23, 24, 25, 26, 27, 28, 29]
[2026-05-15 20:24:53] Valid hours for sum: [12, 18, 24, 29]
[2026-05-15 20:24:55] Drought composite end date: 2020-05-29 06:00:00
[2026-05-15 20:24:55] Land cover year: 2019
[2026-05-15 20:24:56] VIIRS Veg composite: 2020-05-16 → 2020-06-01
[2026-05-15 20:25:01] Started export task: fire_84_dynamic_2020-06-01
[2026-05-15 20:25:01] ------ Processing date=2020-06-02 ------
[2026-05-15 20:25:01] Using viirs_af_path: viirs_af_path
[2026-05-15 20:25:01] VIIRS Image Date: ['2020-06-02 00:00:00']
[2026-05-15 20:25:02] Weather image size: 1
[2026-05-15 20:25:02] Forecast duration: 2020-06-03 00:00:00 to 2020-06-04 00:00:00
[2026-05-15 20:25:03] Number of forecast images: 24
[2026-05-15 20:25:03] Using forecast run: 2020-06-02 18:00:00 UTC
[2026-05-15 20:25:04] Forecast Rain Available hours: [6, 7, 8, 9, 10, 11, 12, 13, 14, 15, 16, 17, 18, 19, 20, 21, 22, 23, 24, 25, 26, 27, 28, 29]
[2026-05-15 20:25:04] Valid hours for sum: [12, 18, 24, 29]
[2026-05-15 20:25:06] Drought composite end date: 2020-05-29 06:00:00
[2026-05-15 20:25:06] Land cover year: 2019
[2026-05-15 20:25:07] VIIRS Veg composite: 2020-05-16 → 2020-06-01
[2026-05-15 20:25:12] Started export task: fire_84_dynamic_2020-06-02
[2026-05-15 20:25:13] ------ Processing date=2020-06-03 ------
[2026-05-15 20:25:13] Using viirs_af_path: viirs_af_path
[2026-05-15 20:25:13] VIIRS Image Date: ['2020-06-03 00:00:00']
[2026-05-15 20:25:13] Weather image size: 1
[2026-05-15 20:25:13] Forecast duration: 2020-06-04 00:00:00 to 2020-06-05 00:00:00
[2026-05-15 20:25:14] Number of forecast images: 24
[2026-05-15 20:25:14] Using forecast run: 2020-06-03 18:00:00 UTC
[2026-05-15 20:25:14] Forecast Rain Available hours: [6, 7, 8, 9, 10, 11, 12, 13, 14, 15, 16, 17, 18, 19, 20, 21, 22, 23, 24, 25, 26, 27, 28, 29]
[2026-05-15 20:25:14] Valid hours for sum: [12, 18, 24, 29]
[2026-05-15 20:25:17] Drought composite end date: 2020-05-29 06:00:00
[2026-05-15 20:25:17] Land cover year: 2019
[2026-05-15 20:25:18] VIIRS Veg composite: 2020-05-16 → 2020-06-01
[2026-05-15 20:25:22] Started export task: fire_84_dynamic_2020-06-03
[2026-05-15 20:25:22] ------ Processing date=2020-06-04 ------
[2026-05-15 20:25:22] Using viirs_af_path: viirs_af_path
[2026-05-15 20:25:22] VIIRS Image Date: ['2020-06-04 00:00:00']
[2026-05-15 20:25:23] Weather image size: 1
[2026-05-15 20:25:23] Forecast duration: 2020-06-05 00:00:00 to 2020-06-06 00:00:00
[2026-05-15 20:25:24] Number of forecast images: 24
[2026-05-15 20:25:24] Using forecast run: 2020-06-04 18:00:00 UTC
[2026-05-15 20:25:24] Forecast Rain Available hours: [6, 7, 8, 9, 10, 11, 12, 13, 14, 15, 16, 17, 18, 19, 20, 21, 22, 23, 24, 25, 26, 27, 28, 29]
[2026-05-15 20:25:24] Valid hours for sum: [12, 18, 24, 29]
[2026-05-15 20:25:26] Drought composite end date: 2020-06-03 06:00:00
[2026-05-15 20:25:27] Land cover year: 2019
[2026-05-15 20:25:27] VIIRS Veg composite: 2020-05-16 → 2020-06-01
[2026-05-15 20:25:31] Started export task: fire_84_dynamic_2020-06-04
[2026-05-15 20:25:32] ------ Processing date=2020-06-05 ------
[2026-05-15 20:25:32] Using viirs_af_path: viirs_af_path
[2026-05-15 20:25:32] VIIRS Image Date: ['2020-06-05 00:00:00']
[2026-05-15 20:25:33] Weather image size: 1
[2026-05-15 20:25:33] Forecast duration: 2020-06-06 00:00:00 to 2020-06-07 00:00:00
[2026-05-15 20:25:33] Number of forecast images: 24
[2026-05-15 20:25:33] Using forecast run: 2020-06-05 18:00:00 UTC
[2026-05-15 20:25:34] Forecast Rain Available hours: [6, 7, 8, 9, 10, 11, 12, 13, 14, 15, 16, 17, 18, 19, 20, 21, 22, 23, 24, 25, 26, 27, 28, 29]
[2026-05-15 20:25:34] Valid hours for sum: [12, 18, 24, 29]
[2026-05-15 20:25:35] Drought composite end date: 2020-06-03 06:00:00
[2026-05-15 20:25:35] Land cover year: 2019
[2026-05-15 20:25:36] VIIRS Veg composite: 2020-05-16 → 2020-06-01
[2026-05-15 20:25:41] Started export task: fire_84_dynamic_2020-06-05
[2026-05-15 20:25:41] ------ Processing date=2020-06-06 ------
[2026-05-15 20:25:41] Using viirs_af_path: viirs_af_path
[2026-05-15 20:25:41] VIIRS Image Date: ['2020-06-06 00:00:00']
[2026-05-15 20:25:42] Weather image size: 1
[2026-05-15 20:25:42] Forecast duration: 2020-06-07 00:00:00 to 2020-06-08 00:00:00
[2026-05-15 20:25:42] Number of forecast images: 24
[2026-05-15 20:25:42] Using forecast run: 2020-06-06 18:00:00 UTC
[2026-05-15 20:25:43] Forecast Rain Available hours: [6, 7, 8, 9, 10, 11, 12, 13, 14, 15, 16, 17, 18, 19, 20, 21, 22, 23, 24, 25, 26, 27, 28, 29]
[2026-05-15 20:25:43] Valid hours for sum: [12, 18, 24, 29]
[2026-05-15 20:25:44] Drought composite end date: 2020-06-03 06:00:00
[2026-05-15 20:25:45] Land cover year: 2019
[2026-05-15 20:25:45] VIIRS Veg composite: 2020-05-16 → 2020-06-01
[2026-05-15 20:25:50] Started export task: fire_84_dynamic_2020-06-06
[2026-05-15 20:25:50] ------ Processing date=2020-06-07 ------
[2026-05-15 20:25:50] Using viirs_af_path: viirs_af_path
[2026-05-15 20:25:50] VIIRS Image Date: ['2020-06-07 00:00:00']
[2026-05-15 20:25:51] Weather image size: 1
[2026-05-15 20:25:51] Forecast duration: 2020-06-08 00:00:00 to 2020-06-09 00:00:00
[2026-05-15 20:25:54] Number of forecast images: 24
[2026-05-15 20:25:54] Using forecast run: 2020-06-07 18:00:00 UTC
[2026-05-15 20:25:55] Forecast Rain Available hours: [6, 7, 8, 9, 10, 11, 12, 13, 14, 15, 16, 17, 18, 19, 20, 21, 22, 23, 24, 25, 26, 27, 28, 29]
[2026-05-15 20:25:55] Valid hours for sum: [12, 18, 24, 29]
[2026-05-15 20:25:57] Drought composite end date: 2020-06-03 06:00:00
[2026-05-15 20:25:57] Land cover year: 2019
[2026-05-15 20:25:58] VIIRS Veg composite: 2020-05-16 → 2020-06-01
[2026-05-15 20:26:02] Started export task: fire_84_dynamic_2020-06-07
[2026-05-15 20:26:03] ------ Processing date=2020-06-08 ------
[2026-05-15 20:26:03] Using viirs_af_path: viirs_af_path
[2026-05-15 20:26:03] VIIRS Image Date: ['2020-06-08 00:00:00']
[2026-05-15 20:26:03] Weather image size: 1
[2026-05-15 20:26:03] Forecast duration: 2020-06-09 00:00:00 to 2020-06-10 00:00:00
[2026-05-15 20:26:04] Number of forecast images: 24
[2026-05-15 20:26:04] Using forecast run: 2020-06-08 18:00:00 UTC
[2026-05-15 20:26:04] Forecast Rain Available hours: [6, 7, 8, 9, 10, 11, 12, 13, 14, 15, 16, 17, 18, 19, 20, 21, 22, 23, 24, 25, 26, 27, 28, 29]
[2026-05-15 20:26:04] Valid hours for sum: [12, 18, 24, 29]
[2026-05-15 20:26:07] Drought composite end date: 2020-06-03 06:00:00
[2026-05-15 20:26:07] Land cover year: 2019
[2026-05-15 20:26:08] VIIRS Veg composite: 2020-05-16 → 2020-06-01
[2026-05-15 20:26:12] Started export task: fire_84_dynamic_2020-06-08
[2026-05-15 20:26:13] ------ Processing date=2020-06-09 ------
[2026-05-15 20:26:13] Using viirs_af_path: viirs_af_path
[2026-05-15 20:26:13] VIIRS Image Date: ['2020-06-09 00:00:00']
[2026-05-15 20:26:13] Weather image size: 1
[2026-05-15 20:26:13] Forecast duration: 2020-06-10 00:00:00 to 2020-06-11 00:00:00
[2026-05-15 20:26:14] Number of forecast images: 24
[2026-05-15 20:26:14] Using forecast run: 2020-06-09 18:00:00 UTC
[2026-05-15 20:26:14] Forecast Rain Available hours: [6, 7, 8, 9, 10, 11, 12, 13, 14, 15, 16, 17, 18, 19, 20, 21, 22, 23, 24, 25, 26, 27, 28, 29]
[2026-05-15 20:26:14] Valid hours for sum: [12, 18, 24, 29]
[2026-05-15 20:26:16] Drought composite end date: 2020-06-08 06:00:00
[2026-05-15 20:26:17] Land cover year: 2019
[2026-05-15 20:26:17] VIIRS Veg composite: 2020-05-16 → 2020-06-01
[2026-05-15 20:26:21] Started export task: fire_84_dynamic_2020-06-09
[2026-05-15 20:26:22] ------ Processing date=2020-06-10 ------
[2026-05-15 20:26:22] Using viirs_af_path: viirs_af_path
[2026-05-15 20:26:22] VIIRS Image Date: ['2020-06-10 00:00:00']
[2026-05-15 20:26:22] Weather image size: 1
[2026-05-15 20:26:22] Forecast duration: 2020-06-11 00:00:00 to 2020-06-12 00:00:00
[2026-05-15 20:26:24] Number of forecast images: 24
[2026-05-15 20:26:24] Using forecast run: 2020-06-10 18:00:00 UTC
[2026-05-15 20:26:24] Forecast Rain Available hours: [6, 7, 8, 9, 10, 11, 12, 13, 14, 15, 16, 17, 18, 19, 20, 21, 22, 23, 24, 25, 26, 27, 28, 29]
[2026-05-15 20:26:24] Valid hours for sum: [12, 18, 24, 29]
[2026-05-15 20:26:26] Drought composite end date: 2020-06-08 06:00:00
[2026-05-15 20:26:26] Land cover year: 2019
[2026-05-15 20:26:27] VIIRS Veg composite: 2020-05-16 → 2020-06-01
[2026-05-15 20:26:31] Started export task: fire_84_dynamic_2020-06-10
[2026-05-15 20:26:31] ------ Processing date=2020-06-11 ------
[2026-05-15 20:26:31] Using viirs_af_path: viirs_af_path
[2026-05-15 20:26:32] VIIRS Image Date: ['2020-06-11 00:00:00']
[2026-05-15 20:26:32] Weather image size: 1
[2026-05-15 20:26:32] Forecast duration: 2020-06-12 00:00:00 to 2020-06-13 00:00:00
[2026-05-15 20:26:33] Number of forecast images: 24
[2026-05-15 20:26:33] Using forecast run: 2020-06-11 18:00:00 UTC
[2026-05-15 20:26:33] Forecast Rain Available hours: [6, 7, 8, 9, 10, 11, 12, 13, 14, 15, 16, 17, 18, 19, 20, 21, 22, 23, 24, 25, 26, 27, 28, 29]
[2026-05-15 20:26:33] Valid hours for sum: [12, 18, 24, 29]
[2026-05-15 20:26:35] Drought composite end date: 2020-06-08 06:00:00
[2026-05-15 20:26:35] Land cover year: 2019
[2026-05-15 20:26:36] VIIRS Veg composite: 2020-05-16 → 2020-06-01
[2026-05-15 20:26:40] Started export task: fire_84_dynamic_2020-06-11
[2026-05-15 20:26:41] END: ----------Event fire_84----------- (Duration: 2.36m)
[2026-05-15 20:26:41] START: ----------Event fire_85-----------
[2026-05-15 20:26:41] ------ Processing date=2020-05-29 ------
[2026-05-15 20:26:41] Using viirs_af_path: viirs_af_path
[2026-05-15 20:26:41] VIIRS Image Date: ['2020-05-29 00:00:00']
[2026-05-15 20:26:41] Weather image size: 1
[2026-05-15 20:26:41] Forecast duration: 2020-05-30 00:00:00 to 2020-05-31 00:00:00
[2026-05-15 20:26:43] Number of forecast images: 24
[2026-05-15 20:26:43] Using forecast run: 2020-05-29 18:00:00 UTC
[2026-05-15 20:26:44] Forecast Rain Available hours: [6, 7, 8, 9, 10, 11, 12, 13, 14, 15, 16, 17, 18, 19, 20, 21, 22, 23, 24, 25, 26, 27, 28, 29]
[2026-05-15 20:26:44] Valid hours for sum: [12, 18, 24, 29]
[2026-05-15 20:26:46] Drought composite end date: 2020-05-24 06:00:00
[2026-05-15 20:26:46] Land cover year: 2019
[2026-05-15 20:26:47] VIIRS Veg composite: 2020-05-16 → 2020-06-01
[2026-05-15 20:26:50] Started export task: fire_85_static
[2026-05-15 20:26:50] Started export task: fire_85_dynamic_2020-05-29
[2026-05-15 20:26:51] ------ Processing date=2020-05-30 ------
[2026-05-15 20:26:51] Using viirs_af_path: viirs_af_path
[2026-05-15 20:26:51] VIIRS Image Date: ['2020-05-30 00:00:00']
[2026-05-15 20:26:51] Weather image size: 1
[2026-05-15 20:26:51] Forecast duration: 2020-05-31 00:00:00 to 2020-06-01 00:00:00
[2026-05-15 20:26:52] Number of forecast images: 24
[2026-05-15 20:26:52] Using forecast run: 2020-05-30 18:00:00 UTC
[2026-05-15 20:26:52] Forecast Rain Available hours: [6, 7, 8, 9, 10, 11, 12, 13, 14, 15, 16, 17, 18, 19, 20, 21, 22, 23, 24, 25, 26, 27, 28, 29]
[2026-05-15 20:26:52] Valid hours for sum: [12, 18, 24, 29]
[2026-05-15 20:26:55] Drought composite end date: 2020-05-29 06:00:00
[2026-05-15 20:26:55] Land cover year: 2019
[2026-05-15 20:26:56] VIIRS Veg composite: 2020-05-16 → 2020-06-01
[2026-05-15 20:27:02] Started export task: fire_85_dynamic_2020-05-30
[2026-05-15 20:27:02] ------ Processing date=2020-05-31 ------
[2026-05-15 20:27:02] Using viirs_af_path: viirs_af_path
[2026-05-15 20:27:03] VIIRS Image Date: ['2020-05-31 00:00:00']
[2026-05-15 20:27:03] Weather image size: 1
[2026-05-15 20:27:03] Forecast duration: 2020-06-01 00:00:00 to 2020-06-02 00:00:00
[2026-05-15 20:27:04] Number of forecast images: 24
[2026-05-15 20:27:04] Using forecast run: 2020-05-31 18:00:00 UTC
[2026-05-15 20:27:04] Forecast Rain Available hours: [6, 7, 8, 9, 10, 11, 12, 13, 14, 15, 16, 17, 18, 19, 20, 21, 22, 23, 24, 25, 26, 27, 28, 29]
[2026-05-15 20:27:04] Valid hours for sum: [12, 18, 24, 29]
[2026-05-15 20:27:06] Drought composite end date: 2020-05-29 06:00:00
[2026-05-15 20:27:06] Land cover year: 2019
[2026-05-15 20:27:07] VIIRS Veg composite: 2020-05-16 → 2020-06-01
[2026-05-15 20:27:10] Started export task: fire_85_dynamic_2020-05-31
[2026-05-15 20:27:10] ------ Processing date=2020-06-01 ------
[2026-05-15 20:27:10] Using viirs_af_path: viirs_af_path
[2026-05-15 20:27:10] VIIRS Image Date: ['2020-06-01 00:00:00']
[2026-05-15 20:27:11] Weather image size: 1
[2026-05-15 20:27:11] Forecast duration: 2020-06-02 00:00:00 to 2020-06-03 00:00:00
[2026-05-15 20:27:12] Number of forecast images: 24
[2026-05-15 20:27:12] Using forecast run: 2020-06-01 18:00:00 UTC
[2026-05-15 20:27:12] Forecast Rain Available hours: [6, 7, 8, 9, 10, 11, 12, 13, 14, 15, 16, 17, 18, 19, 20, 21, 22, 23, 24, 25, 26, 27, 28, 29]
[2026-05-15 20:27:12] Valid hours for sum: [12, 18, 24, 29]
[2026-05-15 20:27:15] Drought composite end date: 2020-05-29 06:00:00
[2026-05-15 20:27:15] Land cover year: 2019
[2026-05-15 20:27:16] VIIRS Veg composite: 2020-05-16 → 2020-06-01
[2026-05-15 20:27:20] Started export task: fire_85_dynamic_2020-06-01
[2026-05-15 20:27:20] ------ Processing date=2020-06-02 ------
[2026-05-15 20:27:20] Using viirs_af_path: viirs_af_path
[2026-05-15 20:27:20] VIIRS Image Date: ['2020-06-02 00:00:00']
[2026-05-15 20:27:20] Weather image size: 1
[2026-05-15 20:27:20] Forecast duration: 2020-06-03 00:00:00 to 2020-06-04 00:00:00
[2026-05-15 20:27:21] Number of forecast images: 24
[2026-05-15 20:27:21] Using forecast run: 2020-06-02 18:00:00 UTC
[2026-05-15 20:27:22] Forecast Rain Available hours: [6, 7, 8, 9, 10, 11, 12, 13, 14, 15, 16, 17, 18, 19, 20, 21, 22, 23, 24, 25, 26, 27, 28, 29]
[2026-05-15 20:27:22] Valid hours for sum: [12, 18, 24, 29]
[2026-05-15 20:27:24] Drought composite end date: 2020-05-29 06:00:00
[2026-05-15 20:27:24] Land cover year: 2019
[2026-05-15 20:27:26] VIIRS Veg composite: 2020-05-16 → 2020-06-01
[2026-05-15 20:27:30] Started export task: fire_85_dynamic_2020-06-02
[2026-05-15 20:27:31] ------ Processing date=2020-06-03 ------
[2026-05-15 20:27:31] Using viirs_af_path: viirs_af_path
[2026-05-15 20:27:31] VIIRS Image Date: ['2020-06-03 00:00:00']
[2026-05-15 20:27:31] Weather image size: 1
[2026-05-15 20:27:31] Forecast duration: 2020-06-04 00:00:00 to 2020-06-05 00:00:00
[2026-05-15 20:27:32] Number of forecast images: 24
[2026-05-15 20:27:32] Using forecast run: 2020-06-03 18:00:00 UTC
[2026-05-15 20:27:33] Forecast Rain Available hours: [6, 7, 8, 9, 10, 11, 12, 13, 14, 15, 16, 17, 18, 19, 20, 21, 22, 23, 24, 25, 26, 27, 28, 29]
[2026-05-15 20:27:33] Valid hours for sum: [12, 18, 24, 29]
[2026-05-15 20:27:35] Drought composite end date: 2020-05-29 06:00:00
[2026-05-15 20:27:35] Land cover year: 2019
[2026-05-15 20:27:36] VIIRS Veg composite: 2020-05-16 → 2020-06-01
[2026-05-15 20:27:40] Started export task: fire_85_dynamic_2020-06-03
[2026-05-15 20:27:40] ------ Processing date=2020-06-04 ------
[2026-05-15 20:27:40] Using viirs_af_path: viirs_af_path
[2026-05-15 20:27:40] VIIRS Image Date: ['2020-06-04 00:00:00']
[2026-05-15 20:27:41] Weather image size: 1
[2026-05-15 20:27:41] Forecast duration: 2020-06-05 00:00:00 to 2020-06-06 00:00:00
[2026-05-15 20:27:42] Number of forecast images: 24
[2026-05-15 20:27:42] Using forecast run: 2020-06-04 18:00:00 UTC
[2026-05-15 20:27:43] Forecast Rain Available hours: [6, 7, 8, 9, 10, 11, 12, 13, 14, 15, 16, 17, 18, 19, 20, 21, 22, 23, 24, 25, 26, 27, 28, 29]
[2026-05-15 20:27:43] Valid hours for sum: [12, 18, 24, 29]
[2026-05-15 20:27:45] Drought composite end date: 2020-06-03 06:00:00
[2026-05-15 20:27:45] Land cover year: 2019
[2026-05-15 20:27:47] VIIRS Veg composite: 2020-05-16 → 2020-06-01
[2026-05-15 20:27:50] Started export task: fire_85_dynamic_2020-06-04
[2026-05-15 20:27:51] ------ Processing date=2020-06-05 ------
[2026-05-15 20:27:51] Using viirs_af_path: viirs_af_path
[2026-05-15 20:27:51] VIIRS Image Date: ['2020-06-05 00:00:00']
[2026-05-15 20:27:51] Weather image size: 1
[2026-05-15 20:27:51] Forecast duration: 2020-06-06 00:00:00 to 2020-06-07 00:00:00
[2026-05-15 20:27:52] Number of forecast images: 24
[2026-05-15 20:27:52] Using forecast run: 2020-06-05 18:00:00 UTC
[2026-05-15 20:27:52] Forecast Rain Available hours: [6, 7, 8, 9, 10, 11, 12, 13, 14, 15, 16, 17, 18, 19, 20, 21, 22, 23, 24, 25, 26, 27, 28, 29]
[2026-05-15 20:27:52] Valid hours for sum: [12, 18, 24, 29]
[2026-05-15 20:27:55] Drought composite end date: 2020-06-03 06:00:00
[2026-05-15 20:27:55] Land cover year: 2019
[2026-05-15 20:27:56] VIIRS Veg composite: 2020-05-16 → 2020-06-01
[2026-05-15 20:28:00] Started export task: fire_85_dynamic_2020-06-05
[2026-05-15 20:28:01] ------ Processing date=2020-06-06 ------
[2026-05-15 20:28:01] Using viirs_af_path: viirs_af_path
[2026-05-15 20:28:01] VIIRS Image Date: ['2020-06-06 00:00:00']
[2026-05-15 20:28:01] Weather image size: 1
[2026-05-15 20:28:01] Forecast duration: 2020-06-07 00:00:00 to 2020-06-08 00:00:00
[2026-05-15 20:28:02] Number of forecast images: 24
[2026-05-15 20:28:02] Using forecast run: 2020-06-06 18:00:00 UTC
[2026-05-15 20:28:03] Forecast Rain Available hours: [6, 7, 8, 9, 10, 11, 12, 13, 14, 15, 16, 17, 18, 19, 20, 21, 22, 23, 24, 25, 26, 27, 28, 29]
[2026-05-15 20:28:03] Valid hours for sum: [12, 18, 24, 29]
[2026-05-15 20:28:05] Drought composite end date: 2020-06-03 06:00:00
[2026-05-15 20:28:06] Land cover year: 2019
[2026-05-15 20:28:07] VIIRS Veg composite: 2020-05-16 → 2020-06-01
[2026-05-15 20:28:10] Started export task: fire_85_dynamic_2020-06-06
[2026-05-15 20:28:10] ------ Processing date=2020-06-07 ------
[2026-05-15 20:28:10] Using viirs_af_path: viirs_af_path
[2026-05-15 20:28:11] VIIRS Image Date: ['2020-06-07 00:00:00']
[2026-05-15 20:28:11] Weather image size: 1
[2026-05-15 20:28:11] Forecast duration: 2020-06-08 00:00:00 to 2020-06-09 00:00:00
[2026-05-15 20:28:12] Number of forecast images: 24
[2026-05-15 20:28:12] Using forecast run: 2020-06-07 18:00:00 UTC
[2026-05-15 20:28:13] Forecast Rain Available hours: [6, 7, 8, 9, 10, 11, 12, 13, 14, 15, 16, 17, 18, 19, 20, 21, 22, 23, 24, 25, 26, 27, 28, 29]
[2026-05-15 20:28:13] Valid hours for sum: [12, 18, 24, 29]
[2026-05-15 20:28:15] Drought composite end date: 2020-06-03 06:00:00
[2026-05-15 20:28:15] Land cover year: 2019
[2026-05-15 20:28:17] VIIRS Veg composite: 2020-05-16 → 2020-06-01
[2026-05-15 20:28:20] Started export task: fire_85_dynamic_2020-06-07
[2026-05-15 20:28:20] ------ Processing date=2020-06-08 ------
[2026-05-15 20:28:20] Using viirs_af_path: viirs_af_path
[2026-05-15 20:28:21] VIIRS Image Date: ['2020-06-08 00:00:00']
[2026-05-15 20:28:21] Weather image size: 1
[2026-05-15 20:28:21] Forecast duration: 2020-06-09 00:00:00 to 2020-06-10 00:00:00
[2026-05-15 20:28:22] Number of forecast images: 24
[2026-05-15 20:28:22] Using forecast run: 2020-06-08 18:00:00 UTC
[2026-05-15 20:28:22] Forecast Rain Available hours: [6, 7, 8, 9, 10, 11, 12, 13, 14, 15, 16, 17, 18, 19, 20, 21, 22, 23, 24, 25, 26, 27, 28, 29]
[2026-05-15 20:28:22] Valid hours for sum: [12, 18, 24, 29]
[2026-05-15 20:28:24] Drought composite end date: 2020-06-03 06:00:00
[2026-05-15 20:28:25] Land cover year: 2019
[2026-05-15 20:28:25] VIIRS Veg composite: 2020-05-16 → 2020-06-01
[2026-05-15 20:28:29] Started export task: fire_85_dynamic_2020-06-08
[2026-05-15 20:28:30] ------ Processing date=2020-06-09 ------
[2026-05-15 20:28:30] Using viirs_af_path: viirs_af_path
[2026-05-15 20:28:30] VIIRS Image Date: ['2020-06-09 00:00:00']
[2026-05-15 20:28:30] Weather image size: 1
[2026-05-15 20:28:30] Forecast duration: 2020-06-10 00:00:00 to 2020-06-11 00:00:00
[2026-05-15 20:28:31] Number of forecast images: 24
[2026-05-15 20:28:31] Using forecast run: 2020-06-09 18:00:00 UTC
[2026-05-15 20:28:31] Forecast Rain Available hours: [6, 7, 8, 9, 10, 11, 12, 13, 14, 15, 16, 17, 18, 19, 20, 21, 22, 23, 24, 25, 26, 27, 28, 29]
[2026-05-15 20:28:31] Valid hours for sum: [12, 18, 24, 29]
[2026-05-15 20:28:33] Drought composite end date: 2020-06-08 06:00:00
[2026-05-15 20:28:33] Land cover year: 2019
[2026-05-15 20:28:34] VIIRS Veg composite: 2020-05-16 → 2020-06-01
[2026-05-15 20:28:37] Started export task: fire_85_dynamic_2020-06-09
[2026-05-15 20:28:37] ------ Processing date=2020-06-10 ------
[2026-05-15 20:28:37] Using viirs_af_path: viirs_af_path
[2026-05-15 20:28:37] VIIRS Image Date: ['2020-06-10 00:00:00']
[2026-05-15 20:28:37] Weather image size: 1
[2026-05-15 20:28:37] Forecast duration: 2020-06-11 00:00:00 to 2020-06-12 00:00:00
[2026-05-15 20:28:39] Number of forecast images: 24
[2026-05-15 20:28:39] Using forecast run: 2020-06-10 18:00:00 UTC
[2026-05-15 20:28:40] Forecast Rain Available hours: [6, 7, 8, 9, 10, 11, 12, 13, 14, 15, 16, 17, 18, 19, 20, 21, 22, 23, 24, 25, 26, 27, 28, 29]
[2026-05-15 20:28:40] Valid hours for sum: [12, 18, 24, 29]
[2026-05-15 20:28:42] Drought composite end date: 2020-06-08 06:00:00
[2026-05-15 20:28:42] Land cover year: 2019
[2026-05-15 20:28:43] VIIRS Veg composite: 2020-05-16 → 2020-06-01
[2026-05-15 20:28:46] Started export task: fire_85_dynamic_2020-06-10
[2026-05-15 20:28:47] ------ Processing date=2020-06-11 ------
[2026-05-15 20:28:47] Using viirs_af_path: viirs_af_path
[2026-05-15 20:28:47] VIIRS Image Date: ['2020-06-11 00:00:00']
[2026-05-15 20:28:47] Weather image size: 1
[2026-05-15 20:28:47] Forecast duration: 2020-06-12 00:00:00 to 2020-06-13 00:00:00
[2026-05-15 20:28:49] Number of forecast images: 24
[2026-05-15 20:28:49] Using forecast run: 2020-06-11 18:00:00 UTC
[2026-05-15 20:28:49] Forecast Rain Available hours: [6, 7, 8, 9, 10, 11, 12, 13, 14, 15, 16, 17, 18, 19, 20, 21, 22, 23, 24, 25, 26, 27, 28, 29]
[2026-05-15 20:28:49] Valid hours for sum: [12, 18, 24, 29]
[2026-05-15 20:28:52] Drought composite end date: 2020-06-08 06:00:00
[2026-05-15 20:28:52] Land cover year: 2019
[2026-05-15 20:28:53] VIIRS Veg composite: 2020-05-16 → 2020-06-01
[2026-05-15 20:28:58] Started export task: fire_85_dynamic_2020-06-11
[2026-05-15 20:28:58] ------ Processing date=2020-06-12 ------
[2026-05-15 20:28:58] Using viirs_af_path: viirs_af_path
[2026-05-15 20:28:59] VIIRS Image Date: ['2020-06-12 00:00:00']
[2026-05-15 20:28:59] Weather image size: 1
[2026-05-15 20:28:59] Forecast duration: 2020-06-13 00:00:00 to 2020-06-14 00:00:00
[2026-05-15 20:29:00] Number of forecast images: 24
[2026-05-15 20:29:00] Using forecast run: 2020-06-12 18:00:00 UTC
[2026-05-15 20:29:00] Forecast Rain Available hours: [6, 7, 8, 9, 10, 11, 12, 13, 14, 15, 16, 17, 18, 19, 20, 21, 22, 23, 24, 25, 26, 27, 28, 29]
[2026-05-15 20:29:00] Valid hours for sum: [12, 18, 24, 29]
[2026-05-15 20:29:02] Drought composite end date: 2020-06-08 06:00:00
[2026-05-15 20:29:02] Land cover year: 2019
[2026-05-15 20:29:03] VIIRS Veg composite: 2020-05-16 → 2020-06-01
[2026-05-15 20:29:07] Started export task: fire_85_dynamic_2020-06-12
[2026-05-15 20:29:08] ------ Processing date=2020-06-13 ------
[2026-05-15 20:29:08] Using viirs_af_path: viirs_af_path
[2026-05-15 20:29:08] VIIRS Image Date: ['2020-06-13 00:00:00']
[2026-05-15 20:29:09] Weather image size: 1
[2026-05-15 20:29:09] Forecast duration: 2020-06-14 00:00:00 to 2020-06-15 00:00:00
[2026-05-15 20:29:09] Number of forecast images: 24
[2026-05-15 20:29:09] Using forecast run: 2020-06-13 18:00:00 UTC
[2026-05-15 20:29:10] Forecast Rain Available hours: [6, 7, 8, 9, 10, 11, 12, 13, 14, 15, 16, 17, 18, 19, 20, 21, 22, 23, 24, 25, 26, 27, 28, 29]
[2026-05-15 20:29:10] Valid hours for sum: [12, 18, 24, 29]
[2026-05-15 20:29:11] Drought composite end date: 2020-06-08 06:00:00
[2026-05-15 20:29:12] Land cover year: 2019
[2026-05-15 20:29:12] VIIRS Veg composite: 2020-05-16 → 2020-06-01
[2026-05-15 20:29:16] Started export task: fire_85_dynamic_2020-06-13
[2026-05-15 20:29:16] ------ Processing date=2020-06-14 ------
[2026-05-15 20:29:16] Using viirs_af_path: viirs_af_path
[2026-05-15 20:29:17] VIIRS Image Date: ['2020-06-14 00:00:00']
[2026-05-15 20:29:17] Weather image size: 1
[2026-05-15 20:29:17] Forecast duration: 2020-06-15 00:00:00 to 2020-06-16 00:00:00
[2026-05-15 20:29:18] Number of forecast images: 24
[2026-05-15 20:29:18] Using forecast run: 2020-06-14 18:00:00 UTC
[2026-05-15 20:29:18] Forecast Rain Available hours: [6, 7, 8, 9, 10, 11, 12, 13, 14, 15, 16, 17, 18, 19, 20, 21, 22, 23, 24, 25, 26, 27, 28, 29]
[2026-05-15 20:29:18] Valid hours for sum: [12, 18, 24, 29]
[2026-05-15 20:29:20] Drought composite end date: 2020-06-13 06:00:00
[2026-05-15 20:29:21] Land cover year: 2019
[2026-05-15 20:29:22] VIIRS Veg composite: 2020-05-16 → 2020-06-01
[2026-05-15 20:29:25] Started export task: fire_85_dynamic_2020-06-14
[2026-05-15 20:29:25] ------ Processing date=2020-06-15 ------
[2026-05-15 20:29:25] Using viirs_af_path: viirs_af_path
[2026-05-15 20:29:25] VIIRS Image Date: ['2020-06-15 00:00:00']
[2026-05-15 20:29:26] Weather image size: 1
[2026-05-15 20:29:26] Forecast duration: 2020-06-16 00:00:00 to 2020-06-17 00:00:00
[2026-05-15 20:29:26] Number of forecast images: 24
[2026-05-15 20:29:26] Using forecast run: 2020-06-15 18:00:00 UTC
[2026-05-15 20:29:27] Forecast Rain Available hours: [6, 7, 8, 9, 10, 11, 12, 13, 14, 15, 16, 17, 18, 19, 20, 21, 22, 23, 24, 25, 26, 27, 28, 29]
[2026-05-15 20:29:27] Valid hours for sum: [12, 18, 24, 29]
[2026-05-15 20:29:29] Drought composite end date: 2020-06-13 06:00:00
[2026-05-15 20:29:30] Land cover year: 2019
[2026-05-15 20:29:30] VIIRS Veg composite: 2020-05-16 → 2020-06-01
[2026-05-15 20:29:34] Started export task: fire_85_dynamic_2020-06-15
[2026-05-15 20:29:34] ------ Processing date=2020-06-16 ------
[2026-05-15 20:29:34] Using viirs_af_path: viirs_af_path
[2026-05-15 20:29:35] VIIRS Image Date: ['2020-06-16 00:00:00']
[2026-05-15 20:29:35] Weather image size: 1
[2026-05-15 20:29:35] Forecast duration: 2020-06-17 00:00:00 to 2020-06-18 00:00:00
[2026-05-15 20:29:36] Number of forecast images: 24
[2026-05-15 20:29:36] Using forecast run: 2020-06-16 18:00:00 UTC
[2026-05-15 20:29:36] Forecast Rain Available hours: [6, 7, 8, 9, 10, 11, 12, 13, 14, 15, 16, 17, 18, 19, 20, 21, 22, 23, 24, 25, 26, 27, 28, 29]
[2026-05-15 20:29:36] Valid hours for sum: [12, 18, 24, 29]
[2026-05-15 20:29:38] Drought composite end date: 2020-06-13 06:00:00
[2026-05-15 20:29:38] Land cover year: 2019
[2026-05-15 20:29:39] VIIRS Veg composite: 2020-05-16 → 2020-06-01
[2026-05-15 20:29:42] Started export task: fire_85_dynamic_2020-06-16
[2026-05-15 20:29:43] ------ Processing date=2020-06-17 ------
[2026-05-15 20:29:43] Using viirs_af_path: viirs_af_path
[2026-05-15 20:29:43] VIIRS Image Date: ['2020-06-17 00:00:00']
[2026-05-15 20:29:43] Weather image size: 1
[2026-05-15 20:29:43] Forecast duration: 2020-06-18 00:00:00 to 2020-06-19 00:00:00
[2026-05-15 20:29:44] Number of forecast images: 24
[2026-05-15 20:29:44] Using forecast run: 2020-06-17 18:00:00 UTC
[2026-05-15 20:29:45] Forecast Rain Available hours: [6, 7, 8, 9, 10, 11, 12, 13, 14, 15, 16, 17, 18, 19, 20, 21, 22, 23, 24, 25, 26, 27, 28, 29]
[2026-05-15 20:29:45] Valid hours for sum: [12, 18, 24, 29]
[2026-05-15 20:29:46] Drought composite end date: 2020-06-13 06:00:00
[2026-05-15 20:29:47] Land cover year: 2019
[2026-05-15 20:29:48] VIIRS Veg composite: 2020-05-16 → 2020-06-01
[2026-05-15 20:29:54] Started export task: fire_85_dynamic_2020-06-17
[2026-05-15 20:29:54] ------ Processing date=2020-06-18 ------
[2026-05-15 20:29:54] Using viirs_af_path: viirs_af_path
[2026-05-15 20:29:54] VIIRS Image Date: ['2020-06-18 00:00:00']
[2026-05-15 20:29:55] Weather image size: 1
[2026-05-15 20:29:55] Forecast duration: 2020-06-19 00:00:00 to 2020-06-20 00:00:00
[2026-05-15 20:29:56] Number of forecast images: 24
[2026-05-15 20:29:56] Using forecast run: 2020-06-18 18:00:00 UTC
[2026-05-15 20:29:56] Forecast Rain Available hours: [6, 7, 8, 9, 10, 11, 12, 13, 14, 15, 16, 17, 18, 19, 20, 21, 22, 23, 24, 25, 26, 27, 28, 29]
[2026-05-15 20:29:56] Valid hours for sum: [12, 18, 24, 29]
[2026-05-15 20:29:58] Drought composite end date: 2020-06-13 06:00:00
[2026-05-15 20:29:58] Land cover year: 2019
[2026-05-15 20:29:59] VIIRS Veg composite: 2020-05-16 → 2020-06-01
[2026-05-15 20:30:03] Started export task: fire_85_dynamic_2020-06-18
[2026-05-15 20:30:04] ------ Processing date=2020-06-19 ------
[2026-05-15 20:30:04] Using viirs_af_path: viirs_af_path
[2026-05-15 20:30:04] VIIRS Image Date: ['2020-06-19 00:00:00']
[2026-05-15 20:30:04] Weather image size: 1
[2026-05-15 20:30:04] Forecast duration: 2020-06-20 00:00:00 to 2020-06-21 00:00:00
[2026-05-15 20:30:05] Number of forecast images: 24
[2026-05-15 20:30:05] Using forecast run: 2020-06-19 18:00:00 UTC
[2026-05-15 20:30:05] Forecast Rain Available hours: [6, 7, 8, 9, 10, 11, 12, 13, 14, 15, 16, 17, 18, 19, 20, 21, 22, 23, 24, 25, 26, 27, 28, 29]
[2026-05-15 20:30:05] Valid hours for sum: [12, 18, 24, 29]
[2026-05-15 20:30:08] Drought composite end date: 2020-06-18 06:00:00
[2026-05-15 20:30:08] Land cover year: 2019
[2026-05-15 20:30:09] VIIRS Veg composite: 2020-05-16 → 2020-06-01
[2026-05-15 20:30:12] Started export task: fire_85_dynamic_2020-06-19
[2026-05-15 20:30:13] ------ Processing date=2020-06-20 ------
[2026-05-15 20:30:13] Using viirs_af_path: viirs_af_path
[2026-05-15 20:30:13] VIIRS Image Date: ['2020-06-20 00:00:00']
[2026-05-15 20:30:13] Weather image size: 1
[2026-05-15 20:30:13] Forecast duration: 2020-06-21 00:00:00 to 2020-06-22 00:00:00
[2026-05-15 20:30:14] Number of forecast images: 24
[2026-05-15 20:30:14] Using forecast run: 2020-06-20 18:00:00 UTC
[2026-05-15 20:30:15] Forecast Rain Available hours: [6, 7, 8, 9, 10, 11, 12, 13, 14, 15, 16, 17, 18, 19, 20, 21, 22, 23, 24, 25, 26, 27, 28, 29]
[2026-05-15 20:30:15] Valid hours for sum: [12, 18, 24, 29]
[2026-05-15 20:30:16] Drought composite end date: 2020-06-18 06:00:00
[2026-05-15 20:30:17] Land cover year: 2019
[2026-05-15 20:30:18] VIIRS Veg composite: 2020-05-16 → 2020-06-01
[2026-05-15 20:30:21] Started export task: fire_85_dynamic_2020-06-20
[2026-05-15 20:30:22] ------ Processing date=2020-06-21 ------
[2026-05-15 20:30:22] Using viirs_af_path: viirs_af_path
[2026-05-15 20:30:22] VIIRS Image Date: ['2020-06-21 00:00:00']
[2026-05-15 20:30:22] Weather image size: 1
[2026-05-15 20:30:22] Forecast duration: 2020-06-22 00:00:00 to 2020-06-23 00:00:00
[2026-05-15 20:30:23] Number of forecast images: 24
[2026-05-15 20:30:23] Using forecast run: 2020-06-21 18:00:00 UTC
[2026-05-15 20:30:24] Forecast Rain Available hours: [6, 7, 8, 9, 10, 11, 12, 13, 14, 15, 16, 17, 18, 19, 20, 21, 22, 23, 24, 25, 26, 27, 28, 29]
[2026-05-15 20:30:24] Valid hours for sum: [12, 18, 24, 29]
[2026-05-15 20:30:25] Drought composite end date: 2020-06-18 06:00:00
[2026-05-15 20:30:26] Land cover year: 2019
[2026-05-15 20:30:26] VIIRS Veg composite: 2020-05-16 → 2020-06-01
[2026-05-15 20:30:31] Started export task: fire_85_dynamic_2020-06-21
[2026-05-15 20:30:31] ------ Processing date=2020-06-22 ------
[2026-05-15 20:30:31] Using viirs_af_path: viirs_af_path
[2026-05-15 20:30:31] VIIRS Image Date: ['2020-06-22 00:00:00']
[2026-05-15 20:30:32] Weather image size: 1
[2026-05-15 20:30:32] Forecast duration: 2020-06-23 00:00:00 to 2020-06-24 00:00:00
[2026-05-15 20:30:33] Number of forecast images: 24
[2026-05-15 20:30:33] Using forecast run: 2020-06-22 18:00:00 UTC
[2026-05-15 20:30:34] Forecast Rain Available hours: [6, 7, 8, 9, 10, 11, 12, 13, 14, 15, 16, 17, 18, 19, 20, 21, 22, 23, 24, 25, 26, 27, 28, 29]
[2026-05-15 20:30:34] Valid hours for sum: [12, 18, 24, 29]
[2026-05-15 20:30:36] Drought composite end date: 2020-06-18 06:00:00
[2026-05-15 20:30:36] Land cover year: 2019
[2026-05-15 20:30:37] VIIRS Veg composite: 2020-05-16 → 2020-06-01
[2026-05-15 20:30:41] Started export task: fire_85_dynamic_2020-06-22
[2026-05-15 20:30:41] ------ Processing date=2020-06-23 ------
[2026-05-15 20:30:41] Using viirs_af_path: viirs_af_path
[2026-05-15 20:30:41] VIIRS Image Date: ['2020-06-23 00:00:00']
[2026-05-15 20:30:42] Weather image size: 1
[2026-05-15 20:30:42] Forecast duration: 2020-06-24 00:00:00 to 2020-06-25 00:00:00
[2026-05-15 20:30:43] Number of forecast images: 24
[2026-05-15 20:30:43] Using forecast run: 2020-06-23 18:00:00 UTC
[2026-05-15 20:30:43] Forecast Rain Available hours: [6, 7, 8, 9, 10, 11, 12, 13, 14, 15, 16, 17, 18, 19, 20, 21, 22, 23, 24, 25, 26, 27, 28, 29]
[2026-05-15 20:30:43] Valid hours for sum: [12, 18, 24, 29]
[2026-05-15 20:30:45] Drought composite end date: 2020-06-18 06:00:00
[2026-05-15 20:30:45] Land cover year: 2019
[2026-05-15 20:30:46] VIIRS Veg composite: 2020-05-16 → 2020-06-01
[2026-05-15 20:30:51] Started export task: fire_85_dynamic_2020-06-23
[2026-05-15 20:30:51] ------ Processing date=2020-06-24 ------
[2026-05-15 20:30:51] Using viirs_af_path: viirs_af_path
[2026-05-15 20:30:52] VIIRS Image Date: ['2020-06-24 00:00:00']
[2026-05-15 20:30:52] Weather image size: 1
[2026-05-15 20:30:52] Forecast duration: 2020-06-25 00:00:00 to 2020-06-26 00:00:00
[2026-05-15 20:30:53] Number of forecast images: 24
[2026-05-15 20:30:53] Using forecast run: 2020-06-24 18:00:00 UTC
[2026-05-15 20:30:54] Forecast Rain Available hours: [6, 7, 8, 9, 10, 11, 12, 13, 14, 15, 16, 17, 18, 19, 20, 21, 22, 23, 24, 25, 26, 27, 28, 29]
[2026-05-15 20:30:54] Valid hours for sum: [12, 18, 24, 29]
[2026-05-15 20:30:55] Drought composite end date: 2020-06-23 06:00:00
[2026-05-15 20:30:56] Land cover year: 2019
[2026-05-15 20:30:56] VIIRS Veg composite: 2020-05-16 → 2020-06-01
[2026-05-15 20:31:00] Started export task: fire_85_dynamic_2020-06-24
[2026-05-15 20:31:01] ------ Processing date=2020-06-25 ------
[2026-05-15 20:31:01] Using viirs_af_path: viirs_af_path
[2026-05-15 20:31:01] VIIRS Image Date: ['2020-06-25 00:00:00']
[2026-05-15 20:31:01] Weather image size: 1
[2026-05-15 20:31:01] Forecast duration: 2020-06-26 00:00:00 to 2020-06-27 00:00:00
[2026-05-15 20:31:02] Number of forecast images: 24
[2026-05-15 20:31:02] Using forecast run: 2020-06-25 18:00:00 UTC
[2026-05-15 20:31:03] Forecast Rain Available hours: [6, 7, 8, 9, 10, 11, 12, 13, 14, 15, 16, 17, 18, 19, 20, 21, 22, 23, 24, 25, 26, 27, 28, 29]
[2026-05-15 20:31:03] Valid hours for sum: [12, 18, 24, 29]
[2026-05-15 20:31:04] Drought composite end date: 2020-06-23 06:00:00
[2026-05-15 20:31:05] Land cover year: 2019
[2026-05-15 20:31:05] VIIRS Veg composite: 2020-05-16 → 2020-06-01
[2026-05-15 20:31:08] Started export task: fire_85_dynamic_2020-06-25
[2026-05-15 20:31:09] ------ Processing date=2020-06-26 ------
[2026-05-15 20:31:09] Using viirs_af_path: viirs_af_path
[2026-05-15 20:31:09] VIIRS Image Date: ['2020-06-26 00:00:00']
[2026-05-15 20:31:09] Weather image size: 1
[2026-05-15 20:31:09] Forecast duration: 2020-06-27 00:00:00 to 2020-06-28 00:00:00
[2026-05-15 20:31:10] Number of forecast images: 24
[2026-05-15 20:31:10] Using forecast run: 2020-06-26 18:00:00 UTC
[2026-05-15 20:31:10] Forecast Rain Available hours: [6, 7, 8, 9, 10, 11, 12, 13, 14, 15, 16, 17, 18, 19, 20, 21, 22, 23, 24, 25, 26, 27, 28, 29]
[2026-05-15 20:31:10] Valid hours for sum: [12, 18, 24, 29]
[2026-05-15 20:31:13] Drought composite end date: 2020-06-23 06:00:00
[2026-05-15 20:31:13] Land cover year: 2019
[2026-05-15 20:31:14] VIIRS Veg composite: 2020-05-16 → 2020-06-01
[2026-05-15 20:31:19] Started export task: fire_85_dynamic_2020-06-26
[2026-05-15 20:31:19] ------ Processing date=2020-06-27 ------
[2026-05-15 20:31:19] Using viirs_af_path: viirs_af_path
[2026-05-15 20:31:19] VIIRS Image Date: ['2020-06-27 00:00:00']
[2026-05-15 20:31:19] Weather image size: 1
[2026-05-15 20:31:19] Forecast duration: 2020-06-28 00:00:00 to 2020-06-29 00:00:00
[2026-05-15 20:31:20] Number of forecast images: 24
[2026-05-15 20:31:20] Using forecast run: 2020-06-27 18:00:00 UTC
[2026-05-15 20:31:21] Forecast Rain Available hours: [6, 7, 8, 9, 10, 11, 12, 13, 14, 15, 16, 17, 18, 19, 20, 21, 22, 23, 24, 25, 26, 27, 28, 29]
[2026-05-15 20:31:21] Valid hours for sum: [12, 18, 24, 29]
[2026-05-15 20:31:23] Drought composite end date: 2020-06-23 06:00:00
[2026-05-15 20:31:23] Land cover year: 2019
[2026-05-15 20:31:24] VIIRS Veg composite: 2020-05-16 → 2020-06-01
[2026-05-15 20:31:29] Started export task: fire_85_dynamic_2020-06-27
[2026-05-15 20:31:30] ------ Processing date=2020-06-28 ------
[2026-05-15 20:31:30] Using viirs_af_path: viirs_af_path
[2026-05-15 20:31:30] VIIRS Image Date: ['2020-06-28 00:00:00']
[2026-05-15 20:31:30] Weather image size: 1
[2026-05-15 20:31:30] Forecast duration: 2020-06-29 00:00:00 to 2020-06-30 00:00:00
[2026-05-15 20:31:32] Number of forecast images: 24
[2026-05-15 20:31:32] Using forecast run: 2020-06-28 18:00:00 UTC
[2026-05-15 20:31:32] Forecast Rain Available hours: [6, 7, 8, 9, 10, 11, 12, 13, 14, 15, 16, 17, 18, 19, 20, 21, 22, 23, 24, 25, 26, 27, 28, 29]
[2026-05-15 20:31:32] Valid hours for sum: [12, 18, 24, 29]
[2026-05-15 20:31:34] Drought composite end date: 2020-06-23 06:00:00
[2026-05-15 20:31:34] Land cover year: 2019
[2026-05-15 20:31:35] VIIRS Veg composite: 2020-05-16 → 2020-06-01
[2026-05-15 20:31:39] Started export task: fire_85_dynamic_2020-06-28
[2026-05-15 20:31:40] ------ Processing date=2020-06-29 ------
[2026-05-15 20:31:40] Using viirs_af_path: viirs_af_path
[2026-05-15 20:31:40] VIIRS Image Date: ['2020-06-29 00:00:00']
[2026-05-15 20:31:40] Weather image size: 1
[2026-05-15 20:31:40] Forecast duration: 2020-06-30 00:00:00 to 2020-07-01 00:00:00
[2026-05-15 20:31:41] Number of forecast images: 24
[2026-05-15 20:31:41] Using forecast run: 2020-06-29 18:00:00 UTC
[2026-05-15 20:31:42] Forecast Rain Available hours: [6, 7, 8, 9, 10, 11, 12, 13, 14, 15, 16, 17, 18, 19, 20, 21, 22, 23, 24, 25, 26, 27, 28, 29]
[2026-05-15 20:31:42] Valid hours for sum: [12, 18, 24, 29]
[2026-05-15 20:31:44] Drought composite end date: 2020-06-28 06:00:00
[2026-05-15 20:31:45] Land cover year: 2019
[2026-05-15 20:31:45] VIIRS Veg composite: 2020-05-16 → 2020-06-01
[2026-05-15 20:31:49] Started export task: fire_85_dynamic_2020-06-29
[2026-05-15 20:31:50] ------ Processing date=2020-06-30 ------
[2026-05-15 20:31:50] Using viirs_af_path: viirs_af_path
[2026-05-15 20:31:50] VIIRS Image Date: ['2020-06-30 00:00:00']
[2026-05-15 20:31:51] Weather image size: 1
[2026-05-15 20:31:51] Forecast duration: 2020-07-01 00:00:00 to 2020-07-02 00:00:00
[2026-05-15 20:31:51] Number of forecast images: 24
[2026-05-15 20:31:51] Using forecast run: 2020-06-30 18:00:00 UTC
[2026-05-15 20:31:52] Forecast Rain Available hours: [6, 7, 8, 9, 10, 11, 12, 13, 14, 15, 16, 17, 18, 19, 20, 21, 22, 23, 24, 25, 26, 27, 28, 29]
[2026-05-15 20:31:52] Valid hours for sum: [12, 18, 24, 29]
[2026-05-15 20:31:54] Drought composite end date: 2020-06-28 06:00:00
[2026-05-15 20:31:54] Land cover year: 2019
[2026-05-15 20:31:55] VIIRS Veg composite: 2020-05-16 → 2020-06-01
[2026-05-15 20:31:59] Started export task: fire_85_dynamic_2020-06-30
[2026-05-15 20:32:00] ------ Processing date=2020-07-01 ------
[2026-05-15 20:32:00] Using viirs_af_path: viirs_af_path
[2026-05-15 20:32:00] VIIRS Image Date: ['2020-07-01 00:00:00']
[2026-05-15 20:32:00] Weather image size: 1
[2026-05-15 20:32:00] Forecast duration: 2020-07-02 00:00:00 to 2020-07-03 00:00:00
[2026-05-15 20:32:01] Number of forecast images: 24
[2026-05-15 20:32:01] Using forecast run: 2020-07-01 18:00:00 UTC
[2026-05-15 20:32:01] Forecast Rain Available hours: [6, 7, 8, 9, 10, 11, 12, 13, 14, 15, 16, 17, 18, 19, 20, 21, 22, 23, 24, 25, 26, 27, 28, 29]
[2026-05-15 20:32:01] Valid hours for sum: [12, 18, 24, 29]
[2026-05-15 20:32:04] Drought composite end date: 2020-06-28 06:00:00
[2026-05-15 20:32:05] Land cover year: 2019
[2026-05-15 20:32:05] VIIRS Veg composite: 2020-05-16 → 2020-06-01
[2026-05-15 20:32:09] Started export task: fire_85_dynamic_2020-07-01
[2026-05-15 20:32:09] ------ Processing date=2020-07-02 ------
[2026-05-15 20:32:09] Using viirs_af_path: viirs_af_path
[2026-05-15 20:32:09] VIIRS Image Date: ['2020-07-02 00:00:00']
[2026-05-15 20:32:10] Weather image size: 1
[2026-05-15 20:32:10] Forecast duration: 2020-07-03 00:00:00 to 2020-07-04 00:00:00
[2026-05-15 20:32:11] Number of forecast images: 24
[2026-05-15 20:32:11] Using forecast run: 2020-07-02 18:00:00 UTC
[2026-05-15 20:32:11] Forecast Rain Available hours: [6, 7, 8, 9, 10, 11, 12, 13, 14, 15, 16, 17, 18, 19, 20, 21, 22, 23, 24, 25, 26, 27, 28, 29]
[2026-05-15 20:32:11] Valid hours for sum: [12, 18, 24, 29]
[2026-05-15 20:32:13] Drought composite end date: 2020-06-28 06:00:00
[2026-05-15 20:32:14] Land cover year: 2019
[2026-05-15 20:32:15] VIIRS Veg composite: 2020-05-16 → 2020-06-01
[2026-05-15 20:32:19] Started export task: fire_85_dynamic_2020-07-02
[2026-05-15 20:32:19] ------ Processing date=2020-07-03 ------
[2026-05-15 20:32:19] Using viirs_af_path: viirs_af_path
[2026-05-15 20:32:20] VIIRS Image Date: ['2020-07-03 00:00:00']
[2026-05-15 20:32:20] Weather image size: 1
[2026-05-15 20:32:20] Forecast duration: 2020-07-04 00:00:00 to 2020-07-05 00:00:00
[2026-05-15 20:32:21] Number of forecast images: 24
[2026-05-15 20:32:21] Using forecast run: 2020-07-03 18:00:00 UTC
[2026-05-15 20:32:21] Forecast Rain Available hours: [6, 7, 8, 9, 10, 11, 12, 13, 14, 15, 16, 17, 18, 19, 20, 21, 22, 23, 24, 25, 26, 27, 28, 29]
[2026-05-15 20:32:21] Valid hours for sum: [12, 18, 24, 29]
[2026-05-15 20:32:23] Drought composite end date: 2020-06-28 06:00:00
[2026-05-15 20:32:23] Land cover year: 2019
[2026-05-15 20:32:24] VIIRS Veg composite: 2020-05-16 → 2020-06-01
[2026-05-15 20:32:28] Started export task: fire_85_dynamic_2020-07-03
[2026-05-15 20:32:29] ------ Processing date=2020-07-04 ------
[2026-05-15 20:32:29] Using viirs_af_path: viirs_af_path
[2026-05-15 20:32:29] VIIRS Image Date: ['2020-07-04 00:00:00']
[2026-05-15 20:32:29] Weather image size: 1
[2026-05-15 20:32:29] Forecast duration: 2020-07-05 00:00:00 to 2020-07-06 00:00:00
[2026-05-15 20:32:30] Number of forecast images: 24
[2026-05-15 20:32:30] Using forecast run: 2020-07-04 18:00:00 UTC
[2026-05-15 20:32:31] Forecast Rain Available hours: [6, 7, 8, 9, 10, 11, 12, 13, 14, 15, 16, 17, 18, 19, 20, 21, 22, 23, 24, 25, 26, 27, 28, 29]
[2026-05-15 20:32:31] Valid hours for sum: [12, 18, 24, 29]
[2026-05-15 20:32:32] Drought composite end date: 2020-07-03 06:00:00
[2026-05-15 20:32:32] Land cover year: 2019
[2026-05-15 20:32:33] VIIRS Veg composite: 2020-05-16 → 2020-06-01
[2026-05-15 20:32:38] Started export task: fire_85_dynamic_2020-07-04
[2026-05-15 20:32:38] ------ Processing date=2020-07-05 ------
[2026-05-15 20:32:38] Using viirs_af_path: viirs_af_path
[2026-05-15 20:32:38] VIIRS Image Date: ['2020-07-05 00:00:00']
[2026-05-15 20:32:38] Weather image size: 1
[2026-05-15 20:32:38] Forecast duration: 2020-07-06 00:00:00 to 2020-07-07 00:00:00
[2026-05-15 20:32:39] Number of forecast images: 24
[2026-05-15 20:32:39] Using forecast run: 2020-07-05 18:00:00 UTC
[2026-05-15 20:32:39] Forecast Rain Available hours: [6, 7, 8, 9, 10, 11, 12, 13, 14, 15, 16, 17, 18, 19, 20, 21, 22, 23, 24, 25, 26, 27, 28, 29]
[2026-05-15 20:32:39] Valid hours for sum: [12, 18, 24, 29]
[2026-05-15 20:32:41] Drought composite end date: 2020-07-03 06:00:00
[2026-05-15 20:32:41] Land cover year: 2019
[2026-05-15 20:32:42] VIIRS Veg composite: 2020-05-16 → 2020-06-01
[2026-05-15 20:32:46] Started export task: fire_85_dynamic_2020-07-05
[2026-05-15 20:32:47] ------ Processing date=2020-07-06 ------
[2026-05-15 20:32:47] Using viirs_af_path: viirs_af_path
[2026-05-15 20:32:47] VIIRS Image Date: ['2020-07-06 00:00:00']
[2026-05-15 20:32:47] Weather image size: 1
[2026-05-15 20:32:47] Forecast duration: 2020-07-07 00:00:00 to 2020-07-08 00:00:00
[2026-05-15 20:32:48] Number of forecast images: 24
[2026-05-15 20:32:48] Using forecast run: 2020-07-06 18:00:00 UTC
[2026-05-15 20:32:49] Forecast Rain Available hours: [6, 7, 8, 9, 10, 11, 12, 13, 14, 15, 16, 17, 18, 19, 20, 21, 22, 23, 24, 25, 26, 27, 28, 29]
[2026-05-15 20:32:49] Valid hours for sum: [12, 18, 24, 29]
[2026-05-15 20:32:51] Drought composite end date: 2020-07-03 06:00:00
[2026-05-15 20:32:51] Land cover year: 2019
[2026-05-15 20:32:52] VIIRS Veg composite: 2020-05-16 → 2020-06-01
[2026-05-15 20:32:55] Started export task: fire_85_dynamic_2020-07-06
[2026-05-15 20:32:55] ------ Processing date=2020-07-07 ------
[2026-05-15 20:32:55] Using viirs_af_path: viirs_af_path
[2026-05-15 20:32:56] VIIRS Image Date: ['2020-07-07 00:00:00']
[2026-05-15 20:32:56] Weather image size: 1
[2026-05-15 20:32:56] Forecast duration: 2020-07-08 00:00:00 to 2020-07-09 00:00:00
[2026-05-15 20:32:57] Number of forecast images: 24
[2026-05-15 20:32:57] Using forecast run: 2020-07-07 18:00:00 UTC
[2026-05-15 20:32:57] Forecast Rain Available hours: [6, 7, 8, 9, 10, 11, 12, 13, 14, 15, 16, 17, 18, 19, 20, 21, 22, 23, 24, 25, 26, 27, 28, 29]
[2026-05-15 20:32:57] Valid hours for sum: [12, 18, 24, 29]
[2026-05-15 20:32:59] Drought composite end date: 2020-07-03 06:00:00
[2026-05-15 20:33:00] Land cover year: 2019
[2026-05-15 20:33:01] VIIRS Veg composite: 2020-05-16 → 2020-06-01
[2026-05-15 20:33:04] Started export task: fire_85_dynamic_2020-07-07
[2026-05-15 20:33:04] ------ Processing date=2020-07-08 ------
[2026-05-15 20:33:04] Using viirs_af_path: viirs_af_path
[2026-05-15 20:33:05] VIIRS Image Date: ['2020-07-08 00:00:00']
[2026-05-15 20:33:05] Weather image size: 1
[2026-05-15 20:33:05] Forecast duration: 2020-07-09 00:00:00 to 2020-07-10 00:00:00
[2026-05-15 20:33:06] Number of forecast images: 24
[2026-05-15 20:33:06] Using forecast run: 2020-07-08 18:00:00 UTC
[2026-05-15 20:33:06] Forecast Rain Available hours: [6, 7, 8, 9, 10, 11, 12, 13, 14, 15, 16, 17, 18, 19, 20, 21, 22, 23, 24, 25, 26, 27, 28, 29]
[2026-05-15 20:33:06] Valid hours for sum: [12, 18, 24, 29]
[2026-05-15 20:33:08] Drought composite end date: 2020-07-03 06:00:00
[2026-05-15 20:33:08] Land cover year: 2019
[2026-05-15 20:33:09] VIIRS Veg composite: 2020-05-16 → 2020-06-01
[2026-05-15 20:33:13] Started export task: fire_85_dynamic_2020-07-08
[2026-05-15 20:33:13] ------ Processing date=2020-07-09 ------
[2026-05-15 20:33:13] Using viirs_af_path: viirs_af_path
[2026-05-15 20:33:13] VIIRS Image Date: ['2020-07-09 00:00:00']
[2026-05-15 20:33:13] Weather image size: 1
[2026-05-15 20:33:13] Forecast duration: 2020-07-10 00:00:00 to 2020-07-11 00:00:00
[2026-05-15 20:33:15] Number of forecast images: 24
[2026-05-15 20:33:15] Using forecast run: 2020-07-09 18:00:00 UTC
[2026-05-15 20:33:15] Forecast Rain Available hours: [6, 7, 8, 9, 10, 11, 12, 13, 14, 15, 16, 17, 18, 19, 20, 21, 22, 23, 24, 25, 26, 27, 28, 29]
[2026-05-15 20:33:15] Valid hours for sum: [12, 18, 24, 29]
[2026-05-15 20:33:16] Drought composite end date: 2020-07-08 06:00:00
[2026-05-15 20:33:16] Land cover year: 2019
[2026-05-15 20:33:17] VIIRS Veg composite: 2020-05-16 → 2020-06-01
[2026-05-15 20:33:21] Started export task: fire_85_dynamic_2020-07-09
[2026-05-15 20:33:22] ------ Processing date=2020-07-10 ------
[2026-05-15 20:33:22] Using viirs_af_path: viirs_af_path
[2026-05-15 20:33:22] VIIRS Image Date: ['2020-07-10 00:00:00']
[2026-05-15 20:33:22] Weather image size: 1
[2026-05-15 20:33:22] Forecast duration: 2020-07-11 00:00:00 to 2020-07-12 00:00:00
[2026-05-15 20:33:24] Number of forecast images: 24
[2026-05-15 20:33:24] Using forecast run: 2020-07-10 18:00:00 UTC
[2026-05-15 20:33:24] Forecast Rain Available hours: [6, 7, 8, 9, 10, 11, 12, 13, 14, 15, 16, 17, 18, 19, 20, 21, 22, 23, 24, 25, 26, 27, 28, 29]
[2026-05-15 20:33:24] Valid hours for sum: [12, 18, 24, 29]
[2026-05-15 20:33:26] Drought composite end date: 2020-07-08 06:00:00
[2026-05-15 20:33:27] Land cover year: 2019
[2026-05-15 20:33:28] VIIRS Veg composite: 2020-05-16 → 2020-06-01
[2026-05-15 20:33:32] Started export task: fire_85_dynamic_2020-07-10
[2026-05-15 20:33:33] ------ Processing date=2020-07-11 ------
[2026-05-15 20:33:33] Using viirs_af_path: viirs_af_path
[2026-05-15 20:33:33] VIIRS Image Date: ['2020-07-11 00:00:00']
[2026-05-15 20:33:34] Weather image size: 1
[2026-05-15 20:33:34] Forecast duration: 2020-07-12 00:00:00 to 2020-07-13 00:00:00
[2026-05-15 20:33:35] Number of forecast images: 24
[2026-05-15 20:33:35] Using forecast run: 2020-07-11 18:00:00 UTC
[2026-05-15 20:33:36] Forecast Rain Available hours: [6, 7, 8, 9, 10, 11, 12, 13, 14, 15, 16, 17, 18, 19, 20, 21, 22, 23, 24, 25, 26, 27, 28, 29]
[2026-05-15 20:33:36] Valid hours for sum: [12, 18, 24, 29]
[2026-05-15 20:33:38] Drought composite end date: 2020-07-08 06:00:00
[2026-05-15 20:33:38] Land cover year: 2019
[2026-05-15 20:33:39] VIIRS Veg composite: 2020-05-16 → 2020-06-01
[2026-05-15 20:33:43] Started export task: fire_85_dynamic_2020-07-11
[2026-05-15 20:33:44] END: ----------Event fire_85----------- (Duration: 7.06m)
[2026-05-15 20:33:44] START: ----------Event fire_86-----------
[2026-05-15 20:33:44] ------ Processing date=2020-05-30 ------
[2026-05-15 20:33:44] Using viirs_af_path: viirs_af_path
[2026-05-15 20:33:44] VIIRS Image Date: ['2020-05-30 00:00:00']
[2026-05-15 20:33:44] Weather image size: 1
[2026-05-15 20:33:44] Forecast duration: 2020-05-31 00:00:00 to 2020-06-01 00:00:00
[2026-05-15 20:33:45] Number of forecast images: 24
[2026-05-15 20:33:45] Using forecast run: 2020-05-30 18:00:00 UTC
[2026-05-15 20:33:46] Forecast Rain Available hours: [6, 7, 8, 9, 10, 11, 12, 13, 14, 15, 16, 17, 18, 19, 20, 21, 22, 23, 24, 25, 26, 27, 28, 29]
[2026-05-15 20:33:46] Valid hours for sum: [12, 18, 24, 29]
[2026-05-15 20:33:47] Drought composite end date: 2020-05-29 06:00:00
[2026-05-15 20:33:47] Land cover year: 2019
[2026-05-15 20:33:48] VIIRS Veg composite: 2020-05-16 → 2020-06-01
[2026-05-15 20:33:52] Started export task: fire_86_static
[2026-05-15 20:33:52] Started export task: fire_86_dynamic_2020-05-30
[2026-05-15 20:33:53] ------ Processing date=2020-05-31 ------
[2026-05-15 20:33:53] Using viirs_af_path: viirs_af_path
[2026-05-15 20:33:53] VIIRS Image Date: ['2020-05-31 00:00:00']
[2026-05-15 20:33:53] Weather image size: 1
[2026-05-15 20:33:53] Forecast duration: 2020-06-01 00:00:00 to 2020-06-02 00:00:00
[2026-05-15 20:33:54] Number of forecast images: 24
[2026-05-15 20:33:54] Using forecast run: 2020-05-31 18:00:00 UTC
[2026-05-15 20:33:55] Forecast Rain Available hours: [6, 7, 8, 9, 10, 11, 12, 13, 14, 15, 16, 17, 18, 19, 20, 21, 22, 23, 24, 25, 26, 27, 28, 29]
[2026-05-15 20:33:55] Valid hours for sum: [12, 18, 24, 29]
[2026-05-15 20:33:56] Drought composite end date: 2020-05-29 06:00:00
[2026-05-15 20:33:56] Land cover year: 2019
[2026-05-15 20:33:57] VIIRS Veg composite: 2020-05-16 → 2020-06-01
[2026-05-15 20:34:01] Started export task: fire_86_dynamic_2020-05-31
[2026-05-15 20:34:01] ------ Processing date=2020-06-01 ------
[2026-05-15 20:34:01] Using viirs_af_path: viirs_af_path
[2026-05-15 20:34:01] VIIRS Image Date: ['2020-06-01 00:00:00']
[2026-05-15 20:34:01] Weather image size: 1
[2026-05-15 20:34:01] Forecast duration: 2020-06-02 00:00:00 to 2020-06-03 00:00:00
[2026-05-15 20:34:02] Number of forecast images: 24
[2026-05-15 20:34:02] Using forecast run: 2020-06-01 18:00:00 UTC
[2026-05-15 20:34:03] Forecast Rain Available hours: [6, 7, 8, 9, 10, 11, 12, 13, 14, 15, 16, 17, 18, 19, 20, 21, 22, 23, 24, 25, 26, 27, 28, 29]
[2026-05-15 20:34:03] Valid hours for sum: [12, 18, 24, 29]
[2026-05-15 20:34:05] Drought composite end date: 2020-05-29 06:00:00
[2026-05-15 20:34:05] Land cover year: 2019
[2026-05-15 20:34:06] VIIRS Veg composite: 2020-05-16 → 2020-06-01
[2026-05-15 20:34:10] Started export task: fire_86_dynamic_2020-06-01
[2026-05-15 20:34:11] ------ Processing date=2020-06-02 ------
[2026-05-15 20:34:11] Using viirs_af_path: viirs_af_path
[2026-05-15 20:34:11] VIIRS Image Date: ['2020-06-02 00:00:00']
[2026-05-15 20:34:11] Weather image size: 1
[2026-05-15 20:34:11] Forecast duration: 2020-06-03 00:00:00 to 2020-06-04 00:00:00
[2026-05-15 20:34:12] Number of forecast images: 24
[2026-05-15 20:34:12] Using forecast run: 2020-06-02 18:00:00 UTC
[2026-05-15 20:34:13] Forecast Rain Available hours: [6, 7, 8, 9, 10, 11, 12, 13, 14, 15, 16, 17, 18, 19, 20, 21, 22, 23, 24, 25, 26, 27, 28, 29]
[2026-05-15 20:34:13] Valid hours for sum: [12, 18, 24, 29]
[2026-05-15 20:34:15] Drought composite end date: 2020-05-29 06:00:00
[2026-05-15 20:34:15] Land cover year: 2019
[2026-05-15 20:34:16] VIIRS Veg composite: 2020-05-16 → 2020-06-01
[2026-05-15 20:34:20] Started export task: fire_86_dynamic_2020-06-02
[2026-05-15 20:34:21] ------ Processing date=2020-06-03 ------
[2026-05-15 20:34:21] Using viirs_af_path: viirs_af_path
[2026-05-15 20:34:22] VIIRS Image Date: ['2020-06-03 00:00:00']
[2026-05-15 20:34:22] Weather image size: 1
[2026-05-15 20:34:22] Forecast duration: 2020-06-04 00:00:00 to 2020-06-05 00:00:00
[2026-05-15 20:34:23] Number of forecast images: 24
[2026-05-15 20:34:23] Using forecast run: 2020-06-03 18:00:00 UTC
[2026-05-15 20:34:23] Forecast Rain Available hours: [6, 7, 8, 9, 10, 11, 12, 13, 14, 15, 16, 17, 18, 19, 20, 21, 22, 23, 24, 25, 26, 27, 28, 29]
[2026-05-15 20:34:23] Valid hours for sum: [12, 18, 24, 29]
[2026-05-15 20:34:25] Drought composite end date: 2020-05-29 06:00:00
[2026-05-15 20:34:26] Land cover year: 2019
[2026-05-15 20:34:27] VIIRS Veg composite: 2020-05-16 → 2020-06-01
[2026-05-15 20:34:30] Started export task: fire_86_dynamic_2020-06-03
[2026-05-15 20:34:31] ------ Processing date=2020-06-04 ------
[2026-05-15 20:34:31] Using viirs_af_path: viirs_af_path
[2026-05-15 20:34:31] VIIRS Image Date: ['2020-06-04 00:00:00']
[2026-05-15 20:34:31] Weather image size: 1
[2026-05-15 20:34:31] Forecast duration: 2020-06-05 00:00:00 to 2020-06-06 00:00:00
[2026-05-15 20:34:32] Number of forecast images: 24
[2026-05-15 20:34:32] Using forecast run: 2020-06-04 18:00:00 UTC
[2026-05-15 20:34:32] Forecast Rain Available hours: [6, 7, 8, 9, 10, 11, 12, 13, 14, 15, 16, 17, 18, 19, 20, 21, 22, 23, 24, 25, 26, 27, 28, 29]
[2026-05-15 20:34:32] Valid hours for sum: [12, 18, 24, 29]
[2026-05-15 20:34:34] Drought composite end date: 2020-06-03 06:00:00
[2026-05-15 20:34:34] Land cover year: 2019
[2026-05-15 20:34:35] VIIRS Veg composite: 2020-05-16 → 2020-06-01
[2026-05-15 20:34:40] Started export task: fire_86_dynamic_2020-06-04
[2026-05-15 20:34:40] ------ Processing date=2020-06-05 ------
[2026-05-15 20:34:40] Using viirs_af_path: viirs_af_path
[2026-05-15 20:34:41] VIIRS Image Date: ['2020-06-05 00:00:00']
[2026-05-15 20:34:41] Weather image size: 1
[2026-05-15 20:34:41] Forecast duration: 2020-06-06 00:00:00 to 2020-06-07 00:00:00
[2026-05-15 20:34:42] Number of forecast images: 24
[2026-05-15 20:34:42] Using forecast run: 2020-06-05 18:00:00 UTC
[2026-05-15 20:34:42] Forecast Rain Available hours: [6, 7, 8, 9, 10, 11, 12, 13, 14, 15, 16, 17, 18, 19, 20, 21, 22, 23, 24, 25, 26, 27, 28, 29]
[2026-05-15 20:34:42] Valid hours for sum: [12, 18, 24, 29]
[2026-05-15 20:34:45] Drought composite end date: 2020-06-03 06:00:00
[2026-05-15 20:34:45] Land cover year: 2019
[2026-05-15 20:34:46] VIIRS Veg composite: 2020-05-16 → 2020-06-01
[2026-05-15 20:34:51] Started export task: fire_86_dynamic_2020-06-05
[2026-05-15 20:34:51] ------ Processing date=2020-06-06 ------
[2026-05-15 20:34:51] Using viirs_af_path: viirs_af_path
[2026-05-15 20:34:52] VIIRS Image Date: ['2020-06-06 00:00:00']
[2026-05-15 20:34:52] Weather image size: 1
[2026-05-15 20:34:52] Forecast duration: 2020-06-07 00:00:00 to 2020-06-08 00:00:00
[2026-05-15 20:34:53] Number of forecast images: 24
[2026-05-15 20:34:53] Using forecast run: 2020-06-06 18:00:00 UTC
[2026-05-15 20:34:53] Forecast Rain Available hours: [6, 7, 8, 9, 10, 11, 12, 13, 14, 15, 16, 17, 18, 19, 20, 21, 22, 23, 24, 25, 26, 27, 28, 29]
[2026-05-15 20:34:53] Valid hours for sum: [12, 18, 24, 29]
[2026-05-15 20:34:55] Drought composite end date: 2020-06-03 06:00:00
[2026-05-15 20:34:56] Land cover year: 2019
[2026-05-15 20:34:57] VIIRS Veg composite: 2020-05-16 → 2020-06-01
[2026-05-15 20:34:59] Started export task: fire_86_dynamic_2020-06-06
[2026-05-15 20:34:59] ------ Processing date=2020-06-07 ------
[2026-05-15 20:34:59] Using viirs_af_path: viirs_af_path
[2026-05-15 20:35:00] VIIRS Image Date: ['2020-06-07 00:00:00']
[2026-05-15 20:35:01] Weather image size: 1
[2026-05-15 20:35:01] Forecast duration: 2020-06-08 00:00:00 to 2020-06-09 00:00:00
[2026-05-15 20:35:02] Number of forecast images: 24
[2026-05-15 20:35:02] Using forecast run: 2020-06-07 18:00:00 UTC
[2026-05-15 20:35:02] Forecast Rain Available hours: [6, 7, 8, 9, 10, 11, 12, 13, 14, 15, 16, 17, 18, 19, 20, 21, 22, 23, 24, 25, 26, 27, 28, 29]
[2026-05-15 20:35:02] Valid hours for sum: [12, 18, 24, 29]
[2026-05-15 20:35:04] Drought composite end date: 2020-06-03 06:00:00
[2026-05-15 20:35:04] Land cover year: 2019
[2026-05-15 20:35:06] VIIRS Veg composite: 2020-05-16 → 2020-06-01
[2026-05-15 20:35:09] Started export task: fire_86_dynamic_2020-06-07
[2026-05-15 20:35:10] ------ Processing date=2020-06-08 ------
[2026-05-15 20:35:10] Using viirs_af_path: viirs_af_path
[2026-05-15 20:35:10] VIIRS Image Date: ['2020-06-08 00:00:00']
[2026-05-15 20:35:10] Weather image size: 1
[2026-05-15 20:35:10] Forecast duration: 2020-06-09 00:00:00 to 2020-06-10 00:00:00
[2026-05-15 20:35:11] Number of forecast images: 24
[2026-05-15 20:35:11] Using forecast run: 2020-06-08 18:00:00 UTC
[2026-05-15 20:35:12] Forecast Rain Available hours: [6, 7, 8, 9, 10, 11, 12, 13, 14, 15, 16, 17, 18, 19, 20, 21, 22, 23, 24, 25, 26, 27, 28, 29]
[2026-05-15 20:35:12] Valid hours for sum: [12, 18, 24, 29]
[2026-05-15 20:35:14] Drought composite end date: 2020-06-03 06:00:00
[2026-05-15 20:35:14] Land cover year: 2019
[2026-05-15 20:35:15] VIIRS Veg composite: 2020-05-16 → 2020-06-01
[2026-05-15 20:35:19] Started export task: fire_86_dynamic_2020-06-08
[2026-05-15 20:35:20] ------ Processing date=2020-06-09 ------
[2026-05-15 20:35:20] Using viirs_af_path: viirs_af_path
[2026-05-15 20:35:21] VIIRS Image Date: ['2020-06-09 00:00:00']
[2026-05-15 20:35:21] Weather image size: 1
[2026-05-15 20:35:21] Forecast duration: 2020-06-10 00:00:00 to 2020-06-11 00:00:00
[2026-05-15 20:35:22] Number of forecast images: 24
[2026-05-15 20:35:22] Using forecast run: 2020-06-09 18:00:00 UTC
[2026-05-15 20:35:22] Forecast Rain Available hours: [6, 7, 8, 9, 10, 11, 12, 13, 14, 15, 16, 17, 18, 19, 20, 21, 22, 23, 24, 25, 26, 27, 28, 29]
[2026-05-15 20:35:22] Valid hours for sum: [12, 18, 24, 29]
[2026-05-15 20:35:24] Drought composite end date: 2020-06-08 06:00:00
[2026-05-15 20:35:24] Land cover year: 2019
[2026-05-15 20:35:25] VIIRS Veg composite: 2020-05-16 → 2020-06-01
[2026-05-15 20:35:29] Started export task: fire_86_dynamic_2020-06-09
[2026-05-15 20:35:29] ------ Processing date=2020-06-10 ------
[2026-05-15 20:35:29] Using viirs_af_path: viirs_af_path
[2026-05-15 20:35:29] VIIRS Image Date: ['2020-06-10 00:00:00']
[2026-05-15 20:35:29] Weather image size: 1
[2026-05-15 20:35:29] Forecast duration: 2020-06-11 00:00:00 to 2020-06-12 00:00:00
[2026-05-15 20:35:30] Number of forecast images: 24
[2026-05-15 20:35:30] Using forecast run: 2020-06-10 18:00:00 UTC
[2026-05-15 20:35:31] Forecast Rain Available hours: [6, 7, 8, 9, 10, 11, 12, 13, 14, 15, 16, 17, 18, 19, 20, 21, 22, 23, 24, 25, 26, 27, 28, 29]
[2026-05-15 20:35:31] Valid hours for sum: [12, 18, 24, 29]
[2026-05-15 20:35:33] Drought composite end date: 2020-06-08 06:00:00
[2026-05-15 20:35:33] Land cover year: 2019
[2026-05-15 20:35:34] VIIRS Veg composite: 2020-05-16 → 2020-06-01
[2026-05-15 20:35:38] Started export task: fire_86_dynamic_2020-06-10
[2026-05-15 20:35:38] ------ Processing date=2020-06-11 ------
[2026-05-15 20:35:38] Using viirs_af_path: viirs_af_path
[2026-05-15 20:35:39] VIIRS Image Date: ['2020-06-11 00:00:00']
[2026-05-15 20:35:39] Weather image size: 1
[2026-05-15 20:35:39] Forecast duration: 2020-06-12 00:00:00 to 2020-06-13 00:00:00
[2026-05-15 20:35:40] Number of forecast images: 24
[2026-05-15 20:35:40] Using forecast run: 2020-06-11 18:00:00 UTC
[2026-05-15 20:35:40] Forecast Rain Available hours: [6, 7, 8, 9, 10, 11, 12, 13, 14, 15, 16, 17, 18, 19, 20, 21, 22, 23, 24, 25, 26, 27, 28, 29]
[2026-05-15 20:35:40] Valid hours for sum: [12, 18, 24, 29]
[2026-05-15 20:35:42] Drought composite end date: 2020-06-08 06:00:00
[2026-05-15 20:35:43] Land cover year: 2019
[2026-05-15 20:35:43] VIIRS Veg composite: 2020-05-16 → 2020-06-01
[2026-05-15 20:35:48] Started export task: fire_86_dynamic_2020-06-11
[2026-05-15 20:35:48] ------ Processing date=2020-06-12 ------
[2026-05-15 20:35:48] Using viirs_af_path: viirs_af_path
[2026-05-15 20:35:48] VIIRS Image Date: ['2020-06-12 00:00:00']
[2026-05-15 20:35:48] Weather image size: 1
[2026-05-15 20:35:48] Forecast duration: 2020-06-13 00:00:00 to 2020-06-14 00:00:00
[2026-05-15 20:35:50] Number of forecast images: 24
[2026-05-15 20:35:50] Using forecast run: 2020-06-12 18:00:00 UTC
[2026-05-15 20:35:50] Forecast Rain Available hours: [6, 7, 8, 9, 10, 11, 12, 13, 14, 15, 16, 17, 18, 19, 20, 21, 22, 23, 24, 25, 26, 27, 28, 29]
[2026-05-15 20:35:50] Valid hours for sum: [12, 18, 24, 29]
[2026-05-15 20:35:52] Drought composite end date: 2020-06-08 06:00:00
[2026-05-15 20:35:52] Land cover year: 2019
[2026-05-15 20:35:53] VIIRS Veg composite: 2020-05-16 → 2020-06-01
[2026-05-15 20:35:57] Started export task: fire_86_dynamic_2020-06-12
[2026-05-15 20:35:57] ------ Processing date=2020-06-13 ------
[2026-05-15 20:35:57] Using viirs_af_path: viirs_af_path
[2026-05-15 20:35:57] VIIRS Image Date: ['2020-06-13 00:00:00']
[2026-05-15 20:35:57] Weather image size: 1
[2026-05-15 20:35:57] Forecast duration: 2020-06-14 00:00:00 to 2020-06-15 00:00:00
[2026-05-15 20:35:58] Number of forecast images: 24
[2026-05-15 20:35:58] Using forecast run: 2020-06-13 18:00:00 UTC
[2026-05-15 20:35:59] Forecast Rain Available hours: [6, 7, 8, 9, 10, 11, 12, 13, 14, 15, 16, 17, 18, 19, 20, 21, 22, 23, 24, 25, 26, 27, 28, 29]
[2026-05-15 20:35:59] Valid hours for sum: [12, 18, 24, 29]
[2026-05-15 20:36:00] Drought composite end date: 2020-06-08 06:00:00
[2026-05-15 20:36:01] Land cover year: 2019
[2026-05-15 20:36:01] VIIRS Veg composite: 2020-05-16 → 2020-06-01
[2026-05-15 20:36:06] Started export task: fire_86_dynamic_2020-06-13
[2026-05-15 20:36:07] ------ Processing date=2020-06-14 ------
[2026-05-15 20:36:07] Using viirs_af_path: viirs_af_path
[2026-05-15 20:36:07] VIIRS Image Date: ['2020-06-14 00:00:00']
[2026-05-15 20:36:07] Weather image size: 1
[2026-05-15 20:36:07] Forecast duration: 2020-06-15 00:00:00 to 2020-06-16 00:00:00
[2026-05-15 20:36:08] Number of forecast images: 24
[2026-05-15 20:36:08] Using forecast run: 2020-06-14 18:00:00 UTC
[2026-05-15 20:36:08] Forecast Rain Available hours: [6, 7, 8, 9, 10, 11, 12, 13, 14, 15, 16, 17, 18, 19, 20, 21, 22, 23, 24, 25, 26, 27, 28, 29]
[2026-05-15 20:36:08] Valid hours for sum: [12, 18, 24, 29]
[2026-05-15 20:36:10] Drought composite end date: 2020-06-13 06:00:00
[2026-05-15 20:36:10] Land cover year: 2019
[2026-05-15 20:36:11] VIIRS Veg composite: 2020-05-16 → 2020-06-01
[2026-05-15 20:36:16] Started export task: fire_86_dynamic_2020-06-14
[2026-05-15 20:36:16] ------ Processing date=2020-06-15 ------
[2026-05-15 20:36:16] Using viirs_af_path: viirs_af_path
[2026-05-15 20:36:16] VIIRS Image Date: ['2020-06-15 00:00:00']
[2026-05-15 20:36:16] Weather image size: 1
[2026-05-15 20:36:16] Forecast duration: 2020-06-16 00:00:00 to 2020-06-17 00:00:00
[2026-05-15 20:36:17] Number of forecast images: 24
[2026-05-15 20:36:17] Using forecast run: 2020-06-15 18:00:00 UTC
[2026-05-15 20:36:18] Forecast Rain Available hours: [6, 7, 8, 9, 10, 11, 12, 13, 14, 15, 16, 17, 18, 19, 20, 21, 22, 23, 24, 25, 26, 27, 28, 29]
[2026-05-15 20:36:18] Valid hours for sum: [12, 18, 24, 29]
[2026-05-15 20:36:19] Drought composite end date: 2020-06-13 06:00:00
[2026-05-15 20:36:19] Land cover year: 2019
[2026-05-15 20:36:20] VIIRS Veg composite: 2020-05-16 → 2020-06-01
[2026-05-15 20:36:23] Started export task: fire_86_dynamic_2020-06-15
[2026-05-15 20:36:23] END: ----------Event fire_86----------- (Duration: 2.65m)
[2026-05-15 20:36:23] START: ----------Event fire_87-----------
[2026-05-15 20:36:23] ------ Processing date=2020-05-30 ------
[2026-05-15 20:36:23] Using viirs_af_path: viirs_af_path
[2026-05-15 20:36:24] VIIRS Image Date: ['2020-05-30 00:00:00']
[2026-05-15 20:36:24] Weather image size: 1
[2026-05-15 20:36:24] Forecast duration: 2020-05-31 00:00:00 to 2020-06-01 00:00:00
[2026-05-15 20:36:25] Number of forecast images: 24
[2026-05-15 20:36:25] Using forecast run: 2020-05-30 18:00:00 UTC
[2026-05-15 20:36:25] Forecast Rain Available hours: [6, 7, 8, 9, 10, 11, 12, 13, 14, 15, 16, 17, 18, 19, 20, 21, 22, 23, 24, 25, 26, 27, 28, 29]
[2026-05-15 20:36:25] Valid hours for sum: [12, 18, 24, 29]
[2026-05-15 20:36:28] Drought composite end date: 2020-05-29 06:00:00
[2026-05-15 20:36:28] Land cover year: 2019
[2026-05-15 20:36:29] VIIRS Veg composite: 2020-05-16 → 2020-06-01
[2026-05-15 20:36:33] Started export task: fire_87_static
[2026-05-15 20:36:33] Started export task: fire_87_dynamic_2020-05-30
[2026-05-15 20:36:34] ------ Processing date=2020-05-31 ------
[2026-05-15 20:36:34] Using viirs_af_path: viirs_af_path
[2026-05-15 20:36:34] VIIRS Image Date: ['2020-05-31 00:00:00']
[2026-05-15 20:36:34] Weather image size: 1
[2026-05-15 20:36:34] Forecast duration: 2020-06-01 00:00:00 to 2020-06-02 00:00:00
[2026-05-15 20:36:35] Number of forecast images: 24
[2026-05-15 20:36:35] Using forecast run: 2020-05-31 18:00:00 UTC
[2026-05-15 20:36:36] Forecast Rain Available hours: [6, 7, 8, 9, 10, 11, 12, 13, 14, 15, 16, 17, 18, 19, 20, 21, 22, 23, 24, 25, 26, 27, 28, 29]
[2026-05-15 20:36:36] Valid hours for sum: [12, 18, 24, 29]
[2026-05-15 20:36:38] Drought composite end date: 2020-05-29 06:00:00
[2026-05-15 20:36:38] Land cover year: 2019
[2026-05-15 20:36:39] VIIRS Veg composite: 2020-05-16 → 2020-06-01
[2026-05-15 20:36:44] Started export task: fire_87_dynamic_2020-05-31
[2026-05-15 20:36:44] ------ Processing date=2020-06-01 ------
[2026-05-15 20:36:44] Using viirs_af_path: viirs_af_path
[2026-05-15 20:36:44] VIIRS Image Date: ['2020-06-01 00:00:00']
[2026-05-15 20:36:45] Weather image size: 1
[2026-05-15 20:36:45] Forecast duration: 2020-06-02 00:00:00 to 2020-06-03 00:00:00
[2026-05-15 20:36:45] Number of forecast images: 24
[2026-05-15 20:36:45] Using forecast run: 2020-06-01 18:00:00 UTC
[2026-05-15 20:36:46] Forecast Rain Available hours: [6, 7, 8, 9, 10, 11, 12, 13, 14, 15, 16, 17, 18, 19, 20, 21, 22, 23, 24, 25, 26, 27, 28, 29]
[2026-05-15 20:36:46] Valid hours for sum: [12, 18, 24, 29]
[2026-05-15 20:36:48] Drought composite end date: 2020-05-29 06:00:00
[2026-05-15 20:36:48] Land cover year: 2019
[2026-05-15 20:36:49] VIIRS Veg composite: 2020-05-16 → 2020-06-01
[2026-05-15 20:36:54] Started export task: fire_87_dynamic_2020-06-01
[2026-05-15 20:36:54] ------ Processing date=2020-06-02 ------
[2026-05-15 20:36:54] Using viirs_af_path: viirs_af_path
[2026-05-15 20:36:54] VIIRS Image Date: ['2020-06-02 00:00:00']
[2026-05-15 20:36:55] Weather image size: 1
[2026-05-15 20:36:55] Forecast duration: 2020-06-03 00:00:00 to 2020-06-04 00:00:00
[2026-05-15 20:36:55] Number of forecast images: 24
[2026-05-15 20:36:55] Using forecast run: 2020-06-02 18:00:00 UTC
[2026-05-15 20:36:56] Forecast Rain Available hours: [6, 7, 8, 9, 10, 11, 12, 13, 14, 15, 16, 17, 18, 19, 20, 21, 22, 23, 24, 25, 26, 27, 28, 29]
[2026-05-15 20:36:56] Valid hours for sum: [12, 18, 24, 29]
[2026-05-15 20:36:59] Drought composite end date: 2020-05-29 06:00:00
[2026-05-15 20:36:59] Land cover year: 2019
[2026-05-15 20:37:00] VIIRS Veg composite: 2020-05-16 → 2020-06-01
[2026-05-15 20:37:05] Started export task: fire_87_dynamic_2020-06-02
[2026-05-15 20:37:05] ------ Processing date=2020-06-03 ------
[2026-05-15 20:37:05] Using viirs_af_path: viirs_af_path
[2026-05-15 20:37:05] VIIRS Image Date: ['2020-06-03 00:00:00']
[2026-05-15 20:37:06] Weather image size: 1
[2026-05-15 20:37:06] Forecast duration: 2020-06-04 00:00:00 to 2020-06-05 00:00:00
[2026-05-15 20:37:07] Number of forecast images: 24
[2026-05-15 20:37:07] Using forecast run: 2020-06-03 18:00:00 UTC
[2026-05-15 20:37:07] Forecast Rain Available hours: [6, 7, 8, 9, 10, 11, 12, 13, 14, 15, 16, 17, 18, 19, 20, 21, 22, 23, 24, 25, 26, 27, 28, 29]
[2026-05-15 20:37:07] Valid hours for sum: [12, 18, 24, 29]
[2026-05-15 20:37:10] Drought composite end date: 2020-05-29 06:00:00
[2026-05-15 20:37:10] Land cover year: 2019
[2026-05-15 20:37:11] VIIRS Veg composite: 2020-05-16 → 2020-06-01
[2026-05-15 20:37:16] Started export task: fire_87_dynamic_2020-06-03
[2026-05-15 20:37:17] ------ Processing date=2020-06-04 ------
[2026-05-15 20:37:17] Using viirs_af_path: viirs_af_path
[2026-05-15 20:37:17] VIIRS Image Date: ['2020-06-04 00:00:00']
[2026-05-15 20:37:17] Weather image size: 1
[2026-05-15 20:37:17] Forecast duration: 2020-06-05 00:00:00 to 2020-06-06 00:00:00
[2026-05-15 20:37:18] Number of forecast images: 24
[2026-05-15 20:37:18] Using forecast run: 2020-06-04 18:00:00 UTC
[2026-05-15 20:37:18] Forecast Rain Available hours: [6, 7, 8, 9, 10, 11, 12, 13, 14, 15, 16, 17, 18, 19, 20, 21, 22, 23, 24, 25, 26, 27, 28, 29]
[2026-05-15 20:37:18] Valid hours for sum: [12, 18, 24, 29]
[2026-05-15 20:37:21] Drought composite end date: 2020-06-03 06:00:00
[2026-05-15 20:37:21] Land cover year: 2019
[2026-05-15 20:37:22] VIIRS Veg composite: 2020-05-16 → 2020-06-01
[2026-05-15 20:37:28] Started export task: fire_87_dynamic_2020-06-04
[2026-05-15 20:37:29] ------ Processing date=2020-06-05 ------
[2026-05-15 20:37:29] Using viirs_af_path: viirs_af_path
[2026-05-15 20:37:29] VIIRS Image Date: ['2020-06-05 00:00:00']
[2026-05-15 20:37:29] Weather image size: 1
[2026-05-15 20:37:29] Forecast duration: 2020-06-06 00:00:00 to 2020-06-07 00:00:00
[2026-05-15 20:37:30] Number of forecast images: 24
[2026-05-15 20:37:30] Using forecast run: 2020-06-05 18:00:00 UTC
[2026-05-15 20:37:30] Forecast Rain Available hours: [6, 7, 8, 9, 10, 11, 12, 13, 14, 15, 16, 17, 18, 19, 20, 21, 22, 23, 24, 25, 26, 27, 28, 29]
[2026-05-15 20:37:30] Valid hours for sum: [12, 18, 24, 29]
[2026-05-15 20:37:33] Drought composite end date: 2020-06-03 06:00:00
[2026-05-15 20:37:33] Land cover year: 2019
[2026-05-15 20:37:34] VIIRS Veg composite: 2020-05-16 → 2020-06-01
[2026-05-15 20:37:38] Started export task: fire_87_dynamic_2020-06-05
[2026-05-15 20:37:38] ------ Processing date=2020-06-06 ------
[2026-05-15 20:37:38] Using viirs_af_path: viirs_af_path
[2026-05-15 20:37:39] VIIRS Image Date: ['2020-06-06 00:00:00']
[2026-05-15 20:37:39] Weather image size: 1
[2026-05-15 20:37:39] Forecast duration: 2020-06-07 00:00:00 to 2020-06-08 00:00:00
[2026-05-15 20:37:40] Number of forecast images: 24
[2026-05-15 20:37:40] Using forecast run: 2020-06-06 18:00:00 UTC
[2026-05-15 20:37:40] Forecast Rain Available hours: [6, 7, 8, 9, 10, 11, 12, 13, 14, 15, 16, 17, 18, 19, 20, 21, 22, 23, 24, 25, 26, 27, 28, 29]
[2026-05-15 20:37:40] Valid hours for sum: [12, 18, 24, 29]
[2026-05-15 20:37:42] Drought composite end date: 2020-06-03 06:00:00
[2026-05-15 20:37:42] Land cover year: 2019
[2026-05-15 20:37:44] VIIRS Veg composite: 2020-05-16 → 2020-06-01
[2026-05-15 20:37:47] Started export task: fire_87_dynamic_2020-06-06
[2026-05-15 20:37:47] ------ Processing date=2020-06-07 ------
[2026-05-15 20:37:47] Using viirs_af_path: viirs_af_path
[2026-05-15 20:37:47] VIIRS Image Date: ['2020-06-07 00:00:00']
[2026-05-15 20:37:48] Weather image size: 1
[2026-05-15 20:37:48] Forecast duration: 2020-06-08 00:00:00 to 2020-06-09 00:00:00
[2026-05-15 20:37:48] Number of forecast images: 24
[2026-05-15 20:37:48] Using forecast run: 2020-06-07 18:00:00 UTC
[2026-05-15 20:37:49] Forecast Rain Available hours: [6, 7, 8, 9, 10, 11, 12, 13, 14, 15, 16, 17, 18, 19, 20, 21, 22, 23, 24, 25, 26, 27, 28, 29]
[2026-05-15 20:37:49] Valid hours for sum: [12, 18, 24, 29]
[2026-05-15 20:37:51] Drought composite end date: 2020-06-03 06:00:00
[2026-05-15 20:37:51] Land cover year: 2019
[2026-05-15 20:37:52] VIIRS Veg composite: 2020-05-16 → 2020-06-01
[2026-05-15 20:37:57] Started export task: fire_87_dynamic_2020-06-07
[2026-05-15 20:37:58] ------ Processing date=2020-06-08 ------
[2026-05-15 20:37:58] Using viirs_af_path: viirs_af_path
[2026-05-15 20:37:58] VIIRS Image Date: ['2020-06-08 00:00:00']
[2026-05-15 20:37:58] Weather image size: 1
[2026-05-15 20:37:58] Forecast duration: 2020-06-09 00:00:00 to 2020-06-10 00:00:00
[2026-05-15 20:37:59] Number of forecast images: 24
[2026-05-15 20:37:59] Using forecast run: 2020-06-08 18:00:00 UTC
[2026-05-15 20:38:00] Forecast Rain Available hours: [6, 7, 8, 9, 10, 11, 12, 13, 14, 15, 16, 17, 18, 19, 20, 21, 22, 23, 24, 25, 26, 27, 28, 29]
[2026-05-15 20:38:00] Valid hours for sum: [12, 18, 24, 29]
[2026-05-15 20:38:02] Drought composite end date: 2020-06-03 06:00:00
[2026-05-15 20:38:02] Land cover year: 2019
[2026-05-15 20:38:03] VIIRS Veg composite: 2020-05-16 → 2020-06-01
[2026-05-15 20:38:07] Started export task: fire_87_dynamic_2020-06-08
[2026-05-15 20:38:08] ------ Processing date=2020-06-09 ------
[2026-05-15 20:38:08] Using viirs_af_path: viirs_af_path
[2026-05-15 20:38:08] VIIRS Image Date: ['2020-06-09 00:00:00']
[2026-05-15 20:38:08] Weather image size: 1
[2026-05-15 20:38:08] Forecast duration: 2020-06-10 00:00:00 to 2020-06-11 00:00:00
[2026-05-15 20:38:09] Number of forecast images: 24
[2026-05-15 20:38:09] Using forecast run: 2020-06-09 18:00:00 UTC
[2026-05-15 20:38:10] Forecast Rain Available hours: [6, 7, 8, 9, 10, 11, 12, 13, 14, 15, 16, 17, 18, 19, 20, 21, 22, 23, 24, 25, 26, 27, 28, 29]
[2026-05-15 20:38:10] Valid hours for sum: [12, 18, 24, 29]
[2026-05-15 20:38:12] Drought composite end date: 2020-06-08 06:00:00
[2026-05-15 20:38:12] Land cover year: 2019
[2026-05-15 20:38:13] VIIRS Veg composite: 2020-05-16 → 2020-06-01
[2026-05-15 20:38:18] Started export task: fire_87_dynamic_2020-06-09
[2026-05-15 20:38:19] ------ Processing date=2020-06-10 ------
[2026-05-15 20:38:19] Using viirs_af_path: viirs_af_path
[2026-05-15 20:38:19] VIIRS Image Date: ['2020-06-10 00:00:00']
[2026-05-15 20:38:19] Weather image size: 1
[2026-05-15 20:38:19] Forecast duration: 2020-06-11 00:00:00 to 2020-06-12 00:00:00
[2026-05-15 20:38:20] Number of forecast images: 24
[2026-05-15 20:38:20] Using forecast run: 2020-06-10 18:00:00 UTC
[2026-05-15 20:38:20] Forecast Rain Available hours: [6, 7, 8, 9, 10, 11, 12, 13, 14, 15, 16, 17, 18, 19, 20, 21, 22, 23, 24, 25, 26, 27, 28, 29]
[2026-05-15 20:38:20] Valid hours for sum: [12, 18, 24, 29]
[2026-05-15 20:38:23] Drought composite end date: 2020-06-08 06:00:00
[2026-05-15 20:38:23] Land cover year: 2019
[2026-05-15 20:38:24] VIIRS Veg composite: 2020-05-16 → 2020-06-01
[2026-05-15 20:38:28] Started export task: fire_87_dynamic_2020-06-10
[2026-05-15 20:38:28] ------ Processing date=2020-06-11 ------
[2026-05-15 20:38:28] Using viirs_af_path: viirs_af_path
[2026-05-15 20:38:28] VIIRS Image Date: ['2020-06-11 00:00:00']
[2026-05-15 20:38:29] Weather image size: 1
[2026-05-15 20:38:29] Forecast duration: 2020-06-12 00:00:00 to 2020-06-13 00:00:00
[2026-05-15 20:38:30] Number of forecast images: 24
[2026-05-15 20:38:30] Using forecast run: 2020-06-11 18:00:00 UTC
[2026-05-15 20:38:30] Forecast Rain Available hours: [6, 7, 8, 9, 10, 11, 12, 13, 14, 15, 16, 17, 18, 19, 20, 21, 22, 23, 24, 25, 26, 27, 28, 29]
[2026-05-15 20:38:30] Valid hours for sum: [12, 18, 24, 29]
[2026-05-15 20:38:33] Drought composite end date: 2020-06-08 06:00:00
[2026-05-15 20:38:33] Land cover year: 2019
[2026-05-15 20:38:34] VIIRS Veg composite: 2020-05-16 → 2020-06-01
[2026-05-15 20:38:38] Started export task: fire_87_dynamic_2020-06-11
[2026-05-15 20:38:39] END: ----------Event fire_87----------- (Duration: 2.26m)
[2026-05-15 20:38:39] START: ----------Event fire_88-----------
[2026-05-15 20:38:39] ------ Processing date=2020-06-01 ------
[2026-05-15 20:38:39] Using viirs_af_path: viirs_af_path
[2026-05-15 20:38:40] VIIRS Image Date: ['2020-06-01 00:00:00']
[2026-05-15 20:38:40] Weather image size: 1
[2026-05-15 20:38:40] Forecast duration: 2020-06-02 00:00:00 to 2020-06-03 00:00:00
[2026-05-15 20:38:41] Number of forecast images: 24
[2026-05-15 20:38:41] Using forecast run: 2020-06-01 18:00:00 UTC
[2026-05-15 20:38:41] Forecast Rain Available hours: [6, 7, 8, 9, 10, 11, 12, 13, 14, 15, 16, 17, 18, 19, 20, 21, 22, 23, 24, 25, 26, 27, 28, 29]
[2026-05-15 20:38:41] Valid hours for sum: [12, 18, 24, 29]
[2026-05-15 20:38:43] Drought composite end date: 2020-05-29 06:00:00
[2026-05-15 20:38:43] Land cover year: 2019
[2026-05-15 20:38:44] VIIRS Veg composite: 2020-05-16 → 2020-06-01
[2026-05-15 20:38:48] Started export task: fire_88_static
[2026-05-15 20:38:48] Started export task: fire_88_dynamic_2020-06-01
[2026-05-15 20:38:48] ------ Processing date=2020-06-02 ------
[2026-05-15 20:38:48] Using viirs_af_path: viirs_af_path
[2026-05-15 20:38:49] VIIRS Image Date: ['2020-06-02 00:00:00']
[2026-05-15 20:38:49] Weather image size: 1
[2026-05-15 20:38:49] Forecast duration: 2020-06-03 00:00:00 to 2020-06-04 00:00:00
[2026-05-15 20:38:50] Number of forecast images: 24
[2026-05-15 20:38:50] Using forecast run: 2020-06-02 18:00:00 UTC
[2026-05-15 20:38:50] Forecast Rain Available hours: [6, 7, 8, 9, 10, 11, 12, 13, 14, 15, 16, 17, 18, 19, 20, 21, 22, 23, 24, 25, 26, 27, 28, 29]
[2026-05-15 20:38:50] Valid hours for sum: [12, 18, 24, 29]
[2026-05-15 20:38:52] Drought composite end date: 2020-05-29 06:00:00
[2026-05-15 20:38:53] Land cover year: 2019
[2026-05-15 20:38:53] VIIRS Veg composite: 2020-05-16 → 2020-06-01
[2026-05-15 20:38:58] Started export task: fire_88_dynamic_2020-06-02
[2026-05-15 20:38:58] ------ Processing date=2020-06-03 ------
[2026-05-15 20:38:58] Using viirs_af_path: viirs_af_path
[2026-05-15 20:38:59] VIIRS Image Date: ['2020-06-03 00:00:00']
[2026-05-15 20:38:59] Weather image size: 1
[2026-05-15 20:38:59] Forecast duration: 2020-06-04 00:00:00 to 2020-06-05 00:00:00
[2026-05-15 20:39:00] Number of forecast images: 24
[2026-05-15 20:39:00] Using forecast run: 2020-06-03 18:00:00 UTC
[2026-05-15 20:39:00] Forecast Rain Available hours: [6, 7, 8, 9, 10, 11, 12, 13, 14, 15, 16, 17, 18, 19, 20, 21, 22, 23, 24, 25, 26, 27, 28, 29]
[2026-05-15 20:39:00] Valid hours for sum: [12, 18, 24, 29]
[2026-05-15 20:39:02] Drought composite end date: 2020-05-29 06:00:00
[2026-05-15 20:39:03] Land cover year: 2019
[2026-05-15 20:39:03] VIIRS Veg composite: 2020-05-16 → 2020-06-01
[2026-05-15 20:39:08] Started export task: fire_88_dynamic_2020-06-03
[2026-05-15 20:39:09] ------ Processing date=2020-06-04 ------
[2026-05-15 20:39:09] Using viirs_af_path: viirs_af_path
[2026-05-15 20:39:09] VIIRS Image Date: ['2020-06-04 00:00:00']
[2026-05-15 20:39:09] Weather image size: 1
[2026-05-15 20:39:09] Forecast duration: 2020-06-05 00:00:00 to 2020-06-06 00:00:00
[2026-05-15 20:39:10] Number of forecast images: 24
[2026-05-15 20:39:10] Using forecast run: 2020-06-04 18:00:00 UTC
[2026-05-15 20:39:10] Forecast Rain Available hours: [6, 7, 8, 9, 10, 11, 12, 13, 14, 15, 16, 17, 18, 19, 20, 21, 22, 23, 24, 25, 26, 27, 28, 29]
[2026-05-15 20:39:10] Valid hours for sum: [12, 18, 24, 29]
[2026-05-15 20:39:13] Drought composite end date: 2020-06-03 06:00:00
[2026-05-15 20:39:13] Land cover year: 2019
[2026-05-15 20:39:14] VIIRS Veg composite: 2020-05-16 → 2020-06-01
[2026-05-15 20:39:18] Started export task: fire_88_dynamic_2020-06-04
[2026-05-15 20:39:19] ------ Processing date=2020-06-05 ------
[2026-05-15 20:39:19] Using viirs_af_path: viirs_af_path
[2026-05-15 20:39:19] VIIRS Image Date: ['2020-06-05 00:00:00']
[2026-05-15 20:39:19] Weather image size: 1
[2026-05-15 20:39:19] Forecast duration: 2020-06-06 00:00:00 to 2020-06-07 00:00:00
[2026-05-15 20:39:20] Number of forecast images: 24
[2026-05-15 20:39:20] Using forecast run: 2020-06-05 18:00:00 UTC
[2026-05-15 20:39:20] Forecast Rain Available hours: [6, 7, 8, 9, 10, 11, 12, 13, 14, 15, 16, 17, 18, 19, 20, 21, 22, 23, 24, 25, 26, 27, 28, 29]
[2026-05-15 20:39:20] Valid hours for sum: [12, 18, 24, 29]
[2026-05-15 20:39:23] Drought composite end date: 2020-06-03 06:00:00
[2026-05-15 20:39:23] Land cover year: 2019
[2026-05-15 20:39:25] VIIRS Veg composite: 2020-05-16 → 2020-06-01
[2026-05-15 20:39:28] Started export task: fire_88_dynamic_2020-06-05
[2026-05-15 20:39:29] ------ Processing date=2020-06-06 ------
[2026-05-15 20:39:29] Using viirs_af_path: viirs_af_path
[2026-05-15 20:39:29] VIIRS Image Date: ['2020-06-06 00:00:00']
[2026-05-15 20:39:29] Weather image size: 1
[2026-05-15 20:39:29] Forecast duration: 2020-06-07 00:00:00 to 2020-06-08 00:00:00
[2026-05-15 20:39:32] Number of forecast images: 24
[2026-05-15 20:39:32] Using forecast run: 2020-06-06 18:00:00 UTC
[2026-05-15 20:39:33] Forecast Rain Available hours: [6, 7, 8, 9, 10, 11, 12, 13, 14, 15, 16, 17, 18, 19, 20, 21, 22, 23, 24, 25, 26, 27, 28, 29]
[2026-05-15 20:39:33] Valid hours for sum: [12, 18, 24, 29]
[2026-05-15 20:39:35] Drought composite end date: 2020-06-03 06:00:00
[2026-05-15 20:39:35] Land cover year: 2019
[2026-05-15 20:39:36] VIIRS Veg composite: 2020-05-16 → 2020-06-01
[2026-05-15 20:39:41] Started export task: fire_88_dynamic_2020-06-06
[2026-05-15 20:39:41] ------ Processing date=2020-06-07 ------
[2026-05-15 20:39:41] Using viirs_af_path: viirs_af_path
[2026-05-15 20:39:42] VIIRS Image Date: ['2020-06-07 00:00:00']
[2026-05-15 20:39:42] Weather image size: 1
[2026-05-15 20:39:42] Forecast duration: 2020-06-08 00:00:00 to 2020-06-09 00:00:00
[2026-05-15 20:39:43] Number of forecast images: 24
[2026-05-15 20:39:43] Using forecast run: 2020-06-07 18:00:00 UTC
[2026-05-15 20:39:43] Forecast Rain Available hours: [6, 7, 8, 9, 10, 11, 12, 13, 14, 15, 16, 17, 18, 19, 20, 21, 22, 23, 24, 25, 26, 27, 28, 29]
[2026-05-15 20:39:43] Valid hours for sum: [12, 18, 24, 29]
[2026-05-15 20:39:46] Drought composite end date: 2020-06-03 06:00:00
[2026-05-15 20:39:47] Land cover year: 2019
[2026-05-15 20:39:48] VIIRS Veg composite: 2020-05-16 → 2020-06-01
[2026-05-15 20:39:54] Started export task: fire_88_dynamic_2020-06-07
[2026-05-15 20:39:55] ------ Processing date=2020-06-08 ------
[2026-05-15 20:39:55] Using viirs_af_path: viirs_af_path
[2026-05-15 20:39:55] VIIRS Image Date: ['2020-06-08 00:00:00']
[2026-05-15 20:39:56] Weather image size: 1
[2026-05-15 20:39:56] Forecast duration: 2020-06-09 00:00:00 to 2020-06-10 00:00:00
[2026-05-15 20:39:57] Number of forecast images: 24
[2026-05-15 20:39:57] Using forecast run: 2020-06-08 18:00:00 UTC
[2026-05-15 20:39:58] Forecast Rain Available hours: [6, 7, 8, 9, 10, 11, 12, 13, 14, 15, 16, 17, 18, 19, 20, 21, 22, 23, 24, 25, 26, 27, 28, 29]
[2026-05-15 20:39:58] Valid hours for sum: [12, 18, 24, 29]
[2026-05-15 20:40:01] Drought composite end date: 2020-06-03 06:00:00
[2026-05-15 20:40:01] Land cover year: 2019
[2026-05-15 20:40:02] VIIRS Veg composite: 2020-05-16 → 2020-06-01
[2026-05-15 20:40:06] Started export task: fire_88_dynamic_2020-06-08
[2026-05-15 20:40:07] ------ Processing date=2020-06-09 ------
[2026-05-15 20:40:07] Using viirs_af_path: viirs_af_path
[2026-05-15 20:40:07] VIIRS Image Date: ['2020-06-09 00:00:00']
[2026-05-15 20:40:07] Weather image size: 1
[2026-05-15 20:40:07] Forecast duration: 2020-06-10 00:00:00 to 2020-06-11 00:00:00
[2026-05-15 20:40:09] Number of forecast images: 24
[2026-05-15 20:40:09] Using forecast run: 2020-06-09 18:00:00 UTC
[2026-05-15 20:40:09] Forecast Rain Available hours: [6, 7, 8, 9, 10, 11, 12, 13, 14, 15, 16, 17, 18, 19, 20, 21, 22, 23, 24, 25, 26, 27, 28, 29]
[2026-05-15 20:40:09] Valid hours for sum: [12, 18, 24, 29]
[2026-05-15 20:40:12] Drought composite end date: 2020-06-08 06:00:00
[2026-05-15 20:40:12] Land cover year: 2019
[2026-05-15 20:40:13] VIIRS Veg composite: 2020-05-16 → 2020-06-01
[2026-05-15 20:40:17] Started export task: fire_88_dynamic_2020-06-09
[2026-05-15 20:40:18] ------ Processing date=2020-06-10 ------
[2026-05-15 20:40:18] Using viirs_af_path: viirs_af_path
[2026-05-15 20:40:18] VIIRS Image Date: ['2020-06-10 00:00:00']
[2026-05-15 20:40:18] Weather image size: 1
[2026-05-15 20:40:18] Forecast duration: 2020-06-11 00:00:00 to 2020-06-12 00:00:00
[2026-05-15 20:40:19] Number of forecast images: 24
[2026-05-15 20:40:19] Using forecast run: 2020-06-10 18:00:00 UTC
[2026-05-15 20:40:20] Forecast Rain Available hours: [6, 7, 8, 9, 10, 11, 12, 13, 14, 15, 16, 17, 18, 19, 20, 21, 22, 23, 24, 25, 26, 27, 28, 29]
[2026-05-15 20:40:20] Valid hours for sum: [12, 18, 24, 29]
[2026-05-15 20:40:23] Drought composite end date: 2020-06-08 06:00:00
[2026-05-15 20:40:24] Land cover year: 2019
[2026-05-15 20:40:24] VIIRS Veg composite: 2020-05-16 → 2020-06-01
[2026-05-15 20:40:29] Started export task: fire_88_dynamic_2020-06-10
[2026-05-15 20:40:30] ------ Processing date=2020-06-11 ------
[2026-05-15 20:40:30] Using viirs_af_path: viirs_af_path
[2026-05-15 20:40:30] VIIRS Image Date: ['2020-06-11 00:00:00']
[2026-05-15 20:40:30] Weather image size: 1
[2026-05-15 20:40:30] Forecast duration: 2020-06-12 00:00:00 to 2020-06-13 00:00:00
[2026-05-15 20:40:32] Number of forecast images: 24
[2026-05-15 20:40:32] Using forecast run: 2020-06-11 18:00:00 UTC
[2026-05-15 20:40:32] Forecast Rain Available hours: [6, 7, 8, 9, 10, 11, 12, 13, 14, 15, 16, 17, 18, 19, 20, 21, 22, 23, 24, 25, 26, 27, 28, 29]
[2026-05-15 20:40:32] Valid hours for sum: [12, 18, 24, 29]
[2026-05-15 20:40:34] Drought composite end date: 2020-06-08 06:00:00
[2026-05-15 20:40:35] Land cover year: 2019
[2026-05-15 20:40:36] VIIRS Veg composite: 2020-05-16 → 2020-06-01
[2026-05-15 20:40:40] Started export task: fire_88_dynamic_2020-06-11
[2026-05-15 20:40:40] ------ Processing date=2020-06-12 ------
[2026-05-15 20:40:40] Using viirs_af_path: viirs_af_path
[2026-05-15 20:40:41] VIIRS Image Date: ['2020-06-12 00:00:00']
[2026-05-15 20:40:41] Weather image size: 1
[2026-05-15 20:40:41] Forecast duration: 2020-06-13 00:00:00 to 2020-06-14 00:00:00
[2026-05-15 20:40:42] Number of forecast images: 24
[2026-05-15 20:40:42] Using forecast run: 2020-06-12 18:00:00 UTC
[2026-05-15 20:40:43] Forecast Rain Available hours: [6, 7, 8, 9, 10, 11, 12, 13, 14, 15, 16, 17, 18, 19, 20, 21, 22, 23, 24, 25, 26, 27, 28, 29]
[2026-05-15 20:40:43] Valid hours for sum: [12, 18, 24, 29]
[2026-05-15 20:40:46] Drought composite end date: 2020-06-08 06:00:00
[2026-05-15 20:40:46] Land cover year: 2019
[2026-05-15 20:40:47] VIIRS Veg composite: 2020-05-16 → 2020-06-01
[2026-05-15 20:40:51] Started export task: fire_88_dynamic_2020-06-12
[2026-05-15 20:40:52] ------ Processing date=2020-06-13 ------
[2026-05-15 20:40:52] Using viirs_af_path: viirs_af_path
[2026-05-15 20:40:52] VIIRS Image Date: ['2020-06-13 00:00:00']
[2026-05-15 20:40:52] Weather image size: 1
[2026-05-15 20:40:52] Forecast duration: 2020-06-14 00:00:00 to 2020-06-15 00:00:00
[2026-05-15 20:40:53] Number of forecast images: 24
[2026-05-15 20:40:53] Using forecast run: 2020-06-13 18:00:00 UTC
[2026-05-15 20:40:53] Forecast Rain Available hours: [6, 7, 8, 9, 10, 11, 12, 13, 14, 15, 16, 17, 18, 19, 20, 21, 22, 23, 24, 25, 26, 27, 28, 29]
[2026-05-15 20:40:53] Valid hours for sum: [12, 18, 24, 29]
[2026-05-15 20:40:54] Drought composite end date: 2020-06-08 06:00:00
[2026-05-15 20:40:55] Land cover year: 2019
[2026-05-15 20:40:56] VIIRS Veg composite: 2020-05-16 → 2020-06-01
[2026-05-15 20:41:02] Started export task: fire_88_dynamic_2020-06-13
[2026-05-15 20:41:02] ------ Processing date=2020-06-14 ------
[2026-05-15 20:41:02] Using viirs_af_path: viirs_af_path
[2026-05-15 20:41:03] VIIRS Image Date: ['2020-06-14 00:00:00']
[2026-05-15 20:41:03] Weather image size: 1
[2026-05-15 20:41:03] Forecast duration: 2020-06-15 00:00:00 to 2020-06-16 00:00:00
[2026-05-15 20:41:04] Number of forecast images: 24
[2026-05-15 20:41:04] Using forecast run: 2020-06-14 18:00:00 UTC
[2026-05-15 20:41:04] Forecast Rain Available hours: [6, 7, 8, 9, 10, 11, 12, 13, 14, 15, 16, 17, 18, 19, 20, 21, 22, 23, 24, 25, 26, 27, 28, 29]
[2026-05-15 20:41:04] Valid hours for sum: [12, 18, 24, 29]
[2026-05-15 20:41:07] Drought composite end date: 2020-06-13 06:00:00
[2026-05-15 20:41:07] Land cover year: 2019
[2026-05-15 20:41:08] VIIRS Veg composite: 2020-05-16 → 2020-06-01
[2026-05-15 20:41:13] Started export task: fire_88_dynamic_2020-06-14
[2026-05-15 20:41:13] ------ Processing date=2020-06-15 ------
[2026-05-15 20:41:13] Using viirs_af_path: viirs_af_path
[2026-05-15 20:41:14] VIIRS Image Date: ['2020-06-15 00:00:00']
[2026-05-15 20:41:14] Weather image size: 1
[2026-05-15 20:41:14] Forecast duration: 2020-06-16 00:00:00 to 2020-06-17 00:00:00
[2026-05-15 20:41:35] Number of forecast images: 24
[2026-05-15 20:41:35] Using forecast run: 2020-06-15 18:00:00 UTC
[2026-05-15 20:41:35] Forecast Rain Available hours: [6, 7, 8, 9, 10, 11, 12, 13, 14, 15, 16, 17, 18, 19, 20, 21, 22, 23, 24, 25, 26, 27, 28, 29]
[2026-05-15 20:41:35] Valid hours for sum: [12, 18, 24, 29]
[2026-05-15 20:41:38] Drought composite end date: 2020-06-13 06:00:00
[2026-05-15 20:41:38] Land cover year: 2019
[2026-05-15 20:41:39] VIIRS Veg composite: 2020-05-16 → 2020-06-01
[2026-05-15 20:41:43] Started export task: fire_88_dynamic_2020-06-15
[2026-05-15 20:41:44] ------ Processing date=2020-06-16 ------
[2026-05-15 20:41:44] Using viirs_af_path: viirs_af_path
[2026-05-15 20:41:44] VIIRS Image Date: ['2020-06-16 00:00:00']
[2026-05-15 20:41:44] Weather image size: 1
[2026-05-15 20:41:44] Forecast duration: 2020-06-17 00:00:00 to 2020-06-18 00:00:00
[2026-05-15 20:41:45] Number of forecast images: 24
[2026-05-15 20:41:45] Using forecast run: 2020-06-16 18:00:00 UTC
[2026-05-15 20:41:45] Forecast Rain Available hours: [6, 7, 8, 9, 10, 11, 12, 13, 14, 15, 16, 17, 18, 19, 20, 21, 22, 23, 24, 25, 26, 27, 28, 29]
[2026-05-15 20:41:45] Valid hours for sum: [12, 18, 24, 29]
[2026-05-15 20:41:48] Drought composite end date: 2020-06-13 06:00:00
[2026-05-15 20:41:49] Land cover year: 2019
[2026-05-15 20:41:50] VIIRS Veg composite: 2020-05-16 → 2020-06-01
[2026-05-15 20:41:55] Started export task: fire_88_dynamic_2020-06-16
[2026-05-15 20:41:56] ------ Processing date=2020-06-17 ------
[2026-05-15 20:41:56] Using viirs_af_path: viirs_af_path
[2026-05-15 20:41:56] VIIRS Image Date: ['2020-06-17 00:00:00']
[2026-05-15 20:41:56] Weather image size: 1
[2026-05-15 20:41:56] Forecast duration: 2020-06-18 00:00:00 to 2020-06-19 00:00:00
[2026-05-15 20:41:57] Number of forecast images: 24
[2026-05-15 20:41:57] Using forecast run: 2020-06-17 18:00:00 UTC
[2026-05-15 20:41:58] Forecast Rain Available hours: [6, 7, 8, 9, 10, 11, 12, 13, 14, 15, 16, 17, 18, 19, 20, 21, 22, 23, 24, 25, 26, 27, 28, 29]
[2026-05-15 20:41:58] Valid hours for sum: [12, 18, 24, 29]
[2026-05-15 20:42:00] Drought composite end date: 2020-06-13 06:00:00
[2026-05-15 20:42:01] Land cover year: 2019
[2026-05-15 20:42:01] VIIRS Veg composite: 2020-05-16 → 2020-06-01
[2026-05-15 20:42:05] Started export task: fire_88_dynamic_2020-06-17
[2026-05-15 20:42:06] ------ Processing date=2020-06-18 ------
[2026-05-15 20:42:06] Using viirs_af_path: viirs_af_path
[2026-05-15 20:42:06] VIIRS Image Date: ['2020-06-18 00:00:00']
[2026-05-15 20:42:07] Weather image size: 1
[2026-05-15 20:42:07] Forecast duration: 2020-06-19 00:00:00 to 2020-06-20 00:00:00
[2026-05-15 20:42:07] Number of forecast images: 24
[2026-05-15 20:42:07] Using forecast run: 2020-06-18 18:00:00 UTC
[2026-05-15 20:42:08] Forecast Rain Available hours: [6, 7, 8, 9, 10, 11, 12, 13, 14, 15, 16, 17, 18, 19, 20, 21, 22, 23, 24, 25, 26, 27, 28, 29]
[2026-05-15 20:42:08] Valid hours for sum: [12, 18, 24, 29]
[2026-05-15 20:42:10] Drought composite end date: 2020-06-13 06:00:00
[2026-05-15 20:42:10] Land cover year: 2019
[2026-05-15 20:42:11] VIIRS Veg composite: 2020-05-16 → 2020-06-01
[2026-05-15 20:42:14] Started export task: fire_88_dynamic_2020-06-18
[2026-05-15 20:42:14] ------ Processing date=2020-06-19 ------
[2026-05-15 20:42:14] Using viirs_af_path: viirs_af_path
[2026-05-15 20:42:14] VIIRS Image Date: ['2020-06-19 00:00:00']
[2026-05-15 20:42:15] Weather image size: 1
[2026-05-15 20:42:15] Forecast duration: 2020-06-20 00:00:00 to 2020-06-21 00:00:00
[2026-05-15 20:42:16] Number of forecast images: 24
[2026-05-15 20:42:16] Using forecast run: 2020-06-19 18:00:00 UTC
[2026-05-15 20:42:16] Forecast Rain Available hours: [6, 7, 8, 9, 10, 11, 12, 13, 14, 15, 16, 17, 18, 19, 20, 21, 22, 23, 24, 25, 26, 27, 28, 29]
[2026-05-15 20:42:16] Valid hours for sum: [12, 18, 24, 29]
[2026-05-15 20:42:18] Drought composite end date: 2020-06-18 06:00:00
[2026-05-15 20:42:19] Land cover year: 2019
[2026-05-15 20:42:20] VIIRS Veg composite: 2020-05-16 → 2020-06-01
[2026-05-15 20:42:23] Started export task: fire_88_dynamic_2020-06-19
[2026-05-15 20:42:24] ------ Processing date=2020-06-20 ------
[2026-05-15 20:42:24] Using viirs_af_path: viirs_af_path
[2026-05-15 20:42:24] VIIRS Image Date: ['2020-06-20 00:00:00']
[2026-05-15 20:42:24] Weather image size: 1
[2026-05-15 20:42:24] Forecast duration: 2020-06-21 00:00:00 to 2020-06-22 00:00:00
[2026-05-15 20:42:25] Number of forecast images: 24
[2026-05-15 20:42:25] Using forecast run: 2020-06-20 18:00:00 UTC
[2026-05-15 20:42:26] Forecast Rain Available hours: [6, 7, 8, 9, 10, 11, 12, 13, 14, 15, 16, 17, 18, 19, 20, 21, 22, 23, 24, 25, 26, 27, 28, 29]
[2026-05-15 20:42:26] Valid hours for sum: [12, 18, 24, 29]
[2026-05-15 20:42:27] Drought composite end date: 2020-06-18 06:00:00
[2026-05-15 20:42:27] Land cover year: 2019
[2026-05-15 20:42:28] VIIRS Veg composite: 2020-05-16 → 2020-06-01
[2026-05-15 20:42:32] Started export task: fire_88_dynamic_2020-06-20
[2026-05-15 20:42:32] ------ Processing date=2020-06-21 ------
[2026-05-15 20:42:32] Using viirs_af_path: viirs_af_path
[2026-05-15 20:42:33] VIIRS Image Date: ['2020-06-21 00:00:00']
[2026-05-15 20:42:33] Weather image size: 1
[2026-05-15 20:42:33] Forecast duration: 2020-06-22 00:00:00 to 2020-06-23 00:00:00
[2026-05-15 20:42:34] Number of forecast images: 24
[2026-05-15 20:42:34] Using forecast run: 2020-06-21 18:00:00 UTC
[2026-05-15 20:42:34] Forecast Rain Available hours: [6, 7, 8, 9, 10, 11, 12, 13, 14, 15, 16, 17, 18, 19, 20, 21, 22, 23, 24, 25, 26, 27, 28, 29]
[2026-05-15 20:42:34] Valid hours for sum: [12, 18, 24, 29]
[2026-05-15 20:42:37] Drought composite end date: 2020-06-18 06:00:00
[2026-05-15 20:42:37] Land cover year: 2019
[2026-05-15 20:42:38] VIIRS Veg composite: 2020-05-16 → 2020-06-01
[2026-05-15 20:42:40] Started export task: fire_88_dynamic_2020-06-21
[2026-05-15 20:42:41] ------ Processing date=2020-06-22 ------
[2026-05-15 20:42:41] Using viirs_af_path: viirs_af_path
[2026-05-15 20:42:41] VIIRS Image Date: ['2020-06-22 00:00:00']
[2026-05-15 20:42:41] Weather image size: 1
[2026-05-15 20:42:41] Forecast duration: 2020-06-23 00:00:00 to 2020-06-24 00:00:00
[2026-05-15 20:42:43] Number of forecast images: 24
[2026-05-15 20:42:43] Using forecast run: 2020-06-22 18:00:00 UTC
[2026-05-15 20:42:43] Forecast Rain Available hours: [6, 7, 8, 9, 10, 11, 12, 13, 14, 15, 16, 17, 18, 19, 20, 21, 22, 23, 24, 25, 26, 27, 28, 29]
[2026-05-15 20:42:43] Valid hours for sum: [12, 18, 24, 29]
[2026-05-15 20:42:45] Drought composite end date: 2020-06-18 06:00:00
[2026-05-15 20:42:45] Land cover year: 2019
[2026-05-15 20:42:46] VIIRS Veg composite: 2020-05-16 → 2020-06-01
[2026-05-15 20:42:50] Started export task: fire_88_dynamic_2020-06-22
[2026-05-15 20:42:51] ------ Processing date=2020-06-23 ------
[2026-05-15 20:42:51] Using viirs_af_path: viirs_af_path
[2026-05-15 20:42:51] VIIRS Image Date: ['2020-06-23 00:00:00']
[2026-05-15 20:42:51] Weather image size: 1
[2026-05-15 20:42:51] Forecast duration: 2020-06-24 00:00:00 to 2020-06-25 00:00:00
[2026-05-15 20:42:52] Number of forecast images: 24
[2026-05-15 20:42:52] Using forecast run: 2020-06-23 18:00:00 UTC
[2026-05-15 20:42:52] Forecast Rain Available hours: [6, 7, 8, 9, 10, 11, 12, 13, 14, 15, 16, 17, 18, 19, 20, 21, 22, 23, 24, 25, 26, 27, 28, 29]
[2026-05-15 20:42:52] Valid hours for sum: [12, 18, 24, 29]
[2026-05-15 20:42:55] Drought composite end date: 2020-06-18 06:00:00
[2026-05-15 20:42:55] Land cover year: 2019
[2026-05-15 20:42:56] VIIRS Veg composite: 2020-05-16 → 2020-06-01
[2026-05-15 20:43:00] Started export task: fire_88_dynamic_2020-06-23
[2026-05-15 20:43:00] ------ Processing date=2020-06-24 ------
[2026-05-15 20:43:00] Using viirs_af_path: viirs_af_path
[2026-05-15 20:43:01] VIIRS Image Date: ['2020-06-24 00:00:00']
[2026-05-15 20:43:01] Weather image size: 1
[2026-05-15 20:43:01] Forecast duration: 2020-06-25 00:00:00 to 2020-06-26 00:00:00
[2026-05-15 20:43:02] Number of forecast images: 24
[2026-05-15 20:43:02] Using forecast run: 2020-06-24 18:00:00 UTC
[2026-05-15 20:43:03] Forecast Rain Available hours: [6, 7, 8, 9, 10, 11, 12, 13, 14, 15, 16, 17, 18, 19, 20, 21, 22, 23, 24, 25, 26, 27, 28, 29]
[2026-05-15 20:43:03] Valid hours for sum: [12, 18, 24, 29]
[2026-05-15 20:43:05] Drought composite end date: 2020-06-23 06:00:00
[2026-05-15 20:43:05] Land cover year: 2019
[2026-05-15 20:43:07] VIIRS Veg composite: 2020-05-16 → 2020-06-01
[2026-05-15 20:43:11] Started export task: fire_88_dynamic_2020-06-24
[2026-05-15 20:43:11] ------ Processing date=2020-06-25 ------
[2026-05-15 20:43:11] Using viirs_af_path: viirs_af_path
[2026-05-15 20:43:12] VIIRS Image Date: ['2020-06-25 00:00:00']
[2026-05-15 20:43:12] Weather image size: 1
[2026-05-15 20:43:12] Forecast duration: 2020-06-26 00:00:00 to 2020-06-27 00:00:00
[2026-05-15 20:43:13] Number of forecast images: 24
[2026-05-15 20:43:13] Using forecast run: 2020-06-25 18:00:00 UTC
[2026-05-15 20:43:13] Forecast Rain Available hours: [6, 7, 8, 9, 10, 11, 12, 13, 14, 15, 16, 17, 18, 19, 20, 21, 22, 23, 24, 25, 26, 27, 28, 29]
[2026-05-15 20:43:13] Valid hours for sum: [12, 18, 24, 29]
[2026-05-15 20:43:16] Drought composite end date: 2020-06-23 06:00:00
[2026-05-15 20:43:16] Land cover year: 2019
[2026-05-15 20:43:17] VIIRS Veg composite: 2020-05-16 → 2020-06-01
[2026-05-15 20:43:22] Started export task: fire_88_dynamic_2020-06-25
[2026-05-15 20:43:23] ------ Processing date=2020-06-26 ------
[2026-05-15 20:43:23] Using viirs_af_path: viirs_af_path
[2026-05-15 20:43:23] VIIRS Image Date: ['2020-06-26 00:00:00']
[2026-05-15 20:43:23] Weather image size: 1
[2026-05-15 20:43:23] Forecast duration: 2020-06-27 00:00:00 to 2020-06-28 00:00:00
[2026-05-15 20:43:24] Number of forecast images: 24
[2026-05-15 20:43:24] Using forecast run: 2020-06-26 18:00:00 UTC
[2026-05-15 20:43:36] Forecast Rain Available hours: [6, 7, 8, 9, 10, 11, 12, 13, 14, 15, 16, 17, 18, 19, 20, 21, 22, 23, 24, 25, 26, 27, 28, 29]
[2026-05-15 20:43:36] Valid hours for sum: [12, 18, 24, 29]
[2026-05-15 20:43:39] Drought composite end date: 2020-06-23 06:00:00
[2026-05-15 20:43:39] Land cover year: 2019
[2026-05-15 20:43:40] VIIRS Veg composite: 2020-05-16 → 2020-06-01
[2026-05-15 20:43:43] Started export task: fire_88_dynamic_2020-06-26
[2026-05-15 20:43:43] ------ Processing date=2020-06-27 ------
[2026-05-15 20:43:43] Using viirs_af_path: viirs_af_path
[2026-05-15 20:43:43] VIIRS Image Date: ['2020-06-27 00:00:00']
[2026-05-15 20:46:12] Weather image size: 1
[2026-05-15 20:46:12] Forecast duration: 2020-06-28 00:00:00 to 2020-06-29 00:00:00
[2026-05-15 20:46:13] Number of forecast images: 24
[2026-05-15 20:46:13] Using forecast run: 2020-06-27 18:00:00 UTC
[2026-05-15 20:46:13] Forecast Rain Available hours: [6, 7, 8, 9, 10, 11, 12, 13, 14, 15, 16, 17, 18, 19, 20, 21, 22, 23, 24, 25, 26, 27, 28, 29]
[2026-05-15 20:46:13] Valid hours for sum: [12, 18, 24, 29]
[2026-05-15 20:46:15] Drought composite end date: 2020-06-23 06:00:00
[2026-05-15 20:46:15] Land cover year: 2019
[2026-05-15 20:46:16] VIIRS Veg composite: 2020-05-16 → 2020-06-01
[2026-05-15 20:46:20] Started export task: fire_88_dynamic_2020-06-27
[2026-05-15 20:46:21] ------ Processing date=2020-06-28 ------
[2026-05-15 20:46:21] Using viirs_af_path: viirs_af_path
[2026-05-15 20:46:21] VIIRS Image Date: ['2020-06-28 00:00:00']
[2026-05-15 20:46:21] Weather image size: 1
[2026-05-15 20:46:21] Forecast duration: 2020-06-29 00:00:00 to 2020-06-30 00:00:00
[2026-05-15 20:46:23] Number of forecast images: 24
[2026-05-15 20:46:23] Using forecast run: 2020-06-28 18:00:00 UTC
[2026-05-15 20:46:23] Forecast Rain Available hours: [6, 7, 8, 9, 10, 11, 12, 13, 14, 15, 16, 17, 18, 19, 20, 21, 22, 23, 24, 25, 26, 27, 28, 29]
[2026-05-15 20:46:23] Valid hours for sum: [12, 18, 24, 29]
[2026-05-15 20:46:25] Drought composite end date: 2020-06-23 06:00:00
[2026-05-15 20:46:25] Land cover year: 2019
[2026-05-15 20:46:26] VIIRS Veg composite: 2020-05-16 → 2020-06-01
[2026-05-15 20:46:31] Started export task: fire_88_dynamic_2020-06-28
[2026-05-15 20:46:31] END: ----------Event fire_88----------- (Duration: 7.87m)
[2026-05-15 20:46:31] START: ----------Event fire_94-----------
[2026-05-15 20:46:31] ------ Processing date=2020-06-06 ------
[2026-05-15 20:46:31] Using viirs_af_path: viirs_af_path
[2026-05-15 20:46:32] VIIRS Image Date: ['2020-06-06 00:00:00']
[2026-05-15 20:46:32] Weather image size: 1
[2026-05-15 20:46:32] Forecast duration: 2020-06-07 00:00:00 to 2020-06-08 00:00:00
[2026-05-15 20:46:33] Number of forecast images: 24
[2026-05-15 20:46:33] Using forecast run: 2020-06-06 18:00:00 UTC
[2026-05-15 20:46:34] Forecast Rain Available hours: [6, 7, 8, 9, 10, 11, 12, 13, 14, 15, 16, 17, 18, 19, 20, 21, 22, 23, 24, 25, 26, 27, 28, 29]
[2026-05-15 20:46:34] Valid hours for sum: [12, 18, 24, 29]
[2026-05-15 20:46:36] Drought composite end date: 2020-06-03 06:00:00
[2026-05-15 20:46:36] Land cover year: 2019
[2026-05-15 20:46:38] VIIRS Veg composite: 2020-05-24 → 2020-06-09
[2026-05-15 20:46:42] Started export task: fire_94_static
[2026-05-15 20:46:42] Started export task: fire_94_dynamic_2020-06-06
[2026-05-15 20:46:43] ------ Processing date=2020-06-07 ------
[2026-05-15 20:46:43] Using viirs_af_path: viirs_af_path
[2026-05-15 20:46:43] VIIRS Image Date: ['2020-06-07 00:00:00']
[2026-05-15 20:46:43] Weather image size: 1
[2026-05-15 20:46:43] Forecast duration: 2020-06-08 00:00:00 to 2020-06-09 00:00:00
[2026-05-15 20:46:45] Number of forecast images: 24
[2026-05-15 20:46:45] Using forecast run: 2020-06-07 18:00:00 UTC
[2026-05-15 20:46:45] Forecast Rain Available hours: [6, 7, 8, 9, 10, 11, 12, 13, 14, 15, 16, 17, 18, 19, 20, 21, 22, 23, 24, 25, 26, 27, 28, 29]
[2026-05-15 20:46:45] Valid hours for sum: [12, 18, 24, 29]
[2026-05-15 20:46:48] Drought composite end date: 2020-06-03 06:00:00
[2026-05-15 20:46:55] Land cover year: 2019
[2026-05-15 20:46:56] VIIRS Veg composite: 2020-05-24 → 2020-06-09
[2026-05-15 20:46:59] Started export task: fire_94_dynamic_2020-06-07
[2026-05-15 20:47:00] ------ Processing date=2020-06-08 ------
[2026-05-15 20:47:00] Using viirs_af_path: viirs_af_path
[2026-05-15 20:47:00] VIIRS Image Date: ['2020-06-08 00:00:00']
[2026-05-15 20:47:00] Weather image size: 1
[2026-05-15 20:47:00] Forecast duration: 2020-06-09 00:00:00 to 2020-06-10 00:00:00
[2026-05-15 20:47:02] Number of forecast images: 24
[2026-05-15 20:47:02] Using forecast run: 2020-06-08 18:00:00 UTC
[2026-05-15 20:47:02] Forecast Rain Available hours: [6, 7, 8, 9, 10, 11, 12, 13, 14, 15, 16, 17, 18, 19, 20, 21, 22, 23, 24, 25, 26, 27, 28, 29]
[2026-05-15 20:47:02] Valid hours for sum: [12, 18, 24, 29]
[2026-05-15 20:47:05] Drought composite end date: 2020-06-03 06:00:00
[2026-05-15 20:47:05] Land cover year: 2019
[2026-05-15 20:47:07] VIIRS Veg composite: 2020-05-24 → 2020-06-09
[2026-05-15 20:47:12] Started export task: fire_94_dynamic_2020-06-08
[2026-05-15 20:47:12] ------ Processing date=2020-06-09 ------
[2026-05-15 20:47:12] Using viirs_af_path: viirs_af_path
[2026-05-15 20:47:12] VIIRS Image Date: ['2020-06-09 00:00:00']
[2026-05-15 20:47:13] Weather image size: 1
[2026-05-15 20:47:13] Forecast duration: 2020-06-10 00:00:00 to 2020-06-11 00:00:00
[2026-05-15 20:47:14] Number of forecast images: 24
[2026-05-15 20:47:14] Using forecast run: 2020-06-09 18:00:00 UTC
[2026-05-15 20:47:14] Forecast Rain Available hours: [6, 7, 8, 9, 10, 11, 12, 13, 14, 15, 16, 17, 18, 19, 20, 21, 22, 23, 24, 25, 26, 27, 28, 29]
[2026-05-15 20:47:14] Valid hours for sum: [12, 18, 24, 29]
[2026-05-15 20:47:16] Drought composite end date: 2020-06-08 06:00:00
[2026-05-15 20:47:17] Land cover year: 2019
[2026-05-15 20:47:18] VIIRS Veg composite: 2020-05-24 → 2020-06-09
[2026-05-15 20:47:23] Started export task: fire_94_dynamic_2020-06-09
[2026-05-15 20:47:24] ------ Processing date=2020-06-10 ------
[2026-05-15 20:47:24] Using viirs_af_path: viirs_af_path
[2026-05-15 20:47:24] VIIRS Image Date: ['2020-06-10 00:00:00']
[2026-05-15 20:47:24] Weather image size: 1
[2026-05-15 20:47:24] Forecast duration: 2020-06-11 00:00:00 to 2020-06-12 00:00:00
[2026-05-15 20:47:26] Number of forecast images: 24
[2026-05-15 20:47:26] Using forecast run: 2020-06-10 18:00:00 UTC
[2026-05-15 20:47:26] Forecast Rain Available hours: [6, 7, 8, 9, 10, 11, 12, 13, 14, 15, 16, 17, 18, 19, 20, 21, 22, 23, 24, 25, 26, 27, 28, 29]
[2026-05-15 20:47:26] Valid hours for sum: [12, 18, 24, 29]
[2026-05-15 20:47:28] Drought composite end date: 2020-06-08 06:00:00
[2026-05-15 20:47:29] Land cover year: 2019
[2026-05-15 20:47:30] VIIRS Veg composite: 2020-05-24 → 2020-06-09
[2026-05-15 20:47:33] Started export task: fire_94_dynamic_2020-06-10
[2026-05-15 20:47:33] ------ Processing date=2020-06-11 ------
[2026-05-15 20:47:33] Using viirs_af_path: viirs_af_path
[2026-05-15 20:47:34] VIIRS Image Date: ['2020-06-11 00:00:00']
[2026-05-15 20:47:34] Weather image size: 1
[2026-05-15 20:47:34] Forecast duration: 2020-06-12 00:00:00 to 2020-06-13 00:00:00
[2026-05-15 20:47:35] Number of forecast images: 24
[2026-05-15 20:47:35] Using forecast run: 2020-06-11 18:00:00 UTC
[2026-05-15 20:47:35] Forecast Rain Available hours: [6, 7, 8, 9, 10, 11, 12, 13, 14, 15, 16, 17, 18, 19, 20, 21, 22, 23, 24, 25, 26, 27, 28, 29]
[2026-05-15 20:47:35] Valid hours for sum: [12, 18, 24, 29]
[2026-05-15 20:47:37] Drought composite end date: 2020-06-08 06:00:00
[2026-05-15 20:47:37] Land cover year: 2019
[2026-05-15 20:47:38] VIIRS Veg composite: 2020-05-24 → 2020-06-09
[2026-05-15 20:47:43] Started export task: fire_94_dynamic_2020-06-11
[2026-05-15 20:47:43] ------ Processing date=2020-06-12 ------
[2026-05-15 20:47:43] Using viirs_af_path: viirs_af_path
[2026-05-15 20:47:43] VIIRS Image Date: ['2020-06-12 00:00:00']
[2026-05-15 20:47:44] Weather image size: 1
[2026-05-15 20:47:44] Forecast duration: 2020-06-13 00:00:00 to 2020-06-14 00:00:00
[2026-05-15 20:47:45] Number of forecast images: 24
[2026-05-15 20:47:45] Using forecast run: 2020-06-12 18:00:00 UTC
[2026-05-15 20:47:45] Forecast Rain Available hours: [6, 7, 8, 9, 10, 11, 12, 13, 14, 15, 16, 17, 18, 19, 20, 21, 22, 23, 24, 25, 26, 27, 28, 29]
[2026-05-15 20:47:45] Valid hours for sum: [12, 18, 24, 29]
[2026-05-15 20:47:48] Drought composite end date: 2020-06-08 06:00:00
[2026-05-15 20:47:49] Land cover year: 2019
[2026-05-15 20:47:50] VIIRS Veg composite: 2020-05-24 → 2020-06-09
[2026-05-15 20:47:55] Started export task: fire_94_dynamic_2020-06-12
[2026-05-15 20:47:55] ------ Processing date=2020-06-13 ------
[2026-05-15 20:47:55] Using viirs_af_path: viirs_af_path
[2026-05-15 20:47:55] VIIRS Image Date: ['2020-06-13 00:00:00']
[2026-05-15 20:47:55] Weather image size: 1
[2026-05-15 20:47:55] Forecast duration: 2020-06-14 00:00:00 to 2020-06-15 00:00:00
[2026-05-15 20:47:56] Number of forecast images: 24
[2026-05-15 20:47:56] Using forecast run: 2020-06-13 18:00:00 UTC
[2026-05-15 20:47:57] Forecast Rain Available hours: [6, 7, 8, 9, 10, 11, 12, 13, 14, 15, 16, 17, 18, 19, 20, 21, 22, 23, 24, 25, 26, 27, 28, 29]
[2026-05-15 20:47:57] Valid hours for sum: [12, 18, 24, 29]
[2026-05-15 20:47:59] Drought composite end date: 2020-06-08 06:00:00
[2026-05-15 20:47:59] Land cover year: 2019
[2026-05-15 20:48:00] VIIRS Veg composite: 2020-05-24 → 2020-06-09
[2026-05-15 20:48:05] Started export task: fire_94_dynamic_2020-06-13
[2026-05-15 20:48:05] ------ Processing date=2020-06-14 ------
[2026-05-15 20:48:05] Using viirs_af_path: viirs_af_path
[2026-05-15 20:48:05] VIIRS Image Date: ['2020-06-14 00:00:00']
[2026-05-15 20:48:06] Weather image size: 1
[2026-05-15 20:48:06] Forecast duration: 2020-06-15 00:00:00 to 2020-06-16 00:00:00
[2026-05-15 20:48:08] Number of forecast images: 24
[2026-05-15 20:48:08] Using forecast run: 2020-06-14 18:00:00 UTC
[2026-05-15 20:48:08] Forecast Rain Available hours: [6, 7, 8, 9, 10, 11, 12, 13, 14, 15, 16, 17, 18, 19, 20, 21, 22, 23, 24, 25, 26, 27, 28, 29]
[2026-05-15 20:48:08] Valid hours for sum: [12, 18, 24, 29]
[2026-05-15 20:48:12] Drought composite end date: 2020-06-13 06:00:00
[2026-05-15 20:48:12] Land cover year: 2019
[2026-05-15 20:48:13] VIIRS Veg composite: 2020-05-24 → 2020-06-09
[2026-05-15 20:48:16] Started export task: fire_94_dynamic_2020-06-14
[2026-05-15 20:48:17] ------ Processing date=2020-06-15 ------
[2026-05-15 20:48:17] Using viirs_af_path: viirs_af_path
[2026-05-15 20:48:17] VIIRS Image Date: ['2020-06-15 00:00:00']
[2026-05-15 20:48:17] Weather image size: 1
[2026-05-15 20:48:17] Forecast duration: 2020-06-16 00:00:00 to 2020-06-17 00:00:00
[2026-05-15 20:48:18] Number of forecast images: 24
[2026-05-15 20:48:18] Using forecast run: 2020-06-15 18:00:00 UTC
[2026-05-15 20:48:19] Forecast Rain Available hours: [6, 7, 8, 9, 10, 11, 12, 13, 14, 15, 16, 17, 18, 19, 20, 21, 22, 23, 24, 25, 26, 27, 28, 29]
[2026-05-15 20:48:19] Valid hours for sum: [12, 18, 24, 29]
[2026-05-15 20:48:21] Drought composite end date: 2020-06-13 06:00:00
[2026-05-15 20:48:22] Land cover year: 2019
[2026-05-15 20:48:22] VIIRS Veg composite: 2020-05-24 → 2020-06-09
[2026-05-15 20:48:26] Started export task: fire_94_dynamic_2020-06-15
[2026-05-15 20:48:27] ------ Processing date=2020-06-16 ------
[2026-05-15 20:48:27] Using viirs_af_path: viirs_af_path
[2026-05-15 20:48:27] VIIRS Image Date: ['2020-06-16 00:00:00']
[2026-05-15 20:48:27] Weather image size: 1
[2026-05-15 20:48:27] Forecast duration: 2020-06-17 00:00:00 to 2020-06-18 00:00:00
[2026-05-15 20:48:28] Number of forecast images: 24
[2026-05-15 20:48:28] Using forecast run: 2020-06-16 18:00:00 UTC
[2026-05-15 20:48:28] Forecast Rain Available hours: [6, 7, 8, 9, 10, 11, 12, 13, 14, 15, 16, 17, 18, 19, 20, 21, 22, 23, 24, 25, 26, 27, 28, 29]
[2026-05-15 20:48:28] Valid hours for sum: [12, 18, 24, 29]
[2026-05-15 20:48:30] Drought composite end date: 2020-06-13 06:00:00
[2026-05-15 20:48:30] Land cover year: 2019
[2026-05-15 20:48:31] VIIRS Veg composite: 2020-05-24 → 2020-06-09
[2026-05-15 20:48:34] Started export task: fire_94_dynamic_2020-06-16
[2026-05-15 20:48:35] ------ Processing date=2020-06-17 ------
[2026-05-15 20:48:35] Using viirs_af_path: viirs_af_path
[2026-05-15 20:48:35] VIIRS Image Date: ['2020-06-17 00:00:00']
[2026-05-15 20:48:36] Weather image size: 1
[2026-05-15 20:48:36] Forecast duration: 2020-06-18 00:00:00 to 2020-06-19 00:00:00
[2026-05-15 20:48:37] Number of forecast images: 24
[2026-05-15 20:48:37] Using forecast run: 2020-06-17 18:00:00 UTC
[2026-05-15 20:48:38] Forecast Rain Available hours: [6, 7, 8, 9, 10, 11, 12, 13, 14, 15, 16, 17, 18, 19, 20, 21, 22, 23, 24, 25, 26, 27, 28, 29]
[2026-05-15 20:48:38] Valid hours for sum: [12, 18, 24, 29]
[2026-05-15 20:48:39] Drought composite end date: 2020-06-13 06:00:00
[2026-05-15 20:48:39] Land cover year: 2019
[2026-05-15 20:48:40] VIIRS Veg composite: 2020-05-24 → 2020-06-09
[2026-05-15 20:48:44] Started export task: fire_94_dynamic_2020-06-17
[2026-05-15 20:48:45] ------ Processing date=2020-06-18 ------
[2026-05-15 20:48:45] Using viirs_af_path: viirs_af_path
[2026-05-15 20:48:45] VIIRS Image Date: ['2020-06-18 00:00:00']
[2026-05-15 20:48:45] Weather image size: 1
[2026-05-15 20:48:45] Forecast duration: 2020-06-19 00:00:00 to 2020-06-20 00:00:00
[2026-05-15 20:48:46] Number of forecast images: 24
[2026-05-15 20:48:46] Using forecast run: 2020-06-18 18:00:00 UTC
[2026-05-15 20:48:46] Forecast Rain Available hours: [6, 7, 8, 9, 10, 11, 12, 13, 14, 15, 16, 17, 18, 19, 20, 21, 22, 23, 24, 25, 26, 27, 28, 29]
[2026-05-15 20:48:46] Valid hours for sum: [12, 18, 24, 29]
[2026-05-15 20:48:49] Drought composite end date: 2020-06-13 06:00:00
[2026-05-15 20:48:49] Land cover year: 2019
[2026-05-15 20:48:50] VIIRS Veg composite: 2020-05-24 → 2020-06-09
[2026-05-15 20:48:54] Started export task: fire_94_dynamic_2020-06-18
[2026-05-15 20:48:54] ------ Processing date=2020-06-19 ------
[2026-05-15 20:48:54] Using viirs_af_path: viirs_af_path
[2026-05-15 20:48:54] VIIRS Image Date: ['2020-06-19 00:00:00']
[2026-05-15 20:48:55] Weather image size: 1
[2026-05-15 20:48:55] Forecast duration: 2020-06-20 00:00:00 to 2020-06-21 00:00:00
[2026-05-15 20:48:55] Number of forecast images: 24
[2026-05-15 20:48:55] Using forecast run: 2020-06-19 18:00:00 UTC
[2026-05-15 20:48:56] Forecast Rain Available hours: [6, 7, 8, 9, 10, 11, 12, 13, 14, 15, 16, 17, 18, 19, 20, 21, 22, 23, 24, 25, 26, 27, 28, 29]
[2026-05-15 20:48:56] Valid hours for sum: [12, 18, 24, 29]
[2026-05-15 20:48:57] Drought composite end date: 2020-06-18 06:00:00
[2026-05-15 20:48:58] Land cover year: 2019
[2026-05-15 20:48:59] VIIRS Veg composite: 2020-05-24 → 2020-06-09
[2026-05-15 20:49:02] Started export task: fire_94_dynamic_2020-06-19
[2026-05-15 20:49:02] ------ Processing date=2020-06-20 ------
[2026-05-15 20:49:02] Using viirs_af_path: viirs_af_path
[2026-05-15 20:49:03] VIIRS Image Date: ['2020-06-20 00:00:00']
[2026-05-15 20:49:03] Weather image size: 1
[2026-05-15 20:49:03] Forecast duration: 2020-06-21 00:00:00 to 2020-06-22 00:00:00
[2026-05-15 20:49:04] Number of forecast images: 24
[2026-05-15 20:49:04] Using forecast run: 2020-06-20 18:00:00 UTC
[2026-05-15 20:49:04] Forecast Rain Available hours: [6, 7, 8, 9, 10, 11, 12, 13, 14, 15, 16, 17, 18, 19, 20, 21, 22, 23, 24, 25, 26, 27, 28, 29]
[2026-05-15 20:49:04] Valid hours for sum: [12, 18, 24, 29]
[2026-05-15 20:49:07] Drought composite end date: 2020-06-18 06:00:00
[2026-05-15 20:49:07] Land cover year: 2019
[2026-05-15 20:49:08] VIIRS Veg composite: 2020-05-24 → 2020-06-09
[2026-05-15 20:49:12] Started export task: fire_94_dynamic_2020-06-20
[2026-05-15 20:49:12] END: ----------Event fire_94----------- (Duration: 2.69m)
[2026-05-15 20:49:12] START: ----------Event fire_95-----------
[2026-05-15 20:49:13] ------ Processing date=2020-06-06 ------
[2026-05-15 20:49:13] Using viirs_af_path: viirs_af_path
[2026-05-15 20:49:13] VIIRS Image Date: ['2020-06-06 00:00:00']
[2026-05-15 20:49:13] Weather image size: 1
[2026-05-15 20:49:13] Forecast duration: 2020-06-07 00:00:00 to 2020-06-08 00:00:00
[2026-05-15 20:49:14] Number of forecast images: 24
[2026-05-15 20:49:14] Using forecast run: 2020-06-06 18:00:00 UTC
[2026-05-15 20:49:14] Forecast Rain Available hours: [6, 7, 8, 9, 10, 11, 12, 13, 14, 15, 16, 17, 18, 19, 20, 21, 22, 23, 24, 25, 26, 27, 28, 29]
[2026-05-15 20:49:14] Valid hours for sum: [12, 18, 24, 29]
[2026-05-15 20:49:18] Drought composite end date: 2020-06-03 06:00:00
[2026-05-15 20:49:18] Land cover year: 2019
[2026-05-15 20:49:19] VIIRS Veg composite: 2020-05-24 → 2020-06-09
[2026-05-15 20:49:23] Started export task: fire_95_static
[2026-05-15 20:49:23] Started export task: fire_95_dynamic_2020-06-06
[2026-05-15 20:49:24] ------ Processing date=2020-06-07 ------
[2026-05-15 20:49:24] Using viirs_af_path: viirs_af_path
[2026-05-15 20:49:24] VIIRS Image Date: ['2020-06-07 00:00:00']
[2026-05-15 20:49:25] Weather image size: 1
[2026-05-15 20:49:25] Forecast duration: 2020-06-08 00:00:00 to 2020-06-09 00:00:00
[2026-05-15 20:49:26] Number of forecast images: 24
[2026-05-15 20:49:26] Using forecast run: 2020-06-07 18:00:00 UTC
[2026-05-15 20:49:26] Forecast Rain Available hours: [6, 7, 8, 9, 10, 11, 12, 13, 14, 15, 16, 17, 18, 19, 20, 21, 22, 23, 24, 25, 26, 27, 28, 29]
[2026-05-15 20:49:26] Valid hours for sum: [12, 18, 24, 29]
[2026-05-15 20:49:28] Drought composite end date: 2020-06-03 06:00:00
[2026-05-15 20:49:28] Land cover year: 2019
[2026-05-15 20:49:29] VIIRS Veg composite: 2020-05-24 → 2020-06-09
[2026-05-15 20:49:33] Started export task: fire_95_dynamic_2020-06-07
[2026-05-15 20:49:34] ------ Processing date=2020-06-08 ------
[2026-05-15 20:49:34] Using viirs_af_path: viirs_af_path
[2026-05-15 20:49:35] VIIRS Image Date: ['2020-06-08 00:00:00']
[2026-05-15 20:49:35] Weather image size: 1
[2026-05-15 20:49:35] Forecast duration: 2020-06-09 00:00:00 to 2020-06-10 00:00:00
[2026-05-15 20:49:36] Number of forecast images: 24
[2026-05-15 20:49:36] Using forecast run: 2020-06-08 18:00:00 UTC
[2026-05-15 20:49:36] Forecast Rain Available hours: [6, 7, 8, 9, 10, 11, 12, 13, 14, 15, 16, 17, 18, 19, 20, 21, 22, 23, 24, 25, 26, 27, 28, 29]
[2026-05-15 20:49:36] Valid hours for sum: [12, 18, 24, 29]
[2026-05-15 20:49:38] Drought composite end date: 2020-06-03 06:00:00
[2026-05-15 20:49:38] Land cover year: 2019
[2026-05-15 20:49:39] VIIRS Veg composite: 2020-05-24 → 2020-06-09
[2026-05-15 20:49:44] Started export task: fire_95_dynamic_2020-06-08
[2026-05-15 20:49:44] ------ Processing date=2020-06-09 ------
[2026-05-15 20:49:44] Using viirs_af_path: viirs_af_path
[2026-05-15 20:49:44] VIIRS Image Date: ['2020-06-09 00:00:00']
[2026-05-15 20:49:45] Weather image size: 1
[2026-05-15 20:49:45] Forecast duration: 2020-06-10 00:00:00 to 2020-06-11 00:00:00
[2026-05-15 20:49:45] Number of forecast images: 24
[2026-05-15 20:49:45] Using forecast run: 2020-06-09 18:00:00 UTC
[2026-05-15 20:49:46] Forecast Rain Available hours: [6, 7, 8, 9, 10, 11, 12, 13, 14, 15, 16, 17, 18, 19, 20, 21, 22, 23, 24, 25, 26, 27, 28, 29]
[2026-05-15 20:49:46] Valid hours for sum: [12, 18, 24, 29]
[2026-05-15 20:49:48] Drought composite end date: 2020-06-08 06:00:00
[2026-05-15 20:49:49] Land cover year: 2019
[2026-05-15 20:49:50] VIIRS Veg composite: 2020-05-24 → 2020-06-09
[2026-05-15 20:49:53] Started export task: fire_95_dynamic_2020-06-09
[2026-05-15 20:49:54] ------ Processing date=2020-06-10 ------
[2026-05-15 20:49:54] Using viirs_af_path: viirs_af_path
[2026-05-15 20:49:54] VIIRS Image Date: ['2020-06-10 00:00:00']
[2026-05-15 20:49:54] Weather image size: 1
[2026-05-15 20:49:54] Forecast duration: 2020-06-11 00:00:00 to 2020-06-12 00:00:00
[2026-05-15 20:49:55] Number of forecast images: 24
[2026-05-15 20:49:55] Using forecast run: 2020-06-10 18:00:00 UTC
[2026-05-15 20:49:55] Forecast Rain Available hours: [6, 7, 8, 9, 10, 11, 12, 13, 14, 15, 16, 17, 18, 19, 20, 21, 22, 23, 24, 25, 26, 27, 28, 29]
[2026-05-15 20:49:55] Valid hours for sum: [12, 18, 24, 29]
[2026-05-15 20:49:59] Drought composite end date: 2020-06-08 06:00:00
[2026-05-15 20:49:59] Land cover year: 2019
[2026-05-15 20:50:00] VIIRS Veg composite: 2020-05-24 → 2020-06-09
[2026-05-15 20:50:05] Started export task: fire_95_dynamic_2020-06-10
[2026-05-15 20:50:05] ------ Processing date=2020-06-11 ------
[2026-05-15 20:50:05] Using viirs_af_path: viirs_af_path
[2026-05-15 20:50:06] VIIRS Image Date: ['2020-06-11 00:00:00']
[2026-05-15 20:50:06] Weather image size: 1
[2026-05-15 20:50:06] Forecast duration: 2020-06-12 00:00:00 to 2020-06-13 00:00:00
[2026-05-15 20:50:07] Number of forecast images: 24
[2026-05-15 20:50:07] Using forecast run: 2020-06-11 18:00:00 UTC
[2026-05-15 20:50:07] Forecast Rain Available hours: [6, 7, 8, 9, 10, 11, 12, 13, 14, 15, 16, 17, 18, 19, 20, 21, 22, 23, 24, 25, 26, 27, 28, 29]
[2026-05-15 20:50:07] Valid hours for sum: [12, 18, 24, 29]
[2026-05-15 20:50:09] Drought composite end date: 2020-06-08 06:00:00
[2026-05-15 20:50:10] Land cover year: 2019
[2026-05-15 20:50:10] VIIRS Veg composite: 2020-05-24 → 2020-06-09
[2026-05-15 20:50:13] Started export task: fire_95_dynamic_2020-06-11
[2026-05-15 20:50:14] ------ Processing date=2020-06-12 ------
[2026-05-15 20:50:14] Using viirs_af_path: viirs_af_path
[2026-05-15 20:50:14] VIIRS Image Date: ['2020-06-12 00:00:00']
[2026-05-15 20:50:14] Weather image size: 1
[2026-05-15 20:50:14] Forecast duration: 2020-06-13 00:00:00 to 2020-06-14 00:00:00
[2026-05-15 20:50:15] Number of forecast images: 24
[2026-05-15 20:50:15] Using forecast run: 2020-06-12 18:00:00 UTC
[2026-05-15 20:50:15] Forecast Rain Available hours: [6, 7, 8, 9, 10, 11, 12, 13, 14, 15, 16, 17, 18, 19, 20, 21, 22, 23, 24, 25, 26, 27, 28, 29]
[2026-05-15 20:50:15] Valid hours for sum: [12, 18, 24, 29]
[2026-05-15 20:50:18] Drought composite end date: 2020-06-08 06:00:00
[2026-05-15 20:50:18] Land cover year: 2019
[2026-05-15 20:50:19] VIIRS Veg composite: 2020-05-24 → 2020-06-09
[2026-05-15 20:50:22] Started export task: fire_95_dynamic_2020-06-12
[2026-05-15 20:50:23] ------ Processing date=2020-06-13 ------
[2026-05-15 20:50:23] Using viirs_af_path: viirs_af_path
[2026-05-15 20:50:23] VIIRS Image Date: ['2020-06-13 00:00:00']
[2026-05-15 20:50:23] Weather image size: 1
[2026-05-15 20:50:23] Forecast duration: 2020-06-14 00:00:00 to 2020-06-15 00:00:00
[2026-05-15 20:50:24] Number of forecast images: 24
[2026-05-15 20:50:24] Using forecast run: 2020-06-13 18:00:00 UTC
[2026-05-15 20:50:24] Forecast Rain Available hours: [6, 7, 8, 9, 10, 11, 12, 13, 14, 15, 16, 17, 18, 19, 20, 21, 22, 23, 24, 25, 26, 27, 28, 29]
[2026-05-15 20:50:24] Valid hours for sum: [12, 18, 24, 29]
[2026-05-15 20:50:26] Drought composite end date: 2020-06-08 06:00:00
[2026-05-15 20:50:27] Land cover year: 2019
[2026-05-15 20:50:28] VIIRS Veg composite: 2020-05-24 → 2020-06-09
[2026-05-15 20:50:30] Started export task: fire_95_dynamic_2020-06-13
[2026-05-15 20:50:31] ------ Processing date=2020-06-14 ------
[2026-05-15 20:50:31] Using viirs_af_path: viirs_af_path
[2026-05-15 20:50:31] VIIRS Image Date: ['2020-06-14 00:00:00']
[2026-05-15 20:50:31] Weather image size: 1
[2026-05-15 20:50:31] Forecast duration: 2020-06-15 00:00:00 to 2020-06-16 00:00:00
[2026-05-15 20:50:32] Number of forecast images: 24
[2026-05-15 20:50:32] Using forecast run: 2020-06-14 18:00:00 UTC
[2026-05-15 20:50:32] Forecast Rain Available hours: [6, 7, 8, 9, 10, 11, 12, 13, 14, 15, 16, 17, 18, 19, 20, 21, 22, 23, 24, 25, 26, 27, 28, 29]
[2026-05-15 20:50:32] Valid hours for sum: [12, 18, 24, 29]
[2026-05-15 20:50:34] Drought composite end date: 2020-06-13 06:00:00
[2026-05-15 20:50:34] Land cover year: 2019
[2026-05-15 20:50:35] VIIRS Veg composite: 2020-05-24 → 2020-06-09
[2026-05-15 20:50:39] Started export task: fire_95_dynamic_2020-06-14
[2026-05-15 20:50:40] ------ Processing date=2020-06-15 ------
[2026-05-15 20:50:40] Using viirs_af_path: viirs_af_path
[2026-05-15 20:50:40] VIIRS Image Date: ['2020-06-15 00:00:00']
[2026-05-15 20:50:40] Weather image size: 1
[2026-05-15 20:50:40] Forecast duration: 2020-06-16 00:00:00 to 2020-06-17 00:00:00
[2026-05-15 20:50:41] Number of forecast images: 24
[2026-05-15 20:50:41] Using forecast run: 2020-06-15 18:00:00 UTC
[2026-05-15 20:50:41] Forecast Rain Available hours: [6, 7, 8, 9, 10, 11, 12, 13, 14, 15, 16, 17, 18, 19, 20, 21, 22, 23, 24, 25, 26, 27, 28, 29]
[2026-05-15 20:50:41] Valid hours for sum: [12, 18, 24, 29]
[2026-05-15 20:50:43] Drought composite end date: 2020-06-13 06:00:00
[2026-05-15 20:50:43] Land cover year: 2019
[2026-05-15 20:50:44] VIIRS Veg composite: 2020-05-24 → 2020-06-09
[2026-05-15 20:50:48] Started export task: fire_95_dynamic_2020-06-15
[2026-05-15 20:51:25] ------ Processing date=2020-06-16 ------
[2026-05-15 20:51:25] Using viirs_af_path: viirs_af_path
[2026-05-15 20:51:26] VIIRS Image Date: ['2020-06-16 00:00:00']
[2026-05-15 20:51:26] Weather image size: 1
[2026-05-15 20:51:26] Forecast duration: 2020-06-17 00:00:00 to 2020-06-18 00:00:00
[2026-05-15 20:51:41] Number of forecast images: 24
[2026-05-15 20:51:41] Using forecast run: 2020-06-16 18:00:00 UTC
[2026-05-15 20:51:42] Forecast Rain Available hours: [6, 7, 8, 9, 10, 11, 12, 13, 14, 15, 16, 17, 18, 19, 20, 21, 22, 23, 24, 25, 26, 27, 28, 29]
[2026-05-15 20:51:42] Valid hours for sum: [12, 18, 24, 29]
[2026-05-15 20:51:44] Drought composite end date: 2020-06-13 06:00:00
[2026-05-15 20:51:44] Land cover year: 2019
[2026-05-15 20:51:45] VIIRS Veg composite: 2020-05-24 → 2020-06-09
[2026-05-15 20:51:49] Started export task: fire_95_dynamic_2020-06-16
[2026-05-15 20:51:50] ------ Processing date=2020-06-17 ------
[2026-05-15 20:51:50] Using viirs_af_path: viirs_af_path
[2026-05-15 20:51:50] VIIRS Image Date: ['2020-06-17 00:00:00']
[2026-05-15 20:51:50] Weather image size: 1
[2026-05-15 20:51:50] Forecast duration: 2020-06-18 00:00:00 to 2020-06-19 00:00:00
[2026-05-15 20:51:51] Number of forecast images: 24
[2026-05-15 20:51:51] Using forecast run: 2020-06-17 18:00:00 UTC
[2026-05-15 20:51:51] Forecast Rain Available hours: [6, 7, 8, 9, 10, 11, 12, 13, 14, 15, 16, 17, 18, 19, 20, 21, 22, 23, 24, 25, 26, 27, 28, 29]
[2026-05-15 20:51:51] Valid hours for sum: [12, 18, 24, 29]
[2026-05-15 20:51:54] Drought composite end date: 2020-06-13 06:00:00
[2026-05-15 20:51:54] Land cover year: 2019
[2026-05-15 20:51:55] VIIRS Veg composite: 2020-05-24 → 2020-06-09
[2026-05-15 20:51:59] Started export task: fire_95_dynamic_2020-06-17
[2026-05-15 20:52:00] ------ Processing date=2020-06-18 ------
[2026-05-15 20:52:00] Using viirs_af_path: viirs_af_path
[2026-05-15 20:52:00] VIIRS Image Date: ['2020-06-18 00:00:00']
[2026-05-15 20:52:00] Weather image size: 1
[2026-05-15 20:52:00] Forecast duration: 2020-06-19 00:00:00 to 2020-06-20 00:00:00
[2026-05-15 20:52:01] Number of forecast images: 24
[2026-05-15 20:52:01] Using forecast run: 2020-06-18 18:00:00 UTC
[2026-05-15 20:52:02] Forecast Rain Available hours: [6, 7, 8, 9, 10, 11, 12, 13, 14, 15, 16, 17, 18, 19, 20, 21, 22, 23, 24, 25, 26, 27, 28, 29]
[2026-05-15 20:52:02] Valid hours for sum: [12, 18, 24, 29]
[2026-05-15 20:52:04] Drought composite end date: 2020-06-13 06:00:00
[2026-05-15 20:52:05] Land cover year: 2019
[2026-05-15 20:52:06] VIIRS Veg composite: 2020-05-24 → 2020-06-09
[2026-05-15 20:52:10] Started export task: fire_95_dynamic_2020-06-18
[2026-05-15 20:52:11] ------ Processing date=2020-06-19 ------
[2026-05-15 20:52:11] Using viirs_af_path: viirs_af_path
[2026-05-15 20:52:11] VIIRS Image Date: ['2020-06-19 00:00:00']
[2026-05-15 20:52:11] Weather image size: 1
[2026-05-15 20:52:11] Forecast duration: 2020-06-20 00:00:00 to 2020-06-21 00:00:00
[2026-05-15 20:52:12] Number of forecast images: 24
[2026-05-15 20:52:12] Using forecast run: 2020-06-19 18:00:00 UTC
[2026-05-15 20:52:13] Forecast Rain Available hours: [6, 7, 8, 9, 10, 11, 12, 13, 14, 15, 16, 17, 18, 19, 20, 21, 22, 23, 24, 25, 26, 27, 28, 29]
[2026-05-15 20:52:13] Valid hours for sum: [12, 18, 24, 29]
[2026-05-15 20:52:15] Drought composite end date: 2020-06-18 06:00:00
[2026-05-15 20:52:16] Land cover year: 2019
[2026-05-15 20:52:16] VIIRS Veg composite: 2020-05-24 → 2020-06-09
[2026-05-15 20:52:20] Started export task: fire_95_dynamic_2020-06-19
[2026-05-15 20:52:20] ------ Processing date=2020-06-20 ------
[2026-05-15 20:52:20] Using viirs_af_path: viirs_af_path
[2026-05-15 20:52:21] VIIRS Image Date: ['2020-06-20 00:00:00']
[2026-05-15 20:52:22] Weather image size: 1
[2026-05-15 20:52:22] Forecast duration: 2020-06-21 00:00:00 to 2020-06-22 00:00:00
[2026-05-15 20:52:23] Number of forecast images: 24
[2026-05-15 20:52:23] Using forecast run: 2020-06-20 18:00:00 UTC
[2026-05-15 20:52:24] Forecast Rain Available hours: [6, 7, 8, 9, 10, 11, 12, 13, 14, 15, 16, 17, 18, 19, 20, 21, 22, 23, 24, 25, 26, 27, 28, 29]
[2026-05-15 20:52:24] Valid hours for sum: [12, 18, 24, 29]
[2026-05-15 20:52:27] Drought composite end date: 2020-06-18 06:00:00
[2026-05-15 20:52:27] Land cover year: 2019
[2026-05-15 20:52:28] VIIRS Veg composite: 2020-05-24 → 2020-06-09
[2026-05-15 20:52:32] Started export task: fire_95_dynamic_2020-06-20
[2026-05-15 20:52:32] ------ Processing date=2020-06-21 ------
[2026-05-15 20:52:32] Using viirs_af_path: viirs_af_path
[2026-05-15 20:52:33] VIIRS Image Date: ['2020-06-21 00:00:00']
[2026-05-15 20:52:33] Weather image size: 1
[2026-05-15 20:52:33] Forecast duration: 2020-06-22 00:00:00 to 2020-06-23 00:00:00
[2026-05-15 20:52:35] Number of forecast images: 24
[2026-05-15 20:52:35] Using forecast run: 2020-06-21 18:00:00 UTC
[2026-05-15 20:52:35] Forecast Rain Available hours: [6, 7, 8, 9, 10, 11, 12, 13, 14, 15, 16, 17, 18, 19, 20, 21, 22, 23, 24, 25, 26, 27, 28, 29]
[2026-05-15 20:52:35] Valid hours for sum: [12, 18, 24, 29]
[2026-05-15 20:52:38] Drought composite end date: 2020-06-18 06:00:00
[2026-05-15 20:52:38] Land cover year: 2019
[2026-05-15 20:52:39] VIIRS Veg composite: 2020-05-24 → 2020-06-09
[2026-05-15 20:52:44] Started export task: fire_95_dynamic_2020-06-21
[2026-05-15 20:52:45] ------ Processing date=2020-06-22 ------
[2026-05-15 20:52:45] Using viirs_af_path: viirs_af_path
[2026-05-15 20:52:45] VIIRS Image Date: ['2020-06-22 00:00:00']
[2026-05-15 20:52:45] Weather image size: 1
[2026-05-15 20:52:45] Forecast duration: 2020-06-23 00:00:00 to 2020-06-24 00:00:00
[2026-05-15 20:52:47] Number of forecast images: 24
[2026-05-15 20:52:47] Using forecast run: 2020-06-22 18:00:00 UTC
[2026-05-15 20:52:47] Forecast Rain Available hours: [6, 7, 8, 9, 10, 11, 12, 13, 14, 15, 16, 17, 18, 19, 20, 21, 22, 23, 24, 25, 26, 27, 28, 29]
[2026-05-15 20:52:47] Valid hours for sum: [12, 18, 24, 29]
[2026-05-15 20:52:50] Drought composite end date: 2020-06-18 06:00:00
[2026-05-15 20:52:50] Land cover year: 2019
[2026-05-15 20:52:51] VIIRS Veg composite: 2020-05-24 → 2020-06-09
[2026-05-15 20:52:54] Started export task: fire_95_dynamic_2020-06-22
[2026-05-15 20:52:55] ------ Processing date=2020-06-23 ------
[2026-05-15 20:52:55] Using viirs_af_path: viirs_af_path
[2026-05-15 20:52:55] VIIRS Image Date: ['2020-06-23 00:00:00']
[2026-05-15 20:52:55] Weather image size: 1
[2026-05-15 20:52:55] Forecast duration: 2020-06-24 00:00:00 to 2020-06-25 00:00:00
[2026-05-15 20:52:57] Number of forecast images: 24
[2026-05-15 20:52:57] Using forecast run: 2020-06-23 18:00:00 UTC
[2026-05-15 20:52:57] Forecast Rain Available hours: [6, 7, 8, 9, 10, 11, 12, 13, 14, 15, 16, 17, 18, 19, 20, 21, 22, 23, 24, 25, 26, 27, 28, 29]
[2026-05-15 20:52:57] Valid hours for sum: [12, 18, 24, 29]
[2026-05-15 20:53:00] Drought composite end date: 2020-06-18 06:00:00
[2026-05-15 20:53:00] Land cover year: 2019
[2026-05-15 20:53:03] VIIRS Veg composite: 2020-05-24 → 2020-06-09
[2026-05-15 20:53:07] Started export task: fire_95_dynamic_2020-06-23
[2026-05-15 20:53:07] ------ Processing date=2020-06-24 ------
[2026-05-15 20:53:07] Using viirs_af_path: viirs_af_path
[2026-05-15 20:53:07] VIIRS Image Date: ['2020-06-24 00:00:00']
[2026-05-15 20:53:07] Weather image size: 1
[2026-05-15 20:53:07] Forecast duration: 2020-06-25 00:00:00 to 2020-06-26 00:00:00
[2026-05-15 20:53:09] Number of forecast images: 24
[2026-05-15 20:53:09] Using forecast run: 2020-06-24 18:00:00 UTC
[2026-05-15 20:53:09] Forecast Rain Available hours: [6, 7, 8, 9, 10, 11, 12, 13, 14, 15, 16, 17, 18, 19, 20, 21, 22, 23, 24, 25, 26, 27, 28, 29]
[2026-05-15 20:53:09] Valid hours for sum: [12, 18, 24, 29]
[2026-05-15 20:53:11] Drought composite end date: 2020-06-23 06:00:00
[2026-05-15 20:53:12] Land cover year: 2019
[2026-05-15 20:53:12] VIIRS Veg composite: 2020-05-24 → 2020-06-09
[2026-05-15 20:53:17] Started export task: fire_95_dynamic_2020-06-24
[2026-05-15 20:53:17] ------ Processing date=2020-06-25 ------
[2026-05-15 20:53:17] Using viirs_af_path: viirs_af_path
[2026-05-15 20:53:18] VIIRS Image Date: ['2020-06-25 00:00:00']
[2026-05-15 20:53:18] Weather image size: 1
[2026-05-15 20:53:18] Forecast duration: 2020-06-26 00:00:00 to 2020-06-27 00:00:00
[2026-05-15 20:53:19] Number of forecast images: 24
[2026-05-15 20:53:19] Using forecast run: 2020-06-25 18:00:00 UTC
[2026-05-15 20:53:19] Forecast Rain Available hours: [6, 7, 8, 9, 10, 11, 12, 13, 14, 15, 16, 17, 18, 19, 20, 21, 22, 23, 24, 25, 26, 27, 28, 29]
[2026-05-15 20:53:19] Valid hours for sum: [12, 18, 24, 29]
[2026-05-15 20:53:21] Drought composite end date: 2020-06-23 06:00:00
[2026-05-15 20:53:22] Land cover year: 2019
[2026-05-15 20:53:23] VIIRS Veg composite: 2020-05-24 → 2020-06-09
[2026-05-15 20:53:26] Started export task: fire_95_dynamic_2020-06-25
[2026-05-15 20:53:26] ------ Processing date=2020-06-26 ------
[2026-05-15 20:53:26] Using viirs_af_path: viirs_af_path
[2026-05-15 20:53:26] VIIRS Image Date: ['2020-06-26 00:00:00']
[2026-05-15 20:53:27] Weather image size: 1
[2026-05-15 20:53:27] Forecast duration: 2020-06-27 00:00:00 to 2020-06-28 00:00:00
[2026-05-15 20:53:27] Number of forecast images: 24
[2026-05-15 20:53:27] Using forecast run: 2020-06-26 18:00:00 UTC
[2026-05-15 20:53:28] Forecast Rain Available hours: [6, 7, 8, 9, 10, 11, 12, 13, 14, 15, 16, 17, 18, 19, 20, 21, 22, 23, 24, 25, 26, 27, 28, 29]
[2026-05-15 20:53:28] Valid hours for sum: [12, 18, 24, 29]
[2026-05-15 20:53:29] Drought composite end date: 2020-06-23 06:00:00
[2026-05-15 20:53:30] Land cover year: 2019
[2026-05-15 20:53:31] VIIRS Veg composite: 2020-05-24 → 2020-06-09
[2026-05-15 20:53:34] Started export task: fire_95_dynamic_2020-06-26
[2026-05-15 20:53:35] ------ Processing date=2020-06-27 ------
[2026-05-15 20:53:35] Using viirs_af_path: viirs_af_path
[2026-05-15 20:53:35] VIIRS Image Date: ['2020-06-27 00:00:00']
[2026-05-15 20:53:35] Weather image size: 1
[2026-05-15 20:53:35] Forecast duration: 2020-06-28 00:00:00 to 2020-06-29 00:00:00
[2026-05-15 20:53:36] Number of forecast images: 24
[2026-05-15 20:53:36] Using forecast run: 2020-06-27 18:00:00 UTC
[2026-05-15 20:53:37] Forecast Rain Available hours: [6, 7, 8, 9, 10, 11, 12, 13, 14, 15, 16, 17, 18, 19, 20, 21, 22, 23, 24, 25, 26, 27, 28, 29]
[2026-05-15 20:53:37] Valid hours for sum: [12, 18, 24, 29]
[2026-05-15 20:53:39] Drought composite end date: 2020-06-23 06:00:00
[2026-05-15 20:53:39] Land cover year: 2019
[2026-05-15 20:53:40] VIIRS Veg composite: 2020-05-24 → 2020-06-09
[2026-05-15 20:53:44] Started export task: fire_95_dynamic_2020-06-27
[2026-05-15 20:53:45] ------ Processing date=2020-06-28 ------
[2026-05-15 20:53:45] Using viirs_af_path: viirs_af_path
[2026-05-15 20:53:45] VIIRS Image Date: ['2020-06-28 00:00:00']
[2026-05-15 20:53:46] Weather image size: 1
[2026-05-15 20:53:46] Forecast duration: 2020-06-29 00:00:00 to 2020-06-30 00:00:00
[2026-05-15 20:53:47] Number of forecast images: 24
[2026-05-15 20:53:47] Using forecast run: 2020-06-28 18:00:00 UTC
[2026-05-15 20:53:47] Forecast Rain Available hours: [6, 7, 8, 9, 10, 11, 12, 13, 14, 15, 16, 17, 18, 19, 20, 21, 22, 23, 24, 25, 26, 27, 28, 29]
[2026-05-15 20:53:47] Valid hours for sum: [12, 18, 24, 29]
[2026-05-15 20:53:49] Drought composite end date: 2020-06-23 06:00:00
[2026-05-15 20:53:49] Land cover year: 2019
[2026-05-15 20:53:50] VIIRS Veg composite: 2020-05-24 → 2020-06-09
[2026-05-15 20:53:53] Started export task: fire_95_dynamic_2020-06-28
[2026-05-15 20:53:54] ------ Processing date=2020-06-29 ------
[2026-05-15 20:53:54] Using viirs_af_path: viirs_af_path
[2026-05-15 20:53:54] VIIRS Image Date: ['2020-06-29 00:00:00']
[2026-05-15 20:53:54] Weather image size: 1
[2026-05-15 20:53:54] Forecast duration: 2020-06-30 00:00:00 to 2020-07-01 00:00:00
[2026-05-15 20:53:55] Number of forecast images: 24
[2026-05-15 20:53:55] Using forecast run: 2020-06-29 18:00:00 UTC
[2026-05-15 20:53:56] Forecast Rain Available hours: [6, 7, 8, 9, 10, 11, 12, 13, 14, 15, 16, 17, 18, 19, 20, 21, 22, 23, 24, 25, 26, 27, 28, 29]
[2026-05-15 20:53:56] Valid hours for sum: [12, 18, 24, 29]
[2026-05-15 20:53:58] Drought composite end date: 2020-06-28 06:00:00
[2026-05-15 20:53:58] Land cover year: 2019
[2026-05-15 20:53:59] VIIRS Veg composite: 2020-05-24 → 2020-06-09
[2026-05-15 20:54:03] Started export task: fire_95_dynamic_2020-06-29
[2026-05-15 20:54:03] ------ Processing date=2020-06-30 ------
[2026-05-15 20:54:03] Using viirs_af_path: viirs_af_path
[2026-05-15 20:54:03] VIIRS Image Date: ['2020-06-30 00:00:00']
[2026-05-15 20:54:04] Weather image size: 1
[2026-05-15 20:54:04] Forecast duration: 2020-07-01 00:00:00 to 2020-07-02 00:00:00
[2026-05-15 20:54:05] Number of forecast images: 24
[2026-05-15 20:54:05] Using forecast run: 2020-06-30 18:00:00 UTC
[2026-05-15 20:54:05] Forecast Rain Available hours: [6, 7, 8, 9, 10, 11, 12, 13, 14, 15, 16, 17, 18, 19, 20, 21, 22, 23, 24, 25, 26, 27, 28, 29]
[2026-05-15 20:54:05] Valid hours for sum: [12, 18, 24, 29]
[2026-05-15 20:54:08] Drought composite end date: 2020-06-28 06:00:00
[2026-05-15 20:54:08] Land cover year: 2019
[2026-05-15 20:54:09] VIIRS Veg composite: 2020-05-24 → 2020-06-09
[2026-05-15 20:54:14] Started export task: fire_95_dynamic_2020-06-30
[2026-05-15 20:54:14] END: ----------Event fire_95----------- (Duration: 5.03m)
[2026-05-15 20:54:14] START: ----------Event fire_96-----------
[2026-05-15 20:54:15] ------ Processing date=2020-06-08 ------
[2026-05-15 20:54:15] Using viirs_af_path: viirs_af_path
[2026-05-15 20:54:15] VIIRS Image Date: ['2020-06-08 00:00:00']
[2026-05-15 20:54:15] Weather image size: 1
[2026-05-15 20:54:15] Forecast duration: 2020-06-09 00:00:00 to 2020-06-10 00:00:00
[2026-05-15 20:54:16] Number of forecast images: 24
[2026-05-15 20:54:16] Using forecast run: 2020-06-08 18:00:00 UTC
[2026-05-15 20:54:17] Forecast Rain Available hours: [6, 7, 8, 9, 10, 11, 12, 13, 14, 15, 16, 17, 18, 19, 20, 21, 22, 23, 24, 25, 26, 27, 28, 29]
[2026-05-15 20:54:17] Valid hours for sum: [12, 18, 24, 29]
[2026-05-15 20:54:21] Drought composite end date: 2020-06-03 06:00:00
[2026-05-15 20:54:21] Land cover year: 2019
[2026-05-15 20:54:22] VIIRS Veg composite: 2020-05-24 → 2020-06-09
[2026-05-15 20:54:27] Started export task: fire_96_static
[2026-05-15 20:54:27] Started export task: fire_96_dynamic_2020-06-08
[2026-05-15 20:54:27] ------ Processing date=2020-06-09 ------
[2026-05-15 20:54:27] Using viirs_af_path: viirs_af_path
[2026-05-15 20:54:28] VIIRS Image Date: ['2020-06-09 00:00:00']
[2026-05-15 20:54:28] Weather image size: 1
[2026-05-15 20:54:28] Forecast duration: 2020-06-10 00:00:00 to 2020-06-11 00:00:00
[2026-05-15 20:54:29] Number of forecast images: 24
[2026-05-15 20:54:29] Using forecast run: 2020-06-09 18:00:00 UTC
[2026-05-15 20:54:29] Forecast Rain Available hours: [6, 7, 8, 9, 10, 11, 12, 13, 14, 15, 16, 17, 18, 19, 20, 21, 22, 23, 24, 25, 26, 27, 28, 29]
[2026-05-15 20:54:29] Valid hours for sum: [12, 18, 24, 29]
[2026-05-15 20:54:32] Drought composite end date: 2020-06-08 06:00:00
[2026-05-15 20:54:32] Land cover year: 2019
[2026-05-15 20:54:33] VIIRS Veg composite: 2020-05-24 → 2020-06-09
[2026-05-15 20:54:36] Started export task: fire_96_dynamic_2020-06-09
[2026-05-15 20:54:37] ------ Processing date=2020-06-10 ------
[2026-05-15 20:54:37] Using viirs_af_path: viirs_af_path
[2026-05-15 20:54:37] VIIRS Image Date: ['2020-06-10 00:00:00']
[2026-05-15 20:54:37] Weather image size: 1
[2026-05-15 20:54:37] Forecast duration: 2020-06-11 00:00:00 to 2020-06-12 00:00:00
[2026-05-15 20:54:38] Number of forecast images: 24
[2026-05-15 20:54:38] Using forecast run: 2020-06-10 18:00:00 UTC
[2026-05-15 20:54:38] Forecast Rain Available hours: [6, 7, 8, 9, 10, 11, 12, 13, 14, 15, 16, 17, 18, 19, 20, 21, 22, 23, 24, 25, 26, 27, 28, 29]
[2026-05-15 20:54:38] Valid hours for sum: [12, 18, 24, 29]
[2026-05-15 20:54:40] Drought composite end date: 2020-06-08 06:00:00
[2026-05-15 20:54:40] Land cover year: 2019
[2026-05-15 20:54:41] VIIRS Veg composite: 2020-05-24 → 2020-06-09
[2026-05-15 20:54:46] Started export task: fire_96_dynamic_2020-06-10
[2026-05-15 20:54:46] ------ Processing date=2020-06-11 ------
[2026-05-15 20:54:46] Using viirs_af_path: viirs_af_path
[2026-05-15 20:54:46] VIIRS Image Date: ['2020-06-11 00:00:00']
[2026-05-15 20:54:47] Weather image size: 1
[2026-05-15 20:54:47] Forecast duration: 2020-06-12 00:00:00 to 2020-06-13 00:00:00
[2026-05-15 20:54:47] Number of forecast images: 24
[2026-05-15 20:54:47] Using forecast run: 2020-06-11 18:00:00 UTC
[2026-05-15 20:54:48] Forecast Rain Available hours: [6, 7, 8, 9, 10, 11, 12, 13, 14, 15, 16, 17, 18, 19, 20, 21, 22, 23, 24, 25, 26, 27, 28, 29]
[2026-05-15 20:54:48] Valid hours for sum: [12, 18, 24, 29]
[2026-05-15 20:54:50] Drought composite end date: 2020-06-08 06:00:00
[2026-05-15 20:54:51] Land cover year: 2019
[2026-05-15 20:54:53] VIIRS Veg composite: 2020-05-24 → 2020-06-09
[2026-05-15 20:54:58] Started export task: fire_96_dynamic_2020-06-11
[2026-05-15 20:54:58] ------ Processing date=2020-06-12 ------
[2026-05-15 20:54:58] Using viirs_af_path: viirs_af_path
[2026-05-15 20:54:58] VIIRS Image Date: ['2020-06-12 00:00:00']
[2026-05-15 20:54:58] Weather image size: 1
[2026-05-15 20:54:58] Forecast duration: 2020-06-13 00:00:00 to 2020-06-14 00:00:00
[2026-05-15 20:54:59] Number of forecast images: 24
[2026-05-15 20:54:59] Using forecast run: 2020-06-12 18:00:00 UTC
[2026-05-15 20:55:00] Forecast Rain Available hours: [6, 7, 8, 9, 10, 11, 12, 13, 14, 15, 16, 17, 18, 19, 20, 21, 22, 23, 24, 25, 26, 27, 28, 29]
[2026-05-15 20:55:00] Valid hours for sum: [12, 18, 24, 29]
[2026-05-15 20:55:02] Drought composite end date: 2020-06-08 06:00:00
[2026-05-15 20:55:02] Land cover year: 2019
[2026-05-15 20:55:03] VIIRS Veg composite: 2020-05-24 → 2020-06-09
[2026-05-15 20:55:08] Started export task: fire_96_dynamic_2020-06-12
[2026-05-15 20:55:08] ------ Processing date=2020-06-13 ------
[2026-05-15 20:55:08] Using viirs_af_path: viirs_af_path
[2026-05-15 20:55:08] VIIRS Image Date: ['2020-06-13 00:00:00']
[2026-05-15 20:55:08] Weather image size: 1
[2026-05-15 20:55:08] Forecast duration: 2020-06-14 00:00:00 to 2020-06-15 00:00:00
[2026-05-15 20:55:09] Number of forecast images: 24
[2026-05-15 20:55:09] Using forecast run: 2020-06-13 18:00:00 UTC
[2026-05-15 20:55:10] Forecast Rain Available hours: [6, 7, 8, 9, 10, 11, 12, 13, 14, 15, 16, 17, 18, 19, 20, 21, 22, 23, 24, 25, 26, 27, 28, 29]
[2026-05-15 20:55:10] Valid hours for sum: [12, 18, 24, 29]
[2026-05-15 20:55:12] Drought composite end date: 2020-06-08 06:00:00
[2026-05-15 20:55:12] Land cover year: 2019
[2026-05-15 20:55:14] VIIRS Veg composite: 2020-05-24 → 2020-06-09
[2026-05-15 20:55:18] Started export task: fire_96_dynamic_2020-06-13
[2026-05-15 20:55:19] ------ Processing date=2020-06-14 ------
[2026-05-15 20:55:19] Using viirs_af_path: viirs_af_path
[2026-05-15 20:55:20] VIIRS Image Date: ['2020-06-14 00:00:00']
[2026-05-15 20:55:20] Weather image size: 1
[2026-05-15 20:55:20] Forecast duration: 2020-06-15 00:00:00 to 2020-06-16 00:00:00
[2026-05-15 20:55:21] Number of forecast images: 24
[2026-05-15 20:55:21] Using forecast run: 2020-06-14 18:00:00 UTC
[2026-05-15 20:55:21] Forecast Rain Available hours: [6, 7, 8, 9, 10, 11, 12, 13, 14, 15, 16, 17, 18, 19, 20, 21, 22, 23, 24, 25, 26, 27, 28, 29]
[2026-05-15 20:55:21] Valid hours for sum: [12, 18, 24, 29]
[2026-05-15 20:55:24] Drought composite end date: 2020-06-13 06:00:00
[2026-05-15 20:55:25] Land cover year: 2019
[2026-05-15 20:55:25] VIIRS Veg composite: 2020-05-24 → 2020-06-09
[2026-05-15 20:55:29] Started export task: fire_96_dynamic_2020-06-14
[2026-05-15 20:55:29] ------ Processing date=2020-06-15 ------
[2026-05-15 20:55:29] Using viirs_af_path: viirs_af_path
[2026-05-15 20:55:30] VIIRS Image Date: ['2020-06-15 00:00:00']
[2026-05-15 20:55:31] Weather image size: 1
[2026-05-15 20:55:31] Forecast duration: 2020-06-16 00:00:00 to 2020-06-17 00:00:00
[2026-05-15 20:55:32] Number of forecast images: 24
[2026-05-15 20:55:32] Using forecast run: 2020-06-15 18:00:00 UTC
[2026-05-15 20:55:32] Forecast Rain Available hours: [6, 7, 8, 9, 10, 11, 12, 13, 14, 15, 16, 17, 18, 19, 20, 21, 22, 23, 24, 25, 26, 27, 28, 29]
[2026-05-15 20:55:32] Valid hours for sum: [12, 18, 24, 29]
[2026-05-15 20:55:34] Drought composite end date: 2020-06-13 06:00:00
[2026-05-15 20:55:34] Land cover year: 2019
[2026-05-15 20:55:35] VIIRS Veg composite: 2020-05-24 → 2020-06-09
[2026-05-15 20:55:39] Started export task: fire_96_dynamic_2020-06-15
[2026-05-15 20:55:39] ------ Processing date=2020-06-16 ------
[2026-05-15 20:55:39] Using viirs_af_path: viirs_af_path
[2026-05-15 20:55:39] VIIRS Image Date: ['2020-06-16 00:00:00']
[2026-05-15 20:55:40] Weather image size: 1
[2026-05-15 20:55:40] Forecast duration: 2020-06-17 00:00:00 to 2020-06-18 00:00:00
[2026-05-15 20:55:40] Number of forecast images: 24
[2026-05-15 20:55:40] Using forecast run: 2020-06-16 18:00:00 UTC
[2026-05-15 20:55:41] Forecast Rain Available hours: [6, 7, 8, 9, 10, 11, 12, 13, 14, 15, 16, 17, 18, 19, 20, 21, 22, 23, 24, 25, 26, 27, 28, 29]
[2026-05-15 20:55:41] Valid hours for sum: [12, 18, 24, 29]
[2026-05-15 20:55:44] Drought composite end date: 2020-06-13 06:00:00
[2026-05-15 20:55:44] Land cover year: 2019
[2026-05-15 20:55:46] VIIRS Veg composite: 2020-05-24 → 2020-06-09
[2026-05-15 20:55:50] Started export task: fire_96_dynamic_2020-06-16
[2026-05-15 20:55:50] ------ Processing date=2020-06-17 ------
[2026-05-15 20:55:50] Using viirs_af_path: viirs_af_path
[2026-05-15 20:55:51] VIIRS Image Date: ['2020-06-17 00:00:00']
[2026-05-15 20:55:51] Weather image size: 1
[2026-05-15 20:55:51] Forecast duration: 2020-06-18 00:00:00 to 2020-06-19 00:00:00
[2026-05-15 20:55:53] Number of forecast images: 24
[2026-05-15 20:55:53] Using forecast run: 2020-06-17 18:00:00 UTC
[2026-05-15 20:55:53] Forecast Rain Available hours: [6, 7, 8, 9, 10, 11, 12, 13, 14, 15, 16, 17, 18, 19, 20, 21, 22, 23, 24, 25, 26, 27, 28, 29]
[2026-05-15 20:55:53] Valid hours for sum: [12, 18, 24, 29]
[2026-05-15 20:55:55] Drought composite end date: 2020-06-13 06:00:00
[2026-05-15 20:55:55] Land cover year: 2019
[2026-05-15 20:55:56] VIIRS Veg composite: 2020-05-24 → 2020-06-09
[2026-05-15 20:56:00] Started export task: fire_96_dynamic_2020-06-17
[2026-05-15 20:56:00] ------ Processing date=2020-06-18 ------
[2026-05-15 20:56:00] Using viirs_af_path: viirs_af_path
[2026-05-15 20:56:00] VIIRS Image Date: ['2020-06-18 00:00:00']
[2026-05-15 20:56:01] Weather image size: 1
[2026-05-15 20:56:01] Forecast duration: 2020-06-19 00:00:00 to 2020-06-20 00:00:00
[2026-05-15 20:56:02] Number of forecast images: 24
[2026-05-15 20:56:02] Using forecast run: 2020-06-18 18:00:00 UTC
[2026-05-15 20:56:02] Forecast Rain Available hours: [6, 7, 8, 9, 10, 11, 12, 13, 14, 15, 16, 17, 18, 19, 20, 21, 22, 23, 24, 25, 26, 27, 28, 29]
[2026-05-15 20:56:02] Valid hours for sum: [12, 18, 24, 29]
[2026-05-15 20:56:04] Drought composite end date: 2020-06-13 06:00:00
[2026-05-15 20:56:05] Land cover year: 2019
[2026-05-15 20:56:06] VIIRS Veg composite: 2020-05-24 → 2020-06-09
[2026-05-15 20:56:16] Started export task: fire_96_dynamic_2020-06-18
[2026-05-15 20:56:16] ------ Processing date=2020-06-19 ------
[2026-05-15 20:56:16] Using viirs_af_path: viirs_af_path
[2026-05-15 20:56:16] VIIRS Image Date: ['2020-06-19 00:00:00']
[2026-05-15 20:56:17] Weather image size: 1
[2026-05-15 20:56:17] Forecast duration: 2020-06-20 00:00:00 to 2020-06-21 00:00:00
[2026-05-15 20:56:17] Number of forecast images: 24
[2026-05-15 20:56:17] Using forecast run: 2020-06-19 18:00:00 UTC
[2026-05-15 20:56:18] Forecast Rain Available hours: [6, 7, 8, 9, 10, 11, 12, 13, 14, 15, 16, 17, 18, 19, 20, 21, 22, 23, 24, 25, 26, 27, 28, 29]
[2026-05-15 20:56:18] Valid hours for sum: [12, 18, 24, 29]
[2026-05-15 20:56:20] Drought composite end date: 2020-06-18 06:00:00
[2026-05-15 20:56:20] Land cover year: 2019
[2026-05-15 20:56:21] VIIRS Veg composite: 2020-05-24 → 2020-06-09
[2026-05-15 20:56:26] Started export task: fire_96_dynamic_2020-06-19
[2026-05-15 20:56:26] ------ Processing date=2020-06-20 ------
[2026-05-15 20:56:26] Using viirs_af_path: viirs_af_path
[2026-05-15 20:56:26] VIIRS Image Date: ['2020-06-20 00:00:00']
[2026-05-15 20:56:27] Weather image size: 1
[2026-05-15 20:56:27] Forecast duration: 2020-06-21 00:00:00 to 2020-06-22 00:00:00
[2026-05-15 20:56:28] Number of forecast images: 24
[2026-05-15 20:56:28] Using forecast run: 2020-06-20 18:00:00 UTC
[2026-05-15 20:56:28] Forecast Rain Available hours: [6, 7, 8, 9, 10, 11, 12, 13, 14, 15, 16, 17, 18, 19, 20, 21, 22, 23, 24, 25, 26, 27, 28, 29]
[2026-05-15 20:56:28] Valid hours for sum: [12, 18, 24, 29]
[2026-05-15 20:56:30] Drought composite end date: 2020-06-18 06:00:00
[2026-05-15 20:56:30] Land cover year: 2019
[2026-05-15 20:56:36] VIIRS Veg composite: 2020-05-24 → 2020-06-09
[2026-05-15 20:56:39] Started export task: fire_96_dynamic_2020-06-20
[2026-05-15 20:56:40] ------ Processing date=2020-06-21 ------
[2026-05-15 20:56:40] Using viirs_af_path: viirs_af_path
[2026-05-15 20:56:40] VIIRS Image Date: ['2020-06-21 00:00:00']
[2026-05-15 20:56:41] Weather image size: 1
[2026-05-15 20:56:41] Forecast duration: 2020-06-22 00:00:00 to 2020-06-23 00:00:00
[2026-05-15 20:56:42] Number of forecast images: 24
[2026-05-15 20:56:42] Using forecast run: 2020-06-21 18:00:00 UTC
[2026-05-15 20:56:42] Forecast Rain Available hours: [6, 7, 8, 9, 10, 11, 12, 13, 14, 15, 16, 17, 18, 19, 20, 21, 22, 23, 24, 25, 26, 27, 28, 29]
[2026-05-15 20:56:42] Valid hours for sum: [12, 18, 24, 29]
[2026-05-15 20:56:44] Drought composite end date: 2020-06-18 06:00:00
[2026-05-15 20:56:44] Land cover year: 2019
[2026-05-15 20:56:44] VIIRS Veg composite: 2020-05-24 → 2020-06-09
[2026-05-15 20:56:48] Started export task: fire_96_dynamic_2020-06-21
[2026-05-15 20:56:49] ------ Processing date=2020-06-22 ------
[2026-05-15 20:56:49] Using viirs_af_path: viirs_af_path
[2026-05-15 20:56:49] VIIRS Image Date: ['2020-06-22 00:00:00']
[2026-05-15 20:56:49] Weather image size: 1
[2026-05-15 20:56:49] Forecast duration: 2020-06-23 00:00:00 to 2020-06-24 00:00:00
[2026-05-15 20:56:50] Number of forecast images: 24
[2026-05-15 20:56:50] Using forecast run: 2020-06-22 18:00:00 UTC
[2026-05-15 20:56:50] Forecast Rain Available hours: [6, 7, 8, 9, 10, 11, 12, 13, 14, 15, 16, 17, 18, 19, 20, 21, 22, 23, 24, 25, 26, 27, 28, 29]
[2026-05-15 20:56:50] Valid hours for sum: [12, 18, 24, 29]
[2026-05-15 20:56:53] Drought composite end date: 2020-06-18 06:00:00
[2026-05-15 20:56:53] Land cover year: 2019
[2026-05-15 20:56:54] VIIRS Veg composite: 2020-05-24 → 2020-06-09
[2026-05-15 20:56:58] Started export task: fire_96_dynamic_2020-06-22
[2026-05-15 20:56:58] ------ Processing date=2020-06-23 ------
[2026-05-15 20:56:58] Using viirs_af_path: viirs_af_path
[2026-05-15 20:56:59] VIIRS Image Date: ['2020-06-23 00:00:00']
[2026-05-15 20:56:59] Weather image size: 1
[2026-05-15 20:56:59] Forecast duration: 2020-06-24 00:00:00 to 2020-06-25 00:00:00
[2026-05-15 20:57:00] Number of forecast images: 24
[2026-05-15 20:57:00] Using forecast run: 2020-06-23 18:00:00 UTC
[2026-05-15 20:57:00] Forecast Rain Available hours: [6, 7, 8, 9, 10, 11, 12, 13, 14, 15, 16, 17, 18, 19, 20, 21, 22, 23, 24, 25, 26, 27, 28, 29]
[2026-05-15 20:57:00] Valid hours for sum: [12, 18, 24, 29]
[2026-05-15 20:57:02] Drought composite end date: 2020-06-18 06:00:00
[2026-05-15 20:57:02] Land cover year: 2019
[2026-05-15 20:57:04] VIIRS Veg composite: 2020-05-24 → 2020-06-09
[2026-05-15 20:57:08] Started export task: fire_96_dynamic_2020-06-23
[2026-05-15 20:57:09] ------ Processing date=2020-06-24 ------
[2026-05-15 20:57:09] Using viirs_af_path: viirs_af_path
[2026-05-15 20:57:09] VIIRS Image Date: ['2020-06-24 00:00:00']
[2026-05-15 20:57:09] Weather image size: 1
[2026-05-15 20:57:09] Forecast duration: 2020-06-25 00:00:00 to 2020-06-26 00:00:00
[2026-05-15 20:57:10] Number of forecast images: 24
[2026-05-15 20:57:10] Using forecast run: 2020-06-24 18:00:00 UTC
[2026-05-15 20:57:11] Forecast Rain Available hours: [6, 7, 8, 9, 10, 11, 12, 13, 14, 15, 16, 17, 18, 19, 20, 21, 22, 23, 24, 25, 26, 27, 28, 29]
[2026-05-15 20:57:11] Valid hours for sum: [12, 18, 24, 29]
[2026-05-15 20:57:14] Drought composite end date: 2020-06-23 06:00:00
[2026-05-15 20:57:14] Land cover year: 2019
[2026-05-15 20:57:15] VIIRS Veg composite: 2020-05-24 → 2020-06-09
[2026-05-15 20:57:20] Started export task: fire_96_dynamic_2020-06-24
[2026-05-15 20:57:20] ------ Processing date=2020-06-25 ------
[2026-05-15 20:57:20] Using viirs_af_path: viirs_af_path
[2026-05-15 20:57:20] VIIRS Image Date: ['2020-06-25 00:00:00']
[2026-05-15 20:57:21] Weather image size: 1
[2026-05-15 20:57:21] Forecast duration: 2020-06-26 00:00:00 to 2020-06-27 00:00:00
[2026-05-15 20:57:21] Number of forecast images: 24
[2026-05-15 20:57:21] Using forecast run: 2020-06-25 18:00:00 UTC
[2026-05-15 20:57:22] Forecast Rain Available hours: [6, 7, 8, 9, 10, 11, 12, 13, 14, 15, 16, 17, 18, 19, 20, 21, 22, 23, 24, 25, 26, 27, 28, 29]
[2026-05-15 20:57:22] Valid hours for sum: [12, 18, 24, 29]
[2026-05-15 20:57:24] Drought composite end date: 2020-06-23 06:00:00
[2026-05-15 20:57:24] Land cover year: 2019
[2026-05-15 20:57:25] VIIRS Veg composite: 2020-05-24 → 2020-06-09
[2026-05-15 20:57:29] Started export task: fire_96_dynamic_2020-06-25
[2026-05-15 20:57:30] ------ Processing date=2020-06-26 ------
[2026-05-15 20:57:30] Using viirs_af_path: viirs_af_path
[2026-05-15 20:57:30] VIIRS Image Date: ['2020-06-26 00:00:00']
[2026-05-15 20:57:30] Weather image size: 1
[2026-05-15 20:57:30] Forecast duration: 2020-06-27 00:00:00 to 2020-06-28 00:00:00
[2026-05-15 20:57:31] Number of forecast images: 24
[2026-05-15 20:57:31] Using forecast run: 2020-06-26 18:00:00 UTC
[2026-05-15 20:57:32] Forecast Rain Available hours: [6, 7, 8, 9, 10, 11, 12, 13, 14, 15, 16, 17, 18, 19, 20, 21, 22, 23, 24, 25, 26, 27, 28, 29]
[2026-05-15 20:57:32] Valid hours for sum: [12, 18, 24, 29]
[2026-05-15 20:57:34] Drought composite end date: 2020-06-23 06:00:00
[2026-05-15 20:57:34] Land cover year: 2019
[2026-05-15 20:57:35] VIIRS Veg composite: 2020-05-24 → 2020-06-09
[2026-05-15 20:57:39] Started export task: fire_96_dynamic_2020-06-26
[2026-05-15 20:57:39] ------ Processing date=2020-06-27 ------
[2026-05-15 20:57:39] Using viirs_af_path: viirs_af_path
[2026-05-15 20:57:40] VIIRS Image Date: ['2020-06-27 00:00:00']
[2026-05-15 20:57:40] Weather image size: 1
[2026-05-15 20:57:40] Forecast duration: 2020-06-28 00:00:00 to 2020-06-29 00:00:00
[2026-05-15 20:57:42] Number of forecast images: 24
[2026-05-15 20:57:42] Using forecast run: 2020-06-27 18:00:00 UTC
[2026-05-15 20:57:42] Forecast Rain Available hours: [6, 7, 8, 9, 10, 11, 12, 13, 14, 15, 16, 17, 18, 19, 20, 21, 22, 23, 24, 25, 26, 27, 28, 29]
[2026-05-15 20:57:42] Valid hours for sum: [12, 18, 24, 29]
[2026-05-15 20:57:45] Drought composite end date: 2020-06-23 06:00:00
[2026-05-15 20:57:45] Land cover year: 2019
[2026-05-15 20:57:46] VIIRS Veg composite: 2020-05-24 → 2020-06-09
[2026-05-15 20:57:51] Started export task: fire_96_dynamic_2020-06-27
[2026-05-15 20:57:51] ------ Processing date=2020-06-28 ------
[2026-05-15 20:57:51] Using viirs_af_path: viirs_af_path
[2026-05-15 20:57:51] VIIRS Image Date: ['2020-06-28 00:00:00']
[2026-05-15 20:57:52] Weather image size: 1
[2026-05-15 20:57:52] Forecast duration: 2020-06-29 00:00:00 to 2020-06-30 00:00:00
[2026-05-15 20:57:52] Number of forecast images: 24
[2026-05-15 20:57:52] Using forecast run: 2020-06-28 18:00:00 UTC
[2026-05-15 20:57:53] Forecast Rain Available hours: [6, 7, 8, 9, 10, 11, 12, 13, 14, 15, 16, 17, 18, 19, 20, 21, 22, 23, 24, 25, 26, 27, 28, 29]
[2026-05-15 20:57:53] Valid hours for sum: [12, 18, 24, 29]
[2026-05-15 20:57:56] Drought composite end date: 2020-06-23 06:00:00
[2026-05-15 20:57:56] Land cover year: 2019
[2026-05-15 20:57:58] VIIRS Veg composite: 2020-05-24 → 2020-06-09
[2026-05-15 20:58:03] Started export task: fire_96_dynamic_2020-06-28
[2026-05-15 20:58:03] ------ Processing date=2020-06-29 ------
[2026-05-15 20:58:03] Using viirs_af_path: viirs_af_path
[2026-05-15 20:58:03] VIIRS Image Date: ['2020-06-29 00:00:00']
[2026-05-15 20:58:04] Weather image size: 1
[2026-05-15 20:58:04] Forecast duration: 2020-06-30 00:00:00 to 2020-07-01 00:00:00
[2026-05-15 20:58:05] Number of forecast images: 24
[2026-05-15 20:58:05] Using forecast run: 2020-06-29 18:00:00 UTC
[2026-05-15 20:58:06] Forecast Rain Available hours: [6, 7, 8, 9, 10, 11, 12, 13, 14, 15, 16, 17, 18, 19, 20, 21, 22, 23, 24, 25, 26, 27, 28, 29]
[2026-05-15 20:58:06] Valid hours for sum: [12, 18, 24, 29]
[2026-05-15 20:58:07] Drought composite end date: 2020-06-28 06:00:00
[2026-05-15 20:58:08] Land cover year: 2019
[2026-05-15 20:58:08] VIIRS Veg composite: 2020-05-24 → 2020-06-09
[2026-05-15 20:58:12] Started export task: fire_96_dynamic_2020-06-29
[2026-05-15 20:58:12] ------ Processing date=2020-06-30 ------
[2026-05-15 20:58:12] Using viirs_af_path: viirs_af_path
[2026-05-15 20:58:13] VIIRS Image Date: ['2020-06-30 00:00:00']
[2026-05-15 20:58:13] Weather image size: 1
[2026-05-15 20:58:13] Forecast duration: 2020-07-01 00:00:00 to 2020-07-02 00:00:00
[2026-05-15 20:58:15] Number of forecast images: 24
[2026-05-15 20:58:15] Using forecast run: 2020-06-30 18:00:00 UTC
[2026-05-15 20:58:16] Forecast Rain Available hours: [6, 7, 8, 9, 10, 11, 12, 13, 14, 15, 16, 17, 18, 19, 20, 21, 22, 23, 24, 25, 26, 27, 28, 29]
[2026-05-15 20:58:16] Valid hours for sum: [12, 18, 24, 29]
[2026-05-15 20:58:18] Drought composite end date: 2020-06-28 06:00:00
[2026-05-15 20:58:19] Land cover year: 2019
[2026-05-15 20:58:20] VIIRS Veg composite: 2020-05-24 → 2020-06-09
[2026-05-15 20:58:24] Started export task: fire_96_dynamic_2020-06-30
[2026-05-15 20:58:24] ------ Processing date=2020-07-01 ------
[2026-05-15 20:58:24] Using viirs_af_path: viirs_af_path
[2026-05-15 20:58:25] VIIRS Image Date: ['2020-07-01 00:00:00']
[2026-05-15 20:58:25] Weather image size: 1
[2026-05-15 20:58:25] Forecast duration: 2020-07-02 00:00:00 to 2020-07-03 00:00:00
[2026-05-15 20:58:25] Number of forecast images: 24
[2026-05-15 20:58:25] Using forecast run: 2020-07-01 18:00:00 UTC
[2026-05-15 20:58:26] Forecast Rain Available hours: [6, 7, 8, 9, 10, 11, 12, 13, 14, 15, 16, 17, 18, 19, 20, 21, 22, 23, 24, 25, 26, 27, 28, 29]
[2026-05-15 20:58:26] Valid hours for sum: [12, 18, 24, 29]
[2026-05-15 20:58:29] Drought composite end date: 2020-06-28 06:00:00
[2026-05-15 20:58:30] Land cover year: 2019
[2026-05-15 20:58:31] VIIRS Veg composite: 2020-05-24 → 2020-06-09
[2026-05-15 20:58:34] Started export task: fire_96_dynamic_2020-07-01
[2026-05-15 20:58:34] ------ Processing date=2020-07-02 ------
[2026-05-15 20:58:34] Using viirs_af_path: viirs_af_path
[2026-05-15 20:58:34] VIIRS Image Date: ['2020-07-02 00:00:00']
[2026-05-15 20:58:34] Weather image size: 1
[2026-05-15 20:58:35] Forecast duration: 2020-07-03 00:00:00 to 2020-07-04 00:00:00
[2026-05-15 20:58:36] Number of forecast images: 24
[2026-05-15 20:58:36] Using forecast run: 2020-07-02 18:00:00 UTC
[2026-05-15 20:58:37] Forecast Rain Available hours: [6, 7, 8, 9, 10, 11, 12, 13, 14, 15, 16, 17, 18, 19, 20, 21, 22, 23, 24, 25, 26, 27, 28, 29]
[2026-05-15 20:58:37] Valid hours for sum: [12, 18, 24, 29]
[2026-05-15 20:58:39] Drought composite end date: 2020-06-28 06:00:00
[2026-05-15 20:58:39] Land cover year: 2019
[2026-05-15 20:58:40] VIIRS Veg composite: 2020-05-24 → 2020-06-09
[2026-05-15 20:58:44] Started export task: fire_96_dynamic_2020-07-02
[2026-05-15 20:58:45] ------ Processing date=2020-07-03 ------
[2026-05-15 20:58:45] Using viirs_af_path: viirs_af_path
[2026-05-15 20:58:46] VIIRS Image Date: ['2020-07-03 00:00:00']
[2026-05-15 20:58:47] Weather image size: 1
[2026-05-15 20:58:47] Forecast duration: 2020-07-04 00:00:00 to 2020-07-05 00:00:00
[2026-05-15 20:58:49] Number of forecast images: 24
[2026-05-15 20:58:49] Using forecast run: 2020-07-03 18:00:00 UTC
[2026-05-15 20:58:50] Forecast Rain Available hours: [6, 7, 8, 9, 10, 11, 12, 13, 14, 15, 16, 17, 18, 19, 20, 21, 22, 23, 24, 25, 26, 27, 28, 29]
[2026-05-15 20:58:50] Valid hours for sum: [12, 18, 24, 29]
[2026-05-15 20:58:54] Drought composite end date: 2020-06-28 06:00:00
[2026-05-15 20:58:54] Land cover year: 2019
[2026-05-15 20:58:56] VIIRS Veg composite: 2020-05-24 → 2020-06-09
[2026-05-15 20:58:59] Started export task: fire_96_dynamic_2020-07-03
[2026-05-15 20:59:00] ------ Processing date=2020-07-04 ------
[2026-05-15 20:59:00] Using viirs_af_path: viirs_af_path
[2026-05-15 20:59:00] VIIRS Image Date: ['2020-07-04 00:00:00']
[2026-05-15 20:59:00] Weather image size: 1
[2026-05-15 20:59:00] Forecast duration: 2020-07-05 00:00:00 to 2020-07-06 00:00:00
[2026-05-15 20:59:01] Number of forecast images: 24
[2026-05-15 20:59:01] Using forecast run: 2020-07-04 18:00:00 UTC
[2026-05-15 20:59:02] Forecast Rain Available hours: [6, 7, 8, 9, 10, 11, 12, 13, 14, 15, 16, 17, 18, 19, 20, 21, 22, 23, 24, 25, 26, 27, 28, 29]
[2026-05-15 20:59:02] Valid hours for sum: [12, 18, 24, 29]
[2026-05-15 20:59:03] Drought composite end date: 2020-07-03 06:00:00
[2026-05-15 20:59:04] Land cover year: 2019
[2026-05-15 20:59:05] VIIRS Veg composite: 2020-05-24 → 2020-06-09
[2026-05-15 20:59:09] Started export task: fire_96_dynamic_2020-07-04
[2026-05-15 20:59:10] ------ Processing date=2020-07-05 ------
[2026-05-15 20:59:10] Using viirs_af_path: viirs_af_path
[2026-05-15 20:59:10] VIIRS Image Date: ['2020-07-05 00:00:00']
[2026-05-15 20:59:10] Weather image size: 1
[2026-05-15 20:59:10] Forecast duration: 2020-07-06 00:00:00 to 2020-07-07 00:00:00
[2026-05-15 20:59:11] Number of forecast images: 24
[2026-05-15 20:59:11] Using forecast run: 2020-07-05 18:00:00 UTC
[2026-05-15 20:59:11] Forecast Rain Available hours: [6, 7, 8, 9, 10, 11, 12, 13, 14, 15, 16, 17, 18, 19, 20, 21, 22, 23, 24, 25, 26, 27, 28, 29]
[2026-05-15 20:59:11] Valid hours for sum: [12, 18, 24, 29]
[2026-05-15 20:59:14] Drought composite end date: 2020-07-03 06:00:00
[2026-05-15 20:59:14] Land cover year: 2019
[2026-05-15 20:59:15] VIIRS Veg composite: 2020-05-24 → 2020-06-09
[2026-05-15 20:59:19] Started export task: fire_96_dynamic_2020-07-05
[2026-05-15 20:59:20] ------ Processing date=2020-07-06 ------
[2026-05-15 20:59:20] Using viirs_af_path: viirs_af_path
[2026-05-15 20:59:20] VIIRS Image Date: ['2020-07-06 00:00:00']
[2026-05-15 20:59:20] Weather image size: 1
[2026-05-15 20:59:20] Forecast duration: 2020-07-07 00:00:00 to 2020-07-08 00:00:00
[2026-05-15 20:59:21] Number of forecast images: 24
[2026-05-15 20:59:21] Using forecast run: 2020-07-06 18:00:00 UTC
[2026-05-15 20:59:21] Forecast Rain Available hours: [6, 7, 8, 9, 10, 11, 12, 13, 14, 15, 16, 17, 18, 19, 20, 21, 22, 23, 24, 25, 26, 27, 28, 29]
[2026-05-15 20:59:21] Valid hours for sum: [12, 18, 24, 29]
[2026-05-15 20:59:25] Drought composite end date: 2020-07-03 06:00:00
[2026-05-15 20:59:25] Land cover year: 2019
[2026-05-15 20:59:26] VIIRS Veg composite: 2020-05-24 → 2020-06-09
[2026-05-15 20:59:31] Started export task: fire_96_dynamic_2020-07-06
[2026-05-15 20:59:32] ------ Processing date=2020-07-07 ------
[2026-05-15 20:59:32] Using viirs_af_path: viirs_af_path
[2026-05-15 20:59:32] VIIRS Image Date: ['2020-07-07 00:00:00']
[2026-05-15 20:59:32] Weather image size: 1
[2026-05-15 20:59:32] Forecast duration: 2020-07-08 00:00:00 to 2020-07-09 00:00:00
[2026-05-15 20:59:34] Number of forecast images: 24
[2026-05-15 20:59:34] Using forecast run: 2020-07-07 18:00:00 UTC
[2026-05-15 20:59:35] Forecast Rain Available hours: [6, 7, 8, 9, 10, 11, 12, 13, 14, 15, 16, 17, 18, 19, 20, 21, 22, 23, 24, 25, 26, 27, 28, 29]
[2026-05-15 20:59:35] Valid hours for sum: [12, 18, 24, 29]
[2026-05-15 20:59:38] Drought composite end date: 2020-07-03 06:00:00
[2026-05-15 20:59:38] Land cover year: 2019
[2026-05-15 20:59:38] VIIRS Veg composite: 2020-05-24 → 2020-06-09
[2026-05-15 20:59:42] Started export task: fire_96_dynamic_2020-07-07
[2026-05-15 20:59:42] ------ Processing date=2020-07-08 ------
[2026-05-15 20:59:42] Using viirs_af_path: viirs_af_path
[2026-05-15 20:59:42] VIIRS Image Date: ['2020-07-08 00:00:00']
[2026-05-15 20:59:43] Weather image size: 1
[2026-05-15 20:59:43] Forecast duration: 2020-07-09 00:00:00 to 2020-07-10 00:00:00
[2026-05-15 20:59:44] Number of forecast images: 24
[2026-05-15 20:59:44] Using forecast run: 2020-07-08 18:00:00 UTC
[2026-05-15 20:59:44] Forecast Rain Available hours: [6, 7, 8, 9, 10, 11, 12, 13, 14, 15, 16, 17, 18, 19, 20, 21, 22, 23, 24, 25, 26, 27, 28, 29]
[2026-05-15 20:59:44] Valid hours for sum: [12, 18, 24, 29]
[2026-05-15 20:59:45] Drought composite end date: 2020-07-03 06:00:00
[2026-05-15 20:59:45] Land cover year: 2019
[2026-05-15 20:59:46] VIIRS Veg composite: 2020-05-24 → 2020-06-09
[2026-05-15 20:59:51] Started export task: fire_96_dynamic_2020-07-08
[2026-05-15 20:59:52] ------ Processing date=2020-07-09 ------
[2026-05-15 20:59:52] Using viirs_af_path: viirs_af_path
[2026-05-15 20:59:52] VIIRS Image Date: ['2020-07-09 00:00:00']
[2026-05-15 20:59:52] Weather image size: 1
[2026-05-15 20:59:52] Forecast duration: 2020-07-10 00:00:00 to 2020-07-11 00:00:00
[2026-05-15 20:59:53] Number of forecast images: 24
[2026-05-15 20:59:53] Using forecast run: 2020-07-09 18:00:00 UTC
[2026-05-15 20:59:54] Forecast Rain Available hours: [6, 7, 8, 9, 10, 11, 12, 13, 14, 15, 16, 17, 18, 19, 20, 21, 22, 23, 24, 25, 26, 27, 28, 29]
[2026-05-15 20:59:54] Valid hours for sum: [12, 18, 24, 29]
[2026-05-15 20:59:56] Drought composite end date: 2020-07-08 06:00:00
[2026-05-15 20:59:56] Land cover year: 2019
[2026-05-15 20:59:57] VIIRS Veg composite: 2020-05-24 → 2020-06-09
[2026-05-15 21:00:02] Started export task: fire_96_dynamic_2020-07-09
[2026-05-15 21:00:02] ------ Processing date=2020-07-10 ------
[2026-05-15 21:00:02] Using viirs_af_path: viirs_af_path
[2026-05-15 21:00:03] VIIRS Image Date: ['2020-07-10 00:00:00']
[2026-05-15 21:00:03] Weather image size: 1
[2026-05-15 21:00:03] Forecast duration: 2020-07-11 00:00:00 to 2020-07-12 00:00:00
[2026-05-15 21:00:04] Number of forecast images: 24
[2026-05-15 21:00:04] Using forecast run: 2020-07-10 18:00:00 UTC
[2026-05-15 21:00:04] Forecast Rain Available hours: [6, 7, 8, 9, 10, 11, 12, 13, 14, 15, 16, 17, 18, 19, 20, 21, 22, 23, 24, 25, 26, 27, 28, 29]
[2026-05-15 21:00:04] Valid hours for sum: [12, 18, 24, 29]
[2026-05-15 21:00:08] Drought composite end date: 2020-07-08 06:00:00
[2026-05-15 21:00:08] Land cover year: 2019
[2026-05-15 21:00:09] VIIRS Veg composite: 2020-05-24 → 2020-06-09
[2026-05-15 21:00:12] Started export task: fire_96_dynamic_2020-07-10
[2026-05-15 21:00:12] ------ Processing date=2020-07-11 ------
[2026-05-15 21:00:12] Using viirs_af_path: viirs_af_path
[2026-05-15 21:00:13] VIIRS Image Date: ['2020-07-11 00:00:00']
[2026-05-15 21:00:13] Weather image size: 1
[2026-05-15 21:00:13] Forecast duration: 2020-07-12 00:00:00 to 2020-07-13 00:00:00
[2026-05-15 21:00:14] Number of forecast images: 24
[2026-05-15 21:00:14] Using forecast run: 2020-07-11 18:00:00 UTC
[2026-05-15 21:00:15] Forecast Rain Available hours: [6, 7, 8, 9, 10, 11, 12, 13, 14, 15, 16, 17, 18, 19, 20, 21, 22, 23, 24, 25, 26, 27, 28, 29]
[2026-05-15 21:00:15] Valid hours for sum: [12, 18, 24, 29]
[2026-05-15 21:00:17] Drought composite end date: 2020-07-08 06:00:00
[2026-05-15 21:00:17] Land cover year: 2019
[2026-05-15 21:00:18] VIIRS Veg composite: 2020-05-24 → 2020-06-09
[2026-05-15 21:00:23] Started export task: fire_96_dynamic_2020-07-11
[2026-05-15 21:00:23] ------ Processing date=2020-07-12 ------
[2026-05-15 21:00:23] Using viirs_af_path: viirs_af_path
[2026-05-15 21:00:23] VIIRS Image Date: ['2020-07-12 00:00:00']
[2026-05-15 21:00:23] Weather image size: 1
[2026-05-15 21:00:23] Forecast duration: 2020-07-13 00:00:00 to 2020-07-14 00:00:00
[2026-05-15 21:00:24] Number of forecast images: 24
[2026-05-15 21:00:24] Using forecast run: 2020-07-12 18:00:00 UTC
[2026-05-15 21:00:25] Forecast Rain Available hours: [6, 7, 8, 9, 10, 11, 12, 13, 14, 15, 16, 17, 18, 19, 20, 21, 22, 23, 24, 25, 26, 27, 28, 29]
[2026-05-15 21:00:25] Valid hours for sum: [12, 18, 24, 29]
[2026-05-15 21:00:27] Drought composite end date: 2020-07-08 06:00:00
[2026-05-15 21:00:27] Land cover year: 2019
[2026-05-15 21:00:28] VIIRS Veg composite: 2020-05-24 → 2020-06-09
[2026-05-15 21:00:32] Started export task: fire_96_dynamic_2020-07-12
[2026-05-15 21:00:32] ------ Processing date=2020-07-13 ------
[2026-05-15 21:00:32] Using viirs_af_path: viirs_af_path
[2026-05-15 21:00:33] VIIRS Image Date: ['2020-07-13 00:00:00']
[2026-05-15 21:00:33] Weather image size: 1
[2026-05-15 21:00:33] Forecast duration: 2020-07-14 00:00:00 to 2020-07-15 00:00:00
[2026-05-15 21:00:34] Number of forecast images: 24
[2026-05-15 21:00:34] Using forecast run: 2020-07-13 18:00:00 UTC
[2026-05-15 21:00:34] Forecast Rain Available hours: [6, 7, 8, 9, 10, 11, 12, 13, 14, 15, 16, 17, 18, 19, 20, 21, 22, 23, 24, 25, 26, 27, 28, 29]
[2026-05-15 21:00:34] Valid hours for sum: [12, 18, 24, 29]
[2026-05-15 21:00:36] Drought composite end date: 2020-07-08 06:00:00
[2026-05-15 21:00:36] Land cover year: 2019
[2026-05-15 21:00:37] VIIRS Veg composite: 2020-05-24 → 2020-06-09
[2026-05-15 21:00:41] Started export task: fire_96_dynamic_2020-07-13
[2026-05-15 21:00:42] ------ Processing date=2020-07-14 ------
[2026-05-15 21:00:42] Using viirs_af_path: viirs_af_path
[2026-05-15 21:00:42] VIIRS Image Date: ['2020-07-14 00:00:00']
[2026-05-15 21:00:42] Weather image size: 1
[2026-05-15 21:00:42] Forecast duration: 2020-07-15 00:00:00 to 2020-07-16 00:00:00
[2026-05-15 21:00:43] Number of forecast images: 24
[2026-05-15 21:00:43] Using forecast run: 2020-07-14 18:00:00 UTC
[2026-05-15 21:00:44] Forecast Rain Available hours: [6, 7, 8, 9, 10, 11, 12, 13, 14, 15, 16, 17, 18, 19, 20, 21, 22, 23, 24, 25, 26, 27, 28, 29]
[2026-05-15 21:00:44] Valid hours for sum: [12, 18, 24, 29]
[2026-05-15 21:00:45] Drought composite end date: 2020-07-13 06:00:00
[2026-05-15 21:00:45] Land cover year: 2019
[2026-05-15 21:00:46] VIIRS Veg composite: 2020-05-24 → 2020-06-09
[2026-05-15 21:00:49] Started export task: fire_96_dynamic_2020-07-14
[2026-05-15 21:00:49] ------ Processing date=2020-07-15 ------
[2026-05-15 21:00:49] Using viirs_af_path: viirs_af_path
[2026-05-15 21:00:50] VIIRS Image Date: ['2020-07-15 00:00:00']
[2026-05-15 21:00:50] Weather image size: 1
[2026-05-15 21:00:50] Forecast duration: 2020-07-16 00:00:00 to 2020-07-17 00:00:00
[2026-05-15 21:00:51] Number of forecast images: 24
[2026-05-15 21:00:51] Using forecast run: 2020-07-15 18:00:00 UTC
[2026-05-15 21:00:51] Forecast Rain Available hours: [6, 7, 8, 9, 10, 11, 12, 13, 14, 15, 16, 17, 18, 19, 20, 21, 22, 23, 24, 25, 26, 27, 28, 29]
[2026-05-15 21:00:51] Valid hours for sum: [12, 18, 24, 29]
[2026-05-15 21:00:54] Drought composite end date: 2020-07-13 06:00:00
[2026-05-15 21:00:54] Land cover year: 2019
[2026-05-15 21:00:55] VIIRS Veg composite: 2020-05-24 → 2020-06-09
[2026-05-15 21:01:01] Started export task: fire_96_dynamic_2020-07-15
[2026-05-15 21:01:01] ------ Processing date=2020-07-16 ------
[2026-05-15 21:01:01] Using viirs_af_path: viirs_af_path
[2026-05-15 21:01:01] VIIRS Image Date: ['2020-07-16 00:00:00']
[2026-05-15 21:01:02] Weather image size: 1
[2026-05-15 21:01:02] Forecast duration: 2020-07-17 00:00:00 to 2020-07-18 00:00:00
[2026-05-15 21:01:03] Number of forecast images: 24
[2026-05-15 21:01:03] Using forecast run: 2020-07-16 18:00:00 UTC
[2026-05-15 21:01:03] Forecast Rain Available hours: [6, 7, 8, 9, 10, 11, 12, 13, 14, 15, 16, 17, 18, 19, 20, 21, 22, 23, 24, 25, 26, 27, 28, 29]
[2026-05-15 21:01:03] Valid hours for sum: [12, 18, 24, 29]
[2026-05-15 21:01:05] Drought composite end date: 2020-07-13 06:00:00
[2026-05-15 21:01:06] Land cover year: 2019
[2026-05-15 21:01:06] VIIRS Veg composite: 2020-05-24 → 2020-06-09
[2026-05-15 21:01:10] Started export task: fire_96_dynamic_2020-07-16
[2026-05-15 21:01:10] ------ Processing date=2020-07-17 ------
[2026-05-15 21:01:10] Using viirs_af_path: viirs_af_path
[2026-05-15 21:01:11] VIIRS Image Date: ['2020-07-17 00:00:00']
[2026-05-15 21:01:11] Weather image size: 1
[2026-05-15 21:01:11] Forecast duration: 2020-07-18 00:00:00 to 2020-07-19 00:00:00
[2026-05-15 21:01:12] Number of forecast images: 24
[2026-05-15 21:01:12] Using forecast run: 2020-07-17 18:00:00 UTC
[2026-05-15 21:01:13] Forecast Rain Available hours: [6, 7, 8, 9, 10, 11, 12, 13, 14, 15, 16, 17, 18, 19, 20, 21, 22, 23, 24, 25, 26, 27, 28, 29]
[2026-05-15 21:01:13] Valid hours for sum: [12, 18, 24, 29]
[2026-05-15 21:01:15] Drought composite end date: 2020-07-13 06:00:00
[2026-05-15 21:01:15] Land cover year: 2019
[2026-05-15 21:01:17] VIIRS Veg composite: 2020-05-24 → 2020-06-09
[2026-05-15 21:01:22] Started export task: fire_96_dynamic_2020-07-17
[2026-05-15 21:01:23] ------ Processing date=2020-07-18 ------
[2026-05-15 21:01:23] Using viirs_af_path: viirs_af_path
[2026-05-15 21:01:23] VIIRS Image Date: ['2020-07-18 00:00:00']
[2026-05-15 21:01:23] Weather image size: 1
[2026-05-15 21:01:23] Forecast duration: 2020-07-19 00:00:00 to 2020-07-20 00:00:00
[2026-05-15 21:01:24] Number of forecast images: 24
[2026-05-15 21:01:24] Using forecast run: 2020-07-18 18:00:00 UTC
[2026-05-15 21:01:24] Forecast Rain Available hours: [6, 7, 8, 9, 10, 11, 12, 13, 14, 15, 16, 17, 18, 19, 20, 21, 22, 23, 24, 25, 26, 27, 28, 29]
[2026-05-15 21:01:24] Valid hours for sum: [12, 18, 24, 29]
[2026-05-15 21:01:26] Drought composite end date: 2020-07-13 06:00:00
[2026-05-15 21:01:26] Land cover year: 2019
[2026-05-15 21:01:27] VIIRS Veg composite: 2020-05-24 → 2020-06-09
[2026-05-15 21:01:31] Started export task: fire_96_dynamic_2020-07-18
[2026-05-15 21:01:31] ------ Processing date=2020-07-19 ------
[2026-05-15 21:01:31] Using viirs_af_path: viirs_af_path
[2026-05-15 21:01:32] VIIRS Image Date: ['2020-07-19 00:00:00']
[2026-05-15 21:01:32] Weather image size: 1
[2026-05-15 21:01:32] Forecast duration: 2020-07-20 00:00:00 to 2020-07-21 00:00:00
[2026-05-15 21:01:33] Number of forecast images: 24
[2026-05-15 21:01:33] Using forecast run: 2020-07-19 18:00:00 UTC
[2026-05-15 21:01:33] Forecast Rain Available hours: [6, 7, 8, 9, 10, 11, 12, 13, 14, 15, 16, 17, 18, 19, 20, 21, 22, 23, 24, 25, 26, 27, 28, 29]
[2026-05-15 21:01:33] Valid hours for sum: [12, 18, 24, 29]
[2026-05-15 21:01:35] Drought composite end date: 2020-07-18 06:00:00
[2026-05-15 21:01:36] Land cover year: 2019
[2026-05-15 21:01:37] VIIRS Veg composite: 2020-05-24 → 2020-06-09
[2026-05-15 21:01:40] Started export task: fire_96_dynamic_2020-07-19
[2026-05-15 21:01:40] END: ----------Event fire_96----------- (Duration: 7.43m)
[2026-05-15 21:01:40] START: ----------Event fire_98-----------
[2026-05-15 21:01:41] ------ Processing date=2020-06-08 ------
[2026-05-15 21:01:41] Using viirs_af_path: viirs_af_path
[2026-05-15 21:01:41] VIIRS Image Date: ['2020-06-08 00:00:00']
[2026-05-15 21:01:41] Weather image size: 1
[2026-05-15 21:01:41] Forecast duration: 2020-06-09 00:00:00 to 2020-06-10 00:00:00
[2026-05-15 21:01:42] Number of forecast images: 24
[2026-05-15 21:01:42] Using forecast run: 2020-06-08 18:00:00 UTC
[2026-05-15 21:01:43] Forecast Rain Available hours: [6, 7, 8, 9, 10, 11, 12, 13, 14, 15, 16, 17, 18, 19, 20, 21, 22, 23, 24, 25, 26, 27, 28, 29]
[2026-05-15 21:01:43] Valid hours for sum: [12, 18, 24, 29]
[2026-05-15 21:01:45] Drought composite end date: 2020-06-03 06:00:00
[2026-05-15 21:01:45] Land cover year: 2019
[2026-05-15 21:01:46] VIIRS Veg composite: 2020-05-24 → 2020-06-09
[2026-05-15 21:01:50] Started export task: fire_98_static
[2026-05-15 21:01:50] Started export task: fire_98_dynamic_2020-06-08
[2026-05-15 21:01:51] ------ Processing date=2020-06-09 ------
[2026-05-15 21:01:51] Using viirs_af_path: viirs_af_path
[2026-05-15 21:01:51] VIIRS Image Date: ['2020-06-09 00:00:00']
[2026-05-15 21:01:51] Weather image size: 1
[2026-05-15 21:01:51] Forecast duration: 2020-06-10 00:00:00 to 2020-06-11 00:00:00
[2026-05-15 21:01:52] Number of forecast images: 24
[2026-05-15 21:01:52] Using forecast run: 2020-06-09 18:00:00 UTC
[2026-05-15 21:01:53] Forecast Rain Available hours: [6, 7, 8, 9, 10, 11, 12, 13, 14, 15, 16, 17, 18, 19, 20, 21, 22, 23, 24, 25, 26, 27, 28, 29]
[2026-05-15 21:01:53] Valid hours for sum: [12, 18, 24, 29]
[2026-05-15 21:01:55] Drought composite end date: 2020-06-08 06:00:00
[2026-05-15 21:01:55] Land cover year: 2019
[2026-05-15 21:01:57] VIIRS Veg composite: 2020-05-24 → 2020-06-09
[2026-05-15 21:02:00] Started export task: fire_98_dynamic_2020-06-09
[2026-05-15 21:02:01] ------ Processing date=2020-06-10 ------
[2026-05-15 21:02:01] Using viirs_af_path: viirs_af_path
[2026-05-15 21:02:01] VIIRS Image Date: ['2020-06-10 00:00:00']
[2026-05-15 21:02:01] Weather image size: 1
[2026-05-15 21:02:01] Forecast duration: 2020-06-11 00:00:00 to 2020-06-12 00:00:00
[2026-05-15 21:02:02] Number of forecast images: 24
[2026-05-15 21:02:02] Using forecast run: 2020-06-10 18:00:00 UTC
[2026-05-15 21:02:03] Forecast Rain Available hours: [6, 7, 8, 9, 10, 11, 12, 13, 14, 15, 16, 17, 18, 19, 20, 21, 22, 23, 24, 25, 26, 27, 28, 29]
[2026-05-15 21:02:03] Valid hours for sum: [12, 18, 24, 29]
[2026-05-15 21:02:05] Drought composite end date: 2020-06-08 06:00:00
[2026-05-15 21:02:05] Land cover year: 2019
[2026-05-15 21:02:06] VIIRS Veg composite: 2020-05-24 → 2020-06-09
[2026-05-15 21:02:10] Started export task: fire_98_dynamic_2020-06-10
[2026-05-15 21:02:11] ------ Processing date=2020-06-11 ------
[2026-05-15 21:02:11] Using viirs_af_path: viirs_af_path
[2026-05-15 21:02:11] VIIRS Image Date: ['2020-06-11 00:00:00']
[2026-05-15 21:02:11] Weather image size: 1
[2026-05-15 21:02:11] Forecast duration: 2020-06-12 00:00:00 to 2020-06-13 00:00:00
[2026-05-15 21:02:12] Number of forecast images: 24
[2026-05-15 21:02:12] Using forecast run: 2020-06-11 18:00:00 UTC
[2026-05-15 21:02:12] Forecast Rain Available hours: [6, 7, 8, 9, 10, 11, 12, 13, 14, 15, 16, 17, 18, 19, 20, 21, 22, 23, 24, 25, 26, 27, 28, 29]
[2026-05-15 21:02:12] Valid hours for sum: [12, 18, 24, 29]
[2026-05-15 21:02:15] Drought composite end date: 2020-06-08 06:00:00
[2026-05-15 21:02:15] Land cover year: 2019
[2026-05-15 21:02:16] VIIRS Veg composite: 2020-05-24 → 2020-06-09
[2026-05-15 21:02:20] Started export task: fire_98_dynamic_2020-06-11
[2026-05-15 21:02:20] ------ Processing date=2020-06-12 ------
[2026-05-15 21:02:20] Using viirs_af_path: viirs_af_path
[2026-05-15 21:02:20] VIIRS Image Date: ['2020-06-12 00:00:00']
[2026-05-15 21:02:20] Weather image size: 1
[2026-05-15 21:02:20] Forecast duration: 2020-06-13 00:00:00 to 2020-06-14 00:00:00
[2026-05-15 21:02:22] Number of forecast images: 24
[2026-05-15 21:02:22] Using forecast run: 2020-06-12 18:00:00 UTC
[2026-05-15 21:02:22] Forecast Rain Available hours: [6, 7, 8, 9, 10, 11, 12, 13, 14, 15, 16, 17, 18, 19, 20, 21, 22, 23, 24, 25, 26, 27, 28, 29]
[2026-05-15 21:02:22] Valid hours for sum: [12, 18, 24, 29]
[2026-05-15 21:02:25] Drought composite end date: 2020-06-08 06:00:00
[2026-05-15 21:02:25] Land cover year: 2019
[2026-05-15 21:02:26] VIIRS Veg composite: 2020-05-24 → 2020-06-09
[2026-05-15 21:02:32] Started export task: fire_98_dynamic_2020-06-12
[2026-05-15 21:02:32] ------ Processing date=2020-06-13 ------
[2026-05-15 21:02:32] Using viirs_af_path: viirs_af_path
[2026-05-15 21:02:32] VIIRS Image Date: ['2020-06-13 00:00:00']
[2026-05-15 21:02:33] Weather image size: 1
[2026-05-15 21:02:33] Forecast duration: 2020-06-14 00:00:00 to 2020-06-15 00:00:00
[2026-05-15 21:02:33] Number of forecast images: 24
[2026-05-15 21:02:33] Using forecast run: 2020-06-13 18:00:00 UTC
[2026-05-15 21:02:34] Forecast Rain Available hours: [6, 7, 8, 9, 10, 11, 12, 13, 14, 15, 16, 17, 18, 19, 20, 21, 22, 23, 24, 25, 26, 27, 28, 29]
[2026-05-15 21:02:34] Valid hours for sum: [12, 18, 24, 29]
[2026-05-15 21:02:37] Drought composite end date: 2020-06-08 06:00:00
[2026-05-15 21:02:37] Land cover year: 2019
[2026-05-15 21:02:38] VIIRS Veg composite: 2020-05-24 → 2020-06-09
[2026-05-15 21:02:41] Started export task: fire_98_dynamic_2020-06-13
[2026-05-15 21:02:42] ------ Processing date=2020-06-14 ------
[2026-05-15 21:02:42] Using viirs_af_path: viirs_af_path
[2026-05-15 21:02:42] VIIRS Image Date: ['2020-06-14 00:00:00']
[2026-05-15 21:02:42] Weather image size: 1
[2026-05-15 21:02:42] Forecast duration: 2020-06-15 00:00:00 to 2020-06-16 00:00:00
[2026-05-15 21:02:43] Number of forecast images: 24
[2026-05-15 21:02:43] Using forecast run: 2020-06-14 18:00:00 UTC
[2026-05-15 21:02:43] Forecast Rain Available hours: [6, 7, 8, 9, 10, 11, 12, 13, 14, 15, 16, 17, 18, 19, 20, 21, 22, 23, 24, 25, 26, 27, 28, 29]
[2026-05-15 21:02:43] Valid hours for sum: [12, 18, 24, 29]
[2026-05-15 21:02:46] Drought composite end date: 2020-06-13 06:00:00
[2026-05-15 21:02:46] Land cover year: 2019
[2026-05-15 21:02:47] VIIRS Veg composite: 2020-05-24 → 2020-06-09
[2026-05-15 21:02:51] Started export task: fire_98_dynamic_2020-06-14
[2026-05-15 21:02:52] ------ Processing date=2020-06-15 ------
[2026-05-15 21:02:52] Using viirs_af_path: viirs_af_path
[2026-05-15 21:02:52] VIIRS Image Date: ['2020-06-15 00:00:00']
[2026-05-15 21:02:52] Weather image size: 1
[2026-05-15 21:02:52] Forecast duration: 2020-06-16 00:00:00 to 2020-06-17 00:00:00
[2026-05-15 21:02:53] Number of forecast images: 24
[2026-05-15 21:02:53] Using forecast run: 2020-06-15 18:00:00 UTC
[2026-05-15 21:02:53] Forecast Rain Available hours: [6, 7, 8, 9, 10, 11, 12, 13, 14, 15, 16, 17, 18, 19, 20, 21, 22, 23, 24, 25, 26, 27, 28, 29]
[2026-05-15 21:02:53] Valid hours for sum: [12, 18, 24, 29]
[2026-05-15 21:02:55] Drought composite end date: 2020-06-13 06:00:00
[2026-05-15 21:02:56] Land cover year: 2019
[2026-05-15 21:02:57] VIIRS Veg composite: 2020-05-24 → 2020-06-09
[2026-05-15 21:03:01] Started export task: fire_98_dynamic_2020-06-15
[2026-05-15 21:03:02] ------ Processing date=2020-06-16 ------
[2026-05-15 21:03:02] Using viirs_af_path: viirs_af_path
[2026-05-15 21:03:02] VIIRS Image Date: ['2020-06-16 00:00:00']
[2026-05-15 21:03:02] Weather image size: 1
[2026-05-15 21:03:02] Forecast duration: 2020-06-17 00:00:00 to 2020-06-18 00:00:00
[2026-05-15 21:03:03] Number of forecast images: 24
[2026-05-15 21:03:03] Using forecast run: 2020-06-16 18:00:00 UTC
[2026-05-15 21:03:03] Forecast Rain Available hours: [6, 7, 8, 9, 10, 11, 12, 13, 14, 15, 16, 17, 18, 19, 20, 21, 22, 23, 24, 25, 26, 27, 28, 29]
[2026-05-15 21:03:03] Valid hours for sum: [12, 18, 24, 29]
[2026-05-15 21:03:06] Drought composite end date: 2020-06-13 06:00:00
[2026-05-15 21:03:06] Land cover year: 2019
[2026-05-15 21:03:07] VIIRS Veg composite: 2020-05-24 → 2020-06-09
[2026-05-15 21:03:11] Started export task: fire_98_dynamic_2020-06-16
[2026-05-15 21:03:11] ------ Processing date=2020-06-17 ------
[2026-05-15 21:03:11] Using viirs_af_path: viirs_af_path
[2026-05-15 21:03:11] VIIRS Image Date: ['2020-06-17 00:00:00']
[2026-05-15 21:03:11] Weather image size: 1
[2026-05-15 21:03:11] Forecast duration: 2020-06-18 00:00:00 to 2020-06-19 00:00:00
[2026-05-15 21:03:12] Number of forecast images: 24
[2026-05-15 21:03:12] Using forecast run: 2020-06-17 18:00:00 UTC
[2026-05-15 21:03:13] Forecast Rain Available hours: [6, 7, 8, 9, 10, 11, 12, 13, 14, 15, 16, 17, 18, 19, 20, 21, 22, 23, 24, 25, 26, 27, 28, 29]
[2026-05-15 21:03:13] Valid hours for sum: [12, 18, 24, 29]
[2026-05-15 21:03:16] Drought composite end date: 2020-06-13 06:00:00
[2026-05-15 21:03:16] Land cover year: 2019
[2026-05-15 21:03:17] VIIRS Veg composite: 2020-05-24 → 2020-06-09
[2026-05-15 21:03:21] Started export task: fire_98_dynamic_2020-06-17
[2026-05-15 21:03:22] ------ Processing date=2020-06-18 ------
[2026-05-15 21:03:22] Using viirs_af_path: viirs_af_path
[2026-05-15 21:03:22] VIIRS Image Date: ['2020-06-18 00:00:00']
[2026-05-15 21:03:22] Weather image size: 1
[2026-05-15 21:03:22] Forecast duration: 2020-06-19 00:00:00 to 2020-06-20 00:00:00
[2026-05-15 21:03:23] Number of forecast images: 24
[2026-05-15 21:03:23] Using forecast run: 2020-06-18 18:00:00 UTC
[2026-05-15 21:03:23] Forecast Rain Available hours: [6, 7, 8, 9, 10, 11, 12, 13, 14, 15, 16, 17, 18, 19, 20, 21, 22, 23, 24, 25, 26, 27, 28, 29]
[2026-05-15 21:03:23] Valid hours for sum: [12, 18, 24, 29]
[2026-05-15 21:03:26] Drought composite end date: 2020-06-13 06:00:00
[2026-05-15 21:03:26] Land cover year: 2019
[2026-05-15 21:03:27] VIIRS Veg composite: 2020-05-24 → 2020-06-09
[2026-05-15 21:03:30] Started export task: fire_98_dynamic_2020-06-18
[2026-05-15 21:03:30] ------ Processing date=2020-06-19 ------
[2026-05-15 21:03:30] Using viirs_af_path: viirs_af_path
[2026-05-15 21:03:30] VIIRS Image Date: ['2020-06-19 00:00:00']
[2026-05-15 21:03:31] Weather image size: 1
[2026-05-15 21:03:31] Forecast duration: 2020-06-20 00:00:00 to 2020-06-21 00:00:00
[2026-05-15 21:03:32] Number of forecast images: 24
[2026-05-15 21:03:32] Using forecast run: 2020-06-19 18:00:00 UTC
[2026-05-15 21:03:32] Forecast Rain Available hours: [6, 7, 8, 9, 10, 11, 12, 13, 14, 15, 16, 17, 18, 19, 20, 21, 22, 23, 24, 25, 26, 27, 28, 29]
[2026-05-15 21:03:32] Valid hours for sum: [12, 18, 24, 29]
[2026-05-15 21:03:34] Drought composite end date: 2020-06-18 06:00:00
[2026-05-15 21:03:35] Land cover year: 2019
[2026-05-15 21:03:36] VIIRS Veg composite: 2020-05-24 → 2020-06-09
[2026-05-15 21:03:39] Started export task: fire_98_dynamic_2020-06-19
[2026-05-15 21:03:39] ------ Processing date=2020-06-20 ------
[2026-05-15 21:03:39] Using viirs_af_path: viirs_af_path
[2026-05-15 21:03:39] VIIRS Image Date: ['2020-06-20 00:00:00']
[2026-05-15 21:03:39] Weather image size: 1
[2026-05-15 21:03:39] Forecast duration: 2020-06-21 00:00:00 to 2020-06-22 00:00:00
[2026-05-15 21:03:41] Number of forecast images: 24
[2026-05-15 21:03:41] Using forecast run: 2020-06-20 18:00:00 UTC
[2026-05-15 21:03:41] Forecast Rain Available hours: [6, 7, 8, 9, 10, 11, 12, 13, 14, 15, 16, 17, 18, 19, 20, 21, 22, 23, 24, 25, 26, 27, 28, 29]
[2026-05-15 21:03:41] Valid hours for sum: [12, 18, 24, 29]
[2026-05-15 21:03:43] Drought composite end date: 2020-06-18 06:00:00
[2026-05-15 21:03:43] Land cover year: 2019
[2026-05-15 21:03:44] VIIRS Veg composite: 2020-05-24 → 2020-06-09
[2026-05-15 21:03:47] Started export task: fire_98_dynamic_2020-06-20
[2026-05-15 21:03:47] ------ Processing date=2020-06-21 ------
[2026-05-15 21:03:47] Using viirs_af_path: viirs_af_path
[2026-05-15 21:03:47] VIIRS Image Date: ['2020-06-21 00:00:00']
[2026-05-15 21:03:48] Weather image size: 1
[2026-05-15 21:03:48] Forecast duration: 2020-06-22 00:00:00 to 2020-06-23 00:00:00
[2026-05-15 21:03:49] Number of forecast images: 24
[2026-05-15 21:03:49] Using forecast run: 2020-06-21 18:00:00 UTC
[2026-05-15 21:03:49] Forecast Rain Available hours: [6, 7, 8, 9, 10, 11, 12, 13, 14, 15, 16, 17, 18, 19, 20, 21, 22, 23, 24, 25, 26, 27, 28, 29]
[2026-05-15 21:03:49] Valid hours for sum: [12, 18, 24, 29]
[2026-05-15 21:03:50] Drought composite end date: 2020-06-18 06:00:00
[2026-05-15 21:03:50] Land cover year: 2019
[2026-05-15 21:03:51] VIIRS Veg composite: 2020-05-24 → 2020-06-09
[2026-05-15 21:03:55] Started export task: fire_98_dynamic_2020-06-21
[2026-05-15 21:03:56] ------ Processing date=2020-06-22 ------
[2026-05-15 21:03:56] Using viirs_af_path: viirs_af_path
[2026-05-15 21:03:56] VIIRS Image Date: ['2020-06-22 00:00:00']
[2026-05-15 21:03:56] Weather image size: 1
[2026-05-15 21:03:56] Forecast duration: 2020-06-23 00:00:00 to 2020-06-24 00:00:00
[2026-05-15 21:03:57] Number of forecast images: 24
[2026-05-15 21:03:57] Using forecast run: 2020-06-22 18:00:00 UTC
[2026-05-15 21:03:57] Forecast Rain Available hours: [6, 7, 8, 9, 10, 11, 12, 13, 14, 15, 16, 17, 18, 19, 20, 21, 22, 23, 24, 25, 26, 27, 28, 29]
[2026-05-15 21:03:57] Valid hours for sum: [12, 18, 24, 29]
[2026-05-15 21:04:00] Drought composite end date: 2020-06-18 06:00:00
[2026-05-15 21:04:01] Land cover year: 2019
[2026-05-15 21:04:02] VIIRS Veg composite: 2020-05-24 → 2020-06-09
[2026-05-15 21:04:05] Started export task: fire_98_dynamic_2020-06-22
[2026-05-15 21:04:06] ------ Processing date=2020-06-23 ------
[2026-05-15 21:04:06] Using viirs_af_path: viirs_af_path
[2026-05-15 21:04:06] VIIRS Image Date: ['2020-06-23 00:00:00']
[2026-05-15 21:04:06] Weather image size: 1
[2026-05-15 21:04:06] Forecast duration: 2020-06-24 00:00:00 to 2020-06-25 00:00:00
[2026-05-15 21:04:07] Number of forecast images: 24
[2026-05-15 21:04:07] Using forecast run: 2020-06-23 18:00:00 UTC
[2026-05-15 21:04:07] Forecast Rain Available hours: [6, 7, 8, 9, 10, 11, 12, 13, 14, 15, 16, 17, 18, 19, 20, 21, 22, 23, 24, 25, 26, 27, 28, 29]
[2026-05-15 21:04:07] Valid hours for sum: [12, 18, 24, 29]
[2026-05-15 21:04:09] Drought composite end date: 2020-06-18 06:00:00
[2026-05-15 21:04:09] Land cover year: 2019
[2026-05-15 21:04:10] VIIRS Veg composite: 2020-05-24 → 2020-06-09
[2026-05-15 21:04:15] Started export task: fire_98_dynamic_2020-06-23
[2026-05-15 21:04:15] ------ Processing date=2020-06-24 ------
[2026-05-15 21:04:15] Using viirs_af_path: viirs_af_path
[2026-05-15 21:04:15] VIIRS Image Date: ['2020-06-24 00:00:00']
[2026-05-15 21:04:15] Weather image size: 1
[2026-05-15 21:04:15] Forecast duration: 2020-06-25 00:00:00 to 2020-06-26 00:00:00
[2026-05-15 21:04:16] Number of forecast images: 24
[2026-05-15 21:04:16] Using forecast run: 2020-06-24 18:00:00 UTC
[2026-05-15 21:04:17] Forecast Rain Available hours: [6, 7, 8, 9, 10, 11, 12, 13, 14, 15, 16, 17, 18, 19, 20, 21, 22, 23, 24, 25, 26, 27, 28, 29]
[2026-05-15 21:04:17] Valid hours for sum: [12, 18, 24, 29]
[2026-05-15 21:04:18] Drought composite end date: 2020-06-23 06:00:00
[2026-05-15 21:04:19] Land cover year: 2019
[2026-05-15 21:04:19] VIIRS Veg composite: 2020-05-24 → 2020-06-09
[2026-05-15 21:04:22] Started export task: fire_98_dynamic_2020-06-24
[2026-05-15 21:04:23] ------ Processing date=2020-06-25 ------
[2026-05-15 21:04:23] Using viirs_af_path: viirs_af_path
[2026-05-15 21:04:23] VIIRS Image Date: ['2020-06-25 00:00:00']
[2026-05-15 21:04:23] Weather image size: 1
[2026-05-15 21:04:23] Forecast duration: 2020-06-26 00:00:00 to 2020-06-27 00:00:00
[2026-05-15 21:04:24] Number of forecast images: 24
[2026-05-15 21:04:24] Using forecast run: 2020-06-25 18:00:00 UTC
[2026-05-15 21:04:25] Forecast Rain Available hours: [6, 7, 8, 9, 10, 11, 12, 13, 14, 15, 16, 17, 18, 19, 20, 21, 22, 23, 24, 25, 26, 27, 28, 29]
[2026-05-15 21:04:25] Valid hours for sum: [12, 18, 24, 29]
[2026-05-15 21:04:27] Drought composite end date: 2020-06-23 06:00:00
[2026-05-15 21:04:27] Land cover year: 2019
[2026-05-15 21:04:28] VIIRS Veg composite: 2020-05-24 → 2020-06-09
[2026-05-15 21:04:32] Started export task: fire_98_dynamic_2020-06-25
[2026-05-15 21:04:33] ------ Processing date=2020-06-26 ------
[2026-05-15 21:04:33] Using viirs_af_path: viirs_af_path
[2026-05-15 21:04:33] VIIRS Image Date: ['2020-06-26 00:00:00']
[2026-05-15 21:04:34] Weather image size: 1
[2026-05-15 21:04:34] Forecast duration: 2020-06-27 00:00:00 to 2020-06-28 00:00:00
[2026-05-15 21:04:34] Number of forecast images: 24
[2026-05-15 21:04:34] Using forecast run: 2020-06-26 18:00:00 UTC
[2026-05-15 21:04:35] Forecast Rain Available hours: [6, 7, 8, 9, 10, 11, 12, 13, 14, 15, 16, 17, 18, 19, 20, 21, 22, 23, 24, 25, 26, 27, 28, 29]
[2026-05-15 21:04:35] Valid hours for sum: [12, 18, 24, 29]
[2026-05-15 21:04:37] Drought composite end date: 2020-06-23 06:00:00
[2026-05-15 21:04:37] Land cover year: 2019
[2026-05-15 21:04:38] VIIRS Veg composite: 2020-05-24 → 2020-06-09
[2026-05-15 21:04:41] Started export task: fire_98_dynamic_2020-06-26
[2026-05-15 21:04:42] ------ Processing date=2020-06-27 ------
[2026-05-15 21:04:42] Using viirs_af_path: viirs_af_path
[2026-05-15 21:04:42] VIIRS Image Date: ['2020-06-27 00:00:00']
[2026-05-15 21:04:42] Weather image size: 1
[2026-05-15 21:04:42] Forecast duration: 2020-06-28 00:00:00 to 2020-06-29 00:00:00
[2026-05-15 21:04:43] Number of forecast images: 24
[2026-05-15 21:04:43] Using forecast run: 2020-06-27 18:00:00 UTC
[2026-05-15 21:04:43] Forecast Rain Available hours: [6, 7, 8, 9, 10, 11, 12, 13, 14, 15, 16, 17, 18, 19, 20, 21, 22, 23, 24, 25, 26, 27, 28, 29]
[2026-05-15 21:04:43] Valid hours for sum: [12, 18, 24, 29]
[2026-05-15 21:04:46] Drought composite end date: 2020-06-23 06:00:00
[2026-05-15 21:04:46] Land cover year: 2019
[2026-05-15 21:04:47] VIIRS Veg composite: 2020-05-24 → 2020-06-09
[2026-05-15 21:04:51] Started export task: fire_98_dynamic_2020-06-27
[2026-05-15 21:04:52] ------ Processing date=2020-06-28 ------
[2026-05-15 21:04:52] Using viirs_af_path: viirs_af_path
[2026-05-15 21:04:52] VIIRS Image Date: ['2020-06-28 00:00:00']
[2026-05-15 21:04:53] Weather image size: 1
[2026-05-15 21:04:53] Forecast duration: 2020-06-29 00:00:00 to 2020-06-30 00:00:00
[2026-05-15 21:04:53] Number of forecast images: 24
[2026-05-15 21:04:53] Using forecast run: 2020-06-28 18:00:00 UTC
[2026-05-15 21:04:54] Forecast Rain Available hours: [6, 7, 8, 9, 10, 11, 12, 13, 14, 15, 16, 17, 18, 19, 20, 21, 22, 23, 24, 25, 26, 27, 28, 29]
[2026-05-15 21:04:54] Valid hours for sum: [12, 18, 24, 29]
[2026-05-15 21:04:56] Drought composite end date: 2020-06-23 06:00:00
[2026-05-15 21:04:56] Land cover year: 2019
[2026-05-15 21:04:57] VIIRS Veg composite: 2020-05-24 → 2020-06-09
[2026-05-15 21:05:01] Started export task: fire_98_dynamic_2020-06-28
[2026-05-15 21:05:01] END: ----------Event fire_98----------- (Duration: 3.35m)
[2026-05-15 21:05:01] START: ----------Event fire_101-----------
[2026-05-15 21:05:01] ------ Processing date=2020-06-18 ------
[2026-05-15 21:05:01] Using viirs_af_path: viirs_af_path
[2026-05-15 21:05:02] VIIRS Image Date: ['2020-06-18 00:00:00']
[2026-05-15 21:05:02] Weather image size: 1
[2026-05-15 21:05:02] Forecast duration: 2020-06-19 00:00:00 to 2020-06-20 00:00:00
[2026-05-15 21:05:03] Number of forecast images: 24
[2026-05-15 21:05:03] Using forecast run: 2020-06-18 18:00:00 UTC
[2026-05-15 21:05:03] Forecast Rain Available hours: [6, 7, 8, 9, 10, 11, 12, 13, 14, 15, 16, 17, 18, 19, 20, 21, 22, 23, 24, 25, 26, 27, 28, 29]
[2026-05-15 21:05:03] Valid hours for sum: [12, 18, 24, 29]
[2026-05-15 21:05:05] Drought composite end date: 2020-06-13 06:00:00
[2026-05-15 21:05:06] Land cover year: 2019
[2026-05-15 21:05:06] VIIRS Veg composite: 2020-06-09 → 2020-06-25
[2026-05-15 21:05:10] Started export task: fire_101_static
[2026-05-15 21:05:11] Started export task: fire_101_dynamic_2020-06-18
[2026-05-15 21:05:11] ------ Processing date=2020-06-19 ------
[2026-05-15 21:05:11] Using viirs_af_path: viirs_af_path
[2026-05-15 21:05:12] VIIRS Image Date: ['2020-06-19 00:00:00']
[2026-05-15 21:05:12] Weather image size: 1
[2026-05-15 21:05:12] Forecast duration: 2020-06-20 00:00:00 to 2020-06-21 00:00:00
[2026-05-15 21:05:13] Number of forecast images: 24
[2026-05-15 21:05:13] Using forecast run: 2020-06-19 18:00:00 UTC
[2026-05-15 21:05:14] Forecast Rain Available hours: [6, 7, 8, 9, 10, 11, 12, 13, 14, 15, 16, 17, 18, 19, 20, 21, 22, 23, 24, 25, 26, 27, 28, 29]
[2026-05-15 21:05:14] Valid hours for sum: [12, 18, 24, 29]
[2026-05-15 21:05:16] Drought composite end date: 2020-06-18 06:00:00
[2026-05-15 21:05:17] Land cover year: 2019
[2026-05-15 21:05:18] VIIRS Veg composite: 2020-06-09 → 2020-06-25
[2026-05-15 21:05:23] Started export task: fire_101_dynamic_2020-06-19
[2026-05-15 21:05:24] ------ Processing date=2020-06-20 ------
[2026-05-15 21:05:24] Using viirs_af_path: viirs_af_path
[2026-05-15 21:05:25] VIIRS Image Date: ['2020-06-20 00:00:00']
[2026-05-15 21:05:25] Weather image size: 1
[2026-05-15 21:05:25] Forecast duration: 2020-06-21 00:00:00 to 2020-06-22 00:00:00
[2026-05-15 21:05:26] Number of forecast images: 24
[2026-05-15 21:05:26] Using forecast run: 2020-06-20 18:00:00 UTC
[2026-05-15 21:05:26] Forecast Rain Available hours: [6, 7, 8, 9, 10, 11, 12, 13, 14, 15, 16, 17, 18, 19, 20, 21, 22, 23, 24, 25, 26, 27, 28, 29]
[2026-05-15 21:05:26] Valid hours for sum: [12, 18, 24, 29]
[2026-05-15 21:05:28] Drought composite end date: 2020-06-18 06:00:00
[2026-05-15 21:05:28] Land cover year: 2019
[2026-05-15 21:05:29] VIIRS Veg composite: 2020-06-09 → 2020-06-25
[2026-05-15 21:05:33] Started export task: fire_101_dynamic_2020-06-20
[2026-05-15 21:05:34] ------ Processing date=2020-06-21 ------
[2026-05-15 21:05:34] Using viirs_af_path: viirs_af_path
[2026-05-15 21:05:34] VIIRS Image Date: ['2020-06-21 00:00:00']
[2026-05-15 21:05:34] Weather image size: 1
[2026-05-15 21:05:34] Forecast duration: 2020-06-22 00:00:00 to 2020-06-23 00:00:00
[2026-05-15 21:05:35] Number of forecast images: 24
[2026-05-15 21:05:35] Using forecast run: 2020-06-21 18:00:00 UTC
[2026-05-15 21:05:35] Forecast Rain Available hours: [6, 7, 8, 9, 10, 11, 12, 13, 14, 15, 16, 17, 18, 19, 20, 21, 22, 23, 24, 25, 26, 27, 28, 29]
[2026-05-15 21:05:35] Valid hours for sum: [12, 18, 24, 29]
[2026-05-15 21:05:37] Drought composite end date: 2020-06-18 06:00:00
[2026-05-15 21:05:37] Land cover year: 2019
[2026-05-15 21:05:39] VIIRS Veg composite: 2020-06-09 → 2020-06-25
[2026-05-15 21:05:42] Started export task: fire_101_dynamic_2020-06-21
[2026-05-15 21:05:43] ------ Processing date=2020-06-22 ------
[2026-05-15 21:05:43] Using viirs_af_path: viirs_af_path
[2026-05-15 21:05:43] VIIRS Image Date: ['2020-06-22 00:00:00']
[2026-05-15 21:05:43] Weather image size: 1
[2026-05-15 21:05:43] Forecast duration: 2020-06-23 00:00:00 to 2020-06-24 00:00:00
[2026-05-15 21:05:44] Number of forecast images: 24
[2026-05-15 21:05:44] Using forecast run: 2020-06-22 18:00:00 UTC
[2026-05-15 21:05:45] Forecast Rain Available hours: [6, 7, 8, 9, 10, 11, 12, 13, 14, 15, 16, 17, 18, 19, 20, 21, 22, 23, 24, 25, 26, 27, 28, 29]
[2026-05-15 21:05:45] Valid hours for sum: [12, 18, 24, 29]
[2026-05-15 21:05:47] Drought composite end date: 2020-06-18 06:00:00
[2026-05-15 21:05:47] Land cover year: 2019
[2026-05-15 21:05:48] VIIRS Veg composite: 2020-06-09 → 2020-06-25
[2026-05-15 21:05:53] Started export task: fire_101_dynamic_2020-06-22
[2026-05-15 21:05:54] ------ Processing date=2020-06-23 ------
[2026-05-15 21:05:54] Using viirs_af_path: viirs_af_path
[2026-05-15 21:05:55] VIIRS Image Date: ['2020-06-23 00:00:00']
[2026-05-15 21:05:56] Weather image size: 1
[2026-05-15 21:05:56] Forecast duration: 2020-06-24 00:00:00 to 2020-06-25 00:00:00
[2026-05-15 21:05:56] Number of forecast images: 24
[2026-05-15 21:05:56] Using forecast run: 2020-06-23 18:00:00 UTC
[2026-05-15 21:05:57] Forecast Rain Available hours: [6, 7, 8, 9, 10, 11, 12, 13, 14, 15, 16, 17, 18, 19, 20, 21, 22, 23, 24, 25, 26, 27, 28, 29]
[2026-05-15 21:05:57] Valid hours for sum: [12, 18, 24, 29]
[2026-05-15 21:05:59] Drought composite end date: 2020-06-18 06:00:00
[2026-05-15 21:05:59] Land cover year: 2019
[2026-05-15 21:06:00] VIIRS Veg composite: 2020-06-09 → 2020-06-25
[2026-05-15 21:06:04] Started export task: fire_101_dynamic_2020-06-23
[2026-05-15 21:06:04] ------ Processing date=2020-06-24 ------
[2026-05-15 21:06:04] Using viirs_af_path: viirs_af_path
[2026-05-15 21:06:04] VIIRS Image Date: ['2020-06-24 00:00:00']
[2026-05-15 21:06:04] Weather image size: 1
[2026-05-15 21:06:04] Forecast duration: 2020-06-25 00:00:00 to 2020-06-26 00:00:00
[2026-05-15 21:06:05] Number of forecast images: 24
[2026-05-15 21:06:05] Using forecast run: 2020-06-24 18:00:00 UTC
[2026-05-15 21:06:06] Forecast Rain Available hours: [6, 7, 8, 9, 10, 11, 12, 13, 14, 15, 16, 17, 18, 19, 20, 21, 22, 23, 24, 25, 26, 27, 28, 29]
[2026-05-15 21:06:06] Valid hours for sum: [12, 18, 24, 29]
[2026-05-15 21:06:09] Drought composite end date: 2020-06-23 06:00:00
[2026-05-15 21:06:09] Land cover year: 2019
[2026-05-15 21:06:10] VIIRS Veg composite: 2020-06-09 → 2020-06-25
[2026-05-15 21:06:15] Started export task: fire_101_dynamic_2020-06-24
[2026-05-15 21:06:15] ------ Processing date=2020-06-25 ------
[2026-05-15 21:06:15] Using viirs_af_path: viirs_af_path
[2026-05-15 21:06:16] VIIRS Image Date: ['2020-06-25 00:00:00']
[2026-05-15 21:06:16] Weather image size: 1
[2026-05-15 21:06:16] Forecast duration: 2020-06-26 00:00:00 to 2020-06-27 00:00:00
[2026-05-15 21:06:17] Number of forecast images: 24
[2026-05-15 21:06:17] Using forecast run: 2020-06-25 18:00:00 UTC
[2026-05-15 21:06:17] Forecast Rain Available hours: [6, 7, 8, 9, 10, 11, 12, 13, 14, 15, 16, 17, 18, 19, 20, 21, 22, 23, 24, 25, 26, 27, 28, 29]
[2026-05-15 21:06:17] Valid hours for sum: [12, 18, 24, 29]
[2026-05-15 21:06:19] Drought composite end date: 2020-06-23 06:00:00
[2026-05-15 21:06:19] Land cover year: 2019
[2026-05-15 21:06:20] VIIRS Veg composite: 2020-06-09 → 2020-06-25
[2026-05-15 21:06:24] Started export task: fire_101_dynamic_2020-06-25
[2026-05-15 21:06:24] ------ Processing date=2020-06-26 ------
[2026-05-15 21:06:24] Using viirs_af_path: viirs_af_path
[2026-05-15 21:06:24] VIIRS Image Date: ['2020-06-26 00:00:00']
[2026-05-15 21:06:25] Weather image size: 1
[2026-05-15 21:06:25] Forecast duration: 2020-06-27 00:00:00 to 2020-06-28 00:00:00
[2026-05-15 21:06:25] Number of forecast images: 24
[2026-05-15 21:06:25] Using forecast run: 2020-06-26 18:00:00 UTC
[2026-05-15 21:06:26] Forecast Rain Available hours: [6, 7, 8, 9, 10, 11, 12, 13, 14, 15, 16, 17, 18, 19, 20, 21, 22, 23, 24, 25, 26, 27, 28, 29]
[2026-05-15 21:06:26] Valid hours for sum: [12, 18, 24, 29]
[2026-05-15 21:06:28] Drought composite end date: 2020-06-23 06:00:00
[2026-05-15 21:06:28] Land cover year: 2019
[2026-05-15 21:06:29] VIIRS Veg composite: 2020-06-09 → 2020-06-25
[2026-05-15 21:06:33] Started export task: fire_101_dynamic_2020-06-26
[2026-05-15 21:06:33] ------ Processing date=2020-06-27 ------
[2026-05-15 21:06:33] Using viirs_af_path: viirs_af_path
[2026-05-15 21:06:34] VIIRS Image Date: ['2020-06-27 00:00:00']
[2026-05-15 21:06:34] Weather image size: 1
[2026-05-15 21:06:34] Forecast duration: 2020-06-28 00:00:00 to 2020-06-29 00:00:00
[2026-05-15 21:06:35] Number of forecast images: 24
[2026-05-15 21:06:35] Using forecast run: 2020-06-27 18:00:00 UTC
[2026-05-15 21:06:36] Forecast Rain Available hours: [6, 7, 8, 9, 10, 11, 12, 13, 14, 15, 16, 17, 18, 19, 20, 21, 22, 23, 24, 25, 26, 27, 28, 29]
[2026-05-15 21:06:36] Valid hours for sum: [12, 18, 24, 29]
[2026-05-15 21:06:37] Drought composite end date: 2020-06-23 06:00:00
[2026-05-15 21:06:38] Land cover year: 2019
[2026-05-15 21:06:39] VIIRS Veg composite: 2020-06-09 → 2020-06-25
[2026-05-15 21:06:43] Started export task: fire_101_dynamic_2020-06-27
[2026-05-15 21:06:44] ------ Processing date=2020-06-28 ------
[2026-05-15 21:06:44] Using viirs_af_path: viirs_af_path
[2026-05-15 21:06:45] VIIRS Image Date: ['2020-06-28 00:00:00']
[2026-05-15 21:06:45] Weather image size: 1
[2026-05-15 21:06:45] Forecast duration: 2020-06-29 00:00:00 to 2020-06-30 00:00:00
[2026-05-15 21:06:46] Number of forecast images: 24
[2026-05-15 21:06:46] Using forecast run: 2020-06-28 18:00:00 UTC
[2026-05-15 21:06:46] Forecast Rain Available hours: [6, 7, 8, 9, 10, 11, 12, 13, 14, 15, 16, 17, 18, 19, 20, 21, 22, 23, 24, 25, 26, 27, 28, 29]
[2026-05-15 21:06:46] Valid hours for sum: [12, 18, 24, 29]
[2026-05-15 21:06:48] Drought composite end date: 2020-06-23 06:00:00
[2026-05-15 21:06:48] Land cover year: 2019
[2026-05-15 21:06:49] VIIRS Veg composite: 2020-06-09 → 2020-06-25
[2026-05-15 21:06:53] Started export task: fire_101_dynamic_2020-06-28
[2026-05-15 21:06:53] ------ Processing date=2020-06-29 ------
[2026-05-15 21:06:53] Using viirs_af_path: viirs_af_path
[2026-05-15 21:06:53] VIIRS Image Date: ['2020-06-29 00:00:00']
[2026-05-15 21:06:54] Weather image size: 1
[2026-05-15 21:06:54] Forecast duration: 2020-06-30 00:00:00 to 2020-07-01 00:00:00
[2026-05-15 21:06:55] Number of forecast images: 24
[2026-05-15 21:06:55] Using forecast run: 2020-06-29 18:00:00 UTC
[2026-05-15 21:06:55] Forecast Rain Available hours: [6, 7, 8, 9, 10, 11, 12, 13, 14, 15, 16, 17, 18, 19, 20, 21, 22, 23, 24, 25, 26, 27, 28, 29]
[2026-05-15 21:06:55] Valid hours for sum: [12, 18, 24, 29]
[2026-05-15 21:06:56] Drought composite end date: 2020-06-28 06:00:00
[2026-05-15 21:06:57] Land cover year: 2019
[2026-05-15 21:06:57] VIIRS Veg composite: 2020-06-09 → 2020-06-25
[2026-05-15 21:07:01] Started export task: fire_101_dynamic_2020-06-29
[2026-05-15 21:07:01] ------ Processing date=2020-06-30 ------
[2026-05-15 21:07:01] Using viirs_af_path: viirs_af_path
[2026-05-15 21:07:02] VIIRS Image Date: ['2020-06-30 00:00:00']
[2026-05-15 21:07:02] Weather image size: 1
[2026-05-15 21:07:02] Forecast duration: 2020-07-01 00:00:00 to 2020-07-02 00:00:00
[2026-05-15 21:07:03] Number of forecast images: 24
[2026-05-15 21:07:03] Using forecast run: 2020-06-30 18:00:00 UTC
[2026-05-15 21:07:03] Forecast Rain Available hours: [6, 7, 8, 9, 10, 11, 12, 13, 14, 15, 16, 17, 18, 19, 20, 21, 22, 23, 24, 25, 26, 27, 28, 29]
[2026-05-15 21:07:03] Valid hours for sum: [12, 18, 24, 29]
[2026-05-15 21:07:05] Drought composite end date: 2020-06-28 06:00:00
[2026-05-15 21:07:06] Land cover year: 2019
[2026-05-15 21:07:07] VIIRS Veg composite: 2020-06-09 → 2020-06-25
[2026-05-15 21:07:13] Started export task: fire_101_dynamic_2020-06-30
[2026-05-15 21:07:13] ------ Processing date=2020-07-01 ------
[2026-05-15 21:07:13] Using viirs_af_path: viirs_af_path
[2026-05-15 21:07:13] VIIRS Image Date: ['2020-07-01 00:00:00']
[2026-05-15 21:07:14] Weather image size: 1
[2026-05-15 21:07:14] Forecast duration: 2020-07-02 00:00:00 to 2020-07-03 00:00:00
[2026-05-15 21:07:14] Number of forecast images: 24
[2026-05-15 21:07:14] Using forecast run: 2020-07-01 18:00:00 UTC
[2026-05-15 21:07:15] Forecast Rain Available hours: [6, 7, 8, 9, 10, 11, 12, 13, 14, 15, 16, 17, 18, 19, 20, 21, 22, 23, 24, 25, 26, 27, 28, 29]
[2026-05-15 21:07:15] Valid hours for sum: [12, 18, 24, 29]
[2026-05-15 21:07:17] Drought composite end date: 2020-06-28 06:00:00
[2026-05-15 21:07:17] Land cover year: 2019
[2026-05-15 21:07:18] VIIRS Veg composite: 2020-06-09 → 2020-06-25
[2026-05-15 21:07:21] Started export task: fire_101_dynamic_2020-07-01
[2026-05-15 21:07:21] END: ----------Event fire_101----------- (Duration: 2.34m)
[2026-05-15 21:07:21] START: ----------Event fire_103-----------
[2026-05-15 21:07:22] ------ Processing date=2020-06-20 ------
[2026-05-15 21:07:22] Using viirs_af_path: viirs_af_path
[2026-05-15 21:07:22] VIIRS Image Date: ['2020-06-20 00:00:00']
[2026-05-15 21:07:23] Weather image size: 1
[2026-05-15 21:07:23] Forecast duration: 2020-06-21 00:00:00 to 2020-06-22 00:00:00
[2026-05-15 21:07:24] Number of forecast images: 24
[2026-05-15 21:07:24] Using forecast run: 2020-06-20 18:00:00 UTC
[2026-05-15 21:07:24] Forecast Rain Available hours: [6, 7, 8, 9, 10, 11, 12, 13, 14, 15, 16, 17, 18, 19, 20, 21, 22, 23, 24, 25, 26, 27, 28, 29]
[2026-05-15 21:07:24] Valid hours for sum: [12, 18, 24, 29]
[2026-05-15 21:07:27] Drought composite end date: 2020-06-18 06:00:00
[2026-05-15 21:07:27] Land cover year: 2019
[2026-05-15 21:07:28] VIIRS Veg composite: 2020-06-09 → 2020-06-25
[2026-05-15 21:07:32] Started export task: fire_103_static
[2026-05-15 21:07:32] Started export task: fire_103_dynamic_2020-06-20
[2026-05-15 21:07:33] ------ Processing date=2020-06-21 ------
[2026-05-15 21:07:33] Using viirs_af_path: viirs_af_path
[2026-05-15 21:07:33] VIIRS Image Date: ['2020-06-21 00:00:00']
[2026-05-15 21:07:34] Weather image size: 1
[2026-05-15 21:07:34] Forecast duration: 2020-06-22 00:00:00 to 2020-06-23 00:00:00
[2026-05-15 21:07:34] Number of forecast images: 24
[2026-05-15 21:07:34] Using forecast run: 2020-06-21 18:00:00 UTC
[2026-05-15 21:07:35] Forecast Rain Available hours: [6, 7, 8, 9, 10, 11, 12, 13, 14, 15, 16, 17, 18, 19, 20, 21, 22, 23, 24, 25, 26, 27, 28, 29]
[2026-05-15 21:07:35] Valid hours for sum: [12, 18, 24, 29]
[2026-05-15 21:07:37] Drought composite end date: 2020-06-18 06:00:00
[2026-05-15 21:07:38] Land cover year: 2019
[2026-05-15 21:07:39] VIIRS Veg composite: 2020-06-09 → 2020-06-25
[2026-05-15 21:07:42] Started export task: fire_103_dynamic_2020-06-21
[2026-05-15 21:07:43] ------ Processing date=2020-06-22 ------
[2026-05-15 21:07:43] Using viirs_af_path: viirs_af_path
[2026-05-15 21:07:43] VIIRS Image Date: ['2020-06-22 00:00:00']
[2026-05-15 21:07:43] Weather image size: 1
[2026-05-15 21:07:43] Forecast duration: 2020-06-23 00:00:00 to 2020-06-24 00:00:00
[2026-05-15 21:07:45] Number of forecast images: 24
[2026-05-15 21:07:45] Using forecast run: 2020-06-22 18:00:00 UTC
[2026-05-15 21:07:45] Forecast Rain Available hours: [6, 7, 8, 9, 10, 11, 12, 13, 14, 15, 16, 17, 18, 19, 20, 21, 22, 23, 24, 25, 26, 27, 28, 29]
[2026-05-15 21:07:45] Valid hours for sum: [12, 18, 24, 29]
[2026-05-15 21:07:48] Drought composite end date: 2020-06-18 06:00:00
[2026-05-15 21:07:49] Land cover year: 2019
[2026-05-15 21:07:50] VIIRS Veg composite: 2020-06-09 → 2020-06-25
[2026-05-15 21:07:53] Started export task: fire_103_dynamic_2020-06-22
[2026-05-15 21:07:54] ------ Processing date=2020-06-23 ------
[2026-05-15 21:07:54] Using viirs_af_path: viirs_af_path
[2026-05-15 21:07:54] VIIRS Image Date: ['2020-06-23 00:00:00']
[2026-05-15 21:07:54] Weather image size: 1
[2026-05-15 21:07:54] Forecast duration: 2020-06-24 00:00:00 to 2020-06-25 00:00:00
[2026-05-15 21:07:55] Number of forecast images: 24
[2026-05-15 21:07:55] Using forecast run: 2020-06-23 18:00:00 UTC
[2026-05-15 21:07:55] Forecast Rain Available hours: [6, 7, 8, 9, 10, 11, 12, 13, 14, 15, 16, 17, 18, 19, 20, 21, 22, 23, 24, 25, 26, 27, 28, 29]
[2026-05-15 21:07:55] Valid hours for sum: [12, 18, 24, 29]
[2026-05-15 21:07:58] Drought composite end date: 2020-06-18 06:00:00
[2026-05-15 21:07:58] Land cover year: 2019
[2026-05-15 21:07:59] VIIRS Veg composite: 2020-06-09 → 2020-06-25
[2026-05-15 21:08:04] Started export task: fire_103_dynamic_2020-06-23
[2026-05-15 21:08:04] ------ Processing date=2020-06-24 ------
[2026-05-15 21:08:04] Using viirs_af_path: viirs_af_path
[2026-05-15 21:08:05] VIIRS Image Date: ['2020-06-24 00:00:00']
[2026-05-15 21:08:05] Weather image size: 1
[2026-05-15 21:08:05] Forecast duration: 2020-06-25 00:00:00 to 2020-06-26 00:00:00
[2026-05-15 21:08:06] Number of forecast images: 24
[2026-05-15 21:08:06] Using forecast run: 2020-06-24 18:00:00 UTC
[2026-05-15 21:08:07] Forecast Rain Available hours: [6, 7, 8, 9, 10, 11, 12, 13, 14, 15, 16, 17, 18, 19, 20, 21, 22, 23, 24, 25, 26, 27, 28, 29]
[2026-05-15 21:08:07] Valid hours for sum: [12, 18, 24, 29]
[2026-05-15 21:08:09] Drought composite end date: 2020-06-23 06:00:00
[2026-05-15 21:08:09] Land cover year: 2019
[2026-05-15 21:08:11] VIIRS Veg composite: 2020-06-09 → 2020-06-25
[2026-05-15 21:08:14] Started export task: fire_103_dynamic_2020-06-24
[2026-05-15 21:08:14] ------ Processing date=2020-06-25 ------
[2026-05-15 21:08:14] Using viirs_af_path: viirs_af_path
[2026-05-15 21:08:14] VIIRS Image Date: ['2020-06-25 00:00:00']
[2026-05-15 21:08:15] Weather image size: 1
[2026-05-15 21:08:15] Forecast duration: 2020-06-26 00:00:00 to 2020-06-27 00:00:00
[2026-05-15 21:08:15] Number of forecast images: 24
[2026-05-15 21:08:15] Using forecast run: 2020-06-25 18:00:00 UTC
[2026-05-15 21:08:16] Forecast Rain Available hours: [6, 7, 8, 9, 10, 11, 12, 13, 14, 15, 16, 17, 18, 19, 20, 21, 22, 23, 24, 25, 26, 27, 28, 29]
[2026-05-15 21:08:16] Valid hours for sum: [12, 18, 24, 29]
[2026-05-15 21:08:18] Drought composite end date: 2020-06-23 06:00:00
[2026-05-15 21:08:19] Land cover year: 2019
[2026-05-15 21:08:20] VIIRS Veg composite: 2020-06-09 → 2020-06-25
[2026-05-15 21:08:24] Started export task: fire_103_dynamic_2020-06-25
[2026-05-15 21:08:24] ------ Processing date=2020-06-26 ------
[2026-05-15 21:08:24] Using viirs_af_path: viirs_af_path
[2026-05-15 21:08:24] VIIRS Image Date: ['2020-06-26 00:00:00']
[2026-05-15 21:08:25] Weather image size: 1
[2026-05-15 21:08:25] Forecast duration: 2020-06-27 00:00:00 to 2020-06-28 00:00:00
[2026-05-15 21:08:25] Number of forecast images: 24
[2026-05-15 21:08:25] Using forecast run: 2020-06-26 18:00:00 UTC
[2026-05-15 21:08:26] Forecast Rain Available hours: [6, 7, 8, 9, 10, 11, 12, 13, 14, 15, 16, 17, 18, 19, 20, 21, 22, 23, 24, 25, 26, 27, 28, 29]
[2026-05-15 21:08:26] Valid hours for sum: [12, 18, 24, 29]
[2026-05-15 21:08:28] Drought composite end date: 2020-06-23 06:00:00
[2026-05-15 21:08:29] Land cover year: 2019
[2026-05-15 21:08:30] VIIRS Veg composite: 2020-06-09 → 2020-06-25
[2026-05-15 21:08:34] Started export task: fire_103_dynamic_2020-06-26
[2026-05-15 21:08:34] ------ Processing date=2020-06-27 ------
[2026-05-15 21:08:34] Using viirs_af_path: viirs_af_path
[2026-05-15 21:08:34] VIIRS Image Date: ['2020-06-27 00:00:00']
[2026-05-15 21:08:35] Weather image size: 1
[2026-05-15 21:08:35] Forecast duration: 2020-06-28 00:00:00 to 2020-06-29 00:00:00
[2026-05-15 21:08:35] Number of forecast images: 24
[2026-05-15 21:08:35] Using forecast run: 2020-06-27 18:00:00 UTC
[2026-05-15 21:08:36] Forecast Rain Available hours: [6, 7, 8, 9, 10, 11, 12, 13, 14, 15, 16, 17, 18, 19, 20, 21, 22, 23, 24, 25, 26, 27, 28, 29]
[2026-05-15 21:08:36] Valid hours for sum: [12, 18, 24, 29]
[2026-05-15 21:08:37] Drought composite end date: 2020-06-23 06:00:00
[2026-05-15 21:08:38] Land cover year: 2019
[2026-05-15 21:08:39] VIIRS Veg composite: 2020-06-09 → 2020-06-25
[2026-05-15 21:08:41] Started export task: fire_103_dynamic_2020-06-27
[2026-05-15 21:08:41] ------ Processing date=2020-06-28 ------
[2026-05-15 21:08:41] Using viirs_af_path: viirs_af_path
[2026-05-15 21:08:42] VIIRS Image Date: ['2020-06-28 00:00:00']
[2026-05-15 21:08:42] Weather image size: 1
[2026-05-15 21:08:42] Forecast duration: 2020-06-29 00:00:00 to 2020-06-30 00:00:00
[2026-05-15 21:08:43] Number of forecast images: 24
[2026-05-15 21:08:43] Using forecast run: 2020-06-28 18:00:00 UTC
[2026-05-15 21:08:43] Forecast Rain Available hours: [6, 7, 8, 9, 10, 11, 12, 13, 14, 15, 16, 17, 18, 19, 20, 21, 22, 23, 24, 25, 26, 27, 28, 29]
[2026-05-15 21:08:43] Valid hours for sum: [12, 18, 24, 29]
[2026-05-15 21:08:45] Drought composite end date: 2020-06-23 06:00:00
[2026-05-15 21:08:45] Land cover year: 2019
[2026-05-15 21:08:46] VIIRS Veg composite: 2020-06-09 → 2020-06-25
[2026-05-15 21:08:50] Started export task: fire_103_dynamic_2020-06-28
[2026-05-15 21:08:51] ------ Processing date=2020-06-29 ------
[2026-05-15 21:08:51] Using viirs_af_path: viirs_af_path
[2026-05-15 21:08:51] VIIRS Image Date: ['2020-06-29 00:00:00']
[2026-05-15 21:08:52] Weather image size: 1
[2026-05-15 21:08:52] Forecast duration: 2020-06-30 00:00:00 to 2020-07-01 00:00:00
[2026-05-15 21:08:52] Number of forecast images: 24
[2026-05-15 21:08:52] Using forecast run: 2020-06-29 18:00:00 UTC
[2026-05-15 21:08:53] Forecast Rain Available hours: [6, 7, 8, 9, 10, 11, 12, 13, 14, 15, 16, 17, 18, 19, 20, 21, 22, 23, 24, 25, 26, 27, 28, 29]
[2026-05-15 21:08:53] Valid hours for sum: [12, 18, 24, 29]
[2026-05-15 21:08:54] Drought composite end date: 2020-06-28 06:00:00
[2026-05-15 21:08:55] Land cover year: 2019
[2026-05-15 21:08:55] VIIRS Veg composite: 2020-06-09 → 2020-06-25
[2026-05-15 21:08:58] Started export task: fire_103_dynamic_2020-06-29
[2026-05-15 21:08:58] ------ Processing date=2020-06-30 ------
[2026-05-15 21:08:58] Using viirs_af_path: viirs_af_path
[2026-05-15 21:08:58] VIIRS Image Date: ['2020-06-30 00:00:00']
[2026-05-15 21:08:59] Weather image size: 1
[2026-05-15 21:08:59] Forecast duration: 2020-07-01 00:00:00 to 2020-07-02 00:00:00
[2026-05-15 21:09:00] Number of forecast images: 24
[2026-05-15 21:09:00] Using forecast run: 2020-06-30 18:00:00 UTC
[2026-05-15 21:09:01] Forecast Rain Available hours: [6, 7, 8, 9, 10, 11, 12, 13, 14, 15, 16, 17, 18, 19, 20, 21, 22, 23, 24, 25, 26, 27, 28, 29]
[2026-05-15 21:09:01] Valid hours for sum: [12, 18, 24, 29]
[2026-05-15 21:09:03] Drought composite end date: 2020-06-28 06:00:00
[2026-05-15 21:09:03] Land cover year: 2019
[2026-05-15 21:09:04] VIIRS Veg composite: 2020-06-09 → 2020-06-25
[2026-05-15 21:09:09] Started export task: fire_103_dynamic_2020-06-30
[2026-05-15 21:09:09] ------ Processing date=2020-07-01 ------
[2026-05-15 21:09:09] Using viirs_af_path: viirs_af_path
[2026-05-15 21:09:10] VIIRS Image Date: ['2020-07-01 00:00:00']
[2026-05-15 21:09:10] Weather image size: 1
[2026-05-15 21:09:10] Forecast duration: 2020-07-02 00:00:00 to 2020-07-03 00:00:00
[2026-05-15 21:09:11] Number of forecast images: 24
[2026-05-15 21:09:11] Using forecast run: 2020-07-01 18:00:00 UTC
[2026-05-15 21:09:11] Forecast Rain Available hours: [6, 7, 8, 9, 10, 11, 12, 13, 14, 15, 16, 17, 18, 19, 20, 21, 22, 23, 24, 25, 26, 27, 28, 29]
[2026-05-15 21:09:11] Valid hours for sum: [12, 18, 24, 29]
[2026-05-15 21:09:15] Drought composite end date: 2020-06-28 06:00:00
[2026-05-15 21:09:15] Land cover year: 2019
[2026-05-15 21:09:16] VIIRS Veg composite: 2020-06-09 → 2020-06-25
[2026-05-15 21:09:20] Started export task: fire_103_dynamic_2020-07-01
[2026-05-15 21:09:20] ------ Processing date=2020-07-02 ------
[2026-05-15 21:09:20] Using viirs_af_path: viirs_af_path
[2026-05-15 21:09:21] VIIRS Image Date: ['2020-07-02 00:00:00']
[2026-05-15 21:09:21] Weather image size: 1
[2026-05-15 21:09:21] Forecast duration: 2020-07-03 00:00:00 to 2020-07-04 00:00:00
[2026-05-15 21:09:22] Number of forecast images: 24
[2026-05-15 21:09:22] Using forecast run: 2020-07-02 18:00:00 UTC
[2026-05-15 21:09:22] Forecast Rain Available hours: [6, 7, 8, 9, 10, 11, 12, 13, 14, 15, 16, 17, 18, 19, 20, 21, 22, 23, 24, 25, 26, 27, 28, 29]
[2026-05-15 21:09:22] Valid hours for sum: [12, 18, 24, 29]
[2026-05-15 21:09:23] Drought composite end date: 2020-06-28 06:00:00
[2026-05-15 21:09:24] Land cover year: 2019
[2026-05-15 21:09:24] VIIRS Veg composite: 2020-06-09 → 2020-06-25
[2026-05-15 21:09:28] Started export task: fire_103_dynamic_2020-07-02
[2026-05-15 21:09:29] ------ Processing date=2020-07-03 ------
[2026-05-15 21:09:29] Using viirs_af_path: viirs_af_path
[2026-05-15 21:09:29] VIIRS Image Date: ['2020-07-03 00:00:00']
[2026-05-15 21:09:29] Weather image size: 1
[2026-05-15 21:09:29] Forecast duration: 2020-07-04 00:00:00 to 2020-07-05 00:00:00
[2026-05-15 21:09:30] Number of forecast images: 24
[2026-05-15 21:09:30] Using forecast run: 2020-07-03 18:00:00 UTC
[2026-05-15 21:09:30] Forecast Rain Available hours: [6, 7, 8, 9, 10, 11, 12, 13, 14, 15, 16, 17, 18, 19, 20, 21, 22, 23, 24, 25, 26, 27, 28, 29]
[2026-05-15 21:09:30] Valid hours for sum: [12, 18, 24, 29]
[2026-05-15 21:09:32] Drought composite end date: 2020-06-28 06:00:00
[2026-05-15 21:09:32] Land cover year: 2019
[2026-05-15 21:09:33] VIIRS Veg composite: 2020-06-09 → 2020-06-25
[2026-05-15 21:09:39] Started export task: fire_103_dynamic_2020-07-03
[2026-05-15 21:09:40] ------ Processing date=2020-07-04 ------
[2026-05-15 21:09:40] Using viirs_af_path: viirs_af_path
[2026-05-15 21:09:40] VIIRS Image Date: ['2020-07-04 00:00:00']
[2026-05-15 21:09:40] Weather image size: 1
[2026-05-15 21:09:40] Forecast duration: 2020-07-05 00:00:00 to 2020-07-06 00:00:00
[2026-05-15 21:09:41] Number of forecast images: 24
[2026-05-15 21:09:41] Using forecast run: 2020-07-04 18:00:00 UTC
[2026-05-15 21:09:42] Forecast Rain Available hours: [6, 7, 8, 9, 10, 11, 12, 13, 14, 15, 16, 17, 18, 19, 20, 21, 22, 23, 24, 25, 26, 27, 28, 29]
[2026-05-15 21:09:42] Valid hours for sum: [12, 18, 24, 29]
[2026-05-15 21:09:44] Drought composite end date: 2020-07-03 06:00:00
[2026-05-15 21:09:45] Land cover year: 2019
[2026-05-15 21:09:46] VIIRS Veg composite: 2020-06-09 → 2020-06-25
[2026-05-15 21:09:54] Started export task: fire_103_dynamic_2020-07-04
[2026-05-15 21:09:54] ------ Processing date=2020-07-05 ------
[2026-05-15 21:09:54] Using viirs_af_path: viirs_af_path
[2026-05-15 21:09:55] VIIRS Image Date: ['2020-07-05 00:00:00']
[2026-05-15 21:09:55] Weather image size: 1
[2026-05-15 21:09:55] Forecast duration: 2020-07-06 00:00:00 to 2020-07-07 00:00:00
[2026-05-15 21:09:56] Number of forecast images: 24
[2026-05-15 21:09:56] Using forecast run: 2020-07-05 18:00:00 UTC
[2026-05-15 21:09:56] Forecast Rain Available hours: [6, 7, 8, 9, 10, 11, 12, 13, 14, 15, 16, 17, 18, 19, 20, 21, 22, 23, 24, 25, 26, 27, 28, 29]
[2026-05-15 21:09:56] Valid hours for sum: [12, 18, 24, 29]
[2026-05-15 21:09:58] Drought composite end date: 2020-07-03 06:00:00
[2026-05-15 21:09:59] Land cover year: 2019
[2026-05-15 21:10:00] VIIRS Veg composite: 2020-06-09 → 2020-06-25
[2026-05-15 21:10:04] Started export task: fire_103_dynamic_2020-07-05
[2026-05-15 21:10:04] ------ Processing date=2020-07-06 ------
[2026-05-15 21:10:04] Using viirs_af_path: viirs_af_path
[2026-05-15 21:10:05] VIIRS Image Date: ['2020-07-06 00:00:00']
[2026-05-15 21:10:05] Weather image size: 1
[2026-05-15 21:10:05] Forecast duration: 2020-07-07 00:00:00 to 2020-07-08 00:00:00
[2026-05-15 21:10:06] Number of forecast images: 24
[2026-05-15 21:10:06] Using forecast run: 2020-07-06 18:00:00 UTC
[2026-05-15 21:10:07] Forecast Rain Available hours: [6, 7, 8, 9, 10, 11, 12, 13, 14, 15, 16, 17, 18, 19, 20, 21, 22, 23, 24, 25, 26, 27, 28, 29]
[2026-05-15 21:10:07] Valid hours for sum: [12, 18, 24, 29]
[2026-05-15 21:10:09] Drought composite end date: 2020-07-03 06:00:00
[2026-05-15 21:10:10] Land cover year: 2019
[2026-05-15 21:10:12] VIIRS Veg composite: 2020-06-09 → 2020-06-25
[2026-05-15 21:10:15] Started export task: fire_103_dynamic_2020-07-06
[2026-05-15 21:10:15] ------ Processing date=2020-07-07 ------
[2026-05-15 21:10:15] Using viirs_af_path: viirs_af_path
[2026-05-15 21:10:16] VIIRS Image Date: ['2020-07-07 00:00:00']
[2026-05-15 21:10:16] Weather image size: 1
[2026-05-15 21:10:16] Forecast duration: 2020-07-08 00:00:00 to 2020-07-09 00:00:00
[2026-05-15 21:10:17] Number of forecast images: 24
[2026-05-15 21:10:17] Using forecast run: 2020-07-07 18:00:00 UTC
[2026-05-15 21:10:18] Forecast Rain Available hours: [6, 7, 8, 9, 10, 11, 12, 13, 14, 15, 16, 17, 18, 19, 20, 21, 22, 23, 24, 25, 26, 27, 28, 29]
[2026-05-15 21:10:18] Valid hours for sum: [12, 18, 24, 29]
[2026-05-15 21:10:21] Drought composite end date: 2020-07-03 06:00:00
[2026-05-15 21:10:21] Land cover year: 2019
[2026-05-15 21:10:22] VIIRS Veg composite: 2020-06-09 → 2020-06-25
[2026-05-15 21:10:25] Started export task: fire_103_dynamic_2020-07-07
[2026-05-15 21:10:25] ------ Processing date=2020-07-08 ------
[2026-05-15 21:10:25] Using viirs_af_path: viirs_af_path
[2026-05-15 21:10:26] VIIRS Image Date: ['2020-07-08 00:00:00']
[2026-05-15 21:10:26] Weather image size: 1
[2026-05-15 21:10:26] Forecast duration: 2020-07-09 00:00:00 to 2020-07-10 00:00:00
[2026-05-15 21:10:27] Number of forecast images: 24
[2026-05-15 21:10:27] Using forecast run: 2020-07-08 18:00:00 UTC
[2026-05-15 21:10:28] Forecast Rain Available hours: [6, 7, 8, 9, 10, 11, 12, 13, 14, 15, 16, 17, 18, 19, 20, 21, 22, 23, 24, 25, 26, 27, 28, 29]
[2026-05-15 21:10:28] Valid hours for sum: [12, 18, 24, 29]
[2026-05-15 21:10:30] Drought composite end date: 2020-07-03 06:00:00
[2026-05-15 21:10:30] Land cover year: 2019
[2026-05-15 21:10:31] VIIRS Veg composite: 2020-06-09 → 2020-06-25
[2026-05-15 21:10:35] Started export task: fire_103_dynamic_2020-07-08
[2026-05-15 21:10:35] ------ Processing date=2020-07-09 ------
[2026-05-15 21:10:35] Using viirs_af_path: viirs_af_path
[2026-05-15 21:10:36] VIIRS Image Date: ['2020-07-09 00:00:00']
[2026-05-15 21:10:36] Weather image size: 1
[2026-05-15 21:10:36] Forecast duration: 2020-07-10 00:00:00 to 2020-07-11 00:00:00
[2026-05-15 21:10:37] Number of forecast images: 24
[2026-05-15 21:10:37] Using forecast run: 2020-07-09 18:00:00 UTC
[2026-05-15 21:10:37] Forecast Rain Available hours: [6, 7, 8, 9, 10, 11, 12, 13, 14, 15, 16, 17, 18, 19, 20, 21, 22, 23, 24, 25, 26, 27, 28, 29]
[2026-05-15 21:10:37] Valid hours for sum: [12, 18, 24, 29]
[2026-05-15 21:10:39] Drought composite end date: 2020-07-08 06:00:00
[2026-05-15 21:10:39] Land cover year: 2019
[2026-05-15 21:10:41] VIIRS Veg composite: 2020-06-09 → 2020-06-25
[2026-05-15 21:10:46] Started export task: fire_103_dynamic_2020-07-09
[2026-05-15 21:10:46] END: ----------Event fire_103----------- (Duration: 3.41m)
[2026-05-15 21:10:46] START: ----------Event fire_108-----------
[2026-05-15 21:10:46] ------ Processing date=2020-07-04 ------
[2026-05-15 21:10:46] Using viirs_af_path: viirs_af_path
[2026-05-15 21:10:47] VIIRS Image Date: ['2020-07-04 00:00:00']
[2026-05-15 21:10:47] Weather image size: 1
[2026-05-15 21:10:47] Forecast duration: 2020-07-05 00:00:00 to 2020-07-06 00:00:00
[2026-05-15 21:10:48] Number of forecast images: 24
[2026-05-15 21:10:48] Using forecast run: 2020-07-04 18:00:00 UTC
[2026-05-15 21:10:48] Forecast Rain Available hours: [6, 7, 8, 9, 10, 11, 12, 13, 14, 15, 16, 17, 18, 19, 20, 21, 22, 23, 24, 25, 26, 27, 28, 29]
[2026-05-15 21:10:48] Valid hours for sum: [12, 18, 24, 29]
[2026-05-15 21:10:50] Drought composite end date: 2020-07-03 06:00:00
[2026-05-15 21:10:51] Land cover year: 2019
[2026-05-15 21:10:52] VIIRS Veg composite: 2020-06-25 → 2020-07-11
[2026-05-15 21:10:56] Started export task: fire_108_static
[2026-05-15 21:10:56] Started export task: fire_108_dynamic_2020-07-04
[2026-05-15 21:10:57] ------ Processing date=2020-07-05 ------
[2026-05-15 21:10:57] Using viirs_af_path: viirs_af_path
[2026-05-15 21:10:57] VIIRS Image Date: ['2020-07-05 00:00:00']
[2026-05-15 21:10:57] Weather image size: 1
[2026-05-15 21:10:57] Forecast duration: 2020-07-06 00:00:00 to 2020-07-07 00:00:00
[2026-05-15 21:10:58] Number of forecast images: 24
[2026-05-15 21:10:58] Using forecast run: 2020-07-05 18:00:00 UTC
[2026-05-15 21:10:58] Forecast Rain Available hours: [6, 7, 8, 9, 10, 11, 12, 13, 14, 15, 16, 17, 18, 19, 20, 21, 22, 23, 24, 25, 26, 27, 28, 29]
[2026-05-15 21:10:58] Valid hours for sum: [12, 18, 24, 29]
[2026-05-15 21:11:01] Drought composite end date: 2020-07-03 06:00:00
[2026-05-15 21:11:02] Land cover year: 2019
[2026-05-15 21:11:03] VIIRS Veg composite: 2020-06-25 → 2020-07-11
[2026-05-15 21:11:07] Started export task: fire_108_dynamic_2020-07-05
[2026-05-15 21:11:07] ------ Processing date=2020-07-06 ------
[2026-05-15 21:11:07] Using viirs_af_path: viirs_af_path
[2026-05-15 21:11:07] VIIRS Image Date: ['2020-07-06 00:00:00']
[2026-05-15 21:11:08] Weather image size: 1
[2026-05-15 21:11:08] Forecast duration: 2020-07-07 00:00:00 to 2020-07-08 00:00:00
[2026-05-15 21:11:08] Number of forecast images: 24
[2026-05-15 21:11:08] Using forecast run: 2020-07-06 18:00:00 UTC
[2026-05-15 21:11:09] Forecast Rain Available hours: [6, 7, 8, 9, 10, 11, 12, 13, 14, 15, 16, 17, 18, 19, 20, 21, 22, 23, 24, 25, 26, 27, 28, 29]
[2026-05-15 21:11:09] Valid hours for sum: [12, 18, 24, 29]
[2026-05-15 21:11:11] Drought composite end date: 2020-07-03 06:00:00
[2026-05-15 21:11:12] Land cover year: 2019
[2026-05-15 21:11:13] VIIRS Veg composite: 2020-06-25 → 2020-07-11
[2026-05-15 21:11:18] Started export task: fire_108_dynamic_2020-07-06
[2026-05-15 21:11:18] ------ Processing date=2020-07-07 ------
[2026-05-15 21:11:18] Using viirs_af_path: viirs_af_path
[2026-05-15 21:11:18] VIIRS Image Date: ['2020-07-07 00:00:00']
[2026-05-15 21:11:18] Weather image size: 1
[2026-05-15 21:11:18] Forecast duration: 2020-07-08 00:00:00 to 2020-07-09 00:00:00
[2026-05-15 21:11:19] Number of forecast images: 24
[2026-05-15 21:11:19] Using forecast run: 2020-07-07 18:00:00 UTC
[2026-05-15 21:11:20] Forecast Rain Available hours: [6, 7, 8, 9, 10, 11, 12, 13, 14, 15, 16, 17, 18, 19, 20, 21, 22, 23, 24, 25, 26, 27, 28, 29]
[2026-05-15 21:11:20] Valid hours for sum: [12, 18, 24, 29]
[2026-05-15 21:11:22] Drought composite end date: 2020-07-03 06:00:00
[2026-05-15 21:11:22] Land cover year: 2019
[2026-05-15 21:11:23] VIIRS Veg composite: 2020-06-25 → 2020-07-11
[2026-05-15 21:11:28] Started export task: fire_108_dynamic_2020-07-07
[2026-05-15 21:11:28] ------ Processing date=2020-07-08 ------
[2026-05-15 21:11:28] Using viirs_af_path: viirs_af_path
[2026-05-15 21:11:28] VIIRS Image Date: ['2020-07-08 00:00:00']
[2026-05-15 21:11:29] Weather image size: 1
[2026-05-15 21:11:29] Forecast duration: 2020-07-09 00:00:00 to 2020-07-10 00:00:00
[2026-05-15 21:11:30] Number of forecast images: 24
[2026-05-15 21:11:30] Using forecast run: 2020-07-08 18:00:00 UTC
[2026-05-15 21:11:30] Forecast Rain Available hours: [6, 7, 8, 9, 10, 11, 12, 13, 14, 15, 16, 17, 18, 19, 20, 21, 22, 23, 24, 25, 26, 27, 28, 29]
[2026-05-15 21:11:30] Valid hours for sum: [12, 18, 24, 29]
[2026-05-15 21:11:32] Drought composite end date: 2020-07-03 06:00:00
[2026-05-15 21:11:32] Land cover year: 2019
[2026-05-15 21:11:33] VIIRS Veg composite: 2020-06-25 → 2020-07-11
[2026-05-15 21:11:36] Started export task: fire_108_dynamic_2020-07-08
[2026-05-15 21:11:37] ------ Processing date=2020-07-09 ------
[2026-05-15 21:11:37] Using viirs_af_path: viirs_af_path
[2026-05-15 21:11:37] VIIRS Image Date: ['2020-07-09 00:00:00']
[2026-05-15 21:11:37] Weather image size: 1
[2026-05-15 21:11:37] Forecast duration: 2020-07-10 00:00:00 to 2020-07-11 00:00:00
[2026-05-15 21:11:38] Number of forecast images: 24
[2026-05-15 21:11:38] Using forecast run: 2020-07-09 18:00:00 UTC
[2026-05-15 21:11:38] Forecast Rain Available hours: [6, 7, 8, 9, 10, 11, 12, 13, 14, 15, 16, 17, 18, 19, 20, 21, 22, 23, 24, 25, 26, 27, 28, 29]
[2026-05-15 21:11:38] Valid hours for sum: [12, 18, 24, 29]
[2026-05-15 21:11:40] Drought composite end date: 2020-07-08 06:00:00
[2026-05-15 21:11:40] Land cover year: 2019
[2026-05-15 21:11:41] VIIRS Veg composite: 2020-06-25 → 2020-07-11
[2026-05-15 21:11:45] Started export task: fire_108_dynamic_2020-07-09
[2026-05-15 21:11:45] ------ Processing date=2020-07-10 ------
[2026-05-15 21:11:45] Using viirs_af_path: viirs_af_path
[2026-05-15 21:11:46] VIIRS Image Date: ['2020-07-10 00:00:00']
[2026-05-15 21:11:46] Weather image size: 1
[2026-05-15 21:11:46] Forecast duration: 2020-07-11 00:00:00 to 2020-07-12 00:00:00
[2026-05-15 21:11:47] Number of forecast images: 24
[2026-05-15 21:11:47] Using forecast run: 2020-07-10 18:00:00 UTC
[2026-05-15 21:11:47] Forecast Rain Available hours: [6, 7, 8, 9, 10, 11, 12, 13, 14, 15, 16, 17, 18, 19, 20, 21, 22, 23, 24, 25, 26, 27, 28, 29]
[2026-05-15 21:11:47] Valid hours for sum: [12, 18, 24, 29]
[2026-05-15 21:11:50] Drought composite end date: 2020-07-08 06:00:00
[2026-05-15 21:11:50] Land cover year: 2019
[2026-05-15 21:11:51] VIIRS Veg composite: 2020-06-25 → 2020-07-11
[2026-05-15 21:11:55] Started export task: fire_108_dynamic_2020-07-10
[2026-05-15 21:11:56] ------ Processing date=2020-07-11 ------
[2026-05-15 21:11:56] Using viirs_af_path: viirs_af_path
[2026-05-15 21:11:56] VIIRS Image Date: ['2020-07-11 00:00:00']
[2026-05-15 21:11:56] Weather image size: 1
[2026-05-15 21:11:56] Forecast duration: 2020-07-12 00:00:00 to 2020-07-13 00:00:00
[2026-05-15 21:11:57] Number of forecast images: 24
[2026-05-15 21:11:57] Using forecast run: 2020-07-11 18:00:00 UTC
[2026-05-15 21:11:58] Forecast Rain Available hours: [6, 7, 8, 9, 10, 11, 12, 13, 14, 15, 16, 17, 18, 19, 20, 21, 22, 23, 24, 25, 26, 27, 28, 29]
[2026-05-15 21:11:58] Valid hours for sum: [12, 18, 24, 29]
[2026-05-15 21:11:59] Drought composite end date: 2020-07-08 06:00:00
[2026-05-15 21:11:59] Land cover year: 2019
[2026-05-15 21:12:00] VIIRS Veg composite: 2020-06-25 → 2020-07-11
[2026-05-15 21:12:04] Started export task: fire_108_dynamic_2020-07-11
[2026-05-15 21:12:05] ------ Processing date=2020-07-12 ------
[2026-05-15 21:12:05] Using viirs_af_path: viirs_af_path
[2026-05-15 21:12:05] VIIRS Image Date: ['2020-07-12 00:00:00']
[2026-05-15 21:12:05] Weather image size: 1
[2026-05-15 21:12:05] Forecast duration: 2020-07-13 00:00:00 to 2020-07-14 00:00:00
[2026-05-15 21:12:07] Number of forecast images: 24
[2026-05-15 21:12:07] Using forecast run: 2020-07-12 18:00:00 UTC
[2026-05-15 21:12:07] Forecast Rain Available hours: [6, 7, 8, 9, 10, 11, 12, 13, 14, 15, 16, 17, 18, 19, 20, 21, 22, 23, 24, 25, 26, 27, 28, 29]
[2026-05-15 21:12:07] Valid hours for sum: [12, 18, 24, 29]
[2026-05-15 21:12:10] Drought composite end date: 2020-07-08 06:00:00
[2026-05-15 21:12:10] Land cover year: 2019
[2026-05-15 21:12:11] VIIRS Veg composite: 2020-06-25 → 2020-07-11
[2026-05-15 21:12:15] Started export task: fire_108_dynamic_2020-07-12
[2026-05-15 21:12:15] ------ Processing date=2020-07-13 ------
[2026-05-15 21:12:15] Using viirs_af_path: viirs_af_path
[2026-05-15 21:12:16] VIIRS Image Date: ['2020-07-13 00:00:00']
[2026-05-15 21:12:16] Weather image size: 1
[2026-05-15 21:12:16] Forecast duration: 2020-07-14 00:00:00 to 2020-07-15 00:00:00
[2026-05-15 21:12:17] Number of forecast images: 24
[2026-05-15 21:12:17] Using forecast run: 2020-07-13 18:00:00 UTC
[2026-05-15 21:12:18] Forecast Rain Available hours: [6, 7, 8, 9, 10, 11, 12, 13, 14, 15, 16, 17, 18, 19, 20, 21, 22, 23, 24, 25, 26, 27, 28, 29]
[2026-05-15 21:12:18] Valid hours for sum: [12, 18, 24, 29]
[2026-05-15 21:12:20] Drought composite end date: 2020-07-08 06:00:00
[2026-05-15 21:12:20] Land cover year: 2019
[2026-05-15 21:12:21] VIIRS Veg composite: 2020-06-25 → 2020-07-11
[2026-05-15 21:12:26] Started export task: fire_108_dynamic_2020-07-13
[2026-05-15 21:12:26] ------ Processing date=2020-07-14 ------
[2026-05-15 21:12:26] Using viirs_af_path: viirs_af_path
[2026-05-15 21:12:27] VIIRS Image Date: ['2020-07-14 00:00:00']
[2026-05-15 21:12:27] Weather image size: 1
[2026-05-15 21:12:27] Forecast duration: 2020-07-15 00:00:00 to 2020-07-16 00:00:00
[2026-05-15 21:12:28] Number of forecast images: 24
[2026-05-15 21:12:28] Using forecast run: 2020-07-14 18:00:00 UTC
[2026-05-15 21:12:28] Forecast Rain Available hours: [6, 7, 8, 9, 10, 11, 12, 13, 14, 15, 16, 17, 18, 19, 20, 21, 22, 23, 24, 25, 26, 27, 28, 29]
[2026-05-15 21:12:28] Valid hours for sum: [12, 18, 24, 29]
[2026-05-15 21:12:31] Drought composite end date: 2020-07-13 06:00:00
[2026-05-15 21:12:31] Land cover year: 2019
[2026-05-15 21:12:33] VIIRS Veg composite: 2020-06-25 → 2020-07-11
[2026-05-15 21:12:36] Started export task: fire_108_dynamic_2020-07-14
[2026-05-15 21:12:37] ------ Processing date=2020-07-15 ------
[2026-05-15 21:12:37] Using viirs_af_path: viirs_af_path
[2026-05-15 21:12:37] VIIRS Image Date: ['2020-07-15 00:00:00']
[2026-05-15 21:12:37] Weather image size: 1
[2026-05-15 21:12:37] Forecast duration: 2020-07-16 00:00:00 to 2020-07-17 00:00:00
[2026-05-15 21:12:38] Number of forecast images: 24
[2026-05-15 21:12:38] Using forecast run: 2020-07-15 18:00:00 UTC
[2026-05-15 21:12:39] Forecast Rain Available hours: [6, 7, 8, 9, 10, 11, 12, 13, 14, 15, 16, 17, 18, 19, 20, 21, 22, 23, 24, 25, 26, 27, 28, 29]
[2026-05-15 21:12:39] Valid hours for sum: [12, 18, 24, 29]
[2026-05-15 21:12:41] Drought composite end date: 2020-07-13 06:00:00
[2026-05-15 21:12:41] Land cover year: 2019
[2026-05-15 21:12:42] VIIRS Veg composite: 2020-06-25 → 2020-07-11
[2026-05-15 21:12:46] Started export task: fire_108_dynamic_2020-07-15
[2026-05-15 21:12:47] ------ Processing date=2020-07-16 ------
[2026-05-15 21:12:47] Using viirs_af_path: viirs_af_path
[2026-05-15 21:12:47] VIIRS Image Date: ['2020-07-16 00:00:00']
[2026-05-15 21:12:47] Weather image size: 1
[2026-05-15 21:12:47] Forecast duration: 2020-07-17 00:00:00 to 2020-07-18 00:00:00
[2026-05-15 21:12:48] Number of forecast images: 24
[2026-05-15 21:12:48] Using forecast run: 2020-07-16 18:00:00 UTC
[2026-05-15 21:12:49] Forecast Rain Available hours: [6, 7, 8, 9, 10, 11, 12, 13, 14, 15, 16, 17, 18, 19, 20, 21, 22, 23, 24, 25, 26, 27, 28, 29]
[2026-05-15 21:12:49] Valid hours for sum: [12, 18, 24, 29]
[2026-05-15 21:12:51] Drought composite end date: 2020-07-13 06:00:00
[2026-05-15 21:12:51] Land cover year: 2019
[2026-05-15 21:12:52] VIIRS Veg composite: 2020-06-25 → 2020-07-11
[2026-05-15 21:12:56] Started export task: fire_108_dynamic_2020-07-16
[2026-05-15 21:12:57] ------ Processing date=2020-07-17 ------
[2026-05-15 21:12:57] Using viirs_af_path: viirs_af_path
[2026-05-15 21:12:57] VIIRS Image Date: ['2020-07-17 00:00:00']
[2026-05-15 21:12:58] Weather image size: 1
[2026-05-15 21:12:58] Forecast duration: 2020-07-18 00:00:00 to 2020-07-19 00:00:00
[2026-05-15 21:12:58] Number of forecast images: 24
[2026-05-15 21:12:58] Using forecast run: 2020-07-17 18:00:00 UTC
[2026-05-15 21:12:59] Forecast Rain Available hours: [6, 7, 8, 9, 10, 11, 12, 13, 14, 15, 16, 17, 18, 19, 20, 21, 22, 23, 24, 25, 26, 27, 28, 29]
[2026-05-15 21:12:59] Valid hours for sum: [12, 18, 24, 29]
[2026-05-15 21:13:01] Drought composite end date: 2020-07-13 06:00:00
[2026-05-15 21:13:01] Land cover year: 2019
[2026-05-15 21:13:02] VIIRS Veg composite: 2020-06-25 → 2020-07-11
[2026-05-15 21:13:06] Started export task: fire_108_dynamic_2020-07-17
[2026-05-15 21:13:06] ------ Processing date=2020-07-18 ------
[2026-05-15 21:13:06] Using viirs_af_path: viirs_af_path
[2026-05-15 21:13:06] VIIRS Image Date: ['2020-07-18 00:00:00']
[2026-05-15 21:13:07] Weather image size: 1
[2026-05-15 21:13:07] Forecast duration: 2020-07-19 00:00:00 to 2020-07-20 00:00:00
[2026-05-15 21:13:08] Number of forecast images: 24
[2026-05-15 21:13:08] Using forecast run: 2020-07-18 18:00:00 UTC
[2026-05-15 21:13:08] Forecast Rain Available hours: [6, 7, 8, 9, 10, 11, 12, 13, 14, 15, 16, 17, 18, 19, 20, 21, 22, 23, 24, 25, 26, 27, 28, 29]
[2026-05-15 21:13:08] Valid hours for sum: [12, 18, 24, 29]
[2026-05-15 21:13:11] Drought composite end date: 2020-07-13 06:00:00
[2026-05-15 21:13:11] Land cover year: 2019
[2026-05-15 21:13:13] VIIRS Veg composite: 2020-06-25 → 2020-07-11
[2026-05-15 21:13:18] Started export task: fire_108_dynamic_2020-07-18
[2026-05-15 21:13:18] ------ Processing date=2020-07-19 ------
[2026-05-15 21:13:18] Using viirs_af_path: viirs_af_path
[2026-05-15 21:13:18] VIIRS Image Date: ['2020-07-19 00:00:00']
[2026-05-15 21:13:18] Weather image size: 1
[2026-05-15 21:13:18] Forecast duration: 2020-07-20 00:00:00 to 2020-07-21 00:00:00
[2026-05-15 21:13:20] Number of forecast images: 24
[2026-05-15 21:13:20] Using forecast run: 2020-07-19 18:00:00 UTC
[2026-05-15 21:13:20] Forecast Rain Available hours: [6, 7, 8, 9, 10, 11, 12, 13, 14, 15, 16, 17, 18, 19, 20, 21, 22, 23, 24, 25, 26, 27, 28, 29]
[2026-05-15 21:13:20] Valid hours for sum: [12, 18, 24, 29]
[2026-05-15 21:13:22] Drought composite end date: 2020-07-18 06:00:00
[2026-05-15 21:13:23] Land cover year: 2019
[2026-05-15 21:13:24] VIIRS Veg composite: 2020-06-25 → 2020-07-11
[2026-05-15 21:13:29] Started export task: fire_108_dynamic_2020-07-19
[2026-05-15 21:13:29] ------ Processing date=2020-07-20 ------
[2026-05-15 21:13:29] Using viirs_af_path: viirs_af_path
[2026-05-15 21:13:29] VIIRS Image Date: ['2020-07-20 00:00:00']
[2026-05-15 21:13:30] Weather image size: 1
[2026-05-15 21:13:30] Forecast duration: 2020-07-21 00:00:00 to 2020-07-22 00:00:00
[2026-05-15 21:13:30] Number of forecast images: 24
[2026-05-15 21:13:30] Using forecast run: 2020-07-20 18:00:00 UTC
[2026-05-15 21:13:31] Forecast Rain Available hours: [6, 7, 8, 9, 10, 11, 12, 13, 14, 15, 16, 17, 18, 19, 20, 21, 22, 23, 24, 25, 26, 27, 28, 29]
[2026-05-15 21:13:31] Valid hours for sum: [12, 18, 24, 29]
[2026-05-15 21:13:32] Drought composite end date: 2020-07-18 06:00:00
[2026-05-15 21:13:33] Land cover year: 2019
[2026-05-15 21:13:33] VIIRS Veg composite: 2020-06-25 → 2020-07-11
[2026-05-15 21:13:37] Started export task: fire_108_dynamic_2020-07-20
[2026-05-15 21:13:37] ------ Processing date=2020-07-21 ------
[2026-05-15 21:13:37] Using viirs_af_path: viirs_af_path
[2026-05-15 21:13:37] VIIRS Image Date: ['2020-07-21 00:00:00']
[2026-05-15 21:13:38] Weather image size: 1
[2026-05-15 21:13:38] Forecast duration: 2020-07-22 00:00:00 to 2020-07-23 00:00:00
[2026-05-15 21:13:39] Number of forecast images: 24
[2026-05-15 21:13:39] Using forecast run: 2020-07-21 18:00:00 UTC
[2026-05-15 21:13:40] Forecast Rain Available hours: [6, 7, 8, 9, 10, 11, 12, 13, 14, 15, 16, 17, 18, 19, 20, 21, 22, 23, 24, 25, 26, 27, 28, 29]
[2026-05-15 21:13:40] Valid hours for sum: [12, 18, 24, 29]
[2026-05-15 21:13:42] Drought composite end date: 2020-07-18 06:00:00
[2026-05-15 21:13:42] Land cover year: 2019
[2026-05-15 21:13:43] VIIRS Veg composite: 2020-06-25 → 2020-07-11
[2026-05-15 21:13:48] Started export task: fire_108_dynamic_2020-07-21
[2026-05-15 21:13:49] ------ Processing date=2020-07-22 ------
[2026-05-15 21:13:49] Using viirs_af_path: viirs_af_path
[2026-05-15 21:13:49] VIIRS Image Date: ['2020-07-22 00:00:00']
[2026-05-15 21:13:49] Weather image size: 1
[2026-05-15 21:13:49] Forecast duration: 2020-07-23 00:00:00 to 2020-07-24 00:00:00
[2026-05-15 21:13:50] Number of forecast images: 24
[2026-05-15 21:13:50] Using forecast run: 2020-07-22 18:00:00 UTC
[2026-05-15 21:13:51] Forecast Rain Available hours: [6, 7, 8, 9, 10, 11, 12, 13, 14, 15, 16, 17, 18, 19, 20, 21, 22, 23, 24, 25, 26, 27, 28, 29]
[2026-05-15 21:13:51] Valid hours for sum: [12, 18, 24, 29]
[2026-05-15 21:13:53] Drought composite end date: 2020-07-18 06:00:00
[2026-05-15 21:13:54] Land cover year: 2019
[2026-05-15 21:13:55] VIIRS Veg composite: 2020-06-25 → 2020-07-11
[2026-05-15 21:13:59] Started export task: fire_108_dynamic_2020-07-22
[2026-05-15 21:13:59] ------ Processing date=2020-07-23 ------
[2026-05-15 21:13:59] Using viirs_af_path: viirs_af_path
[2026-05-15 21:13:59] VIIRS Image Date: ['2020-07-23 00:00:00']
[2026-05-15 21:13:59] Weather image size: 1
[2026-05-15 21:13:59] Forecast duration: 2020-07-24 00:00:00 to 2020-07-25 00:00:00
[2026-05-15 21:14:00] Number of forecast images: 24
[2026-05-15 21:14:00] Using forecast run: 2020-07-23 18:00:00 UTC
[2026-05-15 21:14:01] Forecast Rain Available hours: [6, 7, 8, 9, 10, 11, 12, 13, 14, 15, 16, 17, 18, 19, 20, 21, 22, 23, 24, 25, 26, 27, 28, 29]
[2026-05-15 21:14:01] Valid hours for sum: [12, 18, 24, 29]
[2026-05-15 21:14:03] Drought composite end date: 2020-07-18 06:00:00
[2026-05-15 21:14:03] Land cover year: 2019
[2026-05-15 21:14:04] VIIRS Veg composite: 2020-06-25 → 2020-07-11
[2026-05-15 21:14:08] Started export task: fire_108_dynamic_2020-07-23
[2026-05-15 21:14:08] END: ----------Event fire_108----------- (Duration: 3.37m)
[2026-05-15 21:14:08] START: ----------Event fire_112-----------
[2026-05-15 21:14:09] ------ Processing date=2020-07-05 ------
[2026-05-15 21:14:09] Using viirs_af_path: viirs_af_path
[2026-05-15 21:14:09] VIIRS Image Date: ['2020-07-05 00:00:00']
[2026-05-15 21:14:09] Weather image size: 1
[2026-05-15 21:14:09] Forecast duration: 2020-07-06 00:00:00 to 2020-07-07 00:00:00
[2026-05-15 21:14:10] Number of forecast images: 24
[2026-05-15 21:14:10] Using forecast run: 2020-07-05 18:00:00 UTC
[2026-05-15 21:14:10] Forecast Rain Available hours: [6, 7, 8, 9, 10, 11, 12, 13, 14, 15, 16, 17, 18, 19, 20, 21, 22, 23, 24, 25, 26, 27, 28, 29]
[2026-05-15 21:14:10] Valid hours for sum: [12, 18, 24, 29]
[2026-05-15 21:14:12] Drought composite end date: 2020-07-03 06:00:00
[2026-05-15 21:14:12] Land cover year: 2019
[2026-05-15 21:14:14] VIIRS Veg composite: 2020-06-25 → 2020-07-11
[2026-05-15 21:14:18] Started export task: fire_112_static
[2026-05-15 21:14:19] Started export task: fire_112_dynamic_2020-07-05
[2026-05-15 21:14:19] ------ Processing date=2020-07-06 ------
[2026-05-15 21:14:19] Using viirs_af_path: viirs_af_path
[2026-05-15 21:14:20] VIIRS Image Date: ['2020-07-06 00:00:00']
[2026-05-15 21:14:20] Weather image size: 1
[2026-05-15 21:14:20] Forecast duration: 2020-07-07 00:00:00 to 2020-07-08 00:00:00
[2026-05-15 21:14:21] Number of forecast images: 24
[2026-05-15 21:14:21] Using forecast run: 2020-07-06 18:00:00 UTC
[2026-05-15 21:14:21] Forecast Rain Available hours: [6, 7, 8, 9, 10, 11, 12, 13, 14, 15, 16, 17, 18, 19, 20, 21, 22, 23, 24, 25, 26, 27, 28, 29]
[2026-05-15 21:14:21] Valid hours for sum: [12, 18, 24, 29]
[2026-05-15 21:14:23] Drought composite end date: 2020-07-03 06:00:00
[2026-05-15 21:14:23] Land cover year: 2019
[2026-05-15 21:14:24] VIIRS Veg composite: 2020-06-25 → 2020-07-11
[2026-05-15 21:14:28] Started export task: fire_112_dynamic_2020-07-06
[2026-05-15 21:14:28] ------ Processing date=2020-07-07 ------
[2026-05-15 21:14:28] Using viirs_af_path: viirs_af_path
[2026-05-15 21:14:28] VIIRS Image Date: ['2020-07-07 00:00:00']
[2026-05-15 21:14:28] Weather image size: 1
[2026-05-15 21:14:28] Forecast duration: 2020-07-08 00:00:00 to 2020-07-09 00:00:00
[2026-05-15 21:14:29] Number of forecast images: 24
[2026-05-15 21:14:29] Using forecast run: 2020-07-07 18:00:00 UTC
[2026-05-15 21:14:30] Forecast Rain Available hours: [6, 7, 8, 9, 10, 11, 12, 13, 14, 15, 16, 17, 18, 19, 20, 21, 22, 23, 24, 25, 26, 27, 28, 29]
[2026-05-15 21:14:30] Valid hours for sum: [12, 18, 24, 29]
[2026-05-15 21:14:32] Drought composite end date: 2020-07-03 06:00:00
[2026-05-15 21:14:32] Land cover year: 2019
[2026-05-15 21:14:34] VIIRS Veg composite: 2020-06-25 → 2020-07-11
[2026-05-15 21:14:38] Started export task: fire_112_dynamic_2020-07-07
[2026-05-15 21:14:39] ------ Processing date=2020-07-08 ------
[2026-05-15 21:14:39] Using viirs_af_path: viirs_af_path
[2026-05-15 21:14:39] VIIRS Image Date: ['2020-07-08 00:00:00']
[2026-05-15 21:14:39] Weather image size: 1
[2026-05-15 21:14:39] Forecast duration: 2020-07-09 00:00:00 to 2020-07-10 00:00:00
[2026-05-15 21:14:40] Number of forecast images: 24
[2026-05-15 21:14:40] Using forecast run: 2020-07-08 18:00:00 UTC
[2026-05-15 21:14:41] Forecast Rain Available hours: [6, 7, 8, 9, 10, 11, 12, 13, 14, 15, 16, 17, 18, 19, 20, 21, 22, 23, 24, 25, 26, 27, 28, 29]
[2026-05-15 21:14:41] Valid hours for sum: [12, 18, 24, 29]
[2026-05-15 21:14:43] Drought composite end date: 2020-07-03 06:00:00
[2026-05-15 21:14:43] Land cover year: 2019
[2026-05-15 21:14:44] VIIRS Veg composite: 2020-06-25 → 2020-07-11
[2026-05-15 21:14:49] Started export task: fire_112_dynamic_2020-07-08
[2026-05-15 21:14:49] ------ Processing date=2020-07-09 ------
[2026-05-15 21:14:49] Using viirs_af_path: viirs_af_path
[2026-05-15 21:14:49] VIIRS Image Date: ['2020-07-09 00:00:00']
[2026-05-15 21:14:49] Weather image size: 1
[2026-05-15 21:14:49] Forecast duration: 2020-07-10 00:00:00 to 2020-07-11 00:00:00
[2026-05-15 21:14:50] Number of forecast images: 24
[2026-05-15 21:14:50] Using forecast run: 2020-07-09 18:00:00 UTC
[2026-05-15 21:14:51] Forecast Rain Available hours: [6, 7, 8, 9, 10, 11, 12, 13, 14, 15, 16, 17, 18, 19, 20, 21, 22, 23, 24, 25, 26, 27, 28, 29]
[2026-05-15 21:14:51] Valid hours for sum: [12, 18, 24, 29]
[2026-05-15 21:14:54] Drought composite end date: 2020-07-08 06:00:00
[2026-05-15 21:14:54] Land cover year: 2019
[2026-05-15 21:14:55] VIIRS Veg composite: 2020-06-25 → 2020-07-11
[2026-05-15 21:14:59] Started export task: fire_112_dynamic_2020-07-09
[2026-05-15 21:14:59] ------ Processing date=2020-07-10 ------
[2026-05-15 21:14:59] Using viirs_af_path: viirs_af_path
[2026-05-15 21:14:59] VIIRS Image Date: ['2020-07-10 00:00:00']
[2026-05-15 21:14:59] Weather image size: 1
[2026-05-15 21:14:59] Forecast duration: 2020-07-11 00:00:00 to 2020-07-12 00:00:00
[2026-05-15 21:15:00] Number of forecast images: 24
[2026-05-15 21:15:00] Using forecast run: 2020-07-10 18:00:00 UTC
[2026-05-15 21:15:00] Forecast Rain Available hours: [6, 7, 8, 9, 10, 11, 12, 13, 14, 15, 16, 17, 18, 19, 20, 21, 22, 23, 24, 25, 26, 27, 28, 29]
[2026-05-15 21:15:00] Valid hours for sum: [12, 18, 24, 29]
[2026-05-15 21:15:03] Drought composite end date: 2020-07-08 06:00:00
[2026-05-15 21:15:03] Land cover year: 2019
[2026-05-15 21:15:04] VIIRS Veg composite: 2020-06-25 → 2020-07-11
[2026-05-15 21:15:08] Started export task: fire_112_dynamic_2020-07-10
[2026-05-15 21:15:09] ------ Processing date=2020-07-11 ------
[2026-05-15 21:15:09] Using viirs_af_path: viirs_af_path
[2026-05-15 21:15:09] VIIRS Image Date: ['2020-07-11 00:00:00']
[2026-05-15 21:15:09] Weather image size: 1
[2026-05-15 21:15:09] Forecast duration: 2020-07-12 00:00:00 to 2020-07-13 00:00:00
[2026-05-15 21:15:11] Number of forecast images: 24
[2026-05-15 21:15:11] Using forecast run: 2020-07-11 18:00:00 UTC
[2026-05-15 21:15:11] Forecast Rain Available hours: [6, 7, 8, 9, 10, 11, 12, 13, 14, 15, 16, 17, 18, 19, 20, 21, 22, 23, 24, 25, 26, 27, 28, 29]
[2026-05-15 21:15:11] Valid hours for sum: [12, 18, 24, 29]
[2026-05-15 21:15:13] Drought composite end date: 2020-07-08 06:00:00
[2026-05-15 21:15:13] Land cover year: 2019
[2026-05-15 21:15:14] VIIRS Veg composite: 2020-06-25 → 2020-07-11
[2026-05-15 21:15:17] Started export task: fire_112_dynamic_2020-07-11
[2026-05-15 21:15:18] ------ Processing date=2020-07-12 ------
[2026-05-15 21:15:18] Using viirs_af_path: viirs_af_path
[2026-05-15 21:15:18] VIIRS Image Date: ['2020-07-12 00:00:00']
[2026-05-15 21:15:18] Weather image size: 1
[2026-05-15 21:15:18] Forecast duration: 2020-07-13 00:00:00 to 2020-07-14 00:00:00
[2026-05-15 21:15:19] Number of forecast images: 24
[2026-05-15 21:15:19] Using forecast run: 2020-07-12 18:00:00 UTC
[2026-05-15 21:15:20] Forecast Rain Available hours: [6, 7, 8, 9, 10, 11, 12, 13, 14, 15, 16, 17, 18, 19, 20, 21, 22, 23, 24, 25, 26, 27, 28, 29]
[2026-05-15 21:15:20] Valid hours for sum: [12, 18, 24, 29]
[2026-05-15 21:15:22] Drought composite end date: 2020-07-08 06:00:00
[2026-05-15 21:15:22] Land cover year: 2019
[2026-05-15 21:15:23] VIIRS Veg composite: 2020-06-25 → 2020-07-11
[2026-05-15 21:15:28] Started export task: fire_112_dynamic_2020-07-12
[2026-05-15 21:15:28] ------ Processing date=2020-07-13 ------
[2026-05-15 21:15:28] Using viirs_af_path: viirs_af_path
[2026-05-15 21:15:28] VIIRS Image Date: ['2020-07-13 00:00:00']
[2026-05-15 21:15:29] Weather image size: 1
[2026-05-15 21:15:29] Forecast duration: 2020-07-14 00:00:00 to 2020-07-15 00:00:00
[2026-05-15 21:15:30] Number of forecast images: 24
[2026-05-15 21:15:30] Using forecast run: 2020-07-13 18:00:00 UTC
[2026-05-15 21:15:30] Forecast Rain Available hours: [6, 7, 8, 9, 10, 11, 12, 13, 14, 15, 16, 17, 18, 19, 20, 21, 22, 23, 24, 25, 26, 27, 28, 29]
[2026-05-15 21:15:30] Valid hours for sum: [12, 18, 24, 29]
[2026-05-15 21:15:32] Drought composite end date: 2020-07-08 06:00:00
[2026-05-15 21:15:32] Land cover year: 2019
[2026-05-15 21:15:33] VIIRS Veg composite: 2020-06-25 → 2020-07-11
[2026-05-15 21:15:37] Started export task: fire_112_dynamic_2020-07-13
[2026-05-15 21:15:38] ------ Processing date=2020-07-14 ------
[2026-05-15 21:15:38] Using viirs_af_path: viirs_af_path
[2026-05-15 21:15:39] VIIRS Image Date: ['2020-07-14 00:00:00']
[2026-05-15 21:15:39] Weather image size: 1
[2026-05-15 21:15:39] Forecast duration: 2020-07-15 00:00:00 to 2020-07-16 00:00:00
[2026-05-15 21:15:40] Number of forecast images: 24
[2026-05-15 21:15:40] Using forecast run: 2020-07-14 18:00:00 UTC
[2026-05-15 21:15:41] Forecast Rain Available hours: [6, 7, 8, 9, 10, 11, 12, 13, 14, 15, 16, 17, 18, 19, 20, 21, 22, 23, 24, 25, 26, 27, 28, 29]
[2026-05-15 21:15:41] Valid hours for sum: [12, 18, 24, 29]
[2026-05-15 21:15:44] Drought composite end date: 2020-07-13 06:00:00
[2026-05-15 21:15:44] Land cover year: 2019
[2026-05-15 21:15:45] VIIRS Veg composite: 2020-06-25 → 2020-07-11
[2026-05-15 21:15:49] Started export task: fire_112_dynamic_2020-07-14
[2026-05-15 21:15:50] ------ Processing date=2020-07-15 ------
[2026-05-15 21:15:50] Using viirs_af_path: viirs_af_path
[2026-05-15 21:15:50] VIIRS Image Date: ['2020-07-15 00:00:00']
[2026-05-15 21:15:50] Weather image size: 1
[2026-05-15 21:15:50] Forecast duration: 2020-07-16 00:00:00 to 2020-07-17 00:00:00
[2026-05-15 21:15:51] Number of forecast images: 24
[2026-05-15 21:15:51] Using forecast run: 2020-07-15 18:00:00 UTC
[2026-05-15 21:15:52] Forecast Rain Available hours: [6, 7, 8, 9, 10, 11, 12, 13, 14, 15, 16, 17, 18, 19, 20, 21, 22, 23, 24, 25, 26, 27, 28, 29]
[2026-05-15 21:15:52] Valid hours for sum: [12, 18, 24, 29]
[2026-05-15 21:15:55] Drought composite end date: 2020-07-13 06:00:00
[2026-05-15 21:15:55] Land cover year: 2019
[2026-05-15 21:15:56] VIIRS Veg composite: 2020-06-25 → 2020-07-11
[2026-05-15 21:16:00] Started export task: fire_112_dynamic_2020-07-15
[2026-05-15 21:16:01] ------ Processing date=2020-07-16 ------
[2026-05-15 21:16:01] Using viirs_af_path: viirs_af_path
[2026-05-15 21:16:01] VIIRS Image Date: ['2020-07-16 00:00:00']
[2026-05-15 21:16:02] Weather image size: 1
[2026-05-15 21:16:02] Forecast duration: 2020-07-17 00:00:00 to 2020-07-18 00:00:00
[2026-05-15 21:16:03] Number of forecast images: 24
[2026-05-15 21:16:03] Using forecast run: 2020-07-16 18:00:00 UTC
[2026-05-15 21:16:03] Forecast Rain Available hours: [6, 7, 8, 9, 10, 11, 12, 13, 14, 15, 16, 17, 18, 19, 20, 21, 22, 23, 24, 25, 26, 27, 28, 29]
[2026-05-15 21:16:03] Valid hours for sum: [12, 18, 24, 29]
[2026-05-15 21:16:05] Drought composite end date: 2020-07-13 06:00:00
[2026-05-15 21:16:05] Land cover year: 2019
[2026-05-15 21:16:06] VIIRS Veg composite: 2020-06-25 → 2020-07-11
[2026-05-15 21:16:11] Started export task: fire_112_dynamic_2020-07-16
[2026-05-15 21:16:11] ------ Processing date=2020-07-17 ------
[2026-05-15 21:16:11] Using viirs_af_path: viirs_af_path
[2026-05-15 21:16:12] VIIRS Image Date: ['2020-07-17 00:00:00']
[2026-05-15 21:16:12] Weather image size: 1
[2026-05-15 21:16:12] Forecast duration: 2020-07-18 00:00:00 to 2020-07-19 00:00:00
[2026-05-15 21:16:13] Number of forecast images: 24
[2026-05-15 21:16:13] Using forecast run: 2020-07-17 18:00:00 UTC
[2026-05-15 21:16:13] Forecast Rain Available hours: [6, 7, 8, 9, 10, 11, 12, 13, 14, 15, 16, 17, 18, 19, 20, 21, 22, 23, 24, 25, 26, 27, 28, 29]
[2026-05-15 21:16:13] Valid hours for sum: [12, 18, 24, 29]
[2026-05-15 21:16:16] Drought composite end date: 2020-07-13 06:00:00
[2026-05-15 21:16:16] Land cover year: 2019
[2026-05-15 21:16:17] VIIRS Veg composite: 2020-06-25 → 2020-07-11
[2026-05-15 21:16:22] Started export task: fire_112_dynamic_2020-07-17
[2026-05-15 21:16:22] ------ Processing date=2020-07-18 ------
[2026-05-15 21:16:22] Using viirs_af_path: viirs_af_path
[2026-05-15 21:16:22] VIIRS Image Date: ['2020-07-18 00:00:00']
[2026-05-15 21:16:23] Weather image size: 1
[2026-05-15 21:16:23] Forecast duration: 2020-07-19 00:00:00 to 2020-07-20 00:00:00
[2026-05-15 21:16:24] Number of forecast images: 24
[2026-05-15 21:16:24] Using forecast run: 2020-07-18 18:00:00 UTC
[2026-05-15 21:16:24] Forecast Rain Available hours: [6, 7, 8, 9, 10, 11, 12, 13, 14, 15, 16, 17, 18, 19, 20, 21, 22, 23, 24, 25, 26, 27, 28, 29]
[2026-05-15 21:16:24] Valid hours for sum: [12, 18, 24, 29]
[2026-05-15 21:16:26] Drought composite end date: 2020-07-13 06:00:00
[2026-05-15 21:16:27] Land cover year: 2019
[2026-05-15 21:16:28] VIIRS Veg composite: 2020-06-25 → 2020-07-11
[2026-05-15 21:16:32] Started export task: fire_112_dynamic_2020-07-18
[2026-05-15 21:16:33] ------ Processing date=2020-07-19 ------
[2026-05-15 21:16:33] Using viirs_af_path: viirs_af_path
[2026-05-15 21:16:33] VIIRS Image Date: ['2020-07-19 00:00:00']
[2026-05-15 21:16:33] Weather image size: 1
[2026-05-15 21:16:33] Forecast duration: 2020-07-20 00:00:00 to 2020-07-21 00:00:00
[2026-05-15 21:16:35] Number of forecast images: 24
[2026-05-15 21:16:35] Using forecast run: 2020-07-19 18:00:00 UTC
[2026-05-15 21:16:35] Forecast Rain Available hours: [6, 7, 8, 9, 10, 11, 12, 13, 14, 15, 16, 17, 18, 19, 20, 21, 22, 23, 24, 25, 26, 27, 28, 29]
[2026-05-15 21:16:35] Valid hours for sum: [12, 18, 24, 29]
[2026-05-15 21:16:38] Drought composite end date: 2020-07-18 06:00:00
[2026-05-15 21:16:38] Land cover year: 2019
[2026-05-15 21:16:39] VIIRS Veg composite: 2020-06-25 → 2020-07-11
[2026-05-15 21:16:42] Started export task: fire_112_dynamic_2020-07-19
[2026-05-15 21:16:43] ------ Processing date=2020-07-20 ------
[2026-05-15 21:16:43] Using viirs_af_path: viirs_af_path
[2026-05-15 21:16:43] VIIRS Image Date: ['2020-07-20 00:00:00']
[2026-05-15 21:16:43] Weather image size: 1
[2026-05-15 21:16:43] Forecast duration: 2020-07-21 00:00:00 to 2020-07-22 00:00:00
[2026-05-15 21:16:45] Number of forecast images: 24
[2026-05-15 21:16:45] Using forecast run: 2020-07-20 18:00:00 UTC
[2026-05-15 21:16:45] Forecast Rain Available hours: [6, 7, 8, 9, 10, 11, 12, 13, 14, 15, 16, 17, 18, 19, 20, 21, 22, 23, 24, 25, 26, 27, 28, 29]
[2026-05-15 21:16:45] Valid hours for sum: [12, 18, 24, 29]
[2026-05-15 21:16:48] Drought composite end date: 2020-07-18 06:00:00
[2026-05-15 21:16:48] Land cover year: 2019
[2026-05-15 21:16:50] VIIRS Veg composite: 2020-06-25 → 2020-07-11
[2026-05-15 21:16:53] Started export task: fire_112_dynamic_2020-07-20
[2026-05-15 21:16:54] END: ----------Event fire_112----------- (Duration: 2.75m)
[2026-05-15 21:16:54] START: ----------Event fire_113-----------
[2026-05-15 21:16:54] ------ Processing date=2020-07-05 ------
[2026-05-15 21:16:54] Using viirs_af_path: viirs_af_path
[2026-05-15 21:16:54] VIIRS Image Date: ['2020-07-05 00:00:00']
[2026-05-15 21:16:54] Weather image size: 1
[2026-05-15 21:16:54] Forecast duration: 2020-07-06 00:00:00 to 2020-07-07 00:00:00
[2026-05-15 21:16:56] Number of forecast images: 24
[2026-05-15 21:16:56] Using forecast run: 2020-07-05 18:00:00 UTC
[2026-05-15 21:16:56] Forecast Rain Available hours: [6, 7, 8, 9, 10, 11, 12, 13, 14, 15, 16, 17, 18, 19, 20, 21, 22, 23, 24, 25, 26, 27, 28, 29]
[2026-05-15 21:16:56] Valid hours for sum: [12, 18, 24, 29]
[2026-05-15 21:17:00] Drought composite end date: 2020-07-03 06:00:00
[2026-05-15 21:17:01] Land cover year: 2019
[2026-05-15 21:17:04] VIIRS Veg composite: 2020-06-25 → 2020-07-11
[2026-05-15 21:17:11] Started export task: fire_113_static
[2026-05-15 21:17:12] Started export task: fire_113_dynamic_2020-07-05
[2026-05-15 21:17:12] ------ Processing date=2020-07-06 ------
[2026-05-15 21:17:12] Using viirs_af_path: viirs_af_path
[2026-05-15 21:17:12] VIIRS Image Date: ['2020-07-06 00:00:00']
[2026-05-15 21:17:13] Weather image size: 1
[2026-05-15 21:17:13] Forecast duration: 2020-07-07 00:00:00 to 2020-07-08 00:00:00
[2026-05-15 21:17:13] Number of forecast images: 24
[2026-05-15 21:17:13] Using forecast run: 2020-07-06 18:00:00 UTC
[2026-05-15 21:17:14] Forecast Rain Available hours: [6, 7, 8, 9, 10, 11, 12, 13, 14, 15, 16, 17, 18, 19, 20, 21, 22, 23, 24, 25, 26, 27, 28, 29]
[2026-05-15 21:17:14] Valid hours for sum: [12, 18, 24, 29]
[2026-05-15 21:17:16] Drought composite end date: 2020-07-03 06:00:00
[2026-05-15 21:17:16] Land cover year: 2019
[2026-05-15 21:17:17] VIIRS Veg composite: 2020-06-25 → 2020-07-11
[2026-05-15 21:17:20] Started export task: fire_113_dynamic_2020-07-06
[2026-05-15 21:17:21] ------ Processing date=2020-07-07 ------
[2026-05-15 21:17:21] Using viirs_af_path: viirs_af_path
[2026-05-15 21:17:21] VIIRS Image Date: ['2020-07-07 00:00:00']
[2026-05-15 21:17:21] Weather image size: 1
[2026-05-15 21:17:21] Forecast duration: 2020-07-08 00:00:00 to 2020-07-09 00:00:00
[2026-05-15 21:17:22] Number of forecast images: 24
[2026-05-15 21:17:22] Using forecast run: 2020-07-07 18:00:00 UTC
[2026-05-15 21:17:23] Forecast Rain Available hours: [6, 7, 8, 9, 10, 11, 12, 13, 14, 15, 16, 17, 18, 19, 20, 21, 22, 23, 24, 25, 26, 27, 28, 29]
[2026-05-15 21:17:23] Valid hours for sum: [12, 18, 24, 29]
[2026-05-15 21:17:24] Drought composite end date: 2020-07-03 06:00:00
[2026-05-15 21:17:25] Land cover year: 2019
[2026-05-15 21:17:26] VIIRS Veg composite: 2020-06-25 → 2020-07-11
[2026-05-15 21:17:30] Started export task: fire_113_dynamic_2020-07-07
[2026-05-15 21:17:30] ------ Processing date=2020-07-08 ------
[2026-05-15 21:17:30] Using viirs_af_path: viirs_af_path
[2026-05-15 21:17:30] VIIRS Image Date: ['2020-07-08 00:00:00']
[2026-05-15 21:17:30] Weather image size: 1
[2026-05-15 21:17:30] Forecast duration: 2020-07-09 00:00:00 to 2020-07-10 00:00:00
[2026-05-15 21:17:31] Number of forecast images: 24
[2026-05-15 21:17:31] Using forecast run: 2020-07-08 18:00:00 UTC
[2026-05-15 21:17:32] Forecast Rain Available hours: [6, 7, 8, 9, 10, 11, 12, 13, 14, 15, 16, 17, 18, 19, 20, 21, 22, 23, 24, 25, 26, 27, 28, 29]
[2026-05-15 21:17:32] Valid hours for sum: [12, 18, 24, 29]
[2026-05-15 21:17:36] Drought composite end date: 2020-07-03 06:00:00
[2026-05-15 21:17:37] Land cover year: 2019
[2026-05-15 21:17:40] VIIRS Veg composite: 2020-06-25 → 2020-07-11
[2026-05-15 21:17:45] Started export task: fire_113_dynamic_2020-07-08
[2026-05-15 21:17:45] ------ Processing date=2020-07-09 ------
[2026-05-15 21:17:45] Using viirs_af_path: viirs_af_path
[2026-05-15 21:17:45] VIIRS Image Date: ['2020-07-09 00:00:00']
[2026-05-15 21:17:45] Weather image size: 1
[2026-05-15 21:17:45] Forecast duration: 2020-07-10 00:00:00 to 2020-07-11 00:00:00
[2026-05-15 21:17:46] Number of forecast images: 24
[2026-05-15 21:17:46] Using forecast run: 2020-07-09 18:00:00 UTC
[2026-05-15 21:17:47] Forecast Rain Available hours: [6, 7, 8, 9, 10, 11, 12, 13, 14, 15, 16, 17, 18, 19, 20, 21, 22, 23, 24, 25, 26, 27, 28, 29]
[2026-05-15 21:17:47] Valid hours for sum: [12, 18, 24, 29]
[2026-05-15 21:17:50] Drought composite end date: 2020-07-08 06:00:00
[2026-05-15 21:17:50] Land cover year: 2019
[2026-05-15 21:17:51] VIIRS Veg composite: 2020-06-25 → 2020-07-11
[2026-05-15 21:17:54] Started export task: fire_113_dynamic_2020-07-09
[2026-05-15 21:17:55] ------ Processing date=2020-07-10 ------
[2026-05-15 21:17:55] Using viirs_af_path: viirs_af_path
[2026-05-15 21:17:55] VIIRS Image Date: ['2020-07-10 00:00:00']
[2026-05-15 21:17:55] Weather image size: 1
[2026-05-15 21:17:55] Forecast duration: 2020-07-11 00:00:00 to 2020-07-12 00:00:00
[2026-05-15 21:17:56] Number of forecast images: 24
[2026-05-15 21:17:56] Using forecast run: 2020-07-10 18:00:00 UTC
[2026-05-15 21:17:57] Forecast Rain Available hours: [6, 7, 8, 9, 10, 11, 12, 13, 14, 15, 16, 17, 18, 19, 20, 21, 22, 23, 24, 25, 26, 27, 28, 29]
[2026-05-15 21:17:57] Valid hours for sum: [12, 18, 24, 29]
[2026-05-15 21:17:59] Drought composite end date: 2020-07-08 06:00:00
[2026-05-15 21:17:59] Land cover year: 2019
[2026-05-15 21:18:00] VIIRS Veg composite: 2020-06-25 → 2020-07-11
[2026-05-15 21:18:03] Started export task: fire_113_dynamic_2020-07-10
[2026-05-15 21:18:03] ------ Processing date=2020-07-11 ------
[2026-05-15 21:18:03] Using viirs_af_path: viirs_af_path
[2026-05-15 21:18:04] VIIRS Image Date: ['2020-07-11 00:00:00']
[2026-05-15 21:18:04] Weather image size: 1
[2026-05-15 21:18:04] Forecast duration: 2020-07-12 00:00:00 to 2020-07-13 00:00:00
[2026-05-15 21:18:05] Number of forecast images: 24
[2026-05-15 21:18:05] Using forecast run: 2020-07-11 18:00:00 UTC
[2026-05-15 21:18:05] Forecast Rain Available hours: [6, 7, 8, 9, 10, 11, 12, 13, 14, 15, 16, 17, 18, 19, 20, 21, 22, 23, 24, 25, 26, 27, 28, 29]
[2026-05-15 21:18:05] Valid hours for sum: [12, 18, 24, 29]
[2026-05-15 21:18:07] Drought composite end date: 2020-07-08 06:00:00
[2026-05-15 21:18:08] Land cover year: 2019
[2026-05-15 21:18:09] VIIRS Veg composite: 2020-06-25 → 2020-07-11
[2026-05-15 21:18:12] Started export task: fire_113_dynamic_2020-07-11
[2026-05-15 21:18:13] ------ Processing date=2020-07-12 ------
[2026-05-15 21:18:13] Using viirs_af_path: viirs_af_path
[2026-05-15 21:18:13] VIIRS Image Date: ['2020-07-12 00:00:00']
[2026-05-15 21:18:13] Weather image size: 1
[2026-05-15 21:18:13] Forecast duration: 2020-07-13 00:00:00 to 2020-07-14 00:00:00
[2026-05-15 21:18:14] Number of forecast images: 24
[2026-05-15 21:18:14] Using forecast run: 2020-07-12 18:00:00 UTC
[2026-05-15 21:18:14] Forecast Rain Available hours: [6, 7, 8, 9, 10, 11, 12, 13, 14, 15, 16, 17, 18, 19, 20, 21, 22, 23, 24, 25, 26, 27, 28, 29]
[2026-05-15 21:18:14] Valid hours for sum: [12, 18, 24, 29]
[2026-05-15 21:18:16] Drought composite end date: 2020-07-08 06:00:00
[2026-05-15 21:18:17] Land cover year: 2019
[2026-05-15 21:18:18] VIIRS Veg composite: 2020-06-25 → 2020-07-11
[2026-05-15 21:18:21] Started export task: fire_113_dynamic_2020-07-12
[2026-05-15 21:18:21] ------ Processing date=2020-07-13 ------
[2026-05-15 21:18:21] Using viirs_af_path: viirs_af_path
[2026-05-15 21:18:21] VIIRS Image Date: ['2020-07-13 00:00:00']
[2026-05-15 21:18:22] Weather image size: 1
[2026-05-15 21:18:22] Forecast duration: 2020-07-14 00:00:00 to 2020-07-15 00:00:00
[2026-05-15 21:18:23] Number of forecast images: 24
[2026-05-15 21:18:23] Using forecast run: 2020-07-13 18:00:00 UTC
[2026-05-15 21:18:23] Forecast Rain Available hours: [6, 7, 8, 9, 10, 11, 12, 13, 14, 15, 16, 17, 18, 19, 20, 21, 22, 23, 24, 25, 26, 27, 28, 29]
[2026-05-15 21:18:23] Valid hours for sum: [12, 18, 24, 29]
[2026-05-15 21:18:25] Drought composite end date: 2020-07-08 06:00:00
[2026-05-15 21:18:26] Land cover year: 2019
[2026-05-15 21:18:27] VIIRS Veg composite: 2020-06-25 → 2020-07-11
[2026-05-15 21:18:30] Started export task: fire_113_dynamic_2020-07-13
[2026-05-15 21:18:30] ------ Processing date=2020-07-14 ------
[2026-05-15 21:18:30] Using viirs_af_path: viirs_af_path
[2026-05-15 21:18:30] VIIRS Image Date: ['2020-07-14 00:00:00']
[2026-05-15 21:18:31] Weather image size: 1
[2026-05-15 21:18:31] Forecast duration: 2020-07-15 00:00:00 to 2020-07-16 00:00:00
[2026-05-15 21:18:32] Number of forecast images: 24
[2026-05-15 21:18:32] Using forecast run: 2020-07-14 18:00:00 UTC
[2026-05-15 21:18:32] Forecast Rain Available hours: [6, 7, 8, 9, 10, 11, 12, 13, 14, 15, 16, 17, 18, 19, 20, 21, 22, 23, 24, 25, 26, 27, 28, 29]
[2026-05-15 21:18:32] Valid hours for sum: [12, 18, 24, 29]
[2026-05-15 21:18:34] Drought composite end date: 2020-07-13 06:00:00
[2026-05-15 21:18:34] Land cover year: 2019
[2026-05-15 21:18:35] VIIRS Veg composite: 2020-06-25 → 2020-07-11
[2026-05-15 21:18:37] Started export task: fire_113_dynamic_2020-07-14
[2026-05-15 21:18:38] ------ Processing date=2020-07-15 ------
[2026-05-15 21:18:38] Using viirs_af_path: viirs_af_path
[2026-05-15 21:18:38] VIIRS Image Date: ['2020-07-15 00:00:00']
[2026-05-15 21:18:38] Weather image size: 1
[2026-05-15 21:18:38] Forecast duration: 2020-07-16 00:00:00 to 2020-07-17 00:00:00
[2026-05-15 21:18:39] Number of forecast images: 24
[2026-05-15 21:18:39] Using forecast run: 2020-07-15 18:00:00 UTC
[2026-05-15 21:18:40] Forecast Rain Available hours: [6, 7, 8, 9, 10, 11, 12, 13, 14, 15, 16, 17, 18, 19, 20, 21, 22, 23, 24, 25, 26, 27, 28, 29]
[2026-05-15 21:18:40] Valid hours for sum: [12, 18, 24, 29]
[2026-05-15 21:18:42] Drought composite end date: 2020-07-13 06:00:00
[2026-05-15 21:18:42] Land cover year: 2019
[2026-05-15 21:18:43] VIIRS Veg composite: 2020-06-25 → 2020-07-11
[2026-05-15 21:18:47] Started export task: fire_113_dynamic_2020-07-15
[2026-05-15 21:18:48] ------ Processing date=2020-07-16 ------
[2026-05-15 21:18:48] Using viirs_af_path: viirs_af_path
[2026-05-15 21:18:48] VIIRS Image Date: ['2020-07-16 00:00:00']
[2026-05-15 21:18:48] Weather image size: 1
[2026-05-15 21:18:48] Forecast duration: 2020-07-17 00:00:00 to 2020-07-18 00:00:00
[2026-05-15 21:18:49] Number of forecast images: 24
[2026-05-15 21:18:49] Using forecast run: 2020-07-16 18:00:00 UTC
[2026-05-15 21:18:50] Forecast Rain Available hours: [6, 7, 8, 9, 10, 11, 12, 13, 14, 15, 16, 17, 18, 19, 20, 21, 22, 23, 24, 25, 26, 27, 28, 29]
[2026-05-15 21:18:50] Valid hours for sum: [12, 18, 24, 29]
[2026-05-15 21:18:52] Drought composite end date: 2020-07-13 06:00:00
[2026-05-15 21:18:53] Land cover year: 2019
[2026-05-15 21:18:55] VIIRS Veg composite: 2020-06-25 → 2020-07-11
[2026-05-15 21:18:58] Started export task: fire_113_dynamic_2020-07-16
[2026-05-15 21:18:58] ------ Processing date=2020-07-17 ------
[2026-05-15 21:18:58] Using viirs_af_path: viirs_af_path
[2026-05-15 21:18:59] VIIRS Image Date: ['2020-07-17 00:00:00']
[2026-05-15 21:18:59] Weather image size: 1
[2026-05-15 21:18:59] Forecast duration: 2020-07-18 00:00:00 to 2020-07-19 00:00:00
[2026-05-15 21:19:00] Number of forecast images: 24
[2026-05-15 21:19:00] Using forecast run: 2020-07-17 18:00:00 UTC
[2026-05-15 21:19:01] Forecast Rain Available hours: [6, 7, 8, 9, 10, 11, 12, 13, 14, 15, 16, 17, 18, 19, 20, 21, 22, 23, 24, 25, 26, 27, 28, 29]
[2026-05-15 21:19:01] Valid hours for sum: [12, 18, 24, 29]
[2026-05-15 21:19:03] Drought composite end date: 2020-07-13 06:00:00
[2026-05-15 21:19:03] Land cover year: 2019
[2026-05-15 21:19:05] VIIRS Veg composite: 2020-06-25 → 2020-07-11
[2026-05-15 21:19:08] Started export task: fire_113_dynamic_2020-07-17
[2026-05-15 21:19:08] END: ----------Event fire_113----------- (Duration: 2.25m)
[2026-05-15 21:19:08] START: ----------Event fire_114-----------
[2026-05-15 21:19:09] ------ Processing date=2020-07-05 ------
[2026-05-15 21:19:09] Using viirs_af_path: viirs_af_path
[2026-05-15 21:19:09] VIIRS Image Date: ['2020-07-05 00:00:00']
[2026-05-15 21:19:09] Weather image size: 1
[2026-05-15 21:19:09] Forecast duration: 2020-07-06 00:00:00 to 2020-07-07 00:00:00
[2026-05-15 21:19:10] Number of forecast images: 24
[2026-05-15 21:19:10] Using forecast run: 2020-07-05 18:00:00 UTC
[2026-05-15 21:19:10] Forecast Rain Available hours: [6, 7, 8, 9, 10, 11, 12, 13, 14, 15, 16, 17, 18, 19, 20, 21, 22, 23, 24, 25, 26, 27, 28, 29]
[2026-05-15 21:19:10] Valid hours for sum: [12, 18, 24, 29]
[2026-05-15 21:19:13] Drought composite end date: 2020-07-03 06:00:00
[2026-05-15 21:19:13] Land cover year: 2019
[2026-05-15 21:19:14] VIIRS Veg composite: 2020-06-25 → 2020-07-11
[2026-05-15 21:19:20] Started export task: fire_114_static
[2026-05-15 21:19:20] Started export task: fire_114_dynamic_2020-07-05
[2026-05-15 21:19:21] ------ Processing date=2020-07-06 ------
[2026-05-15 21:19:21] Using viirs_af_path: viirs_af_path
[2026-05-15 21:19:21] VIIRS Image Date: ['2020-07-06 00:00:00']
[2026-05-15 21:19:21] Weather image size: 1
[2026-05-15 21:19:21] Forecast duration: 2020-07-07 00:00:00 to 2020-07-08 00:00:00
[2026-05-15 21:19:22] Number of forecast images: 24
[2026-05-15 21:19:22] Using forecast run: 2020-07-06 18:00:00 UTC
[2026-05-15 21:19:22] Forecast Rain Available hours: [6, 7, 8, 9, 10, 11, 12, 13, 14, 15, 16, 17, 18, 19, 20, 21, 22, 23, 24, 25, 26, 27, 28, 29]
[2026-05-15 21:19:22] Valid hours for sum: [12, 18, 24, 29]
[2026-05-15 21:19:24] Drought composite end date: 2020-07-03 06:00:00
[2026-05-15 21:19:24] Land cover year: 2019
[2026-05-15 21:19:25] VIIRS Veg composite: 2020-06-25 → 2020-07-11
[2026-05-15 21:19:28] Started export task: fire_114_dynamic_2020-07-06
[2026-05-15 21:19:28] ------ Processing date=2020-07-07 ------
[2026-05-15 21:19:28] Using viirs_af_path: viirs_af_path
[2026-05-15 21:19:28] VIIRS Image Date: ['2020-07-07 00:00:00']
[2026-05-15 21:19:28] Weather image size: 1
[2026-05-15 21:19:28] Forecast duration: 2020-07-08 00:00:00 to 2020-07-09 00:00:00
[2026-05-15 21:19:29] Number of forecast images: 24
[2026-05-15 21:19:29] Using forecast run: 2020-07-07 18:00:00 UTC
[2026-05-15 21:19:30] Forecast Rain Available hours: [6, 7, 8, 9, 10, 11, 12, 13, 14, 15, 16, 17, 18, 19, 20, 21, 22, 23, 24, 25, 26, 27, 28, 29]
[2026-05-15 21:19:30] Valid hours for sum: [12, 18, 24, 29]
[2026-05-15 21:19:32] Drought composite end date: 2020-07-03 06:00:00
[2026-05-15 21:19:32] Land cover year: 2019
[2026-05-15 21:19:33] VIIRS Veg composite: 2020-06-25 → 2020-07-11
[2026-05-15 21:19:38] Started export task: fire_114_dynamic_2020-07-07
[2026-05-15 21:19:38] ------ Processing date=2020-07-08 ------
[2026-05-15 21:19:38] Using viirs_af_path: viirs_af_path
[2026-05-15 21:19:38] VIIRS Image Date: ['2020-07-08 00:00:00']
[2026-05-15 21:19:38] Weather image size: 1
[2026-05-15 21:19:38] Forecast duration: 2020-07-09 00:00:00 to 2020-07-10 00:00:00
[2026-05-15 21:19:39] Number of forecast images: 24
[2026-05-15 21:19:39] Using forecast run: 2020-07-08 18:00:00 UTC
[2026-05-15 21:19:40] Forecast Rain Available hours: [6, 7, 8, 9, 10, 11, 12, 13, 14, 15, 16, 17, 18, 19, 20, 21, 22, 23, 24, 25, 26, 27, 28, 29]
[2026-05-15 21:19:40] Valid hours for sum: [12, 18, 24, 29]
[2026-05-15 21:19:42] Drought composite end date: 2020-07-03 06:00:00
[2026-05-15 21:19:43] Land cover year: 2019
[2026-05-15 21:19:44] VIIRS Veg composite: 2020-06-25 → 2020-07-11
[2026-05-15 21:19:48] Started export task: fire_114_dynamic_2020-07-08
[2026-05-15 21:19:49] ------ Processing date=2020-07-09 ------
[2026-05-15 21:19:49] Using viirs_af_path: viirs_af_path
[2026-05-15 21:19:49] VIIRS Image Date: ['2020-07-09 00:00:00']
[2026-05-15 21:19:49] Weather image size: 1
[2026-05-15 21:19:49] Forecast duration: 2020-07-10 00:00:00 to 2020-07-11 00:00:00
[2026-05-15 21:19:50] Number of forecast images: 24
[2026-05-15 21:19:50] Using forecast run: 2020-07-09 18:00:00 UTC
[2026-05-15 21:19:50] Forecast Rain Available hours: [6, 7, 8, 9, 10, 11, 12, 13, 14, 15, 16, 17, 18, 19, 20, 21, 22, 23, 24, 25, 26, 27, 28, 29]
[2026-05-15 21:19:50] Valid hours for sum: [12, 18, 24, 29]
[2026-05-15 21:19:52] Drought composite end date: 2020-07-08 06:00:00
[2026-05-15 21:19:52] Land cover year: 2019
[2026-05-15 21:19:53] VIIRS Veg composite: 2020-06-25 → 2020-07-11
[2026-05-15 21:19:58] Started export task: fire_114_dynamic_2020-07-09
[2026-05-15 21:19:58] ------ Processing date=2020-07-10 ------
[2026-05-15 21:19:58] Using viirs_af_path: viirs_af_path
[2026-05-15 21:19:59] VIIRS Image Date: ['2020-07-10 00:00:00']
[2026-05-15 21:19:59] Weather image size: 1
[2026-05-15 21:19:59] Forecast duration: 2020-07-11 00:00:00 to 2020-07-12 00:00:00
[2026-05-15 21:20:00] Number of forecast images: 24
[2026-05-15 21:20:00] Using forecast run: 2020-07-10 18:00:00 UTC
[2026-05-15 21:20:01] Forecast Rain Available hours: [6, 7, 8, 9, 10, 11, 12, 13, 14, 15, 16, 17, 18, 19, 20, 21, 22, 23, 24, 25, 26, 27, 28, 29]
[2026-05-15 21:20:01] Valid hours for sum: [12, 18, 24, 29]
[2026-05-15 21:20:03] Drought composite end date: 2020-07-08 06:00:00
[2026-05-15 21:20:03] Land cover year: 2019
[2026-05-15 21:20:04] VIIRS Veg composite: 2020-06-25 → 2020-07-11
[2026-05-15 21:20:08] Started export task: fire_114_dynamic_2020-07-10
[2026-05-15 21:20:08] ------ Processing date=2020-07-11 ------
[2026-05-15 21:20:08] Using viirs_af_path: viirs_af_path
[2026-05-15 21:20:09] VIIRS Image Date: ['2020-07-11 00:00:00']
[2026-05-15 21:20:09] Weather image size: 1
[2026-05-15 21:20:09] Forecast duration: 2020-07-12 00:00:00 to 2020-07-13 00:00:00
[2026-05-15 21:20:11] Number of forecast images: 24
[2026-05-15 21:20:11] Using forecast run: 2020-07-11 18:00:00 UTC
[2026-05-15 21:20:11] Forecast Rain Available hours: [6, 7, 8, 9, 10, 11, 12, 13, 14, 15, 16, 17, 18, 19, 20, 21, 22, 23, 24, 25, 26, 27, 28, 29]
[2026-05-15 21:20:11] Valid hours for sum: [12, 18, 24, 29]
[2026-05-15 21:20:13] Drought composite end date: 2020-07-08 06:00:00
[2026-05-15 21:20:13] Land cover year: 2019
[2026-05-15 21:20:14] VIIRS Veg composite: 2020-06-25 → 2020-07-11
[2026-05-15 21:20:17] Started export task: fire_114_dynamic_2020-07-11
[2026-05-15 21:20:18] ------ Processing date=2020-07-12 ------
[2026-05-15 21:20:18] Using viirs_af_path: viirs_af_path
[2026-05-15 21:20:18] VIIRS Image Date: ['2020-07-12 00:00:00']
[2026-05-15 21:20:18] Weather image size: 1
[2026-05-15 21:20:18] Forecast duration: 2020-07-13 00:00:00 to 2020-07-14 00:00:00
[2026-05-15 21:20:19] Number of forecast images: 24
[2026-05-15 21:20:19] Using forecast run: 2020-07-12 18:00:00 UTC
[2026-05-15 21:20:20] Forecast Rain Available hours: [6, 7, 8, 9, 10, 11, 12, 13, 14, 15, 16, 17, 18, 19, 20, 21, 22, 23, 24, 25, 26, 27, 28, 29]
[2026-05-15 21:20:20] Valid hours for sum: [12, 18, 24, 29]
[2026-05-15 21:20:21] Drought composite end date: 2020-07-08 06:00:00
[2026-05-15 21:20:21] Land cover year: 2019
[2026-05-15 21:20:22] VIIRS Veg composite: 2020-06-25 → 2020-07-11
[2026-05-15 21:20:28] Started export task: fire_114_dynamic_2020-07-12
[2026-05-15 21:20:28] ------ Processing date=2020-07-13 ------
[2026-05-15 21:20:28] Using viirs_af_path: viirs_af_path
[2026-05-15 21:20:28] VIIRS Image Date: ['2020-07-13 00:00:00']
[2026-05-15 21:20:28] Weather image size: 1
[2026-05-15 21:20:28] Forecast duration: 2020-07-14 00:00:00 to 2020-07-15 00:00:00
[2026-05-15 21:20:29] Number of forecast images: 24
[2026-05-15 21:20:29] Using forecast run: 2020-07-13 18:00:00 UTC
[2026-05-15 21:20:29] Forecast Rain Available hours: [6, 7, 8, 9, 10, 11, 12, 13, 14, 15, 16, 17, 18, 19, 20, 21, 22, 23, 24, 25, 26, 27, 28, 29]
[2026-05-15 21:20:29] Valid hours for sum: [12, 18, 24, 29]
[2026-05-15 21:20:31] Drought composite end date: 2020-07-08 06:00:00
[2026-05-15 21:20:32] Land cover year: 2019
[2026-05-15 21:20:33] VIIRS Veg composite: 2020-06-25 → 2020-07-11
[2026-05-15 21:20:40] Started export task: fire_114_dynamic_2020-07-13
[2026-05-15 21:20:40] ------ Processing date=2020-07-14 ------
[2026-05-15 21:20:40] Using viirs_af_path: viirs_af_path
[2026-05-15 21:20:41] VIIRS Image Date: ['2020-07-14 00:00:00']
[2026-05-15 21:20:41] Weather image size: 1
[2026-05-15 21:20:41] Forecast duration: 2020-07-15 00:00:00 to 2020-07-16 00:00:00
[2026-05-15 21:20:42] Number of forecast images: 24
[2026-05-15 21:20:42] Using forecast run: 2020-07-14 18:00:00 UTC
[2026-05-15 21:20:42] Forecast Rain Available hours: [6, 7, 8, 9, 10, 11, 12, 13, 14, 15, 16, 17, 18, 19, 20, 21, 22, 23, 24, 25, 26, 27, 28, 29]
[2026-05-15 21:20:42] Valid hours for sum: [12, 18, 24, 29]
[2026-05-15 21:20:45] Drought composite end date: 2020-07-13 06:00:00
[2026-05-15 21:20:45] Land cover year: 2019
[2026-05-15 21:20:46] VIIRS Veg composite: 2020-06-25 → 2020-07-11
[2026-05-15 21:20:50] Started export task: fire_114_dynamic_2020-07-14
[2026-05-15 21:20:50] ------ Processing date=2020-07-15 ------
[2026-05-15 21:20:50] Using viirs_af_path: viirs_af_path
[2026-05-15 21:20:50] VIIRS Image Date: ['2020-07-15 00:00:00']
[2026-05-15 21:20:51] Weather image size: 1
[2026-05-15 21:20:51] Forecast duration: 2020-07-16 00:00:00 to 2020-07-17 00:00:00
[2026-05-15 21:20:52] Number of forecast images: 24
[2026-05-15 21:20:52] Using forecast run: 2020-07-15 18:00:00 UTC
[2026-05-15 21:20:52] Forecast Rain Available hours: [6, 7, 8, 9, 10, 11, 12, 13, 14, 15, 16, 17, 18, 19, 20, 21, 22, 23, 24, 25, 26, 27, 28, 29]
[2026-05-15 21:20:52] Valid hours for sum: [12, 18, 24, 29]
[2026-05-15 21:20:54] Drought composite end date: 2020-07-13 06:00:00
[2026-05-15 21:20:54] Land cover year: 2019
[2026-05-15 21:20:55] VIIRS Veg composite: 2020-06-25 → 2020-07-11
[2026-05-15 21:21:00] Started export task: fire_114_dynamic_2020-07-15
[2026-05-15 21:21:00] ------ Processing date=2020-07-16 ------
[2026-05-15 21:21:00] Using viirs_af_path: viirs_af_path
[2026-05-15 21:21:01] VIIRS Image Date: ['2020-07-16 00:00:00']
[2026-05-15 21:21:01] Weather image size: 1
[2026-05-15 21:21:01] Forecast duration: 2020-07-17 00:00:00 to 2020-07-18 00:00:00
[2026-05-15 21:21:02] Number of forecast images: 24
[2026-05-15 21:21:02] Using forecast run: 2020-07-16 18:00:00 UTC
[2026-05-15 21:21:02] Forecast Rain Available hours: [6, 7, 8, 9, 10, 11, 12, 13, 14, 15, 16, 17, 18, 19, 20, 21, 22, 23, 24, 25, 26, 27, 28, 29]
[2026-05-15 21:21:02] Valid hours for sum: [12, 18, 24, 29]
[2026-05-15 21:21:05] Drought composite end date: 2020-07-13 06:00:00
[2026-05-15 21:21:06] Land cover year: 2019
[2026-05-15 21:21:06] VIIRS Veg composite: 2020-06-25 → 2020-07-11
[2026-05-15 21:21:10] Started export task: fire_114_dynamic_2020-07-16
[2026-05-15 21:21:10] ------ Processing date=2020-07-17 ------
[2026-05-15 21:21:10] Using viirs_af_path: viirs_af_path
[2026-05-15 21:21:10] VIIRS Image Date: ['2020-07-17 00:00:00']
[2026-05-15 21:21:10] Weather image size: 1
[2026-05-15 21:21:10] Forecast duration: 2020-07-18 00:00:00 to 2020-07-19 00:00:00
[2026-05-15 21:21:12] Number of forecast images: 24
[2026-05-15 21:21:12] Using forecast run: 2020-07-17 18:00:00 UTC
[2026-05-15 21:21:13] Forecast Rain Available hours: [6, 7, 8, 9, 10, 11, 12, 13, 14, 15, 16, 17, 18, 19, 20, 21, 22, 23, 24, 25, 26, 27, 28, 29]
[2026-05-15 21:21:13] Valid hours for sum: [12, 18, 24, 29]
[2026-05-15 21:21:15] Drought composite end date: 2020-07-13 06:00:00
[2026-05-15 21:21:15] Land cover year: 2019
[2026-05-15 21:21:16] VIIRS Veg composite: 2020-06-25 → 2020-07-11
[2026-05-15 21:21:21] Started export task: fire_114_dynamic_2020-07-17
[2026-05-15 21:21:21] ------ Processing date=2020-07-18 ------
[2026-05-15 21:21:21] Using viirs_af_path: viirs_af_path
[2026-05-15 21:21:21] VIIRS Image Date: ['2020-07-18 00:00:00']
[2026-05-15 21:21:22] Weather image size: 1
[2026-05-15 21:21:22] Forecast duration: 2020-07-19 00:00:00 to 2020-07-20 00:00:00
[2026-05-15 21:21:22] Number of forecast images: 24
[2026-05-15 21:21:22] Using forecast run: 2020-07-18 18:00:00 UTC
[2026-05-15 21:21:23] Forecast Rain Available hours: [6, 7, 8, 9, 10, 11, 12, 13, 14, 15, 16, 17, 18, 19, 20, 21, 22, 23, 24, 25, 26, 27, 28, 29]
[2026-05-15 21:21:23] Valid hours for sum: [12, 18, 24, 29]
[2026-05-15 21:21:25] Drought composite end date: 2020-07-13 06:00:00
[2026-05-15 21:21:25] Land cover year: 2019
[2026-05-15 21:21:26] VIIRS Veg composite: 2020-06-25 → 2020-07-11
[2026-05-15 21:21:31] Started export task: fire_114_dynamic_2020-07-18
[2026-05-15 21:21:32] ------ Processing date=2020-07-19 ------
[2026-05-15 21:21:32] Using viirs_af_path: viirs_af_path
[2026-05-15 21:21:32] VIIRS Image Date: ['2020-07-19 00:00:00']
[2026-05-15 21:21:32] Weather image size: 1
[2026-05-15 21:21:32] Forecast duration: 2020-07-20 00:00:00 to 2020-07-21 00:00:00
[2026-05-15 21:21:33] Number of forecast images: 24
[2026-05-15 21:21:33] Using forecast run: 2020-07-19 18:00:00 UTC
[2026-05-15 21:21:34] Forecast Rain Available hours: [6, 7, 8, 9, 10, 11, 12, 13, 14, 15, 16, 17, 18, 19, 20, 21, 22, 23, 24, 25, 26, 27, 28, 29]
[2026-05-15 21:21:34] Valid hours for sum: [12, 18, 24, 29]
[2026-05-15 21:21:35] Drought composite end date: 2020-07-18 06:00:00
[2026-05-15 21:21:36] Land cover year: 2019
[2026-05-15 21:21:36] VIIRS Veg composite: 2020-06-25 → 2020-07-11
[2026-05-15 21:21:41] Started export task: fire_114_dynamic_2020-07-19
[2026-05-15 21:21:41] ------ Processing date=2020-07-20 ------
[2026-05-15 21:21:41] Using viirs_af_path: viirs_af_path
[2026-05-15 21:21:41] VIIRS Image Date: ['2020-07-20 00:00:00']
[2026-05-15 21:21:41] Weather image size: 1
[2026-05-15 21:21:41] Forecast duration: 2020-07-21 00:00:00 to 2020-07-22 00:00:00
[2026-05-15 21:21:42] Number of forecast images: 24
[2026-05-15 21:21:42] Using forecast run: 2020-07-20 18:00:00 UTC
[2026-05-15 21:21:43] Forecast Rain Available hours: [6, 7, 8, 9, 10, 11, 12, 13, 14, 15, 16, 17, 18, 19, 20, 21, 22, 23, 24, 25, 26, 27, 28, 29]
[2026-05-15 21:21:43] Valid hours for sum: [12, 18, 24, 29]
[2026-05-15 21:21:45] Drought composite end date: 2020-07-18 06:00:00
[2026-05-15 21:21:45] Land cover year: 2019
[2026-05-15 21:21:46] VIIRS Veg composite: 2020-06-25 → 2020-07-11
[2026-05-15 21:21:50] Started export task: fire_114_dynamic_2020-07-20
[2026-05-15 21:21:51] END: ----------Event fire_114----------- (Duration: 2.70m)
[2026-05-15 21:21:51] START: ----------Event fire_117-----------
[2026-05-15 21:21:51] ------ Processing date=2020-07-06 ------
[2026-05-15 21:21:51] Using viirs_af_path: viirs_af_path
[2026-05-15 21:21:51] VIIRS Image Date: ['2020-07-06 00:00:00']
[2026-05-15 21:21:51] Weather image size: 1
[2026-05-15 21:21:51] Forecast duration: 2020-07-07 00:00:00 to 2020-07-08 00:00:00
[2026-05-15 21:21:52] Number of forecast images: 24
[2026-05-15 21:21:52] Using forecast run: 2020-07-06 18:00:00 UTC
[2026-05-15 21:21:52] Forecast Rain Available hours: [6, 7, 8, 9, 10, 11, 12, 13, 14, 15, 16, 17, 18, 19, 20, 21, 22, 23, 24, 25, 26, 27, 28, 29]
[2026-05-15 21:21:52] Valid hours for sum: [12, 18, 24, 29]
[2026-05-15 21:21:55] Drought composite end date: 2020-07-03 06:00:00
[2026-05-15 21:21:55] Land cover year: 2019
[2026-05-15 21:21:56] VIIRS Veg composite: 2020-06-25 → 2020-07-11
[2026-05-15 21:22:00] Started export task: fire_117_static
[2026-05-15 21:22:01] Started export task: fire_117_dynamic_2020-07-06
[2026-05-15 21:22:01] ------ Processing date=2020-07-07 ------
[2026-05-15 21:22:01] Using viirs_af_path: viirs_af_path
[2026-05-15 21:22:01] VIIRS Image Date: ['2020-07-07 00:00:00']
[2026-05-15 21:22:02] Weather image size: 1
[2026-05-15 21:22:02] Forecast duration: 2020-07-08 00:00:00 to 2020-07-09 00:00:00
[2026-05-15 21:22:03] Number of forecast images: 24
[2026-05-15 21:22:03] Using forecast run: 2020-07-07 18:00:00 UTC
[2026-05-15 21:22:03] Forecast Rain Available hours: [6, 7, 8, 9, 10, 11, 12, 13, 14, 15, 16, 17, 18, 19, 20, 21, 22, 23, 24, 25, 26, 27, 28, 29]
[2026-05-15 21:22:03] Valid hours for sum: [12, 18, 24, 29]
[2026-05-15 21:22:05] Drought composite end date: 2020-07-03 06:00:00
[2026-05-15 21:22:05] Land cover year: 2019
[2026-05-15 21:22:06] VIIRS Veg composite: 2020-06-25 → 2020-07-11
[2026-05-15 21:22:10] Started export task: fire_117_dynamic_2020-07-07
[2026-05-15 21:22:10] ------ Processing date=2020-07-08 ------
[2026-05-15 21:22:10] Using viirs_af_path: viirs_af_path
[2026-05-15 21:22:10] VIIRS Image Date: ['2020-07-08 00:00:00']
[2026-05-15 21:22:11] Weather image size: 1
[2026-05-15 21:22:11] Forecast duration: 2020-07-09 00:00:00 to 2020-07-10 00:00:00
[2026-05-15 21:22:12] Number of forecast images: 24
[2026-05-15 21:22:12] Using forecast run: 2020-07-08 18:00:00 UTC
[2026-05-15 21:22:12] Forecast Rain Available hours: [6, 7, 8, 9, 10, 11, 12, 13, 14, 15, 16, 17, 18, 19, 20, 21, 22, 23, 24, 25, 26, 27, 28, 29]
[2026-05-15 21:22:12] Valid hours for sum: [12, 18, 24, 29]
[2026-05-15 21:22:14] Drought composite end date: 2020-07-03 06:00:00
[2026-05-15 21:22:15] Land cover year: 2019
[2026-05-15 21:22:16] VIIRS Veg composite: 2020-06-25 → 2020-07-11
[2026-05-15 21:22:19] Started export task: fire_117_dynamic_2020-07-08
[2026-05-15 21:22:20] ------ Processing date=2020-07-09 ------
[2026-05-15 21:22:20] Using viirs_af_path: viirs_af_path
[2026-05-15 21:22:20] VIIRS Image Date: ['2020-07-09 00:00:00']
[2026-05-15 21:22:20] Weather image size: 1
[2026-05-15 21:22:20] Forecast duration: 2020-07-10 00:00:00 to 2020-07-11 00:00:00
[2026-05-15 21:22:21] Number of forecast images: 24
[2026-05-15 21:22:21] Using forecast run: 2020-07-09 18:00:00 UTC
[2026-05-15 21:22:22] Forecast Rain Available hours: [6, 7, 8, 9, 10, 11, 12, 13, 14, 15, 16, 17, 18, 19, 20, 21, 22, 23, 24, 25, 26, 27, 28, 29]
[2026-05-15 21:22:22] Valid hours for sum: [12, 18, 24, 29]
[2026-05-15 21:22:24] Drought composite end date: 2020-07-08 06:00:00
[2026-05-15 21:22:24] Land cover year: 2019
[2026-05-15 21:22:26] VIIRS Veg composite: 2020-06-25 → 2020-07-11
[2026-05-15 21:22:30] Started export task: fire_117_dynamic_2020-07-09
[2026-05-15 21:22:30] ------ Processing date=2020-07-10 ------
[2026-05-15 21:22:30] Using viirs_af_path: viirs_af_path
[2026-05-15 21:22:30] VIIRS Image Date: ['2020-07-10 00:00:00']
[2026-05-15 21:22:30] Weather image size: 1
[2026-05-15 21:22:30] Forecast duration: 2020-07-11 00:00:00 to 2020-07-12 00:00:00
[2026-05-15 21:22:31] Number of forecast images: 24
[2026-05-15 21:22:31] Using forecast run: 2020-07-10 18:00:00 UTC
[2026-05-15 21:22:31] Forecast Rain Available hours: [6, 7, 8, 9, 10, 11, 12, 13, 14, 15, 16, 17, 18, 19, 20, 21, 22, 23, 24, 25, 26, 27, 28, 29]
[2026-05-15 21:22:31] Valid hours for sum: [12, 18, 24, 29]
[2026-05-15 21:22:33] Drought composite end date: 2020-07-08 06:00:00
[2026-05-15 21:22:33] Land cover year: 2019
[2026-05-15 21:22:34] VIIRS Veg composite: 2020-06-25 → 2020-07-11
[2026-05-15 21:22:39] Started export task: fire_117_dynamic_2020-07-10
[2026-05-15 21:22:39] ------ Processing date=2020-07-11 ------
[2026-05-15 21:22:39] Using viirs_af_path: viirs_af_path
[2026-05-15 21:22:40] VIIRS Image Date: ['2020-07-11 00:00:00']
[2026-05-15 21:22:40] Weather image size: 1
[2026-05-15 21:22:40] Forecast duration: 2020-07-12 00:00:00 to 2020-07-13 00:00:00
[2026-05-15 21:22:41] Number of forecast images: 24
[2026-05-15 21:22:41] Using forecast run: 2020-07-11 18:00:00 UTC
[2026-05-15 21:22:41] Forecast Rain Available hours: [6, 7, 8, 9, 10, 11, 12, 13, 14, 15, 16, 17, 18, 19, 20, 21, 22, 23, 24, 25, 26, 27, 28, 29]
[2026-05-15 21:22:41] Valid hours for sum: [12, 18, 24, 29]
[2026-05-15 21:22:43] Drought composite end date: 2020-07-08 06:00:00
[2026-05-15 21:22:43] Land cover year: 2019
[2026-05-15 21:22:44] VIIRS Veg composite: 2020-06-25 → 2020-07-11
[2026-05-15 21:22:48] Started export task: fire_117_dynamic_2020-07-11
[2026-05-15 21:22:48] ------ Processing date=2020-07-12 ------
[2026-05-15 21:22:48] Using viirs_af_path: viirs_af_path
[2026-05-15 21:22:48] VIIRS Image Date: ['2020-07-12 00:00:00']
[2026-05-15 21:22:49] Weather image size: 1
[2026-05-15 21:22:49] Forecast duration: 2020-07-13 00:00:00 to 2020-07-14 00:00:00
[2026-05-15 21:22:50] Number of forecast images: 24
[2026-05-15 21:22:50] Using forecast run: 2020-07-12 18:00:00 UTC
[2026-05-15 21:22:50] Forecast Rain Available hours: [6, 7, 8, 9, 10, 11, 12, 13, 14, 15, 16, 17, 18, 19, 20, 21, 22, 23, 24, 25, 26, 27, 28, 29]
[2026-05-15 21:22:50] Valid hours for sum: [12, 18, 24, 29]
[2026-05-15 21:22:52] Drought composite end date: 2020-07-08 06:00:00
[2026-05-15 21:22:52] Land cover year: 2019
[2026-05-15 21:22:53] VIIRS Veg composite: 2020-06-25 → 2020-07-11
[2026-05-15 21:22:58] Started export task: fire_117_dynamic_2020-07-12
[2026-05-15 21:22:58] ------ Processing date=2020-07-13 ------
[2026-05-15 21:22:58] Using viirs_af_path: viirs_af_path
[2026-05-15 21:22:59] VIIRS Image Date: ['2020-07-13 00:00:00']
[2026-05-15 21:22:59] Weather image size: 1
[2026-05-15 21:22:59] Forecast duration: 2020-07-14 00:00:00 to 2020-07-15 00:00:00
[2026-05-15 21:23:00] Number of forecast images: 24
[2026-05-15 21:23:00] Using forecast run: 2020-07-13 18:00:00 UTC
[2026-05-15 21:23:00] Forecast Rain Available hours: [6, 7, 8, 9, 10, 11, 12, 13, 14, 15, 16, 17, 18, 19, 20, 21, 22, 23, 24, 25, 26, 27, 28, 29]
[2026-05-15 21:23:00] Valid hours for sum: [12, 18, 24, 29]
[2026-05-15 21:23:03] Drought composite end date: 2020-07-08 06:00:00
[2026-05-15 21:23:03] Land cover year: 2019
[2026-05-15 21:23:04] VIIRS Veg composite: 2020-06-25 → 2020-07-11
[2026-05-15 21:23:07] Started export task: fire_117_dynamic_2020-07-13
[2026-05-15 21:23:07] ------ Processing date=2020-07-14 ------
[2026-05-15 21:23:07] Using viirs_af_path: viirs_af_path
[2026-05-15 21:23:08] VIIRS Image Date: ['2020-07-14 00:00:00']
[2026-05-15 21:23:08] Weather image size: 1
[2026-05-15 21:23:08] Forecast duration: 2020-07-15 00:00:00 to 2020-07-16 00:00:00
[2026-05-15 21:23:09] Number of forecast images: 24
[2026-05-15 21:23:09] Using forecast run: 2020-07-14 18:00:00 UTC
[2026-05-15 21:23:09] Forecast Rain Available hours: [6, 7, 8, 9, 10, 11, 12, 13, 14, 15, 16, 17, 18, 19, 20, 21, 22, 23, 24, 25, 26, 27, 28, 29]
[2026-05-15 21:23:09] Valid hours for sum: [12, 18, 24, 29]
[2026-05-15 21:23:11] Drought composite end date: 2020-07-13 06:00:00
[2026-05-15 21:23:11] Land cover year: 2019
[2026-05-15 21:23:12] VIIRS Veg composite: 2020-06-25 → 2020-07-11
[2026-05-15 21:23:15] Started export task: fire_117_dynamic_2020-07-14
[2026-05-15 21:23:16] ------ Processing date=2020-07-15 ------
[2026-05-15 21:23:16] Using viirs_af_path: viirs_af_path
[2026-05-15 21:23:16] VIIRS Image Date: ['2020-07-15 00:00:00']
[2026-05-15 21:23:16] Weather image size: 1
[2026-05-15 21:23:16] Forecast duration: 2020-07-16 00:00:00 to 2020-07-17 00:00:00
[2026-05-15 21:23:17] Number of forecast images: 24
[2026-05-15 21:23:17] Using forecast run: 2020-07-15 18:00:00 UTC
[2026-05-15 21:23:17] Forecast Rain Available hours: [6, 7, 8, 9, 10, 11, 12, 13, 14, 15, 16, 17, 18, 19, 20, 21, 22, 23, 24, 25, 26, 27, 28, 29]
[2026-05-15 21:23:17] Valid hours for sum: [12, 18, 24, 29]
[2026-05-15 21:23:20] Drought composite end date: 2020-07-13 06:00:00
[2026-05-15 21:23:20] Land cover year: 2019
[2026-05-15 21:23:21] VIIRS Veg composite: 2020-06-25 → 2020-07-11
[2026-05-15 21:23:24] Started export task: fire_117_dynamic_2020-07-15
[2026-05-15 21:23:24] ------ Processing date=2020-07-16 ------
[2026-05-15 21:23:24] Using viirs_af_path: viirs_af_path
[2026-05-15 21:23:25] VIIRS Image Date: ['2020-07-16 00:00:00']
[2026-05-15 21:23:26] Weather image size: 1
[2026-05-15 21:23:26] Forecast duration: 2020-07-17 00:00:00 to 2020-07-18 00:00:00
[2026-05-15 21:23:26] Number of forecast images: 24
[2026-05-15 21:23:26] Using forecast run: 2020-07-16 18:00:00 UTC
[2026-05-15 21:23:27] Forecast Rain Available hours: [6, 7, 8, 9, 10, 11, 12, 13, 14, 15, 16, 17, 18, 19, 20, 21, 22, 23, 24, 25, 26, 27, 28, 29]
[2026-05-15 21:23:27] Valid hours for sum: [12, 18, 24, 29]
[2026-05-15 21:23:29] Drought composite end date: 2020-07-13 06:00:00
[2026-05-15 21:23:29] Land cover year: 2019
[2026-05-15 21:23:30] VIIRS Veg composite: 2020-06-25 → 2020-07-11
[2026-05-15 21:23:33] Started export task: fire_117_dynamic_2020-07-16
[2026-05-15 21:23:33] ------ Processing date=2020-07-17 ------
[2026-05-15 21:23:33] Using viirs_af_path: viirs_af_path
[2026-05-15 21:23:33] VIIRS Image Date: ['2020-07-17 00:00:00']
[2026-05-15 21:23:33] Weather image size: 1
[2026-05-15 21:23:33] Forecast duration: 2020-07-18 00:00:00 to 2020-07-19 00:00:00
[2026-05-15 21:23:34] Number of forecast images: 24
[2026-05-15 21:23:34] Using forecast run: 2020-07-17 18:00:00 UTC
[2026-05-15 21:23:35] Forecast Rain Available hours: [6, 7, 8, 9, 10, 11, 12, 13, 14, 15, 16, 17, 18, 19, 20, 21, 22, 23, 24, 25, 26, 27, 28, 29]
[2026-05-15 21:23:35] Valid hours for sum: [12, 18, 24, 29]
[2026-05-15 21:23:37] Drought composite end date: 2020-07-13 06:00:00
[2026-05-15 21:23:38] Land cover year: 2019
[2026-05-15 21:23:38] VIIRS Veg composite: 2020-06-25 → 2020-07-11
[2026-05-15 21:23:42] Started export task: fire_117_dynamic_2020-07-17
[2026-05-15 21:23:43] ------ Processing date=2020-07-18 ------
[2026-05-15 21:23:43] Using viirs_af_path: viirs_af_path
[2026-05-15 21:23:43] VIIRS Image Date: ['2020-07-18 00:00:00']
[2026-05-15 21:23:43] Weather image size: 1
[2026-05-15 21:23:43] Forecast duration: 2020-07-19 00:00:00 to 2020-07-20 00:00:00
[2026-05-15 21:23:44] Number of forecast images: 24
[2026-05-15 21:23:44] Using forecast run: 2020-07-18 18:00:00 UTC
[2026-05-15 21:23:44] Forecast Rain Available hours: [6, 7, 8, 9, 10, 11, 12, 13, 14, 15, 16, 17, 18, 19, 20, 21, 22, 23, 24, 25, 26, 27, 28, 29]
[2026-05-15 21:23:44] Valid hours for sum: [12, 18, 24, 29]
[2026-05-15 21:23:47] Drought composite end date: 2020-07-13 06:00:00
[2026-05-15 21:23:47] Land cover year: 2019
[2026-05-15 21:23:48] VIIRS Veg composite: 2020-06-25 → 2020-07-11
[2026-05-15 21:23:53] Started export task: fire_117_dynamic_2020-07-18
[2026-05-15 21:23:54] ------ Processing date=2020-07-19 ------
[2026-05-15 21:23:54] Using viirs_af_path: viirs_af_path
[2026-05-15 21:23:54] VIIRS Image Date: ['2020-07-19 00:00:00']
[2026-05-15 21:23:54] Weather image size: 1
[2026-05-15 21:23:54] Forecast duration: 2020-07-20 00:00:00 to 2020-07-21 00:00:00
[2026-05-15 21:23:55] Number of forecast images: 24
[2026-05-15 21:23:55] Using forecast run: 2020-07-19 18:00:00 UTC
[2026-05-15 21:23:56] Forecast Rain Available hours: [6, 7, 8, 9, 10, 11, 12, 13, 14, 15, 16, 17, 18, 19, 20, 21, 22, 23, 24, 25, 26, 27, 28, 29]
[2026-05-15 21:23:56] Valid hours for sum: [12, 18, 24, 29]
[2026-05-15 21:23:59] Drought composite end date: 2020-07-18 06:00:00
[2026-05-15 21:23:59] Land cover year: 2019
[2026-05-15 21:24:00] VIIRS Veg composite: 2020-06-25 → 2020-07-11
[2026-05-15 21:24:03] Started export task: fire_117_dynamic_2020-07-19
[2026-05-15 21:24:04] ------ Processing date=2020-07-20 ------
[2026-05-15 21:24:04] Using viirs_af_path: viirs_af_path
[2026-05-15 21:24:04] VIIRS Image Date: ['2020-07-20 00:00:00']
[2026-05-15 21:24:04] Weather image size: 1
[2026-05-15 21:24:04] Forecast duration: 2020-07-21 00:00:00 to 2020-07-22 00:00:00
[2026-05-15 21:24:05] Number of forecast images: 24
[2026-05-15 21:24:05] Using forecast run: 2020-07-20 18:00:00 UTC
[2026-05-15 21:24:05] Forecast Rain Available hours: [6, 7, 8, 9, 10, 11, 12, 13, 14, 15, 16, 17, 18, 19, 20, 21, 22, 23, 24, 25, 26, 27, 28, 29]
[2026-05-15 21:24:05] Valid hours for sum: [12, 18, 24, 29]
[2026-05-15 21:24:07] Drought composite end date: 2020-07-18 06:00:00
[2026-05-15 21:24:07] Land cover year: 2019
[2026-05-15 21:24:08] VIIRS Veg composite: 2020-06-25 → 2020-07-11
[2026-05-15 21:24:11] Started export task: fire_117_dynamic_2020-07-20
[2026-05-15 21:24:11] ------ Processing date=2020-07-21 ------
[2026-05-15 21:24:11] Using viirs_af_path: viirs_af_path
[2026-05-15 21:24:11] VIIRS Image Date: ['2020-07-21 00:00:00']
[2026-05-15 21:24:12] Weather image size: 1
[2026-05-15 21:24:12] Forecast duration: 2020-07-22 00:00:00 to 2020-07-23 00:00:00
[2026-05-15 21:24:12] Number of forecast images: 24
[2026-05-15 21:24:12] Using forecast run: 2020-07-21 18:00:00 UTC
[2026-05-15 21:24:13] Forecast Rain Available hours: [6, 7, 8, 9, 10, 11, 12, 13, 14, 15, 16, 17, 18, 19, 20, 21, 22, 23, 24, 25, 26, 27, 28, 29]
[2026-05-15 21:24:13] Valid hours for sum: [12, 18, 24, 29]
[2026-05-15 21:24:15] Drought composite end date: 2020-07-18 06:00:00
[2026-05-15 21:24:15] Land cover year: 2019
[2026-05-15 21:24:16] VIIRS Veg composite: 2020-06-25 → 2020-07-11
[2026-05-15 21:24:21] Started export task: fire_117_dynamic_2020-07-21
[2026-05-15 21:24:21] ------ Processing date=2020-07-22 ------
[2026-05-15 21:24:21] Using viirs_af_path: viirs_af_path
[2026-05-15 21:24:22] VIIRS Image Date: ['2020-07-22 00:00:00']
[2026-05-15 21:24:22] Weather image size: 1
[2026-05-15 21:24:22] Forecast duration: 2020-07-23 00:00:00 to 2020-07-24 00:00:00
[2026-05-15 21:24:23] Number of forecast images: 24
[2026-05-15 21:24:23] Using forecast run: 2020-07-22 18:00:00 UTC
[2026-05-15 21:24:23] Forecast Rain Available hours: [6, 7, 8, 9, 10, 11, 12, 13, 14, 15, 16, 17, 18, 19, 20, 21, 22, 23, 24, 25, 26, 27, 28, 29]
[2026-05-15 21:24:23] Valid hours for sum: [12, 18, 24, 29]
[2026-05-15 21:24:25] Drought composite end date: 2020-07-18 06:00:00
[2026-05-15 21:24:26] Land cover year: 2019
[2026-05-15 21:24:27] VIIRS Veg composite: 2020-06-25 → 2020-07-11
[2026-05-15 21:24:31] Started export task: fire_117_dynamic_2020-07-22
[2026-05-15 21:24:31] END: ----------Event fire_117----------- (Duration: 2.68m)
[2026-05-15 21:24:31] START: ----------Event fire_118-----------
[2026-05-15 21:24:31] ------ Processing date=2020-07-09 ------
[2026-05-15 21:24:31] Using viirs_af_path: viirs_af_path
[2026-05-15 21:24:31] VIIRS Image Date: ['2020-07-09 00:00:00']
[2026-05-15 21:24:32] Weather image size: 1
[2026-05-15 21:24:32] Forecast duration: 2020-07-10 00:00:00 to 2020-07-11 00:00:00
[2026-05-15 21:24:33] Number of forecast images: 24
[2026-05-15 21:24:33] Using forecast run: 2020-07-09 18:00:00 UTC
[2026-05-15 21:24:33] Forecast Rain Available hours: [6, 7, 8, 9, 10, 11, 12, 13, 14, 15, 16, 17, 18, 19, 20, 21, 22, 23, 24, 25, 26, 27, 28, 29]
[2026-05-15 21:24:33] Valid hours for sum: [12, 18, 24, 29]
[2026-05-15 21:24:35] Drought composite end date: 2020-07-08 06:00:00
[2026-05-15 21:24:35] Land cover year: 2019
[2026-05-15 21:24:36] VIIRS Veg composite: 2020-06-25 → 2020-07-11
[2026-05-15 21:24:40] Started export task: fire_118_static
[2026-05-15 21:24:41] Started export task: fire_118_dynamic_2020-07-09
[2026-05-15 21:24:41] ------ Processing date=2020-07-10 ------
[2026-05-15 21:24:41] Using viirs_af_path: viirs_af_path
[2026-05-15 21:24:41] VIIRS Image Date: ['2020-07-10 00:00:00']
[2026-05-15 21:24:42] Weather image size: 1
[2026-05-15 21:24:42] Forecast duration: 2020-07-11 00:00:00 to 2020-07-12 00:00:00
[2026-05-15 21:24:43] Number of forecast images: 24
[2026-05-15 21:24:43] Using forecast run: 2020-07-10 18:00:00 UTC
[2026-05-15 21:24:43] Forecast Rain Available hours: [6, 7, 8, 9, 10, 11, 12, 13, 14, 15, 16, 17, 18, 19, 20, 21, 22, 23, 24, 25, 26, 27, 28, 29]
[2026-05-15 21:24:43] Valid hours for sum: [12, 18, 24, 29]
[2026-05-15 21:24:46] Drought composite end date: 2020-07-08 06:00:00
[2026-05-15 21:24:46] Land cover year: 2019
[2026-05-15 21:24:47] VIIRS Veg composite: 2020-06-25 → 2020-07-11
[2026-05-15 21:24:50] Started export task: fire_118_dynamic_2020-07-10
[2026-05-15 21:24:50] ------ Processing date=2020-07-11 ------
[2026-05-15 21:24:50] Using viirs_af_path: viirs_af_path
[2026-05-15 21:24:50] VIIRS Image Date: ['2020-07-11 00:00:00']
[2026-05-15 21:24:51] Weather image size: 1
[2026-05-15 21:24:51] Forecast duration: 2020-07-12 00:00:00 to 2020-07-13 00:00:00
[2026-05-15 21:24:52] Number of forecast images: 24
[2026-05-15 21:24:52] Using forecast run: 2020-07-11 18:00:00 UTC
[2026-05-15 21:24:52] Forecast Rain Available hours: [6, 7, 8, 9, 10, 11, 12, 13, 14, 15, 16, 17, 18, 19, 20, 21, 22, 23, 24, 25, 26, 27, 28, 29]
[2026-05-15 21:24:52] Valid hours for sum: [12, 18, 24, 29]
[2026-05-15 21:24:54] Drought composite end date: 2020-07-08 06:00:00
[2026-05-15 21:24:54] Land cover year: 2019
[2026-05-15 21:24:55] VIIRS Veg composite: 2020-06-25 → 2020-07-11
[2026-05-15 21:24:59] Started export task: fire_118_dynamic_2020-07-11
[2026-05-15 21:24:59] ------ Processing date=2020-07-12 ------
[2026-05-15 21:24:59] Using viirs_af_path: viirs_af_path
[2026-05-15 21:25:00] VIIRS Image Date: ['2020-07-12 00:00:00']
[2026-05-15 21:25:00] Weather image size: 1
[2026-05-15 21:25:00] Forecast duration: 2020-07-13 00:00:00 to 2020-07-14 00:00:00
[2026-05-15 21:25:01] Number of forecast images: 24
[2026-05-15 21:25:01] Using forecast run: 2020-07-12 18:00:00 UTC
[2026-05-15 21:25:02] Forecast Rain Available hours: [6, 7, 8, 9, 10, 11, 12, 13, 14, 15, 16, 17, 18, 19, 20, 21, 22, 23, 24, 25, 26, 27, 28, 29]
[2026-05-15 21:25:02] Valid hours for sum: [12, 18, 24, 29]
[2026-05-15 21:25:04] Drought composite end date: 2020-07-08 06:00:00
[2026-05-15 21:25:04] Land cover year: 2019
[2026-05-15 21:25:06] VIIRS Veg composite: 2020-06-25 → 2020-07-11
[2026-05-15 21:25:09] Started export task: fire_118_dynamic_2020-07-12
[2026-05-15 21:25:09] ------ Processing date=2020-07-13 ------
[2026-05-15 21:25:09] Using viirs_af_path: viirs_af_path
[2026-05-15 21:25:09] VIIRS Image Date: ['2020-07-13 00:00:00']
[2026-05-15 21:25:09] Weather image size: 1
[2026-05-15 21:25:09] Forecast duration: 2020-07-14 00:00:00 to 2020-07-15 00:00:00
[2026-05-15 21:25:10] Number of forecast images: 24
[2026-05-15 21:25:10] Using forecast run: 2020-07-13 18:00:00 UTC
[2026-05-15 21:25:11] Forecast Rain Available hours: [6, 7, 8, 9, 10, 11, 12, 13, 14, 15, 16, 17, 18, 19, 20, 21, 22, 23, 24, 25, 26, 27, 28, 29]
[2026-05-15 21:25:11] Valid hours for sum: [12, 18, 24, 29]
[2026-05-15 21:25:13] Drought composite end date: 2020-07-08 06:00:00
[2026-05-15 21:25:13] Land cover year: 2019
[2026-05-15 21:25:14] VIIRS Veg composite: 2020-06-25 → 2020-07-11
[2026-05-15 21:25:19] Started export task: fire_118_dynamic_2020-07-13
[2026-05-15 21:25:19] ------ Processing date=2020-07-14 ------
[2026-05-15 21:25:19] Using viirs_af_path: viirs_af_path
[2026-05-15 21:25:19] VIIRS Image Date: ['2020-07-14 00:00:00']
[2026-05-15 21:25:19] Weather image size: 1
[2026-05-15 21:25:19] Forecast duration: 2020-07-15 00:00:00 to 2020-07-16 00:00:00
[2026-05-15 21:25:20] Number of forecast images: 24
[2026-05-15 21:25:20] Using forecast run: 2020-07-14 18:00:00 UTC
[2026-05-15 21:25:21] Forecast Rain Available hours: [6, 7, 8, 9, 10, 11, 12, 13, 14, 15, 16, 17, 18, 19, 20, 21, 22, 23, 24, 25, 26, 27, 28, 29]
[2026-05-15 21:25:21] Valid hours for sum: [12, 18, 24, 29]
[2026-05-15 21:25:23] Drought composite end date: 2020-07-13 06:00:00
[2026-05-15 21:25:24] Land cover year: 2019
[2026-05-15 21:25:24] VIIRS Veg composite: 2020-06-25 → 2020-07-11
[2026-05-15 21:25:31] Started export task: fire_118_dynamic_2020-07-14
[2026-05-15 21:25:31] ------ Processing date=2020-07-15 ------
[2026-05-15 21:25:31] Using viirs_af_path: viirs_af_path
[2026-05-15 21:25:31] VIIRS Image Date: ['2020-07-15 00:00:00']
[2026-05-15 21:25:32] Weather image size: 1
[2026-05-15 21:25:32] Forecast duration: 2020-07-16 00:00:00 to 2020-07-17 00:00:00
[2026-05-15 21:25:33] Number of forecast images: 24
[2026-05-15 21:25:33] Using forecast run: 2020-07-15 18:00:00 UTC
[2026-05-15 21:25:33] Forecast Rain Available hours: [6, 7, 8, 9, 10, 11, 12, 13, 14, 15, 16, 17, 18, 19, 20, 21, 22, 23, 24, 25, 26, 27, 28, 29]
[2026-05-15 21:25:33] Valid hours for sum: [12, 18, 24, 29]
[2026-05-15 21:25:35] Drought composite end date: 2020-07-13 06:00:00
[2026-05-15 21:25:36] Land cover year: 2019
[2026-05-15 21:25:37] VIIRS Veg composite: 2020-06-25 → 2020-07-11
[2026-05-15 21:25:41] Started export task: fire_118_dynamic_2020-07-15
[2026-05-15 21:25:41] ------ Processing date=2020-07-16 ------
[2026-05-15 21:25:41] Using viirs_af_path: viirs_af_path
[2026-05-15 21:25:42] VIIRS Image Date: ['2020-07-16 00:00:00']
[2026-05-15 21:25:42] Weather image size: 1
[2026-05-15 21:25:42] Forecast duration: 2020-07-17 00:00:00 to 2020-07-18 00:00:00
[2026-05-15 21:25:43] Number of forecast images: 24
[2026-05-15 21:25:43] Using forecast run: 2020-07-16 18:00:00 UTC
[2026-05-15 21:25:44] Forecast Rain Available hours: [6, 7, 8, 9, 10, 11, 12, 13, 14, 15, 16, 17, 18, 19, 20, 21, 22, 23, 24, 25, 26, 27, 28, 29]
[2026-05-15 21:25:44] Valid hours for sum: [12, 18, 24, 29]
[2026-05-15 21:25:45] Drought composite end date: 2020-07-13 06:00:00
[2026-05-15 21:25:45] Land cover year: 2019
[2026-05-15 21:25:47] VIIRS Veg composite: 2020-06-25 → 2020-07-11
[2026-05-15 21:25:50] Started export task: fire_118_dynamic_2020-07-16
[2026-05-15 21:25:51] ------ Processing date=2020-07-17 ------
[2026-05-15 21:25:51] Using viirs_af_path: viirs_af_path
[2026-05-15 21:25:51] VIIRS Image Date: ['2020-07-17 00:00:00']
[2026-05-15 21:25:52] Weather image size: 1
[2026-05-15 21:25:52] Forecast duration: 2020-07-18 00:00:00 to 2020-07-19 00:00:00
[2026-05-15 21:25:53] Number of forecast images: 24
[2026-05-15 21:25:53] Using forecast run: 2020-07-17 18:00:00 UTC
[2026-05-15 21:25:53] Forecast Rain Available hours: [6, 7, 8, 9, 10, 11, 12, 13, 14, 15, 16, 17, 18, 19, 20, 21, 22, 23, 24, 25, 26, 27, 28, 29]
[2026-05-15 21:25:53] Valid hours for sum: [12, 18, 24, 29]
[2026-05-15 21:25:55] Drought composite end date: 2020-07-13 06:00:00
[2026-05-15 21:25:55] Land cover year: 2019
[2026-05-15 21:25:56] VIIRS Veg composite: 2020-06-25 → 2020-07-11
[2026-05-15 21:25:59] Started export task: fire_118_dynamic_2020-07-17
[2026-05-15 21:25:59] ------ Processing date=2020-07-18 ------
[2026-05-15 21:25:59] Using viirs_af_path: viirs_af_path
[2026-05-15 21:26:00] VIIRS Image Date: ['2020-07-18 00:00:00']
[2026-05-15 21:26:00] Weather image size: 1
[2026-05-15 21:26:00] Forecast duration: 2020-07-19 00:00:00 to 2020-07-20 00:00:00
[2026-05-15 21:26:01] Number of forecast images: 24
[2026-05-15 21:26:01] Using forecast run: 2020-07-18 18:00:00 UTC
[2026-05-15 21:26:01] Forecast Rain Available hours: [6, 7, 8, 9, 10, 11, 12, 13, 14, 15, 16, 17, 18, 19, 20, 21, 22, 23, 24, 25, 26, 27, 28, 29]
[2026-05-15 21:26:01] Valid hours for sum: [12, 18, 24, 29]
[2026-05-15 21:26:03] Drought composite end date: 2020-07-13 06:00:00
[2026-05-15 21:26:04] Land cover year: 2019
[2026-05-15 21:26:05] VIIRS Veg composite: 2020-06-25 → 2020-07-11
[2026-05-15 21:26:09] Started export task: fire_118_dynamic_2020-07-18
[2026-05-15 21:26:09] ------ Processing date=2020-07-19 ------
[2026-05-15 21:26:09] Using viirs_af_path: viirs_af_path
[2026-05-15 21:26:09] VIIRS Image Date: ['2020-07-19 00:00:00']
[2026-05-15 21:26:09] Weather image size: 1
[2026-05-15 21:26:09] Forecast duration: 2020-07-20 00:00:00 to 2020-07-21 00:00:00
[2026-05-15 21:26:10] Number of forecast images: 24
[2026-05-15 21:26:10] Using forecast run: 2020-07-19 18:00:00 UTC
[2026-05-15 21:26:11] Forecast Rain Available hours: [6, 7, 8, 9, 10, 11, 12, 13, 14, 15, 16, 17, 18, 19, 20, 21, 22, 23, 24, 25, 26, 27, 28, 29]
[2026-05-15 21:26:11] Valid hours for sum: [12, 18, 24, 29]
[2026-05-15 21:26:13] Drought composite end date: 2020-07-18 06:00:00
[2026-05-15 21:26:13] Land cover year: 2019
[2026-05-15 21:26:14] VIIRS Veg composite: 2020-06-25 → 2020-07-11
[2026-05-15 21:26:19] Started export task: fire_118_dynamic_2020-07-19
[2026-05-15 21:26:19] ------ Processing date=2020-07-20 ------
[2026-05-15 21:26:19] Using viirs_af_path: viirs_af_path
[2026-05-15 21:26:20] VIIRS Image Date: ['2020-07-20 00:00:00']
[2026-05-15 21:26:20] Weather image size: 1
[2026-05-15 21:26:20] Forecast duration: 2020-07-21 00:00:00 to 2020-07-22 00:00:00
[2026-05-15 21:26:21] Number of forecast images: 24
[2026-05-15 21:26:21] Using forecast run: 2020-07-20 18:00:00 UTC
[2026-05-15 21:26:21] Forecast Rain Available hours: [6, 7, 8, 9, 10, 11, 12, 13, 14, 15, 16, 17, 18, 19, 20, 21, 22, 23, 24, 25, 26, 27, 28, 29]
[2026-05-15 21:26:21] Valid hours for sum: [12, 18, 24, 29]
[2026-05-15 21:26:24] Drought composite end date: 2020-07-18 06:00:00
[2026-05-15 21:26:25] Land cover year: 2019
[2026-05-15 21:26:25] VIIRS Veg composite: 2020-06-25 → 2020-07-11
[2026-05-15 21:26:29] Started export task: fire_118_dynamic_2020-07-20
[2026-05-15 21:26:30] ------ Processing date=2020-07-21 ------
[2026-05-15 21:26:30] Using viirs_af_path: viirs_af_path
[2026-05-15 21:26:30] VIIRS Image Date: ['2020-07-21 00:00:00']
[2026-05-15 21:26:31] Weather image size: 1
[2026-05-15 21:26:31] Forecast duration: 2020-07-22 00:00:00 to 2020-07-23 00:00:00
[2026-05-15 21:26:31] Number of forecast images: 24
[2026-05-15 21:26:31] Using forecast run: 2020-07-21 18:00:00 UTC
[2026-05-15 21:26:32] Forecast Rain Available hours: [6, 7, 8, 9, 10, 11, 12, 13, 14, 15, 16, 17, 18, 19, 20, 21, 22, 23, 24, 25, 26, 27, 28, 29]
[2026-05-15 21:26:32] Valid hours for sum: [12, 18, 24, 29]
[2026-05-15 21:26:33] Drought composite end date: 2020-07-18 06:00:00
[2026-05-15 21:26:33] Land cover year: 2019
[2026-05-15 21:26:34] VIIRS Veg composite: 2020-06-25 → 2020-07-11
[2026-05-15 21:26:39] Started export task: fire_118_dynamic_2020-07-21
[2026-05-15 21:26:39] ------ Processing date=2020-07-22 ------
[2026-05-15 21:26:39] Using viirs_af_path: viirs_af_path
[2026-05-15 21:26:40] VIIRS Image Date: ['2020-07-22 00:00:00']
[2026-05-15 21:26:40] Weather image size: 1
[2026-05-15 21:26:40] Forecast duration: 2020-07-23 00:00:00 to 2020-07-24 00:00:00
[2026-05-15 21:26:41] Number of forecast images: 24
[2026-05-15 21:26:41] Using forecast run: 2020-07-22 18:00:00 UTC
[2026-05-15 21:26:41] Forecast Rain Available hours: [6, 7, 8, 9, 10, 11, 12, 13, 14, 15, 16, 17, 18, 19, 20, 21, 22, 23, 24, 25, 26, 27, 28, 29]
[2026-05-15 21:26:41] Valid hours for sum: [12, 18, 24, 29]
[2026-05-15 21:26:43] Drought composite end date: 2020-07-18 06:00:00
[2026-05-15 21:26:43] Land cover year: 2019
[2026-05-15 21:26:44] VIIRS Veg composite: 2020-06-25 → 2020-07-11
[2026-05-15 21:26:48] Started export task: fire_118_dynamic_2020-07-22
[2026-05-15 21:26:48] END: ----------Event fire_118----------- (Duration: 2.29m)
[2026-05-15 21:26:48] START: ----------Event fire_119-----------
[2026-05-15 21:26:49] ------ Processing date=2020-07-11 ------
[2026-05-15 21:26:49] Using viirs_af_path: viirs_af_path
[2026-05-15 21:26:49] VIIRS Image Date: ['2020-07-11 00:00:00']
[2026-05-15 21:26:49] Weather image size: 1
[2026-05-15 21:26:49] Forecast duration: 2020-07-12 00:00:00 to 2020-07-13 00:00:00
[2026-05-15 21:26:50] Number of forecast images: 24
[2026-05-15 21:26:50] Using forecast run: 2020-07-11 18:00:00 UTC
[2026-05-15 21:26:51] Forecast Rain Available hours: [6, 7, 8, 9, 10, 11, 12, 13, 14, 15, 16, 17, 18, 19, 20, 21, 22, 23, 24, 25, 26, 27, 28, 29]
[2026-05-15 21:26:51] Valid hours for sum: [12, 18, 24, 29]
[2026-05-15 21:26:52] Drought composite end date: 2020-07-08 06:00:00
[2026-05-15 21:26:53] Land cover year: 2019
[2026-05-15 21:26:53] VIIRS Veg composite: 2020-06-25 → 2020-07-11
[2026-05-15 21:26:57] Started export task: fire_119_static
[2026-05-15 21:26:57] Started export task: fire_119_dynamic_2020-07-11
[2026-05-15 21:26:58] ------ Processing date=2020-07-12 ------
[2026-05-15 21:26:58] Using viirs_af_path: viirs_af_path
[2026-05-15 21:26:58] VIIRS Image Date: ['2020-07-12 00:00:00']
[2026-05-15 21:26:58] Weather image size: 1
[2026-05-15 21:26:58] Forecast duration: 2020-07-13 00:00:00 to 2020-07-14 00:00:00
[2026-05-15 21:27:00] Number of forecast images: 24
[2026-05-15 21:27:00] Using forecast run: 2020-07-12 18:00:00 UTC
[2026-05-15 21:27:00] Forecast Rain Available hours: [6, 7, 8, 9, 10, 11, 12, 13, 14, 15, 16, 17, 18, 19, 20, 21, 22, 23, 24, 25, 26, 27, 28, 29]
[2026-05-15 21:27:00] Valid hours for sum: [12, 18, 24, 29]
[2026-05-15 21:27:03] Drought composite end date: 2020-07-08 06:00:00
[2026-05-15 21:27:03] Land cover year: 2019
[2026-05-15 21:27:04] VIIRS Veg composite: 2020-06-25 → 2020-07-11
[2026-05-15 21:27:08] Started export task: fire_119_dynamic_2020-07-12
[2026-05-15 21:27:08] ------ Processing date=2020-07-13 ------
[2026-05-15 21:27:08] Using viirs_af_path: viirs_af_path
[2026-05-15 21:27:09] VIIRS Image Date: ['2020-07-13 00:00:00']
[2026-05-15 21:27:09] Weather image size: 1
[2026-05-15 21:27:09] Forecast duration: 2020-07-14 00:00:00 to 2020-07-15 00:00:00
[2026-05-15 21:27:10] Number of forecast images: 24
[2026-05-15 21:27:10] Using forecast run: 2020-07-13 18:00:00 UTC
[2026-05-15 21:27:10] Forecast Rain Available hours: [6, 7, 8, 9, 10, 11, 12, 13, 14, 15, 16, 17, 18, 19, 20, 21, 22, 23, 24, 25, 26, 27, 28, 29]
[2026-05-15 21:27:10] Valid hours for sum: [12, 18, 24, 29]
[2026-05-15 21:27:12] Drought composite end date: 2020-07-08 06:00:00
[2026-05-15 21:27:12] Land cover year: 2019
[2026-05-15 21:27:13] VIIRS Veg composite: 2020-06-25 → 2020-07-11
[2026-05-15 21:27:18] Started export task: fire_119_dynamic_2020-07-13
[2026-05-15 21:27:18] ------ Processing date=2020-07-14 ------
[2026-05-15 21:27:18] Using viirs_af_path: viirs_af_path
[2026-05-15 21:27:18] VIIRS Image Date: ['2020-07-14 00:00:00']
[2026-05-15 21:27:19] Weather image size: 1
[2026-05-15 21:27:19] Forecast duration: 2020-07-15 00:00:00 to 2020-07-16 00:00:00
[2026-05-15 21:27:20] Number of forecast images: 24
[2026-05-15 21:27:20] Using forecast run: 2020-07-14 18:00:00 UTC
[2026-05-15 21:27:20] Forecast Rain Available hours: [6, 7, 8, 9, 10, 11, 12, 13, 14, 15, 16, 17, 18, 19, 20, 21, 22, 23, 24, 25, 26, 27, 28, 29]
[2026-05-15 21:27:20] Valid hours for sum: [12, 18, 24, 29]
[2026-05-15 21:27:22] Drought composite end date: 2020-07-13 06:00:00
[2026-05-15 21:27:23] Land cover year: 2019
[2026-05-15 21:27:23] VIIRS Veg composite: 2020-06-25 → 2020-07-11
[2026-05-15 21:27:27] Started export task: fire_119_dynamic_2020-07-14
[2026-05-15 21:27:28] ------ Processing date=2020-07-15 ------
[2026-05-15 21:27:28] Using viirs_af_path: viirs_af_path
[2026-05-15 21:27:28] VIIRS Image Date: ['2020-07-15 00:00:00']
[2026-05-15 21:27:28] Weather image size: 1
[2026-05-15 21:27:28] Forecast duration: 2020-07-16 00:00:00 to 2020-07-17 00:00:00
[2026-05-15 21:27:29] Number of forecast images: 24
[2026-05-15 21:27:29] Using forecast run: 2020-07-15 18:00:00 UTC
[2026-05-15 21:27:29] Forecast Rain Available hours: [6, 7, 8, 9, 10, 11, 12, 13, 14, 15, 16, 17, 18, 19, 20, 21, 22, 23, 24, 25, 26, 27, 28, 29]
[2026-05-15 21:27:29] Valid hours for sum: [12, 18, 24, 29]
[2026-05-15 21:27:31] Drought composite end date: 2020-07-13 06:00:00
[2026-05-15 21:27:32] Land cover year: 2019
[2026-05-15 21:27:33] VIIRS Veg composite: 2020-06-25 → 2020-07-11
[2026-05-15 21:27:36] Started export task: fire_119_dynamic_2020-07-15
[2026-05-15 21:27:37] ------ Processing date=2020-07-16 ------
[2026-05-15 21:27:37] Using viirs_af_path: viirs_af_path
[2026-05-15 21:27:37] VIIRS Image Date: ['2020-07-16 00:00:00']
[2026-05-15 21:27:37] Weather image size: 1
[2026-05-15 21:27:37] Forecast duration: 2020-07-17 00:00:00 to 2020-07-18 00:00:00
[2026-05-15 21:27:38] Number of forecast images: 24
[2026-05-15 21:27:38] Using forecast run: 2020-07-16 18:00:00 UTC
[2026-05-15 21:27:39] Forecast Rain Available hours: [6, 7, 8, 9, 10, 11, 12, 13, 14, 15, 16, 17, 18, 19, 20, 21, 22, 23, 24, 25, 26, 27, 28, 29]
[2026-05-15 21:27:39] Valid hours for sum: [12, 18, 24, 29]
[2026-05-15 21:27:40] Drought composite end date: 2020-07-13 06:00:00
[2026-05-15 21:27:40] Land cover year: 2019
[2026-05-15 21:27:41] VIIRS Veg composite: 2020-06-25 → 2020-07-11
[2026-05-15 21:27:45] Started export task: fire_119_dynamic_2020-07-16
[2026-05-15 21:27:45] ------ Processing date=2020-07-17 ------
[2026-05-15 21:27:45] Using viirs_af_path: viirs_af_path
[2026-05-15 21:27:46] VIIRS Image Date: ['2020-07-17 00:00:00']
[2026-05-15 21:27:46] Weather image size: 1
[2026-05-15 21:27:46] Forecast duration: 2020-07-18 00:00:00 to 2020-07-19 00:00:00
[2026-05-15 21:27:47] Number of forecast images: 24
[2026-05-15 21:27:47] Using forecast run: 2020-07-17 18:00:00 UTC
[2026-05-15 21:27:47] Forecast Rain Available hours: [6, 7, 8, 9, 10, 11, 12, 13, 14, 15, 16, 17, 18, 19, 20, 21, 22, 23, 24, 25, 26, 27, 28, 29]
[2026-05-15 21:27:47] Valid hours for sum: [12, 18, 24, 29]
[2026-05-15 21:27:50] Drought composite end date: 2020-07-13 06:00:00
[2026-05-15 21:27:50] Land cover year: 2019
[2026-05-15 21:27:52] VIIRS Veg composite: 2020-06-25 → 2020-07-11
[2026-05-15 21:27:56] Started export task: fire_119_dynamic_2020-07-17
[2026-05-15 21:27:57] ------ Processing date=2020-07-18 ------
[2026-05-15 21:27:57] Using viirs_af_path: viirs_af_path
[2026-05-15 21:27:57] VIIRS Image Date: ['2020-07-18 00:00:00']
[2026-05-15 21:27:57] Weather image size: 1
[2026-05-15 21:27:57] Forecast duration: 2020-07-19 00:00:00 to 2020-07-20 00:00:00
[2026-05-15 21:27:58] Number of forecast images: 24
[2026-05-15 21:27:58] Using forecast run: 2020-07-18 18:00:00 UTC
[2026-05-15 21:27:59] Forecast Rain Available hours: [6, 7, 8, 9, 10, 11, 12, 13, 14, 15, 16, 17, 18, 19, 20, 21, 22, 23, 24, 25, 26, 27, 28, 29]
[2026-05-15 21:27:59] Valid hours for sum: [12, 18, 24, 29]
[2026-05-15 21:28:01] Drought composite end date: 2020-07-13 06:00:00
[2026-05-15 21:28:01] Land cover year: 2019
[2026-05-15 21:28:02] VIIRS Veg composite: 2020-06-25 → 2020-07-11
[2026-05-15 21:28:05] Started export task: fire_119_dynamic_2020-07-18
[2026-05-15 21:28:05] ------ Processing date=2020-07-19 ------
[2026-05-15 21:28:05] Using viirs_af_path: viirs_af_path
[2026-05-15 21:28:05] VIIRS Image Date: ['2020-07-19 00:00:00']
[2026-05-15 21:28:05] Weather image size: 1
[2026-05-15 21:28:05] Forecast duration: 2020-07-20 00:00:00 to 2020-07-21 00:00:00
[2026-05-15 21:28:06] Number of forecast images: 24
[2026-05-15 21:28:06] Using forecast run: 2020-07-19 18:00:00 UTC
[2026-05-15 21:28:07] Forecast Rain Available hours: [6, 7, 8, 9, 10, 11, 12, 13, 14, 15, 16, 17, 18, 19, 20, 21, 22, 23, 24, 25, 26, 27, 28, 29]
[2026-05-15 21:28:07] Valid hours for sum: [12, 18, 24, 29]
[2026-05-15 21:28:08] Drought composite end date: 2020-07-18 06:00:00
[2026-05-15 21:28:09] Land cover year: 2019
[2026-05-15 21:28:09] VIIRS Veg composite: 2020-06-25 → 2020-07-11
[2026-05-15 21:28:13] Started export task: fire_119_dynamic_2020-07-19
[2026-05-15 21:28:14] ------ Processing date=2020-07-20 ------
[2026-05-15 21:28:14] Using viirs_af_path: viirs_af_path
[2026-05-15 21:28:14] VIIRS Image Date: ['2020-07-20 00:00:00']
[2026-05-15 21:28:14] Weather image size: 1
[2026-05-15 21:28:14] Forecast duration: 2020-07-21 00:00:00 to 2020-07-22 00:00:00
[2026-05-15 21:28:15] Number of forecast images: 24
[2026-05-15 21:28:15] Using forecast run: 2020-07-20 18:00:00 UTC
[2026-05-15 21:28:16] Forecast Rain Available hours: [6, 7, 8, 9, 10, 11, 12, 13, 14, 15, 16, 17, 18, 19, 20, 21, 22, 23, 24, 25, 26, 27, 28, 29]
[2026-05-15 21:28:16] Valid hours for sum: [12, 18, 24, 29]
[2026-05-15 21:28:17] Drought composite end date: 2020-07-18 06:00:00
[2026-05-15 21:28:18] Land cover year: 2019
[2026-05-15 21:28:19] VIIRS Veg composite: 2020-06-25 → 2020-07-11
[2026-05-15 21:28:23] Started export task: fire_119_dynamic_2020-07-20
[2026-05-15 21:28:23] ------ Processing date=2020-07-21 ------
[2026-05-15 21:28:23] Using viirs_af_path: viirs_af_path
[2026-05-15 21:28:23] VIIRS Image Date: ['2020-07-21 00:00:00']
[2026-05-15 21:28:24] Weather image size: 1
[2026-05-15 21:28:24] Forecast duration: 2020-07-22 00:00:00 to 2020-07-23 00:00:00
[2026-05-15 21:28:25] Number of forecast images: 24
[2026-05-15 21:28:25] Using forecast run: 2020-07-21 18:00:00 UTC
[2026-05-15 21:28:25] Forecast Rain Available hours: [6, 7, 8, 9, 10, 11, 12, 13, 14, 15, 16, 17, 18, 19, 20, 21, 22, 23, 24, 25, 26, 27, 28, 29]
[2026-05-15 21:28:25] Valid hours for sum: [12, 18, 24, 29]
[2026-05-15 21:28:28] Drought composite end date: 2020-07-18 06:00:00
[2026-05-15 21:28:28] Land cover year: 2019
[2026-05-15 21:28:29] VIIRS Veg composite: 2020-06-25 → 2020-07-11
[2026-05-15 21:28:32] Started export task: fire_119_dynamic_2020-07-21
[2026-05-15 21:28:33] ------ Processing date=2020-07-22 ------
[2026-05-15 21:28:33] Using viirs_af_path: viirs_af_path
[2026-05-15 21:28:33] VIIRS Image Date: ['2020-07-22 00:00:00']
[2026-05-15 21:28:33] Weather image size: 1
[2026-05-15 21:28:33] Forecast duration: 2020-07-23 00:00:00 to 2020-07-24 00:00:00
[2026-05-15 21:28:34] Number of forecast images: 24
[2026-05-15 21:28:34] Using forecast run: 2020-07-22 18:00:00 UTC
[2026-05-15 21:28:34] Forecast Rain Available hours: [6, 7, 8, 9, 10, 11, 12, 13, 14, 15, 16, 17, 18, 19, 20, 21, 22, 23, 24, 25, 26, 27, 28, 29]
[2026-05-15 21:28:34] Valid hours for sum: [12, 18, 24, 29]
[2026-05-15 21:28:37] Drought composite end date: 2020-07-18 06:00:00
[2026-05-15 21:28:38] Land cover year: 2019
[2026-05-15 21:28:38] VIIRS Veg composite: 2020-06-25 → 2020-07-11
[2026-05-15 21:28:43] Started export task: fire_119_dynamic_2020-07-22
[2026-05-15 21:28:43] ------ Processing date=2020-07-23 ------
[2026-05-15 21:28:43] Using viirs_af_path: viirs_af_path
[2026-05-15 21:28:44] VIIRS Image Date: ['2020-07-23 00:00:00']
[2026-05-15 21:28:44] Weather image size: 1
[2026-05-15 21:28:44] Forecast duration: 2020-07-24 00:00:00 to 2020-07-25 00:00:00
[2026-05-15 21:28:46] Number of forecast images: 24
[2026-05-15 21:28:46] Using forecast run: 2020-07-23 18:00:00 UTC
[2026-05-15 21:28:46] Forecast Rain Available hours: [6, 7, 8, 9, 10, 11, 12, 13, 14, 15, 16, 17, 18, 19, 20, 21, 22, 23, 24, 25, 26, 27, 28, 29]
[2026-05-15 21:28:46] Valid hours for sum: [12, 18, 24, 29]
[2026-05-15 21:28:48] Drought composite end date: 2020-07-18 06:00:00
[2026-05-15 21:28:48] Land cover year: 2019
[2026-05-15 21:28:49] VIIRS Veg composite: 2020-06-25 → 2020-07-11
[2026-05-15 21:28:53] Started export task: fire_119_dynamic_2020-07-23
[2026-05-15 21:28:54] ------ Processing date=2020-07-24 ------
[2026-05-15 21:28:54] Using viirs_af_path: viirs_af_path
[2026-05-15 21:28:54] VIIRS Image Date: ['2020-07-24 00:00:00']
[2026-05-15 21:28:54] Weather image size: 1
[2026-05-15 21:28:54] Forecast duration: 2020-07-25 00:00:00 to 2020-07-26 00:00:00
[2026-05-15 21:28:55] Number of forecast images: 24
[2026-05-15 21:28:55] Using forecast run: 2020-07-24 18:00:00 UTC
[2026-05-15 21:28:56] Forecast Rain Available hours: [6, 7, 8, 9, 10, 11, 12, 13, 14, 15, 16, 17, 18, 19, 20, 21, 22, 23, 24, 25, 26, 27, 28, 29]
[2026-05-15 21:28:56] Valid hours for sum: [12, 18, 24, 29]
[2026-05-15 21:28:58] Drought composite end date: 2020-07-23 06:00:00
[2026-05-15 21:28:58] Land cover year: 2019
[2026-05-15 21:28:59] VIIRS Veg composite: 2020-06-25 → 2020-07-11
[2026-05-15 21:29:02] Started export task: fire_119_dynamic_2020-07-24
[2026-05-15 21:29:03] ------ Processing date=2020-07-25 ------
[2026-05-15 21:29:03] Using viirs_af_path: viirs_af_path
[2026-05-15 21:29:03] VIIRS Image Date: ['2020-07-25 00:00:00']
[2026-05-15 21:29:03] Weather image size: 1
[2026-05-15 21:29:03] Forecast duration: 2020-07-26 00:00:00 to 2020-07-27 00:00:00
[2026-05-15 21:29:04] Number of forecast images: 24
[2026-05-15 21:29:04] Using forecast run: 2020-07-25 18:00:00 UTC
[2026-05-15 21:29:05] Forecast Rain Available hours: [6, 7, 8, 9, 10, 11, 12, 13, 14, 15, 16, 17, 18, 19, 20, 21, 22, 23, 24, 25, 26, 27, 28, 29]
[2026-05-15 21:29:05] Valid hours for sum: [12, 18, 24, 29]
[2026-05-15 21:29:07] Drought composite end date: 2020-07-23 06:00:00
[2026-05-15 21:29:07] Land cover year: 2019
[2026-05-15 21:29:08] VIIRS Veg composite: 2020-06-25 → 2020-07-11
[2026-05-15 21:29:11] Started export task: fire_119_dynamic_2020-07-25
[2026-05-15 21:29:12] ------ Processing date=2020-07-26 ------
[2026-05-15 21:29:12] Using viirs_af_path: viirs_af_path
[2026-05-15 21:29:12] VIIRS Image Date: ['2020-07-26 00:00:00']
[2026-05-15 21:29:12] Weather image size: 1
[2026-05-15 21:29:12] Forecast duration: 2020-07-27 00:00:00 to 2020-07-28 00:00:00
[2026-05-15 21:29:13] Number of forecast images: 24
[2026-05-15 21:29:13] Using forecast run: 2020-07-26 18:00:00 UTC
[2026-05-15 21:29:14] Forecast Rain Available hours: [6, 7, 8, 9, 10, 11, 12, 13, 14, 15, 16, 17, 18, 19, 20, 21, 22, 23, 24, 25, 26, 27, 28, 29]
[2026-05-15 21:29:14] Valid hours for sum: [12, 18, 24, 29]
[2026-05-15 21:29:16] Drought composite end date: 2020-07-23 06:00:00
[2026-05-15 21:29:16] Land cover year: 2019
[2026-05-15 21:29:17] VIIRS Veg composite: 2020-06-25 → 2020-07-11
[2026-05-15 21:29:20] Started export task: fire_119_dynamic_2020-07-26
[2026-05-15 21:29:20] ------ Processing date=2020-07-27 ------
[2026-05-15 21:29:20] Using viirs_af_path: viirs_af_path
[2026-05-15 21:29:20] VIIRS Image Date: ['2020-07-27 00:00:00']
[2026-05-15 21:29:20] Weather image size: 1
[2026-05-15 21:29:20] Forecast duration: 2020-07-28 00:00:00 to 2020-07-29 00:00:00
[2026-05-15 21:29:21] Number of forecast images: 24
[2026-05-15 21:29:21] Using forecast run: 2020-07-27 18:00:00 UTC
[2026-05-15 21:29:22] Forecast Rain Available hours: [6, 7, 8, 9, 10, 11, 12, 13, 14, 15, 16, 17, 18, 19, 20, 21, 22, 23, 24, 25, 26, 27, 28, 29]
[2026-05-15 21:29:22] Valid hours for sum: [12, 18, 24, 29]
[2026-05-15 21:29:24] Drought composite end date: 2020-07-23 06:00:00
[2026-05-15 21:29:24] Land cover year: 2019
[2026-05-15 21:29:25] VIIRS Veg composite: 2020-06-25 → 2020-07-11
[2026-05-15 21:29:28] Started export task: fire_119_dynamic_2020-07-27
[2026-05-15 21:29:29] ------ Processing date=2020-07-28 ------
[2026-05-15 21:29:29] Using viirs_af_path: viirs_af_path
[2026-05-15 21:29:29] VIIRS Image Date: ['2020-07-28 00:00:00']
[2026-05-15 21:29:29] Weather image size: 1
[2026-05-15 21:29:29] Forecast duration: 2020-07-29 00:00:00 to 2020-07-30 00:00:00
[2026-05-15 21:29:31] Number of forecast images: 24
[2026-05-15 21:29:31] Using forecast run: 2020-07-28 18:00:00 UTC
[2026-05-15 21:29:31] Forecast Rain Available hours: [6, 7, 8, 9, 10, 11, 12, 13, 14, 15, 16, 17, 18, 19, 20, 21, 22, 23, 24, 25, 26, 27, 28, 29]
[2026-05-15 21:29:31] Valid hours for sum: [12, 18, 24, 29]
[2026-05-15 21:29:34] Drought composite end date: 2020-07-23 06:00:00
[2026-05-15 21:29:34] Land cover year: 2019
[2026-05-15 21:29:35] VIIRS Veg composite: 2020-06-25 → 2020-07-11
[2026-05-15 21:29:39] Started export task: fire_119_dynamic_2020-07-28
[2026-05-15 21:29:40] END: ----------Event fire_119----------- (Duration: 2.86m)
[2026-05-15 21:29:40] START: ----------Event fire_120-----------
[2026-05-15 21:29:40] ------ Processing date=2020-07-12 ------
[2026-05-15 21:29:40] Using viirs_af_path: viirs_af_path
[2026-05-15 21:29:41] VIIRS Image Date: ['2020-07-12 00:00:00']
[2026-05-15 21:29:41] Weather image size: 1
[2026-05-15 21:29:41] Forecast duration: 2020-07-13 00:00:00 to 2020-07-14 00:00:00
[2026-05-15 21:29:42] Number of forecast images: 24
[2026-05-15 21:29:42] Using forecast run: 2020-07-12 18:00:00 UTC
[2026-05-15 21:29:42] Forecast Rain Available hours: [6, 7, 8, 9, 10, 11, 12, 13, 14, 15, 16, 17, 18, 19, 20, 21, 22, 23, 24, 25, 26, 27, 28, 29]
[2026-05-15 21:29:42] Valid hours for sum: [12, 18, 24, 29]
[2026-05-15 21:29:44] Drought composite end date: 2020-07-08 06:00:00
[2026-05-15 21:29:44] Land cover year: 2019
[2026-05-15 21:29:45] VIIRS Veg composite: 2020-07-03 → 2020-07-19
[2026-05-15 21:29:48] Started export task: fire_120_static
[2026-05-15 21:29:49] Started export task: fire_120_dynamic_2020-07-12
[2026-05-15 21:29:50] ------ Processing date=2020-07-13 ------
[2026-05-15 21:29:50] Using viirs_af_path: viirs_af_path
[2026-05-15 21:29:50] VIIRS Image Date: ['2020-07-13 00:00:00']
[2026-05-15 21:29:50] Weather image size: 1
[2026-05-15 21:29:50] Forecast duration: 2020-07-14 00:00:00 to 2020-07-15 00:00:00
[2026-05-15 21:29:51] Number of forecast images: 24
[2026-05-15 21:29:51] Using forecast run: 2020-07-13 18:00:00 UTC
[2026-05-15 21:29:52] Forecast Rain Available hours: [6, 7, 8, 9, 10, 11, 12, 13, 14, 15, 16, 17, 18, 19, 20, 21, 22, 23, 24, 25, 26, 27, 28, 29]
[2026-05-15 21:29:52] Valid hours for sum: [12, 18, 24, 29]
[2026-05-15 21:29:54] Drought composite end date: 2020-07-08 06:00:00
[2026-05-15 21:29:54] Land cover year: 2019
[2026-05-15 21:29:55] VIIRS Veg composite: 2020-07-03 → 2020-07-19
[2026-05-15 21:29:59] Started export task: fire_120_dynamic_2020-07-13
[2026-05-15 21:30:00] ------ Processing date=2020-07-14 ------
[2026-05-15 21:30:00] Using viirs_af_path: viirs_af_path
[2026-05-15 21:30:00] VIIRS Image Date: ['2020-07-14 00:00:00']
[2026-05-15 21:30:05] Weather image size: 1
[2026-05-15 21:30:05] Forecast duration: 2020-07-15 00:00:00 to 2020-07-16 00:00:00
[2026-05-15 21:30:07] Number of forecast images: 24
[2026-05-15 21:30:07] Using forecast run: 2020-07-14 18:00:00 UTC
[2026-05-15 21:30:07] Forecast Rain Available hours: [6, 7, 8, 9, 10, 11, 12, 13, 14, 15, 16, 17, 18, 19, 20, 21, 22, 23, 24, 25, 26, 27, 28, 29]
[2026-05-15 21:30:07] Valid hours for sum: [12, 18, 24, 29]
[2026-05-15 21:30:10] Drought composite end date: 2020-07-13 06:00:00
[2026-05-15 21:30:10] Land cover year: 2019
[2026-05-15 21:30:11] VIIRS Veg composite: 2020-07-03 → 2020-07-19
[2026-05-15 21:30:15] Started export task: fire_120_dynamic_2020-07-14
[2026-05-15 21:30:15] ------ Processing date=2020-07-15 ------
[2026-05-15 21:30:15] Using viirs_af_path: viirs_af_path
[2026-05-15 21:30:15] VIIRS Image Date: ['2020-07-15 00:00:00']
[2026-05-15 21:30:16] Weather image size: 1
[2026-05-15 21:30:16] Forecast duration: 2020-07-16 00:00:00 to 2020-07-17 00:00:00
[2026-05-15 21:30:17] Number of forecast images: 24
[2026-05-15 21:30:17] Using forecast run: 2020-07-15 18:00:00 UTC
[2026-05-15 21:30:17] Forecast Rain Available hours: [6, 7, 8, 9, 10, 11, 12, 13, 14, 15, 16, 17, 18, 19, 20, 21, 22, 23, 24, 25, 26, 27, 28, 29]
[2026-05-15 21:30:17] Valid hours for sum: [12, 18, 24, 29]
[2026-05-15 21:30:19] Drought composite end date: 2020-07-13 06:00:00
[2026-05-15 21:30:19] Land cover year: 2019
[2026-05-15 21:30:20] VIIRS Veg composite: 2020-07-03 → 2020-07-19
[2026-05-15 21:30:25] Started export task: fire_120_dynamic_2020-07-15
[2026-05-15 21:30:25] ------ Processing date=2020-07-16 ------
[2026-05-15 21:30:25] Using viirs_af_path: viirs_af_path
[2026-05-15 21:30:25] VIIRS Image Date: ['2020-07-16 00:00:00']
[2026-05-15 21:30:25] Weather image size: 1
[2026-05-15 21:30:25] Forecast duration: 2020-07-17 00:00:00 to 2020-07-18 00:00:00
[2026-05-15 21:30:26] Number of forecast images: 24
[2026-05-15 21:30:26] Using forecast run: 2020-07-16 18:00:00 UTC
[2026-05-15 21:30:27] Forecast Rain Available hours: [6, 7, 8, 9, 10, 11, 12, 13, 14, 15, 16, 17, 18, 19, 20, 21, 22, 23, 24, 25, 26, 27, 28, 29]
[2026-05-15 21:30:27] Valid hours for sum: [12, 18, 24, 29]
[2026-05-15 21:30:28] Drought composite end date: 2020-07-13 06:00:00
[2026-05-15 21:30:29] Land cover year: 2019
[2026-05-15 21:30:29] VIIRS Veg composite: 2020-07-03 → 2020-07-19
[2026-05-15 21:30:32] Started export task: fire_120_dynamic_2020-07-16
[2026-05-15 21:30:33] ------ Processing date=2020-07-17 ------
[2026-05-15 21:30:33] Using viirs_af_path: viirs_af_path
[2026-05-15 21:30:33] VIIRS Image Date: ['2020-07-17 00:00:00']
[2026-05-15 21:30:33] Weather image size: 1
[2026-05-15 21:30:33] Forecast duration: 2020-07-18 00:00:00 to 2020-07-19 00:00:00
[2026-05-15 21:30:34] Number of forecast images: 24
[2026-05-15 21:30:34] Using forecast run: 2020-07-17 18:00:00 UTC
[2026-05-15 21:30:35] Forecast Rain Available hours: [6, 7, 8, 9, 10, 11, 12, 13, 14, 15, 16, 17, 18, 19, 20, 21, 22, 23, 24, 25, 26, 27, 28, 29]
[2026-05-15 21:30:35] Valid hours for sum: [12, 18, 24, 29]
[2026-05-15 21:30:37] Drought composite end date: 2020-07-13 06:00:00
[2026-05-15 21:30:37] Land cover year: 2019
[2026-05-15 21:30:38] VIIRS Veg composite: 2020-07-03 → 2020-07-19
[2026-05-15 21:30:41] Started export task: fire_120_dynamic_2020-07-17
[2026-05-15 21:30:41] ------ Processing date=2020-07-18 ------
[2026-05-15 21:30:41] Using viirs_af_path: viirs_af_path
[2026-05-15 21:30:41] VIIRS Image Date: ['2020-07-18 00:00:00']
[2026-05-15 21:30:42] Weather image size: 1
[2026-05-15 21:30:42] Forecast duration: 2020-07-19 00:00:00 to 2020-07-20 00:00:00
[2026-05-15 21:30:43] Number of forecast images: 24
[2026-05-15 21:30:43] Using forecast run: 2020-07-18 18:00:00 UTC
[2026-05-15 21:30:43] Forecast Rain Available hours: [6, 7, 8, 9, 10, 11, 12, 13, 14, 15, 16, 17, 18, 19, 20, 21, 22, 23, 24, 25, 26, 27, 28, 29]
[2026-05-15 21:30:43] Valid hours for sum: [12, 18, 24, 29]
[2026-05-15 21:30:45] Drought composite end date: 2020-07-13 06:00:00
[2026-05-15 21:30:45] Land cover year: 2019
[2026-05-15 21:30:46] VIIRS Veg composite: 2020-07-03 → 2020-07-19
[2026-05-15 21:30:50] Started export task: fire_120_dynamic_2020-07-18
[2026-05-15 21:30:50] ------ Processing date=2020-07-19 ------
[2026-05-15 21:30:50] Using viirs_af_path: viirs_af_path
[2026-05-15 21:30:50] VIIRS Image Date: ['2020-07-19 00:00:00']
[2026-05-15 21:30:51] Weather image size: 1
[2026-05-15 21:30:51] Forecast duration: 2020-07-20 00:00:00 to 2020-07-21 00:00:00
[2026-05-15 21:30:52] Number of forecast images: 24
[2026-05-15 21:30:52] Using forecast run: 2020-07-19 18:00:00 UTC
[2026-05-15 21:30:53] Forecast Rain Available hours: [6, 7, 8, 9, 10, 11, 12, 13, 14, 15, 16, 17, 18, 19, 20, 21, 22, 23, 24, 25, 26, 27, 28, 29]
[2026-05-15 21:30:53] Valid hours for sum: [12, 18, 24, 29]
[2026-05-15 21:30:55] Drought composite end date: 2020-07-18 06:00:00
[2026-05-15 21:30:55] Land cover year: 2019
[2026-05-15 21:30:56] VIIRS Veg composite: 2020-07-03 → 2020-07-19
[2026-05-15 21:30:59] Started export task: fire_120_dynamic_2020-07-19
[2026-05-15 21:30:59] ------ Processing date=2020-07-20 ------
[2026-05-15 21:30:59] Using viirs_af_path: viirs_af_path
[2026-05-15 21:30:59] VIIRS Image Date: ['2020-07-20 00:00:00']
[2026-05-15 21:31:00] Weather image size: 1
[2026-05-15 21:31:00] Forecast duration: 2020-07-21 00:00:00 to 2020-07-22 00:00:00
[2026-05-15 21:31:01] Number of forecast images: 24
[2026-05-15 21:31:01] Using forecast run: 2020-07-20 18:00:00 UTC
[2026-05-15 21:31:01] Forecast Rain Available hours: [6, 7, 8, 9, 10, 11, 12, 13, 14, 15, 16, 17, 18, 19, 20, 21, 22, 23, 24, 25, 26, 27, 28, 29]
[2026-05-15 21:31:01] Valid hours for sum: [12, 18, 24, 29]
[2026-05-15 21:31:04] Drought composite end date: 2020-07-18 06:00:00
[2026-05-15 21:31:04] Land cover year: 2019
[2026-05-15 21:31:05] VIIRS Veg composite: 2020-07-03 → 2020-07-19
[2026-05-15 21:31:09] Started export task: fire_120_dynamic_2020-07-20
[2026-05-15 21:31:09] ------ Processing date=2020-07-21 ------
[2026-05-15 21:31:09] Using viirs_af_path: viirs_af_path
[2026-05-15 21:31:10] VIIRS Image Date: ['2020-07-21 00:00:00']
[2026-05-15 21:31:10] Weather image size: 1
[2026-05-15 21:31:10] Forecast duration: 2020-07-22 00:00:00 to 2020-07-23 00:00:00
[2026-05-15 21:31:11] Number of forecast images: 24
[2026-05-15 21:31:11] Using forecast run: 2020-07-21 18:00:00 UTC
[2026-05-15 21:31:12] Forecast Rain Available hours: [6, 7, 8, 9, 10, 11, 12, 13, 14, 15, 16, 17, 18, 19, 20, 21, 22, 23, 24, 25, 26, 27, 28, 29]
[2026-05-15 21:31:12] Valid hours for sum: [12, 18, 24, 29]
[2026-05-15 21:31:14] Drought composite end date: 2020-07-18 06:00:00
[2026-05-15 21:31:14] Land cover year: 2019
[2026-05-15 21:31:15] VIIRS Veg composite: 2020-07-03 → 2020-07-19
[2026-05-15 21:31:19] Started export task: fire_120_dynamic_2020-07-21
[2026-05-15 21:31:19] ------ Processing date=2020-07-22 ------
[2026-05-15 21:31:19] Using viirs_af_path: viirs_af_path
[2026-05-15 21:31:19] VIIRS Image Date: ['2020-07-22 00:00:00']
[2026-05-15 21:31:20] Weather image size: 1
[2026-05-15 21:31:20] Forecast duration: 2020-07-23 00:00:00 to 2020-07-24 00:00:00
[2026-05-15 21:31:20] Number of forecast images: 24
[2026-05-15 21:31:20] Using forecast run: 2020-07-22 18:00:00 UTC
[2026-05-15 21:31:21] Forecast Rain Available hours: [6, 7, 8, 9, 10, 11, 12, 13, 14, 15, 16, 17, 18, 19, 20, 21, 22, 23, 24, 25, 26, 27, 28, 29]
[2026-05-15 21:31:21] Valid hours for sum: [12, 18, 24, 29]
[2026-05-15 21:31:23] Drought composite end date: 2020-07-18 06:00:00
[2026-05-15 21:31:23] Land cover year: 2019
[2026-05-15 21:31:25] VIIRS Veg composite: 2020-07-03 → 2020-07-19
[2026-05-15 21:31:28] Started export task: fire_120_dynamic_2020-07-22
[2026-05-15 21:31:29] ------ Processing date=2020-07-23 ------
[2026-05-15 21:31:29] Using viirs_af_path: viirs_af_path
[2026-05-15 21:31:29] VIIRS Image Date: ['2020-07-23 00:00:00']
[2026-05-15 21:31:29] Weather image size: 1
[2026-05-15 21:31:29] Forecast duration: 2020-07-24 00:00:00 to 2020-07-25 00:00:00
[2026-05-15 21:31:30] Number of forecast images: 24
[2026-05-15 21:31:30] Using forecast run: 2020-07-23 18:00:00 UTC
[2026-05-15 21:31:30] Forecast Rain Available hours: [6, 7, 8, 9, 10, 11, 12, 13, 14, 15, 16, 17, 18, 19, 20, 21, 22, 23, 24, 25, 26, 27, 28, 29]
[2026-05-15 21:31:30] Valid hours for sum: [12, 18, 24, 29]
[2026-05-15 21:31:33] Drought composite end date: 2020-07-18 06:00:00
[2026-05-15 21:31:33] Land cover year: 2019
[2026-05-15 21:31:34] VIIRS Veg composite: 2020-07-03 → 2020-07-19
[2026-05-15 21:31:39] Started export task: fire_120_dynamic_2020-07-23
[2026-05-15 21:31:39] ------ Processing date=2020-07-24 ------
[2026-05-15 21:31:39] Using viirs_af_path: viirs_af_path
[2026-05-15 21:31:40] VIIRS Image Date: ['2020-07-24 00:00:00']
[2026-05-15 21:31:40] Weather image size: 1
[2026-05-15 21:31:40] Forecast duration: 2020-07-25 00:00:00 to 2020-07-26 00:00:00
[2026-05-15 21:31:41] Number of forecast images: 24
[2026-05-15 21:31:41] Using forecast run: 2020-07-24 18:00:00 UTC
[2026-05-15 21:31:42] Forecast Rain Available hours: [6, 7, 8, 9, 10, 11, 12, 13, 14, 15, 16, 17, 18, 19, 20, 21, 22, 23, 24, 25, 26, 27, 28, 29]
[2026-05-15 21:31:42] Valid hours for sum: [12, 18, 24, 29]
[2026-05-15 21:31:43] Drought composite end date: 2020-07-23 06:00:00
[2026-05-15 21:31:43] Land cover year: 2019
[2026-05-15 21:31:45] VIIRS Veg composite: 2020-07-03 → 2020-07-19
[2026-05-15 21:31:48] Started export task: fire_120_dynamic_2020-07-24
[2026-05-15 21:31:48] ------ Processing date=2020-07-25 ------
[2026-05-15 21:31:48] Using viirs_af_path: viirs_af_path
[2026-05-15 21:31:48] VIIRS Image Date: ['2020-07-25 00:00:00']
[2026-05-15 21:31:49] Weather image size: 1
[2026-05-15 21:31:49] Forecast duration: 2020-07-26 00:00:00 to 2020-07-27 00:00:00
[2026-05-15 21:31:49] Number of forecast images: 24
[2026-05-15 21:31:49] Using forecast run: 2020-07-25 18:00:00 UTC
[2026-05-15 21:31:50] Forecast Rain Available hours: [6, 7, 8, 9, 10, 11, 12, 13, 14, 15, 16, 17, 18, 19, 20, 21, 22, 23, 24, 25, 26, 27, 28, 29]
[2026-05-15 21:31:50] Valid hours for sum: [12, 18, 24, 29]
[2026-05-15 21:31:52] Drought composite end date: 2020-07-23 06:00:00
[2026-05-15 21:31:53] Land cover year: 2019
[2026-05-15 21:31:54] VIIRS Veg composite: 2020-07-03 → 2020-07-19
[2026-05-15 21:31:58] Started export task: fire_120_dynamic_2020-07-25
[2026-05-15 21:31:59] ------ Processing date=2020-07-26 ------
[2026-05-15 21:31:59] Using viirs_af_path: viirs_af_path
[2026-05-15 21:31:59] VIIRS Image Date: ['2020-07-26 00:00:00']
[2026-05-15 21:31:59] Weather image size: 1
[2026-05-15 21:31:59] Forecast duration: 2020-07-27 00:00:00 to 2020-07-28 00:00:00
[2026-05-15 21:32:00] Number of forecast images: 24
[2026-05-15 21:32:00] Using forecast run: 2020-07-26 18:00:00 UTC
[2026-05-15 21:32:01] Forecast Rain Available hours: [6, 7, 8, 9, 10, 11, 12, 13, 14, 15, 16, 17, 18, 19, 20, 21, 22, 23, 24, 25, 26, 27, 28, 29]
[2026-05-15 21:32:01] Valid hours for sum: [12, 18, 24, 29]
[2026-05-15 21:32:03] Drought composite end date: 2020-07-23 06:00:00
[2026-05-15 21:32:04] Land cover year: 2019
[2026-05-15 21:32:04] VIIRS Veg composite: 2020-07-03 → 2020-07-19
[2026-05-15 21:32:10] Started export task: fire_120_dynamic_2020-07-26
[2026-05-15 21:32:10] ------ Processing date=2020-07-27 ------
[2026-05-15 21:32:10] Using viirs_af_path: viirs_af_path
[2026-05-15 21:32:10] VIIRS Image Date: ['2020-07-27 00:00:00']
[2026-05-15 21:32:11] Weather image size: 1
[2026-05-15 21:32:11] Forecast duration: 2020-07-28 00:00:00 to 2020-07-29 00:00:00
[2026-05-15 21:32:11] Number of forecast images: 24
[2026-05-15 21:32:11] Using forecast run: 2020-07-27 18:00:00 UTC
[2026-05-15 21:32:12] Forecast Rain Available hours: [6, 7, 8, 9, 10, 11, 12, 13, 14, 15, 16, 17, 18, 19, 20, 21, 22, 23, 24, 25, 26, 27, 28, 29]
[2026-05-15 21:32:12] Valid hours for sum: [12, 18, 24, 29]
[2026-05-15 21:32:14] Drought composite end date: 2020-07-23 06:00:00
[2026-05-15 21:32:14] Land cover year: 2019
[2026-05-15 21:32:15] VIIRS Veg composite: 2020-07-03 → 2020-07-19
[2026-05-15 21:32:19] Started export task: fire_120_dynamic_2020-07-27
[2026-05-15 21:32:20] ------ Processing date=2020-07-28 ------
[2026-05-15 21:32:20] Using viirs_af_path: viirs_af_path
[2026-05-15 21:32:20] VIIRS Image Date: ['2020-07-28 00:00:00']
[2026-05-15 21:32:20] Weather image size: 1
[2026-05-15 21:32:20] Forecast duration: 2020-07-29 00:00:00 to 2020-07-30 00:00:00
[2026-05-15 21:32:21] Number of forecast images: 24
[2026-05-15 21:32:21] Using forecast run: 2020-07-28 18:00:00 UTC
[2026-05-15 21:32:21] Forecast Rain Available hours: [6, 7, 8, 9, 10, 11, 12, 13, 14, 15, 16, 17, 18, 19, 20, 21, 22, 23, 24, 25, 26, 27, 28, 29]
[2026-05-15 21:32:21] Valid hours for sum: [12, 18, 24, 29]
[2026-05-15 21:32:24] Drought composite end date: 2020-07-23 06:00:00
[2026-05-15 21:32:24] Land cover year: 2019
[2026-05-15 21:32:25] VIIRS Veg composite: 2020-07-03 → 2020-07-19
[2026-05-15 21:32:28] Started export task: fire_120_dynamic_2020-07-28
[2026-05-15 21:32:29] END: ----------Event fire_120----------- (Duration: 2.81m)
[2026-05-15 21:32:29] START: ----------Event fire_123-----------
[2026-05-15 21:32:29] ------ Processing date=2020-07-14 ------
[2026-05-15 21:32:29] Using viirs_af_path: viirs_af_path
[2026-05-15 21:32:29] VIIRS Image Date: ['2020-07-14 00:00:00']
[2026-05-15 21:32:29] Weather image size: 1
[2026-05-15 21:32:29] Forecast duration: 2020-07-15 00:00:00 to 2020-07-16 00:00:00
[2026-05-15 21:32:30] Number of forecast images: 24
[2026-05-15 21:32:30] Using forecast run: 2020-07-14 18:00:00 UTC
[2026-05-15 21:32:31] Forecast Rain Available hours: [6, 7, 8, 9, 10, 11, 12, 13, 14, 15, 16, 17, 18, 19, 20, 21, 22, 23, 24, 25, 26, 27, 28, 29]
[2026-05-15 21:32:31] Valid hours for sum: [12, 18, 24, 29]
[2026-05-15 21:32:33] Drought composite end date: 2020-07-13 06:00:00
[2026-05-15 21:32:33] Land cover year: 2019
[2026-05-15 21:32:35] VIIRS Veg composite: 2020-07-03 → 2020-07-19
[2026-05-15 21:32:38] Started export task: fire_123_static
[2026-05-15 21:32:39] Started export task: fire_123_dynamic_2020-07-14
[2026-05-15 21:32:39] ------ Processing date=2020-07-15 ------
[2026-05-15 21:32:39] Using viirs_af_path: viirs_af_path
[2026-05-15 21:32:39] VIIRS Image Date: ['2020-07-15 00:00:00']
[2026-05-15 21:32:39] Weather image size: 1
[2026-05-15 21:32:39] Forecast duration: 2020-07-16 00:00:00 to 2020-07-17 00:00:00
[2026-05-15 21:32:40] Number of forecast images: 24
[2026-05-15 21:32:40] Using forecast run: 2020-07-15 18:00:00 UTC
[2026-05-15 21:32:41] Forecast Rain Available hours: [6, 7, 8, 9, 10, 11, 12, 13, 14, 15, 16, 17, 18, 19, 20, 21, 22, 23, 24, 25, 26, 27, 28, 29]
[2026-05-15 21:32:41] Valid hours for sum: [12, 18, 24, 29]
[2026-05-15 21:32:42] Drought composite end date: 2020-07-13 06:00:00
[2026-05-15 21:32:42] Land cover year: 2019
[2026-05-15 21:32:44] VIIRS Veg composite: 2020-07-03 → 2020-07-19
[2026-05-15 21:32:47] Started export task: fire_123_dynamic_2020-07-15
[2026-05-15 21:32:48] ------ Processing date=2020-07-16 ------
[2026-05-15 21:32:48] Using viirs_af_path: viirs_af_path
[2026-05-15 21:32:48] VIIRS Image Date: ['2020-07-16 00:00:00']
[2026-05-15 21:32:48] Weather image size: 1
[2026-05-15 21:32:48] Forecast duration: 2020-07-17 00:00:00 to 2020-07-18 00:00:00
[2026-05-15 21:32:49] Number of forecast images: 24
[2026-05-15 21:32:49] Using forecast run: 2020-07-16 18:00:00 UTC
[2026-05-15 21:32:50] Forecast Rain Available hours: [6, 7, 8, 9, 10, 11, 12, 13, 14, 15, 16, 17, 18, 19, 20, 21, 22, 23, 24, 25, 26, 27, 28, 29]
[2026-05-15 21:32:50] Valid hours for sum: [12, 18, 24, 29]
[2026-05-15 21:32:51] Drought composite end date: 2020-07-13 06:00:00
[2026-05-15 21:32:52] Land cover year: 2019
[2026-05-15 21:32:52] VIIRS Veg composite: 2020-07-03 → 2020-07-19
[2026-05-15 21:32:57] Started export task: fire_123_dynamic_2020-07-16
[2026-05-15 21:32:58] ------ Processing date=2020-07-17 ------
[2026-05-15 21:32:58] Using viirs_af_path: viirs_af_path
[2026-05-15 21:32:59] VIIRS Image Date: ['2020-07-17 00:00:00']
[2026-05-15 21:32:59] Weather image size: 1
[2026-05-15 21:32:59] Forecast duration: 2020-07-18 00:00:00 to 2020-07-19 00:00:00
[2026-05-15 21:33:00] Number of forecast images: 24
[2026-05-15 21:33:00] Using forecast run: 2020-07-17 18:00:00 UTC
[2026-05-15 21:33:01] Forecast Rain Available hours: [6, 7, 8, 9, 10, 11, 12, 13, 14, 15, 16, 17, 18, 19, 20, 21, 22, 23, 24, 25, 26, 27, 28, 29]
[2026-05-15 21:33:01] Valid hours for sum: [12, 18, 24, 29]
[2026-05-15 21:33:03] Drought composite end date: 2020-07-13 06:00:00
[2026-05-15 21:33:04] Land cover year: 2019
[2026-05-15 21:33:05] VIIRS Veg composite: 2020-07-03 → 2020-07-19
[2026-05-15 21:33:08] Started export task: fire_123_dynamic_2020-07-17
[2026-05-15 21:33:08] ------ Processing date=2020-07-18 ------
[2026-05-15 21:33:08] Using viirs_af_path: viirs_af_path
[2026-05-15 21:33:09] VIIRS Image Date: ['2020-07-18 00:00:00']
[2026-05-15 21:33:09] Weather image size: 1
[2026-05-15 21:33:09] Forecast duration: 2020-07-19 00:00:00 to 2020-07-20 00:00:00
[2026-05-15 21:33:10] Number of forecast images: 24
[2026-05-15 21:33:10] Using forecast run: 2020-07-18 18:00:00 UTC
[2026-05-15 21:33:11] Forecast Rain Available hours: [6, 7, 8, 9, 10, 11, 12, 13, 14, 15, 16, 17, 18, 19, 20, 21, 22, 23, 24, 25, 26, 27, 28, 29]
[2026-05-15 21:33:11] Valid hours for sum: [12, 18, 24, 29]
[2026-05-15 21:33:12] Drought composite end date: 2020-07-13 06:00:00
[2026-05-15 21:33:12] Land cover year: 2019
[2026-05-15 21:33:13] VIIRS Veg composite: 2020-07-03 → 2020-07-19
[2026-05-15 21:33:18] Started export task: fire_123_dynamic_2020-07-18
[2026-05-15 21:33:19] ------ Processing date=2020-07-19 ------
[2026-05-15 21:33:19] Using viirs_af_path: viirs_af_path
[2026-05-15 21:33:19] VIIRS Image Date: ['2020-07-19 00:00:00']
[2026-05-15 21:33:19] Weather image size: 1
[2026-05-15 21:33:19] Forecast duration: 2020-07-20 00:00:00 to 2020-07-21 00:00:00
[2026-05-15 21:33:20] Number of forecast images: 24
[2026-05-15 21:33:20] Using forecast run: 2020-07-19 18:00:00 UTC
[2026-05-15 21:33:21] Forecast Rain Available hours: [6, 7, 8, 9, 10, 11, 12, 13, 14, 15, 16, 17, 18, 19, 20, 21, 22, 23, 24, 25, 26, 27, 28, 29]
[2026-05-15 21:33:21] Valid hours for sum: [12, 18, 24, 29]
[2026-05-15 21:33:23] Drought composite end date: 2020-07-18 06:00:00
[2026-05-15 21:33:23] Land cover year: 2019
[2026-05-15 21:33:24] VIIRS Veg composite: 2020-07-03 → 2020-07-19
[2026-05-15 21:33:30] Started export task: fire_123_dynamic_2020-07-19
[2026-05-15 21:33:31] ------ Processing date=2020-07-20 ------
[2026-05-15 21:33:31] Using viirs_af_path: viirs_af_path
[2026-05-15 21:33:31] VIIRS Image Date: ['2020-07-20 00:00:00']
[2026-05-15 21:33:31] Weather image size: 1
[2026-05-15 21:33:31] Forecast duration: 2020-07-21 00:00:00 to 2020-07-22 00:00:00
[2026-05-15 21:33:32] Number of forecast images: 24
[2026-05-15 21:33:32] Using forecast run: 2020-07-20 18:00:00 UTC
[2026-05-15 21:33:32] Forecast Rain Available hours: [6, 7, 8, 9, 10, 11, 12, 13, 14, 15, 16, 17, 18, 19, 20, 21, 22, 23, 24, 25, 26, 27, 28, 29]
[2026-05-15 21:33:32] Valid hours for sum: [12, 18, 24, 29]
[2026-05-15 21:33:35] Drought composite end date: 2020-07-18 06:00:00
[2026-05-15 21:33:35] Land cover year: 2019
[2026-05-15 21:33:36] VIIRS Veg composite: 2020-07-03 → 2020-07-19
[2026-05-15 21:33:41] Started export task: fire_123_dynamic_2020-07-20
[2026-05-15 21:33:41] ------ Processing date=2020-07-21 ------
[2026-05-15 21:33:41] Using viirs_af_path: viirs_af_path
[2026-05-15 21:33:41] VIIRS Image Date: ['2020-07-21 00:00:00']
[2026-05-15 21:33:41] Weather image size: 1
[2026-05-15 21:33:41] Forecast duration: 2020-07-22 00:00:00 to 2020-07-23 00:00:00
[2026-05-15 21:33:42] Number of forecast images: 24
[2026-05-15 21:33:42] Using forecast run: 2020-07-21 18:00:00 UTC
[2026-05-15 21:33:43] Forecast Rain Available hours: [6, 7, 8, 9, 10, 11, 12, 13, 14, 15, 16, 17, 18, 19, 20, 21, 22, 23, 24, 25, 26, 27, 28, 29]
[2026-05-15 21:33:43] Valid hours for sum: [12, 18, 24, 29]
[2026-05-15 21:33:45] Drought composite end date: 2020-07-18 06:00:00
[2026-05-15 21:33:45] Land cover year: 2019
[2026-05-15 21:33:46] VIIRS Veg composite: 2020-07-03 → 2020-07-19
[2026-05-15 21:33:51] Started export task: fire_123_dynamic_2020-07-21
[2026-05-15 21:33:51] ------ Processing date=2020-07-22 ------
[2026-05-15 21:33:51] Using viirs_af_path: viirs_af_path
[2026-05-15 21:33:51] VIIRS Image Date: ['2020-07-22 00:00:00']
[2026-05-15 21:33:52] Weather image size: 1
[2026-05-15 21:33:52] Forecast duration: 2020-07-23 00:00:00 to 2020-07-24 00:00:00
[2026-05-15 21:33:53] Number of forecast images: 24
[2026-05-15 21:33:53] Using forecast run: 2020-07-22 18:00:00 UTC
[2026-05-15 21:33:54] Forecast Rain Available hours: [6, 7, 8, 9, 10, 11, 12, 13, 14, 15, 16, 17, 18, 19, 20, 21, 22, 23, 24, 25, 26, 27, 28, 29]
[2026-05-15 21:33:54] Valid hours for sum: [12, 18, 24, 29]
[2026-05-15 21:33:55] Drought composite end date: 2020-07-18 06:00:00
[2026-05-15 21:33:56] Land cover year: 2019
[2026-05-15 21:33:57] VIIRS Veg composite: 2020-07-03 → 2020-07-19
[2026-05-15 21:34:00] Started export task: fire_123_dynamic_2020-07-22
[2026-05-15 21:34:00] ------ Processing date=2020-07-23 ------
[2026-05-15 21:34:00] Using viirs_af_path: viirs_af_path
[2026-05-15 21:34:01] VIIRS Image Date: ['2020-07-23 00:00:00']
[2026-05-15 21:34:01] Weather image size: 1
[2026-05-15 21:34:01] Forecast duration: 2020-07-24 00:00:00 to 2020-07-25 00:00:00
[2026-05-15 21:34:02] Number of forecast images: 24
[2026-05-15 21:34:02] Using forecast run: 2020-07-23 18:00:00 UTC
[2026-05-15 21:34:02] Forecast Rain Available hours: [6, 7, 8, 9, 10, 11, 12, 13, 14, 15, 16, 17, 18, 19, 20, 21, 22, 23, 24, 25, 26, 27, 28, 29]
[2026-05-15 21:34:02] Valid hours for sum: [12, 18, 24, 29]
[2026-05-15 21:34:04] Drought composite end date: 2020-07-18 06:00:00
[2026-05-15 21:34:04] Land cover year: 2019
[2026-05-15 21:34:06] VIIRS Veg composite: 2020-07-03 → 2020-07-19
[2026-05-15 21:34:10] Started export task: fire_123_dynamic_2020-07-23
[2026-05-15 21:34:11] ------ Processing date=2020-07-24 ------
[2026-05-15 21:34:11] Using viirs_af_path: viirs_af_path
[2026-05-15 21:34:11] VIIRS Image Date: ['2020-07-24 00:00:00']
[2026-05-15 21:34:11] Weather image size: 1
[2026-05-15 21:34:11] Forecast duration: 2020-07-25 00:00:00 to 2020-07-26 00:00:00
[2026-05-15 21:34:12] Number of forecast images: 24
[2026-05-15 21:34:12] Using forecast run: 2020-07-24 18:00:00 UTC
[2026-05-15 21:34:13] Forecast Rain Available hours: [6, 7, 8, 9, 10, 11, 12, 13, 14, 15, 16, 17, 18, 19, 20, 21, 22, 23, 24, 25, 26, 27, 28, 29]
[2026-05-15 21:34:13] Valid hours for sum: [12, 18, 24, 29]
[2026-05-15 21:34:14] Drought composite end date: 2020-07-23 06:00:00
[2026-05-15 21:34:14] Land cover year: 2019
[2026-05-15 21:34:15] VIIRS Veg composite: 2020-07-03 → 2020-07-19
[2026-05-15 21:34:19] Started export task: fire_123_dynamic_2020-07-24
[2026-05-15 21:34:20] ------ Processing date=2020-07-25 ------
[2026-05-15 21:34:20] Using viirs_af_path: viirs_af_path
[2026-05-15 21:34:20] VIIRS Image Date: ['2020-07-25 00:00:00']
[2026-05-15 21:34:20] Weather image size: 1
[2026-05-15 21:34:20] Forecast duration: 2020-07-26 00:00:00 to 2020-07-27 00:00:00
[2026-05-15 21:34:21] Number of forecast images: 24
[2026-05-15 21:34:21] Using forecast run: 2020-07-25 18:00:00 UTC
[2026-05-15 21:34:21] Forecast Rain Available hours: [6, 7, 8, 9, 10, 11, 12, 13, 14, 15, 16, 17, 18, 19, 20, 21, 22, 23, 24, 25, 26, 27, 28, 29]
[2026-05-15 21:34:21] Valid hours for sum: [12, 18, 24, 29]
[2026-05-15 21:34:23] Drought composite end date: 2020-07-23 06:00:00
[2026-05-15 21:34:24] Land cover year: 2019
[2026-05-15 21:34:24] VIIRS Veg composite: 2020-07-03 → 2020-07-19
[2026-05-15 21:34:29] Started export task: fire_123_dynamic_2020-07-25
[2026-05-15 21:34:30] ------ Processing date=2020-07-26 ------
[2026-05-15 21:34:30] Using viirs_af_path: viirs_af_path
[2026-05-15 21:34:30] VIIRS Image Date: ['2020-07-26 00:00:00']
[2026-05-15 21:34:30] Weather image size: 1
[2026-05-15 21:34:30] Forecast duration: 2020-07-27 00:00:00 to 2020-07-28 00:00:00
[2026-05-15 21:34:31] Number of forecast images: 24
[2026-05-15 21:34:31] Using forecast run: 2020-07-26 18:00:00 UTC
[2026-05-15 21:34:31] Forecast Rain Available hours: [6, 7, 8, 9, 10, 11, 12, 13, 14, 15, 16, 17, 18, 19, 20, 21, 22, 23, 24, 25, 26, 27, 28, 29]
[2026-05-15 21:34:31] Valid hours for sum: [12, 18, 24, 29]
[2026-05-15 21:34:34] Drought composite end date: 2020-07-23 06:00:00
[2026-05-15 21:34:34] Land cover year: 2019
[2026-05-15 21:34:35] VIIRS Veg composite: 2020-07-03 → 2020-07-19
[2026-05-15 21:34:39] Started export task: fire_123_dynamic_2020-07-26
[2026-05-15 21:34:39] ------ Processing date=2020-07-27 ------
[2026-05-15 21:34:39] Using viirs_af_path: viirs_af_path
[2026-05-15 21:34:39] VIIRS Image Date: ['2020-07-27 00:00:00']
[2026-05-15 21:34:39] Weather image size: 1
[2026-05-15 21:34:39] Forecast duration: 2020-07-28 00:00:00 to 2020-07-29 00:00:00
[2026-05-15 21:34:40] Number of forecast images: 24
[2026-05-15 21:34:40] Using forecast run: 2020-07-27 18:00:00 UTC
[2026-05-15 21:34:41] Forecast Rain Available hours: [6, 7, 8, 9, 10, 11, 12, 13, 14, 15, 16, 17, 18, 19, 20, 21, 22, 23, 24, 25, 26, 27, 28, 29]
[2026-05-15 21:34:41] Valid hours for sum: [12, 18, 24, 29]
[2026-05-15 21:34:42] Drought composite end date: 2020-07-23 06:00:00
[2026-05-15 21:34:43] Land cover year: 2019
[2026-05-15 21:34:44] VIIRS Veg composite: 2020-07-03 → 2020-07-19
[2026-05-15 21:34:48] Started export task: fire_123_dynamic_2020-07-27
[2026-05-15 21:34:49] ------ Processing date=2020-07-28 ------
[2026-05-15 21:34:49] Using viirs_af_path: viirs_af_path
[2026-05-15 21:34:49] VIIRS Image Date: ['2020-07-28 00:00:00']
[2026-05-15 21:34:49] Weather image size: 1
[2026-05-15 21:34:49] Forecast duration: 2020-07-29 00:00:00 to 2020-07-30 00:00:00
[2026-05-15 21:34:50] Number of forecast images: 24
[2026-05-15 21:34:50] Using forecast run: 2020-07-28 18:00:00 UTC
[2026-05-15 21:34:50] Forecast Rain Available hours: [6, 7, 8, 9, 10, 11, 12, 13, 14, 15, 16, 17, 18, 19, 20, 21, 22, 23, 24, 25, 26, 27, 28, 29]
[2026-05-15 21:34:50] Valid hours for sum: [12, 18, 24, 29]
[2026-05-15 21:34:53] Drought composite end date: 2020-07-23 06:00:00
[2026-05-15 21:34:53] Land cover year: 2019
[2026-05-15 21:34:55] VIIRS Veg composite: 2020-07-03 → 2020-07-19
[2026-05-15 21:34:58] Started export task: fire_123_dynamic_2020-07-28
[2026-05-15 21:34:58] ------ Processing date=2020-07-29 ------
[2026-05-15 21:34:58] Using viirs_af_path: viirs_af_path
[2026-05-15 21:34:58] VIIRS Image Date: ['2020-07-29 00:00:00']
[2026-05-15 21:34:59] Weather image size: 1
[2026-05-15 21:34:59] Forecast duration: 2020-07-30 00:00:00 to 2020-07-31 00:00:00
[2026-05-15 21:35:00] Number of forecast images: 24
[2026-05-15 21:35:00] Using forecast run: 2020-07-29 18:00:00 UTC
[2026-05-15 21:35:00] Forecast Rain Available hours: [6, 7, 8, 9, 10, 11, 12, 13, 14, 15, 16, 17, 18, 19, 20, 21, 22, 23, 24, 25, 26, 27, 28, 29]
[2026-05-15 21:35:00] Valid hours for sum: [12, 18, 24, 29]
[2026-05-15 21:35:04] Drought composite end date: 2020-07-28 06:00:00
[2026-05-15 21:35:04] Land cover year: 2019
[2026-05-15 21:35:04] VIIRS Veg composite: 2020-07-03 → 2020-07-19
[2026-05-15 21:35:08] Started export task: fire_123_dynamic_2020-07-29
[2026-05-15 21:35:08] ------ Processing date=2020-07-30 ------
[2026-05-15 21:35:08] Using viirs_af_path: viirs_af_path
[2026-05-15 21:35:09] VIIRS Image Date: ['2020-07-30 00:00:00']
[2026-05-15 21:35:09] Weather image size: 1
[2026-05-15 21:35:09] Forecast duration: 2020-07-31 00:00:00 to 2020-08-01 00:00:00
[2026-05-15 21:35:10] Number of forecast images: 24
[2026-05-15 21:35:10] Using forecast run: 2020-07-30 18:00:00 UTC
[2026-05-15 21:35:10] Forecast Rain Available hours: [6, 7, 8, 9, 10, 11, 12, 13, 14, 15, 16, 17, 18, 19, 20, 21, 22, 23, 24, 25, 26, 27, 28, 29]
[2026-05-15 21:35:10] Valid hours for sum: [12, 18, 24, 29]
[2026-05-15 21:35:12] Drought composite end date: 2020-07-28 06:00:00
[2026-05-15 21:35:12] Land cover year: 2019
[2026-05-15 21:35:13] VIIRS Veg composite: 2020-07-03 → 2020-07-19
[2026-05-15 21:35:17] Started export task: fire_123_dynamic_2020-07-30
[2026-05-15 21:35:17] ------ Processing date=2020-07-31 ------
[2026-05-15 21:35:17] Using viirs_af_path: viirs_af_path
[2026-05-15 21:35:18] VIIRS Image Date: ['2020-07-31 00:00:00']
[2026-05-15 21:35:18] Weather image size: 1
[2026-05-15 21:35:18] Forecast duration: 2020-08-01 00:00:00 to 2020-08-02 00:00:00
[2026-05-15 21:35:19] Number of forecast images: 24
[2026-05-15 21:35:19] Using forecast run: 2020-07-31 18:00:00 UTC
[2026-05-15 21:35:19] Forecast Rain Available hours: [6, 7, 8, 9, 10, 11, 12, 13, 14, 15, 16, 17, 18, 19, 20, 21, 22, 23, 24, 25, 26, 27, 28, 29]
[2026-05-15 21:35:19] Valid hours for sum: [12, 18, 24, 29]
[2026-05-15 21:35:22] Drought composite end date: 2020-07-28 06:00:00
[2026-05-15 21:35:22] Land cover year: 2019
[2026-05-15 21:35:23] VIIRS Veg composite: 2020-07-03 → 2020-07-19
[2026-05-15 21:35:28] Started export task: fire_123_dynamic_2020-07-31
[2026-05-15 21:35:29] ------ Processing date=2020-08-01 ------
[2026-05-15 21:35:29] Using viirs_af_path: viirs_af_path
[2026-05-15 21:35:29] VIIRS Image Date: ['2020-08-01 00:00:00']
[2026-05-15 21:35:30] Weather image size: 1
[2026-05-15 21:35:30] Forecast duration: 2020-08-02 00:00:00 to 2020-08-03 00:00:00
[2026-05-15 21:35:31] Number of forecast images: 24
[2026-05-15 21:35:31] Using forecast run: 2020-08-01 18:00:00 UTC
[2026-05-15 21:35:32] Forecast Rain Available hours: [6, 7, 8, 9, 10, 11, 12, 13, 14, 15, 16, 17, 18, 19, 20, 21, 22, 23, 24, 25, 26, 27, 28, 29]
[2026-05-15 21:35:32] Valid hours for sum: [12, 18, 24, 29]
[2026-05-15 21:35:34] Drought composite end date: 2020-07-28 06:00:00
[2026-05-15 21:35:34] Land cover year: 2019
[2026-05-15 21:35:35] VIIRS Veg composite: 2020-07-03 → 2020-07-19
[2026-05-15 21:35:39] Started export task: fire_123_dynamic_2020-08-01
[2026-05-15 21:35:40] ------ Processing date=2020-08-02 ------
[2026-05-15 21:35:40] Using viirs_af_path: viirs_af_path
[2026-05-15 21:35:41] VIIRS Image Date: ['2020-08-02 00:00:00']
[2026-05-15 21:35:41] Weather image size: 1
[2026-05-15 21:35:41] Forecast duration: 2020-08-03 00:00:00 to 2020-08-04 00:00:00
[2026-05-15 21:35:42] Number of forecast images: 24
[2026-05-15 21:35:42] Using forecast run: 2020-08-02 18:00:00 UTC
[2026-05-15 21:35:42] Forecast Rain Available hours: [6, 7, 8, 9, 10, 11, 12, 13, 14, 15, 16, 17, 18, 19, 20, 21, 22, 23, 24, 25, 26, 27, 28, 29]
[2026-05-15 21:35:42] Valid hours for sum: [12, 18, 24, 29]
[2026-05-15 21:35:44] Drought composite end date: 2020-07-28 06:00:00
[2026-05-15 21:35:44] Land cover year: 2019
[2026-05-15 21:35:45] VIIRS Veg composite: 2020-07-03 → 2020-07-19
[2026-05-15 21:35:50] Started export task: fire_123_dynamic_2020-08-02
[2026-05-15 21:35:50] END: ----------Event fire_123----------- (Duration: 3.35m)
[2026-05-15 21:35:50] START: ----------Event fire_127-----------
[2026-05-15 21:35:50] ------ Processing date=2020-07-19 ------
[2026-05-15 21:35:50] Using viirs_af_path: viirs_af_path
[2026-05-15 21:35:50] VIIRS Image Date: ['2020-07-19 00:00:00']
[2026-05-15 21:35:51] Weather image size: 1
[2026-05-15 21:35:51] Forecast duration: 2020-07-20 00:00:00 to 2020-07-21 00:00:00
[2026-05-15 21:35:52] Number of forecast images: 24
[2026-05-15 21:35:52] Using forecast run: 2020-07-19 18:00:00 UTC
[2026-05-15 21:35:52] Forecast Rain Available hours: [6, 7, 8, 9, 10, 11, 12, 13, 14, 15, 16, 17, 18, 19, 20, 21, 22, 23, 24, 25, 26, 27, 28, 29]
[2026-05-15 21:35:52] Valid hours for sum: [12, 18, 24, 29]
[2026-05-15 21:35:55] Drought composite end date: 2020-07-18 06:00:00
[2026-05-15 21:35:55] Land cover year: 2019
[2026-05-15 21:35:56] VIIRS Veg composite: 2020-07-03 → 2020-07-19
[2026-05-15 21:36:01] Started export task: fire_127_static
[2026-05-15 21:36:01] Started export task: fire_127_dynamic_2020-07-19
[2026-05-15 21:36:01] ------ Processing date=2020-07-20 ------
[2026-05-15 21:36:01] Using viirs_af_path: viirs_af_path
[2026-05-15 21:36:02] VIIRS Image Date: ['2020-07-20 00:00:00']
[2026-05-15 21:36:02] Weather image size: 1
[2026-05-15 21:36:02] Forecast duration: 2020-07-21 00:00:00 to 2020-07-22 00:00:00
[2026-05-15 21:36:04] Number of forecast images: 24
[2026-05-15 21:36:04] Using forecast run: 2020-07-20 18:00:00 UTC
[2026-05-15 21:36:04] Forecast Rain Available hours: [6, 7, 8, 9, 10, 11, 12, 13, 14, 15, 16, 17, 18, 19, 20, 21, 22, 23, 24, 25, 26, 27, 28, 29]
[2026-05-15 21:36:04] Valid hours for sum: [12, 18, 24, 29]
[2026-05-15 21:36:05] Drought composite end date: 2020-07-18 06:00:00
[2026-05-15 21:36:05] Land cover year: 2019
[2026-05-15 21:36:06] VIIRS Veg composite: 2020-07-03 → 2020-07-19
[2026-05-15 21:36:09] Started export task: fire_127_dynamic_2020-07-20
[2026-05-15 21:36:10] ------ Processing date=2020-07-21 ------
[2026-05-15 21:36:10] Using viirs_af_path: viirs_af_path
[2026-05-15 21:36:10] VIIRS Image Date: ['2020-07-21 00:00:00']
[2026-05-15 21:36:11] Weather image size: 1
[2026-05-15 21:36:11] Forecast duration: 2020-07-22 00:00:00 to 2020-07-23 00:00:00
[2026-05-15 21:36:11] Number of forecast images: 24
[2026-05-15 21:36:11] Using forecast run: 2020-07-21 18:00:00 UTC
[2026-05-15 21:36:12] Forecast Rain Available hours: [6, 7, 8, 9, 10, 11, 12, 13, 14, 15, 16, 17, 18, 19, 20, 21, 22, 23, 24, 25, 26, 27, 28, 29]
[2026-05-15 21:36:12] Valid hours for sum: [12, 18, 24, 29]
[2026-05-15 21:36:13] Drought composite end date: 2020-07-18 06:00:00
[2026-05-15 21:36:14] Land cover year: 2019
[2026-05-15 21:36:15] VIIRS Veg composite: 2020-07-03 → 2020-07-19
[2026-05-15 21:36:20] Started export task: fire_127_dynamic_2020-07-21
[2026-05-15 21:36:20] ------ Processing date=2020-07-22 ------
[2026-05-15 21:36:20] Using viirs_af_path: viirs_af_path
[2026-05-15 21:36:20] VIIRS Image Date: ['2020-07-22 00:00:00']
[2026-05-15 21:36:20] Weather image size: 1
[2026-05-15 21:36:20] Forecast duration: 2020-07-23 00:00:00 to 2020-07-24 00:00:00
[2026-05-15 21:36:21] Number of forecast images: 24
[2026-05-15 21:36:21] Using forecast run: 2020-07-22 18:00:00 UTC
[2026-05-15 21:36:22] Forecast Rain Available hours: [6, 7, 8, 9, 10, 11, 12, 13, 14, 15, 16, 17, 18, 19, 20, 21, 22, 23, 24, 25, 26, 27, 28, 29]
[2026-05-15 21:36:22] Valid hours for sum: [12, 18, 24, 29]
[2026-05-15 21:36:24] Drought composite end date: 2020-07-18 06:00:00
[2026-05-15 21:36:25] Land cover year: 2019
[2026-05-15 21:36:25] VIIRS Veg composite: 2020-07-03 → 2020-07-19
[2026-05-15 21:36:30] Started export task: fire_127_dynamic_2020-07-22
[2026-05-15 21:36:31] ------ Processing date=2020-07-23 ------
[2026-05-15 21:36:31] Using viirs_af_path: viirs_af_path
[2026-05-15 21:36:31] VIIRS Image Date: ['2020-07-23 00:00:00']
[2026-05-15 21:36:31] Weather image size: 1
[2026-05-15 21:36:31] Forecast duration: 2020-07-24 00:00:00 to 2020-07-25 00:00:00
[2026-05-15 21:36:33] Number of forecast images: 24
[2026-05-15 21:36:33] Using forecast run: 2020-07-23 18:00:00 UTC
[2026-05-15 21:36:33] Forecast Rain Available hours: [6, 7, 8, 9, 10, 11, 12, 13, 14, 15, 16, 17, 18, 19, 20, 21, 22, 23, 24, 25, 26, 27, 28, 29]
[2026-05-15 21:36:33] Valid hours for sum: [12, 18, 24, 29]
[2026-05-15 21:36:35] Drought composite end date: 2020-07-18 06:00:00
[2026-05-15 21:36:35] Land cover year: 2019
[2026-05-15 21:36:37] VIIRS Veg composite: 2020-07-03 → 2020-07-19
[2026-05-15 21:36:42] Started export task: fire_127_dynamic_2020-07-23
[2026-05-15 21:36:42] ------ Processing date=2020-07-24 ------
[2026-05-15 21:36:42] Using viirs_af_path: viirs_af_path
[2026-05-15 21:36:42] VIIRS Image Date: ['2020-07-24 00:00:00']
[2026-05-15 21:36:42] Weather image size: 1
[2026-05-15 21:36:42] Forecast duration: 2020-07-25 00:00:00 to 2020-07-26 00:00:00
[2026-05-15 21:36:43] Number of forecast images: 24
[2026-05-15 21:36:43] Using forecast run: 2020-07-24 18:00:00 UTC
[2026-05-15 21:36:44] Forecast Rain Available hours: [6, 7, 8, 9, 10, 11, 12, 13, 14, 15, 16, 17, 18, 19, 20, 21, 22, 23, 24, 25, 26, 27, 28, 29]
[2026-05-15 21:36:44] Valid hours for sum: [12, 18, 24, 29]
[2026-05-15 21:36:47] Drought composite end date: 2020-07-23 06:00:00
[2026-05-15 21:36:47] Land cover year: 2019
[2026-05-15 21:36:48] VIIRS Veg composite: 2020-07-03 → 2020-07-19
[2026-05-15 21:36:52] Started export task: fire_127_dynamic_2020-07-24
[2026-05-15 21:36:53] ------ Processing date=2020-07-25 ------
[2026-05-15 21:36:53] Using viirs_af_path: viirs_af_path
[2026-05-15 21:36:53] VIIRS Image Date: ['2020-07-25 00:00:00']
[2026-05-15 21:36:53] Weather image size: 1
[2026-05-15 21:36:53] Forecast duration: 2020-07-26 00:00:00 to 2020-07-27 00:00:00
[2026-05-15 21:36:55] Number of forecast images: 24
[2026-05-15 21:36:55] Using forecast run: 2020-07-25 18:00:00 UTC
[2026-05-15 21:36:55] Forecast Rain Available hours: [6, 7, 8, 9, 10, 11, 12, 13, 14, 15, 16, 17, 18, 19, 20, 21, 22, 23, 24, 25, 26, 27, 28, 29]
[2026-05-15 21:36:55] Valid hours for sum: [12, 18, 24, 29]
[2026-05-15 21:36:57] Drought composite end date: 2020-07-23 06:00:00
[2026-05-15 21:36:57] Land cover year: 2019
[2026-05-15 21:36:58] VIIRS Veg composite: 2020-07-03 → 2020-07-19
[2026-05-15 21:37:01] Started export task: fire_127_dynamic_2020-07-25
[2026-05-15 21:37:02] ------ Processing date=2020-07-26 ------
[2026-05-15 21:37:02] Using viirs_af_path: viirs_af_path
[2026-05-15 21:37:02] VIIRS Image Date: ['2020-07-26 00:00:00']
[2026-05-15 21:37:03] Weather image size: 1
[2026-05-15 21:37:03] Forecast duration: 2020-07-27 00:00:00 to 2020-07-28 00:00:00
[2026-05-15 21:37:04] Number of forecast images: 24
[2026-05-15 21:37:04] Using forecast run: 2020-07-26 18:00:00 UTC
[2026-05-15 21:37:05] Forecast Rain Available hours: [6, 7, 8, 9, 10, 11, 12, 13, 14, 15, 16, 17, 18, 19, 20, 21, 22, 23, 24, 25, 26, 27, 28, 29]
[2026-05-15 21:37:05] Valid hours for sum: [12, 18, 24, 29]
[2026-05-15 21:37:06] Drought composite end date: 2020-07-23 06:00:00
[2026-05-15 21:37:07] Land cover year: 2019
[2026-05-15 21:37:08] VIIRS Veg composite: 2020-07-03 → 2020-07-19
[2026-05-15 21:37:12] Started export task: fire_127_dynamic_2020-07-26
[2026-05-15 21:37:13] ------ Processing date=2020-07-27 ------
[2026-05-15 21:37:13] Using viirs_af_path: viirs_af_path
[2026-05-15 21:37:13] VIIRS Image Date: ['2020-07-27 00:00:00']
[2026-05-15 21:37:13] Weather image size: 1
[2026-05-15 21:37:13] Forecast duration: 2020-07-28 00:00:00 to 2020-07-29 00:00:00
[2026-05-15 21:37:14] Number of forecast images: 24
[2026-05-15 21:37:14] Using forecast run: 2020-07-27 18:00:00 UTC
[2026-05-15 21:37:14] Forecast Rain Available hours: [6, 7, 8, 9, 10, 11, 12, 13, 14, 15, 16, 17, 18, 19, 20, 21, 22, 23, 24, 25, 26, 27, 28, 29]
[2026-05-15 21:37:14] Valid hours for sum: [12, 18, 24, 29]
[2026-05-15 21:37:16] Drought composite end date: 2020-07-23 06:00:00
[2026-05-15 21:37:16] Land cover year: 2019
[2026-05-15 21:37:17] VIIRS Veg composite: 2020-07-03 → 2020-07-19
[2026-05-15 21:37:21] Started export task: fire_127_dynamic_2020-07-27
[2026-05-15 21:37:21] ------ Processing date=2020-07-28 ------
[2026-05-15 21:37:21] Using viirs_af_path: viirs_af_path
[2026-05-15 21:37:21] VIIRS Image Date: ['2020-07-28 00:00:00']
[2026-05-15 21:37:22] Weather image size: 1
[2026-05-15 21:37:22] Forecast duration: 2020-07-29 00:00:00 to 2020-07-30 00:00:00
[2026-05-15 21:37:22] Number of forecast images: 24
[2026-05-15 21:37:22] Using forecast run: 2020-07-28 18:00:00 UTC
[2026-05-15 21:37:23] Forecast Rain Available hours: [6, 7, 8, 9, 10, 11, 12, 13, 14, 15, 16, 17, 18, 19, 20, 21, 22, 23, 24, 25, 26, 27, 28, 29]
[2026-05-15 21:37:23] Valid hours for sum: [12, 18, 24, 29]
[2026-05-15 21:37:25] Drought composite end date: 2020-07-23 06:00:00
[2026-05-15 21:37:25] Land cover year: 2019
[2026-05-15 21:37:27] VIIRS Veg composite: 2020-07-03 → 2020-07-19
[2026-05-15 21:37:30] Started export task: fire_127_dynamic_2020-07-28
[2026-05-15 21:37:31] ------ Processing date=2020-07-29 ------
[2026-05-15 21:37:31] Using viirs_af_path: viirs_af_path
[2026-05-15 21:37:31] VIIRS Image Date: ['2020-07-29 00:00:00']
[2026-05-15 21:37:32] Weather image size: 1
[2026-05-15 21:37:32] Forecast duration: 2020-07-30 00:00:00 to 2020-07-31 00:00:00
[2026-05-15 21:37:32] Number of forecast images: 24
[2026-05-15 21:37:32] Using forecast run: 2020-07-29 18:00:00 UTC
[2026-05-15 21:37:33] Forecast Rain Available hours: [6, 7, 8, 9, 10, 11, 12, 13, 14, 15, 16, 17, 18, 19, 20, 21, 22, 23, 24, 25, 26, 27, 28, 29]
[2026-05-15 21:37:33] Valid hours for sum: [12, 18, 24, 29]
[2026-05-15 21:37:36] Drought composite end date: 2020-07-28 06:00:00
[2026-05-15 21:37:36] Land cover year: 2019
[2026-05-15 21:37:37] VIIRS Veg composite: 2020-07-03 → 2020-07-19
[2026-05-15 21:37:40] Started export task: fire_127_dynamic_2020-07-29
[2026-05-15 21:37:41] ------ Processing date=2020-07-30 ------
[2026-05-15 21:37:41] Using viirs_af_path: viirs_af_path
[2026-05-15 21:37:41] VIIRS Image Date: ['2020-07-30 00:00:00']
[2026-05-15 21:37:41] Weather image size: 1
[2026-05-15 21:37:41] Forecast duration: 2020-07-31 00:00:00 to 2020-08-01 00:00:00
[2026-05-15 21:37:42] Number of forecast images: 24
[2026-05-15 21:37:42] Using forecast run: 2020-07-30 18:00:00 UTC
[2026-05-15 21:37:43] Forecast Rain Available hours: [6, 7, 8, 9, 10, 11, 12, 13, 14, 15, 16, 17, 18, 19, 20, 21, 22, 23, 24, 25, 26, 27, 28, 29]
[2026-05-15 21:37:43] Valid hours for sum: [12, 18, 24, 29]
[2026-05-15 21:37:44] Drought composite end date: 2020-07-28 06:00:00
[2026-05-15 21:37:44] Land cover year: 2019
[2026-05-15 21:37:45] VIIRS Veg composite: 2020-07-03 → 2020-07-19
[2026-05-15 21:37:49] Started export task: fire_127_dynamic_2020-07-30
[2026-05-15 21:37:50] ------ Processing date=2020-07-31 ------
[2026-05-15 21:37:50] Using viirs_af_path: viirs_af_path
[2026-05-15 21:37:50] VIIRS Image Date: ['2020-07-31 00:00:00']
[2026-05-15 21:37:50] Weather image size: 1
[2026-05-15 21:37:50] Forecast duration: 2020-08-01 00:00:00 to 2020-08-02 00:00:00
[2026-05-15 21:37:51] Number of forecast images: 24
[2026-05-15 21:37:51] Using forecast run: 2020-07-31 18:00:00 UTC
[2026-05-15 21:37:51] Forecast Rain Available hours: [6, 7, 8, 9, 10, 11, 12, 13, 14, 15, 16, 17, 18, 19, 20, 21, 22, 23, 24, 25, 26, 27, 28, 29]
[2026-05-15 21:37:51] Valid hours for sum: [12, 18, 24, 29]
[2026-05-15 21:37:54] Drought composite end date: 2020-07-28 06:00:00
[2026-05-15 21:37:54] Land cover year: 2019
[2026-05-15 21:37:55] VIIRS Veg composite: 2020-07-03 → 2020-07-19
[2026-05-15 21:37:59] Started export task: fire_127_dynamic_2020-07-31
[2026-05-15 21:38:00] ------ Processing date=2020-08-01 ------
[2026-05-15 21:38:00] Using viirs_af_path: viirs_af_path
[2026-05-15 21:38:00] VIIRS Image Date: ['2020-08-01 00:00:00']
[2026-05-15 21:38:00] Weather image size: 1
[2026-05-15 21:38:00] Forecast duration: 2020-08-02 00:00:00 to 2020-08-03 00:00:00
[2026-05-15 21:38:01] Number of forecast images: 24
[2026-05-15 21:38:01] Using forecast run: 2020-08-01 18:00:00 UTC
[2026-05-15 21:38:02] Forecast Rain Available hours: [6, 7, 8, 9, 10, 11, 12, 13, 14, 15, 16, 17, 18, 19, 20, 21, 22, 23, 24, 25, 26, 27, 28, 29]
[2026-05-15 21:38:02] Valid hours for sum: [12, 18, 24, 29]
[2026-05-15 21:38:05] Drought composite end date: 2020-07-28 06:00:00
[2026-05-15 21:38:05] Land cover year: 2019
[2026-05-15 21:38:06] VIIRS Veg composite: 2020-07-03 → 2020-07-19
[2026-05-15 21:38:09] Started export task: fire_127_dynamic_2020-08-01
[2026-05-15 21:38:10] ------ Processing date=2020-08-02 ------
[2026-05-15 21:38:10] Using viirs_af_path: viirs_af_path
[2026-05-15 21:38:10] VIIRS Image Date: ['2020-08-02 00:00:00']
[2026-05-15 21:38:10] Weather image size: 1
[2026-05-15 21:38:10] Forecast duration: 2020-08-03 00:00:00 to 2020-08-04 00:00:00
[2026-05-15 21:38:12] Number of forecast images: 24
[2026-05-15 21:38:12] Using forecast run: 2020-08-02 18:00:00 UTC
[2026-05-15 21:38:12] Forecast Rain Available hours: [6, 7, 8, 9, 10, 11, 12, 13, 14, 15, 16, 17, 18, 19, 20, 21, 22, 23, 24, 25, 26, 27, 28, 29]
[2026-05-15 21:38:12] Valid hours for sum: [12, 18, 24, 29]
[2026-05-15 21:38:14] Drought composite end date: 2020-07-28 06:00:00
[2026-05-15 21:38:14] Land cover year: 2019
[2026-05-15 21:38:15] VIIRS Veg composite: 2020-07-03 → 2020-07-19
[2026-05-15 21:38:20] Started export task: fire_127_dynamic_2020-08-02
[2026-05-15 21:38:20] ------ Processing date=2020-08-03 ------
[2026-05-15 21:38:20] Using viirs_af_path: viirs_af_path
[2026-05-15 21:38:21] VIIRS Image Date: ['2020-08-03 00:00:00']
[2026-05-15 21:38:21] Weather image size: 1
[2026-05-15 21:38:21] Forecast duration: 2020-08-04 00:00:00 to 2020-08-05 00:00:00
[2026-05-15 21:38:22] Number of forecast images: 24
[2026-05-15 21:38:22] Using forecast run: 2020-08-03 18:00:00 UTC
[2026-05-15 21:38:23] Forecast Rain Available hours: [6, 7, 8, 9, 10, 11, 12, 13, 14, 15, 16, 17, 18, 19, 20, 21, 22, 23, 24, 25, 26, 27, 28, 29]
[2026-05-15 21:38:23] Valid hours for sum: [12, 18, 24, 29]
[2026-05-15 21:38:25] Drought composite end date: 2020-08-02 06:00:00
[2026-05-15 21:38:26] Land cover year: 2019
[2026-05-15 21:38:27] VIIRS Veg composite: 2020-07-03 → 2020-07-19
[2026-05-15 21:38:32] Started export task: fire_127_dynamic_2020-08-03
[2026-05-15 21:38:33] ------ Processing date=2020-08-04 ------
[2026-05-15 21:38:33] Using viirs_af_path: viirs_af_path
[2026-05-15 21:38:33] VIIRS Image Date: ['2020-08-04 00:00:00']
[2026-05-15 21:38:33] Weather image size: 1
[2026-05-15 21:38:33] Forecast duration: 2020-08-05 00:00:00 to 2020-08-06 00:00:00
[2026-05-15 21:38:34] Number of forecast images: 24
[2026-05-15 21:38:34] Using forecast run: 2020-08-04 18:00:00 UTC
[2026-05-15 21:38:35] Forecast Rain Available hours: [6, 7, 8, 9, 10, 11, 12, 13, 14, 15, 16, 17, 18, 19, 20, 21, 22, 23, 24, 25, 26, 27, 28, 29]
[2026-05-15 21:38:35] Valid hours for sum: [12, 18, 24, 29]
[2026-05-15 21:38:36] Drought composite end date: 2020-08-02 06:00:00
[2026-05-15 21:38:37] Land cover year: 2019
[2026-05-15 21:38:37] VIIRS Veg composite: 2020-07-03 → 2020-07-19
[2026-05-15 21:38:41] Started export task: fire_127_dynamic_2020-08-04
[2026-05-15 21:38:42] ------ Processing date=2020-08-05 ------
[2026-05-15 21:38:42] Using viirs_af_path: viirs_af_path
[2026-05-15 21:38:42] VIIRS Image Date: ['2020-08-05 00:00:00']
[2026-05-15 21:38:42] Weather image size: 1
[2026-05-15 21:38:42] Forecast duration: 2020-08-06 00:00:00 to 2020-08-07 00:00:00
[2026-05-15 21:38:43] Number of forecast images: 24
[2026-05-15 21:38:43] Using forecast run: 2020-08-05 18:00:00 UTC
[2026-05-15 21:38:43] Forecast Rain Available hours: [6, 7, 8, 9, 10, 11, 12, 13, 14, 15, 16, 17, 18, 19, 20, 21, 22, 23, 24, 25, 26, 27, 28, 29]
[2026-05-15 21:38:43] Valid hours for sum: [12, 18, 24, 29]
[2026-05-15 21:38:45] Drought composite end date: 2020-08-02 06:00:00
[2026-05-15 21:38:46] Land cover year: 2019
[2026-05-15 21:38:46] VIIRS Veg composite: 2020-07-03 → 2020-07-19
[2026-05-15 21:38:49] Started export task: fire_127_dynamic_2020-08-05
[2026-05-15 21:38:50] END: ----------Event fire_127----------- (Duration: 3.00m)
[2026-05-15 21:38:50] START: ----------Event fire_128-----------
[2026-05-15 21:38:50] ------ Processing date=2020-07-19 ------
[2026-05-15 21:38:50] Using viirs_af_path: viirs_af_path
[2026-05-15 21:38:50] VIIRS Image Date: ['2020-07-19 00:00:00']
[2026-05-15 21:38:51] Weather image size: 1
[2026-05-15 21:38:51] Forecast duration: 2020-07-20 00:00:00 to 2020-07-21 00:00:00
[2026-05-15 21:38:52] Number of forecast images: 24
[2026-05-15 21:38:52] Using forecast run: 2020-07-19 18:00:00 UTC
[2026-05-15 21:38:52] Forecast Rain Available hours: [6, 7, 8, 9, 10, 11, 12, 13, 14, 15, 16, 17, 18, 19, 20, 21, 22, 23, 24, 25, 26, 27, 28, 29]
[2026-05-15 21:38:52] Valid hours for sum: [12, 18, 24, 29]
[2026-05-15 21:38:55] Drought composite end date: 2020-07-18 06:00:00
[2026-05-15 21:38:55] Land cover year: 2019
[2026-05-15 21:38:56] VIIRS Veg composite: 2020-07-03 → 2020-07-19
[2026-05-15 21:39:00] Started export task: fire_128_static
[2026-05-15 21:39:00] Started export task: fire_128_dynamic_2020-07-19
[2026-05-15 21:39:01] ------ Processing date=2020-07-20 ------
[2026-05-15 21:39:01] Using viirs_af_path: viirs_af_path
[2026-05-15 21:39:01] VIIRS Image Date: ['2020-07-20 00:00:00']
[2026-05-15 21:39:02] Weather image size: 1
[2026-05-15 21:39:02] Forecast duration: 2020-07-21 00:00:00 to 2020-07-22 00:00:00
[2026-05-15 21:39:03] Number of forecast images: 24
[2026-05-15 21:39:03] Using forecast run: 2020-07-20 18:00:00 UTC
[2026-05-15 21:39:04] Forecast Rain Available hours: [6, 7, 8, 9, 10, 11, 12, 13, 14, 15, 16, 17, 18, 19, 20, 21, 22, 23, 24, 25, 26, 27, 28, 29]
[2026-05-15 21:39:04] Valid hours for sum: [12, 18, 24, 29]
[2026-05-15 21:39:06] Drought composite end date: 2020-07-18 06:00:00
[2026-05-15 21:39:06] Land cover year: 2019
[2026-05-15 21:39:07] VIIRS Veg composite: 2020-07-03 → 2020-07-19
[2026-05-15 21:39:11] Started export task: fire_128_dynamic_2020-07-20
[2026-05-15 21:39:11] ------ Processing date=2020-07-21 ------
[2026-05-15 21:39:11] Using viirs_af_path: viirs_af_path
[2026-05-15 21:39:11] VIIRS Image Date: ['2020-07-21 00:00:00']
[2026-05-15 21:39:12] Weather image size: 1
[2026-05-15 21:39:12] Forecast duration: 2020-07-22 00:00:00 to 2020-07-23 00:00:00
[2026-05-15 21:39:14] Number of forecast images: 24
[2026-05-15 21:39:14] Using forecast run: 2020-07-21 18:00:00 UTC
[2026-05-15 21:39:14] Forecast Rain Available hours: [6, 7, 8, 9, 10, 11, 12, 13, 14, 15, 16, 17, 18, 19, 20, 21, 22, 23, 24, 25, 26, 27, 28, 29]
[2026-05-15 21:39:14] Valid hours for sum: [12, 18, 24, 29]
[2026-05-15 21:39:16] Drought composite end date: 2020-07-18 06:00:00
[2026-05-15 21:39:17] Land cover year: 2019
[2026-05-15 21:39:18] VIIRS Veg composite: 2020-07-03 → 2020-07-19
[2026-05-15 21:39:21] Started export task: fire_128_dynamic_2020-07-21
[2026-05-15 21:39:22] ------ Processing date=2020-07-22 ------
[2026-05-15 21:39:22] Using viirs_af_path: viirs_af_path
[2026-05-15 21:39:22] VIIRS Image Date: ['2020-07-22 00:00:00']
[2026-05-15 21:39:23] Weather image size: 1
[2026-05-15 21:39:23] Forecast duration: 2020-07-23 00:00:00 to 2020-07-24 00:00:00
[2026-05-15 21:39:25] Number of forecast images: 24
[2026-05-15 21:39:25] Using forecast run: 2020-07-22 18:00:00 UTC
[2026-05-15 21:39:25] Forecast Rain Available hours: [6, 7, 8, 9, 10, 11, 12, 13, 14, 15, 16, 17, 18, 19, 20, 21, 22, 23, 24, 25, 26, 27, 28, 29]
[2026-05-15 21:39:25] Valid hours for sum: [12, 18, 24, 29]
[2026-05-15 21:39:28] Drought composite end date: 2020-07-18 06:00:00
[2026-05-15 21:39:29] Land cover year: 2019
[2026-05-15 21:39:30] VIIRS Veg composite: 2020-07-03 → 2020-07-19
[2026-05-15 21:39:35] Started export task: fire_128_dynamic_2020-07-22
[2026-05-15 21:39:35] ------ Processing date=2020-07-23 ------
[2026-05-15 21:39:35] Using viirs_af_path: viirs_af_path
[2026-05-15 21:39:35] VIIRS Image Date: ['2020-07-23 00:00:00']
[2026-05-15 21:39:36] Weather image size: 1
[2026-05-15 21:39:36] Forecast duration: 2020-07-24 00:00:00 to 2020-07-25 00:00:00
[2026-05-15 21:39:37] Number of forecast images: 24
[2026-05-15 21:39:37] Using forecast run: 2020-07-23 18:00:00 UTC
[2026-05-15 21:39:37] Forecast Rain Available hours: [6, 7, 8, 9, 10, 11, 12, 13, 14, 15, 16, 17, 18, 19, 20, 21, 22, 23, 24, 25, 26, 27, 28, 29]
[2026-05-15 21:39:37] Valid hours for sum: [12, 18, 24, 29]
[2026-05-15 21:39:39] Drought composite end date: 2020-07-18 06:00:00
[2026-05-15 21:39:40] Land cover year: 2019
[2026-05-15 21:39:41] VIIRS Veg composite: 2020-07-03 → 2020-07-19
[2026-05-15 21:39:46] Started export task: fire_128_dynamic_2020-07-23
[2026-05-15 21:39:46] ------ Processing date=2020-07-24 ------
[2026-05-15 21:39:46] Using viirs_af_path: viirs_af_path
[2026-05-15 21:39:46] VIIRS Image Date: ['2020-07-24 00:00:00']
[2026-05-15 21:39:47] Weather image size: 1
[2026-05-15 21:39:47] Forecast duration: 2020-07-25 00:00:00 to 2020-07-26 00:00:00
[2026-05-15 21:39:48] Number of forecast images: 24
[2026-05-15 21:39:48] Using forecast run: 2020-07-24 18:00:00 UTC
[2026-05-15 21:39:48] Forecast Rain Available hours: [6, 7, 8, 9, 10, 11, 12, 13, 14, 15, 16, 17, 18, 19, 20, 21, 22, 23, 24, 25, 26, 27, 28, 29]
[2026-05-15 21:39:48] Valid hours for sum: [12, 18, 24, 29]
[2026-05-15 21:39:50] Drought composite end date: 2020-07-23 06:00:00
[2026-05-15 21:39:50] Land cover year: 2019
[2026-05-15 21:39:53] VIIRS Veg composite: 2020-07-03 → 2020-07-19
[2026-05-15 21:39:57] Started export task: fire_128_dynamic_2020-07-24
[2026-05-15 21:39:57] ------ Processing date=2020-07-25 ------
[2026-05-15 21:39:57] Using viirs_af_path: viirs_af_path
[2026-05-15 21:39:58] VIIRS Image Date: ['2020-07-25 00:00:00']
[2026-05-15 21:39:58] Weather image size: 1
[2026-05-15 21:39:58] Forecast duration: 2020-07-26 00:00:00 to 2020-07-27 00:00:00
[2026-05-15 21:39:59] Number of forecast images: 24
[2026-05-15 21:39:59] Using forecast run: 2020-07-25 18:00:00 UTC
[2026-05-15 21:40:00] Forecast Rain Available hours: [6, 7, 8, 9, 10, 11, 12, 13, 14, 15, 16, 17, 18, 19, 20, 21, 22, 23, 24, 25, 26, 27, 28, 29]
[2026-05-15 21:40:00] Valid hours for sum: [12, 18, 24, 29]
[2026-05-15 21:40:02] Drought composite end date: 2020-07-23 06:00:00
[2026-05-15 21:40:03] Land cover year: 2019
[2026-05-15 21:40:05] VIIRS Veg composite: 2020-07-03 → 2020-07-19
[2026-05-15 21:40:10] Started export task: fire_128_dynamic_2020-07-25
[2026-05-15 21:40:10] ------ Processing date=2020-07-26 ------
[2026-05-15 21:40:10] Using viirs_af_path: viirs_af_path
[2026-05-15 21:40:11] VIIRS Image Date: ['2020-07-26 00:00:00']
[2026-05-15 21:40:11] Weather image size: 1
[2026-05-15 21:40:11] Forecast duration: 2020-07-27 00:00:00 to 2020-07-28 00:00:00
[2026-05-15 21:40:12] Number of forecast images: 24
[2026-05-15 21:40:12] Using forecast run: 2020-07-26 18:00:00 UTC
[2026-05-15 21:40:12] Forecast Rain Available hours: [6, 7, 8, 9, 10, 11, 12, 13, 14, 15, 16, 17, 18, 19, 20, 21, 22, 23, 24, 25, 26, 27, 28, 29]
[2026-05-15 21:40:12] Valid hours for sum: [12, 18, 24, 29]
[2026-05-15 21:40:16] Drought composite end date: 2020-07-23 06:00:00
[2026-05-15 21:40:16] Land cover year: 2019
[2026-05-15 21:40:18] VIIRS Veg composite: 2020-07-03 → 2020-07-19
[2026-05-15 21:40:22] Started export task: fire_128_dynamic_2020-07-26
[2026-05-15 21:40:22] ------ Processing date=2020-07-27 ------
[2026-05-15 21:40:22] Using viirs_af_path: viirs_af_path
[2026-05-15 21:40:23] VIIRS Image Date: ['2020-07-27 00:00:00']
[2026-05-15 21:40:23] Weather image size: 1
[2026-05-15 21:40:23] Forecast duration: 2020-07-28 00:00:00 to 2020-07-29 00:00:00
[2026-05-15 21:40:25] Number of forecast images: 24
[2026-05-15 21:40:25] Using forecast run: 2020-07-27 18:00:00 UTC
[2026-05-15 21:40:25] Forecast Rain Available hours: [6, 7, 8, 9, 10, 11, 12, 13, 14, 15, 16, 17, 18, 19, 20, 21, 22, 23, 24, 25, 26, 27, 28, 29]
[2026-05-15 21:40:25] Valid hours for sum: [12, 18, 24, 29]
[2026-05-15 21:40:27] Drought composite end date: 2020-07-23 06:00:00
[2026-05-15 21:40:27] Land cover year: 2019
[2026-05-15 21:40:29] VIIRS Veg composite: 2020-07-03 → 2020-07-19
[2026-05-15 21:40:32] Started export task: fire_128_dynamic_2020-07-27
[2026-05-15 21:40:33] ------ Processing date=2020-07-28 ------
[2026-05-15 21:40:33] Using viirs_af_path: viirs_af_path
[2026-05-15 21:40:34] VIIRS Image Date: ['2020-07-28 00:00:00']
[2026-05-15 21:40:35] Weather image size: 1
[2026-05-15 21:40:35] Forecast duration: 2020-07-29 00:00:00 to 2020-07-30 00:00:00
[2026-05-15 21:40:36] Number of forecast images: 24
[2026-05-15 21:40:36] Using forecast run: 2020-07-28 18:00:00 UTC
[2026-05-15 21:40:36] Forecast Rain Available hours: [6, 7, 8, 9, 10, 11, 12, 13, 14, 15, 16, 17, 18, 19, 20, 21, 22, 23, 24, 25, 26, 27, 28, 29]
[2026-05-15 21:40:36] Valid hours for sum: [12, 18, 24, 29]
[2026-05-15 21:40:38] Drought composite end date: 2020-07-23 06:00:00
[2026-05-15 21:40:39] Land cover year: 2019
[2026-05-15 21:40:40] VIIRS Veg composite: 2020-07-03 → 2020-07-19
[2026-05-15 21:40:43] Started export task: fire_128_dynamic_2020-07-28
[2026-05-15 21:40:43] ------ Processing date=2020-07-29 ------
[2026-05-15 21:40:43] Using viirs_af_path: viirs_af_path
[2026-05-15 21:40:44] VIIRS Image Date: ['2020-07-29 00:00:00']
[2026-05-15 21:40:44] Weather image size: 1
[2026-05-15 21:40:44] Forecast duration: 2020-07-30 00:00:00 to 2020-07-31 00:00:00
[2026-05-15 21:40:45] Number of forecast images: 24
[2026-05-15 21:40:45] Using forecast run: 2020-07-29 18:00:00 UTC
[2026-05-15 21:40:45] Forecast Rain Available hours: [6, 7, 8, 9, 10, 11, 12, 13, 14, 15, 16, 17, 18, 19, 20, 21, 22, 23, 24, 25, 26, 27, 28, 29]
[2026-05-15 21:40:45] Valid hours for sum: [12, 18, 24, 29]
[2026-05-15 21:40:47] Drought composite end date: 2020-07-28 06:00:00
[2026-05-15 21:40:48] Land cover year: 2019
[2026-05-15 21:40:49] VIIRS Veg composite: 2020-07-03 → 2020-07-19
[2026-05-15 21:40:52] Started export task: fire_128_dynamic_2020-07-29
[2026-05-15 21:40:52] ------ Processing date=2020-07-30 ------
[2026-05-15 21:40:52] Using viirs_af_path: viirs_af_path
[2026-05-15 21:40:52] VIIRS Image Date: ['2020-07-30 00:00:00']
[2026-05-15 21:40:53] Weather image size: 1
[2026-05-15 21:40:53] Forecast duration: 2020-07-31 00:00:00 to 2020-08-01 00:00:00
[2026-05-15 21:40:53] Number of forecast images: 24
[2026-05-15 21:40:53] Using forecast run: 2020-07-30 18:00:00 UTC
[2026-05-15 21:40:54] Forecast Rain Available hours: [6, 7, 8, 9, 10, 11, 12, 13, 14, 15, 16, 17, 18, 19, 20, 21, 22, 23, 24, 25, 26, 27, 28, 29]
[2026-05-15 21:40:54] Valid hours for sum: [12, 18, 24, 29]
[2026-05-15 21:40:55] Drought composite end date: 2020-07-28 06:00:00
[2026-05-15 21:40:55] Land cover year: 2019
[2026-05-15 21:40:57] VIIRS Veg composite: 2020-07-03 → 2020-07-19
[2026-05-15 21:41:03] Started export task: fire_128_dynamic_2020-07-30
[2026-05-15 21:41:04] ------ Processing date=2020-07-31 ------
[2026-05-15 21:41:04] Using viirs_af_path: viirs_af_path
[2026-05-15 21:41:04] VIIRS Image Date: ['2020-07-31 00:00:00']
[2026-05-15 21:41:04] Weather image size: 1
[2026-05-15 21:41:04] Forecast duration: 2020-08-01 00:00:00 to 2020-08-02 00:00:00
[2026-05-15 21:41:06] Number of forecast images: 24
[2026-05-15 21:41:06] Using forecast run: 2020-07-31 18:00:00 UTC
[2026-05-15 21:41:06] Forecast Rain Available hours: [6, 7, 8, 9, 10, 11, 12, 13, 14, 15, 16, 17, 18, 19, 20, 21, 22, 23, 24, 25, 26, 27, 28, 29]
[2026-05-15 21:41:06] Valid hours for sum: [12, 18, 24, 29]
[2026-05-15 21:41:09] Drought composite end date: 2020-07-28 06:00:00
[2026-05-15 21:41:09] Land cover year: 2019
[2026-05-15 21:41:10] VIIRS Veg composite: 2020-07-03 → 2020-07-19
[2026-05-15 21:41:14] Started export task: fire_128_dynamic_2020-07-31
[2026-05-15 21:41:14] ------ Processing date=2020-08-01 ------
[2026-05-15 21:41:14] Using viirs_af_path: viirs_af_path
[2026-05-15 21:41:14] VIIRS Image Date: ['2020-08-01 00:00:00']
[2026-05-15 21:41:14] Weather image size: 1
[2026-05-15 21:41:14] Forecast duration: 2020-08-02 00:00:00 to 2020-08-03 00:00:00
[2026-05-15 21:41:15] Number of forecast images: 24
[2026-05-15 21:41:15] Using forecast run: 2020-08-01 18:00:00 UTC
[2026-05-15 21:41:16] Forecast Rain Available hours: [6, 7, 8, 9, 10, 11, 12, 13, 14, 15, 16, 17, 18, 19, 20, 21, 22, 23, 24, 25, 26, 27, 28, 29]
[2026-05-15 21:41:16] Valid hours for sum: [12, 18, 24, 29]
[2026-05-15 21:41:17] Drought composite end date: 2020-07-28 06:00:00
[2026-05-15 21:41:18] Land cover year: 2019
[2026-05-15 21:41:19] VIIRS Veg composite: 2020-07-03 → 2020-07-19
[2026-05-15 21:41:22] Started export task: fire_128_dynamic_2020-08-01
[2026-05-15 21:41:23] ------ Processing date=2020-08-02 ------
[2026-05-15 21:41:23] Using viirs_af_path: viirs_af_path
[2026-05-15 21:41:24] VIIRS Image Date: ['2020-08-02 00:00:00']
[2026-05-15 21:41:24] Weather image size: 1
[2026-05-15 21:41:24] Forecast duration: 2020-08-03 00:00:00 to 2020-08-04 00:00:00
[2026-05-15 21:41:25] Number of forecast images: 24
[2026-05-15 21:41:25] Using forecast run: 2020-08-02 18:00:00 UTC
[2026-05-15 21:41:25] Forecast Rain Available hours: [6, 7, 8, 9, 10, 11, 12, 13, 14, 15, 16, 17, 18, 19, 20, 21, 22, 23, 24, 25, 26, 27, 28, 29]
[2026-05-15 21:41:25] Valid hours for sum: [12, 18, 24, 29]
[2026-05-15 21:41:27] Drought composite end date: 2020-07-28 06:00:00
[2026-05-15 21:41:27] Land cover year: 2019
[2026-05-15 21:41:30] VIIRS Veg composite: 2020-07-03 → 2020-07-19
[2026-05-15 21:41:33] Started export task: fire_128_dynamic_2020-08-02
[2026-05-15 21:41:33] ------ Processing date=2020-08-03 ------
[2026-05-15 21:41:33] Using viirs_af_path: viirs_af_path
[2026-05-15 21:41:33] VIIRS Image Date: ['2020-08-03 00:00:00']
[2026-05-15 21:41:34] Weather image size: 1
[2026-05-15 21:41:34] Forecast duration: 2020-08-04 00:00:00 to 2020-08-05 00:00:00
[2026-05-15 21:41:35] Number of forecast images: 24
[2026-05-15 21:41:35] Using forecast run: 2020-08-03 18:00:00 UTC
[2026-05-15 21:41:36] Forecast Rain Available hours: [6, 7, 8, 9, 10, 11, 12, 13, 14, 15, 16, 17, 18, 19, 20, 21, 22, 23, 24, 25, 26, 27, 28, 29]
[2026-05-15 21:41:36] Valid hours for sum: [12, 18, 24, 29]
[2026-05-15 21:41:38] Drought composite end date: 2020-08-02 06:00:00
[2026-05-15 21:41:39] Land cover year: 2019
[2026-05-15 21:41:40] VIIRS Veg composite: 2020-07-03 → 2020-07-19
[2026-05-15 21:41:44] Started export task: fire_128_dynamic_2020-08-03
[2026-05-15 21:41:44] ------ Processing date=2020-08-04 ------
[2026-05-15 21:41:44] Using viirs_af_path: viirs_af_path
[2026-05-15 21:41:45] VIIRS Image Date: ['2020-08-04 00:00:00']
[2026-05-15 21:41:45] Weather image size: 1
[2026-05-15 21:41:45] Forecast duration: 2020-08-05 00:00:00 to 2020-08-06 00:00:00
[2026-05-15 21:41:46] Number of forecast images: 24
[2026-05-15 21:41:46] Using forecast run: 2020-08-04 18:00:00 UTC
[2026-05-15 21:41:46] Forecast Rain Available hours: [6, 7, 8, 9, 10, 11, 12, 13, 14, 15, 16, 17, 18, 19, 20, 21, 22, 23, 24, 25, 26, 27, 28, 29]
[2026-05-15 21:41:46] Valid hours for sum: [12, 18, 24, 29]
[2026-05-15 21:41:48] Drought composite end date: 2020-08-02 06:00:00
[2026-05-15 21:41:49] Land cover year: 2019
[2026-05-15 21:41:50] VIIRS Veg composite: 2020-07-03 → 2020-07-19
[2026-05-15 21:41:55] Started export task: fire_128_dynamic_2020-08-04
[2026-05-15 21:41:55] ------ Processing date=2020-08-05 ------
[2026-05-15 21:41:55] Using viirs_af_path: viirs_af_path
[2026-05-15 21:41:56] VIIRS Image Date: ['2020-08-05 00:00:00']
[2026-05-15 21:41:56] Weather image size: 1
[2026-05-15 21:41:56] Forecast duration: 2020-08-06 00:00:00 to 2020-08-07 00:00:00
[2026-05-15 21:41:57] Number of forecast images: 24
[2026-05-15 21:41:57] Using forecast run: 2020-08-05 18:00:00 UTC
[2026-05-15 21:41:58] Forecast Rain Available hours: [6, 7, 8, 9, 10, 11, 12, 13, 14, 15, 16, 17, 18, 19, 20, 21, 22, 23, 24, 25, 26, 27, 28, 29]
[2026-05-15 21:41:58] Valid hours for sum: [12, 18, 24, 29]
[2026-05-15 21:42:00] Drought composite end date: 2020-08-02 06:00:00
[2026-05-15 21:42:00] Land cover year: 2019
[2026-05-15 21:42:02] VIIRS Veg composite: 2020-07-03 → 2020-07-19
[2026-05-15 21:42:05] Started export task: fire_128_dynamic_2020-08-05
[2026-05-15 21:42:06] ------ Processing date=2020-08-06 ------
[2026-05-15 21:42:06] Using viirs_af_path: viirs_af_path
[2026-05-15 21:42:06] VIIRS Image Date: ['2020-08-06 00:00:00']
[2026-05-15 21:42:06] Weather image size: 1
[2026-05-15 21:42:06] Forecast duration: 2020-08-07 00:00:00 to 2020-08-08 00:00:00
[2026-05-15 21:42:07] Number of forecast images: 24
[2026-05-15 21:42:07] Using forecast run: 2020-08-06 18:00:00 UTC
[2026-05-15 21:42:08] Forecast Rain Available hours: [6, 7, 8, 9, 10, 11, 12, 13, 14, 15, 16, 17, 18, 19, 20, 21, 22, 23, 24, 25, 26, 27, 28, 29]
[2026-05-15 21:42:08] Valid hours for sum: [12, 18, 24, 29]
[2026-05-15 21:42:10] Drought composite end date: 2020-08-02 06:00:00
[2026-05-15 21:42:10] Land cover year: 2019
[2026-05-15 21:42:11] VIIRS Veg composite: 2020-07-03 → 2020-07-19
[2026-05-15 21:42:15] Started export task: fire_128_dynamic_2020-08-06
[2026-05-15 21:42:15] ------ Processing date=2020-08-07 ------
[2026-05-15 21:42:15] Using viirs_af_path: viirs_af_path
[2026-05-15 21:42:16] VIIRS Image Date: ['2020-08-07 00:00:00']
[2026-05-15 21:42:16] Weather image size: 1
[2026-05-15 21:42:16] Forecast duration: 2020-08-08 00:00:00 to 2020-08-09 00:00:00
[2026-05-15 21:42:17] Number of forecast images: 24
[2026-05-15 21:42:17] Using forecast run: 2020-08-07 18:00:00 UTC
[2026-05-15 21:42:17] Forecast Rain Available hours: [6, 7, 8, 9, 10, 11, 12, 13, 14, 15, 16, 17, 18, 19, 20, 21, 22, 23, 24, 25, 26, 27, 28, 29]
[2026-05-15 21:42:17] Valid hours for sum: [12, 18, 24, 29]
[2026-05-15 21:42:19] Drought composite end date: 2020-08-02 06:00:00
[2026-05-15 21:42:20] Land cover year: 2019
[2026-05-15 21:42:20] VIIRS Veg composite: 2020-07-03 → 2020-07-19
[2026-05-15 21:42:25] Started export task: fire_128_dynamic_2020-08-07
[2026-05-15 21:42:25] ------ Processing date=2020-08-08 ------
[2026-05-15 21:42:25] Using viirs_af_path: viirs_af_path
[2026-05-15 21:42:26] VIIRS Image Date: ['2020-08-08 00:00:00']
[2026-05-15 21:42:26] Weather image size: 1
[2026-05-15 21:42:26] Forecast duration: 2020-08-09 00:00:00 to 2020-08-10 00:00:00
[2026-05-15 21:42:27] Number of forecast images: 24
[2026-05-15 21:42:27] Using forecast run: 2020-08-08 18:00:00 UTC
[2026-05-15 21:42:28] Forecast Rain Available hours: [6, 7, 8, 9, 10, 11, 12, 13, 14, 15, 16, 17, 18, 19, 20, 21, 22, 23, 24, 25, 26, 27, 28, 29]
[2026-05-15 21:42:28] Valid hours for sum: [12, 18, 24, 29]
[2026-05-15 21:42:31] Drought composite end date: 2020-08-07 06:00:00
[2026-05-15 21:42:31] Land cover year: 2019
[2026-05-15 21:42:33] VIIRS Veg composite: 2020-07-03 → 2020-07-19
[2026-05-15 21:42:36] Started export task: fire_128_dynamic_2020-08-08
[2026-05-15 21:42:37] ------ Processing date=2020-08-09 ------
[2026-05-15 21:42:37] Using viirs_af_path: viirs_af_path
[2026-05-15 21:42:37] VIIRS Image Date: ['2020-08-09 00:00:00']
[2026-05-15 21:42:37] Weather image size: 1
[2026-05-15 21:42:37] Forecast duration: 2020-08-10 00:00:00 to 2020-08-11 00:00:00
[2026-05-15 21:42:38] Number of forecast images: 24
[2026-05-15 21:42:38] Using forecast run: 2020-08-09 18:00:00 UTC
[2026-05-15 21:42:39] Forecast Rain Available hours: [6, 7, 8, 9, 10, 11, 12, 13, 14, 15, 16, 17, 18, 19, 20, 21, 22, 23, 24, 25, 26, 27, 28, 29]
[2026-05-15 21:42:39] Valid hours for sum: [12, 18, 24, 29]
[2026-05-15 21:42:41] Drought composite end date: 2020-08-07 06:00:00
[2026-05-15 21:42:41] Land cover year: 2019
[2026-05-15 21:42:42] VIIRS Veg composite: 2020-07-03 → 2020-07-19
[2026-05-15 21:42:45] Started export task: fire_128_dynamic_2020-08-09
[2026-05-15 21:42:46] ------ Processing date=2020-08-10 ------
[2026-05-15 21:42:46] Using viirs_af_path: viirs_af_path
[2026-05-15 21:42:46] VIIRS Image Date: ['2020-08-10 00:00:00']
[2026-05-15 21:42:46] Weather image size: 1
[2026-05-15 21:42:46] Forecast duration: 2020-08-11 00:00:00 to 2020-08-12 00:00:00
[2026-05-15 21:42:47] Number of forecast images: 24
[2026-05-15 21:42:47] Using forecast run: 2020-08-10 18:00:00 UTC
[2026-05-15 21:42:47] Forecast Rain Available hours: [6, 7, 8, 9, 10, 11, 12, 13, 14, 15, 16, 17, 18, 19, 20, 21, 22, 23, 24, 25, 26, 27, 28, 29]
[2026-05-15 21:42:47] Valid hours for sum: [12, 18, 24, 29]
[2026-05-15 21:42:49] Drought composite end date: 2020-08-07 06:00:00
[2026-05-15 21:42:50] Land cover year: 2019
[2026-05-15 21:42:51] VIIRS Veg composite: 2020-07-03 → 2020-07-19
[2026-05-15 21:42:55] Started export task: fire_128_dynamic_2020-08-10
[2026-05-15 21:42:55] ------ Processing date=2020-08-11 ------
[2026-05-15 21:42:55] Using viirs_af_path: viirs_af_path
[2026-05-15 21:42:56] VIIRS Image Date: ['2020-08-11 00:00:00']
[2026-05-15 21:42:56] Weather image size: 1
[2026-05-15 21:42:56] Forecast duration: 2020-08-12 00:00:00 to 2020-08-13 00:00:00
[2026-05-15 21:42:57] Number of forecast images: 24
[2026-05-15 21:42:57] Using forecast run: 2020-08-11 18:00:00 UTC
[2026-05-15 21:42:57] Forecast Rain Available hours: [6, 7, 8, 9, 10, 11, 12, 13, 14, 15, 16, 17, 18, 19, 20, 21, 22, 23, 24, 25, 26, 27, 28, 29]
[2026-05-15 21:42:57] Valid hours for sum: [12, 18, 24, 29]
[2026-05-15 21:42:59] Drought composite end date: 2020-08-07 06:00:00
[2026-05-15 21:42:59] Land cover year: 2019
[2026-05-15 21:43:00] VIIRS Veg composite: 2020-07-03 → 2020-07-19
[2026-05-15 21:43:06] Started export task: fire_128_dynamic_2020-08-11
[2026-05-15 21:43:06] ------ Processing date=2020-08-12 ------
[2026-05-15 21:43:06] Using viirs_af_path: viirs_af_path
[2026-05-15 21:43:06] VIIRS Image Date: ['2020-08-12 00:00:00']
[2026-05-15 21:43:07] Weather image size: 1
[2026-05-15 21:43:07] Forecast duration: 2020-08-13 00:00:00 to 2020-08-14 00:00:00
[2026-05-15 21:43:08] Number of forecast images: 24
[2026-05-15 21:43:08] Using forecast run: 2020-08-12 18:00:00 UTC
[2026-05-15 21:43:08] Forecast Rain Available hours: [6, 7, 8, 9, 10, 11, 12, 13, 14, 15, 16, 17, 18, 19, 20, 21, 22, 23, 24, 25, 26, 27, 28, 29]
[2026-05-15 21:43:08] Valid hours for sum: [12, 18, 24, 29]
[2026-05-15 21:43:11] Drought composite end date: 2020-08-07 06:00:00
[2026-05-15 21:43:11] Land cover year: 2019
[2026-05-15 21:43:12] VIIRS Veg composite: 2020-07-03 → 2020-07-19
[2026-05-15 21:43:16] Started export task: fire_128_dynamic_2020-08-12
[2026-05-15 21:43:17] ------ Processing date=2020-08-13 ------
[2026-05-15 21:43:17] Using viirs_af_path: viirs_af_path
[2026-05-15 21:43:18] VIIRS Image Date: ['2020-08-13 00:00:00']
[2026-05-15 21:43:18] Weather image size: 1
[2026-05-15 21:43:18] Forecast duration: 2020-08-14 00:00:00 to 2020-08-15 00:00:00
[2026-05-15 21:43:19] Number of forecast images: 24
[2026-05-15 21:43:19] Using forecast run: 2020-08-13 18:00:00 UTC
[2026-05-15 21:43:20] Forecast Rain Available hours: [6, 7, 8, 9, 10, 11, 12, 13, 14, 15, 16, 17, 18, 19, 20, 21, 22, 23, 24, 25, 26, 27, 28, 29]
[2026-05-15 21:43:20] Valid hours for sum: [12, 18, 24, 29]
[2026-05-15 21:43:22] Drought composite end date: 2020-08-12 06:00:00
[2026-05-15 21:43:23] Land cover year: 2019
[2026-05-15 21:43:28] VIIRS Veg composite: 2020-07-03 → 2020-07-19
[2026-05-15 21:43:32] Started export task: fire_128_dynamic_2020-08-13
[2026-05-15 21:43:33] ------ Processing date=2020-08-14 ------
[2026-05-15 21:43:33] Using viirs_af_path: viirs_af_path
[2026-05-15 21:43:34] VIIRS Image Date: ['2020-08-14 00:00:00']
[2026-05-15 21:43:34] Weather image size: 1
[2026-05-15 21:43:34] Forecast duration: 2020-08-15 00:00:00 to 2020-08-16 00:00:00
[2026-05-15 21:43:34] Number of forecast images: 24
[2026-05-15 21:43:34] Using forecast run: 2020-08-14 18:00:00 UTC
[2026-05-15 21:43:35] Forecast Rain Available hours: [6, 7, 8, 9, 10, 11, 12, 13, 14, 15, 16, 17, 18, 19, 20, 21, 22, 23, 24, 25, 26, 27, 28, 29]
[2026-05-15 21:43:35] Valid hours for sum: [12, 18, 24, 29]
[2026-05-15 21:43:37] Drought composite end date: 2020-08-12 06:00:00
[2026-05-15 21:43:37] Land cover year: 2019
[2026-05-15 21:43:38] VIIRS Veg composite: 2020-07-03 → 2020-07-19
[2026-05-15 21:43:41] Started export task: fire_128_dynamic_2020-08-14
[2026-05-15 21:43:42] ------ Processing date=2020-08-15 ------
[2026-05-15 21:43:42] Using viirs_af_path: viirs_af_path
[2026-05-15 21:43:42] VIIRS Image Date: ['2020-08-15 00:00:00']
[2026-05-15 21:43:42] Weather image size: 1
[2026-05-15 21:43:42] Forecast duration: 2020-08-16 00:00:00 to 2020-08-17 00:00:00
[2026-05-15 21:43:43] Number of forecast images: 24
[2026-05-15 21:43:43] Using forecast run: 2020-08-15 18:00:00 UTC
[2026-05-15 21:43:44] Forecast Rain Available hours: [6, 7, 8, 9, 10, 11, 12, 13, 14, 15, 16, 17, 18, 19, 20, 21, 22, 23, 24, 25, 26, 27, 28, 29]
[2026-05-15 21:43:44] Valid hours for sum: [12, 18, 24, 29]
[2026-05-15 21:43:47] Drought composite end date: 2020-08-12 06:00:00
[2026-05-15 21:43:47] Land cover year: 2019
[2026-05-15 21:43:48] VIIRS Veg composite: 2020-07-03 → 2020-07-19
[2026-05-15 21:43:51] Started export task: fire_128_dynamic_2020-08-15
[2026-05-15 21:43:52] ------ Processing date=2020-08-16 ------
[2026-05-15 21:43:52] Using viirs_af_path: viirs_af_path
[2026-05-15 21:43:52] VIIRS Image Date: ['2020-08-16 00:00:00']
[2026-05-15 21:43:52] Weather image size: 1
[2026-05-15 21:43:52] Forecast duration: 2020-08-17 00:00:00 to 2020-08-18 00:00:00
[2026-05-15 21:43:53] Number of forecast images: 24
[2026-05-15 21:43:53] Using forecast run: 2020-08-16 18:00:00 UTC
[2026-05-15 21:43:54] Forecast Rain Available hours: [6, 7, 8, 9, 10, 11, 12, 13, 14, 15, 16, 17, 18, 19, 20, 21, 22, 23, 24, 25, 26, 27, 28, 29]
[2026-05-15 21:43:54] Valid hours for sum: [12, 18, 24, 29]
[2026-05-15 21:43:56] Drought composite end date: 2020-08-12 06:00:00
[2026-05-15 21:43:57] Land cover year: 2019
[2026-05-15 21:43:58] VIIRS Veg composite: 2020-07-03 → 2020-07-19
[2026-05-15 21:44:01] Started export task: fire_128_dynamic_2020-08-16
[2026-05-15 21:44:01] ------ Processing date=2020-08-17 ------
[2026-05-15 21:44:01] Using viirs_af_path: viirs_af_path
[2026-05-15 21:44:02] VIIRS Image Date: ['2020-08-17 00:00:00']
[2026-05-15 21:44:02] Weather image size: 1
[2026-05-15 21:44:02] Forecast duration: 2020-08-18 00:00:00 to 2020-08-19 00:00:00
[2026-05-15 21:44:04] Number of forecast images: 24
[2026-05-15 21:44:04] Using forecast run: 2020-08-17 18:00:00 UTC
[2026-05-15 21:44:04] Forecast Rain Available hours: [6, 7, 8, 9, 10, 11, 12, 13, 14, 15, 16, 17, 18, 19, 20, 21, 22, 23, 24, 25, 26, 27, 28, 29]
[2026-05-15 21:44:04] Valid hours for sum: [12, 18, 24, 29]
[2026-05-15 21:44:07] Drought composite end date: 2020-08-12 06:00:00
[2026-05-15 21:44:08] Land cover year: 2019
[2026-05-15 21:44:09] VIIRS Veg composite: 2020-07-03 → 2020-07-19
[2026-05-15 21:44:13] Started export task: fire_128_dynamic_2020-08-17
[2026-05-15 21:44:13] ------ Processing date=2020-08-18 ------
[2026-05-15 21:44:13] Using viirs_af_path: viirs_af_path
[2026-05-15 21:44:13] VIIRS Image Date: ['2020-08-18 00:00:00']
[2026-05-15 21:44:13] Weather image size: 1
[2026-05-15 21:44:13] Forecast duration: 2020-08-19 00:00:00 to 2020-08-20 00:00:00
[2026-05-15 21:44:14] Number of forecast images: 24
[2026-05-15 21:44:14] Using forecast run: 2020-08-18 18:00:00 UTC
[2026-05-15 21:44:15] Forecast Rain Available hours: [6, 7, 8, 9, 10, 11, 12, 13, 14, 15, 16, 17, 18, 19, 20, 21, 22, 23, 24, 25, 26, 27, 28, 29]
[2026-05-15 21:44:15] Valid hours for sum: [12, 18, 24, 29]
[2026-05-15 21:44:16] Drought composite end date: 2020-08-17 06:00:00
[2026-05-15 21:44:17] Land cover year: 2019
[2026-05-15 21:44:17] VIIRS Veg composite: 2020-07-03 → 2020-07-19
[2026-05-15 21:44:20] Started export task: fire_128_dynamic_2020-08-18
[2026-05-15 21:44:21] ------ Processing date=2020-08-19 ------
[2026-05-15 21:44:21] Using viirs_af_path: viirs_af_path
[2026-05-15 21:44:21] VIIRS Image Date: ['2020-08-19 00:00:00']
[2026-05-15 21:44:22] Weather image size: 1
[2026-05-15 21:44:22] Forecast duration: 2020-08-20 00:00:00 to 2020-08-21 00:00:00
[2026-05-15 21:44:23] Number of forecast images: 24
[2026-05-15 21:44:23] Using forecast run: 2020-08-19 18:00:00 UTC
[2026-05-15 21:44:23] Forecast Rain Available hours: [6, 7, 8, 9, 10, 11, 12, 13, 14, 15, 16, 17, 18, 19, 20, 21, 22, 23, 24, 25, 26, 27, 28, 29]
[2026-05-15 21:44:23] Valid hours for sum: [12, 18, 24, 29]
[2026-05-15 21:44:25] Drought composite end date: 2020-08-17 06:00:00
[2026-05-15 21:44:26] Land cover year: 2019
[2026-05-15 21:44:27] VIIRS Veg composite: 2020-07-03 → 2020-07-19
[2026-05-15 21:44:30] Started export task: fire_128_dynamic_2020-08-19
[2026-05-15 21:44:31] ------ Processing date=2020-08-20 ------
[2026-05-15 21:44:31] Using viirs_af_path: viirs_af_path
[2026-05-15 21:44:31] VIIRS Image Date: ['2020-08-20 00:00:00']
[2026-05-15 21:44:31] Weather image size: 1
[2026-05-15 21:44:31] Forecast duration: 2020-08-21 00:00:00 to 2020-08-22 00:00:00
[2026-05-15 21:44:32] Number of forecast images: 24
[2026-05-15 21:44:32] Using forecast run: 2020-08-20 18:00:00 UTC
[2026-05-15 21:44:32] Forecast Rain Available hours: [6, 7, 8, 9, 10, 11, 12, 13, 14, 15, 16, 17, 18, 19, 20, 21, 22, 23, 24, 25, 26, 27, 28, 29]
[2026-05-15 21:44:32] Valid hours for sum: [12, 18, 24, 29]
[2026-05-15 21:44:35] Drought composite end date: 2020-08-17 06:00:00
[2026-05-15 21:44:35] Land cover year: 2019
[2026-05-15 21:44:36] VIIRS Veg composite: 2020-07-03 → 2020-07-19
[2026-05-15 21:44:40] Started export task: fire_128_dynamic_2020-08-20
[2026-05-15 21:44:40] ------ Processing date=2020-08-21 ------
[2026-05-15 21:44:40] Using viirs_af_path: viirs_af_path
[2026-05-15 21:44:40] VIIRS Image Date: ['2020-08-21 00:00:00']
[2026-05-15 21:44:41] Weather image size: 1
[2026-05-15 21:44:41] Forecast duration: 2020-08-22 00:00:00 to 2020-08-23 00:00:00
[2026-05-15 21:44:41] Number of forecast images: 24
[2026-05-15 21:44:41] Using forecast run: 2020-08-21 18:00:00 UTC
[2026-05-15 21:44:42] Forecast Rain Available hours: [6, 7, 8, 9, 10, 11, 12, 13, 14, 15, 16, 17, 18, 19, 20, 21, 22, 23, 24, 25, 26, 27, 28, 29]
[2026-05-15 21:44:42] Valid hours for sum: [12, 18, 24, 29]
[2026-05-15 21:44:43] Drought composite end date: 2020-08-17 06:00:00
[2026-05-15 21:44:44] Land cover year: 2019
[2026-05-15 21:44:45] VIIRS Veg composite: 2020-07-03 → 2020-07-19
[2026-05-15 21:44:48] Started export task: fire_128_dynamic_2020-08-21
[2026-05-15 21:44:48] ------ Processing date=2020-08-22 ------
[2026-05-15 21:44:48] Using viirs_af_path: viirs_af_path
[2026-05-15 21:44:49] VIIRS Image Date: ['2020-08-22 00:00:00']
[2026-05-15 21:44:49] Weather image size: 1
[2026-05-15 21:44:49] Forecast duration: 2020-08-23 00:00:00 to 2020-08-24 00:00:00
[2026-05-15 21:44:50] Number of forecast images: 24
[2026-05-15 21:44:50] Using forecast run: 2020-08-22 18:00:00 UTC
[2026-05-15 21:44:50] Forecast Rain Available hours: [6, 7, 8, 9, 10, 11, 12, 13, 14, 15, 16, 17, 18, 19, 20, 21, 22, 23, 24, 25, 26, 27, 28, 29]
[2026-05-15 21:44:50] Valid hours for sum: [12, 18, 24, 29]
[2026-05-15 21:44:52] Drought composite end date: 2020-08-17 06:00:00
[2026-05-15 21:44:53] Land cover year: 2019
[2026-05-15 21:44:53] VIIRS Veg composite: 2020-07-03 → 2020-07-19
[2026-05-15 21:44:57] Started export task: fire_128_dynamic_2020-08-22
[2026-05-15 21:44:58] ------ Processing date=2020-08-23 ------
[2026-05-15 21:44:58] Using viirs_af_path: viirs_af_path
[2026-05-15 21:44:58] VIIRS Image Date: ['2020-08-23 00:00:00']
[2026-05-15 21:44:58] Weather image size: 1
[2026-05-15 21:44:58] Forecast duration: 2020-08-24 00:00:00 to 2020-08-25 00:00:00
[2026-05-15 21:44:59] Number of forecast images: 24
[2026-05-15 21:44:59] Using forecast run: 2020-08-23 18:00:00 UTC
[2026-05-15 21:45:00] Forecast Rain Available hours: [6, 7, 8, 9, 10, 11, 12, 13, 14, 15, 16, 17, 18, 19, 20, 21, 22, 23, 24, 25, 26, 27, 28, 29]
[2026-05-15 21:45:00] Valid hours for sum: [12, 18, 24, 29]
[2026-05-15 21:45:01] Drought composite end date: 2020-08-22 06:00:00
[2026-05-15 21:45:01] Land cover year: 2019
[2026-05-15 21:45:02] VIIRS Veg composite: 2020-07-03 → 2020-07-19
[2026-05-15 21:45:05] Started export task: fire_128_dynamic_2020-08-23
[2026-05-15 21:45:06] ------ Processing date=2020-08-24 ------
[2026-05-15 21:45:06] Using viirs_af_path: viirs_af_path
[2026-05-15 21:45:06] VIIRS Image Date: ['2020-08-24 00:00:00']
[2026-05-15 21:45:06] Weather image size: 1
[2026-05-15 21:45:06] Forecast duration: 2020-08-25 00:00:00 to 2020-08-26 00:00:00
[2026-05-15 21:45:07] Number of forecast images: 24
[2026-05-15 21:45:07] Using forecast run: 2020-08-24 18:00:00 UTC
[2026-05-15 21:45:07] Forecast Rain Available hours: [6, 7, 8, 9, 10, 11, 12, 13, 14, 15, 16, 17, 18, 19, 20, 21, 22, 23, 24, 25, 26, 27, 28, 29]
[2026-05-15 21:45:07] Valid hours for sum: [12, 18, 24, 29]
[2026-05-15 21:45:09] Drought composite end date: 2020-08-22 06:00:00
[2026-05-15 21:45:09] Land cover year: 2019
[2026-05-15 21:45:11] VIIRS Veg composite: 2020-07-03 → 2020-07-19
[2026-05-15 21:45:14] Started export task: fire_128_dynamic_2020-08-24
[2026-05-15 21:45:15] ------ Processing date=2020-08-25 ------
[2026-05-15 21:45:15] Using viirs_af_path: viirs_af_path
[2026-05-15 21:45:15] VIIRS Image Date: ['2020-08-25 00:00:00']
[2026-05-15 21:45:16] Weather image size: 1
[2026-05-15 21:45:16] Forecast duration: 2020-08-26 00:00:00 to 2020-08-27 00:00:00
[2026-05-15 21:45:17] Number of forecast images: 24
[2026-05-15 21:45:17] Using forecast run: 2020-08-25 18:00:00 UTC
[2026-05-15 21:45:17] Forecast Rain Available hours: [6, 7, 8, 9, 10, 11, 12, 13, 14, 15, 16, 17, 18, 19, 20, 21, 22, 23, 24, 25, 26, 27, 28, 29]
[2026-05-15 21:45:17] Valid hours for sum: [12, 18, 24, 29]
[2026-05-15 21:45:20] Drought composite end date: 2020-08-22 06:00:00
[2026-05-15 21:45:20] Land cover year: 2019
[2026-05-15 21:45:21] VIIRS Veg composite: 2020-07-03 → 2020-07-19
[2026-05-15 21:45:24] Started export task: fire_128_dynamic_2020-08-25
[2026-05-15 21:45:25] ------ Processing date=2020-08-26 ------
[2026-05-15 21:45:25] Using viirs_af_path: viirs_af_path
[2026-05-15 21:45:25] VIIRS Image Date: ['2020-08-26 00:00:00']
[2026-05-15 21:45:25] Weather image size: 1
[2026-05-15 21:45:25] Forecast duration: 2020-08-27 00:00:00 to 2020-08-28 00:00:00
[2026-05-15 21:45:28] Number of forecast images: 24
[2026-05-15 21:45:28] Using forecast run: 2020-08-26 18:00:00 UTC
[2026-05-15 21:45:28] Forecast Rain Available hours: [6, 7, 8, 9, 10, 11, 12, 13, 14, 15, 16, 17, 18, 19, 20, 21, 22, 23, 24, 25, 26, 27, 28, 29]
[2026-05-15 21:45:28] Valid hours for sum: [12, 18, 24, 29]
[2026-05-15 21:45:30] Drought composite end date: 2020-08-22 06:00:00
[2026-05-15 21:45:30] Land cover year: 2019
[2026-05-15 21:45:31] VIIRS Veg composite: 2020-07-03 → 2020-07-19
[2026-05-15 21:45:35] Started export task: fire_128_dynamic_2020-08-26
[2026-05-15 21:45:35] ------ Processing date=2020-08-27 ------
[2026-05-15 21:45:35] Using viirs_af_path: viirs_af_path
[2026-05-15 21:45:35] VIIRS Image Date: ['2020-08-27 00:00:00']
[2026-05-15 21:45:36] Weather image size: 1
[2026-05-15 21:45:36] Forecast duration: 2020-08-28 00:00:00 to 2020-08-29 00:00:00
[2026-05-15 21:45:37] Number of forecast images: 24
[2026-05-15 21:45:37] Using forecast run: 2020-08-27 18:00:00 UTC
[2026-05-15 21:45:37] Forecast Rain Available hours: [6, 7, 8, 9, 10, 11, 12, 13, 14, 15, 16, 17, 18, 19, 20, 21, 22, 23, 24, 25, 26, 27, 28, 29]
[2026-05-15 21:45:37] Valid hours for sum: [12, 18, 24, 29]
[2026-05-15 21:45:40] Drought composite end date: 2020-08-22 06:00:00
[2026-05-15 21:45:40] Land cover year: 2019
[2026-05-15 21:45:41] VIIRS Veg composite: 2020-07-03 → 2020-07-19
[2026-05-15 21:45:45] Started export task: fire_128_dynamic_2020-08-27
[2026-05-15 21:45:46] ------ Processing date=2020-08-28 ------
[2026-05-15 21:45:46] Using viirs_af_path: viirs_af_path
[2026-05-15 21:45:46] VIIRS Image Date: ['2020-08-28 00:00:00']
[2026-05-15 21:45:46] Weather image size: 1
[2026-05-15 21:45:46] Forecast duration: 2020-08-29 00:00:00 to 2020-08-30 00:00:00
[2026-05-15 21:45:47] Number of forecast images: 24
[2026-05-15 21:45:47] Using forecast run: 2020-08-28 18:00:00 UTC
[2026-05-15 21:45:48] Forecast Rain Available hours: [6, 7, 8, 9, 10, 11, 12, 13, 14, 15, 16, 17, 18, 19, 20, 21, 22, 23, 24, 25, 26, 27, 28, 29]
[2026-05-15 21:45:48] Valid hours for sum: [12, 18, 24, 29]
[2026-05-15 21:45:51] Drought composite end date: 2020-08-27 06:00:00
[2026-05-15 21:45:52] Land cover year: 2019
[2026-05-15 21:45:53] VIIRS Veg composite: 2020-07-03 → 2020-07-19
[2026-05-15 21:45:58] Started export task: fire_128_dynamic_2020-08-28
[2026-05-15 21:45:58] ------ Processing date=2020-08-29 ------
[2026-05-15 21:45:58] Using viirs_af_path: viirs_af_path
[2026-05-15 21:45:58] VIIRS Image Date: ['2020-08-29 00:00:00']
[2026-05-15 21:45:58] Weather image size: 1
[2026-05-15 21:45:58] Forecast duration: 2020-08-30 00:00:00 to 2020-08-31 00:00:00
[2026-05-15 21:45:59] Number of forecast images: 24
[2026-05-15 21:45:59] Using forecast run: 2020-08-29 18:00:00 UTC
[2026-05-15 21:46:00] Forecast Rain Available hours: [6, 7, 8, 9, 10, 11, 12, 13, 14, 15, 16, 17, 18, 19, 20, 21, 22, 23, 24, 25, 26, 27, 28, 29]
[2026-05-15 21:46:00] Valid hours for sum: [12, 18, 24, 29]
[2026-05-15 21:46:02] Drought composite end date: 2020-08-27 06:00:00
[2026-05-15 21:46:02] Land cover year: 2019
[2026-05-15 21:46:03] VIIRS Veg composite: 2020-07-03 → 2020-07-19
[2026-05-15 21:46:07] Started export task: fire_128_dynamic_2020-08-29
[2026-05-15 21:46:07] ------ Processing date=2020-08-30 ------
[2026-05-15 21:46:07] Using viirs_af_path: viirs_af_path
[2026-05-15 21:46:08] VIIRS Image Date: ['2020-08-30 00:00:00']
[2026-05-15 21:46:08] Weather image size: 1
[2026-05-15 21:46:08] Forecast duration: 2020-08-31 00:00:00 to 2020-09-01 00:00:00
[2026-05-15 21:46:09] Number of forecast images: 24
[2026-05-15 21:46:09] Using forecast run: 2020-08-30 18:00:00 UTC
[2026-05-15 21:46:10] Forecast Rain Available hours: [6, 7, 8, 9, 10, 11, 12, 13, 14, 15, 16, 17, 18, 19, 20, 21, 22, 23, 24, 25, 26, 27, 28, 29]
[2026-05-15 21:46:10] Valid hours for sum: [12, 18, 24, 29]
[2026-05-15 21:46:11] Drought composite end date: 2020-08-27 06:00:00
[2026-05-15 21:46:12] Land cover year: 2019
[2026-05-15 21:46:13] VIIRS Veg composite: 2020-07-03 → 2020-07-19
[2026-05-15 21:46:17] Started export task: fire_128_dynamic_2020-08-30
[2026-05-15 21:46:17] ------ Processing date=2020-08-31 ------
[2026-05-15 21:46:17] Using viirs_af_path: viirs_af_path
[2026-05-15 21:46:17] VIIRS Image Date: ['2020-08-31 00:00:00']
[2026-05-15 21:46:18] Weather image size: 1
[2026-05-15 21:46:18] Forecast duration: 2020-09-01 00:00:00 to 2020-09-02 00:00:00
[2026-05-15 21:46:19] Number of forecast images: 24
[2026-05-15 21:46:19] Using forecast run: 2020-08-31 18:00:00 UTC
[2026-05-15 21:46:19] Forecast Rain Available hours: [6, 7, 8, 9, 10, 11, 12, 13, 14, 15, 16, 17, 18, 19, 20, 21, 22, 23, 24, 25, 26, 27, 28, 29]
[2026-05-15 21:46:19] Valid hours for sum: [12, 18, 24, 29]
[2026-05-15 21:46:21] Drought composite end date: 2020-08-27 06:00:00
[2026-05-15 21:46:21] Land cover year: 2019
[2026-05-15 21:46:22] VIIRS Veg composite: 2020-07-03 → 2020-07-19
[2026-05-15 21:46:26] Started export task: fire_128_dynamic_2020-08-31
[2026-05-15 21:46:26] ------ Processing date=2020-09-01 ------
[2026-05-15 21:46:26] Using viirs_af_path: viirs_af_path
[2026-05-15 21:46:26] VIIRS Image Date: ['2020-09-01 00:00:00']
[2026-05-15 21:46:27] Weather image size: 1
[2026-05-15 21:46:27] Forecast duration: 2020-09-02 00:00:00 to 2020-09-03 00:00:00
[2026-05-15 21:46:28] Number of forecast images: 24
[2026-05-15 21:46:28] Using forecast run: 2020-09-01 18:00:00 UTC
[2026-05-15 21:46:28] Forecast Rain Available hours: [6, 7, 8, 9, 10, 11, 12, 13, 14, 15, 16, 17, 18, 19, 20, 21, 22, 23, 24, 25, 26, 27, 28, 29]
[2026-05-15 21:46:28] Valid hours for sum: [12, 18, 24, 29]
[2026-05-15 21:46:29] Drought composite end date: 2020-08-27 06:00:00
[2026-05-15 21:46:30] Land cover year: 2019
[2026-05-15 21:46:31] VIIRS Veg composite: 2020-07-03 → 2020-07-19
[2026-05-15 21:46:34] Started export task: fire_128_dynamic_2020-09-01
[2026-05-15 21:46:35] ------ Processing date=2020-09-02 ------
[2026-05-15 21:46:35] Using viirs_af_path: viirs_af_path
[2026-05-15 21:46:35] VIIRS Image Date: ['2020-09-02 00:00:00']
[2026-05-15 21:46:35] Weather image size: 1
[2026-05-15 21:46:35] Forecast duration: 2020-09-03 00:00:00 to 2020-09-04 00:00:00
[2026-05-15 21:46:36] Number of forecast images: 24
[2026-05-15 21:46:36] Using forecast run: 2020-09-02 18:00:00 UTC
[2026-05-15 21:46:36] Forecast Rain Available hours: [6, 7, 8, 9, 10, 11, 12, 13, 14, 15, 16, 17, 18, 19, 20, 21, 22, 23, 24, 25, 26, 27, 28, 29]
[2026-05-15 21:46:36] Valid hours for sum: [12, 18, 24, 29]
[2026-05-15 21:46:39] Drought composite end date: 2020-09-01 06:00:00
[2026-05-15 21:46:40] Land cover year: 2019
[2026-05-15 21:46:41] VIIRS Veg composite: 2020-07-03 → 2020-07-19
[2026-05-15 21:46:45] Started export task: fire_128_dynamic_2020-09-02
[2026-05-15 21:46:45] ------ Processing date=2020-09-03 ------
[2026-05-15 21:46:45] Using viirs_af_path: viirs_af_path
[2026-05-15 21:46:45] VIIRS Image Date: ['2020-09-03 00:00:00']
[2026-05-15 21:46:46] Weather image size: 1
[2026-05-15 21:46:46] Forecast duration: 2020-09-04 00:00:00 to 2020-09-05 00:00:00
[2026-05-15 21:46:47] Number of forecast images: 24
[2026-05-15 21:46:47] Using forecast run: 2020-09-03 18:00:00 UTC
[2026-05-15 21:46:48] Forecast Rain Available hours: [6, 7, 8, 9, 10, 11, 12, 13, 14, 15, 16, 17, 18, 19, 20, 21, 22, 23, 24, 25, 26, 27, 28, 29]
[2026-05-15 21:46:48] Valid hours for sum: [12, 18, 24, 29]
[2026-05-15 21:46:49] Drought composite end date: 2020-09-01 06:00:00
[2026-05-15 21:46:49] Land cover year: 2019
[2026-05-15 21:46:50] VIIRS Veg composite: 2020-07-03 → 2020-07-19
[2026-05-15 21:46:55] Started export task: fire_128_dynamic_2020-09-03
[2026-05-15 21:46:56] ------ Processing date=2020-09-04 ------
[2026-05-15 21:46:56] Using viirs_af_path: viirs_af_path
[2026-05-15 21:46:56] VIIRS Image Date: ['2020-09-04 00:00:00']
[2026-05-15 21:46:57] Weather image size: 1
[2026-05-15 21:46:57] Forecast duration: 2020-09-05 00:00:00 to 2020-09-06 00:00:00
[2026-05-15 21:46:58] Number of forecast images: 24
[2026-05-15 21:46:58] Using forecast run: 2020-09-04 18:00:00 UTC
[2026-05-15 21:46:58] Forecast Rain Available hours: [6, 7, 8, 9, 10, 11, 12, 13, 14, 15, 16, 17, 18, 19, 20, 21, 22, 23, 24, 25, 26, 27, 28, 29]
[2026-05-15 21:46:58] Valid hours for sum: [12, 18, 24, 29]
[2026-05-15 21:47:00] Drought composite end date: 2020-09-01 06:00:00
[2026-05-15 21:47:00] Land cover year: 2019
[2026-05-15 21:47:02] VIIRS Veg composite: 2020-07-03 → 2020-07-19
[2026-05-15 21:47:06] Started export task: fire_128_dynamic_2020-09-04
[2026-05-15 21:47:07] ------ Processing date=2020-09-05 ------
[2026-05-15 21:47:07] Using viirs_af_path: viirs_af_path
[2026-05-15 21:47:07] VIIRS Image Date: ['2020-09-05 00:00:00']
[2026-05-15 21:47:07] Weather image size: 1
[2026-05-15 21:47:07] Forecast duration: 2020-09-06 00:00:00 to 2020-09-07 00:00:00
[2026-05-15 21:47:08] Number of forecast images: 24
[2026-05-15 21:47:08] Using forecast run: 2020-09-05 18:00:00 UTC
[2026-05-15 21:47:09] Forecast Rain Available hours: [6, 7, 8, 9, 10, 11, 12, 13, 14, 15, 16, 17, 18, 19, 20, 21, 22, 23, 24, 25, 26, 27, 28, 29]
[2026-05-15 21:47:09] Valid hours for sum: [12, 18, 24, 29]
[2026-05-15 21:47:11] Drought composite end date: 2020-09-01 06:00:00
[2026-05-15 21:47:11] Land cover year: 2019
[2026-05-15 21:47:12] VIIRS Veg composite: 2020-07-03 → 2020-07-19
[2026-05-15 21:47:15] Started export task: fire_128_dynamic_2020-09-05
[2026-05-15 21:47:15] ------ Processing date=2020-09-06 ------
[2026-05-15 21:47:15] Using viirs_af_path: viirs_af_path
[2026-05-15 21:47:16] VIIRS Image Date: ['2020-09-06 00:00:00']
[2026-05-15 21:47:16] Weather image size: 1
[2026-05-15 21:47:16] Forecast duration: 2020-09-07 00:00:00 to 2020-09-08 00:00:00
[2026-05-15 21:47:17] Number of forecast images: 24
[2026-05-15 21:47:17] Using forecast run: 2020-09-06 18:00:00 UTC
[2026-05-15 21:47:17] Forecast Rain Available hours: [6, 7, 8, 9, 10, 11, 12, 13, 14, 15, 16, 17, 18, 19, 20, 21, 22, 23, 24, 25, 26, 27, 28, 29]
[2026-05-15 21:47:17] Valid hours for sum: [12, 18, 24, 29]
[2026-05-15 21:47:19] Drought composite end date: 2020-09-01 06:00:00
[2026-05-15 21:47:19] Land cover year: 2019
[2026-05-15 21:47:20] VIIRS Veg composite: 2020-07-03 → 2020-07-19
[2026-05-15 21:47:24] Started export task: fire_128_dynamic_2020-09-06
[2026-05-15 21:47:24] ------ Processing date=2020-09-07 ------
[2026-05-15 21:47:24] Using viirs_af_path: viirs_af_path
[2026-05-15 21:47:25] VIIRS Image Date: ['2020-09-07 00:00:00']
[2026-05-15 21:47:25] Weather image size: 1
[2026-05-15 21:47:25] Forecast duration: 2020-09-08 00:00:00 to 2020-09-09 00:00:00
[2026-05-15 21:47:26] Number of forecast images: 24
[2026-05-15 21:47:26] Using forecast run: 2020-09-07 18:00:00 UTC
[2026-05-15 21:47:26] Forecast Rain Available hours: [6, 7, 8, 9, 10, 11, 12, 13, 14, 15, 16, 17, 18, 19, 20, 21, 22, 23, 24, 25, 26, 27, 28, 29]
[2026-05-15 21:47:26] Valid hours for sum: [12, 18, 24, 29]
[2026-05-15 21:47:27] Drought composite end date: 2020-09-06 06:00:00
[2026-05-15 21:47:28] Land cover year: 2019
[2026-05-15 21:47:29] VIIRS Veg composite: 2020-07-03 → 2020-07-19
[2026-05-15 21:47:33] Started export task: fire_128_dynamic_2020-09-07
[2026-05-15 21:47:33] ------ Processing date=2020-09-08 ------
[2026-05-15 21:47:33] Using viirs_af_path: viirs_af_path
[2026-05-15 21:47:34] VIIRS Image Date: ['2020-09-08 00:00:00']
[2026-05-15 21:47:34] Weather image size: 1
[2026-05-15 21:47:34] Forecast duration: 2020-09-09 00:00:00 to 2020-09-10 00:00:00
[2026-05-15 21:47:35] Number of forecast images: 24
[2026-05-15 21:47:35] Using forecast run: 2020-09-08 18:00:00 UTC
[2026-05-15 21:47:36] Forecast Rain Available hours: [6, 7, 8, 9, 10, 11, 12, 13, 14, 15, 16, 17, 18, 19, 20, 21, 22, 23, 24, 25, 26, 27, 28, 29]
[2026-05-15 21:47:36] Valid hours for sum: [12, 18, 24, 29]
[2026-05-15 21:47:37] Drought composite end date: 2020-09-06 06:00:00
[2026-05-15 21:47:38] Land cover year: 2019
[2026-05-15 21:47:38] VIIRS Veg composite: 2020-07-03 → 2020-07-19
[2026-05-15 21:47:44] Started export task: fire_128_dynamic_2020-09-08
[2026-05-15 21:47:44] ------ Processing date=2020-09-09 ------
[2026-05-15 21:47:44] Using viirs_af_path: viirs_af_path
[2026-05-15 21:47:44] VIIRS Image Date: ['2020-09-09 00:00:00']
[2026-05-15 21:47:44] Weather image size: 1
[2026-05-15 21:47:45] Forecast duration: 2020-09-10 00:00:00 to 2020-09-11 00:00:00
[2026-05-15 21:47:45] Number of forecast images: 24
[2026-05-15 21:47:45] Using forecast run: 2020-09-09 18:00:00 UTC
[2026-05-15 21:47:46] Forecast Rain Available hours: [6, 7, 8, 9, 10, 11, 12, 13, 14, 15, 16, 17, 18, 19, 20, 21, 22, 23, 24, 25, 26, 27, 28, 29]
[2026-05-15 21:47:46] Valid hours for sum: [12, 18, 24, 29]
[2026-05-15 21:47:48] Drought composite end date: 2020-09-06 06:00:00
[2026-05-15 21:47:48] Land cover year: 2019
[2026-05-15 21:47:49] VIIRS Veg composite: 2020-07-03 → 2020-07-19
[2026-05-15 21:47:53] Started export task: fire_128_dynamic_2020-09-09
[2026-05-15 21:47:53] ------ Processing date=2020-09-10 ------
[2026-05-15 21:47:53] Using viirs_af_path: viirs_af_path
[2026-05-15 21:47:53] VIIRS Image Date: ['2020-09-10 00:00:00']
[2026-05-15 21:47:54] Weather image size: 1
[2026-05-15 21:47:54] Forecast duration: 2020-09-11 00:00:00 to 2020-09-12 00:00:00
[2026-05-15 21:47:54] Number of forecast images: 24
[2026-05-15 21:47:54] Using forecast run: 2020-09-10 18:00:00 UTC
[2026-05-15 21:47:55] Forecast Rain Available hours: [6, 7, 8, 9, 10, 11, 12, 13, 14, 15, 16, 17, 18, 19, 20, 21, 22, 23, 24, 25, 26, 27, 28, 29]
[2026-05-15 21:47:55] Valid hours for sum: [12, 18, 24, 29]
[2026-05-15 21:47:57] Drought composite end date: 2020-09-06 06:00:00
[2026-05-15 21:47:57] Land cover year: 2019
[2026-05-15 21:47:58] VIIRS Veg composite: 2020-07-03 → 2020-07-19
[2026-05-15 21:48:01] Started export task: fire_128_dynamic_2020-09-10
[2026-05-15 21:48:01] ------ Processing date=2020-09-11 ------
[2026-05-15 21:48:01] Using viirs_af_path: viirs_af_path
[2026-05-15 21:48:02] VIIRS Image Date: ['2020-09-11 00:00:00']
[2026-05-15 21:48:02] Weather image size: 1
[2026-05-15 21:48:02] Forecast duration: 2020-09-12 00:00:00 to 2020-09-13 00:00:00
[2026-05-15 21:48:03] Number of forecast images: 24
[2026-05-15 21:48:03] Using forecast run: 2020-09-11 18:00:00 UTC
[2026-05-15 21:48:03] Forecast Rain Available hours: [6, 7, 8, 9, 10, 11, 12, 13, 14, 15, 16, 17, 18, 19, 20, 21, 22, 23, 24, 25, 26, 27, 28, 29]
[2026-05-15 21:48:03] Valid hours for sum: [12, 18, 24, 29]
[2026-05-15 21:48:06] Drought composite end date: 2020-09-06 06:00:00
[2026-05-15 21:48:06] Land cover year: 2019
[2026-05-15 21:48:07] VIIRS Veg composite: 2020-07-03 → 2020-07-19
[2026-05-15 21:48:10] Started export task: fire_128_dynamic_2020-09-11
[2026-05-15 21:48:11] ------ Processing date=2020-09-12 ------
[2026-05-15 21:48:11] Using viirs_af_path: viirs_af_path
[2026-05-15 21:48:11] VIIRS Image Date: ['2020-09-12 00:00:00']
[2026-05-15 21:48:11] Weather image size: 1
[2026-05-15 21:48:11] Forecast duration: 2020-09-13 00:00:00 to 2020-09-14 00:00:00
[2026-05-15 21:48:12] Number of forecast images: 24
[2026-05-15 21:48:12] Using forecast run: 2020-09-12 18:00:00 UTC
[2026-05-15 21:48:12] Forecast Rain Available hours: [6, 7, 8, 9, 10, 11, 12, 13, 14, 15, 16, 17, 18, 19, 20, 21, 22, 23, 24, 25, 26, 27, 28, 29]
[2026-05-15 21:48:12] Valid hours for sum: [12, 18, 24, 29]
[2026-05-15 21:48:14] Drought composite end date: 2020-09-11 06:00:00
[2026-05-15 21:48:15] Land cover year: 2019
[2026-05-15 21:48:15] VIIRS Veg composite: 2020-07-03 → 2020-07-19
[2026-05-15 21:48:20] Started export task: fire_128_dynamic_2020-09-12
[2026-05-15 21:48:21] ------ Processing date=2020-09-13 ------
[2026-05-15 21:48:21] Using viirs_af_path: viirs_af_path
[2026-05-15 21:48:21] VIIRS Image Date: ['2020-09-13 00:00:00']
[2026-05-15 21:48:21] Weather image size: 1
[2026-05-15 21:48:21] Forecast duration: 2020-09-14 00:00:00 to 2020-09-15 00:00:00
[2026-05-15 21:48:22] Number of forecast images: 24
[2026-05-15 21:48:22] Using forecast run: 2020-09-13 18:00:00 UTC
[2026-05-15 21:48:22] Forecast Rain Available hours: [6, 7, 8, 9, 10, 11, 12, 13, 14, 15, 16, 17, 18, 19, 20, 21, 22, 23, 24, 25, 26, 27, 28, 29]
[2026-05-15 21:48:22] Valid hours for sum: [12, 18, 24, 29]
[2026-05-15 21:48:24] Drought composite end date: 2020-09-11 06:00:00
[2026-05-15 21:48:24] Land cover year: 2019
[2026-05-15 21:48:25] VIIRS Veg composite: 2020-07-03 → 2020-07-19
[2026-05-15 21:48:29] Started export task: fire_128_dynamic_2020-09-13
[2026-05-15 21:48:29] ------ Processing date=2020-09-14 ------
[2026-05-15 21:48:29] Using viirs_af_path: viirs_af_path
[2026-05-15 21:48:30] VIIRS Image Date: ['2020-09-14 00:00:00']
[2026-05-15 21:48:31] Weather image size: 1
[2026-05-15 21:48:31] Forecast duration: 2020-09-15 00:00:00 to 2020-09-16 00:00:00
[2026-05-15 21:48:32] Number of forecast images: 24
[2026-05-15 21:48:32] Using forecast run: 2020-09-14 18:00:00 UTC
[2026-05-15 21:48:32] Forecast Rain Available hours: [6, 7, 8, 9, 10, 11, 12, 13, 14, 15, 16, 17, 18, 19, 20, 21, 22, 23, 24, 25, 26, 27, 28, 29]
[2026-05-15 21:48:32] Valid hours for sum: [12, 18, 24, 29]
[2026-05-15 21:48:35] Drought composite end date: 2020-09-11 06:00:00
[2026-05-15 21:48:35] Land cover year: 2019
[2026-05-15 21:48:36] VIIRS Veg composite: 2020-07-03 → 2020-07-19
[2026-05-15 21:48:41] Started export task: fire_128_dynamic_2020-09-14
[2026-05-15 21:48:41] ------ Processing date=2020-09-15 ------
[2026-05-15 21:48:41] Using viirs_af_path: viirs_af_path
[2026-05-15 21:48:42] VIIRS Image Date: ['2020-09-15 00:00:00']
[2026-05-15 21:48:42] Weather image size: 1
[2026-05-15 21:48:42] Forecast duration: 2020-09-16 00:00:00 to 2020-09-17 00:00:00
[2026-05-15 21:48:44] Number of forecast images: 24
[2026-05-15 21:48:44] Using forecast run: 2020-09-15 18:00:00 UTC
[2026-05-15 21:48:44] Forecast Rain Available hours: [6, 7, 8, 9, 10, 11, 12, 13, 14, 15, 16, 17, 18, 19, 20, 21, 22, 23, 24, 25, 26, 27, 28, 29]
[2026-05-15 21:48:44] Valid hours for sum: [12, 18, 24, 29]
[2026-05-15 21:48:46] Drought composite end date: 2020-09-11 06:00:00
[2026-05-15 21:48:46] Land cover year: 2019
[2026-05-15 21:48:47] VIIRS Veg composite: 2020-07-03 → 2020-07-19
[2026-05-15 21:48:51] Started export task: fire_128_dynamic_2020-09-15
[2026-05-15 21:48:51] ------ Processing date=2020-09-16 ------
[2026-05-15 21:48:51] Using viirs_af_path: viirs_af_path
[2026-05-15 21:48:52] VIIRS Image Date: ['2020-09-16 00:00:00']
[2026-05-15 21:48:52] Weather image size: 1
[2026-05-15 21:48:52] Forecast duration: 2020-09-17 00:00:00 to 2020-09-18 00:00:00
[2026-05-15 21:48:53] Number of forecast images: 24
[2026-05-15 21:48:53] Using forecast run: 2020-09-16 18:00:00 UTC
[2026-05-15 21:48:53] Forecast Rain Available hours: [6, 7, 8, 9, 10, 11, 12, 13, 14, 15, 16, 17, 18, 19, 20, 21, 22, 23, 24, 25, 26, 27, 28, 29]
[2026-05-15 21:48:53] Valid hours for sum: [12, 18, 24, 29]
[2026-05-15 21:48:56] Drought composite end date: 2020-09-11 06:00:00
[2026-05-15 21:48:56] Land cover year: 2019
[2026-05-15 21:48:57] VIIRS Veg composite: 2020-07-03 → 2020-07-19
[2026-05-15 21:49:02] Started export task: fire_128_dynamic_2020-09-16
[2026-05-15 21:49:02] ------ Processing date=2020-09-17 ------
[2026-05-15 21:49:02] Using viirs_af_path: viirs_af_path
[2026-05-15 21:49:02] VIIRS Image Date: ['2020-09-17 00:00:00']
[2026-05-15 21:49:03] Weather image size: 1
[2026-05-15 21:49:03] Forecast duration: 2020-09-18 00:00:00 to 2020-09-19 00:00:00
[2026-05-15 21:49:04] Number of forecast images: 24
[2026-05-15 21:49:04] Using forecast run: 2020-09-17 18:00:00 UTC
[2026-05-15 21:49:05] Forecast Rain Available hours: [6, 7, 8, 9, 10, 11, 12, 13, 14, 15, 16, 17, 18, 19, 20, 21, 22, 23, 24, 25, 26, 27, 28, 29]
[2026-05-15 21:49:05] Valid hours for sum: [12, 18, 24, 29]
[2026-05-15 21:49:07] Drought composite end date: 2020-09-16 06:00:00
[2026-05-15 21:49:07] Land cover year: 2019
[2026-05-15 21:49:08] VIIRS Veg composite: 2020-07-03 → 2020-07-19
[2026-05-15 21:49:11] Started export task: fire_128_dynamic_2020-09-17
[2026-05-15 21:49:12] ------ Processing date=2020-09-18 ------
[2026-05-15 21:49:12] Using viirs_af_path: viirs_af_path
[2026-05-15 21:49:12] VIIRS Image Date: ['2020-09-18 00:00:00']
[2026-05-15 21:49:12] Weather image size: 1
[2026-05-15 21:49:12] Forecast duration: 2020-09-19 00:00:00 to 2020-09-20 00:00:00
[2026-05-15 21:49:13] Number of forecast images: 24
[2026-05-15 21:49:13] Using forecast run: 2020-09-18 18:00:00 UTC
[2026-05-15 21:49:14] Forecast Rain Available hours: [6, 7, 8, 9, 10, 11, 12, 13, 14, 15, 16, 17, 18, 19, 20, 21, 22, 23, 24, 25, 26, 27, 28, 29]
[2026-05-15 21:49:14] Valid hours for sum: [12, 18, 24, 29]
[2026-05-15 21:49:16] Drought composite end date: 2020-09-16 06:00:00
[2026-05-15 21:49:16] Land cover year: 2019
[2026-05-15 21:49:17] VIIRS Veg composite: 2020-07-03 → 2020-07-19
[2026-05-15 21:49:25] Started export task: fire_128_dynamic_2020-09-18
[2026-05-15 21:49:26] ------ Processing date=2020-09-19 ------
[2026-05-15 21:49:26] Using viirs_af_path: viirs_af_path
[2026-05-15 21:49:26] VIIRS Image Date: ['2020-09-19 00:00:00']
[2026-05-15 21:49:27] Weather image size: 1
[2026-05-15 21:49:27] Forecast duration: 2020-09-20 00:00:00 to 2020-09-21 00:00:00
[2026-05-15 21:49:28] Number of forecast images: 24
[2026-05-15 21:49:28] Using forecast run: 2020-09-19 18:00:00 UTC
[2026-05-15 21:49:28] Forecast Rain Available hours: [6, 7, 8, 9, 10, 11, 12, 13, 14, 15, 16, 17, 18, 19, 20, 21, 22, 23, 24, 25, 26, 27, 28, 29]
[2026-05-15 21:49:28] Valid hours for sum: [12, 18, 24, 29]
[2026-05-15 21:49:31] Drought composite end date: 2020-09-16 06:00:00
[2026-05-15 21:49:31] Land cover year: 2019
[2026-05-15 21:49:32] VIIRS Veg composite: 2020-07-03 → 2020-07-19
[2026-05-15 21:49:36] Started export task: fire_128_dynamic_2020-09-19
[2026-05-15 21:49:37] ------ Processing date=2020-09-20 ------
[2026-05-15 21:49:37] Using viirs_af_path: viirs_af_path
[2026-05-15 21:49:37] VIIRS Image Date: ['2020-09-20 00:00:00']
[2026-05-15 21:49:37] Weather image size: 1
[2026-05-15 21:49:37] Forecast duration: 2020-09-21 00:00:00 to 2020-09-22 00:00:00
[2026-05-15 21:49:38] Number of forecast images: 24
[2026-05-15 21:49:38] Using forecast run: 2020-09-20 18:00:00 UTC
[2026-05-15 21:49:38] Forecast Rain Available hours: [6, 7, 8, 9, 10, 11, 12, 13, 14, 15, 16, 17, 18, 19, 20, 21, 22, 23, 24, 25, 26, 27, 28, 29]
[2026-05-15 21:49:38] Valid hours for sum: [12, 18, 24, 29]
[2026-05-15 21:49:41] Drought composite end date: 2020-09-16 06:00:00
[2026-05-15 21:49:41] Land cover year: 2019
[2026-05-15 21:49:42] VIIRS Veg composite: 2020-07-03 → 2020-07-19
[2026-05-15 21:49:47] Started export task: fire_128_dynamic_2020-09-20
[2026-05-15 21:49:47] ------ Processing date=2020-09-21 ------
[2026-05-15 21:49:47] Using viirs_af_path: viirs_af_path
[2026-05-15 21:49:47] VIIRS Image Date: ['2020-09-21 00:00:00']
[2026-05-15 21:49:48] Weather image size: 1
[2026-05-15 21:49:48] Forecast duration: 2020-09-22 00:00:00 to 2020-09-23 00:00:00
[2026-05-15 21:49:48] Number of forecast images: 24
[2026-05-15 21:49:48] Using forecast run: 2020-09-21 18:00:00 UTC
[2026-05-15 21:49:49] Forecast Rain Available hours: [6, 7, 8, 9, 10, 11, 12, 13, 14, 15, 16, 17, 18, 19, 20, 21, 22, 23, 24, 25, 26, 27, 28, 29]
[2026-05-15 21:49:49] Valid hours for sum: [12, 18, 24, 29]
[2026-05-15 21:49:52] Drought composite end date: 2020-09-16 06:00:00
[2026-05-15 21:49:52] Land cover year: 2019
[2026-05-15 21:49:53] VIIRS Veg composite: 2020-07-03 → 2020-07-19
[2026-05-15 21:49:58] Started export task: fire_128_dynamic_2020-09-21
[2026-05-15 21:49:59] ------ Processing date=2020-09-22 ------
[2026-05-15 21:49:59] Using viirs_af_path: viirs_af_path
[2026-05-15 21:49:59] VIIRS Image Date: ['2020-09-22 00:00:00']
[2026-05-15 21:50:00] Weather image size: 1
[2026-05-15 21:50:00] Forecast duration: 2020-09-23 00:00:00 to 2020-09-24 00:00:00
[2026-05-15 21:50:01] Number of forecast images: 24
[2026-05-15 21:50:01] Using forecast run: 2020-09-22 18:00:00 UTC
[2026-05-15 21:50:02] Forecast Rain Available hours: [6, 7, 8, 9, 10, 11, 12, 13, 14, 15, 16, 17, 18, 19, 20, 21, 22, 23, 24, 25, 26, 27, 28, 29]
[2026-05-15 21:50:02] Valid hours for sum: [12, 18, 24, 29]
[2026-05-15 21:50:04] Drought composite end date: 2020-09-21 06:00:00
[2026-05-15 21:50:04] Land cover year: 2019
[2026-05-15 21:50:05] VIIRS Veg composite: 2020-07-03 → 2020-07-19
[2026-05-15 21:50:09] Started export task: fire_128_dynamic_2020-09-22
[2026-05-15 21:50:10] ------ Processing date=2020-09-23 ------
[2026-05-15 21:50:10] Using viirs_af_path: viirs_af_path
[2026-05-15 21:50:10] VIIRS Image Date: ['2020-09-23 00:00:00']
[2026-05-15 21:50:10] Weather image size: 1
[2026-05-15 21:50:10] Forecast duration: 2020-09-24 00:00:00 to 2020-09-25 00:00:00
[2026-05-15 21:50:11] Number of forecast images: 24
[2026-05-15 21:50:11] Using forecast run: 2020-09-23 18:00:00 UTC
[2026-05-15 21:50:11] Forecast Rain Available hours: [6, 7, 8, 9, 10, 11, 12, 13, 14, 15, 16, 17, 18, 19, 20, 21, 22, 23, 24, 25, 26, 27, 28, 29]
[2026-05-15 21:50:11] Valid hours for sum: [12, 18, 24, 29]
[2026-05-15 21:50:14] Drought composite end date: 2020-09-21 06:00:00
[2026-05-15 21:50:14] Land cover year: 2019
[2026-05-15 21:50:15] VIIRS Veg composite: 2020-07-03 → 2020-07-19
[2026-05-15 21:50:18] Started export task: fire_128_dynamic_2020-09-23
[2026-05-15 21:50:19] ------ Processing date=2020-09-24 ------
[2026-05-15 21:50:19] Using viirs_af_path: viirs_af_path
[2026-05-15 21:50:20] VIIRS Image Date: ['2020-09-24 00:00:00']
[2026-05-15 21:50:20] Weather image size: 1
[2026-05-15 21:50:20] Forecast duration: 2020-09-25 00:00:00 to 2020-09-26 00:00:00
[2026-05-15 21:50:21] Number of forecast images: 24
[2026-05-15 21:50:21] Using forecast run: 2020-09-24 18:00:00 UTC
[2026-05-15 21:50:21] Forecast Rain Available hours: [6, 7, 8, 9, 10, 11, 12, 13, 14, 15, 16, 17, 18, 19, 20, 21, 22, 23, 24, 25, 26, 27, 28, 29]
[2026-05-15 21:50:21] Valid hours for sum: [12, 18, 24, 29]
[2026-05-15 21:50:23] Drought composite end date: 2020-09-21 06:00:00
[2026-05-15 21:50:24] Land cover year: 2019
[2026-05-15 21:50:24] VIIRS Veg composite: 2020-07-03 → 2020-07-19
[2026-05-15 21:50:29] Started export task: fire_128_dynamic_2020-09-24
[2026-05-15 21:50:29] ------ Processing date=2020-09-25 ------
[2026-05-15 21:50:29] Using viirs_af_path: viirs_af_path
[2026-05-15 21:50:30] VIIRS Image Date: ['2020-09-25 00:00:00']
[2026-05-15 21:50:30] Weather image size: 1
[2026-05-15 21:50:30] Forecast duration: 2020-09-26 00:00:00 to 2020-09-27 00:00:00
[2026-05-15 21:50:31] Number of forecast images: 24
[2026-05-15 21:50:31] Using forecast run: 2020-09-25 18:00:00 UTC
[2026-05-15 21:50:32] Forecast Rain Available hours: [6, 7, 8, 9, 10, 11, 12, 13, 14, 15, 16, 17, 18, 19, 20, 21, 22, 23, 24, 25, 26, 27, 28, 29]
[2026-05-15 21:50:32] Valid hours for sum: [12, 18, 24, 29]
[2026-05-15 21:50:34] Drought composite end date: 2020-09-21 06:00:00
[2026-05-15 21:50:34] Land cover year: 2019
[2026-05-15 21:50:35] VIIRS Veg composite: 2020-07-03 → 2020-07-19
[2026-05-15 21:50:39] Started export task: fire_128_dynamic_2020-09-25
[2026-05-15 21:50:40] ------ Processing date=2020-09-26 ------
[2026-05-15 21:50:40] Using viirs_af_path: viirs_af_path
[2026-05-15 21:50:40] VIIRS Image Date: ['2020-09-26 00:00:00']
[2026-05-15 21:50:40] Weather image size: 1
[2026-05-15 21:50:40] Forecast duration: 2020-09-27 00:00:00 to 2020-09-28 00:00:00
[2026-05-15 21:50:41] Number of forecast images: 24
[2026-05-15 21:50:41] Using forecast run: 2020-09-26 18:00:00 UTC
[2026-05-15 21:50:42] Forecast Rain Available hours: [6, 7, 8, 9, 10, 11, 12, 13, 14, 15, 16, 17, 18, 19, 20, 21, 22, 23, 24, 25, 26, 27, 28, 29]
[2026-05-15 21:50:42] Valid hours for sum: [12, 18, 24, 29]
[2026-05-15 21:50:43] Drought composite end date: 2020-09-21 06:00:00
[2026-05-15 21:50:43] Land cover year: 2019
[2026-05-15 21:50:44] VIIRS Veg composite: 2020-07-03 → 2020-07-19
[2026-05-15 21:50:49] Started export task: fire_128_dynamic_2020-09-26
[2026-05-15 21:50:50] ------ Processing date=2020-09-27 ------
[2026-05-15 21:50:50] Using viirs_af_path: viirs_af_path
[2026-05-15 21:50:50] VIIRS Image Date: ['2020-09-27 00:00:00']
[2026-05-15 21:50:50] Weather image size: 1
[2026-05-15 21:50:50] Forecast duration: 2020-09-28 00:00:00 to 2020-09-29 00:00:00
[2026-05-15 21:50:51] Number of forecast images: 24
[2026-05-15 21:50:51] Using forecast run: 2020-09-27 18:00:00 UTC
[2026-05-15 21:50:51] Forecast Rain Available hours: [6, 7, 8, 9, 10, 11, 12, 13, 14, 15, 16, 17, 18, 19, 20, 21, 22, 23, 24, 25, 26, 27, 28, 29]
[2026-05-15 21:50:51] Valid hours for sum: [12, 18, 24, 29]
[2026-05-15 21:50:53] Drought composite end date: 2020-09-26 06:00:00
[2026-05-15 21:50:54] Land cover year: 2019
[2026-05-15 21:50:54] VIIRS Veg composite: 2020-07-03 → 2020-07-19
[2026-05-15 21:50:58] Started export task: fire_128_dynamic_2020-09-27
[2026-05-15 21:50:58] ------ Processing date=2020-09-28 ------
[2026-05-15 21:50:58] Using viirs_af_path: viirs_af_path
[2026-05-15 21:50:58] VIIRS Image Date: ['2020-09-28 00:00:00']
[2026-05-15 21:50:59] Weather image size: 1
[2026-05-15 21:50:59] Forecast duration: 2020-09-29 00:00:00 to 2020-09-30 00:00:00
[2026-05-15 21:51:00] Number of forecast images: 24
[2026-05-15 21:51:00] Using forecast run: 2020-09-28 18:00:00 UTC
[2026-05-15 21:51:00] Forecast Rain Available hours: [6, 7, 8, 9, 10, 11, 12, 13, 14, 15, 16, 17, 18, 19, 20, 21, 22, 23, 24, 25, 26, 27, 28, 29]
[2026-05-15 21:51:00] Valid hours for sum: [12, 18, 24, 29]
[2026-05-15 21:51:02] Drought composite end date: 2020-09-26 06:00:00
[2026-05-15 21:51:02] Land cover year: 2019
[2026-05-15 21:51:03] VIIRS Veg composite: 2020-07-03 → 2020-07-19
[2026-05-15 21:51:06] Started export task: fire_128_dynamic_2020-09-28
[2026-05-15 21:51:07] ------ Processing date=2020-09-29 ------
[2026-05-15 21:51:07] Using viirs_af_path: viirs_af_path
[2026-05-15 21:51:07] VIIRS Image Date: ['2020-09-29 00:00:00']
[2026-05-15 21:51:07] Weather image size: 1
[2026-05-15 21:51:07] Forecast duration: 2020-09-30 00:00:00 to 2020-10-01 00:00:00
[2026-05-15 21:51:08] Number of forecast images: 24
[2026-05-15 21:51:08] Using forecast run: 2020-09-29 18:00:00 UTC
[2026-05-15 21:51:08] Forecast Rain Available hours: [6, 7, 8, 9, 10, 11, 12, 13, 14, 15, 16, 17, 18, 19, 20, 21, 22, 23, 24, 25, 26, 27, 28, 29]
[2026-05-15 21:51:08] Valid hours for sum: [12, 18, 24, 29]
[2026-05-15 21:51:11] Drought composite end date: 2020-09-26 06:00:00
[2026-05-15 21:51:11] Land cover year: 2019
[2026-05-15 21:51:12] VIIRS Veg composite: 2020-07-03 → 2020-07-19
[2026-05-15 21:51:15] Started export task: fire_128_dynamic_2020-09-29
[2026-05-15 21:51:16] ------ Processing date=2020-09-30 ------
[2026-05-15 21:51:16] Using viirs_af_path: viirs_af_path
[2026-05-15 21:51:16] VIIRS Image Date: ['2020-09-30 00:00:00']
[2026-05-15 21:51:16] Weather image size: 1
[2026-05-15 21:51:16] Forecast duration: 2020-10-01 00:00:00 to 2020-10-02 00:00:00
[2026-05-15 21:51:17] Number of forecast images: 24
[2026-05-15 21:51:17] Using forecast run: 2020-09-30 18:00:00 UTC
[2026-05-15 21:51:18] Forecast Rain Available hours: [6, 7, 8, 9, 10, 11, 12, 13, 14, 15, 16, 17, 18, 19, 20, 21, 22, 23, 24, 25, 26, 27, 28, 29]
[2026-05-15 21:51:18] Valid hours for sum: [12, 18, 24, 29]
[2026-05-15 21:51:20] Drought composite end date: 2020-09-26 06:00:00
[2026-05-15 21:51:20] Land cover year: 2019
[2026-05-15 21:51:22] VIIRS Veg composite: 2020-07-03 → 2020-07-19
[2026-05-15 21:51:26] Started export task: fire_128_dynamic_2020-09-30
[2026-05-15 21:51:27] ------ Processing date=2020-10-01 ------
[2026-05-15 21:51:27] Using viirs_af_path: viirs_af_path
[2026-05-15 21:51:27] VIIRS Image Date: ['2020-10-01 00:00:00']
[2026-05-15 21:51:27] Weather image size: 1
[2026-05-15 21:51:27] Forecast duration: 2020-10-02 00:00:00 to 2020-10-03 00:00:00
[2026-05-15 21:51:28] Number of forecast images: 24
[2026-05-15 21:51:28] Using forecast run: 2020-10-01 18:00:00 UTC
[2026-05-15 21:51:28] Forecast Rain Available hours: [6, 7, 8, 9, 10, 11, 12, 13, 14, 15, 16, 17, 18, 19, 20, 21, 22, 23, 24, 25, 26, 27, 28, 29]
[2026-05-15 21:51:28] Valid hours for sum: [12, 18, 24, 29]
[2026-05-15 21:51:30] Drought composite end date: 2020-09-26 06:00:00
[2026-05-15 21:51:31] Land cover year: 2019
[2026-05-15 21:51:31] VIIRS Veg composite: 2020-07-03 → 2020-07-19
[2026-05-15 21:51:34] Started export task: fire_128_dynamic_2020-10-01
[2026-05-15 21:51:35] ------ Processing date=2020-10-02 ------
[2026-05-15 21:51:35] Using viirs_af_path: viirs_af_path
[2026-05-15 21:51:36] VIIRS Image Date: ['2020-10-02 00:00:00']
[2026-05-15 21:51:36] Weather image size: 1
[2026-05-15 21:51:36] Forecast duration: 2020-10-03 00:00:00 to 2020-10-04 00:00:00
[2026-05-15 21:51:37] Number of forecast images: 24
[2026-05-15 21:51:37] Using forecast run: 2020-10-02 18:00:00 UTC
[2026-05-15 21:51:37] Forecast Rain Available hours: [6, 7, 8, 9, 10, 11, 12, 13, 14, 15, 16, 17, 18, 19, 20, 21, 22, 23, 24, 25, 26, 27, 28, 29]
[2026-05-15 21:51:37] Valid hours for sum: [12, 18, 24, 29]
[2026-05-15 21:51:40] Drought composite end date: 2020-10-01 06:00:00
[2026-05-15 21:51:40] Land cover year: 2019
[2026-05-15 21:51:41] VIIRS Veg composite: 2020-07-03 → 2020-07-19
[2026-05-15 21:51:46] Started export task: fire_128_dynamic_2020-10-02
[2026-05-15 21:51:46] ------ Processing date=2020-10-03 ------
[2026-05-15 21:51:46] Using viirs_af_path: viirs_af_path
[2026-05-15 21:51:46] VIIRS Image Date: ['2020-10-03 00:00:00']
[2026-05-15 21:51:47] Weather image size: 1
[2026-05-15 21:51:47] Forecast duration: 2020-10-04 00:00:00 to 2020-10-05 00:00:00
[2026-05-15 21:51:48] Number of forecast images: 24
[2026-05-15 21:51:48] Using forecast run: 2020-10-03 18:00:00 UTC
[2026-05-15 21:51:48] Forecast Rain Available hours: [6, 7, 8, 9, 10, 11, 12, 13, 14, 15, 16, 17, 18, 19, 20, 21, 22, 23, 24, 25, 26, 27, 28, 29]
[2026-05-15 21:51:48] Valid hours for sum: [12, 18, 24, 29]
[2026-05-15 21:51:50] Drought composite end date: 2020-10-01 06:00:00
[2026-05-15 21:51:51] Land cover year: 2019
[2026-05-15 21:51:52] VIIRS Veg composite: 2020-07-03 → 2020-07-19
[2026-05-15 21:51:56] Started export task: fire_128_dynamic_2020-10-03
[2026-05-15 21:51:56] ------ Processing date=2020-10-04 ------
[2026-05-15 21:51:56] Using viirs_af_path: viirs_af_path
[2026-05-15 21:51:56] VIIRS Image Date: ['2020-10-04 00:00:00']
[2026-05-15 21:51:56] Weather image size: 1
[2026-05-15 21:51:56] Forecast duration: 2020-10-05 00:00:00 to 2020-10-06 00:00:00
[2026-05-15 21:51:58] Number of forecast images: 24
[2026-05-15 21:51:58] Using forecast run: 2020-10-04 18:00:00 UTC
[2026-05-15 21:51:59] Forecast Rain Available hours: [6, 7, 8, 9, 10, 11, 12, 13, 14, 15, 16, 17, 18, 19, 20, 21, 22, 23, 24, 25, 26, 27, 28, 29]
[2026-05-15 21:51:59] Valid hours for sum: [12, 18, 24, 29]
[2026-05-15 21:52:00] Drought composite end date: 2020-10-01 06:00:00
[2026-05-15 21:52:01] Land cover year: 2019
[2026-05-15 21:52:02] VIIRS Veg composite: 2020-07-03 → 2020-07-19
[2026-05-15 21:52:06] Started export task: fire_128_dynamic_2020-10-04
[2026-05-15 21:52:07] ------ Processing date=2020-10-05 ------
[2026-05-15 21:52:07] Using viirs_af_path: viirs_af_path
[2026-05-15 21:52:07] VIIRS Image Date: ['2020-10-05 00:00:00']
[2026-05-15 21:52:07] Weather image size: 1
[2026-05-15 21:52:07] Forecast duration: 2020-10-06 00:00:00 to 2020-10-07 00:00:00
[2026-05-15 21:52:08] Number of forecast images: 24
[2026-05-15 21:52:08] Using forecast run: 2020-10-05 18:00:00 UTC
[2026-05-15 21:52:09] Forecast Rain Available hours: [6, 7, 8, 9, 10, 11, 12, 13, 14, 15, 16, 17, 18, 19, 20, 21, 22, 23, 24, 25, 26, 27, 28, 29]
[2026-05-15 21:52:09] Valid hours for sum: [12, 18, 24, 29]
[2026-05-15 21:52:10] Drought composite end date: 2020-10-01 06:00:00
[2026-05-15 21:52:11] Land cover year: 2019
[2026-05-15 21:52:12] VIIRS Veg composite: 2020-07-03 → 2020-07-19
[2026-05-15 21:52:15] Started export task: fire_128_dynamic_2020-10-05
[2026-05-15 21:52:16] ------ Processing date=2020-10-06 ------
[2026-05-15 21:52:16] Using viirs_af_path: viirs_af_path
[2026-05-15 21:52:16] VIIRS Image Date: ['2020-10-06 00:00:00']
[2026-05-15 21:52:16] Weather image size: 1
[2026-05-15 21:52:16] Forecast duration: 2020-10-07 00:00:00 to 2020-10-08 00:00:00
[2026-05-15 21:52:17] Number of forecast images: 24
[2026-05-15 21:52:17] Using forecast run: 2020-10-06 18:00:00 UTC
[2026-05-15 21:52:18] Forecast Rain Available hours: [6, 7, 8, 9, 10, 11, 12, 13, 14, 15, 16, 17, 18, 19, 20, 21, 22, 23, 24, 25, 26, 27, 28, 29]
[2026-05-15 21:52:18] Valid hours for sum: [12, 18, 24, 29]
[2026-05-15 21:52:19] Drought composite end date: 2020-10-01 06:00:00
[2026-05-15 21:52:20] Land cover year: 2019
[2026-05-15 21:52:20] VIIRS Veg composite: 2020-07-03 → 2020-07-19
[2026-05-15 21:52:25] Started export task: fire_128_dynamic_2020-10-06
[2026-05-15 21:52:25] ------ Processing date=2020-10-07 ------
[2026-05-15 21:52:25] Using viirs_af_path: viirs_af_path
[2026-05-15 21:52:25] VIIRS Image Date: ['2020-10-07 00:00:00']
[2026-05-15 21:52:25] Weather image size: 1
[2026-05-15 21:52:25] Forecast duration: 2020-10-08 00:00:00 to 2020-10-09 00:00:00
[2026-05-15 21:52:26] Number of forecast images: 24
[2026-05-15 21:52:26] Using forecast run: 2020-10-07 18:00:00 UTC
[2026-05-15 21:52:27] Forecast Rain Available hours: [6, 7, 8, 9, 10, 11, 12, 13, 14, 15, 16, 17, 18, 19, 20, 21, 22, 23, 24, 25, 26, 27, 28, 29]
[2026-05-15 21:52:27] Valid hours for sum: [12, 18, 24, 29]
[2026-05-15 21:52:29] Drought composite end date: 2020-10-06 06:00:00
[2026-05-15 21:52:29] Land cover year: 2019
[2026-05-15 21:52:32] VIIRS Veg composite: 2020-07-03 → 2020-07-19
[2026-05-15 21:52:36] Started export task: fire_128_dynamic_2020-10-07
[2026-05-15 21:52:36] ------ Processing date=2020-10-08 ------
[2026-05-15 21:52:36] Using viirs_af_path: viirs_af_path
[2026-05-15 21:52:37] VIIRS Image Date: ['2020-10-08 00:00:00']
[2026-05-15 21:52:37] Weather image size: 1
[2026-05-15 21:52:37] Forecast duration: 2020-10-09 00:00:00 to 2020-10-10 00:00:00
[2026-05-15 21:52:38] Number of forecast images: 24
[2026-05-15 21:52:38] Using forecast run: 2020-10-08 18:00:00 UTC
[2026-05-15 21:52:39] Forecast Rain Available hours: [6, 7, 8, 9, 10, 11, 12, 13, 14, 15, 16, 17, 18, 19, 20, 21, 22, 23, 24, 25, 26, 27, 28, 29]
[2026-05-15 21:52:39] Valid hours for sum: [12, 18, 24, 29]
[2026-05-15 21:52:42] Drought composite end date: 2020-10-06 06:00:00
[2026-05-15 21:52:42] Land cover year: 2019
[2026-05-15 21:52:43] VIIRS Veg composite: 2020-07-03 → 2020-07-19
[2026-05-15 21:52:47] Started export task: fire_128_dynamic_2020-10-08
[2026-05-15 21:52:47] ------ Processing date=2020-10-09 ------
[2026-05-15 21:52:47] Using viirs_af_path: viirs_af_path
[2026-05-15 21:52:48] VIIRS Image Date: ['2020-10-09 00:00:00']
[2026-05-15 21:52:48] Weather image size: 1
[2026-05-15 21:52:48] Forecast duration: 2020-10-10 00:00:00 to 2020-10-11 00:00:00
[2026-05-15 21:52:49] Number of forecast images: 24
[2026-05-15 21:52:49] Using forecast run: 2020-10-09 18:00:00 UTC
[2026-05-15 21:52:50] Forecast Rain Available hours: [6, 7, 8, 9, 10, 11, 12, 13, 14, 15, 16, 17, 18, 19, 20, 21, 22, 23, 24, 25, 26, 27, 28, 29]
[2026-05-15 21:52:50] Valid hours for sum: [12, 18, 24, 29]
[2026-05-15 21:52:51] Drought composite end date: 2020-10-06 06:00:00
[2026-05-15 21:52:52] Land cover year: 2019
[2026-05-15 21:52:53] VIIRS Veg composite: 2020-07-03 → 2020-07-19
[2026-05-15 21:52:57] Started export task: fire_128_dynamic_2020-10-09
[2026-05-15 21:52:57] ------ Processing date=2020-10-10 ------
[2026-05-15 21:52:57] Using viirs_af_path: viirs_af_path
[2026-05-15 21:52:58] VIIRS Image Date: ['2020-10-10 00:00:00']
[2026-05-15 21:52:59] Weather image size: 1
[2026-05-15 21:52:59] Forecast duration: 2020-10-11 00:00:00 to 2020-10-12 00:00:00
[2026-05-15 21:53:01] Number of forecast images: 24
[2026-05-15 21:53:01] Using forecast run: 2020-10-10 18:00:00 UTC
[2026-05-15 21:53:01] Forecast Rain Available hours: [6, 7, 8, 9, 10, 11, 12, 13, 14, 15, 16, 17, 18, 19, 20, 21, 22, 23, 24, 25, 26, 27, 28, 29]
[2026-05-15 21:53:01] Valid hours for sum: [12, 18, 24, 29]
[2026-05-15 21:53:04] Drought composite end date: 2020-10-06 06:00:00
[2026-05-15 21:53:04] Land cover year: 2019
[2026-05-15 21:53:05] VIIRS Veg composite: 2020-07-03 → 2020-07-19
[2026-05-15 21:53:08] Started export task: fire_128_dynamic_2020-10-10
[2026-05-15 21:53:08] ------ Processing date=2020-10-11 ------
[2026-05-15 21:53:08] Using viirs_af_path: viirs_af_path
[2026-05-15 21:53:08] VIIRS Image Date: ['2020-10-11 00:00:00']
[2026-05-15 21:53:08] Weather image size: 1
[2026-05-15 21:53:08] Forecast duration: 2020-10-12 00:00:00 to 2020-10-13 00:00:00
[2026-05-15 21:53:09] Number of forecast images: 24
[2026-05-15 21:53:09] Using forecast run: 2020-10-11 18:00:00 UTC
[2026-05-15 21:53:10] Forecast Rain Available hours: [6, 7, 8, 9, 10, 11, 12, 13, 14, 15, 16, 17, 18, 19, 20, 21, 22, 23, 24, 25, 26, 27, 28, 29]
[2026-05-15 21:53:10] Valid hours for sum: [12, 18, 24, 29]
[2026-05-15 21:53:12] Drought composite end date: 2020-10-06 06:00:00
[2026-05-15 21:53:12] Land cover year: 2019
[2026-05-15 21:53:13] VIIRS Veg composite: 2020-07-03 → 2020-07-19
[2026-05-15 21:53:18] Started export task: fire_128_dynamic_2020-10-11
[2026-05-15 21:53:18] ------ Processing date=2020-10-12 ------
[2026-05-15 21:53:18] Using viirs_af_path: viirs_af_path
[2026-05-15 21:53:18] VIIRS Image Date: ['2020-10-12 00:00:00']
[2026-05-15 21:53:18] Weather image size: 1
[2026-05-15 21:53:18] Forecast duration: 2020-10-13 00:00:00 to 2020-10-14 00:00:00
[2026-05-15 21:53:19] Number of forecast images: 24
[2026-05-15 21:53:19] Using forecast run: 2020-10-12 18:00:00 UTC
[2026-05-15 21:53:20] Forecast Rain Available hours: [6, 7, 8, 9, 10, 11, 12, 13, 14, 15, 16, 17, 18, 19, 20, 21, 22, 23, 24, 25, 26, 27, 28, 29]
[2026-05-15 21:53:20] Valid hours for sum: [12, 18, 24, 29]
[2026-05-15 21:53:23] Drought composite end date: 2020-10-11 06:00:00
[2026-05-15 21:53:23] Land cover year: 2019
[2026-05-15 21:53:24] VIIRS Veg composite: 2020-07-03 → 2020-07-19
[2026-05-15 21:53:27] Started export task: fire_128_dynamic_2020-10-12
[2026-05-15 21:53:27] ------ Processing date=2020-10-13 ------
[2026-05-15 21:53:27] Using viirs_af_path: viirs_af_path
[2026-05-15 21:53:28] VIIRS Image Date: ['2020-10-13 00:00:00']
[2026-05-15 21:53:28] Weather image size: 1
[2026-05-15 21:53:28] Forecast duration: 2020-10-14 00:00:00 to 2020-10-15 00:00:00
[2026-05-15 21:53:29] Number of forecast images: 24
[2026-05-15 21:53:29] Using forecast run: 2020-10-13 18:00:00 UTC
[2026-05-15 21:53:29] Forecast Rain Available hours: [6, 7, 8, 9, 10, 11, 12, 13, 14, 15, 16, 17, 18, 19, 20, 21, 22, 23, 24, 25, 26, 27, 28, 29]
[2026-05-15 21:53:29] Valid hours for sum: [12, 18, 24, 29]
[2026-05-15 21:53:31] Drought composite end date: 2020-10-11 06:00:00
[2026-05-15 21:53:31] Land cover year: 2019
[2026-05-15 21:53:32] VIIRS Veg composite: 2020-07-03 → 2020-07-19
[2026-05-15 21:53:36] Started export task: fire_128_dynamic_2020-10-13
[2026-05-15 21:53:37] ------ Processing date=2020-10-14 ------
[2026-05-15 21:53:37] Using viirs_af_path: viirs_af_path
[2026-05-15 21:53:37] VIIRS Image Date: ['2020-10-14 00:00:00']
[2026-05-15 21:53:37] Weather image size: 1
[2026-05-15 21:53:37] Forecast duration: 2020-10-15 00:00:00 to 2020-10-16 00:00:00
[2026-05-15 21:53:38] Number of forecast images: 24
[2026-05-15 21:53:38] Using forecast run: 2020-10-14 18:00:00 UTC
[2026-05-15 21:53:39] Forecast Rain Available hours: [6, 7, 8, 9, 10, 11, 12, 13, 14, 15, 16, 17, 18, 19, 20, 21, 22, 23, 24, 25, 26, 27, 28, 29]
[2026-05-15 21:53:39] Valid hours for sum: [12, 18, 24, 29]
[2026-05-15 21:53:42] Drought composite end date: 2020-10-11 06:00:00
[2026-05-15 21:53:42] Land cover year: 2019
[2026-05-15 21:53:42] VIIRS Veg composite: 2020-07-03 → 2020-07-19
[2026-05-15 21:53:46] Started export task: fire_128_dynamic_2020-10-14
[2026-05-15 21:53:46] ------ Processing date=2020-10-15 ------
[2026-05-15 21:53:46] Using viirs_af_path: viirs_af_path
[2026-05-15 21:53:47] VIIRS Image Date: ['2020-10-15 00:00:00']
[2026-05-15 21:53:47] Weather image size: 1
[2026-05-15 21:53:47] Forecast duration: 2020-10-16 00:00:00 to 2020-10-17 00:00:00
[2026-05-15 21:53:48] Number of forecast images: 24
[2026-05-15 21:53:48] Using forecast run: 2020-10-15 18:00:00 UTC
[2026-05-15 21:53:49] Forecast Rain Available hours: [6, 7, 8, 9, 10, 11, 12, 13, 14, 15, 16, 17, 18, 19, 20, 21, 22, 23, 24, 25, 26, 27, 28, 29]
[2026-05-15 21:53:49] Valid hours for sum: [12, 18, 24, 29]
[2026-05-15 21:53:51] Drought composite end date: 2020-10-11 06:00:00
[2026-05-15 21:53:52] Land cover year: 2019
[2026-05-15 21:53:53] VIIRS Veg composite: 2020-07-03 → 2020-07-19
[2026-05-15 21:53:57] Started export task: fire_128_dynamic_2020-10-15
[2026-05-15 21:53:58] ------ Processing date=2020-10-16 ------
[2026-05-15 21:53:58] Using viirs_af_path: viirs_af_path
[2026-05-15 21:53:58] VIIRS Image Date: ['2020-10-16 00:00:00']
[2026-05-15 21:53:58] Weather image size: 1
[2026-05-15 21:53:58] Forecast duration: 2020-10-17 00:00:00 to 2020-10-18 00:00:00
[2026-05-15 21:53:59] Number of forecast images: 24
[2026-05-15 21:53:59] Using forecast run: 2020-10-16 18:00:00 UTC
[2026-05-15 21:53:59] Forecast Rain Available hours: [6, 7, 8, 9, 10, 11, 12, 13, 14, 15, 16, 17, 18, 19, 20, 21, 22, 23, 24, 25, 26, 27, 28, 29]
[2026-05-15 21:53:59] Valid hours for sum: [12, 18, 24, 29]
[2026-05-15 21:54:01] Drought composite end date: 2020-10-11 06:00:00
[2026-05-15 21:54:01] Land cover year: 2019
[2026-05-15 21:54:02] VIIRS Veg composite: 2020-07-03 → 2020-07-19
[2026-05-15 21:54:06] Started export task: fire_128_dynamic_2020-10-16
[2026-05-15 21:54:07] ------ Processing date=2020-10-17 ------
[2026-05-15 21:54:07] Using viirs_af_path: viirs_af_path
[2026-05-15 21:54:07] VIIRS Image Date: ['2020-10-17 00:00:00']
[2026-05-15 21:54:07] Weather image size: 1
[2026-05-15 21:54:07] Forecast duration: 2020-10-18 00:00:00 to 2020-10-19 00:00:00
[2026-05-15 21:54:08] Number of forecast images: 24
[2026-05-15 21:54:08] Using forecast run: 2020-10-17 18:00:00 UTC
[2026-05-15 21:54:09] Forecast Rain Available hours: [6, 7, 8, 9, 10, 11, 12, 13, 14, 15, 16, 17, 18, 19, 20, 21, 22, 23, 24, 25, 26, 27, 28, 29]
[2026-05-15 21:54:09] Valid hours for sum: [12, 18, 24, 29]
[2026-05-15 21:54:11] Drought composite end date: 2020-10-16 06:00:00
[2026-05-15 21:54:12] Land cover year: 2019
[2026-05-15 21:54:12] VIIRS Veg composite: 2020-07-03 → 2020-07-19
[2026-05-15 21:54:16] Started export task: fire_128_dynamic_2020-10-17
[2026-05-15 21:54:16] ------ Processing date=2020-10-18 ------
[2026-05-15 21:54:16] Using viirs_af_path: viirs_af_path
[2026-05-15 21:54:16] VIIRS Image Date: ['2020-10-18 00:00:00']
[2026-05-15 21:54:17] Weather image size: 1
[2026-05-15 21:54:17] Forecast duration: 2020-10-19 00:00:00 to 2020-10-20 00:00:00
[2026-05-15 21:54:18] Number of forecast images: 24
[2026-05-15 21:54:18] Using forecast run: 2020-10-18 18:00:00 UTC
[2026-05-15 21:54:18] Forecast Rain Available hours: [6, 7, 8, 9, 10, 11, 12, 13, 14, 15, 16, 17, 18, 19, 20, 21, 22, 23, 24, 25, 26, 27, 28, 29]
[2026-05-15 21:54:18] Valid hours for sum: [12, 18, 24, 29]
[2026-05-15 21:54:20] Drought composite end date: 2020-10-16 06:00:00
[2026-05-15 21:54:21] Land cover year: 2019
[2026-05-15 21:54:22] VIIRS Veg composite: 2020-07-03 → 2020-07-19
[2026-05-15 21:54:26] Started export task: fire_128_dynamic_2020-10-18
[2026-05-15 21:54:26] ------ Processing date=2020-10-19 ------
[2026-05-15 21:54:26] Using viirs_af_path: viirs_af_path
[2026-05-15 21:54:26] VIIRS Image Date: ['2020-10-19 00:00:00']
[2026-05-15 21:54:26] Weather image size: 1
[2026-05-15 21:54:26] Forecast duration: 2020-10-20 00:00:00 to 2020-10-21 00:00:00
[2026-05-15 21:54:27] Number of forecast images: 24
[2026-05-15 21:54:27] Using forecast run: 2020-10-19 18:00:00 UTC
[2026-05-15 21:54:28] Forecast Rain Available hours: [6, 7, 8, 9, 10, 11, 12, 13, 14, 15, 16, 17, 18, 19, 20, 21, 22, 23, 24, 25, 26, 27, 28, 29]
[2026-05-15 21:54:28] Valid hours for sum: [12, 18, 24, 29]
[2026-05-15 21:54:31] Drought composite end date: 2020-10-16 06:00:00
[2026-05-15 21:54:31] Land cover year: 2019
[2026-05-15 21:54:32] VIIRS Veg composite: 2020-07-03 → 2020-07-19
[2026-05-15 21:54:37] Started export task: fire_128_dynamic_2020-10-19
[2026-05-15 21:54:37] ------ Processing date=2020-10-20 ------
[2026-05-15 21:54:37] Using viirs_af_path: viirs_af_path
[2026-05-15 21:54:38] VIIRS Image Date: ['2020-10-20 00:00:00']
[2026-05-15 21:54:38] Weather image size: 1
[2026-05-15 21:54:38] Forecast duration: 2020-10-21 00:00:00 to 2020-10-22 00:00:00
[2026-05-15 21:54:39] Number of forecast images: 24
[2026-05-15 21:54:39] Using forecast run: 2020-10-20 18:00:00 UTC
[2026-05-15 21:54:39] Forecast Rain Available hours: [6, 7, 8, 9, 10, 11, 12, 13, 14, 15, 16, 17, 18, 19, 20, 21, 22, 23, 24, 25, 26, 27, 28, 29]
[2026-05-15 21:54:39] Valid hours for sum: [12, 18, 24, 29]
[2026-05-15 21:54:41] Drought composite end date: 2020-10-16 06:00:00
[2026-05-15 21:54:42] Land cover year: 2019
[2026-05-15 21:54:42] VIIRS Veg composite: 2020-07-03 → 2020-07-19
[2026-05-15 21:54:46] Started export task: fire_128_dynamic_2020-10-20
[2026-05-15 21:54:47] ------ Processing date=2020-10-21 ------
[2026-05-15 21:54:47] Using viirs_af_path: viirs_af_path
[2026-05-15 21:54:47] VIIRS Image Date: ['2020-10-21 00:00:00']
[2026-05-15 21:54:47] Weather image size: 1
[2026-05-15 21:54:47] Forecast duration: 2020-10-22 00:00:00 to 2020-10-23 00:00:00
[2026-05-15 21:54:48] Number of forecast images: 24
[2026-05-15 21:54:48] Using forecast run: 2020-10-21 18:00:00 UTC
[2026-05-15 21:54:49] Forecast Rain Available hours: [6, 7, 8, 9, 10, 11, 12, 13, 14, 15, 16, 17, 18, 19, 20, 21, 22, 23, 24, 25, 26, 27, 28, 29]
[2026-05-15 21:54:49] Valid hours for sum: [12, 18, 24, 29]
[2026-05-15 21:54:50] Drought composite end date: 2020-10-16 06:00:00
[2026-05-15 21:54:50] Land cover year: 2019
[2026-05-15 21:54:52] VIIRS Veg composite: 2020-07-03 → 2020-07-19
[2026-05-15 21:54:57] Started export task: fire_128_dynamic_2020-10-21
[2026-05-15 21:54:57] ------ Processing date=2020-10-22 ------
[2026-05-15 21:54:57] Using viirs_af_path: viirs_af_path
[2026-05-15 21:54:57] VIIRS Image Date: ['2020-10-22 00:00:00']
[2026-05-15 21:54:57] Weather image size: 1
[2026-05-15 21:54:57] Forecast duration: 2020-10-23 00:00:00 to 2020-10-24 00:00:00
[2026-05-15 21:54:58] Number of forecast images: 24
[2026-05-15 21:54:58] Using forecast run: 2020-10-22 18:00:00 UTC
[2026-05-15 21:54:59] Forecast Rain Available hours: [6, 7, 8, 9, 10, 11, 12, 13, 14, 15, 16, 17, 18, 19, 20, 21, 22, 23, 24, 25, 26, 27, 28, 29]
[2026-05-15 21:54:59] Valid hours for sum: [12, 18, 24, 29]
[2026-05-15 21:55:01] Drought composite end date: 2020-10-21 06:00:00
[2026-05-15 21:55:01] Land cover year: 2019
[2026-05-15 21:55:02] VIIRS Veg composite: 2020-07-03 → 2020-07-19
[2026-05-15 21:55:06] Started export task: fire_128_dynamic_2020-10-22
[2026-05-15 21:55:06] ------ Processing date=2020-10-23 ------
[2026-05-15 21:55:06] Using viirs_af_path: viirs_af_path
[2026-05-15 21:55:07] VIIRS Image Date: ['2020-10-23 00:00:00']
[2026-05-15 21:55:07] Weather image size: 1
[2026-05-15 21:55:07] Forecast duration: 2020-10-24 00:00:00 to 2020-10-25 00:00:00
[2026-05-15 21:55:08] Number of forecast images: 24
[2026-05-15 21:55:08] Using forecast run: 2020-10-23 18:00:00 UTC
[2026-05-15 21:55:08] Forecast Rain Available hours: [6, 7, 8, 9, 10, 11, 12, 13, 14, 15, 16, 17, 18, 19, 20, 21, 22, 23, 24, 25, 26, 27, 28, 29]
[2026-05-15 21:55:08] Valid hours for sum: [12, 18, 24, 29]
[2026-05-15 21:55:10] Drought composite end date: 2020-10-21 06:00:00
[2026-05-15 21:55:11] Land cover year: 2019
[2026-05-15 21:55:12] VIIRS Veg composite: 2020-07-03 → 2020-07-19
[2026-05-15 21:55:16] Started export task: fire_128_dynamic_2020-10-23
[2026-05-15 21:55:17] ------ Processing date=2020-10-24 ------
[2026-05-15 21:55:17] Using viirs_af_path: viirs_af_path
[2026-05-15 21:55:17] VIIRS Image Date: ['2020-10-24 00:00:00']
[2026-05-15 21:55:17] Weather image size: 1
[2026-05-15 21:55:17] Forecast duration: 2020-10-25 00:00:00 to 2020-10-26 00:00:00
[2026-05-15 21:55:18] Number of forecast images: 24
[2026-05-15 21:55:18] Using forecast run: 2020-10-24 18:00:00 UTC
[2026-05-15 21:55:18] Forecast Rain Available hours: [6, 7, 8, 9, 10, 11, 12, 13, 14, 15, 16, 17, 18, 19, 20, 21, 22, 23, 24, 25, 26, 27, 28, 29]
[2026-05-15 21:55:18] Valid hours for sum: [12, 18, 24, 29]
[2026-05-15 21:55:20] Drought composite end date: 2020-10-21 06:00:00
[2026-05-15 21:55:21] Land cover year: 2019
[2026-05-15 21:55:22] VIIRS Veg composite: 2020-07-03 → 2020-07-19
[2026-05-15 21:55:25] Started export task: fire_128_dynamic_2020-10-24
[2026-05-15 21:55:26] ------ Processing date=2020-10-25 ------
[2026-05-15 21:55:26] Using viirs_af_path: viirs_af_path
[2026-05-15 21:55:26] VIIRS Image Date: ['2020-10-25 00:00:00']
[2026-05-15 21:55:26] Weather image size: 1
[2026-05-15 21:55:26] Forecast duration: 2020-10-26 00:00:00 to 2020-10-27 00:00:00
[2026-05-15 21:55:27] Number of forecast images: 24
[2026-05-15 21:55:27] Using forecast run: 2020-10-25 18:00:00 UTC
[2026-05-15 21:55:28] Forecast Rain Available hours: [6, 7, 8, 9, 10, 11, 12, 13, 14, 15, 16, 17, 18, 19, 20, 21, 22, 23, 24, 25, 26, 27, 28, 29]
[2026-05-15 21:55:28] Valid hours for sum: [12, 18, 24, 29]
[2026-05-15 21:55:31] Drought composite end date: 2020-10-21 06:00:00
[2026-05-15 21:55:31] Land cover year: 2019
[2026-05-15 21:55:32] VIIRS Veg composite: 2020-07-03 → 2020-07-19
[2026-05-15 21:55:37] Started export task: fire_128_dynamic_2020-10-25
[2026-05-15 21:55:37] ------ Processing date=2020-10-26 ------
[2026-05-15 21:55:37] Using viirs_af_path: viirs_af_path
[2026-05-15 21:55:37] VIIRS Image Date: ['2020-10-26 00:00:00']
[2026-05-15 21:55:38] Weather image size: 1
[2026-05-15 21:55:38] Forecast duration: 2020-10-27 00:00:00 to 2020-10-28 00:00:00
[2026-05-15 21:55:40] Number of forecast images: 24
[2026-05-15 21:55:40] Using forecast run: 2020-10-26 18:00:00 UTC
[2026-05-15 21:55:40] Forecast Rain Available hours: [6, 7, 8, 9, 10, 11, 12, 13, 14, 15, 16, 17, 18, 19, 20, 21, 22, 23, 24, 25, 26, 27, 28, 29]
[2026-05-15 21:55:40] Valid hours for sum: [12, 18, 24, 29]
[2026-05-15 21:55:42] Drought composite end date: 2020-10-21 06:00:00
[2026-05-15 21:55:42] Land cover year: 2019
[2026-05-15 21:55:43] VIIRS Veg composite: 2020-07-03 → 2020-07-19
[2026-05-15 21:55:47] Started export task: fire_128_dynamic_2020-10-26
[2026-05-15 21:55:48] ------ Processing date=2020-10-27 ------
[2026-05-15 21:55:48] Using viirs_af_path: viirs_af_path
[2026-05-15 21:55:48] VIIRS Image Date: ['2020-10-27 00:00:00']
[2026-05-15 21:55:49] Weather image size: 1
[2026-05-15 21:55:49] Forecast duration: 2020-10-28 00:00:00 to 2020-10-29 00:00:00
[2026-05-15 21:55:50] Number of forecast images: 24
[2026-05-15 21:55:50] Using forecast run: 2020-10-27 18:00:00 UTC
[2026-05-15 21:55:50] Forecast Rain Available hours: [6, 7, 8, 9, 10, 11, 12, 13, 14, 15, 16, 17, 18, 19, 20, 21, 22, 23, 24, 25, 26, 27, 28, 29]
[2026-05-15 21:55:50] Valid hours for sum: [12, 18, 24, 29]
[2026-05-15 21:55:53] Drought composite end date: 2020-10-26 06:00:00
[2026-05-15 21:55:54] Land cover year: 2019
[2026-05-15 21:55:56] VIIRS Veg composite: 2020-07-03 → 2020-07-19
[2026-05-15 21:56:00] Started export task: fire_128_dynamic_2020-10-27
[2026-05-15 21:56:00] ------ Processing date=2020-10-28 ------
[2026-05-15 21:56:00] Using viirs_af_path: viirs_af_path
[2026-05-15 21:56:01] VIIRS Image Date: ['2020-10-28 00:00:00']
[2026-05-15 21:56:01] Weather image size: 1
[2026-05-15 21:56:01] Forecast duration: 2020-10-29 00:00:00 to 2020-10-30 00:00:00
[2026-05-15 21:56:02] Number of forecast images: 24
[2026-05-15 21:56:02] Using forecast run: 2020-10-28 18:00:00 UTC
[2026-05-15 21:56:02] Forecast Rain Available hours: [6, 7, 8, 9, 10, 11, 12, 13, 14, 15, 16, 17, 18, 19, 20, 21, 22, 23, 24, 25, 26, 27, 28, 29]
[2026-05-15 21:56:02] Valid hours for sum: [12, 18, 24, 29]
[2026-05-15 21:56:04] Drought composite end date: 2020-10-26 06:00:00
[2026-05-15 21:56:04] Land cover year: 2019
[2026-05-15 21:56:05] VIIRS Veg composite: 2020-07-03 → 2020-07-19
[2026-05-15 21:56:08] Started export task: fire_128_dynamic_2020-10-28
[2026-05-15 21:56:09] ------ Processing date=2020-10-29 ------
[2026-05-15 21:56:09] Using viirs_af_path: viirs_af_path
[2026-05-15 21:56:09] VIIRS Image Date: ['2020-10-29 00:00:00']
[2026-05-15 21:56:09] Weather image size: 1
[2026-05-15 21:56:09] Forecast duration: 2020-10-30 00:00:00 to 2020-10-31 00:00:00
[2026-05-15 21:56:10] Number of forecast images: 24
[2026-05-15 21:56:10] Using forecast run: 2020-10-29 18:00:00 UTC
[2026-05-15 21:56:10] Forecast Rain Available hours: [6, 7, 8, 9, 10, 11, 12, 13, 14, 15, 16, 17, 18, 19, 20, 21, 22, 23, 24, 25, 26, 27, 28, 29]
[2026-05-15 21:56:10] Valid hours for sum: [12, 18, 24, 29]
[2026-05-15 21:56:12] Drought composite end date: 2020-10-26 06:00:00
[2026-05-15 21:56:12] Land cover year: 2019
[2026-05-15 21:56:12] VIIRS Veg composite: 2020-07-03 → 2020-07-19
[2026-05-15 21:56:16] Started export task: fire_128_dynamic_2020-10-29
[2026-05-15 21:56:16] ------ Processing date=2020-10-30 ------
[2026-05-15 21:56:16] Using viirs_af_path: viirs_af_path
[2026-05-15 21:56:17] VIIRS Image Date: ['2020-10-30 00:00:00']
[2026-05-15 21:56:17] Weather image size: 1
[2026-05-15 21:56:17] Forecast duration: 2020-10-31 00:00:00 to 2020-11-01 00:00:00
[2026-05-15 21:56:18] Number of forecast images: 24
[2026-05-15 21:56:18] Using forecast run: 2020-10-30 18:00:00 UTC
[2026-05-15 21:56:18] Forecast Rain Available hours: [6, 7, 8, 9, 10, 11, 12, 13, 14, 15, 16, 17, 18, 19, 20, 21, 22, 23, 24, 25, 26, 27, 28, 29]
[2026-05-15 21:56:18] Valid hours for sum: [12, 18, 24, 29]
[2026-05-15 21:56:20] Drought composite end date: 2020-10-26 06:00:00
[2026-05-15 21:56:20] Land cover year: 2019
[2026-05-15 21:56:21] VIIRS Veg composite: 2020-07-03 → 2020-07-19
[2026-05-15 21:56:24] Started export task: fire_128_dynamic_2020-10-30
[2026-05-15 21:56:24] ------ Processing date=2020-10-31 ------
[2026-05-15 21:56:24] Using viirs_af_path: viirs_af_path
[2026-05-15 21:56:25] VIIRS Image Date: ['2020-10-31 00:00:00']
[2026-05-15 21:56:25] Weather image size: 1
[2026-05-15 21:56:25] Forecast duration: 2020-11-01 00:00:00 to 2020-11-02 00:00:00
[2026-05-15 21:56:26] Number of forecast images: 24
[2026-05-15 21:56:26] Using forecast run: 2020-10-31 18:00:00 UTC
[2026-05-15 21:56:27] Forecast Rain Available hours: [6, 7, 8, 9, 10, 11, 12, 13, 14, 15, 16, 17, 18, 19, 20, 21, 22, 23, 24, 25, 26, 27, 28, 29]
[2026-05-15 21:56:27] Valid hours for sum: [12, 18, 24, 29]
[2026-05-15 21:56:28] Drought composite end date: 2020-10-26 06:00:00
[2026-05-15 21:56:29] Land cover year: 2019
[2026-05-15 21:56:30] VIIRS Veg composite: 2020-07-03 → 2020-07-19
[2026-05-15 21:56:34] Started export task: fire_128_dynamic_2020-10-31
[2026-05-15 21:56:34] ------ Processing date=2020-11-01 ------
[2026-05-15 21:56:34] Using viirs_af_path: viirs_af_path
[2026-05-15 21:56:34] VIIRS Image Date: ['2020-11-01 00:00:00']
[2026-05-15 21:56:34] Weather image size: 1
[2026-05-15 21:56:34] Forecast duration: 2020-11-02 00:00:00 to 2020-11-03 00:00:00
[2026-05-15 21:56:35] Number of forecast images: 24
[2026-05-15 21:56:35] Using forecast run: 2020-11-01 18:00:00 UTC
[2026-05-15 21:56:36] Forecast Rain Available hours: [6, 7, 8, 9, 10, 11, 12, 13, 14, 15, 16, 17, 18, 19, 20, 21, 22, 23, 24, 25, 26, 27, 28, 29]
[2026-05-15 21:56:36] Valid hours for sum: [12, 18, 24, 29]
[2026-05-15 21:56:38] Drought composite end date: 2020-10-31 06:00:00
[2026-05-15 21:56:39] Land cover year: 2019
[2026-05-15 21:56:40] VIIRS Veg composite: 2020-07-03 → 2020-07-19
[2026-05-15 21:56:43] Started export task: fire_128_dynamic_2020-11-01
[2026-05-15 21:56:44] ------ Processing date=2020-11-02 ------
[2026-05-15 21:56:44] Using viirs_af_path: viirs_af_path
[2026-05-15 21:56:44] VIIRS Image Date: ['2020-11-02 00:00:00']
[2026-05-15 21:56:44] Weather image size: 1
[2026-05-15 21:56:44] Forecast duration: 2020-11-03 00:00:00 to 2020-11-04 00:00:00
[2026-05-15 21:56:45] Number of forecast images: 24
[2026-05-15 21:56:45] Using forecast run: 2020-11-02 18:00:00 UTC
[2026-05-15 21:56:45] Forecast Rain Available hours: [6, 7, 8, 9, 10, 11, 12, 13, 14, 15, 16, 17, 18, 19, 20, 21, 22, 23, 24, 25, 26, 27, 28, 29]
[2026-05-15 21:56:45] Valid hours for sum: [12, 18, 24, 29]
[2026-05-15 21:56:48] Drought composite end date: 2020-10-31 06:00:00
[2026-05-15 21:56:48] Land cover year: 2019
[2026-05-15 21:56:50] VIIRS Veg composite: 2020-07-03 → 2020-07-19
[2026-05-15 21:56:53] Started export task: fire_128_dynamic_2020-11-02
[2026-05-15 21:56:53] ------ Processing date=2020-11-03 ------
[2026-05-15 21:56:53] Using viirs_af_path: viirs_af_path
[2026-05-15 21:56:53] VIIRS Image Date: ['2020-11-03 00:00:00']
[2026-05-15 21:56:54] Weather image size: 1
[2026-05-15 21:56:54] Forecast duration: 2020-11-04 00:00:00 to 2020-11-05 00:00:00
[2026-05-15 21:56:55] Number of forecast images: 24
[2026-05-15 21:56:55] Using forecast run: 2020-11-03 18:00:00 UTC
[2026-05-15 21:56:55] Forecast Rain Available hours: [6, 7, 8, 9, 10, 11, 12, 13, 14, 15, 16, 17, 18, 19, 20, 21, 22, 23, 24, 25, 26, 27, 28, 29]
[2026-05-15 21:56:55] Valid hours for sum: [12, 18, 24, 29]
[2026-05-15 21:56:57] Drought composite end date: 2020-10-31 06:00:00
[2026-05-15 21:56:57] Land cover year: 2019
[2026-05-15 21:56:58] VIIRS Veg composite: 2020-07-03 → 2020-07-19
[2026-05-15 21:57:01] Started export task: fire_128_dynamic_2020-11-03
[2026-05-15 21:57:02] END: ----------Event fire_128----------- (Duration: 18.19m)
[2026-05-15 21:57:02] START: ----------Event fire_130-----------
[2026-05-15 21:57:02] ------ Processing date=2020-07-21 ------
[2026-05-15 21:57:02] Using viirs_af_path: viirs_af_path
[2026-05-15 21:57:02] VIIRS Image Date: ['2020-07-21 00:00:00']
[2026-05-15 21:57:02] Weather image size: 1
[2026-05-15 21:57:02] Forecast duration: 2020-07-22 00:00:00 to 2020-07-23 00:00:00
[2026-05-15 21:57:03] Number of forecast images: 24
[2026-05-15 21:57:03] Using forecast run: 2020-07-21 18:00:00 UTC
[2026-05-15 21:57:04] Forecast Rain Available hours: [6, 7, 8, 9, 10, 11, 12, 13, 14, 15, 16, 17, 18, 19, 20, 21, 22, 23, 24, 25, 26, 27, 28, 29]
[2026-05-15 21:57:04] Valid hours for sum: [12, 18, 24, 29]
[2026-05-15 21:57:05] Drought composite end date: 2020-07-18 06:00:00
[2026-05-15 21:57:06] Land cover year: 2019
[2026-05-15 21:57:07] VIIRS Veg composite: 2020-07-11 → 2020-07-27
[2026-05-15 21:57:10] Started export task: fire_130_static
[2026-05-15 21:57:11] Started export task: fire_130_dynamic_2020-07-21
[2026-05-15 21:57:11] ------ Processing date=2020-07-22 ------
[2026-05-15 21:57:11] Using viirs_af_path: viirs_af_path
[2026-05-15 21:57:11] VIIRS Image Date: ['2020-07-22 00:00:00']
[2026-05-15 21:57:12] Weather image size: 1
[2026-05-15 21:57:12] Forecast duration: 2020-07-23 00:00:00 to 2020-07-24 00:00:00
[2026-05-15 21:57:12] Number of forecast images: 24
[2026-05-15 21:57:12] Using forecast run: 2020-07-22 18:00:00 UTC
[2026-05-15 21:57:13] Forecast Rain Available hours: [6, 7, 8, 9, 10, 11, 12, 13, 14, 15, 16, 17, 18, 19, 20, 21, 22, 23, 24, 25, 26, 27, 28, 29]
[2026-05-15 21:57:13] Valid hours for sum: [12, 18, 24, 29]
[2026-05-15 21:57:14] Drought composite end date: 2020-07-18 06:00:00
[2026-05-15 21:57:15] Land cover year: 2019
[2026-05-15 21:57:16] VIIRS Veg composite: 2020-07-11 → 2020-07-27
[2026-05-15 21:57:19] Started export task: fire_130_dynamic_2020-07-22
[2026-05-15 21:57:20] ------ Processing date=2020-07-23 ------
[2026-05-15 21:57:20] Using viirs_af_path: viirs_af_path
[2026-05-15 21:57:20] VIIRS Image Date: ['2020-07-23 00:00:00']
[2026-05-15 21:57:20] Weather image size: 1
[2026-05-15 21:57:20] Forecast duration: 2020-07-24 00:00:00 to 2020-07-25 00:00:00
[2026-05-15 21:57:21] Number of forecast images: 24
[2026-05-15 21:57:21] Using forecast run: 2020-07-23 18:00:00 UTC
[2026-05-15 21:57:22] Forecast Rain Available hours: [6, 7, 8, 9, 10, 11, 12, 13, 14, 15, 16, 17, 18, 19, 20, 21, 22, 23, 24, 25, 26, 27, 28, 29]
[2026-05-15 21:57:22] Valid hours for sum: [12, 18, 24, 29]
[2026-05-15 21:57:24] Drought composite end date: 2020-07-18 06:00:00
[2026-05-15 21:57:24] Land cover year: 2019
[2026-05-15 21:57:25] VIIRS Veg composite: 2020-07-11 → 2020-07-27
[2026-05-15 21:57:30] Started export task: fire_130_dynamic_2020-07-23
[2026-05-15 21:57:30] ------ Processing date=2020-07-24 ------
[2026-05-15 21:57:30] Using viirs_af_path: viirs_af_path
[2026-05-15 21:57:30] VIIRS Image Date: ['2020-07-24 00:00:00']
[2026-05-15 21:57:31] Weather image size: 1
[2026-05-15 21:57:31] Forecast duration: 2020-07-25 00:00:00 to 2020-07-26 00:00:00
[2026-05-15 21:57:32] Number of forecast images: 24
[2026-05-15 21:57:32] Using forecast run: 2020-07-24 18:00:00 UTC
[2026-05-15 21:57:33] Forecast Rain Available hours: [6, 7, 8, 9, 10, 11, 12, 13, 14, 15, 16, 17, 18, 19, 20, 21, 22, 23, 24, 25, 26, 27, 28, 29]
[2026-05-15 21:57:33] Valid hours for sum: [12, 18, 24, 29]
[2026-05-15 21:57:34] Drought composite end date: 2020-07-23 06:00:00
[2026-05-15 21:57:34] Land cover year: 2019
[2026-05-15 21:57:36] VIIRS Veg composite: 2020-07-11 → 2020-07-27
[2026-05-15 21:57:41] Started export task: fire_130_dynamic_2020-07-24
[2026-05-15 21:57:41] ------ Processing date=2020-07-25 ------
[2026-05-15 21:57:41] Using viirs_af_path: viirs_af_path
[2026-05-15 21:57:41] VIIRS Image Date: ['2020-07-25 00:00:00']
[2026-05-15 21:57:41] Weather image size: 1
[2026-05-15 21:57:41] Forecast duration: 2020-07-26 00:00:00 to 2020-07-27 00:00:00
[2026-05-15 21:57:42] Number of forecast images: 24
[2026-05-15 21:57:42] Using forecast run: 2020-07-25 18:00:00 UTC
[2026-05-15 21:57:43] Forecast Rain Available hours: [6, 7, 8, 9, 10, 11, 12, 13, 14, 15, 16, 17, 18, 19, 20, 21, 22, 23, 24, 25, 26, 27, 28, 29]
[2026-05-15 21:57:43] Valid hours for sum: [12, 18, 24, 29]
[2026-05-15 21:57:44] Drought composite end date: 2020-07-23 06:00:00
[2026-05-15 21:57:45] Land cover year: 2019
[2026-05-15 21:57:46] VIIRS Veg composite: 2020-07-11 → 2020-07-27
[2026-05-15 21:57:50] Started export task: fire_130_dynamic_2020-07-25
[2026-05-15 21:57:50] ------ Processing date=2020-07-26 ------
[2026-05-15 21:57:50] Using viirs_af_path: viirs_af_path
[2026-05-15 21:57:50] VIIRS Image Date: ['2020-07-26 00:00:00']
[2026-05-15 21:57:51] Weather image size: 1
[2026-05-15 21:57:51] Forecast duration: 2020-07-27 00:00:00 to 2020-07-28 00:00:00
[2026-05-15 21:57:51] Number of forecast images: 24
[2026-05-15 21:57:51] Using forecast run: 2020-07-26 18:00:00 UTC
[2026-05-15 21:57:52] Forecast Rain Available hours: [6, 7, 8, 9, 10, 11, 12, 13, 14, 15, 16, 17, 18, 19, 20, 21, 22, 23, 24, 25, 26, 27, 28, 29]
[2026-05-15 21:57:52] Valid hours for sum: [12, 18, 24, 29]
[2026-05-15 21:57:53] Drought composite end date: 2020-07-23 06:00:00
[2026-05-15 21:57:54] Land cover year: 2019
[2026-05-15 21:57:55] VIIRS Veg composite: 2020-07-11 → 2020-07-27
[2026-05-15 21:57:59] Started export task: fire_130_dynamic_2020-07-26
[2026-05-15 21:58:00] ------ Processing date=2020-07-27 ------
[2026-05-15 21:58:00] Using viirs_af_path: viirs_af_path
[2026-05-15 21:58:00] VIIRS Image Date: ['2020-07-27 00:00:00']
[2026-05-15 21:58:01] Weather image size: 1
[2026-05-15 21:58:01] Forecast duration: 2020-07-28 00:00:00 to 2020-07-29 00:00:00
[2026-05-15 21:58:02] Number of forecast images: 24
[2026-05-15 21:58:02] Using forecast run: 2020-07-27 18:00:00 UTC
[2026-05-15 21:58:02] Forecast Rain Available hours: [6, 7, 8, 9, 10, 11, 12, 13, 14, 15, 16, 17, 18, 19, 20, 21, 22, 23, 24, 25, 26, 27, 28, 29]
[2026-05-15 21:58:02] Valid hours for sum: [12, 18, 24, 29]
[2026-05-15 21:58:04] Drought composite end date: 2020-07-23 06:00:00
[2026-05-15 21:58:05] Land cover year: 2019
[2026-05-15 21:58:06] VIIRS Veg composite: 2020-07-11 → 2020-07-27
[2026-05-15 21:58:09] Started export task: fire_130_dynamic_2020-07-27
[2026-05-15 21:58:09] ------ Processing date=2020-07-28 ------
[2026-05-15 21:58:09] Using viirs_af_path: viirs_af_path
[2026-05-15 21:58:10] VIIRS Image Date: ['2020-07-28 00:00:00']
[2026-05-15 21:58:10] Weather image size: 1
[2026-05-15 21:58:10] Forecast duration: 2020-07-29 00:00:00 to 2020-07-30 00:00:00
[2026-05-15 21:58:11] Number of forecast images: 24
[2026-05-15 21:58:11] Using forecast run: 2020-07-28 18:00:00 UTC
[2026-05-15 21:58:12] Forecast Rain Available hours: [6, 7, 8, 9, 10, 11, 12, 13, 14, 15, 16, 17, 18, 19, 20, 21, 22, 23, 24, 25, 26, 27, 28, 29]
[2026-05-15 21:58:12] Valid hours for sum: [12, 18, 24, 29]
[2026-05-15 21:58:14] Drought composite end date: 2020-07-23 06:00:00
[2026-05-15 21:58:15] Land cover year: 2019
[2026-05-15 21:58:16] VIIRS Veg composite: 2020-07-11 → 2020-07-27
[2026-05-15 21:58:21] Started export task: fire_130_dynamic_2020-07-28
[2026-05-15 21:58:21] ------ Processing date=2020-07-29 ------
[2026-05-15 21:58:21] Using viirs_af_path: viirs_af_path
[2026-05-15 21:58:22] VIIRS Image Date: ['2020-07-29 00:00:00']
[2026-05-15 21:58:22] Weather image size: 1
[2026-05-15 21:58:22] Forecast duration: 2020-07-30 00:00:00 to 2020-07-31 00:00:00
[2026-05-15 21:58:24] Number of forecast images: 24
[2026-05-15 21:58:24] Using forecast run: 2020-07-29 18:00:00 UTC
[2026-05-15 21:58:25] Forecast Rain Available hours: [6, 7, 8, 9, 10, 11, 12, 13, 14, 15, 16, 17, 18, 19, 20, 21, 22, 23, 24, 25, 26, 27, 28, 29]
[2026-05-15 21:58:25] Valid hours for sum: [12, 18, 24, 29]
[2026-05-15 21:58:27] Drought composite end date: 2020-07-28 06:00:00
[2026-05-15 21:58:27] Land cover year: 2019
[2026-05-15 21:58:28] VIIRS Veg composite: 2020-07-11 → 2020-07-27
[2026-05-15 21:58:32] Started export task: fire_130_dynamic_2020-07-29
[2026-05-15 21:58:32] ------ Processing date=2020-07-30 ------
[2026-05-15 21:58:32] Using viirs_af_path: viirs_af_path
[2026-05-15 21:58:33] VIIRS Image Date: ['2020-07-30 00:00:00']
[2026-05-15 21:58:33] Weather image size: 1
[2026-05-15 21:58:33] Forecast duration: 2020-07-31 00:00:00 to 2020-08-01 00:00:00
[2026-05-15 21:58:38] Number of forecast images: 24
[2026-05-15 21:58:38] Using forecast run: 2020-07-30 18:00:00 UTC
[2026-05-15 21:58:38] Forecast Rain Available hours: [6, 7, 8, 9, 10, 11, 12, 13, 14, 15, 16, 17, 18, 19, 20, 21, 22, 23, 24, 25, 26, 27, 28, 29]
[2026-05-15 21:58:38] Valid hours for sum: [12, 18, 24, 29]
[2026-05-15 21:58:40] Drought composite end date: 2020-07-28 06:00:00
[2026-05-15 21:58:41] Land cover year: 2019
[2026-05-15 21:58:41] VIIRS Veg composite: 2020-07-11 → 2020-07-27
[2026-05-15 21:58:45] Started export task: fire_130_dynamic_2020-07-30
[2026-05-15 21:58:46] ------ Processing date=2020-07-31 ------
[2026-05-15 21:58:46] Using viirs_af_path: viirs_af_path
[2026-05-15 21:58:46] VIIRS Image Date: ['2020-07-31 00:00:00']
[2026-05-15 21:58:46] Weather image size: 1
[2026-05-15 21:58:46] Forecast duration: 2020-08-01 00:00:00 to 2020-08-02 00:00:00
[2026-05-15 21:58:47] Number of forecast images: 24
[2026-05-15 21:58:47] Using forecast run: 2020-07-31 18:00:00 UTC
[2026-05-15 21:58:47] Forecast Rain Available hours: [6, 7, 8, 9, 10, 11, 12, 13, 14, 15, 16, 17, 18, 19, 20, 21, 22, 23, 24, 25, 26, 27, 28, 29]
[2026-05-15 21:58:47] Valid hours for sum: [12, 18, 24, 29]
[2026-05-15 21:58:49] Drought composite end date: 2020-07-28 06:00:00
[2026-05-15 21:58:50] Land cover year: 2019
[2026-05-15 21:58:50] VIIRS Veg composite: 2020-07-11 → 2020-07-27
[2026-05-15 21:58:55] Started export task: fire_130_dynamic_2020-07-31
[2026-05-15 21:58:55] ------ Processing date=2020-08-01 ------
[2026-05-15 21:58:55] Using viirs_af_path: viirs_af_path
[2026-05-15 21:58:56] VIIRS Image Date: ['2020-08-01 00:00:00']
[2026-05-15 21:58:56] Weather image size: 1
[2026-05-15 21:58:56] Forecast duration: 2020-08-02 00:00:00 to 2020-08-03 00:00:00
[2026-05-15 21:58:57] Number of forecast images: 24
[2026-05-15 21:58:57] Using forecast run: 2020-08-01 18:00:00 UTC
[2026-05-15 21:58:57] Forecast Rain Available hours: [6, 7, 8, 9, 10, 11, 12, 13, 14, 15, 16, 17, 18, 19, 20, 21, 22, 23, 24, 25, 26, 27, 28, 29]
[2026-05-15 21:58:57] Valid hours for sum: [12, 18, 24, 29]
[2026-05-15 21:59:00] Drought composite end date: 2020-07-28 06:00:00
[2026-05-15 21:59:00] Land cover year: 2019
[2026-05-15 21:59:01] VIIRS Veg composite: 2020-07-11 → 2020-07-27
[2026-05-15 21:59:05] Started export task: fire_130_dynamic_2020-08-01
[2026-05-15 21:59:06] ------ Processing date=2020-08-02 ------
[2026-05-15 21:59:06] Using viirs_af_path: viirs_af_path
[2026-05-15 21:59:07] VIIRS Image Date: ['2020-08-02 00:00:00']
[2026-05-15 21:59:07] Weather image size: 1
[2026-05-15 21:59:07] Forecast duration: 2020-08-03 00:00:00 to 2020-08-04 00:00:00
[2026-05-15 21:59:08] Number of forecast images: 24
[2026-05-15 21:59:08] Using forecast run: 2020-08-02 18:00:00 UTC
[2026-05-15 21:59:09] Forecast Rain Available hours: [6, 7, 8, 9, 10, 11, 12, 13, 14, 15, 16, 17, 18, 19, 20, 21, 22, 23, 24, 25, 26, 27, 28, 29]
[2026-05-15 21:59:09] Valid hours for sum: [12, 18, 24, 29]
[2026-05-15 21:59:11] Drought composite end date: 2020-07-28 06:00:00
[2026-05-15 21:59:11] Land cover year: 2019
[2026-05-15 21:59:13] VIIRS Veg composite: 2020-07-11 → 2020-07-27
[2026-05-15 21:59:16] Started export task: fire_130_dynamic_2020-08-02
[2026-05-15 21:59:17] ------ Processing date=2020-08-03 ------
[2026-05-15 21:59:17] Using viirs_af_path: viirs_af_path
[2026-05-15 21:59:17] VIIRS Image Date: ['2020-08-03 00:00:00']
[2026-05-15 21:59:17] Weather image size: 1
[2026-05-15 21:59:17] Forecast duration: 2020-08-04 00:00:00 to 2020-08-05 00:00:00
[2026-05-15 21:59:18] Number of forecast images: 24
[2026-05-15 21:59:18] Using forecast run: 2020-08-03 18:00:00 UTC
[2026-05-15 21:59:18] Forecast Rain Available hours: [6, 7, 8, 9, 10, 11, 12, 13, 14, 15, 16, 17, 18, 19, 20, 21, 22, 23, 24, 25, 26, 27, 28, 29]
[2026-05-15 21:59:18] Valid hours for sum: [12, 18, 24, 29]
[2026-05-15 21:59:20] Drought composite end date: 2020-08-02 06:00:00
[2026-05-15 21:59:20] Land cover year: 2019
[2026-05-15 21:59:21] VIIRS Veg composite: 2020-07-11 → 2020-07-27
[2026-05-15 21:59:24] Started export task: fire_130_dynamic_2020-08-03
[2026-05-15 21:59:24] ------ Processing date=2020-08-04 ------
[2026-05-15 21:59:24] Using viirs_af_path: viirs_af_path
[2026-05-15 21:59:25] VIIRS Image Date: ['2020-08-04 00:00:00']
[2026-05-15 21:59:25] Weather image size: 1
[2026-05-15 21:59:25] Forecast duration: 2020-08-05 00:00:00 to 2020-08-06 00:00:00
[2026-05-15 21:59:26] Number of forecast images: 24
[2026-05-15 21:59:26] Using forecast run: 2020-08-04 18:00:00 UTC
[2026-05-15 21:59:26] Forecast Rain Available hours: [6, 7, 8, 9, 10, 11, 12, 13, 14, 15, 16, 17, 18, 19, 20, 21, 22, 23, 24, 25, 26, 27, 28, 29]
[2026-05-15 21:59:26] Valid hours for sum: [12, 18, 24, 29]
[2026-05-15 21:59:28] Drought composite end date: 2020-08-02 06:00:00
[2026-05-15 21:59:28] Land cover year: 2019
[2026-05-15 21:59:29] VIIRS Veg composite: 2020-07-11 → 2020-07-27
[2026-05-15 21:59:33] Started export task: fire_130_dynamic_2020-08-04
[2026-05-15 21:59:33] END: ----------Event fire_130----------- (Duration: 2.53m)
[2026-05-15 21:59:33] START: ----------Event fire_133-----------
[2026-05-15 21:59:34] ------ Processing date=2020-07-24 ------
[2026-05-15 21:59:34] Using viirs_af_path: viirs_af_path
[2026-05-15 21:59:34] VIIRS Image Date: ['2020-07-24 00:00:00']
[2026-05-15 21:59:34] Weather image size: 1
[2026-05-15 21:59:34] Forecast duration: 2020-07-25 00:00:00 to 2020-07-26 00:00:00
[2026-05-15 21:59:35] Number of forecast images: 24
[2026-05-15 21:59:35] Using forecast run: 2020-07-24 18:00:00 UTC
[2026-05-15 21:59:35] Forecast Rain Available hours: [6, 7, 8, 9, 10, 11, 12, 13, 14, 15, 16, 17, 18, 19, 20, 21, 22, 23, 24, 25, 26, 27, 28, 29]
[2026-05-15 21:59:35] Valid hours for sum: [12, 18, 24, 29]
[2026-05-15 21:59:37] Drought composite end date: 2020-07-23 06:00:00
[2026-05-15 21:59:37] Land cover year: 2019
[2026-05-15 21:59:38] VIIRS Veg composite: 2020-07-11 → 2020-07-27
[2026-05-15 21:59:42] Started export task: fire_133_static
[2026-05-15 21:59:42] Started export task: fire_133_dynamic_2020-07-24
[2026-05-15 21:59:43] ------ Processing date=2020-07-25 ------
[2026-05-15 21:59:43] Using viirs_af_path: viirs_af_path
[2026-05-15 21:59:44] VIIRS Image Date: ['2020-07-25 00:00:00']
[2026-05-15 21:59:44] Weather image size: 1
[2026-05-15 21:59:44] Forecast duration: 2020-07-26 00:00:00 to 2020-07-27 00:00:00
[2026-05-15 21:59:44] Number of forecast images: 24
[2026-05-15 21:59:44] Using forecast run: 2020-07-25 18:00:00 UTC
[2026-05-15 21:59:45] Forecast Rain Available hours: [6, 7, 8, 9, 10, 11, 12, 13, 14, 15, 16, 17, 18, 19, 20, 21, 22, 23, 24, 25, 26, 27, 28, 29]
[2026-05-15 21:59:45] Valid hours for sum: [12, 18, 24, 29]
[2026-05-15 21:59:47] Drought composite end date: 2020-07-23 06:00:00
[2026-05-15 21:59:47] Land cover year: 2019
[2026-05-15 21:59:48] VIIRS Veg composite: 2020-07-11 → 2020-07-27
[2026-05-15 21:59:52] Started export task: fire_133_dynamic_2020-07-25
[2026-05-15 21:59:52] ------ Processing date=2020-07-26 ------
[2026-05-15 21:59:52] Using viirs_af_path: viirs_af_path
[2026-05-15 21:59:52] VIIRS Image Date: ['2020-07-26 00:00:00']
[2026-05-15 21:59:53] Weather image size: 1
[2026-05-15 21:59:53] Forecast duration: 2020-07-27 00:00:00 to 2020-07-28 00:00:00
[2026-05-15 21:59:54] Number of forecast images: 24
[2026-05-15 21:59:54] Using forecast run: 2020-07-26 18:00:00 UTC
[2026-05-15 21:59:54] Forecast Rain Available hours: [6, 7, 8, 9, 10, 11, 12, 13, 14, 15, 16, 17, 18, 19, 20, 21, 22, 23, 24, 25, 26, 27, 28, 29]
[2026-05-15 21:59:54] Valid hours for sum: [12, 18, 24, 29]
[2026-05-15 21:59:56] Drought composite end date: 2020-07-23 06:00:00
[2026-05-15 21:59:56] Land cover year: 2019
[2026-05-15 21:59:57] VIIRS Veg composite: 2020-07-11 → 2020-07-27
[2026-05-15 22:00:03] Started export task: fire_133_dynamic_2020-07-26
[2026-05-15 22:00:04] ------ Processing date=2020-07-27 ------
[2026-05-15 22:00:04] Using viirs_af_path: viirs_af_path
[2026-05-15 22:00:05] VIIRS Image Date: ['2020-07-27 00:00:00']
[2026-05-15 22:00:05] Weather image size: 1
[2026-05-15 22:00:05] Forecast duration: 2020-07-28 00:00:00 to 2020-07-29 00:00:00
[2026-05-15 22:00:06] Number of forecast images: 24
[2026-05-15 22:00:06] Using forecast run: 2020-07-27 18:00:00 UTC
[2026-05-15 22:00:06] Forecast Rain Available hours: [6, 7, 8, 9, 10, 11, 12, 13, 14, 15, 16, 17, 18, 19, 20, 21, 22, 23, 24, 25, 26, 27, 28, 29]
[2026-05-15 22:00:06] Valid hours for sum: [12, 18, 24, 29]
[2026-05-15 22:00:09] Drought composite end date: 2020-07-23 06:00:00
[2026-05-15 22:00:09] Land cover year: 2019
[2026-05-15 22:00:10] VIIRS Veg composite: 2020-07-11 → 2020-07-27
[2026-05-15 22:00:14] Started export task: fire_133_dynamic_2020-07-27
[2026-05-15 22:00:14] ------ Processing date=2020-07-28 ------
[2026-05-15 22:00:14] Using viirs_af_path: viirs_af_path
[2026-05-15 22:00:14] VIIRS Image Date: ['2020-07-28 00:00:00']
[2026-05-15 22:00:15] Weather image size: 1
[2026-05-15 22:00:15] Forecast duration: 2020-07-29 00:00:00 to 2020-07-30 00:00:00
[2026-05-15 22:00:16] Number of forecast images: 24
[2026-05-15 22:00:16] Using forecast run: 2020-07-28 18:00:00 UTC
[2026-05-15 22:00:17] Forecast Rain Available hours: [6, 7, 8, 9, 10, 11, 12, 13, 14, 15, 16, 17, 18, 19, 20, 21, 22, 23, 24, 25, 26, 27, 28, 29]
[2026-05-15 22:00:17] Valid hours for sum: [12, 18, 24, 29]
[2026-05-15 22:00:19] Drought composite end date: 2020-07-23 06:00:00
[2026-05-15 22:00:19] Land cover year: 2019
[2026-05-15 22:00:20] VIIRS Veg composite: 2020-07-11 → 2020-07-27
[2026-05-15 22:00:24] Started export task: fire_133_dynamic_2020-07-28
[2026-05-15 22:00:24] ------ Processing date=2020-07-29 ------
[2026-05-15 22:00:24] Using viirs_af_path: viirs_af_path
[2026-05-15 22:00:25] VIIRS Image Date: ['2020-07-29 00:00:00']
[2026-05-15 22:00:25] Weather image size: 1
[2026-05-15 22:00:25] Forecast duration: 2020-07-30 00:00:00 to 2020-07-31 00:00:00
[2026-05-15 22:00:26] Number of forecast images: 24
[2026-05-15 22:00:26] Using forecast run: 2020-07-29 18:00:00 UTC
[2026-05-15 22:00:26] Forecast Rain Available hours: [6, 7, 8, 9, 10, 11, 12, 13, 14, 15, 16, 17, 18, 19, 20, 21, 22, 23, 24, 25, 26, 27, 28, 29]
[2026-05-15 22:00:26] Valid hours for sum: [12, 18, 24, 29]
[2026-05-15 22:00:28] Drought composite end date: 2020-07-28 06:00:00
[2026-05-15 22:00:28] Land cover year: 2019
[2026-05-15 22:00:29] VIIRS Veg composite: 2020-07-11 → 2020-07-27
[2026-05-15 22:00:35] Started export task: fire_133_dynamic_2020-07-29
[2026-05-15 22:00:35] ------ Processing date=2020-07-30 ------
[2026-05-15 22:00:35] Using viirs_af_path: viirs_af_path
[2026-05-15 22:00:35] VIIRS Image Date: ['2020-07-30 00:00:00']
[2026-05-15 22:00:35] Weather image size: 1
[2026-05-15 22:00:35] Forecast duration: 2020-07-31 00:00:00 to 2020-08-01 00:00:00
[2026-05-15 22:00:36] Number of forecast images: 24
[2026-05-15 22:00:36] Using forecast run: 2020-07-30 18:00:00 UTC
[2026-05-15 22:00:37] Forecast Rain Available hours: [6, 7, 8, 9, 10, 11, 12, 13, 14, 15, 16, 17, 18, 19, 20, 21, 22, 23, 24, 25, 26, 27, 28, 29]
[2026-05-15 22:00:37] Valid hours for sum: [12, 18, 24, 29]
[2026-05-15 22:00:38] Drought composite end date: 2020-07-28 06:00:00
[2026-05-15 22:00:38] Land cover year: 2019
[2026-05-15 22:00:39] VIIRS Veg composite: 2020-07-11 → 2020-07-27
[2026-05-15 22:00:44] Started export task: fire_133_dynamic_2020-07-30
[2026-05-15 22:00:45] ------ Processing date=2020-07-31 ------
[2026-05-15 22:00:45] Using viirs_af_path: viirs_af_path
[2026-05-15 22:00:45] VIIRS Image Date: ['2020-07-31 00:00:00']
[2026-05-15 22:00:46] Weather image size: 1
[2026-05-15 22:00:46] Forecast duration: 2020-08-01 00:00:00 to 2020-08-02 00:00:00
[2026-05-15 22:00:46] Number of forecast images: 24
[2026-05-15 22:00:46] Using forecast run: 2020-07-31 18:00:00 UTC
[2026-05-15 22:00:47] Forecast Rain Available hours: [6, 7, 8, 9, 10, 11, 12, 13, 14, 15, 16, 17, 18, 19, 20, 21, 22, 23, 24, 25, 26, 27, 28, 29]
[2026-05-15 22:00:47] Valid hours for sum: [12, 18, 24, 29]
[2026-05-15 22:00:49] Drought composite end date: 2020-07-28 06:00:00
[2026-05-15 22:00:49] Land cover year: 2019
[2026-05-15 22:00:51] VIIRS Veg composite: 2020-07-11 → 2020-07-27
[2026-05-15 22:00:55] Started export task: fire_133_dynamic_2020-07-31
[2026-05-15 22:00:55] ------ Processing date=2020-08-01 ------
[2026-05-15 22:00:55] Using viirs_af_path: viirs_af_path
[2026-05-15 22:00:55] VIIRS Image Date: ['2020-08-01 00:00:00']
[2026-05-15 22:00:56] Weather image size: 1
[2026-05-15 22:00:56] Forecast duration: 2020-08-02 00:00:00 to 2020-08-03 00:00:00
[2026-05-15 22:00:57] Number of forecast images: 24
[2026-05-15 22:00:57] Using forecast run: 2020-08-01 18:00:00 UTC
[2026-05-15 22:00:58] Forecast Rain Available hours: [6, 7, 8, 9, 10, 11, 12, 13, 14, 15, 16, 17, 18, 19, 20, 21, 22, 23, 24, 25, 26, 27, 28, 29]
[2026-05-15 22:00:58] Valid hours for sum: [12, 18, 24, 29]
[2026-05-15 22:01:00] Drought composite end date: 2020-07-28 06:00:00
[2026-05-15 22:01:00] Land cover year: 2019
[2026-05-15 22:01:01] VIIRS Veg composite: 2020-07-11 → 2020-07-27
[2026-05-15 22:01:05] Started export task: fire_133_dynamic_2020-08-01
[2026-05-15 22:01:05] ------ Processing date=2020-08-02 ------
[2026-05-15 22:01:05] Using viirs_af_path: viirs_af_path
[2026-05-15 22:01:05] VIIRS Image Date: ['2020-08-02 00:00:00']
[2026-05-15 22:01:06] Weather image size: 1
[2026-05-15 22:01:06] Forecast duration: 2020-08-03 00:00:00 to 2020-08-04 00:00:00
[2026-05-15 22:01:06] Number of forecast images: 24
[2026-05-15 22:01:06] Using forecast run: 2020-08-02 18:00:00 UTC
[2026-05-15 22:01:07] Forecast Rain Available hours: [6, 7, 8, 9, 10, 11, 12, 13, 14, 15, 16, 17, 18, 19, 20, 21, 22, 23, 24, 25, 26, 27, 28, 29]
[2026-05-15 22:01:07] Valid hours for sum: [12, 18, 24, 29]
[2026-05-15 22:01:10] Drought composite end date: 2020-07-28 06:00:00
[2026-05-15 22:01:10] Land cover year: 2019
[2026-05-15 22:01:11] VIIRS Veg composite: 2020-07-11 → 2020-07-27
[2026-05-15 22:01:15] Started export task: fire_133_dynamic_2020-08-02
[2026-05-15 22:01:15] ------ Processing date=2020-08-03 ------
[2026-05-15 22:01:15] Using viirs_af_path: viirs_af_path
[2026-05-15 22:01:15] VIIRS Image Date: ['2020-08-03 00:00:00']
[2026-05-15 22:01:15] Weather image size: 1
[2026-05-15 22:01:15] Forecast duration: 2020-08-04 00:00:00 to 2020-08-05 00:00:00
[2026-05-15 22:01:16] Number of forecast images: 24
[2026-05-15 22:01:16] Using forecast run: 2020-08-03 18:00:00 UTC
[2026-05-15 22:01:17] Forecast Rain Available hours: [6, 7, 8, 9, 10, 11, 12, 13, 14, 15, 16, 17, 18, 19, 20, 21, 22, 23, 24, 25, 26, 27, 28, 29]
[2026-05-15 22:01:17] Valid hours for sum: [12, 18, 24, 29]
[2026-05-15 22:01:18] Drought composite end date: 2020-08-02 06:00:00
[2026-05-15 22:01:19] Land cover year: 2019
[2026-05-15 22:01:20] VIIRS Veg composite: 2020-07-11 → 2020-07-27
[2026-05-15 22:01:25] Started export task: fire_133_dynamic_2020-08-03
[2026-05-15 22:01:26] ------ Processing date=2020-08-04 ------
[2026-05-15 22:01:26] Using viirs_af_path: viirs_af_path
[2026-05-15 22:01:26] VIIRS Image Date: ['2020-08-04 00:00:00']
[2026-05-15 22:01:26] Weather image size: 1
[2026-05-15 22:01:26] Forecast duration: 2020-08-05 00:00:00 to 2020-08-06 00:00:00
[2026-05-15 22:01:27] Number of forecast images: 24
[2026-05-15 22:01:27] Using forecast run: 2020-08-04 18:00:00 UTC
[2026-05-15 22:01:28] Forecast Rain Available hours: [6, 7, 8, 9, 10, 11, 12, 13, 14, 15, 16, 17, 18, 19, 20, 21, 22, 23, 24, 25, 26, 27, 28, 29]
[2026-05-15 22:01:28] Valid hours for sum: [12, 18, 24, 29]
[2026-05-15 22:01:30] Drought composite end date: 2020-08-02 06:00:00
[2026-05-15 22:01:31] Land cover year: 2019
[2026-05-15 22:01:32] VIIRS Veg composite: 2020-07-11 → 2020-07-27
[2026-05-15 22:01:36] Started export task: fire_133_dynamic_2020-08-04
[2026-05-15 22:01:37] ------ Processing date=2020-08-05 ------
[2026-05-15 22:01:37] Using viirs_af_path: viirs_af_path
[2026-05-15 22:01:37] VIIRS Image Date: ['2020-08-05 00:00:00']
[2026-05-15 22:01:37] Weather image size: 1
[2026-05-15 22:01:37] Forecast duration: 2020-08-06 00:00:00 to 2020-08-07 00:00:00
[2026-05-15 22:01:38] Number of forecast images: 24
[2026-05-15 22:01:38] Using forecast run: 2020-08-05 18:00:00 UTC
[2026-05-15 22:01:39] Forecast Rain Available hours: [6, 7, 8, 9, 10, 11, 12, 13, 14, 15, 16, 17, 18, 19, 20, 21, 22, 23, 24, 25, 26, 27, 28, 29]
[2026-05-15 22:01:39] Valid hours for sum: [12, 18, 24, 29]
[2026-05-15 22:01:41] Drought composite end date: 2020-08-02 06:00:00
[2026-05-15 22:01:41] Land cover year: 2019
[2026-05-15 22:01:42] VIIRS Veg composite: 2020-07-11 → 2020-07-27
[2026-05-15 22:01:46] Started export task: fire_133_dynamic_2020-08-05
[2026-05-15 22:01:47] ------ Processing date=2020-08-06 ------
[2026-05-15 22:01:47] Using viirs_af_path: viirs_af_path
[2026-05-15 22:01:47] VIIRS Image Date: ['2020-08-06 00:00:00']
[2026-05-15 22:01:47] Weather image size: 1
[2026-05-15 22:01:47] Forecast duration: 2020-08-07 00:00:00 to 2020-08-08 00:00:00
[2026-05-15 22:01:48] Number of forecast images: 24
[2026-05-15 22:01:48] Using forecast run: 2020-08-06 18:00:00 UTC
[2026-05-15 22:01:49] Forecast Rain Available hours: [6, 7, 8, 9, 10, 11, 12, 13, 14, 15, 16, 17, 18, 19, 20, 21, 22, 23, 24, 25, 26, 27, 28, 29]
[2026-05-15 22:01:49] Valid hours for sum: [12, 18, 24, 29]
[2026-05-15 22:01:51] Drought composite end date: 2020-08-02 06:00:00
[2026-05-15 22:01:51] Land cover year: 2019
[2026-05-15 22:01:52] VIIRS Veg composite: 2020-07-11 → 2020-07-27
[2026-05-15 22:01:56] Started export task: fire_133_dynamic_2020-08-06
[2026-05-15 22:01:56] ------ Processing date=2020-08-07 ------
[2026-05-15 22:01:56] Using viirs_af_path: viirs_af_path
[2026-05-15 22:01:56] VIIRS Image Date: ['2020-08-07 00:00:00']
[2026-05-15 22:01:57] Weather image size: 1
[2026-05-15 22:01:57] Forecast duration: 2020-08-08 00:00:00 to 2020-08-09 00:00:00
[2026-05-15 22:01:58] Number of forecast images: 24
[2026-05-15 22:01:58] Using forecast run: 2020-08-07 18:00:00 UTC
[2026-05-15 22:01:58] Forecast Rain Available hours: [6, 7, 8, 9, 10, 11, 12, 13, 14, 15, 16, 17, 18, 19, 20, 21, 22, 23, 24, 25, 26, 27, 28, 29]
[2026-05-15 22:01:58] Valid hours for sum: [12, 18, 24, 29]
[2026-05-15 22:02:00] Drought composite end date: 2020-08-02 06:00:00
[2026-05-15 22:02:00] Land cover year: 2019
[2026-05-15 22:02:01] VIIRS Veg composite: 2020-07-11 → 2020-07-27
[2026-05-15 22:02:05] Started export task: fire_133_dynamic_2020-08-07
[2026-05-15 22:02:05] ------ Processing date=2020-08-08 ------
[2026-05-15 22:02:05] Using viirs_af_path: viirs_af_path
[2026-05-15 22:02:06] VIIRS Image Date: ['2020-08-08 00:00:00']
[2026-05-15 22:02:06] Weather image size: 1
[2026-05-15 22:02:06] Forecast duration: 2020-08-09 00:00:00 to 2020-08-10 00:00:00
[2026-05-15 22:02:07] Number of forecast images: 24
[2026-05-15 22:02:07] Using forecast run: 2020-08-08 18:00:00 UTC
[2026-05-15 22:02:08] Forecast Rain Available hours: [6, 7, 8, 9, 10, 11, 12, 13, 14, 15, 16, 17, 18, 19, 20, 21, 22, 23, 24, 25, 26, 27, 28, 29]
[2026-05-15 22:02:08] Valid hours for sum: [12, 18, 24, 29]
[2026-05-15 22:02:10] Drought composite end date: 2020-08-07 06:00:00
[2026-05-15 22:02:11] Land cover year: 2019
[2026-05-15 22:02:11] VIIRS Veg composite: 2020-07-11 → 2020-07-27
[2026-05-15 22:02:16] Started export task: fire_133_dynamic_2020-08-08
[2026-05-15 22:02:16] ------ Processing date=2020-08-09 ------
[2026-05-15 22:02:16] Using viirs_af_path: viirs_af_path
[2026-05-15 22:02:17] VIIRS Image Date: ['2020-08-09 00:00:00']
[2026-05-15 22:02:17] Weather image size: 1
[2026-05-15 22:02:17] Forecast duration: 2020-08-10 00:00:00 to 2020-08-11 00:00:00
[2026-05-15 22:02:18] Number of forecast images: 24
[2026-05-15 22:02:18] Using forecast run: 2020-08-09 18:00:00 UTC
[2026-05-15 22:02:18] Forecast Rain Available hours: [6, 7, 8, 9, 10, 11, 12, 13, 14, 15, 16, 17, 18, 19, 20, 21, 22, 23, 24, 25, 26, 27, 28, 29]
[2026-05-15 22:02:18] Valid hours for sum: [12, 18, 24, 29]
[2026-05-15 22:02:20] Drought composite end date: 2020-08-07 06:00:00
[2026-05-15 22:02:21] Land cover year: 2019
[2026-05-15 22:02:21] VIIRS Veg composite: 2020-07-11 → 2020-07-27
[2026-05-15 22:02:25] Started export task: fire_133_dynamic_2020-08-09
[2026-05-15 22:02:26] ------ Processing date=2020-08-10 ------
[2026-05-15 22:02:26] Using viirs_af_path: viirs_af_path
[2026-05-15 22:02:26] VIIRS Image Date: ['2020-08-10 00:00:00']
[2026-05-15 22:02:26] Weather image size: 1
[2026-05-15 22:02:26] Forecast duration: 2020-08-11 00:00:00 to 2020-08-12 00:00:00
[2026-05-15 22:02:27] Number of forecast images: 24
[2026-05-15 22:02:27] Using forecast run: 2020-08-10 18:00:00 UTC
[2026-05-15 22:02:27] Forecast Rain Available hours: [6, 7, 8, 9, 10, 11, 12, 13, 14, 15, 16, 17, 18, 19, 20, 21, 22, 23, 24, 25, 26, 27, 28, 29]
[2026-05-15 22:02:27] Valid hours for sum: [12, 18, 24, 29]
[2026-05-15 22:02:29] Drought composite end date: 2020-08-07 06:00:00
[2026-05-15 22:02:29] Land cover year: 2019
[2026-05-15 22:02:30] VIIRS Veg composite: 2020-07-11 → 2020-07-27
[2026-05-15 22:02:35] Started export task: fire_133_dynamic_2020-08-10
[2026-05-15 22:02:36] ------ Processing date=2020-08-11 ------
[2026-05-15 22:02:36] Using viirs_af_path: viirs_af_path
[2026-05-15 22:02:36] VIIRS Image Date: ['2020-08-11 00:00:00']
[2026-05-15 22:02:37] Weather image size: 1
[2026-05-15 22:02:37] Forecast duration: 2020-08-12 00:00:00 to 2020-08-13 00:00:00
[2026-05-15 22:02:38] Number of forecast images: 24
[2026-05-15 22:02:38] Using forecast run: 2020-08-11 18:00:00 UTC
[2026-05-15 22:02:38] Forecast Rain Available hours: [6, 7, 8, 9, 10, 11, 12, 13, 14, 15, 16, 17, 18, 19, 20, 21, 22, 23, 24, 25, 26, 27, 28, 29]
[2026-05-15 22:02:38] Valid hours for sum: [12, 18, 24, 29]
[2026-05-15 22:02:42] Drought composite end date: 2020-08-07 06:00:00
[2026-05-15 22:02:42] Land cover year: 2019
[2026-05-15 22:02:43] VIIRS Veg composite: 2020-07-11 → 2020-07-27
[2026-05-15 22:02:48] Started export task: fire_133_dynamic_2020-08-11
[2026-05-15 22:02:48] ------ Processing date=2020-08-12 ------
[2026-05-15 22:02:48] Using viirs_af_path: viirs_af_path
[2026-05-15 22:02:49] VIIRS Image Date: ['2020-08-12 00:00:00']
[2026-05-15 22:02:49] Weather image size: 1
[2026-05-15 22:02:49] Forecast duration: 2020-08-13 00:00:00 to 2020-08-14 00:00:00
[2026-05-15 22:02:50] Number of forecast images: 24
[2026-05-15 22:02:50] Using forecast run: 2020-08-12 18:00:00 UTC
[2026-05-15 22:02:51] Forecast Rain Available hours: [6, 7, 8, 9, 10, 11, 12, 13, 14, 15, 16, 17, 18, 19, 20, 21, 22, 23, 24, 25, 26, 27, 28, 29]
[2026-05-15 22:02:51] Valid hours for sum: [12, 18, 24, 29]
[2026-05-15 22:02:53] Drought composite end date: 2020-08-07 06:00:00
[2026-05-15 22:02:53] Land cover year: 2019
[2026-05-15 22:02:54] VIIRS Veg composite: 2020-07-11 → 2020-07-27
[2026-05-15 22:02:58] Started export task: fire_133_dynamic_2020-08-12
[2026-05-15 22:02:59] ------ Processing date=2020-08-13 ------
[2026-05-15 22:02:59] Using viirs_af_path: viirs_af_path
[2026-05-15 22:02:59] VIIRS Image Date: ['2020-08-13 00:00:00']
[2026-05-15 22:02:59] Weather image size: 1
[2026-05-15 22:02:59] Forecast duration: 2020-08-14 00:00:00 to 2020-08-15 00:00:00
[2026-05-15 22:03:00] Number of forecast images: 24
[2026-05-15 22:03:00] Using forecast run: 2020-08-13 18:00:00 UTC
[2026-05-15 22:03:01] Forecast Rain Available hours: [6, 7, 8, 9, 10, 11, 12, 13, 14, 15, 16, 17, 18, 19, 20, 21, 22, 23, 24, 25, 26, 27, 28, 29]
[2026-05-15 22:03:01] Valid hours for sum: [12, 18, 24, 29]
[2026-05-15 22:03:03] Drought composite end date: 2020-08-12 06:00:00
[2026-05-15 22:03:03] Land cover year: 2019
[2026-05-15 22:03:04] VIIRS Veg composite: 2020-07-11 → 2020-07-27
[2026-05-15 22:03:09] Started export task: fire_133_dynamic_2020-08-13
[2026-05-15 22:03:09] ------ Processing date=2020-08-14 ------
[2026-05-15 22:03:09] Using viirs_af_path: viirs_af_path
[2026-05-15 22:03:10] VIIRS Image Date: ['2020-08-14 00:00:00']
[2026-05-15 22:03:10] Weather image size: 1
[2026-05-15 22:03:10] Forecast duration: 2020-08-15 00:00:00 to 2020-08-16 00:00:00
[2026-05-15 22:03:11] Number of forecast images: 24
[2026-05-15 22:03:11] Using forecast run: 2020-08-14 18:00:00 UTC
[2026-05-15 22:03:11] Forecast Rain Available hours: [6, 7, 8, 9, 10, 11, 12, 13, 14, 15, 16, 17, 18, 19, 20, 21, 22, 23, 24, 25, 26, 27, 28, 29]
[2026-05-15 22:03:11] Valid hours for sum: [12, 18, 24, 29]
[2026-05-15 22:03:14] Drought composite end date: 2020-08-12 06:00:00
[2026-05-15 22:03:14] Land cover year: 2019
[2026-05-15 22:03:15] VIIRS Veg composite: 2020-07-11 → 2020-07-27
[2026-05-15 22:03:19] Started export task: fire_133_dynamic_2020-08-14
[2026-05-15 22:03:19] END: ----------Event fire_133----------- (Duration: 3.76m)
[2026-05-15 22:03:19] START: ----------Event fire_134-----------
[2026-05-15 22:03:19] ------ Processing date=2020-07-24 ------
[2026-05-15 22:03:19] Using viirs_af_path: viirs_af_path
[2026-05-15 22:03:19] VIIRS Image Date: ['2020-07-24 00:00:00']
[2026-05-15 22:03:20] Weather image size: 1
[2026-05-15 22:03:20] Forecast duration: 2020-07-25 00:00:00 to 2020-07-26 00:00:00
[2026-05-15 22:03:21] Number of forecast images: 24
[2026-05-15 22:03:21] Using forecast run: 2020-07-24 18:00:00 UTC
[2026-05-15 22:03:21] Forecast Rain Available hours: [6, 7, 8, 9, 10, 11, 12, 13, 14, 15, 16, 17, 18, 19, 20, 21, 22, 23, 24, 25, 26, 27, 28, 29]
[2026-05-15 22:03:21] Valid hours for sum: [12, 18, 24, 29]
[2026-05-15 22:03:24] Drought composite end date: 2020-07-23 06:00:00
[2026-05-15 22:03:24] Land cover year: 2019
[2026-05-15 22:03:25] VIIRS Veg composite: 2020-07-11 → 2020-07-27
[2026-05-15 22:03:30] Started export task: fire_134_static
[2026-05-15 22:03:31] Started export task: fire_134_dynamic_2020-07-24
[2026-05-15 22:03:31] ------ Processing date=2020-07-25 ------
[2026-05-15 22:03:31] Using viirs_af_path: viirs_af_path
[2026-05-15 22:03:32] VIIRS Image Date: ['2020-07-25 00:00:00']
[2026-05-15 22:03:32] Weather image size: 1
[2026-05-15 22:03:32] Forecast duration: 2020-07-26 00:00:00 to 2020-07-27 00:00:00
[2026-05-15 22:03:34] Number of forecast images: 24
[2026-05-15 22:03:34] Using forecast run: 2020-07-25 18:00:00 UTC
[2026-05-15 22:03:34] Forecast Rain Available hours: [6, 7, 8, 9, 10, 11, 12, 13, 14, 15, 16, 17, 18, 19, 20, 21, 22, 23, 24, 25, 26, 27, 28, 29]
[2026-05-15 22:03:34] Valid hours for sum: [12, 18, 24, 29]
[2026-05-15 22:03:37] Drought composite end date: 2020-07-23 06:00:00
[2026-05-15 22:03:37] Land cover year: 2019
[2026-05-15 22:03:38] VIIRS Veg composite: 2020-07-11 → 2020-07-27
[2026-05-15 22:03:44] Started export task: fire_134_dynamic_2020-07-25
[2026-05-15 22:03:45] ------ Processing date=2020-07-26 ------
[2026-05-15 22:03:45] Using viirs_af_path: viirs_af_path
[2026-05-15 22:03:45] VIIRS Image Date: ['2020-07-26 00:00:00']
[2026-05-15 22:03:45] Weather image size: 1
[2026-05-15 22:03:45] Forecast duration: 2020-07-27 00:00:00 to 2020-07-28 00:00:00
[2026-05-15 22:03:46] Number of forecast images: 24
[2026-05-15 22:03:46] Using forecast run: 2020-07-26 18:00:00 UTC
[2026-05-15 22:03:47] Forecast Rain Available hours: [6, 7, 8, 9, 10, 11, 12, 13, 14, 15, 16, 17, 18, 19, 20, 21, 22, 23, 24, 25, 26, 27, 28, 29]
[2026-05-15 22:03:47] Valid hours for sum: [12, 18, 24, 29]
[2026-05-15 22:03:49] Drought composite end date: 2020-07-23 06:00:00
[2026-05-15 22:03:49] Land cover year: 2019
[2026-05-15 22:03:50] VIIRS Veg composite: 2020-07-11 → 2020-07-27
[2026-05-15 22:03:55] Started export task: fire_134_dynamic_2020-07-26
[2026-05-15 22:03:55] ------ Processing date=2020-07-27 ------
[2026-05-15 22:03:55] Using viirs_af_path: viirs_af_path
[2026-05-15 22:03:55] VIIRS Image Date: ['2020-07-27 00:00:00']
[2026-05-15 22:03:55] Weather image size: 1
[2026-05-15 22:03:55] Forecast duration: 2020-07-28 00:00:00 to 2020-07-29 00:00:00
[2026-05-15 22:03:56] Number of forecast images: 24
[2026-05-15 22:03:56] Using forecast run: 2020-07-27 18:00:00 UTC
[2026-05-15 22:03:57] Forecast Rain Available hours: [6, 7, 8, 9, 10, 11, 12, 13, 14, 15, 16, 17, 18, 19, 20, 21, 22, 23, 24, 25, 26, 27, 28, 29]
[2026-05-15 22:03:57] Valid hours for sum: [12, 18, 24, 29]
[2026-05-15 22:04:00] Drought composite end date: 2020-07-23 06:00:00
[2026-05-15 22:04:00] Land cover year: 2019
[2026-05-15 22:04:02] VIIRS Veg composite: 2020-07-11 → 2020-07-27
[2026-05-15 22:04:06] Started export task: fire_134_dynamic_2020-07-27
[2026-05-15 22:04:07] ------ Processing date=2020-07-28 ------
[2026-05-15 22:04:07] Using viirs_af_path: viirs_af_path
[2026-05-15 22:04:07] VIIRS Image Date: ['2020-07-28 00:00:00']
[2026-05-15 22:04:07] Weather image size: 1
[2026-05-15 22:04:07] Forecast duration: 2020-07-29 00:00:00 to 2020-07-30 00:00:00
[2026-05-15 22:04:09] Number of forecast images: 24
[2026-05-15 22:04:09] Using forecast run: 2020-07-28 18:00:00 UTC
[2026-05-15 22:04:09] Forecast Rain Available hours: [6, 7, 8, 9, 10, 11, 12, 13, 14, 15, 16, 17, 18, 19, 20, 21, 22, 23, 24, 25, 26, 27, 28, 29]
[2026-05-15 22:04:09] Valid hours for sum: [12, 18, 24, 29]
[2026-05-15 22:04:11] Drought composite end date: 2020-07-23 06:00:00
[2026-05-15 22:04:12] Land cover year: 2019
[2026-05-15 22:04:13] VIIRS Veg composite: 2020-07-11 → 2020-07-27
[2026-05-15 22:04:18] Started export task: fire_134_dynamic_2020-07-28
[2026-05-15 22:04:18] ------ Processing date=2020-07-29 ------
[2026-05-15 22:04:18] Using viirs_af_path: viirs_af_path
[2026-05-15 22:04:18] VIIRS Image Date: ['2020-07-29 00:00:00']
[2026-05-15 22:04:18] Weather image size: 1
[2026-05-15 22:04:18] Forecast duration: 2020-07-30 00:00:00 to 2020-07-31 00:00:00
[2026-05-15 22:04:19] Number of forecast images: 24
[2026-05-15 22:04:19] Using forecast run: 2020-07-29 18:00:00 UTC
[2026-05-15 22:04:19] Forecast Rain Available hours: [6, 7, 8, 9, 10, 11, 12, 13, 14, 15, 16, 17, 18, 19, 20, 21, 22, 23, 24, 25, 26, 27, 28, 29]
[2026-05-15 22:04:19] Valid hours for sum: [12, 18, 24, 29]
[2026-05-15 22:04:21] Drought composite end date: 2020-07-28 06:00:00
[2026-05-15 22:04:22] Land cover year: 2019
[2026-05-15 22:04:22] VIIRS Veg composite: 2020-07-11 → 2020-07-27
[2026-05-15 22:04:26] Started export task: fire_134_dynamic_2020-07-29
[2026-05-15 22:04:26] ------ Processing date=2020-07-30 ------
[2026-05-15 22:04:26] Using viirs_af_path: viirs_af_path
[2026-05-15 22:04:26] VIIRS Image Date: ['2020-07-30 00:00:00']
[2026-05-15 22:04:26] Weather image size: 1
[2026-05-15 22:04:26] Forecast duration: 2020-07-31 00:00:00 to 2020-08-01 00:00:00
[2026-05-15 22:04:27] Number of forecast images: 24
[2026-05-15 22:04:27] Using forecast run: 2020-07-30 18:00:00 UTC
[2026-05-15 22:04:28] Forecast Rain Available hours: [6, 7, 8, 9, 10, 11, 12, 13, 14, 15, 16, 17, 18, 19, 20, 21, 22, 23, 24, 25, 26, 27, 28, 29]
[2026-05-15 22:04:28] Valid hours for sum: [12, 18, 24, 29]
[2026-05-15 22:04:29] Drought composite end date: 2020-07-28 06:00:00
[2026-05-15 22:04:30] Land cover year: 2019
[2026-05-15 22:04:30] VIIRS Veg composite: 2020-07-11 → 2020-07-27
[2026-05-15 22:04:35] Started export task: fire_134_dynamic_2020-07-30
[2026-05-15 22:04:36] ------ Processing date=2020-07-31 ------
[2026-05-15 22:04:36] Using viirs_af_path: viirs_af_path
[2026-05-15 22:04:36] VIIRS Image Date: ['2020-07-31 00:00:00']
[2026-05-15 22:04:36] Weather image size: 1
[2026-05-15 22:04:36] Forecast duration: 2020-08-01 00:00:00 to 2020-08-02 00:00:00
[2026-05-15 22:04:37] Number of forecast images: 24
[2026-05-15 22:04:37] Using forecast run: 2020-07-31 18:00:00 UTC
[2026-05-15 22:04:38] Forecast Rain Available hours: [6, 7, 8, 9, 10, 11, 12, 13, 14, 15, 16, 17, 18, 19, 20, 21, 22, 23, 24, 25, 26, 27, 28, 29]
[2026-05-15 22:04:38] Valid hours for sum: [12, 18, 24, 29]
[2026-05-15 22:04:40] Drought composite end date: 2020-07-28 06:00:00
[2026-05-15 22:04:40] Land cover year: 2019
[2026-05-15 22:04:41] VIIRS Veg composite: 2020-07-11 → 2020-07-27
[2026-05-15 22:04:44] Started export task: fire_134_dynamic_2020-07-31
[2026-05-15 22:04:45] ------ Processing date=2020-08-01 ------
[2026-05-15 22:04:45] Using viirs_af_path: viirs_af_path
[2026-05-15 22:04:45] VIIRS Image Date: ['2020-08-01 00:00:00']
[2026-05-15 22:04:45] Weather image size: 1
[2026-05-15 22:04:45] Forecast duration: 2020-08-02 00:00:00 to 2020-08-03 00:00:00
[2026-05-15 22:04:46] Number of forecast images: 24
[2026-05-15 22:04:46] Using forecast run: 2020-08-01 18:00:00 UTC
[2026-05-15 22:04:47] Forecast Rain Available hours: [6, 7, 8, 9, 10, 11, 12, 13, 14, 15, 16, 17, 18, 19, 20, 21, 22, 23, 24, 25, 26, 27, 28, 29]
[2026-05-15 22:04:47] Valid hours for sum: [12, 18, 24, 29]
[2026-05-15 22:04:49] Drought composite end date: 2020-07-28 06:00:00
[2026-05-15 22:04:49] Land cover year: 2019
[2026-05-15 22:04:50] VIIRS Veg composite: 2020-07-11 → 2020-07-27
[2026-05-15 22:04:54] Started export task: fire_134_dynamic_2020-08-01
[2026-05-15 22:04:54] ------ Processing date=2020-08-02 ------
[2026-05-15 22:04:54] Using viirs_af_path: viirs_af_path
[2026-05-15 22:04:55] VIIRS Image Date: ['2020-08-02 00:00:00']
[2026-05-15 22:04:55] Weather image size: 1
[2026-05-15 22:04:55] Forecast duration: 2020-08-03 00:00:00 to 2020-08-04 00:00:00
[2026-05-15 22:04:56] Number of forecast images: 24
[2026-05-15 22:04:56] Using forecast run: 2020-08-02 18:00:00 UTC
[2026-05-15 22:04:56] Forecast Rain Available hours: [6, 7, 8, 9, 10, 11, 12, 13, 14, 15, 16, 17, 18, 19, 20, 21, 22, 23, 24, 25, 26, 27, 28, 29]
[2026-05-15 22:04:56] Valid hours for sum: [12, 18, 24, 29]
[2026-05-15 22:04:58] Drought composite end date: 2020-07-28 06:00:00
[2026-05-15 22:04:59] Land cover year: 2019
[2026-05-15 22:05:00] VIIRS Veg composite: 2020-07-11 → 2020-07-27
[2026-05-15 22:05:05] Started export task: fire_134_dynamic_2020-08-02
[2026-05-15 22:05:05] ------ Processing date=2020-08-03 ------
[2026-05-15 22:05:05] Using viirs_af_path: viirs_af_path
[2026-05-15 22:05:06] VIIRS Image Date: ['2020-08-03 00:00:00']
[2026-05-15 22:05:06] Weather image size: 1
[2026-05-15 22:05:06] Forecast duration: 2020-08-04 00:00:00 to 2020-08-05 00:00:00
[2026-05-15 22:05:07] Number of forecast images: 24
[2026-05-15 22:05:07] Using forecast run: 2020-08-03 18:00:00 UTC
[2026-05-15 22:05:07] Forecast Rain Available hours: [6, 7, 8, 9, 10, 11, 12, 13, 14, 15, 16, 17, 18, 19, 20, 21, 22, 23, 24, 25, 26, 27, 28, 29]
[2026-05-15 22:05:07] Valid hours for sum: [12, 18, 24, 29]
[2026-05-15 22:05:08] Drought composite end date: 2020-08-02 06:00:00
[2026-05-15 22:05:09] Land cover year: 2019
[2026-05-15 22:05:10] VIIRS Veg composite: 2020-07-11 → 2020-07-27
[2026-05-15 22:05:14] Started export task: fire_134_dynamic_2020-08-03
[2026-05-15 22:05:14] ------ Processing date=2020-08-04 ------
[2026-05-15 22:05:14] Using viirs_af_path: viirs_af_path
[2026-05-15 22:05:14] VIIRS Image Date: ['2020-08-04 00:00:00']
[2026-05-15 22:05:15] Weather image size: 1
[2026-05-15 22:05:15] Forecast duration: 2020-08-05 00:00:00 to 2020-08-06 00:00:00
[2026-05-15 22:05:15] Number of forecast images: 24
[2026-05-15 22:05:15] Using forecast run: 2020-08-04 18:00:00 UTC
[2026-05-15 22:05:16] Forecast Rain Available hours: [6, 7, 8, 9, 10, 11, 12, 13, 14, 15, 16, 17, 18, 19, 20, 21, 22, 23, 24, 25, 26, 27, 28, 29]
[2026-05-15 22:05:16] Valid hours for sum: [12, 18, 24, 29]
[2026-05-15 22:05:19] Drought composite end date: 2020-08-02 06:00:00
[2026-05-15 22:05:19] Land cover year: 2019
[2026-05-15 22:05:20] VIIRS Veg composite: 2020-07-11 → 2020-07-27
[2026-05-15 22:05:23] Started export task: fire_134_dynamic_2020-08-04
[2026-05-15 22:05:24] ------ Processing date=2020-08-05 ------
[2026-05-15 22:05:24] Using viirs_af_path: viirs_af_path
[2026-05-15 22:05:24] VIIRS Image Date: ['2020-08-05 00:00:00']
[2026-05-15 22:05:24] Weather image size: 1
[2026-05-15 22:05:24] Forecast duration: 2020-08-06 00:00:00 to 2020-08-07 00:00:00
[2026-05-15 22:05:25] Number of forecast images: 24
[2026-05-15 22:05:25] Using forecast run: 2020-08-05 18:00:00 UTC
[2026-05-15 22:05:26] Forecast Rain Available hours: [6, 7, 8, 9, 10, 11, 12, 13, 14, 15, 16, 17, 18, 19, 20, 21, 22, 23, 24, 25, 26, 27, 28, 29]
[2026-05-15 22:05:26] Valid hours for sum: [12, 18, 24, 29]
[2026-05-15 22:05:28] Drought composite end date: 2020-08-02 06:00:00
[2026-05-15 22:05:29] Land cover year: 2019
[2026-05-15 22:05:30] VIIRS Veg composite: 2020-07-11 → 2020-07-27
[2026-05-15 22:05:34] Started export task: fire_134_dynamic_2020-08-05
[2026-05-15 22:05:34] ------ Processing date=2020-08-06 ------
[2026-05-15 22:05:34] Using viirs_af_path: viirs_af_path
[2026-05-15 22:05:35] VIIRS Image Date: ['2020-08-06 00:00:00']
[2026-05-15 22:05:35] Weather image size: 1
[2026-05-15 22:05:35] Forecast duration: 2020-08-07 00:00:00 to 2020-08-08 00:00:00
[2026-05-15 22:05:36] Number of forecast images: 24
[2026-05-15 22:05:36] Using forecast run: 2020-08-06 18:00:00 UTC
[2026-05-15 22:05:36] Forecast Rain Available hours: [6, 7, 8, 9, 10, 11, 12, 13, 14, 15, 16, 17, 18, 19, 20, 21, 22, 23, 24, 25, 26, 27, 28, 29]
[2026-05-15 22:05:36] Valid hours for sum: [12, 18, 24, 29]
[2026-05-15 22:05:38] Drought composite end date: 2020-08-02 06:00:00
[2026-05-15 22:05:39] Land cover year: 2019
[2026-05-15 22:05:40] VIIRS Veg composite: 2020-07-11 → 2020-07-27
[2026-05-15 22:05:43] Started export task: fire_134_dynamic_2020-08-06
[2026-05-15 22:05:43] ------ Processing date=2020-08-07 ------
[2026-05-15 22:05:43] Using viirs_af_path: viirs_af_path
[2026-05-15 22:05:43] VIIRS Image Date: ['2020-08-07 00:00:00']
[2026-05-15 22:05:43] Weather image size: 1
[2026-05-15 22:05:43] Forecast duration: 2020-08-08 00:00:00 to 2020-08-09 00:00:00
[2026-05-15 22:05:44] Number of forecast images: 24
[2026-05-15 22:05:44] Using forecast run: 2020-08-07 18:00:00 UTC
[2026-05-15 22:05:44] Forecast Rain Available hours: [6, 7, 8, 9, 10, 11, 12, 13, 14, 15, 16, 17, 18, 19, 20, 21, 22, 23, 24, 25, 26, 27, 28, 29]
[2026-05-15 22:05:44] Valid hours for sum: [12, 18, 24, 29]
[2026-05-15 22:05:47] Drought composite end date: 2020-08-02 06:00:00
[2026-05-15 22:05:48] Land cover year: 2019
[2026-05-15 22:05:48] VIIRS Veg composite: 2020-07-11 → 2020-07-27
[2026-05-15 22:05:52] Started export task: fire_134_dynamic_2020-08-07
[2026-05-15 22:05:53] ------ Processing date=2020-08-08 ------
[2026-05-15 22:05:53] Using viirs_af_path: viirs_af_path
[2026-05-15 22:05:53] VIIRS Image Date: ['2020-08-08 00:00:00']
[2026-05-15 22:05:53] Weather image size: 1
[2026-05-15 22:05:53] Forecast duration: 2020-08-09 00:00:00 to 2020-08-10 00:00:00
[2026-05-15 22:05:54] Number of forecast images: 24
[2026-05-15 22:05:54] Using forecast run: 2020-08-08 18:00:00 UTC
[2026-05-15 22:05:54] Forecast Rain Available hours: [6, 7, 8, 9, 10, 11, 12, 13, 14, 15, 16, 17, 18, 19, 20, 21, 22, 23, 24, 25, 26, 27, 28, 29]
[2026-05-15 22:05:54] Valid hours for sum: [12, 18, 24, 29]
[2026-05-15 22:05:57] Drought composite end date: 2020-08-07 06:00:00
[2026-05-15 22:05:57] Land cover year: 2019
[2026-05-15 22:05:58] VIIRS Veg composite: 2020-07-11 → 2020-07-27
[2026-05-15 22:06:03] Started export task: fire_134_dynamic_2020-08-08
[2026-05-15 22:06:03] ------ Processing date=2020-08-09 ------
[2026-05-15 22:06:03] Using viirs_af_path: viirs_af_path
[2026-05-15 22:06:05] VIIRS Image Date: ['2020-08-09 00:00:00']
[2026-05-15 22:06:05] Weather image size: 1
[2026-05-15 22:06:05] Forecast duration: 2020-08-10 00:00:00 to 2020-08-11 00:00:00
[2026-05-15 22:06:06] Number of forecast images: 24
[2026-05-15 22:06:06] Using forecast run: 2020-08-09 18:00:00 UTC
[2026-05-15 22:06:06] Forecast Rain Available hours: [6, 7, 8, 9, 10, 11, 12, 13, 14, 15, 16, 17, 18, 19, 20, 21, 22, 23, 24, 25, 26, 27, 28, 29]
[2026-05-15 22:06:06] Valid hours for sum: [12, 18, 24, 29]
[2026-05-15 22:06:09] Drought composite end date: 2020-08-07 06:00:00
[2026-05-15 22:06:09] Land cover year: 2019
[2026-05-15 22:06:10] VIIRS Veg composite: 2020-07-11 → 2020-07-27
[2026-05-15 22:06:12] Started export task: fire_134_dynamic_2020-08-09
[2026-05-15 22:06:13] ------ Processing date=2020-08-10 ------
[2026-05-15 22:06:13] Using viirs_af_path: viirs_af_path
[2026-05-15 22:06:13] VIIRS Image Date: ['2020-08-10 00:00:00']
[2026-05-15 22:06:14] Weather image size: 1
[2026-05-15 22:06:14] Forecast duration: 2020-08-11 00:00:00 to 2020-08-12 00:00:00
[2026-05-15 22:06:14] Number of forecast images: 24
[2026-05-15 22:06:14] Using forecast run: 2020-08-10 18:00:00 UTC
[2026-05-15 22:06:15] Forecast Rain Available hours: [6, 7, 8, 9, 10, 11, 12, 13, 14, 15, 16, 17, 18, 19, 20, 21, 22, 23, 24, 25, 26, 27, 28, 29]
[2026-05-15 22:06:15] Valid hours for sum: [12, 18, 24, 29]
[2026-05-15 22:06:17] Drought composite end date: 2020-08-07 06:00:00
[2026-05-15 22:06:17] Land cover year: 2019
[2026-05-15 22:06:19] VIIRS Veg composite: 2020-07-11 → 2020-07-27
[2026-05-15 22:06:23] Started export task: fire_134_dynamic_2020-08-10
[2026-05-15 22:06:24] ------ Processing date=2020-08-11 ------
[2026-05-15 22:06:24] Using viirs_af_path: viirs_af_path
[2026-05-15 22:06:24] VIIRS Image Date: ['2020-08-11 00:00:00']
[2026-05-15 22:06:24] Weather image size: 1
[2026-05-15 22:06:24] Forecast duration: 2020-08-12 00:00:00 to 2020-08-13 00:00:00
[2026-05-15 22:06:25] Number of forecast images: 24
[2026-05-15 22:06:25] Using forecast run: 2020-08-11 18:00:00 UTC
[2026-05-15 22:06:26] Forecast Rain Available hours: [6, 7, 8, 9, 10, 11, 12, 13, 14, 15, 16, 17, 18, 19, 20, 21, 22, 23, 24, 25, 26, 27, 28, 29]
[2026-05-15 22:06:26] Valid hours for sum: [12, 18, 24, 29]
[2026-05-15 22:06:29] Drought composite end date: 2020-08-07 06:00:00
[2026-05-15 22:06:29] Land cover year: 2019
[2026-05-15 22:06:29] VIIRS Veg composite: 2020-07-11 → 2020-07-27
[2026-05-15 22:06:34] Started export task: fire_134_dynamic_2020-08-11
[2026-05-15 22:06:34] ------ Processing date=2020-08-12 ------
[2026-05-15 22:06:34] Using viirs_af_path: viirs_af_path
[2026-05-15 22:06:34] VIIRS Image Date: ['2020-08-12 00:00:00']
[2026-05-15 22:06:35] Weather image size: 1
[2026-05-15 22:06:35] Forecast duration: 2020-08-13 00:00:00 to 2020-08-14 00:00:00
[2026-05-15 22:06:35] Number of forecast images: 24
[2026-05-15 22:06:35] Using forecast run: 2020-08-12 18:00:00 UTC
[2026-05-15 22:06:36] Forecast Rain Available hours: [6, 7, 8, 9, 10, 11, 12, 13, 14, 15, 16, 17, 18, 19, 20, 21, 22, 23, 24, 25, 26, 27, 28, 29]
[2026-05-15 22:06:36] Valid hours for sum: [12, 18, 24, 29]
[2026-05-15 22:06:39] Drought composite end date: 2020-08-07 06:00:00
[2026-05-15 22:06:39] Land cover year: 2019
[2026-05-15 22:06:39] VIIRS Veg composite: 2020-07-11 → 2020-07-27
[2026-05-15 22:06:44] Started export task: fire_134_dynamic_2020-08-12
[2026-05-15 22:06:44] ------ Processing date=2020-08-13 ------
[2026-05-15 22:06:44] Using viirs_af_path: viirs_af_path
[2026-05-15 22:06:45] VIIRS Image Date: ['2020-08-13 00:00:00']
[2026-05-15 22:06:45] Weather image size: 1
[2026-05-15 22:06:45] Forecast duration: 2020-08-14 00:00:00 to 2020-08-15 00:00:00
[2026-05-15 22:06:46] Number of forecast images: 24
[2026-05-15 22:06:46] Using forecast run: 2020-08-13 18:00:00 UTC
[2026-05-15 22:06:46] Forecast Rain Available hours: [6, 7, 8, 9, 10, 11, 12, 13, 14, 15, 16, 17, 18, 19, 20, 21, 22, 23, 24, 25, 26, 27, 28, 29]
[2026-05-15 22:06:46] Valid hours for sum: [12, 18, 24, 29]
[2026-05-15 22:06:48] Drought composite end date: 2020-08-12 06:00:00
[2026-05-15 22:06:49] Land cover year: 2019
[2026-05-15 22:06:50] VIIRS Veg composite: 2020-07-11 → 2020-07-27
[2026-05-15 22:06:53] Started export task: fire_134_dynamic_2020-08-13
[2026-05-15 22:06:54] ------ Processing date=2020-08-14 ------
[2026-05-15 22:06:54] Using viirs_af_path: viirs_af_path
[2026-05-15 22:06:54] VIIRS Image Date: ['2020-08-14 00:00:00']
[2026-05-15 22:06:54] Weather image size: 1
[2026-05-15 22:06:54] Forecast duration: 2020-08-15 00:00:00 to 2020-08-16 00:00:00
[2026-05-15 22:06:55] Number of forecast images: 24
[2026-05-15 22:06:55] Using forecast run: 2020-08-14 18:00:00 UTC
[2026-05-15 22:06:55] Forecast Rain Available hours: [6, 7, 8, 9, 10, 11, 12, 13, 14, 15, 16, 17, 18, 19, 20, 21, 22, 23, 24, 25, 26, 27, 28, 29]
[2026-05-15 22:06:55] Valid hours for sum: [12, 18, 24, 29]
[2026-05-15 22:06:58] Drought composite end date: 2020-08-12 06:00:00
[2026-05-15 22:06:58] Land cover year: 2019
[2026-05-15 22:06:59] VIIRS Veg composite: 2020-07-11 → 2020-07-27
[2026-05-15 22:07:02] Started export task: fire_134_dynamic_2020-08-14
[2026-05-15 22:07:03] ------ Processing date=2020-08-15 ------
[2026-05-15 22:07:03] Using viirs_af_path: viirs_af_path
[2026-05-15 22:07:04] VIIRS Image Date: ['2020-08-15 00:00:00']
[2026-05-15 22:07:04] Weather image size: 1
[2026-05-15 22:07:04] Forecast duration: 2020-08-16 00:00:00 to 2020-08-17 00:00:00
[2026-05-15 22:07:05] Number of forecast images: 24
[2026-05-15 22:07:05] Using forecast run: 2020-08-15 18:00:00 UTC
[2026-05-15 22:07:06] Forecast Rain Available hours: [6, 7, 8, 9, 10, 11, 12, 13, 14, 15, 16, 17, 18, 19, 20, 21, 22, 23, 24, 25, 26, 27, 28, 29]
[2026-05-15 22:07:06] Valid hours for sum: [12, 18, 24, 29]
[2026-05-15 22:07:08] Drought composite end date: 2020-08-12 06:00:00
[2026-05-15 22:07:08] Land cover year: 2019
[2026-05-15 22:07:09] VIIRS Veg composite: 2020-07-11 → 2020-07-27
[2026-05-15 22:07:13] Started export task: fire_134_dynamic_2020-08-15
[2026-05-15 22:07:14] ------ Processing date=2020-08-16 ------
[2026-05-15 22:07:14] Using viirs_af_path: viirs_af_path
[2026-05-15 22:07:14] VIIRS Image Date: ['2020-08-16 00:00:00']
[2026-05-15 22:07:14] Weather image size: 1
[2026-05-15 22:07:14] Forecast duration: 2020-08-17 00:00:00 to 2020-08-18 00:00:00
[2026-05-15 22:07:15] Number of forecast images: 24
[2026-05-15 22:07:15] Using forecast run: 2020-08-16 18:00:00 UTC
[2026-05-15 22:07:15] Forecast Rain Available hours: [6, 7, 8, 9, 10, 11, 12, 13, 14, 15, 16, 17, 18, 19, 20, 21, 22, 23, 24, 25, 26, 27, 28, 29]
[2026-05-15 22:07:15] Valid hours for sum: [12, 18, 24, 29]
[2026-05-15 22:07:18] Drought composite end date: 2020-08-12 06:00:00
[2026-05-15 22:07:18] Land cover year: 2019
[2026-05-15 22:07:19] VIIRS Veg composite: 2020-07-11 → 2020-07-27
[2026-05-15 22:07:22] Started export task: fire_134_dynamic_2020-08-16
[2026-05-15 22:07:23] ------ Processing date=2020-08-17 ------
[2026-05-15 22:07:23] Using viirs_af_path: viirs_af_path
[2026-05-15 22:07:23] VIIRS Image Date: ['2020-08-17 00:00:00']
[2026-05-15 22:07:24] Weather image size: 1
[2026-05-15 22:07:24] Forecast duration: 2020-08-18 00:00:00 to 2020-08-19 00:00:00
[2026-05-15 22:07:25] Number of forecast images: 24
[2026-05-15 22:07:25] Using forecast run: 2020-08-17 18:00:00 UTC
[2026-05-15 22:07:25] Forecast Rain Available hours: [6, 7, 8, 9, 10, 11, 12, 13, 14, 15, 16, 17, 18, 19, 20, 21, 22, 23, 24, 25, 26, 27, 28, 29]
[2026-05-15 22:07:25] Valid hours for sum: [12, 18, 24, 29]
[2026-05-15 22:07:28] Drought composite end date: 2020-08-12 06:00:00
[2026-05-15 22:07:28] Land cover year: 2019
[2026-05-15 22:07:29] VIIRS Veg composite: 2020-07-11 → 2020-07-27
[2026-05-15 22:07:32] Started export task: fire_134_dynamic_2020-08-17
[2026-05-15 22:07:33] ------ Processing date=2020-08-18 ------
[2026-05-15 22:07:33] Using viirs_af_path: viirs_af_path
[2026-05-15 22:07:33] VIIRS Image Date: ['2020-08-18 00:00:00']
[2026-05-15 22:07:33] Weather image size: 1
[2026-05-15 22:07:33] Forecast duration: 2020-08-19 00:00:00 to 2020-08-20 00:00:00
[2026-05-15 22:07:34] Number of forecast images: 24
[2026-05-15 22:07:34] Using forecast run: 2020-08-18 18:00:00 UTC
[2026-05-15 22:07:35] Forecast Rain Available hours: [6, 7, 8, 9, 10, 11, 12, 13, 14, 15, 16, 17, 18, 19, 20, 21, 22, 23, 24, 25, 26, 27, 28, 29]
[2026-05-15 22:07:35] Valid hours for sum: [12, 18, 24, 29]
[2026-05-15 22:07:37] Drought composite end date: 2020-08-17 06:00:00
[2026-05-15 22:07:37] Land cover year: 2019
[2026-05-15 22:07:38] VIIRS Veg composite: 2020-07-11 → 2020-07-27
[2026-05-15 22:07:42] Started export task: fire_134_dynamic_2020-08-18
[2026-05-15 22:07:43] ------ Processing date=2020-08-19 ------
[2026-05-15 22:07:43] Using viirs_af_path: viirs_af_path
[2026-05-15 22:07:43] VIIRS Image Date: ['2020-08-19 00:00:00']
[2026-05-15 22:07:43] Weather image size: 1
[2026-05-15 22:07:43] Forecast duration: 2020-08-20 00:00:00 to 2020-08-21 00:00:00
[2026-05-15 22:07:44] Number of forecast images: 24
[2026-05-15 22:07:44] Using forecast run: 2020-08-19 18:00:00 UTC
[2026-05-15 22:07:44] Forecast Rain Available hours: [6, 7, 8, 9, 10, 11, 12, 13, 14, 15, 16, 17, 18, 19, 20, 21, 22, 23, 24, 25, 26, 27, 28, 29]
[2026-05-15 22:07:44] Valid hours for sum: [12, 18, 24, 29]
[2026-05-15 22:07:46] Drought composite end date: 2020-08-17 06:00:00
[2026-05-15 22:07:46] Land cover year: 2019
[2026-05-15 22:08:05] VIIRS Veg composite: 2020-07-11 → 2020-07-27
[2026-05-15 22:08:08] Started export task: fire_134_dynamic_2020-08-19
[2026-05-15 22:08:09] ------ Processing date=2020-08-20 ------
[2026-05-15 22:08:09] Using viirs_af_path: viirs_af_path
[2026-05-15 22:08:09] VIIRS Image Date: ['2020-08-20 00:00:00']
[2026-05-15 22:08:10] Weather image size: 1
[2026-05-15 22:08:10] Forecast duration: 2020-08-21 00:00:00 to 2020-08-22 00:00:00
[2026-05-15 22:08:10] Number of forecast images: 24
[2026-05-15 22:08:10] Using forecast run: 2020-08-20 18:00:00 UTC
[2026-05-15 22:08:11] Forecast Rain Available hours: [6, 7, 8, 9, 10, 11, 12, 13, 14, 15, 16, 17, 18, 19, 20, 21, 22, 23, 24, 25, 26, 27, 28, 29]
[2026-05-15 22:08:11] Valid hours for sum: [12, 18, 24, 29]
[2026-05-15 22:08:13] Drought composite end date: 2020-08-17 06:00:00
[2026-05-15 22:08:13] Land cover year: 2019
[2026-05-15 22:08:14] VIIRS Veg composite: 2020-07-11 → 2020-07-27
[2026-05-15 22:08:19] Started export task: fire_134_dynamic_2020-08-20
[2026-05-15 22:08:19] ------ Processing date=2020-08-21 ------
[2026-05-15 22:08:19] Using viirs_af_path: viirs_af_path
[2026-05-15 22:08:19] VIIRS Image Date: ['2020-08-21 00:00:00']
[2026-05-15 22:08:20] Weather image size: 1
[2026-05-15 22:08:20] Forecast duration: 2020-08-22 00:00:00 to 2020-08-23 00:00:00
[2026-05-15 22:08:20] Number of forecast images: 24
[2026-05-15 22:08:20] Using forecast run: 2020-08-21 18:00:00 UTC
[2026-05-15 22:08:21] Forecast Rain Available hours: [6, 7, 8, 9, 10, 11, 12, 13, 14, 15, 16, 17, 18, 19, 20, 21, 22, 23, 24, 25, 26, 27, 28, 29]
[2026-05-15 22:08:21] Valid hours for sum: [12, 18, 24, 29]
[2026-05-15 22:08:23] Drought composite end date: 2020-08-17 06:00:00
[2026-05-15 22:08:24] Land cover year: 2019
[2026-05-15 22:08:25] VIIRS Veg composite: 2020-07-11 → 2020-07-27
[2026-05-15 22:08:29] Started export task: fire_134_dynamic_2020-08-21
[2026-05-15 22:08:29] ------ Processing date=2020-08-22 ------
[2026-05-15 22:08:29] Using viirs_af_path: viirs_af_path
[2026-05-15 22:08:29] VIIRS Image Date: ['2020-08-22 00:00:00']
[2026-05-15 22:08:30] Weather image size: 1
[2026-05-15 22:08:30] Forecast duration: 2020-08-23 00:00:00 to 2020-08-24 00:00:00
[2026-05-15 22:08:31] Number of forecast images: 24
[2026-05-15 22:08:31] Using forecast run: 2020-08-22 18:00:00 UTC
[2026-05-15 22:08:31] Forecast Rain Available hours: [6, 7, 8, 9, 10, 11, 12, 13, 14, 15, 16, 17, 18, 19, 20, 21, 22, 23, 24, 25, 26, 27, 28, 29]
[2026-05-15 22:08:31] Valid hours for sum: [12, 18, 24, 29]
[2026-05-15 22:08:34] Drought composite end date: 2020-08-17 06:00:00
[2026-05-15 22:08:34] Land cover year: 2019
[2026-05-15 22:08:35] VIIRS Veg composite: 2020-07-11 → 2020-07-27
[2026-05-15 22:08:38] Started export task: fire_134_dynamic_2020-08-22
[2026-05-15 22:08:39] ------ Processing date=2020-08-23 ------
[2026-05-15 22:08:39] Using viirs_af_path: viirs_af_path
[2026-05-15 22:08:39] VIIRS Image Date: ['2020-08-23 00:00:00']
[2026-05-15 22:08:39] Weather image size: 1
[2026-05-15 22:08:39] Forecast duration: 2020-08-24 00:00:00 to 2020-08-25 00:00:00
[2026-05-15 22:08:40] Number of forecast images: 24
[2026-05-15 22:08:40] Using forecast run: 2020-08-23 18:00:00 UTC
[2026-05-15 22:08:40] Forecast Rain Available hours: [6, 7, 8, 9, 10, 11, 12, 13, 14, 15, 16, 17, 18, 19, 20, 21, 22, 23, 24, 25, 26, 27, 28, 29]
[2026-05-15 22:08:40] Valid hours for sum: [12, 18, 24, 29]
[2026-05-15 22:08:42] Drought composite end date: 2020-08-22 06:00:00
[2026-05-15 22:08:42] Land cover year: 2019
[2026-05-15 22:08:43] VIIRS Veg composite: 2020-07-11 → 2020-07-27
[2026-05-15 22:08:47] Started export task: fire_134_dynamic_2020-08-23
[2026-05-15 22:08:47] ------ Processing date=2020-08-24 ------
[2026-05-15 22:08:47] Using viirs_af_path: viirs_af_path
[2026-05-15 22:08:47] VIIRS Image Date: ['2020-08-24 00:00:00']
[2026-05-15 22:08:47] Weather image size: 1
[2026-05-15 22:08:47] Forecast duration: 2020-08-25 00:00:00 to 2020-08-26 00:00:00
[2026-05-15 22:08:48] Number of forecast images: 24
[2026-05-15 22:08:48] Using forecast run: 2020-08-24 18:00:00 UTC
[2026-05-15 22:08:49] Forecast Rain Available hours: [6, 7, 8, 9, 10, 11, 12, 13, 14, 15, 16, 17, 18, 19, 20, 21, 22, 23, 24, 25, 26, 27, 28, 29]
[2026-05-15 22:08:49] Valid hours for sum: [12, 18, 24, 29]
[2026-05-15 22:08:51] Drought composite end date: 2020-08-22 06:00:00
[2026-05-15 22:08:51] Land cover year: 2019
[2026-05-15 22:08:52] VIIRS Veg composite: 2020-07-11 → 2020-07-27
[2026-05-15 22:08:56] Started export task: fire_134_dynamic_2020-08-24
[2026-05-15 22:08:56] ------ Processing date=2020-08-25 ------
[2026-05-15 22:08:56] Using viirs_af_path: viirs_af_path
[2026-05-15 22:08:56] VIIRS Image Date: ['2020-08-25 00:00:00']
[2026-05-15 22:08:56] Weather image size: 1
[2026-05-15 22:08:56] Forecast duration: 2020-08-26 00:00:00 to 2020-08-27 00:00:00
[2026-05-15 22:08:57] Number of forecast images: 24
[2026-05-15 22:08:57] Using forecast run: 2020-08-25 18:00:00 UTC
[2026-05-15 22:08:58] Forecast Rain Available hours: [6, 7, 8, 9, 10, 11, 12, 13, 14, 15, 16, 17, 18, 19, 20, 21, 22, 23, 24, 25, 26, 27, 28, 29]
[2026-05-15 22:08:58] Valid hours for sum: [12, 18, 24, 29]
[2026-05-15 22:09:00] Drought composite end date: 2020-08-22 06:00:00
[2026-05-15 22:09:00] Land cover year: 2019
[2026-05-15 22:09:01] VIIRS Veg composite: 2020-07-11 → 2020-07-27
[2026-05-15 22:09:05] Started export task: fire_134_dynamic_2020-08-25
[2026-05-15 22:09:06] ------ Processing date=2020-08-26 ------
[2026-05-15 22:09:06] Using viirs_af_path: viirs_af_path
[2026-05-15 22:09:09] VIIRS Image Date: ['2020-08-26 00:00:00']
[2026-05-15 22:09:09] Weather image size: 1
[2026-05-15 22:09:09] Forecast duration: 2020-08-27 00:00:00 to 2020-08-28 00:00:00
[2026-05-15 22:09:10] Number of forecast images: 24
[2026-05-15 22:09:10] Using forecast run: 2020-08-26 18:00:00 UTC
[2026-05-15 22:09:10] Forecast Rain Available hours: [6, 7, 8, 9, 10, 11, 12, 13, 14, 15, 16, 17, 18, 19, 20, 21, 22, 23, 24, 25, 26, 27, 28, 29]
[2026-05-15 22:09:10] Valid hours for sum: [12, 18, 24, 29]
[2026-05-15 22:09:13] Drought composite end date: 2020-08-22 06:00:00
[2026-05-15 22:09:14] Land cover year: 2019
[2026-05-15 22:09:15] VIIRS Veg composite: 2020-07-11 → 2020-07-27
[2026-05-15 22:09:20] Started export task: fire_134_dynamic_2020-08-26
[2026-05-15 22:09:21] ------ Processing date=2020-08-27 ------
[2026-05-15 22:09:21] Using viirs_af_path: viirs_af_path
[2026-05-15 22:09:21] VIIRS Image Date: ['2020-08-27 00:00:00']
[2026-05-15 22:09:21] Weather image size: 1
[2026-05-15 22:09:21] Forecast duration: 2020-08-28 00:00:00 to 2020-08-29 00:00:00
[2026-05-15 22:09:22] Number of forecast images: 24
[2026-05-15 22:09:22] Using forecast run: 2020-08-27 18:00:00 UTC
[2026-05-15 22:09:23] Forecast Rain Available hours: [6, 7, 8, 9, 10, 11, 12, 13, 14, 15, 16, 17, 18, 19, 20, 21, 22, 23, 24, 25, 26, 27, 28, 29]
[2026-05-15 22:09:23] Valid hours for sum: [12, 18, 24, 29]
[2026-05-15 22:09:25] Drought composite end date: 2020-08-22 06:00:00
[2026-05-15 22:09:25] Land cover year: 2019
[2026-05-15 22:09:27] VIIRS Veg composite: 2020-07-11 → 2020-07-27
[2026-05-15 22:09:31] Started export task: fire_134_dynamic_2020-08-27
[2026-05-15 22:09:31] ------ Processing date=2020-08-28 ------
[2026-05-15 22:09:31] Using viirs_af_path: viirs_af_path
[2026-05-15 22:09:31] VIIRS Image Date: ['2020-08-28 00:00:00']
[2026-05-15 22:09:31] Weather image size: 1
[2026-05-15 22:09:31] Forecast duration: 2020-08-29 00:00:00 to 2020-08-30 00:00:00
[2026-05-15 22:09:32] Number of forecast images: 24
[2026-05-15 22:09:32] Using forecast run: 2020-08-28 18:00:00 UTC
[2026-05-15 22:09:33] Forecast Rain Available hours: [6, 7, 8, 9, 10, 11, 12, 13, 14, 15, 16, 17, 18, 19, 20, 21, 22, 23, 24, 25, 26, 27, 28, 29]
[2026-05-15 22:09:33] Valid hours for sum: [12, 18, 24, 29]
[2026-05-15 22:09:34] Drought composite end date: 2020-08-27 06:00:00
[2026-05-15 22:09:34] Land cover year: 2019
[2026-05-15 22:09:36] VIIRS Veg composite: 2020-07-11 → 2020-07-27
[2026-05-15 22:09:40] Started export task: fire_134_dynamic_2020-08-28
[2026-05-15 22:09:40] ------ Processing date=2020-08-29 ------
[2026-05-15 22:09:40] Using viirs_af_path: viirs_af_path
[2026-05-15 22:09:41] VIIRS Image Date: ['2020-08-29 00:00:00']
[2026-05-15 22:09:41] Weather image size: 1
[2026-05-15 22:09:41] Forecast duration: 2020-08-30 00:00:00 to 2020-08-31 00:00:00
[2026-05-15 22:09:42] Number of forecast images: 24
[2026-05-15 22:09:42] Using forecast run: 2020-08-29 18:00:00 UTC
[2026-05-15 22:09:42] Forecast Rain Available hours: [6, 7, 8, 9, 10, 11, 12, 13, 14, 15, 16, 17, 18, 19, 20, 21, 22, 23, 24, 25, 26, 27, 28, 29]
[2026-05-15 22:09:42] Valid hours for sum: [12, 18, 24, 29]
[2026-05-15 22:09:45] Drought composite end date: 2020-08-27 06:00:00
[2026-05-15 22:09:45] Land cover year: 2019
[2026-05-15 22:09:46] VIIRS Veg composite: 2020-07-11 → 2020-07-27
[2026-05-15 22:09:50] Started export task: fire_134_dynamic_2020-08-29
[2026-05-15 22:09:50] END: ----------Event fire_134----------- (Duration: 6.52m)









[2026-05-15 22:09:50] START: ----------Event fire_135-----------
[2026-05-15 22:09:50] ------ Processing date=2020-07-25 ------
[2026-05-15 22:09:50] Using viirs_af_path: viirs_af_path
[2026-05-15 22:09:51] VIIRS Image Date: ['2020-07-25 00:00:00']
[2026-05-15 22:09:51] Weather image size: 1
[2026-05-15 22:09:51] Forecast duration: 2020-07-26 00:00:00 to 2020-07-27 00:00:00
[2026-05-15 22:09:52] Number of forecast images: 24
[2026-05-15 22:09:52] Using forecast run: 2020-07-25 18:00:00 UTC
[2026-05-15 22:09:52] Forecast Rain Available hours: [6, 7, 8, 9, 10, 11, 12, 13, 14, 15, 16, 17, 18, 19, 20, 21, 22, 23, 24, 25, 26, 27, 28, 29]
[2026-05-15 22:09:52] Valid hours for sum: [12, 18, 24, 29]
[2026-05-15 22:09:54] Drought composite end date: 2020-07-23 06:00:00
[2026-05-15 22:09:54] Land cover year: 2019
[2026-05-15 22:09:55] VIIRS Veg composite: 2020-07-11 → 2020-07-27
[2026-05-15 22:09:58] Started export task: fire_135_static
[2026-05-15 22:09:59] Started export task: fire_135_dynamic_2020-07-25
[2026-05-15 22:09:59] ------ Processing date=2020-07-26 ------
[2026-05-15 22:09:59] Using viirs_af_path: viirs_af_path
[2026-05-15 22:09:59] VIIRS Image Date: ['2020-07-26 00:00:00']
[2026-05-15 22:10:00] Weather image size: 1
[2026-05-15 22:10:00] Forecast duration: 2020-07-27 00:00:00 to 2020-07-28 00:00:00
[2026-05-15 22:10:00] Number of forecast images: 24
[2026-05-15 22:10:00] Using forecast run: 2020-07-26 18:00:00 UTC
[2026-05-15 22:10:01] Forecast Rain Available hours: [6, 7, 8, 9, 10, 11, 12, 13, 14, 15, 16, 17, 18, 19, 20, 21, 22, 23, 24, 25, 26, 27, 28, 29]
[2026-05-15 22:10:01] Valid hours for sum: [12, 18, 24, 29]
[2026-05-15 22:10:02] Drought composite end date: 2020-07-23 06:00:00
[2026-05-15 22:10:02] Land cover year: 2019
[2026-05-15 22:10:03] VIIRS Veg composite: 2020-07-11 → 2020-07-27
[2026-05-15 22:10:07] Started export task: fire_135_dynamic_2020-07-26
[2026-05-15 22:10:08] ------ Processing date=2020-07-27 ------
[2026-05-15 22:10:08] Using viirs_af_path: viirs_af_path
[2026-05-15 22:10:08] VIIRS Image Date: ['2020-07-27 00:00:00']
[2026-05-15 22:10:08] Weather image size: 1
[2026-05-15 22:10:08] Forecast duration: 2020-07-28 00:00:00 to 2020-07-29 00:00:00
[2026-05-15 22:10:09] Number of forecast images: 24
[2026-05-15 22:10:09] Using forecast run: 2020-07-27 18:00:00 UTC
[2026-05-15 22:10:10] Forecast Rain Available hours: [6, 7, 8, 9, 10, 11, 12, 13, 14, 15, 16, 17, 18, 19, 20, 21, 22, 23, 24, 25, 26, 27, 28, 29]
[2026-05-15 22:10:10] Valid hours for sum: [12, 18, 24, 29]
[2026-05-15 22:10:12] Drought composite end date: 2020-07-23 06:00:00
[2026-05-15 22:10:12] Land cover year: 2019
[2026-05-15 22:10:13] VIIRS Veg composite: 2020-07-11 → 2020-07-27
[2026-05-15 22:10:16] Started export task: fire_135_dynamic_2020-07-27
[2026-05-15 22:10:16] ------ Processing date=2020-07-28 ------
[2026-05-15 22:10:16] Using viirs_af_path: viirs_af_path
[2026-05-15 22:10:16] VIIRS Image Date: ['2020-07-28 00:00:00']
[2026-05-15 22:10:16] Weather image size: 1
[2026-05-15 22:10:16] Forecast duration: 2020-07-29 00:00:00 to 2020-07-30 00:00:00
[2026-05-15 22:10:17] Number of forecast images: 24
[2026-05-15 22:10:17] Using forecast run: 2020-07-28 18:00:00 UTC
[2026-05-15 22:10:18] Forecast Rain Available hours: [6, 7, 8, 9, 10, 11, 12, 13, 14, 15, 16, 17, 18, 19, 20, 21, 22, 23, 24, 25, 26, 27, 28, 29]
[2026-05-15 22:10:18] Valid hours for sum: [12, 18, 24, 29]
[2026-05-15 22:10:19] Drought composite end date: 2020-07-23 06:00:00
[2026-05-15 22:10:20] Land cover year: 2019
[2026-05-15 22:10:21] VIIRS Veg composite: 2020-07-11 → 2020-07-27
[2026-05-15 22:10:25] Started export task: fire_135_dynamic_2020-07-28
[2026-05-15 22:10:25] ------ Processing date=2020-07-29 ------
[2026-05-15 22:10:25] Using viirs_af_path: viirs_af_path
[2026-05-15 22:10:25] VIIRS Image Date: ['2020-07-29 00:00:00']
[2026-05-15 22:10:26] Weather image size: 1
[2026-05-15 22:10:26] Forecast duration: 2020-07-30 00:00:00 to 2020-07-31 00:00:00
[2026-05-15 22:10:27] Number of forecast images: 24
[2026-05-15 22:10:27] Using forecast run: 2020-07-29 18:00:00 UTC
[2026-05-15 22:10:27] Forecast Rain Available hours: [6, 7, 8, 9, 10, 11, 12, 13, 14, 15, 16, 17, 18, 19, 20, 21, 22, 23, 24, 25, 26, 27, 28, 29]
[2026-05-15 22:10:27] Valid hours for sum: [12, 18, 24, 29]
[2026-05-15 22:10:29] Drought composite end date: 2020-07-28 06:00:00
[2026-05-15 22:10:29] Land cover year: 2019
[2026-05-15 22:10:31] VIIRS Veg composite: 2020-07-11 → 2020-07-27
[2026-05-15 22:10:35] Started export task: fire_135_dynamic_2020-07-29
[2026-05-15 22:10:35] ------ Processing date=2020-07-30 ------
[2026-05-15 22:10:35] Using viirs_af_path: viirs_af_path
[2026-05-15 22:10:35] VIIRS Image Date: ['2020-07-30 00:00:00']
[2026-05-15 22:10:36] Weather image size: 1
[2026-05-15 22:10:36] Forecast duration: 2020-07-31 00:00:00 to 2020-08-01 00:00:00
[2026-05-15 22:10:36] Number of forecast images: 24
[2026-05-15 22:10:36] Using forecast run: 2020-07-30 18:00:00 UTC
[2026-05-15 22:10:37] Forecast Rain Available hours: [6, 7, 8, 9, 10, 11, 12, 13, 14, 15, 16, 17, 18, 19, 20, 21, 22, 23, 24, 25, 26, 27, 28, 29]
[2026-05-15 22:10:37] Valid hours for sum: [12, 18, 24, 29]
[2026-05-15 22:10:39] Drought composite end date: 2020-07-28 06:00:00
[2026-05-15 22:10:40] Land cover year: 2019
[2026-05-15 22:10:40] VIIRS Veg composite: 2020-07-11 → 2020-07-27
[2026-05-15 22:10:44] Started export task: fire_135_dynamic_2020-07-30
[2026-05-15 22:10:45] ------ Processing date=2020-07-31 ------
[2026-05-15 22:10:45] Using viirs_af_path: viirs_af_path
[2026-05-15 22:10:45] VIIRS Image Date: ['2020-07-31 00:00:00']
[2026-05-15 22:10:45] Weather image size: 1
[2026-05-15 22:10:45] Forecast duration: 2020-08-01 00:00:00 to 2020-08-02 00:00:00
[2026-05-15 22:10:46] Number of forecast images: 24
[2026-05-15 22:10:46] Using forecast run: 2020-07-31 18:00:00 UTC
[2026-05-15 22:10:47] Forecast Rain Available hours: [6, 7, 8, 9, 10, 11, 12, 13, 14, 15, 16, 17, 18, 19, 20, 21, 22, 23, 24, 25, 26, 27, 28, 29]
[2026-05-15 22:10:47] Valid hours for sum: [12, 18, 24, 29]
[2026-05-15 22:10:49] Drought composite end date: 2020-07-28 06:00:00
[2026-05-15 22:10:49] Land cover year: 2019
[2026-05-15 22:10:51] VIIRS Veg composite: 2020-07-11 → 2020-07-27
[2026-05-15 22:10:54] Started export task: fire_135_dynamic_2020-07-31
[2026-05-15 22:10:54] ------ Processing date=2020-08-01 ------
[2026-05-15 22:10:54] Using viirs_af_path: viirs_af_path
[2026-05-15 22:10:55] VIIRS Image Date: ['2020-08-01 00:00:00']
[2026-05-15 22:10:55] Weather image size: 1
[2026-05-15 22:10:55] Forecast duration: 2020-08-02 00:00:00 to 2020-08-03 00:00:00
[2026-05-15 22:10:56] Number of forecast images: 24
[2026-05-15 22:10:56] Using forecast run: 2020-08-01 18:00:00 UTC
[2026-05-15 22:10:57] Forecast Rain Available hours: [6, 7, 8, 9, 10, 11, 12, 13, 14, 15, 16, 17, 18, 19, 20, 21, 22, 23, 24, 25, 26, 27, 28, 29]
[2026-05-15 22:10:57] Valid hours for sum: [12, 18, 24, 29]
[2026-05-15 22:10:58] Drought composite end date: 2020-07-28 06:00:00
[2026-05-15 22:10:58] Land cover year: 2019
[2026-05-15 22:59:35] END: ----------Event fire_135----------- (Duration: 35.25m)
[2026-05-15 22:59:35] END: Dataset Creation Run (Duration: 3.10h)


delete 135