[2026-05-16 15:28:48] START: Dataset Creation Run
[2026-05-16 15:28:48] Loading config from /Users/rabinatwayana/2_CDE_MT/CL/CDE_Master_Thesis_Wildfire_CL/dataset_creation/output_events_yaml/manual_selected_events_2021.yaml
[2026-05-16 15:28:48] Using key file: key/gcloud_key.json
[2026-05-16 15:28:48] Using service account: None
[2026-05-16 15:28:48] Using VIIRS AF asset path: projects/wsts-dataset-creation/assets/viirs_snpp_fire_archive_jun2016_apr2026
[2026-05-16 15:28:48] START: Earth Engine Initialization
[2026-05-16 15:28:52] VIIRS AF asset accessible: projects/wsts-dataset-creation/assets/viirs_snpp_fire_archive_jun2016_apr2026
[2026-05-16 15:28:52] END: Earth Engine Initialization (Duration: 3.12s)
[2026-05-16 15:28:52] Total fire events to process: 21
[2026-05-16 15:28:52] =======Config=============
[2026-05-16 15:28:52] output_bucket: wsts_dataset
[2026-05-16 15:28:52] global_degree_bbox_size: 1.0
[2026-05-16 15:28:52] year: 2021
[2026-05-16 15:28:52] export_crs: EPSG:5070
[2026-05-16 15:28:52] export_resolution: 375
[2026-05-16 15:28:52] pre_buffer_days: 8
[2026-05-16 15:28:52] post_buffer_days: 2
[2026-05-16 15:28:52] START: ----------Event fire_210-----------
[2026-05-16 15:28:52] ------ Processing date=2021-07-14 ------
[2026-05-16 15:28:52] Using viirs_af_path: viirs_af_path
[2026-05-16 15:28:53] VIIRS Image Date: ['2021-07-14 00:00:00']
[2026-05-16 15:28:53] Weather image size: 1
[2026-05-16 15:28:53] Forecast duration: 2021-07-15 00:00:00 to 2021-07-16 00:00:00
[2026-05-16 15:28:54] Number of forecast images: 24
[2026-05-16 15:28:54] Using forecast run: 2021-07-14 18:00:00 UTC
[2026-05-16 15:28:55] Forecast Rain Available hours: [6, 7, 8, 9, 10, 11, 12, 13, 14, 15, 16, 17, 18, 19, 20, 21, 22, 23, 24, 25, 26, 27, 28, 29]
[2026-05-16 15:28:55] Valid hours for sum: [12, 18, 24, 29]
[2026-05-16 15:28:58] Drought composite end date: 2021-07-09 06:00:00
[2026-05-16 15:28:58] Land cover year: 2020
[2026-05-16 15:29:01] VIIRS Veg composite: 2021-07-04 → 2021-07-20
[2026-05-16 15:29:06] Started export task: fire_210_static
[2026-05-16 15:29:07] Started export task: fire_210_dynamic_2021-07-14
[2026-05-16 15:29:08] ------ Processing date=2021-07-15 ------
[2026-05-16 15:29:08] Using viirs_af_path: viirs_af_path
[2026-05-16 15:29:08] VIIRS Image Date: ['2021-07-15 00:00:00']
[2026-05-16 15:29:09] Weather image size: 1
[2026-05-16 15:29:09] Forecast duration: 2021-07-16 00:00:00 to 2021-07-17 00:00:00
[2026-05-16 15:29:10] Number of forecast images: 24
[2026-05-16 15:29:10] Using forecast run: 2021-07-15 18:00:00 UTC
[2026-05-16 15:29:10] Forecast Rain Available hours: [6, 7, 8, 9, 10, 11, 12, 13, 14, 15, 16, 17, 18, 19, 20, 21, 22, 23, 24, 25, 26, 27, 28, 29]
[2026-05-16 15:29:10] Valid hours for sum: [12, 18, 24, 29]
[2026-05-16 15:29:12] Drought composite end date: 2021-07-14 06:00:00
[2026-05-16 15:29:12] Land cover year: 2020
[2026-05-16 15:29:14] VIIRS Veg composite: 2021-07-04 → 2021-07-20
[2026-05-16 15:29:18] Started export task: fire_210_dynamic_2021-07-15
[2026-05-16 15:29:18] ------ Processing date=2021-07-16 ------
[2026-05-16 15:29:18] Using viirs_af_path: viirs_af_path
[2026-05-16 15:29:19] VIIRS Image Date: ['2021-07-16 00:00:00']
[2026-05-16 15:29:19] Weather image size: 1
[2026-05-16 15:29:19] Forecast duration: 2021-07-17 00:00:00 to 2021-07-18 00:00:00
[2026-05-16 15:29:21] Number of forecast images: 24
[2026-05-16 15:29:21] Using forecast run: 2021-07-16 18:00:00 UTC
[2026-05-16 15:29:22] Forecast Rain Available hours: [6, 7, 8, 9, 10, 11, 12, 13, 14, 15, 16, 17, 18, 19, 20, 21, 22, 23, 24, 25, 26, 27, 28, 29]
[2026-05-16 15:29:22] Valid hours for sum: [12, 18, 24, 29]
[2026-05-16 15:29:23] Drought composite end date: 2021-07-14 06:00:00
[2026-05-16 15:29:23] Land cover year: 2020
[2026-05-16 15:29:24] VIIRS Veg composite: 2021-07-04 → 2021-07-20
[2026-05-16 15:29:29] Started export task: fire_210_dynamic_2021-07-16
[2026-05-16 15:29:30] ------ Processing date=2021-07-17 ------
[2026-05-16 15:29:30] Using viirs_af_path: viirs_af_path
[2026-05-16 15:29:31] VIIRS Image Date: ['2021-07-17 00:00:00']
[2026-05-16 15:29:31] Weather image size: 1
[2026-05-16 15:29:31] Forecast duration: 2021-07-18 00:00:00 to 2021-07-19 00:00:00
[2026-05-16 15:29:33] Number of forecast images: 24
[2026-05-16 15:29:33] Using forecast run: 2021-07-17 18:00:00 UTC
[2026-05-16 15:29:33] Forecast Rain Available hours: [6, 7, 8, 9, 10, 11, 12, 13, 14, 15, 16, 17, 18, 19, 20, 21, 22, 23, 24, 25, 26, 27, 28, 29]
[2026-05-16 15:29:33] Valid hours for sum: [12, 18, 24, 29]
[2026-05-16 15:29:36] Drought composite end date: 2021-07-14 06:00:00
[2026-05-16 15:29:36] Land cover year: 2020
[2026-05-16 15:29:37] VIIRS Veg composite: 2021-07-04 → 2021-07-20
[2026-05-16 15:29:42] Started export task: fire_210_dynamic_2021-07-17
[2026-05-16 15:29:43] ------ Processing date=2021-07-18 ------
[2026-05-16 15:29:43] Using viirs_af_path: viirs_af_path
[2026-05-16 15:29:44] VIIRS Image Date: ['2021-07-18 00:00:00']
[2026-05-16 15:29:44] Weather image size: 1
[2026-05-16 15:29:44] Forecast duration: 2021-07-19 00:00:00 to 2021-07-20 00:00:00
[2026-05-16 15:29:45] Number of forecast images: 24
[2026-05-16 15:29:45] Using forecast run: 2021-07-18 18:00:00 UTC
[2026-05-16 15:29:45] Forecast Rain Available hours: [6, 7, 8, 9, 10, 11, 12, 13, 14, 15, 16, 17, 18, 19, 20, 21, 22, 23, 24, 25, 26, 27, 28, 29]
[2026-05-16 15:29:45] Valid hours for sum: [12, 18, 24, 29]
[2026-05-16 15:29:48] Drought composite end date: 2021-07-14 06:00:00
[2026-05-16 15:29:49] Land cover year: 2020
[2026-05-16 15:29:50] VIIRS Veg composite: 2021-07-04 → 2021-07-20
[2026-05-16 15:29:53] Started export task: fire_210_dynamic_2021-07-18
[2026-05-16 15:29:54] ------ Processing date=2021-07-19 ------
[2026-05-16 15:29:54] Using viirs_af_path: viirs_af_path
[2026-05-16 15:29:54] VIIRS Image Date: ['2021-07-19 00:00:00']
[2026-05-16 15:29:55] Weather image size: 1
[2026-05-16 15:29:55] Forecast duration: 2021-07-20 00:00:00 to 2021-07-21 00:00:00
[2026-05-16 15:29:56] Number of forecast images: 24
[2026-05-16 15:29:56] Using forecast run: 2021-07-19 18:00:00 UTC
[2026-05-16 15:29:57] Forecast Rain Available hours: [6, 7, 8, 9, 10, 11, 12, 13, 14, 15, 16, 17, 18, 19, 20, 21, 22, 23, 24, 25, 26, 27, 28, 29]
[2026-05-16 15:29:57] Valid hours for sum: [12, 18, 24, 29]
[2026-05-16 15:29:59] Drought composite end date: 2021-07-14 06:00:00
[2026-05-16 15:30:00] Land cover year: 2020
[2026-05-16 15:30:01] VIIRS Veg composite: 2021-07-04 → 2021-07-20
[2026-05-16 15:30:06] Started export task: fire_210_dynamic_2021-07-19
[2026-05-16 15:30:06] ------ Processing date=2021-07-20 ------
[2026-05-16 15:30:06] Using viirs_af_path: viirs_af_path
[2026-05-16 15:30:07] VIIRS Image Date: ['2021-07-20 00:00:00']
[2026-05-16 15:30:07] Weather image size: 1
[2026-05-16 15:30:07] Forecast duration: 2021-07-21 00:00:00 to 2021-07-22 00:00:00
[2026-05-16 15:30:09] Number of forecast images: 24
[2026-05-16 15:30:09] Using forecast run: 2021-07-20 18:00:00 UTC
[2026-05-16 15:30:11] Forecast Rain Available hours: [6, 7, 8, 9, 10, 11, 12, 13, 14, 15, 16, 17, 18, 19, 20, 21, 22, 23, 24, 25, 26, 27, 28, 29]
[2026-05-16 15:30:11] Valid hours for sum: [12, 18, 24, 29]
[2026-05-16 15:30:13] Drought composite end date: 2021-07-19 06:00:00
[2026-05-16 15:30:14] Land cover year: 2020
[2026-05-16 15:30:15] VIIRS Veg composite: 2021-07-04 → 2021-07-20
[2026-05-16 15:30:18] Started export task: fire_210_dynamic_2021-07-20
[2026-05-16 15:30:19] ------ Processing date=2021-07-21 ------
[2026-05-16 15:30:19] Using viirs_af_path: viirs_af_path
[2026-05-16 15:30:19] VIIRS Image Date: ['2021-07-21 00:00:00']
[2026-05-16 15:30:19] Weather image size: 1
[2026-05-16 15:30:19] Forecast duration: 2021-07-22 00:00:00 to 2021-07-23 00:00:00
[2026-05-16 15:30:20] Number of forecast images: 24
[2026-05-16 15:30:20] Using forecast run: 2021-07-21 18:00:00 UTC
[2026-05-16 15:30:20] Forecast Rain Available hours: [6, 7, 8, 9, 10, 11, 12, 13, 14, 15, 16, 17, 18, 19, 20, 21, 22, 23, 24, 25, 26, 27, 28, 29]
[2026-05-16 15:30:20] Valid hours for sum: [12, 18, 24, 29]
[2026-05-16 15:30:23] Drought composite end date: 2021-07-19 06:00:00
[2026-05-16 15:30:24] Land cover year: 2020
[2026-05-16 15:30:25] VIIRS Veg composite: 2021-07-04 → 2021-07-20
[2026-05-16 15:30:29] Started export task: fire_210_dynamic_2021-07-21
[2026-05-16 15:30:29] ------ Processing date=2021-07-22 ------
[2026-05-16 15:30:29] Using viirs_af_path: viirs_af_path
[2026-05-16 15:30:30] VIIRS Image Date: ['2021-07-22 00:00:00']
[2026-05-16 15:30:30] Weather image size: 1
[2026-05-16 15:30:30] Forecast duration: 2021-07-23 00:00:00 to 2021-07-24 00:00:00
[2026-05-16 15:30:31] Number of forecast images: 24
[2026-05-16 15:30:31] Using forecast run: 2021-07-22 18:00:00 UTC
[2026-05-16 15:30:31] Forecast Rain Available hours: [6, 7, 8, 9, 10, 11, 12, 13, 14, 15, 16, 17, 18, 19, 20, 21, 22, 23, 24, 25, 26, 27, 28, 29]
[2026-05-16 15:30:31] Valid hours for sum: [12, 18, 24, 29]
[2026-05-16 15:30:34] Drought composite end date: 2021-07-19 06:00:00
[2026-05-16 15:30:34] Land cover year: 2020
[2026-05-16 15:30:35] VIIRS Veg composite: 2021-07-04 → 2021-07-20
[2026-05-16 15:30:39] Started export task: fire_210_dynamic_2021-07-22
[2026-05-16 15:30:39] ------ Processing date=2021-07-23 ------
[2026-05-16 15:30:39] Using viirs_af_path: viirs_af_path
[2026-05-16 15:30:39] VIIRS Image Date: ['2021-07-23 00:00:00']
[2026-05-16 15:30:40] Weather image size: 1
[2026-05-16 15:30:40] Forecast duration: 2021-07-24 00:00:00 to 2021-07-25 00:00:00
[2026-05-16 15:30:41] Number of forecast images: 24
[2026-05-16 15:30:41] Using forecast run: 2021-07-23 18:00:00 UTC
[2026-05-16 15:30:41] Forecast Rain Available hours: [6, 7, 8, 9, 10, 11, 12, 13, 14, 15, 16, 17, 18, 19, 20, 21, 22, 23, 24, 25, 26, 27, 28, 29]
[2026-05-16 15:30:41] Valid hours for sum: [12, 18, 24, 29]
[2026-05-16 15:30:43] Drought composite end date: 2021-07-19 06:00:00
[2026-05-16 15:30:44] Land cover year: 2020
[2026-05-16 15:30:45] VIIRS Veg composite: 2021-07-04 → 2021-07-20
[2026-05-16 15:30:50] Started export task: fire_210_dynamic_2021-07-23
[2026-05-16 15:30:51] ------ Processing date=2021-07-24 ------
[2026-05-16 15:30:51] Using viirs_af_path: viirs_af_path
[2026-05-16 15:30:51] VIIRS Image Date: ['2021-07-24 00:00:00']
[2026-05-16 15:30:52] Weather image size: 1
[2026-05-16 15:30:52] Forecast duration: 2021-07-25 00:00:00 to 2021-07-26 00:00:00
[2026-05-16 15:30:52] Number of forecast images: 24
[2026-05-16 15:30:52] Using forecast run: 2021-07-24 18:00:00 UTC
[2026-05-16 15:30:53] Forecast Rain Available hours: [6, 7, 8, 9, 10, 11, 12, 13, 14, 15, 16, 17, 18, 19, 20, 21, 22, 23, 24, 25, 26, 27, 28, 29]
[2026-05-16 15:30:53] Valid hours for sum: [12, 18, 24, 29]
[2026-05-16 15:30:54] Drought composite end date: 2021-07-19 06:00:00
[2026-05-16 15:30:54] Land cover year: 2020
[2026-05-16 15:30:55] VIIRS Veg composite: 2021-07-04 → 2021-07-20
[2026-05-16 15:30:58] Started export task: fire_210_dynamic_2021-07-24
[2026-05-16 15:30:59] ------ Processing date=2021-07-25 ------
[2026-05-16 15:30:59] Using viirs_af_path: viirs_af_path
[2026-05-16 15:30:59] VIIRS Image Date: ['2021-07-25 00:00:00']
[2026-05-16 15:30:59] Weather image size: 1
[2026-05-16 15:30:59] Forecast duration: 2021-07-26 00:00:00 to 2021-07-27 00:00:00
[2026-05-16 15:31:01] Number of forecast images: 24
[2026-05-16 15:31:01] Using forecast run: 2021-07-25 18:00:00 UTC
[2026-05-16 15:31:01] Forecast Rain Available hours: [6, 7, 8, 9, 10, 11, 12, 13, 14, 15, 16, 17, 18, 19, 20, 21, 22, 23, 24, 25, 26, 27, 28, 29]
[2026-05-16 15:31:01] Valid hours for sum: [12, 18, 24, 29]
[2026-05-16 15:31:05] Drought composite end date: 2021-07-24 06:00:00
[2026-05-16 15:31:06] Land cover year: 2020
[2026-05-16 15:31:08] VIIRS Veg composite: 2021-07-04 → 2021-07-20
[2026-05-16 15:31:12] Started export task: fire_210_dynamic_2021-07-25
[2026-05-16 15:31:13] ------ Processing date=2021-07-26 ------
[2026-05-16 15:31:13] Using viirs_af_path: viirs_af_path
[2026-05-16 15:31:13] VIIRS Image Date: ['2021-07-26 00:00:00']
[2026-05-16 15:31:13] Weather image size: 1
[2026-05-16 15:31:13] Forecast duration: 2021-07-27 00:00:00 to 2021-07-28 00:00:00
[2026-05-16 15:31:14] Number of forecast images: 24
[2026-05-16 15:31:14] Using forecast run: 2021-07-26 18:00:00 UTC
[2026-05-16 15:31:15] Forecast Rain Available hours: [6, 7, 8, 9, 10, 11, 12, 13, 14, 15, 16, 17, 18, 19, 20, 21, 22, 23, 24, 25, 26, 27, 28, 29]
[2026-05-16 15:31:15] Valid hours for sum: [12, 18, 24, 29]
[2026-05-16 15:31:18] Drought composite end date: 2021-07-24 06:00:00
[2026-05-16 15:31:18] Land cover year: 2020
[2026-05-16 15:31:19] VIIRS Veg composite: 2021-07-04 → 2021-07-20
[2026-05-16 15:31:23] Started export task: fire_210_dynamic_2021-07-26
[2026-05-16 15:31:24] ------ Processing date=2021-07-27 ------
[2026-05-16 15:31:24] Using viirs_af_path: viirs_af_path
[2026-05-16 15:31:24] VIIRS Image Date: ['2021-07-27 00:00:00']
[2026-05-16 15:31:24] Weather image size: 1
[2026-05-16 15:31:24] Forecast duration: 2021-07-28 00:00:00 to 2021-07-29 00:00:00
[2026-05-16 15:31:25] Number of forecast images: 24
[2026-05-16 15:31:25] Using forecast run: 2021-07-27 18:00:00 UTC
[2026-05-16 15:31:26] Forecast Rain Available hours: [6, 7, 8, 9, 10, 11, 12, 13, 14, 15, 16, 17, 18, 19, 20, 21, 22, 23, 24, 25, 26, 27, 28, 29]
[2026-05-16 15:31:26] Valid hours for sum: [12, 18, 24, 29]
[2026-05-16 15:31:28] Drought composite end date: 2021-07-24 06:00:00
[2026-05-16 15:31:29] Land cover year: 2020
[2026-05-16 15:31:30] VIIRS Veg composite: 2021-07-04 → 2021-07-20
[2026-05-16 15:31:34] Started export task: fire_210_dynamic_2021-07-27
[2026-05-16 15:31:36] ------ Processing date=2021-07-28 ------
[2026-05-16 15:31:36] Using viirs_af_path: viirs_af_path
[2026-05-16 15:31:36] VIIRS Image Date: ['2021-07-28 00:00:00']
[2026-05-16 15:31:37] Weather image size: 1
[2026-05-16 15:31:37] Forecast duration: 2021-07-29 00:00:00 to 2021-07-30 00:00:00
[2026-05-16 15:31:38] Number of forecast images: 24
[2026-05-16 15:31:38] Using forecast run: 2021-07-28 18:00:00 UTC
[2026-05-16 15:31:38] Forecast Rain Available hours: [6, 7, 8, 9, 10, 11, 12, 13, 14, 15, 16, 17, 18, 19, 20, 21, 22, 23, 24, 25, 26, 27, 28, 29]
[2026-05-16 15:31:38] Valid hours for sum: [12, 18, 24, 29]
[2026-05-16 15:31:40] Drought composite end date: 2021-07-24 06:00:00
[2026-05-16 15:31:41] Land cover year: 2020
[2026-05-16 15:31:45] VIIRS Veg composite: 2021-07-04 → 2021-07-20
[2026-05-16 15:31:53] Started export task: fire_210_dynamic_2021-07-28
[2026-05-16 15:31:56] ------ Processing date=2021-07-29 ------
[2026-05-16 15:31:56] Using viirs_af_path: viirs_af_path
[2026-05-16 15:31:57] VIIRS Image Date: ['2021-07-29 00:00:00']
[2026-05-16 15:31:58] Weather image size: 1
[2026-05-16 15:31:58] Forecast duration: 2021-07-30 00:00:00 to 2021-07-31 00:00:00
[2026-05-16 15:32:01] Number of forecast images: 24
[2026-05-16 15:32:01] Using forecast run: 2021-07-29 18:00:00 UTC
[2026-05-16 15:32:01] Forecast Rain Available hours: [6, 7, 8, 9, 10, 11, 12, 13, 14, 15, 16, 17, 18, 19, 20, 21, 22, 23, 24, 25, 26, 27, 28, 29]
[2026-05-16 15:32:01] Valid hours for sum: [12, 18, 24, 29]
[2026-05-16 15:32:03] Drought composite end date: 2021-07-24 06:00:00
[2026-05-16 15:32:03] Land cover year: 2020
[2026-05-16 15:32:06] VIIRS Veg composite: 2021-07-04 → 2021-07-20
[2026-05-16 15:32:10] Started export task: fire_210_dynamic_2021-07-29
[2026-05-16 15:32:10] ------ Processing date=2021-07-30 ------
[2026-05-16 15:32:10] Using viirs_af_path: viirs_af_path
[2026-05-16 15:32:11] VIIRS Image Date: ['2021-07-30 00:00:00']
[2026-05-16 15:32:11] Weather image size: 1
[2026-05-16 15:32:11] Forecast duration: 2021-07-31 00:00:00 to 2021-08-01 00:00:00
[2026-05-16 15:32:12] Number of forecast images: 24
[2026-05-16 15:32:12] Using forecast run: 2021-07-30 18:00:00 UTC
[2026-05-16 15:32:12] Forecast Rain Available hours: [6, 7, 8, 9, 10, 11, 12, 13, 14, 15, 16, 17, 18, 19, 20, 21, 22, 23, 24, 25, 26, 27, 28, 29]
[2026-05-16 15:32:12] Valid hours for sum: [12, 18, 24, 29]
[2026-05-16 15:32:14] Drought composite end date: 2021-07-29 06:00:00
[2026-05-16 15:32:14] Land cover year: 2020
[2026-05-16 15:32:15] VIIRS Veg composite: 2021-07-04 → 2021-07-20
[2026-05-16 15:32:20] Started export task: fire_210_dynamic_2021-07-30
[2026-05-16 15:32:21] ------ Processing date=2021-07-31 ------
[2026-05-16 15:32:21] Using viirs_af_path: viirs_af_path
[2026-05-16 15:32:21] VIIRS Image Date: ['2021-07-31 00:00:00']
[2026-05-16 15:32:21] Weather image size: 1
[2026-05-16 15:32:21] Forecast duration: 2021-08-01 00:00:00 to 2021-08-02 00:00:00
[2026-05-16 15:32:22] Number of forecast images: 24
[2026-05-16 15:32:22] Using forecast run: 2021-07-31 18:00:00 UTC
[2026-05-16 15:32:22] Forecast Rain Available hours: [6, 7, 8, 9, 10, 11, 12, 13, 14, 15, 16, 17, 18, 19, 20, 21, 22, 23, 24, 25, 26, 27, 28, 29]
[2026-05-16 15:32:22] Valid hours for sum: [12, 18, 24, 29]
[2026-05-16 15:32:25] Drought composite end date: 2021-07-29 06:00:00
[2026-05-16 15:32:25] Land cover year: 2020
[2026-05-16 15:32:26] VIIRS Veg composite: 2021-07-04 → 2021-07-20
[2026-05-16 15:32:30] Started export task: fire_210_dynamic_2021-07-31
[2026-05-16 15:32:30] ------ Processing date=2021-08-01 ------
[2026-05-16 15:32:30] Using viirs_af_path: viirs_af_path
[2026-05-16 15:32:30] VIIRS Image Date: ['2021-08-01 00:00:00']
[2026-05-16 15:32:31] Weather image size: 1
[2026-05-16 15:32:31] Forecast duration: 2021-08-02 00:00:00 to 2021-08-03 00:00:00
[2026-05-16 15:32:31] Number of forecast images: 24
[2026-05-16 15:32:31] Using forecast run: 2021-08-01 18:00:00 UTC
[2026-05-16 15:32:32] Forecast Rain Available hours: [6, 7, 8, 9, 10, 11, 12, 13, 14, 15, 16, 17, 18, 19, 20, 21, 22, 23, 24, 25, 26, 27, 28, 29]
[2026-05-16 15:32:32] Valid hours for sum: [12, 18, 24, 29]
[2026-05-16 15:32:34] Drought composite end date: 2021-07-29 06:00:00
[2026-05-16 15:32:34] Land cover year: 2020
[2026-05-16 15:32:36] VIIRS Veg composite: 2021-07-04 → 2021-07-20
[2026-05-16 15:32:39] Started export task: fire_210_dynamic_2021-08-01
[2026-05-16 15:32:39] ------ Processing date=2021-08-02 ------
[2026-05-16 15:32:39] Using viirs_af_path: viirs_af_path
[2026-05-16 15:32:40] VIIRS Image Date: ['2021-08-02 00:00:00']
[2026-05-16 15:32:40] Weather image size: 1
[2026-05-16 15:32:40] Forecast duration: 2021-08-03 00:00:00 to 2021-08-04 00:00:00
[2026-05-16 15:32:41] Number of forecast images: 24
[2026-05-16 15:32:41] Using forecast run: 2021-08-02 18:00:00 UTC
[2026-05-16 15:32:41] Forecast Rain Available hours: [6, 7, 8, 9, 10, 11, 12, 13, 14, 15, 16, 17, 18, 19, 20, 21, 22, 23, 24, 25, 26, 27, 28, 29]
[2026-05-16 15:32:41] Valid hours for sum: [12, 18, 24, 29]
[2026-05-16 15:32:43] Drought composite end date: 2021-07-29 06:00:00
[2026-05-16 15:32:43] Land cover year: 2020
[2026-05-16 15:37:28] VIIRS Veg composite: 2021-07-04 → 2021-07-20
[2026-05-16 15:37:33] Started export task: fire_210_dynamic_2021-08-02
[2026-05-16 15:37:34] ------ Processing date=2021-08-03 ------
[2026-05-16 15:37:34] Using viirs_af_path: viirs_af_path
[2026-05-16 15:37:34] VIIRS Image Date: ['2021-08-03 00:00:00']
[2026-05-16 15:37:34] Weather image size: 1
[2026-05-16 15:37:34] Forecast duration: 2021-08-04 00:00:00 to 2021-08-05 00:00:00
[2026-05-16 15:37:35] Number of forecast images: 24
[2026-05-16 15:37:35] Using forecast run: 2021-08-03 18:00:00 UTC
[2026-05-16 15:37:36] Forecast Rain Available hours: [6, 7, 8, 9, 10, 11, 12, 13, 14, 15, 16, 17, 18, 19, 20, 21, 22, 23, 24, 25, 26, 27, 28, 29]
[2026-05-16 15:37:36] Valid hours for sum: [12, 18, 24, 29]
[2026-05-16 15:37:39] Drought composite end date: 2021-07-29 06:00:00
[2026-05-16 15:37:40] Land cover year: 2020
[2026-05-16 15:37:41] VIIRS Veg composite: 2021-07-04 → 2021-07-20
[2026-05-16 15:37:45] Started export task: fire_210_dynamic_2021-08-03
[2026-05-16 15:37:45] ------ Processing date=2021-08-04 ------
[2026-05-16 15:37:45] Using viirs_af_path: viirs_af_path
[2026-05-16 15:37:46] VIIRS Image Date: ['2021-08-04 00:00:00']
[2026-05-16 15:37:46] Weather image size: 1
[2026-05-16 15:37:46] Forecast duration: 2021-08-05 00:00:00 to 2021-08-06 00:00:00
[2026-05-16 15:37:47] Number of forecast images: 24
[2026-05-16 15:37:47] Using forecast run: 2021-08-04 18:00:00 UTC
[2026-05-16 15:37:47] Forecast Rain Available hours: [6, 7, 8, 9, 10, 11, 12, 13, 14, 15, 16, 17, 18, 19, 20, 21, 22, 23, 24, 25, 26, 27, 28, 29]
[2026-05-16 15:37:47] Valid hours for sum: [12, 18, 24, 29]
[2026-05-16 15:37:50] Drought composite end date: 2021-08-03 06:00:00
[2026-05-16 15:37:51] Land cover year: 2020
[2026-05-16 15:37:52] VIIRS Veg composite: 2021-07-04 → 2021-07-20
[2026-05-16 15:37:55] Started export task: fire_210_dynamic_2021-08-04
[2026-05-16 15:37:56] ------ Processing date=2021-08-05 ------
[2026-05-16 15:37:56] Using viirs_af_path: viirs_af_path
[2026-05-16 15:37:57] VIIRS Image Date: ['2021-08-05 00:00:00']
[2026-05-16 15:37:57] Weather image size: 1
[2026-05-16 15:37:57] Forecast duration: 2021-08-06 00:00:00 to 2021-08-07 00:00:00
[2026-05-16 15:37:58] Number of forecast images: 24
[2026-05-16 15:37:58] Using forecast run: 2021-08-05 18:00:00 UTC
[2026-05-16 15:37:59] Forecast Rain Available hours: [6, 7, 8, 9, 10, 11, 12, 13, 14, 15, 16, 17, 18, 19, 20, 21, 22, 23, 24, 25, 26, 27, 28, 29]
[2026-05-16 15:37:59] Valid hours for sum: [12, 18, 24, 29]
[2026-05-16 15:38:01] Drought composite end date: 2021-08-03 06:00:00
[2026-05-16 15:38:02] Land cover year: 2020
[2026-05-16 15:38:03] VIIRS Veg composite: 2021-07-04 → 2021-07-20
[2026-05-16 15:38:05] Started export task: fire_210_dynamic_2021-08-05
[2026-05-16 15:38:06] ------ Processing date=2021-08-06 ------
[2026-05-16 15:38:06] Using viirs_af_path: viirs_af_path
[2026-05-16 15:38:06] VIIRS Image Date: ['2021-08-06 00:00:00']
[2026-05-16 15:38:07] Weather image size: 1
[2026-05-16 15:38:07] Forecast duration: 2021-08-07 00:00:00 to 2021-08-08 00:00:00
[2026-05-16 15:38:08] Number of forecast images: 24
[2026-05-16 15:38:08] Using forecast run: 2021-08-06 18:00:00 UTC
[2026-05-16 15:38:09] Forecast Rain Available hours: [6, 7, 8, 9, 10, 11, 12, 13, 14, 15, 16, 17, 18, 19, 20, 21, 22, 23, 24, 25, 26, 27, 28, 29]
[2026-05-16 15:38:09] Valid hours for sum: [12, 18, 24, 29]
[2026-05-16 15:38:11] Drought composite end date: 2021-08-03 06:00:00
[2026-05-16 15:38:12] Land cover year: 2020
[2026-05-16 15:38:13] VIIRS Veg composite: 2021-07-04 → 2021-07-20
[2026-05-16 15:38:19] Started export task: fire_210_dynamic_2021-08-06
[2026-05-16 15:38:20] ------ Processing date=2021-08-07 ------
[2026-05-16 15:38:20] Using viirs_af_path: viirs_af_path
[2026-05-16 15:38:20] VIIRS Image Date: ['2021-08-07 00:00:00']
[2026-05-16 15:38:21] Weather image size: 1
[2026-05-16 15:38:21] Forecast duration: 2021-08-08 00:00:00 to 2021-08-09 00:00:00
[2026-05-16 15:38:21] Number of forecast images: 24
[2026-05-16 15:38:21] Using forecast run: 2021-08-07 18:00:00 UTC
[2026-05-16 15:38:22] Forecast Rain Available hours: [6, 7, 8, 9, 10, 11, 12, 13, 14, 15, 16, 17, 18, 19, 20, 21, 22, 23, 24, 25, 26, 27, 28, 29]
[2026-05-16 15:38:22] Valid hours for sum: [12, 18, 24, 29]
[2026-05-16 15:38:24] Drought composite end date: 2021-08-03 06:00:00
[2026-05-16 15:38:25] Land cover year: 2020
[2026-05-16 15:38:27] VIIRS Veg composite: 2021-07-04 → 2021-07-20
[2026-05-16 15:38:30] Started export task: fire_210_dynamic_2021-08-07
[2026-05-16 15:38:31] ------ Processing date=2021-08-08 ------
[2026-05-16 15:38:31] Using viirs_af_path: viirs_af_path
[2026-05-16 15:38:31] VIIRS Image Date: ['2021-08-08 00:00:00']
[2026-05-16 15:38:31] Weather image size: 1
[2026-05-16 15:38:31] Forecast duration: 2021-08-09 00:00:00 to 2021-08-10 00:00:00
[2026-05-16 15:38:32] Number of forecast images: 24
[2026-05-16 15:38:32] Using forecast run: 2021-08-08 18:00:00 UTC
[2026-05-16 15:38:33] Forecast Rain Available hours: [6, 7, 8, 9, 10, 11, 12, 13, 14, 15, 16, 17, 18, 19, 20, 21, 22, 23, 24, 25, 26, 27, 28, 29]
[2026-05-16 15:38:33] Valid hours for sum: [12, 18, 24, 29]
[2026-05-16 15:38:35] Drought composite end date: 2021-08-03 06:00:00
[2026-05-16 15:38:35] Land cover year: 2020
[2026-05-16 15:38:37] VIIRS Veg composite: 2021-07-04 → 2021-07-20
[2026-05-16 15:38:40] Started export task: fire_210_dynamic_2021-08-08
[2026-05-16 15:38:41] END: ----------Event fire_210----------- (Duration: 9.82m)
[2026-05-16 15:38:41] START: ----------Event fire_211-----------
[2026-05-16 15:38:41] ------ Processing date=2021-07-14 ------
[2026-05-16 15:38:41] Using viirs_af_path: viirs_af_path
[2026-05-16 15:38:41] VIIRS Image Date: ['2021-07-14 00:00:00']
[2026-05-16 15:38:41] Weather image size: 1
[2026-05-16 15:38:41] Forecast duration: 2021-07-15 00:00:00 to 2021-07-16 00:00:00
[2026-05-16 15:38:42] Number of forecast images: 24
[2026-05-16 15:38:42] Using forecast run: 2021-07-14 18:00:00 UTC
[2026-05-16 15:38:43] Forecast Rain Available hours: [6, 7, 8, 9, 10, 11, 12, 13, 14, 15, 16, 17, 18, 19, 20, 21, 22, 23, 24, 25, 26, 27, 28, 29]
[2026-05-16 15:38:43] Valid hours for sum: [12, 18, 24, 29]
[2026-05-16 15:38:45] Drought composite end date: 2021-07-09 06:00:00
[2026-05-16 15:38:45] Land cover year: 2020
[2026-05-16 15:38:46] VIIRS Veg composite: 2021-07-04 → 2021-07-20
[2026-05-16 15:38:50] Started export task: fire_211_static
[2026-05-16 15:38:51] Started export task: fire_211_dynamic_2021-07-14
[2026-05-16 15:38:51] ------ Processing date=2021-07-15 ------
[2026-05-16 15:38:51] Using viirs_af_path: viirs_af_path
[2026-05-16 15:38:51] VIIRS Image Date: ['2021-07-15 00:00:00']
[2026-05-16 15:38:52] Weather image size: 1
[2026-05-16 15:38:52] Forecast duration: 2021-07-16 00:00:00 to 2021-07-17 00:00:00
[2026-05-16 15:38:54] Number of forecast images: 24
[2026-05-16 15:38:54] Using forecast run: 2021-07-15 18:00:00 UTC
[2026-05-16 15:38:54] Forecast Rain Available hours: [6, 7, 8, 9, 10, 11, 12, 13, 14, 15, 16, 17, 18, 19, 20, 21, 22, 23, 24, 25, 26, 27, 28, 29]
[2026-05-16 15:38:54] Valid hours for sum: [12, 18, 24, 29]
[2026-05-16 15:38:57] Drought composite end date: 2021-07-14 06:00:00
[2026-05-16 15:38:57] Land cover year: 2020
[2026-05-16 15:38:58] VIIRS Veg composite: 2021-07-04 → 2021-07-20
[2026-05-16 15:39:02] Started export task: fire_211_dynamic_2021-07-15
[2026-05-16 15:39:02] ------ Processing date=2021-07-16 ------
[2026-05-16 15:39:02] Using viirs_af_path: viirs_af_path
[2026-05-16 15:39:03] VIIRS Image Date: ['2021-07-16 00:00:00']
[2026-05-16 15:39:03] Weather image size: 1
[2026-05-16 15:39:03] Forecast duration: 2021-07-17 00:00:00 to 2021-07-18 00:00:00
[2026-05-16 15:39:04] Number of forecast images: 24
[2026-05-16 15:39:04] Using forecast run: 2021-07-16 18:00:00 UTC
[2026-05-16 15:39:05] Forecast Rain Available hours: [6, 7, 8, 9, 10, 11, 12, 13, 14, 15, 16, 17, 18, 19, 20, 21, 22, 23, 24, 25, 26, 27, 28, 29]
[2026-05-16 15:39:05] Valid hours for sum: [12, 18, 24, 29]
[2026-05-16 15:39:08] Drought composite end date: 2021-07-14 06:00:00
[2026-05-16 15:39:08] Land cover year: 2020
[2026-05-16 15:39:09] VIIRS Veg composite: 2021-07-04 → 2021-07-20
[2026-05-16 15:39:15] Started export task: fire_211_dynamic_2021-07-16
[2026-05-16 15:39:15] ------ Processing date=2021-07-17 ------
[2026-05-16 15:39:15] Using viirs_af_path: viirs_af_path
[2026-05-16 15:39:15] VIIRS Image Date: ['2021-07-17 00:00:00']
[2026-05-16 15:39:16] Weather image size: 1
[2026-05-16 15:39:16] Forecast duration: 2021-07-18 00:00:00 to 2021-07-19 00:00:00
[2026-05-16 15:39:17] Number of forecast images: 24
[2026-05-16 15:39:17] Using forecast run: 2021-07-17 18:00:00 UTC
[2026-05-16 15:39:17] Forecast Rain Available hours: [6, 7, 8, 9, 10, 11, 12, 13, 14, 15, 16, 17, 18, 19, 20, 21, 22, 23, 24, 25, 26, 27, 28, 29]
[2026-05-16 15:39:17] Valid hours for sum: [12, 18, 24, 29]
[2026-05-16 15:39:19] Drought composite end date: 2021-07-14 06:00:00
[2026-05-16 15:39:19] Land cover year: 2020
[2026-05-16 15:39:20] VIIRS Veg composite: 2021-07-04 → 2021-07-20
[2026-05-16 15:39:24] Started export task: fire_211_dynamic_2021-07-17
[2026-05-16 15:39:25] ------ Processing date=2021-07-18 ------
[2026-05-16 15:39:25] Using viirs_af_path: viirs_af_path
[2026-05-16 15:39:25] VIIRS Image Date: ['2021-07-18 00:00:00']
[2026-05-16 15:39:25] Weather image size: 1
[2026-05-16 15:39:25] Forecast duration: 2021-07-19 00:00:00 to 2021-07-20 00:00:00
[2026-05-16 15:39:26] Number of forecast images: 24
[2026-05-16 15:39:26] Using forecast run: 2021-07-18 18:00:00 UTC
[2026-05-16 15:39:26] Forecast Rain Available hours: [6, 7, 8, 9, 10, 11, 12, 13, 14, 15, 16, 17, 18, 19, 20, 21, 22, 23, 24, 25, 26, 27, 28, 29]
[2026-05-16 15:39:26] Valid hours for sum: [12, 18, 24, 29]
[2026-05-16 15:39:29] Drought composite end date: 2021-07-14 06:00:00
[2026-05-16 15:39:30] Land cover year: 2020
[2026-05-16 15:39:31] VIIRS Veg composite: 2021-07-04 → 2021-07-20
[2026-05-16 15:39:35] Started export task: fire_211_dynamic_2021-07-18
[2026-05-16 15:39:36] ------ Processing date=2021-07-19 ------
[2026-05-16 15:39:36] Using viirs_af_path: viirs_af_path
[2026-05-16 15:39:36] VIIRS Image Date: ['2021-07-19 00:00:00']
[2026-05-16 15:39:37] Weather image size: 1
[2026-05-16 15:39:37] Forecast duration: 2021-07-20 00:00:00 to 2021-07-21 00:00:00
[2026-05-16 15:39:38] Number of forecast images: 24
[2026-05-16 15:39:38] Using forecast run: 2021-07-19 18:00:00 UTC
[2026-05-16 15:39:38] Forecast Rain Available hours: [6, 7, 8, 9, 10, 11, 12, 13, 14, 15, 16, 17, 18, 19, 20, 21, 22, 23, 24, 25, 26, 27, 28, 29]
[2026-05-16 15:39:38] Valid hours for sum: [12, 18, 24, 29]
[2026-05-16 15:39:40] Drought composite end date: 2021-07-14 06:00:00
[2026-05-16 15:39:40] Land cover year: 2020
[2026-05-16 15:39:42] VIIRS Veg composite: 2021-07-04 → 2021-07-20
[2026-05-16 15:39:45] Started export task: fire_211_dynamic_2021-07-19
[2026-05-16 15:39:45] ------ Processing date=2021-07-20 ------
[2026-05-16 15:39:45] Using viirs_af_path: viirs_af_path
[2026-05-16 15:39:46] VIIRS Image Date: ['2021-07-20 00:00:00']
[2026-05-16 15:39:46] Weather image size: 1
[2026-05-16 15:39:46] Forecast duration: 2021-07-21 00:00:00 to 2021-07-22 00:00:00
[2026-05-16 15:39:47] Number of forecast images: 24
[2026-05-16 15:39:47] Using forecast run: 2021-07-20 18:00:00 UTC
[2026-05-16 15:39:48] Forecast Rain Available hours: [6, 7, 8, 9, 10, 11, 12, 13, 14, 15, 16, 17, 18, 19, 20, 21, 22, 23, 24, 25, 26, 27, 28, 29]
[2026-05-16 15:39:48] Valid hours for sum: [12, 18, 24, 29]
[2026-05-16 15:39:50] Drought composite end date: 2021-07-19 06:00:00
[2026-05-16 15:39:51] Land cover year: 2020
[2026-05-16 15:39:51] VIIRS Veg composite: 2021-07-04 → 2021-07-20
[2026-05-16 15:39:55] Started export task: fire_211_dynamic_2021-07-20
[2026-05-16 15:39:56] ------ Processing date=2021-07-21 ------
[2026-05-16 15:39:56] Using viirs_af_path: viirs_af_path
[2026-05-16 15:39:56] VIIRS Image Date: ['2021-07-21 00:00:00']
[2026-05-16 15:39:56] Weather image size: 1
[2026-05-16 15:39:56] Forecast duration: 2021-07-22 00:00:00 to 2021-07-23 00:00:00
[2026-05-16 15:39:58] Number of forecast images: 24
[2026-05-16 15:39:58] Using forecast run: 2021-07-21 18:00:00 UTC
[2026-05-16 15:39:59] Forecast Rain Available hours: [6, 7, 8, 9, 10, 11, 12, 13, 14, 15, 16, 17, 18, 19, 20, 21, 22, 23, 24, 25, 26, 27, 28, 29]
[2026-05-16 15:39:59] Valid hours for sum: [12, 18, 24, 29]
[2026-05-16 15:40:01] Drought composite end date: 2021-07-19 06:00:00
[2026-05-16 15:40:01] Land cover year: 2020
[2026-05-16 15:40:03] VIIRS Veg composite: 2021-07-04 → 2021-07-20
[2026-05-16 15:40:09] Started export task: fire_211_dynamic_2021-07-21
[2026-05-16 15:40:10] ------ Processing date=2021-07-22 ------
[2026-05-16 15:40:10] Using viirs_af_path: viirs_af_path
[2026-05-16 15:40:10] VIIRS Image Date: ['2021-07-22 00:00:00']
[2026-05-16 15:40:11] Weather image size: 1
[2026-05-16 15:40:11] Forecast duration: 2021-07-23 00:00:00 to 2021-07-24 00:00:00
[2026-05-16 15:40:12] Number of forecast images: 24
[2026-05-16 15:40:12] Using forecast run: 2021-07-22 18:00:00 UTC
[2026-05-16 15:40:12] Forecast Rain Available hours: [6, 7, 8, 9, 10, 11, 12, 13, 14, 15, 16, 17, 18, 19, 20, 21, 22, 23, 24, 25, 26, 27, 28, 29]
[2026-05-16 15:40:12] Valid hours for sum: [12, 18, 24, 29]
[2026-05-16 15:40:16] Drought composite end date: 2021-07-19 06:00:00
[2026-05-16 15:40:16] Land cover year: 2020
[2026-05-16 15:40:18] VIIRS Veg composite: 2021-07-04 → 2021-07-20
[2026-05-16 15:40:22] Started export task: fire_211_dynamic_2021-07-22
[2026-05-16 15:40:23] ------ Processing date=2021-07-23 ------
[2026-05-16 15:40:23] Using viirs_af_path: viirs_af_path
[2026-05-16 15:40:23] VIIRS Image Date: ['2021-07-23 00:00:00']
[2026-05-16 15:40:23] Weather image size: 1
[2026-05-16 15:40:23] Forecast duration: 2021-07-24 00:00:00 to 2021-07-25 00:00:00
[2026-05-16 15:40:24] Number of forecast images: 24
[2026-05-16 15:40:24] Using forecast run: 2021-07-23 18:00:00 UTC
[2026-05-16 15:40:24] Forecast Rain Available hours: [6, 7, 8, 9, 10, 11, 12, 13, 14, 15, 16, 17, 18, 19, 20, 21, 22, 23, 24, 25, 26, 27, 28, 29]
[2026-05-16 15:40:24] Valid hours for sum: [12, 18, 24, 29]
[2026-05-16 15:40:27] Drought composite end date: 2021-07-19 06:00:00
[2026-05-16 15:40:27] Land cover year: 2020
[2026-05-16 15:40:29] VIIRS Veg composite: 2021-07-04 → 2021-07-20
[2026-05-16 15:40:33] Started export task: fire_211_dynamic_2021-07-23
[2026-05-16 15:40:34] ------ Processing date=2021-07-24 ------
[2026-05-16 15:40:34] Using viirs_af_path: viirs_af_path
[2026-05-16 15:40:34] VIIRS Image Date: ['2021-07-24 00:00:00']
[2026-05-16 15:40:34] Weather image size: 1
[2026-05-16 15:40:34] Forecast duration: 2021-07-25 00:00:00 to 2021-07-26 00:00:00
[2026-05-16 15:40:35] Number of forecast images: 24
[2026-05-16 15:40:35] Using forecast run: 2021-07-24 18:00:00 UTC
[2026-05-16 15:40:36] Forecast Rain Available hours: [6, 7, 8, 9, 10, 11, 12, 13, 14, 15, 16, 17, 18, 19, 20, 21, 22, 23, 24, 25, 26, 27, 28, 29]
[2026-05-16 15:40:36] Valid hours for sum: [12, 18, 24, 29]
[2026-05-16 15:40:37] Drought composite end date: 2021-07-19 06:00:00
[2026-05-16 15:40:38] Land cover year: 2020
[2026-05-16 15:40:39] VIIRS Veg composite: 2021-07-04 → 2021-07-20
[2026-05-16 15:40:44] Started export task: fire_211_dynamic_2021-07-24
[2026-05-16 15:40:44] ------ Processing date=2021-07-25 ------
[2026-05-16 15:40:44] Using viirs_af_path: viirs_af_path
[2026-05-16 15:40:45] VIIRS Image Date: ['2021-07-25 00:00:00']
[2026-05-16 15:40:45] Weather image size: 1
[2026-05-16 15:40:45] Forecast duration: 2021-07-26 00:00:00 to 2021-07-27 00:00:00
[2026-05-16 15:40:46] Number of forecast images: 24
[2026-05-16 15:40:46] Using forecast run: 2021-07-25 18:00:00 UTC
[2026-05-16 15:40:47] Forecast Rain Available hours: [6, 7, 8, 9, 10, 11, 12, 13, 14, 15, 16, 17, 18, 19, 20, 21, 22, 23, 24, 25, 26, 27, 28, 29]
[2026-05-16 15:40:47] Valid hours for sum: [12, 18, 24, 29]
[2026-05-16 15:40:49] Drought composite end date: 2021-07-24 06:00:00
[2026-05-16 15:40:49] Land cover year: 2020
[2026-05-16 15:40:50] VIIRS Veg composite: 2021-07-04 → 2021-07-20
[2026-05-16 15:40:55] Started export task: fire_211_dynamic_2021-07-25
[2026-05-16 15:40:55] ------ Processing date=2021-07-26 ------
[2026-05-16 15:40:55] Using viirs_af_path: viirs_af_path
[2026-05-16 15:40:56] VIIRS Image Date: ['2021-07-26 00:00:00']
[2026-05-16 15:40:56] Weather image size: 1
[2026-05-16 15:40:56] Forecast duration: 2021-07-27 00:00:00 to 2021-07-28 00:00:00
[2026-05-16 15:40:57] Number of forecast images: 24
[2026-05-16 15:40:57] Using forecast run: 2021-07-26 18:00:00 UTC
[2026-05-16 15:40:57] Forecast Rain Available hours: [6, 7, 8, 9, 10, 11, 12, 13, 14, 15, 16, 17, 18, 19, 20, 21, 22, 23, 24, 25, 26, 27, 28, 29]
[2026-05-16 15:40:57] Valid hours for sum: [12, 18, 24, 29]
[2026-05-16 15:40:59] Drought composite end date: 2021-07-24 06:00:00
[2026-05-16 15:41:01] Land cover year: 2020
[2026-05-16 15:41:02] VIIRS Veg composite: 2021-07-04 → 2021-07-20
[2026-05-16 15:41:08] Started export task: fire_211_dynamic_2021-07-26
[2026-05-16 15:41:08] ------ Processing date=2021-07-27 ------
[2026-05-16 15:41:08] Using viirs_af_path: viirs_af_path
[2026-05-16 15:41:08] VIIRS Image Date: ['2021-07-27 00:00:00']
[2026-05-16 15:41:08] Weather image size: 1
[2026-05-16 15:41:08] Forecast duration: 2021-07-28 00:00:00 to 2021-07-29 00:00:00
[2026-05-16 15:41:09] Number of forecast images: 24
[2026-05-16 15:41:09] Using forecast run: 2021-07-27 18:00:00 UTC
[2026-05-16 15:41:10] Forecast Rain Available hours: [6, 7, 8, 9, 10, 11, 12, 13, 14, 15, 16, 17, 18, 19, 20, 21, 22, 23, 24, 25, 26, 27, 28, 29]
[2026-05-16 15:41:10] Valid hours for sum: [12, 18, 24, 29]
[2026-05-16 15:41:11] Drought composite end date: 2021-07-24 06:00:00
[2026-05-16 15:41:12] Land cover year: 2020
[2026-05-16 15:41:13] VIIRS Veg composite: 2021-07-04 → 2021-07-20
[2026-05-16 15:41:17] Started export task: fire_211_dynamic_2021-07-27
[2026-05-16 15:41:17] ------ Processing date=2021-07-28 ------
[2026-05-16 15:41:17] Using viirs_af_path: viirs_af_path
[2026-05-16 15:41:18] VIIRS Image Date: ['2021-07-28 00:00:00']
[2026-05-16 15:41:18] Weather image size: 1
[2026-05-16 15:41:18] Forecast duration: 2021-07-29 00:00:00 to 2021-07-30 00:00:00
[2026-05-16 15:41:19] Number of forecast images: 24
[2026-05-16 15:41:19] Using forecast run: 2021-07-28 18:00:00 UTC
[2026-05-16 15:41:20] Forecast Rain Available hours: [6, 7, 8, 9, 10, 11, 12, 13, 14, 15, 16, 17, 18, 19, 20, 21, 22, 23, 24, 25, 26, 27, 28, 29]
[2026-05-16 15:41:20] Valid hours for sum: [12, 18, 24, 29]
[2026-05-16 15:41:22] Drought composite end date: 2021-07-24 06:00:00
[2026-05-16 15:41:22] Land cover year: 2020
[2026-05-16 15:41:23] VIIRS Veg composite: 2021-07-04 → 2021-07-20
[2026-05-16 15:41:27] Started export task: fire_211_dynamic_2021-07-28
[2026-05-16 15:41:27] ------ Processing date=2021-07-29 ------
[2026-05-16 15:41:27] Using viirs_af_path: viirs_af_path
[2026-05-16 15:41:28] VIIRS Image Date: ['2021-07-29 00:00:00']
[2026-05-16 15:41:28] Weather image size: 1
[2026-05-16 15:41:28] Forecast duration: 2021-07-30 00:00:00 to 2021-07-31 00:00:00
[2026-05-16 15:41:29] Number of forecast images: 24
[2026-05-16 15:41:29] Using forecast run: 2021-07-29 18:00:00 UTC
[2026-05-16 15:41:30] Forecast Rain Available hours: [6, 7, 8, 9, 10, 11, 12, 13, 14, 15, 16, 17, 18, 19, 20, 21, 22, 23, 24, 25, 26, 27, 28, 29]
[2026-05-16 15:41:30] Valid hours for sum: [12, 18, 24, 29]
[2026-05-16 15:41:32] Drought composite end date: 2021-07-24 06:00:00
[2026-05-16 15:41:32] Land cover year: 2020
[2026-05-16 15:41:33] VIIRS Veg composite: 2021-07-04 → 2021-07-20
[2026-05-16 15:41:36] Started export task: fire_211_dynamic_2021-07-29
[2026-05-16 15:41:37] ------ Processing date=2021-07-30 ------
[2026-05-16 15:41:37] Using viirs_af_path: viirs_af_path
[2026-05-16 15:41:38] VIIRS Image Date: ['2021-07-30 00:00:00']
[2026-05-16 15:41:38] Weather image size: 1
[2026-05-16 15:41:38] Forecast duration: 2021-07-31 00:00:00 to 2021-08-01 00:00:00
[2026-05-16 15:41:39] Number of forecast images: 24
[2026-05-16 15:41:39] Using forecast run: 2021-07-30 18:00:00 UTC
[2026-05-16 15:41:40] Forecast Rain Available hours: [6, 7, 8, 9, 10, 11, 12, 13, 14, 15, 16, 17, 18, 19, 20, 21, 22, 23, 24, 25, 26, 27, 28, 29]
[2026-05-16 15:41:40] Valid hours for sum: [12, 18, 24, 29]
[2026-05-16 15:41:43] Drought composite end date: 2021-07-29 06:00:00
[2026-05-16 15:41:44] Land cover year: 2020
[2026-05-16 15:41:45] VIIRS Veg composite: 2021-07-04 → 2021-07-20
[2026-05-16 15:41:49] Started export task: fire_211_dynamic_2021-07-30
[2026-05-16 15:41:50] END: ----------Event fire_211----------- (Duration: 3.15m)
[2026-05-16 15:41:50] START: ----------Event fire_212-----------
[2026-05-16 15:41:50] ------ Processing date=2021-07-17 ------
[2026-05-16 15:41:50] Using viirs_af_path: viirs_af_path
[2026-05-16 15:41:51] VIIRS Image Date: ['2021-07-17 00:00:00']
[2026-05-16 15:41:52] Weather image size: 1
[2026-05-16 15:41:52] Forecast duration: 2021-07-18 00:00:00 to 2021-07-19 00:00:00
[2026-05-16 15:41:54] Number of forecast images: 24
[2026-05-16 15:41:54] Using forecast run: 2021-07-17 18:00:00 UTC
[2026-05-16 15:41:55] Forecast Rain Available hours: [6, 7, 8, 9, 10, 11, 12, 13, 14, 15, 16, 17, 18, 19, 20, 21, 22, 23, 24, 25, 26, 27, 28, 29]
[2026-05-16 15:41:55] Valid hours for sum: [12, 18, 24, 29]
[2026-05-16 15:41:57] Drought composite end date: 2021-07-14 06:00:00
[2026-05-16 15:41:57] Land cover year: 2020
[2026-05-16 15:41:59] VIIRS Veg composite: 2021-07-04 → 2021-07-20
[2026-05-16 15:42:03] Started export task: fire_212_static
[2026-05-16 15:42:03] Started export task: fire_212_dynamic_2021-07-17
[2026-05-16 15:42:04] ------ Processing date=2021-07-18 ------
[2026-05-16 15:42:04] Using viirs_af_path: viirs_af_path
[2026-05-16 15:42:04] VIIRS Image Date: ['2021-07-18 00:00:00']
[2026-05-16 15:42:04] Weather image size: 1
[2026-05-16 15:42:04] Forecast duration: 2021-07-19 00:00:00 to 2021-07-20 00:00:00
[2026-05-16 15:42:05] Number of forecast images: 24
[2026-05-16 15:42:05] Using forecast run: 2021-07-18 18:00:00 UTC
[2026-05-16 15:42:06] Forecast Rain Available hours: [6, 7, 8, 9, 10, 11, 12, 13, 14, 15, 16, 17, 18, 19, 20, 21, 22, 23, 24, 25, 26, 27, 28, 29]
[2026-05-16 15:42:06] Valid hours for sum: [12, 18, 24, 29]
[2026-05-16 15:42:08] Drought composite end date: 2021-07-14 06:00:00
[2026-05-16 15:42:08] Land cover year: 2020
[2026-05-16 15:42:10] VIIRS Veg composite: 2021-07-04 → 2021-07-20
[2026-05-16 15:42:13] Started export task: fire_212_dynamic_2021-07-18
[2026-05-16 15:42:14] ------ Processing date=2021-07-19 ------
[2026-05-16 15:42:14] Using viirs_af_path: viirs_af_path
[2026-05-16 15:42:14] VIIRS Image Date: ['2021-07-19 00:00:00']
[2026-05-16 15:42:14] Weather image size: 1
[2026-05-16 15:42:14] Forecast duration: 2021-07-20 00:00:00 to 2021-07-21 00:00:00
[2026-05-16 15:42:15] Number of forecast images: 24
[2026-05-16 15:42:15] Using forecast run: 2021-07-19 18:00:00 UTC
[2026-05-16 15:42:16] Forecast Rain Available hours: [6, 7, 8, 9, 10, 11, 12, 13, 14, 15, 16, 17, 18, 19, 20, 21, 22, 23, 24, 25, 26, 27, 28, 29]
[2026-05-16 15:42:16] Valid hours for sum: [12, 18, 24, 29]
[2026-05-16 15:42:18] Drought composite end date: 2021-07-14 06:00:00
[2026-05-16 15:42:19] Land cover year: 2020
[2026-05-16 15:42:20] VIIRS Veg composite: 2021-07-04 → 2021-07-20
[2026-05-16 15:42:26] Started export task: fire_212_dynamic_2021-07-19
[2026-05-16 15:42:27] ------ Processing date=2021-07-20 ------
[2026-05-16 15:42:27] Using viirs_af_path: viirs_af_path
[2026-05-16 15:42:28] VIIRS Image Date: ['2021-07-20 00:00:00']
[2026-05-16 15:42:29] Weather image size: 1
[2026-05-16 15:42:29] Forecast duration: 2021-07-21 00:00:00 to 2021-07-22 00:00:00
[2026-05-16 15:42:30] Number of forecast images: 24
[2026-05-16 15:42:30] Using forecast run: 2021-07-20 18:00:00 UTC
[2026-05-16 15:42:31] Forecast Rain Available hours: [6, 7, 8, 9, 10, 11, 12, 13, 14, 15, 16, 17, 18, 19, 20, 21, 22, 23, 24, 25, 26, 27, 28, 29]
[2026-05-16 15:42:31] Valid hours for sum: [12, 18, 24, 29]
[2026-05-16 15:42:34] Drought composite end date: 2021-07-19 06:00:00
[2026-05-16 15:42:35] Land cover year: 2020
[2026-05-16 15:42:38] VIIRS Veg composite: 2021-07-04 → 2021-07-20
[2026-05-16 15:42:42] Started export task: fire_212_dynamic_2021-07-20
[2026-05-16 15:42:43] ------ Processing date=2021-07-21 ------
[2026-05-16 15:42:43] Using viirs_af_path: viirs_af_path
[2026-05-16 15:42:43] VIIRS Image Date: ['2021-07-21 00:00:00']
[2026-05-16 15:42:43] Weather image size: 1
[2026-05-16 15:42:43] Forecast duration: 2021-07-22 00:00:00 to 2021-07-23 00:00:00
[2026-05-16 15:42:44] Number of forecast images: 24
[2026-05-16 15:42:44] Using forecast run: 2021-07-21 18:00:00 UTC
[2026-05-16 15:42:45] Forecast Rain Available hours: [6, 7, 8, 9, 10, 11, 12, 13, 14, 15, 16, 17, 18, 19, 20, 21, 22, 23, 24, 25, 26, 27, 28, 29]
[2026-05-16 15:42:45] Valid hours for sum: [12, 18, 24, 29]
[2026-05-16 15:42:48] Drought composite end date: 2021-07-19 06:00:00
[2026-05-16 15:42:48] Land cover year: 2020
[2026-05-16 15:42:49] VIIRS Veg composite: 2021-07-04 → 2021-07-20
[2026-05-16 15:42:52] Started export task: fire_212_dynamic_2021-07-21
[2026-05-16 15:42:53] ------ Processing date=2021-07-22 ------
[2026-05-16 15:42:53] Using viirs_af_path: viirs_af_path
[2026-05-16 15:42:53] VIIRS Image Date: ['2021-07-22 00:00:00']
[2026-05-16 15:42:53] Weather image size: 1
[2026-05-16 15:42:53] Forecast duration: 2021-07-23 00:00:00 to 2021-07-24 00:00:00
[2026-05-16 15:42:54] Number of forecast images: 24
[2026-05-16 15:42:54] Using forecast run: 2021-07-22 18:00:00 UTC
[2026-05-16 15:42:54] Forecast Rain Available hours: [6, 7, 8, 9, 10, 11, 12, 13, 14, 15, 16, 17, 18, 19, 20, 21, 22, 23, 24, 25, 26, 27, 28, 29]
[2026-05-16 15:42:54] Valid hours for sum: [12, 18, 24, 29]
[2026-05-16 15:42:57] Drought composite end date: 2021-07-19 06:00:00
[2026-05-16 15:42:57] Land cover year: 2020
[2026-05-16 15:42:58] VIIRS Veg composite: 2021-07-04 → 2021-07-20
[2026-05-16 15:43:03] Started export task: fire_212_dynamic_2021-07-22
[2026-05-16 15:43:03] ------ Processing date=2021-07-23 ------
[2026-05-16 15:43:03] Using viirs_af_path: viirs_af_path
[2026-05-16 15:43:04] VIIRS Image Date: ['2021-07-23 00:00:00']
[2026-05-16 15:43:04] Weather image size: 1
[2026-05-16 15:43:04] Forecast duration: 2021-07-24 00:00:00 to 2021-07-25 00:00:00
[2026-05-16 15:43:05] Number of forecast images: 24
[2026-05-16 15:43:05] Using forecast run: 2021-07-23 18:00:00 UTC
[2026-05-16 15:43:06] Forecast Rain Available hours: [6, 7, 8, 9, 10, 11, 12, 13, 14, 15, 16, 17, 18, 19, 20, 21, 22, 23, 24, 25, 26, 27, 28, 29]
[2026-05-16 15:43:06] Valid hours for sum: [12, 18, 24, 29]
[2026-05-16 15:43:08] Drought composite end date: 2021-07-19 06:00:00
[2026-05-16 15:43:08] Land cover year: 2020
[2026-05-16 15:43:09] VIIRS Veg composite: 2021-07-04 → 2021-07-20
[2026-05-16 15:43:14] Started export task: fire_212_dynamic_2021-07-23
[2026-05-16 15:43:14] ------ Processing date=2021-07-24 ------
[2026-05-16 15:43:14] Using viirs_af_path: viirs_af_path
[2026-05-16 15:43:14] VIIRS Image Date: ['2021-07-24 00:00:00']
[2026-05-16 15:43:15] Weather image size: 1
[2026-05-16 15:43:15] Forecast duration: 2021-07-25 00:00:00 to 2021-07-26 00:00:00
[2026-05-16 15:43:16] Number of forecast images: 24
[2026-05-16 15:43:16] Using forecast run: 2021-07-24 18:00:00 UTC
[2026-05-16 15:43:16] Forecast Rain Available hours: [6, 7, 8, 9, 10, 11, 12, 13, 14, 15, 16, 17, 18, 19, 20, 21, 22, 23, 24, 25, 26, 27, 28, 29]
[2026-05-16 15:43:16] Valid hours for sum: [12, 18, 24, 29]
[2026-05-16 15:43:19] Drought composite end date: 2021-07-19 06:00:00
[2026-05-16 15:43:19] Land cover year: 2020
[2026-05-16 15:43:21] VIIRS Veg composite: 2021-07-04 → 2021-07-20
[2026-05-16 15:43:23] Started export task: fire_212_dynamic_2021-07-24
[2026-05-16 15:43:24] ------ Processing date=2021-07-25 ------
[2026-05-16 15:43:24] Using viirs_af_path: viirs_af_path
[2026-05-16 15:43:24] VIIRS Image Date: ['2021-07-25 00:00:00']
[2026-05-16 15:43:25] Weather image size: 1
[2026-05-16 15:43:25] Forecast duration: 2021-07-26 00:00:00 to 2021-07-27 00:00:00
[2026-05-16 15:43:25] Number of forecast images: 24
[2026-05-16 15:43:25] Using forecast run: 2021-07-25 18:00:00 UTC
[2026-05-16 15:43:26] Forecast Rain Available hours: [6, 7, 8, 9, 10, 11, 12, 13, 14, 15, 16, 17, 18, 19, 20, 21, 22, 23, 24, 25, 26, 27, 28, 29]
[2026-05-16 15:43:26] Valid hours for sum: [12, 18, 24, 29]
[2026-05-16 15:43:28] Drought composite end date: 2021-07-24 06:00:00
[2026-05-16 15:43:29] Land cover year: 2020
[2026-05-16 15:43:30] VIIRS Veg composite: 2021-07-04 → 2021-07-20
[2026-05-16 15:43:32] Started export task: fire_212_dynamic_2021-07-25
[2026-05-16 15:43:33] ------ Processing date=2021-07-26 ------
[2026-05-16 15:43:33] Using viirs_af_path: viirs_af_path
[2026-05-16 15:43:34] VIIRS Image Date: ['2021-07-26 00:00:00']
[2026-05-16 15:43:34] Weather image size: 1
[2026-05-16 15:43:34] Forecast duration: 2021-07-27 00:00:00 to 2021-07-28 00:00:00
[2026-05-16 15:43:35] Number of forecast images: 24
[2026-05-16 15:43:35] Using forecast run: 2021-07-26 18:00:00 UTC
[2026-05-16 15:43:35] Forecast Rain Available hours: [6, 7, 8, 9, 10, 11, 12, 13, 14, 15, 16, 17, 18, 19, 20, 21, 22, 23, 24, 25, 26, 27, 28, 29]
[2026-05-16 15:43:35] Valid hours for sum: [12, 18, 24, 29]
[2026-05-16 15:43:37] Drought composite end date: 2021-07-24 06:00:00
[2026-05-16 15:43:37] Land cover year: 2020
[2026-05-16 15:43:38] VIIRS Veg composite: 2021-07-04 → 2021-07-20
[2026-05-16 15:43:42] Started export task: fire_212_dynamic_2021-07-26
[2026-05-16 15:43:43] ------ Processing date=2021-07-27 ------
[2026-05-16 15:43:43] Using viirs_af_path: viirs_af_path
[2026-05-16 15:43:43] VIIRS Image Date: ['2021-07-27 00:00:00']
[2026-05-16 15:43:43] Weather image size: 1
[2026-05-16 15:43:43] Forecast duration: 2021-07-28 00:00:00 to 2021-07-29 00:00:00
[2026-05-16 15:43:44] Number of forecast images: 24
[2026-05-16 15:43:44] Using forecast run: 2021-07-27 18:00:00 UTC
[2026-05-16 15:43:45] Forecast Rain Available hours: [6, 7, 8, 9, 10, 11, 12, 13, 14, 15, 16, 17, 18, 19, 20, 21, 22, 23, 24, 25, 26, 27, 28, 29]
[2026-05-16 15:43:45] Valid hours for sum: [12, 18, 24, 29]
[2026-05-16 15:43:47] Drought composite end date: 2021-07-24 06:00:00
[2026-05-16 15:43:48] Land cover year: 2020
[2026-05-16 15:43:49] VIIRS Veg composite: 2021-07-04 → 2021-07-20
[2026-05-16 15:43:54] Started export task: fire_212_dynamic_2021-07-27
[2026-05-16 15:43:54] ------ Processing date=2021-07-28 ------
[2026-05-16 15:43:54] Using viirs_af_path: viirs_af_path
[2026-05-16 15:43:55] VIIRS Image Date: ['2021-07-28 00:00:00']
[2026-05-16 15:43:55] Weather image size: 1
[2026-05-16 15:43:55] Forecast duration: 2021-07-29 00:00:00 to 2021-07-30 00:00:00
[2026-05-16 15:43:55] Number of forecast images: 24
[2026-05-16 15:43:55] Using forecast run: 2021-07-28 18:00:00 UTC
[2026-05-16 15:43:56] Forecast Rain Available hours: [6, 7, 8, 9, 10, 11, 12, 13, 14, 15, 16, 17, 18, 19, 20, 21, 22, 23, 24, 25, 26, 27, 28, 29]
[2026-05-16 15:43:56] Valid hours for sum: [12, 18, 24, 29]
[2026-05-16 15:43:58] Drought composite end date: 2021-07-24 06:00:00
[2026-05-16 15:43:58] Land cover year: 2020
[2026-05-16 15:43:59] VIIRS Veg composite: 2021-07-04 → 2021-07-20
[2026-05-16 15:44:02] Started export task: fire_212_dynamic_2021-07-28
[2026-05-16 15:44:03] ------ Processing date=2021-07-29 ------
[2026-05-16 15:44:03] Using viirs_af_path: viirs_af_path
[2026-05-16 15:44:04] VIIRS Image Date: ['2021-07-29 00:00:00']
[2026-05-16 15:44:04] Weather image size: 1
[2026-05-16 15:44:04] Forecast duration: 2021-07-30 00:00:00 to 2021-07-31 00:00:00
[2026-05-16 15:44:05] Number of forecast images: 24
[2026-05-16 15:44:05] Using forecast run: 2021-07-29 18:00:00 UTC
[2026-05-16 15:44:06] Forecast Rain Available hours: [6, 7, 8, 9, 10, 11, 12, 13, 14, 15, 16, 17, 18, 19, 20, 21, 22, 23, 24, 25, 26, 27, 28, 29]
[2026-05-16 15:44:06] Valid hours for sum: [12, 18, 24, 29]
[2026-05-16 15:44:08] Drought composite end date: 2021-07-24 06:00:00
[2026-05-16 15:44:09] Land cover year: 2020
[2026-05-16 15:44:10] VIIRS Veg composite: 2021-07-04 → 2021-07-20
[2026-05-16 15:44:14] Started export task: fire_212_dynamic_2021-07-29
[2026-05-16 15:44:14] ------ Processing date=2021-07-30 ------
[2026-05-16 15:44:14] Using viirs_af_path: viirs_af_path
[2026-05-16 15:44:15] VIIRS Image Date: ['2021-07-30 00:00:00']
[2026-05-16 15:44:15] Weather image size: 1
[2026-05-16 15:44:15] Forecast duration: 2021-07-31 00:00:00 to 2021-08-01 00:00:00
[2026-05-16 15:44:16] Number of forecast images: 24
[2026-05-16 15:44:16] Using forecast run: 2021-07-30 18:00:00 UTC
[2026-05-16 15:44:16] Forecast Rain Available hours: [6, 7, 8, 9, 10, 11, 12, 13, 14, 15, 16, 17, 18, 19, 20, 21, 22, 23, 24, 25, 26, 27, 28, 29]
[2026-05-16 15:44:16] Valid hours for sum: [12, 18, 24, 29]
[2026-05-16 15:44:19] Drought composite end date: 2021-07-29 06:00:00
[2026-05-16 15:44:19] Land cover year: 2020
[2026-05-16 15:44:20] VIIRS Veg composite: 2021-07-04 → 2021-07-20
[2026-05-16 15:44:23] Started export task: fire_212_dynamic_2021-07-30
[2026-05-16 15:44:24] ------ Processing date=2021-07-31 ------
[2026-05-16 15:44:24] Using viirs_af_path: viirs_af_path
[2026-05-16 15:44:24] VIIRS Image Date: ['2021-07-31 00:00:00']
[2026-05-16 15:44:24] Weather image size: 1
[2026-05-16 15:44:24] Forecast duration: 2021-08-01 00:00:00 to 2021-08-02 00:00:00
[2026-05-16 15:44:26] Number of forecast images: 24
[2026-05-16 15:44:26] Using forecast run: 2021-07-31 18:00:00 UTC
[2026-05-16 15:44:26] Forecast Rain Available hours: [6, 7, 8, 9, 10, 11, 12, 13, 14, 15, 16, 17, 18, 19, 20, 21, 22, 23, 24, 25, 26, 27, 28, 29]
[2026-05-16 15:44:26] Valid hours for sum: [12, 18, 24, 29]
[2026-05-16 15:44:28] Drought composite end date: 2021-07-29 06:00:00
[2026-05-16 15:44:28] Land cover year: 2020
[2026-05-16 15:44:29] VIIRS Veg composite: 2021-07-04 → 2021-07-20
[2026-05-16 15:44:33] Started export task: fire_212_dynamic_2021-07-31
[2026-05-16 15:44:33] ------ Processing date=2021-08-01 ------
[2026-05-16 15:44:33] Using viirs_af_path: viirs_af_path
[2026-05-16 15:44:34] VIIRS Image Date: ['2021-08-01 00:00:00']
[2026-05-16 15:44:34] Weather image size: 1
[2026-05-16 15:44:34] Forecast duration: 2021-08-02 00:00:00 to 2021-08-03 00:00:00
[2026-05-16 15:44:35] Number of forecast images: 24
[2026-05-16 15:44:35] Using forecast run: 2021-08-01 18:00:00 UTC
[2026-05-16 15:44:36] Forecast Rain Available hours: [6, 7, 8, 9, 10, 11, 12, 13, 14, 15, 16, 17, 18, 19, 20, 21, 22, 23, 24, 25, 26, 27, 28, 29]
[2026-05-16 15:44:36] Valid hours for sum: [12, 18, 24, 29]
[2026-05-16 15:44:38] Drought composite end date: 2021-07-29 06:00:00
[2026-05-16 15:44:38] Land cover year: 2020
[2026-05-16 15:44:39] VIIRS Veg composite: 2021-07-04 → 2021-07-20
[2026-05-16 15:44:42] Started export task: fire_212_dynamic_2021-08-01
[2026-05-16 15:44:42] ------ Processing date=2021-08-02 ------
[2026-05-16 15:44:42] Using viirs_af_path: viirs_af_path
[2026-05-16 15:44:43] VIIRS Image Date: ['2021-08-02 00:00:00']
[2026-05-16 15:44:43] Weather image size: 1
[2026-05-16 15:44:43] Forecast duration: 2021-08-03 00:00:00 to 2021-08-04 00:00:00
[2026-05-16 15:44:45] Number of forecast images: 24
[2026-05-16 15:44:45] Using forecast run: 2021-08-02 18:00:00 UTC
[2026-05-16 15:44:45] Forecast Rain Available hours: [6, 7, 8, 9, 10, 11, 12, 13, 14, 15, 16, 17, 18, 19, 20, 21, 22, 23, 24, 25, 26, 27, 28, 29]
[2026-05-16 15:44:45] Valid hours for sum: [12, 18, 24, 29]
[2026-05-16 15:44:47] Drought composite end date: 2021-07-29 06:00:00
[2026-05-16 15:44:47] Land cover year: 2020
[2026-05-16 15:44:48] VIIRS Veg composite: 2021-07-04 → 2021-07-20
[2026-05-16 15:44:52] Started export task: fire_212_dynamic_2021-08-02
[2026-05-16 15:44:52] ------ Processing date=2021-08-03 ------
[2026-05-16 15:44:52] Using viirs_af_path: viirs_af_path
[2026-05-16 15:44:53] VIIRS Image Date: ['2021-08-03 00:00:00']
[2026-05-16 15:44:53] Weather image size: 1
[2026-05-16 15:44:53] Forecast duration: 2021-08-04 00:00:00 to 2021-08-05 00:00:00
[2026-05-16 15:44:54] Number of forecast images: 24
[2026-05-16 15:44:54] Using forecast run: 2021-08-03 18:00:00 UTC
[2026-05-16 15:44:54] Forecast Rain Available hours: [6, 7, 8, 9, 10, 11, 12, 13, 14, 15, 16, 17, 18, 19, 20, 21, 22, 23, 24, 25, 26, 27, 28, 29]
[2026-05-16 15:44:54] Valid hours for sum: [12, 18, 24, 29]
[2026-05-16 15:44:57] Drought composite end date: 2021-07-29 06:00:00
[2026-05-16 15:44:57] Land cover year: 2020
[2026-05-16 15:44:58] VIIRS Veg composite: 2021-07-04 → 2021-07-20
[2026-05-16 15:45:01] Started export task: fire_212_dynamic_2021-08-03
[2026-05-16 15:45:02] ------ Processing date=2021-08-04 ------
[2026-05-16 15:45:02] Using viirs_af_path: viirs_af_path
[2026-05-16 15:45:02] VIIRS Image Date: ['2021-08-04 00:00:00']
[2026-05-16 15:45:02] Weather image size: 1
[2026-05-16 15:45:02] Forecast duration: 2021-08-05 00:00:00 to 2021-08-06 00:00:00
[2026-05-16 15:45:03] Number of forecast images: 24
[2026-05-16 15:45:03] Using forecast run: 2021-08-04 18:00:00 UTC
[2026-05-16 15:45:04] Forecast Rain Available hours: [6, 7, 8, 9, 10, 11, 12, 13, 14, 15, 16, 17, 18, 19, 20, 21, 22, 23, 24, 25, 26, 27, 28, 29]
[2026-05-16 15:45:04] Valid hours for sum: [12, 18, 24, 29]
[2026-05-16 15:45:07] Drought composite end date: 2021-08-03 06:00:00
[2026-05-16 15:45:07] Land cover year: 2020
[2026-05-16 15:45:08] VIIRS Veg composite: 2021-07-04 → 2021-07-20
[2026-05-16 15:45:11] Started export task: fire_212_dynamic_2021-08-04
[2026-05-16 15:45:11] ------ Processing date=2021-08-05 ------
[2026-05-16 15:45:11] Using viirs_af_path: viirs_af_path
[2026-05-16 15:45:11] VIIRS Image Date: ['2021-08-05 00:00:00']
[2026-05-16 15:45:12] Weather image size: 1
[2026-05-16 15:45:12] Forecast duration: 2021-08-06 00:00:00 to 2021-08-07 00:00:00
[2026-05-16 15:45:13] Number of forecast images: 24
[2026-05-16 15:45:13] Using forecast run: 2021-08-05 18:00:00 UTC
[2026-05-16 15:45:13] Forecast Rain Available hours: [6, 7, 8, 9, 10, 11, 12, 13, 14, 15, 16, 17, 18, 19, 20, 21, 22, 23, 24, 25, 26, 27, 28, 29]
[2026-05-16 15:45:13] Valid hours for sum: [12, 18, 24, 29]
[2026-05-16 15:45:15] Drought composite end date: 2021-08-03 06:00:00
[2026-05-16 15:45:15] Land cover year: 2020
[2026-05-16 15:45:16] VIIRS Veg composite: 2021-07-04 → 2021-07-20
[2026-05-16 15:45:19] Started export task: fire_212_dynamic_2021-08-05
[2026-05-16 15:45:20] ------ Processing date=2021-08-06 ------
[2026-05-16 15:45:20] Using viirs_af_path: viirs_af_path
[2026-05-16 15:45:20] VIIRS Image Date: ['2021-08-06 00:00:00']
[2026-05-16 15:45:21] Weather image size: 1
[2026-05-16 15:45:21] Forecast duration: 2021-08-07 00:00:00 to 2021-08-08 00:00:00
[2026-05-16 15:45:22] Number of forecast images: 24
[2026-05-16 15:45:22] Using forecast run: 2021-08-06 18:00:00 UTC
[2026-05-16 15:45:22] Forecast Rain Available hours: [6, 7, 8, 9, 10, 11, 12, 13, 14, 15, 16, 17, 18, 19, 20, 21, 22, 23, 24, 25, 26, 27, 28, 29]
[2026-05-16 15:45:22] Valid hours for sum: [12, 18, 24, 29]
[2026-05-16 15:45:24] Drought composite end date: 2021-08-03 06:00:00
[2026-05-16 15:45:24] Land cover year: 2020
[2026-05-16 15:45:26] VIIRS Veg composite: 2021-07-04 → 2021-07-20
[2026-05-16 15:45:31] Started export task: fire_212_dynamic_2021-08-06
[2026-05-16 15:45:32] ------ Processing date=2021-08-07 ------
[2026-05-16 15:45:32] Using viirs_af_path: viirs_af_path
[2026-05-16 15:45:32] VIIRS Image Date: ['2021-08-07 00:00:00']
[2026-05-16 15:45:32] Weather image size: 1
[2026-05-16 15:45:32] Forecast duration: 2021-08-08 00:00:00 to 2021-08-09 00:00:00
[2026-05-16 15:45:33] Number of forecast images: 24
[2026-05-16 15:45:33] Using forecast run: 2021-08-07 18:00:00 UTC
[2026-05-16 15:45:33] Forecast Rain Available hours: [6, 7, 8, 9, 10, 11, 12, 13, 14, 15, 16, 17, 18, 19, 20, 21, 22, 23, 24, 25, 26, 27, 28, 29]
[2026-05-16 15:45:33] Valid hours for sum: [12, 18, 24, 29]
[2026-05-16 15:45:35] Drought composite end date: 2021-08-03 06:00:00
[2026-05-16 15:45:36] Land cover year: 2020
[2026-05-16 15:45:36] VIIRS Veg composite: 2021-07-04 → 2021-07-20
[2026-05-16 15:45:42] Started export task: fire_212_dynamic_2021-08-07
[2026-05-16 15:45:42] ------ Processing date=2021-08-08 ------
[2026-05-16 15:45:42] Using viirs_af_path: viirs_af_path
[2026-05-16 15:45:43] VIIRS Image Date: ['2021-08-08 00:00:00']
[2026-05-16 15:45:43] Weather image size: 1
[2026-05-16 15:45:43] Forecast duration: 2021-08-09 00:00:00 to 2021-08-10 00:00:00
[2026-05-16 15:45:44] Number of forecast images: 24
[2026-05-16 15:45:44] Using forecast run: 2021-08-08 18:00:00 UTC
[2026-05-16 15:45:44] Forecast Rain Available hours: [6, 7, 8, 9, 10, 11, 12, 13, 14, 15, 16, 17, 18, 19, 20, 21, 22, 23, 24, 25, 26, 27, 28, 29]
[2026-05-16 15:45:44] Valid hours for sum: [12, 18, 24, 29]
[2026-05-16 15:45:48] Drought composite end date: 2021-08-03 06:00:00
[2026-05-16 15:45:48] Land cover year: 2020
[2026-05-16 15:45:50] VIIRS Veg composite: 2021-07-04 → 2021-07-20
[2026-05-16 15:45:54] Started export task: fire_212_dynamic_2021-08-08
[2026-05-16 15:45:55] ------ Processing date=2021-08-09 ------
[2026-05-16 15:45:55] Using viirs_af_path: viirs_af_path
[2026-05-16 15:45:55] VIIRS Image Date: ['2021-08-09 00:00:00']
[2026-05-16 15:45:56] Weather image size: 1
[2026-05-16 15:45:56] Forecast duration: 2021-08-10 00:00:00 to 2021-08-11 00:00:00
[2026-05-16 15:45:57] Number of forecast images: 24
[2026-05-16 15:45:57] Using forecast run: 2021-08-09 18:00:00 UTC
[2026-05-16 15:45:57] Forecast Rain Available hours: [6, 7, 8, 9, 10, 11, 12, 13, 14, 15, 16, 17, 18, 19, 20, 21, 22, 23, 24, 25, 26, 27, 28, 29]
[2026-05-16 15:45:57] Valid hours for sum: [12, 18, 24, 29]
[2026-05-16 15:45:59] Drought composite end date: 2021-08-08 06:00:00
[2026-05-16 15:46:00] Land cover year: 2020
[2026-05-16 15:46:01] VIIRS Veg composite: 2021-07-04 → 2021-07-20
[2026-05-16 15:46:05] Started export task: fire_212_dynamic_2021-08-09
[2026-05-16 15:46:05] ------ Processing date=2021-08-10 ------
[2026-05-16 15:46:05] Using viirs_af_path: viirs_af_path
[2026-05-16 15:46:05] VIIRS Image Date: ['2021-08-10 00:00:00']
[2026-05-16 15:46:05] Weather image size: 1
[2026-05-16 15:46:05] Forecast duration: 2021-08-11 00:00:00 to 2021-08-12 00:00:00
[2026-05-16 15:46:06] Number of forecast images: 24
[2026-05-16 15:46:06] Using forecast run: 2021-08-10 18:00:00 UTC
[2026-05-16 15:46:06] Forecast Rain Available hours: [6, 7, 8, 9, 10, 11, 12, 13, 14, 15, 16, 17, 18, 19, 20, 21, 22, 23, 24, 25, 26, 27, 28, 29]
[2026-05-16 15:46:06] Valid hours for sum: [12, 18, 24, 29]
[2026-05-16 15:46:09] Drought composite end date: 2021-08-08 06:00:00
[2026-05-16 15:46:09] Land cover year: 2020
[2026-05-16 15:46:11] VIIRS Veg composite: 2021-07-04 → 2021-07-20
[2026-05-16 15:46:15] Started export task: fire_212_dynamic_2021-08-10
[2026-05-16 15:46:15] ------ Processing date=2021-08-11 ------
[2026-05-16 15:46:15] Using viirs_af_path: viirs_af_path
[2026-05-16 15:46:15] VIIRS Image Date: ['2021-08-11 00:00:00']
[2026-05-16 15:46:16] Weather image size: 1
[2026-05-16 15:46:16] Forecast duration: 2021-08-12 00:00:00 to 2021-08-13 00:00:00
[2026-05-16 15:46:17] Number of forecast images: 24
[2026-05-16 15:46:17] Using forecast run: 2021-08-11 18:00:00 UTC
[2026-05-16 15:46:17] Forecast Rain Available hours: [6, 7, 8, 9, 10, 11, 12, 13, 14, 15, 16, 17, 18, 19, 20, 21, 22, 23, 24, 25, 26, 27, 28, 29]
[2026-05-16 15:46:17] Valid hours for sum: [12, 18, 24, 29]
[2026-05-16 15:46:19] Drought composite end date: 2021-08-08 06:00:00
[2026-05-16 15:46:19] Land cover year: 2020
[2026-05-16 15:46:20] VIIRS Veg composite: 2021-07-04 → 2021-07-20
[2026-05-16 15:46:25] Started export task: fire_212_dynamic_2021-08-11
[2026-05-16 15:46:25] ------ Processing date=2021-08-12 ------
[2026-05-16 15:46:25] Using viirs_af_path: viirs_af_path
[2026-05-16 15:46:25] VIIRS Image Date: ['2021-08-12 00:00:00']
[2026-05-16 15:46:26] Weather image size: 1
[2026-05-16 15:46:26] Forecast duration: 2021-08-13 00:00:00 to 2021-08-14 00:00:00
[2026-05-16 15:46:26] Number of forecast images: 24
[2026-05-16 15:46:26] Using forecast run: 2021-08-12 18:00:00 UTC
[2026-05-16 15:46:27] Forecast Rain Available hours: [6, 7, 8, 9, 10, 11, 12, 13, 14, 15, 16, 17, 18, 19, 20, 21, 22, 23, 24, 25, 26, 27, 28, 29]
[2026-05-16 15:46:27] Valid hours for sum: [12, 18, 24, 29]
[2026-05-16 15:46:29] Drought composite end date: 2021-08-08 06:00:00
[2026-05-16 15:46:29] Land cover year: 2020
[2026-05-16 15:46:30] VIIRS Veg composite: 2021-07-04 → 2021-07-20
[2026-05-16 15:46:34] Started export task: fire_212_dynamic_2021-08-12
[2026-05-16 15:46:34] ------ Processing date=2021-08-13 ------
[2026-05-16 15:46:34] Using viirs_af_path: viirs_af_path
[2026-05-16 15:46:35] VIIRS Image Date: ['2021-08-13 00:00:00']
[2026-05-16 15:46:35] Weather image size: 1
[2026-05-16 15:46:35] Forecast duration: 2021-08-14 00:00:00 to 2021-08-15 00:00:00
[2026-05-16 15:46:36] Number of forecast images: 24
[2026-05-16 15:46:36] Using forecast run: 2021-08-13 18:00:00 UTC
[2026-05-16 15:46:36] Forecast Rain Available hours: [6, 7, 8, 9, 10, 11, 12, 13, 14, 15, 16, 17, 18, 19, 20, 21, 22, 23, 24, 25, 26, 27, 28, 29]
[2026-05-16 15:46:36] Valid hours for sum: [12, 18, 24, 29]
[2026-05-16 15:46:38] Drought composite end date: 2021-08-08 06:00:00
[2026-05-16 15:46:38] Land cover year: 2020
[2026-05-16 15:46:39] VIIRS Veg composite: 2021-07-04 → 2021-07-20
[2026-05-16 15:46:43] Started export task: fire_212_dynamic_2021-08-13
[2026-05-16 15:46:44] ------ Processing date=2021-08-14 ------
[2026-05-16 15:46:44] Using viirs_af_path: viirs_af_path
[2026-05-16 15:46:44] VIIRS Image Date: ['2021-08-14 00:00:00']
[2026-05-16 15:46:44] Weather image size: 1
[2026-05-16 15:46:44] Forecast duration: 2021-08-15 00:00:00 to 2021-08-16 00:00:00
[2026-05-16 15:46:45] Number of forecast images: 24
[2026-05-16 15:46:45] Using forecast run: 2021-08-14 18:00:00 UTC
[2026-05-16 15:46:45] Forecast Rain Available hours: [6, 7, 8, 9, 10, 11, 12, 13, 14, 15, 16, 17, 18, 19, 20, 21, 22, 23, 24, 25, 26, 27, 28, 29]
[2026-05-16 15:46:45] Valid hours for sum: [12, 18, 24, 29]
[2026-05-16 15:46:48] Drought composite end date: 2021-08-13 06:00:00
[2026-05-16 15:46:48] Land cover year: 2020
[2026-05-16 15:46:49] VIIRS Veg composite: 2021-07-04 → 2021-07-20
[2026-05-16 15:46:53] Started export task: fire_212_dynamic_2021-08-14
[2026-05-16 15:46:53] ------ Processing date=2021-08-15 ------
[2026-05-16 15:46:53] Using viirs_af_path: viirs_af_path
[2026-05-16 15:46:53] VIIRS Image Date: ['2021-08-15 00:00:00']
[2026-05-16 15:46:54] Weather image size: 1
[2026-05-16 15:46:54] Forecast duration: 2021-08-16 00:00:00 to 2021-08-17 00:00:00
[2026-05-16 15:46:55] Number of forecast images: 24
[2026-05-16 15:46:55] Using forecast run: 2021-08-15 18:00:00 UTC
[2026-05-16 15:46:55] Forecast Rain Available hours: [6, 7, 8, 9, 10, 11, 12, 13, 14, 15, 16, 17, 18, 19, 20, 21, 22, 23, 24, 25, 26, 27, 28, 29]
[2026-05-16 15:46:55] Valid hours for sum: [12, 18, 24, 29]
[2026-05-16 15:46:58] Drought composite end date: 2021-08-13 06:00:00
[2026-05-16 15:46:58] Land cover year: 2020
[2026-05-16 15:47:00] VIIRS Veg composite: 2021-07-04 → 2021-07-20
[2026-05-16 15:47:05] Started export task: fire_212_dynamic_2021-08-15
[2026-05-16 15:47:06] ------ Processing date=2021-08-16 ------
[2026-05-16 15:47:06] Using viirs_af_path: viirs_af_path
[2026-05-16 15:47:06] VIIRS Image Date: ['2021-08-16 00:00:00']
[2026-05-16 15:47:06] Weather image size: 1
[2026-05-16 15:47:06] Forecast duration: 2021-08-17 00:00:00 to 2021-08-18 00:00:00
[2026-05-16 15:47:07] Number of forecast images: 24
[2026-05-16 15:47:07] Using forecast run: 2021-08-16 18:00:00 UTC
[2026-05-16 15:47:07] Forecast Rain Available hours: [6, 7, 8, 9, 10, 11, 12, 13, 14, 15, 16, 17, 18, 19, 20, 21, 22, 23, 24, 25, 26, 27, 28, 29]
[2026-05-16 15:47:07] Valid hours for sum: [12, 18, 24, 29]
[2026-05-16 15:47:10] Drought composite end date: 2021-08-13 06:00:00
[2026-05-16 15:47:10] Land cover year: 2020
[2026-05-16 15:47:11] VIIRS Veg composite: 2021-07-04 → 2021-07-20
[2026-05-16 15:47:15] Started export task: fire_212_dynamic_2021-08-16
[2026-05-16 15:47:15] ------ Processing date=2021-08-17 ------
[2026-05-16 15:47:15] Using viirs_af_path: viirs_af_path
[2026-05-16 15:47:16] VIIRS Image Date: ['2021-08-17 00:00:00']
[2026-05-16 15:47:16] Weather image size: 1
[2026-05-16 15:47:16] Forecast duration: 2021-08-18 00:00:00 to 2021-08-19 00:00:00
[2026-05-16 15:47:17] Number of forecast images: 24
[2026-05-16 15:47:17] Using forecast run: 2021-08-17 18:00:00 UTC
[2026-05-16 15:47:18] Forecast Rain Available hours: [6, 7, 8, 9, 10, 11, 12, 13, 14, 15, 16, 17, 18, 19, 20, 21, 22, 23, 24, 25, 26, 27, 28, 29]
[2026-05-16 15:47:18] Valid hours for sum: [12, 18, 24, 29]
[2026-05-16 15:47:20] Drought composite end date: 2021-08-13 06:00:00
[2026-05-16 15:47:20] Land cover year: 2020
[2026-05-16 15:47:21] VIIRS Veg composite: 2021-07-04 → 2021-07-20
[2026-05-16 15:47:24] Started export task: fire_212_dynamic_2021-08-17
[2026-05-16 15:47:25] ------ Processing date=2021-08-18 ------
[2026-05-16 15:47:25] Using viirs_af_path: viirs_af_path
[2026-05-16 15:47:25] VIIRS Image Date: ['2021-08-18 00:00:00']
[2026-05-16 15:47:25] Weather image size: 1
[2026-05-16 15:47:25] Forecast duration: 2021-08-19 00:00:00 to 2021-08-20 00:00:00
[2026-05-16 15:47:26] Number of forecast images: 24
[2026-05-16 15:47:26] Using forecast run: 2021-08-18 18:00:00 UTC
[2026-05-16 15:47:26] Forecast Rain Available hours: [6, 7, 8, 9, 10, 11, 12, 13, 14, 15, 16, 17, 18, 19, 20, 21, 22, 23, 24, 25, 26, 27, 28, 29]
[2026-05-16 15:47:26] Valid hours for sum: [12, 18, 24, 29]
[2026-05-16 15:47:29] Drought composite end date: 2021-08-13 06:00:00
[2026-05-16 15:47:29] Land cover year: 2020
[2026-05-16 15:47:32] VIIRS Veg composite: 2021-07-04 → 2021-07-20
[2026-05-16 15:47:34] Started export task: fire_212_dynamic_2021-08-18
[2026-05-16 15:47:35] ------ Processing date=2021-08-19 ------
[2026-05-16 15:47:35] Using viirs_af_path: viirs_af_path
[2026-05-16 15:47:35] VIIRS Image Date: ['2021-08-19 00:00:00']
[2026-05-16 15:47:35] Weather image size: 1
[2026-05-16 15:47:35] Forecast duration: 2021-08-20 00:00:00 to 2021-08-21 00:00:00
[2026-05-16 15:47:36] Number of forecast images: 24
[2026-05-16 15:47:36] Using forecast run: 2021-08-19 18:00:00 UTC
[2026-05-16 15:47:37] Forecast Rain Available hours: [6, 7, 8, 9, 10, 11, 12, 13, 14, 15, 16, 17, 18, 19, 20, 21, 22, 23, 24, 25, 26, 27, 28, 29]
[2026-05-16 15:47:37] Valid hours for sum: [12, 18, 24, 29]
[2026-05-16 15:47:38] Drought composite end date: 2021-08-18 06:00:00
[2026-05-16 15:47:41] Land cover year: 2020
[2026-05-16 15:47:42] VIIRS Veg composite: 2021-07-04 → 2021-07-20
[2026-05-16 15:47:45] Started export task: fire_212_dynamic_2021-08-19
[2026-05-16 15:47:46] END: ----------Event fire_212----------- (Duration: 5.93m)
[2026-05-16 15:47:46] START: ----------Event fire_215-----------
[2026-05-16 15:47:47] ------ Processing date=2021-07-22 ------
[2026-05-16 15:47:47] Using viirs_af_path: viirs_af_path
[2026-05-16 15:47:48] VIIRS Image Date: ['2021-07-22 00:00:00']
[2026-05-16 15:47:48] Weather image size: 1
[2026-05-16 15:47:48] Forecast duration: 2021-07-23 00:00:00 to 2021-07-24 00:00:00
[2026-05-16 15:47:49] Number of forecast images: 24
[2026-05-16 15:47:49] Using forecast run: 2021-07-22 18:00:00 UTC
[2026-05-16 15:47:49] Forecast Rain Available hours: [6, 7, 8, 9, 10, 11, 12, 13, 14, 15, 16, 17, 18, 19, 20, 21, 22, 23, 24, 25, 26, 27, 28, 29]
[2026-05-16 15:47:49] Valid hours for sum: [12, 18, 24, 29]
[2026-05-16 15:47:51] Drought composite end date: 2021-07-19 06:00:00
[2026-05-16 15:47:51] Land cover year: 2020
[2026-05-16 15:47:52] VIIRS Veg composite: 2021-07-12 → 2021-07-28
[2026-05-16 15:47:55] Started export task: fire_215_static
[2026-05-16 15:47:56] Started export task: fire_215_dynamic_2021-07-22
[2026-05-16 15:47:56] ------ Processing date=2021-07-23 ------
[2026-05-16 15:47:56] Using viirs_af_path: viirs_af_path
[2026-05-16 15:47:57] VIIRS Image Date: ['2021-07-23 00:00:00']
[2026-05-16 15:47:58] Weather image size: 1
[2026-05-16 15:47:58] Forecast duration: 2021-07-24 00:00:00 to 2021-07-25 00:00:00
[2026-05-16 15:47:58] Number of forecast images: 24
[2026-05-16 15:47:58] Using forecast run: 2021-07-23 18:00:00 UTC
[2026-05-16 15:47:59] Forecast Rain Available hours: [6, 7, 8, 9, 10, 11, 12, 13, 14, 15, 16, 17, 18, 19, 20, 21, 22, 23, 24, 25, 26, 27, 28, 29]
[2026-05-16 15:47:59] Valid hours for sum: [12, 18, 24, 29]
[2026-05-16 15:48:01] Drought composite end date: 2021-07-19 06:00:00
[2026-05-16 15:48:01] Land cover year: 2020
[2026-05-16 15:48:02] VIIRS Veg composite: 2021-07-12 → 2021-07-28
[2026-05-16 15:48:07] Started export task: fire_215_dynamic_2021-07-23
[2026-05-16 15:48:08] ------ Processing date=2021-07-24 ------
[2026-05-16 15:48:08] Using viirs_af_path: viirs_af_path
[2026-05-16 15:48:08] VIIRS Image Date: ['2021-07-24 00:00:00']
[2026-05-16 15:48:08] Weather image size: 1
[2026-05-16 15:48:08] Forecast duration: 2021-07-25 00:00:00 to 2021-07-26 00:00:00
[2026-05-16 15:48:09] Number of forecast images: 24
[2026-05-16 15:48:09] Using forecast run: 2021-07-24 18:00:00 UTC
[2026-05-16 15:48:10] Forecast Rain Available hours: [6, 7, 8, 9, 10, 11, 12, 13, 14, 15, 16, 17, 18, 19, 20, 21, 22, 23, 24, 25, 26, 27, 28, 29]
[2026-05-16 15:48:10] Valid hours for sum: [12, 18, 24, 29]
[2026-05-16 15:48:11] Drought composite end date: 2021-07-19 06:00:00
[2026-05-16 15:48:11] Land cover year: 2020
[2026-05-16 15:48:12] VIIRS Veg composite: 2021-07-12 → 2021-07-28
[2026-05-16 15:48:17] Started export task: fire_215_dynamic_2021-07-24
[2026-05-16 15:48:17] ------ Processing date=2021-07-25 ------
[2026-05-16 15:48:17] Using viirs_af_path: viirs_af_path
[2026-05-16 15:48:17] VIIRS Image Date: ['2021-07-25 00:00:00']
[2026-05-16 15:48:18] Weather image size: 1
[2026-05-16 15:48:18] Forecast duration: 2021-07-26 00:00:00 to 2021-07-27 00:00:00
[2026-05-16 15:48:18] Number of forecast images: 24
[2026-05-16 15:48:18] Using forecast run: 2021-07-25 18:00:00 UTC
[2026-05-16 15:48:19] Forecast Rain Available hours: [6, 7, 8, 9, 10, 11, 12, 13, 14, 15, 16, 17, 18, 19, 20, 21, 22, 23, 24, 25, 26, 27, 28, 29]
[2026-05-16 15:48:19] Valid hours for sum: [12, 18, 24, 29]
[2026-05-16 15:48:21] Drought composite end date: 2021-07-24 06:00:00
[2026-05-16 15:48:22] Land cover year: 2020
[2026-05-16 15:48:24] VIIRS Veg composite: 2021-07-12 → 2021-07-28
[2026-05-16 15:48:27] Started export task: fire_215_dynamic_2021-07-25
[2026-05-16 15:48:27] ------ Processing date=2021-07-26 ------
[2026-05-16 15:48:27] Using viirs_af_path: viirs_af_path
[2026-05-16 15:48:27] VIIRS Image Date: ['2021-07-26 00:00:00']
[2026-05-16 15:48:28] Weather image size: 1
[2026-05-16 15:48:28] Forecast duration: 2021-07-27 00:00:00 to 2021-07-28 00:00:00
[2026-05-16 15:48:29] Number of forecast images: 24
[2026-05-16 15:48:29] Using forecast run: 2021-07-26 18:00:00 UTC
[2026-05-16 15:48:29] Forecast Rain Available hours: [6, 7, 8, 9, 10, 11, 12, 13, 14, 15, 16, 17, 18, 19, 20, 21, 22, 23, 24, 25, 26, 27, 28, 29]
[2026-05-16 15:48:29] Valid hours for sum: [12, 18, 24, 29]
[2026-05-16 15:48:31] Drought composite end date: 2021-07-24 06:00:00
[2026-05-16 15:48:32] Land cover year: 2020
[2026-05-16 15:48:32] VIIRS Veg composite: 2021-07-12 → 2021-07-28
[2026-05-16 15:48:35] Started export task: fire_215_dynamic_2021-07-26
[2026-05-16 15:48:36] ------ Processing date=2021-07-27 ------
[2026-05-16 15:48:36] Using viirs_af_path: viirs_af_path
[2026-05-16 15:48:36] VIIRS Image Date: ['2021-07-27 00:00:00']
[2026-05-16 15:48:36] Weather image size: 1
[2026-05-16 15:48:36] Forecast duration: 2021-07-28 00:00:00 to 2021-07-29 00:00:00
[2026-05-16 15:48:37] Number of forecast images: 24
[2026-05-16 15:48:37] Using forecast run: 2021-07-27 18:00:00 UTC
[2026-05-16 15:48:38] Forecast Rain Available hours: [6, 7, 8, 9, 10, 11, 12, 13, 14, 15, 16, 17, 18, 19, 20, 21, 22, 23, 24, 25, 26, 27, 28, 29]
[2026-05-16 15:48:38] Valid hours for sum: [12, 18, 24, 29]
[2026-05-16 15:48:39] Drought composite end date: 2021-07-24 06:00:00
[2026-05-16 15:48:39] Land cover year: 2020
[2026-05-16 15:48:40] VIIRS Veg composite: 2021-07-12 → 2021-07-28
[2026-05-16 15:48:43] Started export task: fire_215_dynamic_2021-07-27
[2026-05-16 15:48:43] ------ Processing date=2021-07-28 ------
[2026-05-16 15:48:43] Using viirs_af_path: viirs_af_path
[2026-05-16 15:48:43] VIIRS Image Date: ['2021-07-28 00:00:00']
[2026-05-16 15:48:43] Weather image size: 1
[2026-05-16 15:48:43] Forecast duration: 2021-07-29 00:00:00 to 2021-07-30 00:00:00
[2026-05-16 15:48:44] Number of forecast images: 24
[2026-05-16 15:48:44] Using forecast run: 2021-07-28 18:00:00 UTC
[2026-05-16 15:48:45] Forecast Rain Available hours: [6, 7, 8, 9, 10, 11, 12, 13, 14, 15, 16, 17, 18, 19, 20, 21, 22, 23, 24, 25, 26, 27, 28, 29]
[2026-05-16 15:48:45] Valid hours for sum: [12, 18, 24, 29]
[2026-05-16 15:48:46] Drought composite end date: 2021-07-24 06:00:00
[2026-05-16 15:48:46] Land cover year: 2020
[2026-05-16 15:48:47] VIIRS Veg composite: 2021-07-12 → 2021-07-28
[2026-05-16 15:48:52] Started export task: fire_215_dynamic_2021-07-28
[2026-05-16 15:48:52] ------ Processing date=2021-07-29 ------
[2026-05-16 15:48:52] Using viirs_af_path: viirs_af_path
[2026-05-16 15:48:52] VIIRS Image Date: ['2021-07-29 00:00:00']
[2026-05-16 15:48:52] Weather image size: 1
[2026-05-16 15:48:52] Forecast duration: 2021-07-30 00:00:00 to 2021-07-31 00:00:00
[2026-05-16 15:48:53] Number of forecast images: 24
[2026-05-16 15:48:53] Using forecast run: 2021-07-29 18:00:00 UTC
[2026-05-16 15:48:54] Forecast Rain Available hours: [6, 7, 8, 9, 10, 11, 12, 13, 14, 15, 16, 17, 18, 19, 20, 21, 22, 23, 24, 25, 26, 27, 28, 29]
[2026-05-16 15:48:54] Valid hours for sum: [12, 18, 24, 29]
[2026-05-16 15:48:56] Drought composite end date: 2021-07-24 06:00:00
[2026-05-16 15:48:57] Land cover year: 2020
[2026-05-16 15:48:58] VIIRS Veg composite: 2021-07-12 → 2021-07-28
[2026-05-16 15:49:02] Started export task: fire_215_dynamic_2021-07-29
[2026-05-16 15:49:02] ------ Processing date=2021-07-30 ------
[2026-05-16 15:49:02] Using viirs_af_path: viirs_af_path
[2026-05-16 15:49:03] VIIRS Image Date: ['2021-07-30 00:00:00']
[2026-05-16 15:49:03] Weather image size: 1
[2026-05-16 15:49:03] Forecast duration: 2021-07-31 00:00:00 to 2021-08-01 00:00:00
[2026-05-16 15:49:04] Number of forecast images: 24
[2026-05-16 15:49:04] Using forecast run: 2021-07-30 18:00:00 UTC
[2026-05-16 15:49:04] Forecast Rain Available hours: [6, 7, 8, 9, 10, 11, 12, 13, 14, 15, 16, 17, 18, 19, 20, 21, 22, 23, 24, 25, 26, 27, 28, 29]
[2026-05-16 15:49:04] Valid hours for sum: [12, 18, 24, 29]
[2026-05-16 15:49:06] Drought composite end date: 2021-07-29 06:00:00
[2026-05-16 15:49:06] Land cover year: 2020
[2026-05-16 15:49:07] VIIRS Veg composite: 2021-07-12 → 2021-07-28
[2026-05-16 15:49:12] Started export task: fire_215_dynamic_2021-07-30
[2026-05-16 15:49:13] ------ Processing date=2021-07-31 ------
[2026-05-16 15:49:13] Using viirs_af_path: viirs_af_path
[2026-05-16 15:49:13] VIIRS Image Date: ['2021-07-31 00:00:00']
[2026-05-16 15:49:13] Weather image size: 1
[2026-05-16 15:49:13] Forecast duration: 2021-08-01 00:00:00 to 2021-08-02 00:00:00
[2026-05-16 15:49:14] Number of forecast images: 24
[2026-05-16 15:49:14] Using forecast run: 2021-07-31 18:00:00 UTC
[2026-05-16 15:49:14] Forecast Rain Available hours: [6, 7, 8, 9, 10, 11, 12, 13, 14, 15, 16, 17, 18, 19, 20, 21, 22, 23, 24, 25, 26, 27, 28, 29]
[2026-05-16 15:49:14] Valid hours for sum: [12, 18, 24, 29]
[2026-05-16 15:49:17] Drought composite end date: 2021-07-29 06:00:00
[2026-05-16 15:49:17] Land cover year: 2020
[2026-05-16 15:49:18] VIIRS Veg composite: 2021-07-12 → 2021-07-28
[2026-05-16 15:49:23] Started export task: fire_215_dynamic_2021-07-31
[2026-05-16 15:49:24] ------ Processing date=2021-08-01 ------
[2026-05-16 15:49:24] Using viirs_af_path: viirs_af_path
[2026-05-16 15:49:24] VIIRS Image Date: ['2021-08-01 00:00:00']
[2026-05-16 15:49:24] Weather image size: 1
[2026-05-16 15:49:24] Forecast duration: 2021-08-02 00:00:00 to 2021-08-03 00:00:00
[2026-05-16 15:49:25] Number of forecast images: 24
[2026-05-16 15:49:25] Using forecast run: 2021-08-01 18:00:00 UTC
[2026-05-16 15:49:26] Forecast Rain Available hours: [6, 7, 8, 9, 10, 11, 12, 13, 14, 15, 16, 17, 18, 19, 20, 21, 22, 23, 24, 25, 26, 27, 28, 29]
[2026-05-16 15:49:26] Valid hours for sum: [12, 18, 24, 29]
[2026-05-16 15:49:28] Drought composite end date: 2021-07-29 06:00:00
[2026-05-16 15:49:29] Land cover year: 2020
[2026-05-16 15:49:30] VIIRS Veg composite: 2021-07-12 → 2021-07-28
[2026-05-16 15:49:33] Started export task: fire_215_dynamic_2021-08-01
[2026-05-16 15:49:34] ------ Processing date=2021-08-02 ------
[2026-05-16 15:49:34] Using viirs_af_path: viirs_af_path
[2026-05-16 15:49:34] VIIRS Image Date: ['2021-08-02 00:00:00']
[2026-05-16 15:49:34] Weather image size: 1
[2026-05-16 15:49:34] Forecast duration: 2021-08-03 00:00:00 to 2021-08-04 00:00:00
[2026-05-16 15:49:35] Number of forecast images: 24
[2026-05-16 15:49:35] Using forecast run: 2021-08-02 18:00:00 UTC
[2026-05-16 15:49:35] Forecast Rain Available hours: [6, 7, 8, 9, 10, 11, 12, 13, 14, 15, 16, 17, 18, 19, 20, 21, 22, 23, 24, 25, 26, 27, 28, 29]
[2026-05-16 15:49:35] Valid hours for sum: [12, 18, 24, 29]
[2026-05-16 15:49:37] Drought composite end date: 2021-07-29 06:00:00
[2026-05-16 15:49:38] Land cover year: 2020
[2026-05-16 15:49:39] VIIRS Veg composite: 2021-07-12 → 2021-07-28
[2026-05-16 15:49:42] Started export task: fire_215_dynamic_2021-08-02
[2026-05-16 15:49:42] ------ Processing date=2021-08-03 ------
[2026-05-16 15:49:42] Using viirs_af_path: viirs_af_path
[2026-05-16 15:49:42] VIIRS Image Date: ['2021-08-03 00:00:00']
[2026-05-16 15:49:43] Weather image size: 1
[2026-05-16 15:49:43] Forecast duration: 2021-08-04 00:00:00 to 2021-08-05 00:00:00
[2026-05-16 15:49:43] Number of forecast images: 24
[2026-05-16 15:49:43] Using forecast run: 2021-08-03 18:00:00 UTC
[2026-05-16 15:49:44] Forecast Rain Available hours: [6, 7, 8, 9, 10, 11, 12, 13, 14, 15, 16, 17, 18, 19, 20, 21, 22, 23, 24, 25, 26, 27, 28, 29]
[2026-05-16 15:49:44] Valid hours for sum: [12, 18, 24, 29]
[2026-05-16 15:49:46] Drought composite end date: 2021-07-29 06:00:00
[2026-05-16 15:49:46] Land cover year: 2020
[2026-05-16 15:49:47] VIIRS Veg composite: 2021-07-12 → 2021-07-28
[2026-05-16 15:49:51] Started export task: fire_215_dynamic_2021-08-03
[2026-05-16 15:49:52] ------ Processing date=2021-08-04 ------
[2026-05-16 15:49:52] Using viirs_af_path: viirs_af_path
[2026-05-16 15:49:52] VIIRS Image Date: ['2021-08-04 00:00:00']
[2026-05-16 15:49:52] Weather image size: 1
[2026-05-16 15:49:52] Forecast duration: 2021-08-05 00:00:00 to 2021-08-06 00:00:00
[2026-05-16 15:49:54] Number of forecast images: 24
[2026-05-16 15:49:54] Using forecast run: 2021-08-04 18:00:00 UTC
[2026-05-16 15:49:54] Forecast Rain Available hours: [6, 7, 8, 9, 10, 11, 12, 13, 14, 15, 16, 17, 18, 19, 20, 21, 22, 23, 24, 25, 26, 27, 28, 29]
[2026-05-16 15:49:54] Valid hours for sum: [12, 18, 24, 29]
[2026-05-16 15:49:56] Drought composite end date: 2021-08-03 06:00:00
[2026-05-16 15:49:56] Land cover year: 2020
[2026-05-16 15:49:57] VIIRS Veg composite: 2021-07-12 → 2021-07-28
[2026-05-16 15:50:02] Started export task: fire_215_dynamic_2021-08-04
[2026-05-16 15:50:02] ------ Processing date=2021-08-05 ------
[2026-05-16 15:50:02] Using viirs_af_path: viirs_af_path
[2026-05-16 15:50:02] VIIRS Image Date: ['2021-08-05 00:00:00']
[2026-05-16 15:50:02] Weather image size: 1
[2026-05-16 15:50:02] Forecast duration: 2021-08-06 00:00:00 to 2021-08-07 00:00:00
[2026-05-16 15:50:03] Number of forecast images: 24
[2026-05-16 15:50:03] Using forecast run: 2021-08-05 18:00:00 UTC
[2026-05-16 15:50:04] Forecast Rain Available hours: [6, 7, 8, 9, 10, 11, 12, 13, 14, 15, 16, 17, 18, 19, 20, 21, 22, 23, 24, 25, 26, 27, 28, 29]
[2026-05-16 15:50:04] Valid hours for sum: [12, 18, 24, 29]
[2026-05-16 15:50:06] Drought composite end date: 2021-08-03 06:00:00
[2026-05-16 15:50:07] Land cover year: 2020
[2026-05-16 15:50:08] VIIRS Veg composite: 2021-07-12 → 2021-07-28
[2026-05-16 15:50:11] Started export task: fire_215_dynamic_2021-08-05
[2026-05-16 15:50:20] ------ Processing date=2021-08-06 ------
[2026-05-16 15:50:20] Using viirs_af_path: viirs_af_path
[2026-05-16 15:50:21] VIIRS Image Date: ['2021-08-06 00:00:00']
[2026-05-16 15:50:21] Weather image size: 1
[2026-05-16 15:50:21] Forecast duration: 2021-08-07 00:00:00 to 2021-08-08 00:00:00
[2026-05-16 15:50:22] Number of forecast images: 24
[2026-05-16 15:50:22] Using forecast run: 2021-08-06 18:00:00 UTC
[2026-05-16 15:50:22] Forecast Rain Available hours: [6, 7, 8, 9, 10, 11, 12, 13, 14, 15, 16, 17, 18, 19, 20, 21, 22, 23, 24, 25, 26, 27, 28, 29]
[2026-05-16 15:50:22] Valid hours for sum: [12, 18, 24, 29]
[2026-05-16 15:50:24] Drought composite end date: 2021-08-03 06:00:00
[2026-05-16 15:50:24] Land cover year: 2020
[2026-05-16 15:50:25] VIIRS Veg composite: 2021-07-12 → 2021-07-28
[2026-05-16 15:50:29] Started export task: fire_215_dynamic_2021-08-06
[2026-05-16 15:50:30] ------ Processing date=2021-08-07 ------
[2026-05-16 15:50:30] Using viirs_af_path: viirs_af_path
[2026-05-16 15:50:30] VIIRS Image Date: ['2021-08-07 00:00:00']
[2026-05-16 15:50:30] Weather image size: 1
[2026-05-16 15:50:30] Forecast duration: 2021-08-08 00:00:00 to 2021-08-09 00:00:00
[2026-05-16 15:50:31] Number of forecast images: 24
[2026-05-16 15:50:31] Using forecast run: 2021-08-07 18:00:00 UTC
[2026-05-16 15:50:31] Forecast Rain Available hours: [6, 7, 8, 9, 10, 11, 12, 13, 14, 15, 16, 17, 18, 19, 20, 21, 22, 23, 24, 25, 26, 27, 28, 29]
[2026-05-16 15:50:31] Valid hours for sum: [12, 18, 24, 29]
[2026-05-16 15:50:34] Drought composite end date: 2021-08-03 06:00:00
[2026-05-16 15:50:35] Land cover year: 2020
[2026-05-16 15:50:37] VIIRS Veg composite: 2021-07-12 → 2021-07-28
[2026-05-16 15:50:41] Started export task: fire_215_dynamic_2021-08-07
[2026-05-16 15:50:42] ------ Processing date=2021-08-08 ------
[2026-05-16 15:50:42] Using viirs_af_path: viirs_af_path
[2026-05-16 15:50:42] VIIRS Image Date: ['2021-08-08 00:00:00']
[2026-05-16 15:50:42] Weather image size: 1
[2026-05-16 15:50:42] Forecast duration: 2021-08-09 00:00:00 to 2021-08-10 00:00:00
[2026-05-16 15:50:43] Number of forecast images: 24
[2026-05-16 15:50:43] Using forecast run: 2021-08-08 18:00:00 UTC
[2026-05-16 15:50:44] Forecast Rain Available hours: [6, 7, 8, 9, 10, 11, 12, 13, 14, 15, 16, 17, 18, 19, 20, 21, 22, 23, 24, 25, 26, 27, 28, 29]
[2026-05-16 15:50:44] Valid hours for sum: [12, 18, 24, 29]
[2026-05-16 15:50:46] Drought composite end date: 2021-08-03 06:00:00
[2026-05-16 15:50:46] Land cover year: 2020
[2026-05-16 15:50:47] VIIRS Veg composite: 2021-07-12 → 2021-07-28
[2026-05-16 15:50:51] Started export task: fire_215_dynamic_2021-08-08
[2026-05-16 15:50:52] ------ Processing date=2021-08-09 ------
[2026-05-16 15:50:52] Using viirs_af_path: viirs_af_path
[2026-05-16 15:50:52] VIIRS Image Date: ['2021-08-09 00:00:00']
[2026-05-16 15:50:52] Weather image size: 1
[2026-05-16 15:50:52] Forecast duration: 2021-08-10 00:00:00 to 2021-08-11 00:00:00
[2026-05-16 15:50:53] Number of forecast images: 24
[2026-05-16 15:50:53] Using forecast run: 2021-08-09 18:00:00 UTC
[2026-05-16 15:50:53] Forecast Rain Available hours: [6, 7, 8, 9, 10, 11, 12, 13, 14, 15, 16, 17, 18, 19, 20, 21, 22, 23, 24, 25, 26, 27, 28, 29]
[2026-05-16 15:50:53] Valid hours for sum: [12, 18, 24, 29]
[2026-05-16 15:50:55] Drought composite end date: 2021-08-08 06:00:00
[2026-05-16 15:50:56] Land cover year: 2020
[2026-05-16 15:50:57] VIIRS Veg composite: 2021-07-12 → 2021-07-28
[2026-05-16 15:51:01] Started export task: fire_215_dynamic_2021-08-09
[2026-05-16 15:51:01] ------ Processing date=2021-08-10 ------
[2026-05-16 15:51:01] Using viirs_af_path: viirs_af_path
[2026-05-16 15:51:02] VIIRS Image Date: ['2021-08-10 00:00:00']
[2026-05-16 15:51:02] Weather image size: 1
[2026-05-16 15:51:02] Forecast duration: 2021-08-11 00:00:00 to 2021-08-12 00:00:00
[2026-05-16 15:51:03] Number of forecast images: 24
[2026-05-16 15:51:03] Using forecast run: 2021-08-10 18:00:00 UTC
[2026-05-16 15:51:03] Forecast Rain Available hours: [6, 7, 8, 9, 10, 11, 12, 13, 14, 15, 16, 17, 18, 19, 20, 21, 22, 23, 24, 25, 26, 27, 28, 29]
[2026-05-16 15:51:03] Valid hours for sum: [12, 18, 24, 29]
[2026-05-16 15:51:05] Drought composite end date: 2021-08-08 06:00:00
[2026-05-16 15:51:05] Land cover year: 2020
[2026-05-16 15:51:06] VIIRS Veg composite: 2021-07-12 → 2021-07-28
[2026-05-16 15:51:09] Started export task: fire_215_dynamic_2021-08-10
[2026-05-16 15:51:09] ------ Processing date=2021-08-11 ------
[2026-05-16 15:51:09] Using viirs_af_path: viirs_af_path
[2026-05-16 15:51:10] VIIRS Image Date: ['2021-08-11 00:00:00']
[2026-05-16 15:51:10] Weather image size: 1
[2026-05-16 15:51:10] Forecast duration: 2021-08-12 00:00:00 to 2021-08-13 00:00:00
[2026-05-16 15:51:11] Number of forecast images: 24
[2026-05-16 15:51:11] Using forecast run: 2021-08-11 18:00:00 UTC
[2026-05-16 15:51:11] Forecast Rain Available hours: [6, 7, 8, 9, 10, 11, 12, 13, 14, 15, 16, 17, 18, 19, 20, 21, 22, 23, 24, 25, 26, 27, 28, 29]
[2026-05-16 15:51:11] Valid hours for sum: [12, 18, 24, 29]
[2026-05-16 15:51:14] Drought composite end date: 2021-08-08 06:00:00
[2026-05-16 15:51:14] Land cover year: 2020
[2026-05-16 15:51:15] VIIRS Veg composite: 2021-07-12 → 2021-07-28
[2026-05-16 15:51:19] Started export task: fire_215_dynamic_2021-08-11
[2026-05-16 15:51:19] ------ Processing date=2021-08-12 ------
[2026-05-16 15:51:19] Using viirs_af_path: viirs_af_path
[2026-05-16 15:51:20] VIIRS Image Date: ['2021-08-12 00:00:00']
[2026-05-16 15:51:20] Weather image size: 1
[2026-05-16 15:51:20] Forecast duration: 2021-08-13 00:00:00 to 2021-08-14 00:00:00
[2026-05-16 15:51:21] Number of forecast images: 24
[2026-05-16 15:51:21] Using forecast run: 2021-08-12 18:00:00 UTC
[2026-05-16 15:51:21] Forecast Rain Available hours: [6, 7, 8, 9, 10, 11, 12, 13, 14, 15, 16, 17, 18, 19, 20, 21, 22, 23, 24, 25, 26, 27, 28, 29]
[2026-05-16 15:51:21] Valid hours for sum: [12, 18, 24, 29]
[2026-05-16 15:51:24] Drought composite end date: 2021-08-08 06:00:00
[2026-05-16 15:51:24] Land cover year: 2020
[2026-05-16 15:51:25] VIIRS Veg composite: 2021-07-12 → 2021-07-28
[2026-05-16 15:51:29] Started export task: fire_215_dynamic_2021-08-12
[2026-05-16 15:51:30] ------ Processing date=2021-08-13 ------
[2026-05-16 15:51:30] Using viirs_af_path: viirs_af_path
[2026-05-16 15:51:30] VIIRS Image Date: ['2021-08-13 00:00:00']
[2026-05-16 15:51:30] Weather image size: 1
[2026-05-16 15:51:30] Forecast duration: 2021-08-14 00:00:00 to 2021-08-15 00:00:00
[2026-05-16 15:51:31] Number of forecast images: 24
[2026-05-16 15:51:31] Using forecast run: 2021-08-13 18:00:00 UTC
[2026-05-16 15:51:31] Forecast Rain Available hours: [6, 7, 8, 9, 10, 11, 12, 13, 14, 15, 16, 17, 18, 19, 20, 21, 22, 23, 24, 25, 26, 27, 28, 29]
[2026-05-16 15:51:31] Valid hours for sum: [12, 18, 24, 29]
[2026-05-16 15:51:34] Drought composite end date: 2021-08-08 06:00:00
[2026-05-16 15:51:34] Land cover year: 2020
[2026-05-16 15:51:36] VIIRS Veg composite: 2021-07-12 → 2021-07-28
[2026-05-16 15:51:40] Started export task: fire_215_dynamic_2021-08-13
[2026-05-16 15:51:40] ------ Processing date=2021-08-14 ------
[2026-05-16 15:51:40] Using viirs_af_path: viirs_af_path
[2026-05-16 15:51:41] VIIRS Image Date: ['2021-08-14 00:00:00']
[2026-05-16 15:51:42] Weather image size: 1
[2026-05-16 15:51:42] Forecast duration: 2021-08-15 00:00:00 to 2021-08-16 00:00:00
[2026-05-16 15:51:43] Number of forecast images: 24
[2026-05-16 15:51:43] Using forecast run: 2021-08-14 18:00:00 UTC
[2026-05-16 15:51:43] Forecast Rain Available hours: [6, 7, 8, 9, 10, 11, 12, 13, 14, 15, 16, 17, 18, 19, 20, 21, 22, 23, 24, 25, 26, 27, 28, 29]
[2026-05-16 15:51:43] Valid hours for sum: [12, 18, 24, 29]
[2026-05-16 15:51:45] Drought composite end date: 2021-08-13 06:00:00
[2026-05-16 15:51:45] Land cover year: 2020
[2026-05-16 15:51:46] VIIRS Veg composite: 2021-07-12 → 2021-07-28
[2026-05-16 15:51:50] Started export task: fire_215_dynamic_2021-08-14
[2026-05-16 15:51:51] ------ Processing date=2021-08-15 ------
[2026-05-16 15:51:51] Using viirs_af_path: viirs_af_path
[2026-05-16 15:51:51] VIIRS Image Date: ['2021-08-15 00:00:00']
[2026-05-16 15:51:52] Weather image size: 1
[2026-05-16 15:51:52] Forecast duration: 2021-08-16 00:00:00 to 2021-08-17 00:00:00
[2026-05-16 15:51:53] Number of forecast images: 24
[2026-05-16 15:51:53] Using forecast run: 2021-08-15 18:00:00 UTC
[2026-05-16 15:51:53] Forecast Rain Available hours: [6, 7, 8, 9, 10, 11, 12, 13, 14, 15, 16, 17, 18, 19, 20, 21, 22, 23, 24, 25, 26, 27, 28, 29]
[2026-05-16 15:51:53] Valid hours for sum: [12, 18, 24, 29]
[2026-05-16 15:51:55] Drought composite end date: 2021-08-13 06:00:00
[2026-05-16 15:51:55] Land cover year: 2020
[2026-05-16 15:51:56] VIIRS Veg composite: 2021-07-12 → 2021-07-28
[2026-05-16 15:52:00] Started export task: fire_215_dynamic_2021-08-15
[2026-05-16 15:52:01] ------ Processing date=2021-08-16 ------
[2026-05-16 15:52:01] Using viirs_af_path: viirs_af_path
[2026-05-16 15:52:01] VIIRS Image Date: ['2021-08-16 00:00:00']
[2026-05-16 15:52:01] Weather image size: 1
[2026-05-16 15:52:01] Forecast duration: 2021-08-17 00:00:00 to 2021-08-18 00:00:00
[2026-05-16 15:52:02] Number of forecast images: 24
[2026-05-16 15:52:02] Using forecast run: 2021-08-16 18:00:00 UTC
[2026-05-16 15:52:03] Forecast Rain Available hours: [6, 7, 8, 9, 10, 11, 12, 13, 14, 15, 16, 17, 18, 19, 20, 21, 22, 23, 24, 25, 26, 27, 28, 29]
[2026-05-16 15:52:03] Valid hours for sum: [12, 18, 24, 29]
[2026-05-16 15:52:05] Drought composite end date: 2021-08-13 06:00:00
[2026-05-16 15:52:05] Land cover year: 2020
[2026-05-16 15:52:06] VIIRS Veg composite: 2021-07-12 → 2021-07-28
[2026-05-16 15:52:11] Started export task: fire_215_dynamic_2021-08-16
[2026-05-16 15:52:11] ------ Processing date=2021-08-17 ------
[2026-05-16 15:52:11] Using viirs_af_path: viirs_af_path
[2026-05-16 15:52:12] VIIRS Image Date: ['2021-08-17 00:00:00']
[2026-05-16 15:52:12] Weather image size: 1
[2026-05-16 15:52:12] Forecast duration: 2021-08-18 00:00:00 to 2021-08-19 00:00:00
[2026-05-16 15:52:14] Number of forecast images: 24
[2026-05-16 15:52:14] Using forecast run: 2021-08-17 18:00:00 UTC
[2026-05-16 15:52:14] Forecast Rain Available hours: [6, 7, 8, 9, 10, 11, 12, 13, 14, 15, 16, 17, 18, 19, 20, 21, 22, 23, 24, 25, 26, 27, 28, 29]
[2026-05-16 15:52:14] Valid hours for sum: [12, 18, 24, 29]
[2026-05-16 15:52:17] Drought composite end date: 2021-08-13 06:00:00
[2026-05-16 15:52:17] Land cover year: 2020
[2026-05-16 15:52:18] VIIRS Veg composite: 2021-07-12 → 2021-07-28
[2026-05-16 15:52:22] Started export task: fire_215_dynamic_2021-08-17
[2026-05-16 15:52:23] ------ Processing date=2021-08-18 ------
[2026-05-16 15:52:23] Using viirs_af_path: viirs_af_path
[2026-05-16 15:52:23] VIIRS Image Date: ['2021-08-18 00:00:00']
[2026-05-16 15:52:23] Weather image size: 1
[2026-05-16 15:52:23] Forecast duration: 2021-08-19 00:00:00 to 2021-08-20 00:00:00
[2026-05-16 15:52:24] Number of forecast images: 24
[2026-05-16 15:52:24] Using forecast run: 2021-08-18 18:00:00 UTC
[2026-05-16 15:52:25] Forecast Rain Available hours: [6, 7, 8, 9, 10, 11, 12, 13, 14, 15, 16, 17, 18, 19, 20, 21, 22, 23, 24, 25, 26, 27, 28, 29]
[2026-05-16 15:52:25] Valid hours for sum: [12, 18, 24, 29]
[2026-05-16 15:52:26] Drought composite end date: 2021-08-13 06:00:00
[2026-05-16 15:52:26] Land cover year: 2020
[2026-05-16 15:52:27] VIIRS Veg composite: 2021-07-12 → 2021-07-28
[2026-05-16 15:52:31] Started export task: fire_215_dynamic_2021-08-18
[2026-05-16 15:52:31] ------ Processing date=2021-08-19 ------
[2026-05-16 15:52:31] Using viirs_af_path: viirs_af_path
[2026-05-16 15:52:32] VIIRS Image Date: ['2021-08-19 00:00:00']
[2026-05-16 15:52:32] Weather image size: 1
[2026-05-16 15:52:32] Forecast duration: 2021-08-20 00:00:00 to 2021-08-21 00:00:00
[2026-05-16 15:52:33] Number of forecast images: 24
[2026-05-16 15:52:33] Using forecast run: 2021-08-19 18:00:00 UTC
[2026-05-16 15:52:33] Forecast Rain Available hours: [6, 7, 8, 9, 10, 11, 12, 13, 14, 15, 16, 17, 18, 19, 20, 21, 22, 23, 24, 25, 26, 27, 28, 29]
[2026-05-16 15:52:33] Valid hours for sum: [12, 18, 24, 29]
[2026-05-16 15:52:35] Drought composite end date: 2021-08-18 06:00:00
[2026-05-16 15:52:35] Land cover year: 2020
[2026-05-16 15:52:36] VIIRS Veg composite: 2021-07-12 → 2021-07-28
[2026-05-16 15:52:40] Started export task: fire_215_dynamic_2021-08-19
[2026-05-16 15:52:41] ------ Processing date=2021-08-20 ------
[2026-05-16 15:52:41] Using viirs_af_path: viirs_af_path
[2026-05-16 15:52:41] VIIRS Image Date: ['2021-08-20 00:00:00']
[2026-05-16 15:52:42] Weather image size: 1
[2026-05-16 15:52:42] Forecast duration: 2021-08-21 00:00:00 to 2021-08-22 00:00:00
[2026-05-16 15:52:42] Number of forecast images: 24
[2026-05-16 15:52:42] Using forecast run: 2021-08-20 18:00:00 UTC
[2026-05-16 15:52:43] Forecast Rain Available hours: [6, 7, 8, 9, 10, 11, 12, 13, 14, 15, 16, 17, 18, 19, 20, 21, 22, 23, 24, 25, 26, 27, 28, 29]
[2026-05-16 15:52:43] Valid hours for sum: [12, 18, 24, 29]
[2026-05-16 15:52:45] Drought composite end date: 2021-08-18 06:00:00
[2026-05-16 15:52:45] Land cover year: 2020
[2026-05-16 15:52:47] VIIRS Veg composite: 2021-07-12 → 2021-07-28
[2026-05-16 15:52:49] Started export task: fire_215_dynamic_2021-08-20
[2026-05-16 15:52:50] ------ Processing date=2021-08-21 ------
[2026-05-16 15:52:50] Using viirs_af_path: viirs_af_path
[2026-05-16 15:52:50] VIIRS Image Date: ['2021-08-21 00:00:00']
[2026-05-16 15:52:50] Weather image size: 1
[2026-05-16 15:52:50] Forecast duration: 2021-08-22 00:00:00 to 2021-08-23 00:00:00
[2026-05-16 15:52:51] Number of forecast images: 24
[2026-05-16 15:52:51] Using forecast run: 2021-08-21 18:00:00 UTC
[2026-05-16 15:52:52] Forecast Rain Available hours: [6, 7, 8, 9, 10, 11, 12, 13, 14, 15, 16, 17, 18, 19, 20, 21, 22, 23, 24, 25, 26, 27, 28, 29]
[2026-05-16 15:52:52] Valid hours for sum: [12, 18, 24, 29]
[2026-05-16 15:52:53] Drought composite end date: 2021-08-18 06:00:00
[2026-05-16 15:52:54] Land cover year: 2020
[2026-05-16 15:52:55] VIIRS Veg composite: 2021-07-12 → 2021-07-28
[2026-05-16 15:52:57] Started export task: fire_215_dynamic_2021-08-21
[2026-05-16 15:52:58] ------ Processing date=2021-08-22 ------
[2026-05-16 15:52:58] Using viirs_af_path: viirs_af_path
[2026-05-16 15:52:58] VIIRS Image Date: ['2021-08-22 00:00:00']
[2026-05-16 15:52:59] Weather image size: 1
[2026-05-16 15:52:59] Forecast duration: 2021-08-23 00:00:00 to 2021-08-24 00:00:00
[2026-05-16 15:52:59] Number of forecast images: 24
[2026-05-16 15:52:59] Using forecast run: 2021-08-22 18:00:00 UTC
[2026-05-16 15:53:00] Forecast Rain Available hours: [6, 7, 8, 9, 10, 11, 12, 13, 14, 15, 16, 17, 18, 19, 20, 21, 22, 23, 24, 25, 26, 27, 28, 29]
[2026-05-16 15:53:00] Valid hours for sum: [12, 18, 24, 29]
[2026-05-16 15:53:02] Drought composite end date: 2021-08-18 06:00:00
[2026-05-16 15:53:02] Land cover year: 2020
[2026-05-16 15:53:03] VIIRS Veg composite: 2021-07-12 → 2021-07-28
[2026-05-16 15:53:07] Started export task: fire_215_dynamic_2021-08-22
[2026-05-16 15:53:07] ------ Processing date=2021-08-23 ------
[2026-05-16 15:53:07] Using viirs_af_path: viirs_af_path
[2026-05-16 15:53:07] VIIRS Image Date: ['2021-08-23 00:00:00']
[2026-05-16 15:53:08] Weather image size: 1
[2026-05-16 15:53:08] Forecast duration: 2021-08-24 00:00:00 to 2021-08-25 00:00:00
[2026-05-16 15:53:09] Number of forecast images: 24
[2026-05-16 15:53:09] Using forecast run: 2021-08-23 18:00:00 UTC
[2026-05-16 15:53:09] Forecast Rain Available hours: [6, 7, 8, 9, 10, 11, 12, 13, 14, 15, 16, 17, 18, 19, 20, 21, 22, 23, 24, 25, 26, 27, 28, 29]
[2026-05-16 15:53:09] Valid hours for sum: [12, 18, 24, 29]
[2026-05-16 15:53:12] Drought composite end date: 2021-08-18 06:00:00
[2026-05-16 15:53:12] Land cover year: 2020
[2026-05-16 15:53:13] VIIRS Veg composite: 2021-07-12 → 2021-07-28
[2026-05-16 15:53:16] Started export task: fire_215_dynamic_2021-08-23
[2026-05-16 15:53:16] ------ Processing date=2021-08-24 ------
[2026-05-16 15:53:16] Using viirs_af_path: viirs_af_path
[2026-05-16 15:53:17] VIIRS Image Date: ['2021-08-24 00:00:00']
[2026-05-16 15:53:17] Weather image size: 1
[2026-05-16 15:53:17] Forecast duration: 2021-08-25 00:00:00 to 2021-08-26 00:00:00
[2026-05-16 15:53:18] Number of forecast images: 24
[2026-05-16 15:53:18] Using forecast run: 2021-08-24 18:00:00 UTC
[2026-05-16 15:53:18] Forecast Rain Available hours: [6, 7, 8, 9, 10, 11, 12, 13, 14, 15, 16, 17, 18, 19, 20, 21, 22, 23, 24, 25, 26, 27, 28, 29]
[2026-05-16 15:53:18] Valid hours for sum: [12, 18, 24, 29]
[2026-05-16 15:53:21] Drought composite end date: 2021-08-23 06:00:00
[2026-05-16 15:53:21] Land cover year: 2020
[2026-05-16 15:53:22] VIIRS Veg composite: 2021-07-12 → 2021-07-28
[2026-05-16 15:53:26] Started export task: fire_215_dynamic_2021-08-24
[2026-05-16 15:53:26] ------ Processing date=2021-08-25 ------
[2026-05-16 15:53:26] Using viirs_af_path: viirs_af_path
[2026-05-16 15:53:26] VIIRS Image Date: ['2021-08-25 00:00:00']
[2026-05-16 15:53:26] Weather image size: 1
[2026-05-16 15:53:26] Forecast duration: 2021-08-26 00:00:00 to 2021-08-27 00:00:00
[2026-05-16 15:53:27] Number of forecast images: 24
[2026-05-16 15:53:27] Using forecast run: 2021-08-25 18:00:00 UTC
[2026-05-16 15:53:28] Forecast Rain Available hours: [6, 7, 8, 9, 10, 11, 12, 13, 14, 15, 16, 17, 18, 19, 20, 21, 22, 23, 24, 25, 26, 27, 28, 29]
[2026-05-16 15:53:28] Valid hours for sum: [12, 18, 24, 29]
[2026-05-16 15:53:30] Drought composite end date: 2021-08-23 06:00:00
[2026-05-16 15:53:30] Land cover year: 2020
[2026-05-16 15:53:32] VIIRS Veg composite: 2021-07-12 → 2021-07-28
[2026-05-16 15:53:36] Started export task: fire_215_dynamic_2021-08-25
[2026-05-16 15:53:36] ------ Processing date=2021-08-26 ------
[2026-05-16 15:53:36] Using viirs_af_path: viirs_af_path
[2026-05-16 15:53:36] VIIRS Image Date: ['2021-08-26 00:00:00']
[2026-05-16 15:53:37] Weather image size: 1
[2026-05-16 15:53:37] Forecast duration: 2021-08-27 00:00:00 to 2021-08-28 00:00:00
[2026-05-16 15:53:37] Number of forecast images: 24
[2026-05-16 15:53:37] Using forecast run: 2021-08-26 18:00:00 UTC
[2026-05-16 15:53:38] Forecast Rain Available hours: [6, 7, 8, 9, 10, 11, 12, 13, 14, 15, 16, 17, 18, 19, 20, 21, 22, 23, 24, 25, 26, 27, 28, 29]
[2026-05-16 15:53:38] Valid hours for sum: [12, 18, 24, 29]
[2026-05-16 15:53:40] Drought composite end date: 2021-08-23 06:00:00
[2026-05-16 15:53:40] Land cover year: 2020
[2026-05-16 15:53:41] VIIRS Veg composite: 2021-07-12 → 2021-07-28
[2026-05-16 15:53:46] Started export task: fire_215_dynamic_2021-08-26
[2026-05-16 15:53:46] ------ Processing date=2021-08-27 ------
[2026-05-16 15:53:46] Using viirs_af_path: viirs_af_path
[2026-05-16 15:53:47] VIIRS Image Date: ['2021-08-27 00:00:00']
[2026-05-16 15:53:47] Weather image size: 1
[2026-05-16 15:53:47] Forecast duration: 2021-08-28 00:00:00 to 2021-08-29 00:00:00
[2026-05-16 15:53:48] Number of forecast images: 24
[2026-05-16 15:53:48] Using forecast run: 2021-08-27 18:00:00 UTC
[2026-05-16 15:53:49] Forecast Rain Available hours: [6, 7, 8, 9, 10, 11, 12, 13, 14, 15, 16, 17, 18, 19, 20, 21, 22, 23, 24, 25, 26, 27, 28, 29]
[2026-05-16 15:53:49] Valid hours for sum: [12, 18, 24, 29]
[2026-05-16 15:53:51] Drought composite end date: 2021-08-23 06:00:00
[2026-05-16 15:53:51] Land cover year: 2020
[2026-05-16 15:53:52] VIIRS Veg composite: 2021-07-12 → 2021-07-28
[2026-05-16 15:53:56] Started export task: fire_215_dynamic_2021-08-27
[2026-05-16 15:53:56] ------ Processing date=2021-08-28 ------
[2026-05-16 15:53:56] Using viirs_af_path: viirs_af_path
[2026-05-16 15:53:56] VIIRS Image Date: ['2021-08-28 00:00:00']
[2026-05-16 15:53:57] Weather image size: 1
[2026-05-16 15:53:57] Forecast duration: 2021-08-29 00:00:00 to 2021-08-30 00:00:00
[2026-05-16 15:53:58] Number of forecast images: 24
[2026-05-16 15:53:58] Using forecast run: 2021-08-28 18:00:00 UTC
[2026-05-16 15:53:58] Forecast Rain Available hours: [6, 7, 8, 9, 10, 11, 12, 13, 14, 15, 16, 17, 18, 19, 20, 21, 22, 23, 24, 25, 26, 27, 28, 29]
[2026-05-16 15:53:58] Valid hours for sum: [12, 18, 24, 29]
[2026-05-16 15:54:01] Drought composite end date: 2021-08-23 06:00:00
[2026-05-16 15:54:01] Land cover year: 2020
[2026-05-16 15:54:02] VIIRS Veg composite: 2021-07-12 → 2021-07-28
[2026-05-16 15:54:07] Started export task: fire_215_dynamic_2021-08-28
[2026-05-16 15:54:07] ------ Processing date=2021-08-29 ------
[2026-05-16 15:54:07] Using viirs_af_path: viirs_af_path
[2026-05-16 15:54:08] VIIRS Image Date: ['2021-08-29 00:00:00']
[2026-05-16 15:54:08] Weather image size: 1
[2026-05-16 15:54:08] Forecast duration: 2021-08-30 00:00:00 to 2021-08-31 00:00:00
[2026-05-16 15:54:09] Number of forecast images: 24
[2026-05-16 15:54:09] Using forecast run: 2021-08-29 18:00:00 UTC
[2026-05-16 15:54:09] Forecast Rain Available hours: [6, 7, 8, 9, 10, 11, 12, 13, 14, 15, 16, 17, 18, 19, 20, 21, 22, 23, 24, 25, 26, 27, 28, 29]
[2026-05-16 15:54:09] Valid hours for sum: [12, 18, 24, 29]
[2026-05-16 15:54:11] Drought composite end date: 2021-08-28 06:00:00
[2026-05-16 15:54:12] Land cover year: 2020
[2026-05-16 15:54:13] VIIRS Veg composite: 2021-07-12 → 2021-07-28
[2026-05-16 15:54:18] Started export task: fire_215_dynamic_2021-08-29
[2026-05-16 15:54:19] ------ Processing date=2021-08-30 ------
[2026-05-16 15:54:19] Using viirs_af_path: viirs_af_path
[2026-05-16 15:54:19] VIIRS Image Date: ['2021-08-30 00:00:00']
[2026-05-16 15:54:19] Weather image size: 1
[2026-05-16 15:54:19] Forecast duration: 2021-08-31 00:00:00 to 2021-09-01 00:00:00
[2026-05-16 15:54:20] Number of forecast images: 24
[2026-05-16 15:54:20] Using forecast run: 2021-08-30 18:00:00 UTC
[2026-05-16 15:54:21] Forecast Rain Available hours: [6, 7, 8, 9, 10, 11, 12, 13, 14, 15, 16, 17, 18, 19, 20, 21, 22, 23, 24, 25, 26, 27, 28, 29]
[2026-05-16 15:54:21] Valid hours for sum: [12, 18, 24, 29]
[2026-05-16 15:54:23] Drought composite end date: 2021-08-28 06:00:00
[2026-05-16 15:54:23] Land cover year: 2020
[2026-05-16 15:54:24] VIIRS Veg composite: 2021-07-12 → 2021-07-28
[2026-05-16 15:54:27] Started export task: fire_215_dynamic_2021-08-30
[2026-05-16 15:54:27] ------ Processing date=2021-08-31 ------
[2026-05-16 15:54:27] Using viirs_af_path: viirs_af_path
[2026-05-16 15:54:27] VIIRS Image Date: ['2021-08-31 00:00:00']
[2026-05-16 15:54:28] Weather image size: 1
[2026-05-16 15:54:28] Forecast duration: 2021-09-01 00:00:00 to 2021-09-02 00:00:00
[2026-05-16 15:54:29] Number of forecast images: 24
[2026-05-16 15:54:29] Using forecast run: 2021-08-31 18:00:00 UTC
[2026-05-16 15:54:29] Forecast Rain Available hours: [6, 7, 8, 9, 10, 11, 12, 13, 14, 15, 16, 17, 18, 19, 20, 21, 22, 23, 24, 25, 26, 27, 28, 29]
[2026-05-16 15:54:29] Valid hours for sum: [12, 18, 24, 29]
[2026-05-16 15:54:31] Drought composite end date: 2021-08-28 06:00:00
[2026-05-16 15:54:32] Land cover year: 2020
[2026-05-16 15:54:33] VIIRS Veg composite: 2021-07-12 → 2021-07-28
[2026-05-16 15:54:36] Started export task: fire_215_dynamic_2021-08-31
[2026-05-16 15:54:36] ------ Processing date=2021-09-01 ------
[2026-05-16 15:54:36] Using viirs_af_path: viirs_af_path
[2026-05-16 15:54:37] VIIRS Image Date: ['2021-09-01 00:00:00']
[2026-05-16 15:54:37] Weather image size: 1
[2026-05-16 15:54:37] Forecast duration: 2021-09-02 00:00:00 to 2021-09-03 00:00:00
[2026-05-16 15:54:38] Number of forecast images: 24
[2026-05-16 15:54:38] Using forecast run: 2021-09-01 18:00:00 UTC
[2026-05-16 15:54:39] Forecast Rain Available hours: [6, 7, 8, 9, 10, 11, 12, 13, 14, 15, 16, 17, 18, 19, 20, 21, 22, 23, 24, 25, 26, 27, 28, 29]
[2026-05-16 15:54:39] Valid hours for sum: [12, 18, 24, 29]
[2026-05-16 15:54:40] Drought composite end date: 2021-08-28 06:00:00
[2026-05-16 15:54:40] Land cover year: 2020
[2026-05-16 15:54:41] VIIRS Veg composite: 2021-07-12 → 2021-07-28
[2026-05-16 15:54:46] Started export task: fire_215_dynamic_2021-09-01
[2026-05-16 15:54:46] ------ Processing date=2021-09-02 ------
[2026-05-16 15:54:46] Using viirs_af_path: viirs_af_path
[2026-05-16 15:54:46] VIIRS Image Date: ['2021-09-02 00:00:00']
[2026-05-16 15:54:47] Weather image size: 1
[2026-05-16 15:54:47] Forecast duration: 2021-09-03 00:00:00 to 2021-09-04 00:00:00
[2026-05-16 15:54:47] Number of forecast images: 24
[2026-05-16 15:54:47] Using forecast run: 2021-09-02 18:00:00 UTC
[2026-05-16 15:54:48] Forecast Rain Available hours: [6, 7, 8, 9, 10, 11, 12, 13, 14, 15, 16, 17, 18, 19, 20, 21, 22, 23, 24, 25, 26, 27, 28, 29]
[2026-05-16 15:54:48] Valid hours for sum: [12, 18, 24, 29]
[2026-05-16 15:54:50] Drought composite end date: 2021-08-28 06:00:00
[2026-05-16 15:54:51] Land cover year: 2020
[2026-05-16 15:54:52] VIIRS Veg composite: 2021-07-12 → 2021-07-28
[2026-05-16 15:54:56] Started export task: fire_215_dynamic_2021-09-02
[2026-05-16 15:54:56] ------ Processing date=2021-09-03 ------
[2026-05-16 15:54:56] Using viirs_af_path: viirs_af_path
[2026-05-16 15:54:57] VIIRS Image Date: ['2021-09-03 00:00:00']
[2026-05-16 15:54:57] Weather image size: 1
[2026-05-16 15:54:57] Forecast duration: 2021-09-04 00:00:00 to 2021-09-05 00:00:00
[2026-05-16 15:54:58] Number of forecast images: 24
[2026-05-16 15:54:58] Using forecast run: 2021-09-03 18:00:00 UTC
[2026-05-16 15:54:58] Forecast Rain Available hours: [6, 7, 8, 9, 10, 11, 12, 13, 14, 15, 16, 17, 18, 19, 20, 21, 22, 23, 24, 25, 26, 27, 28, 29]
[2026-05-16 15:54:58] Valid hours for sum: [12, 18, 24, 29]
[2026-05-16 15:55:00] Drought composite end date: 2021-09-02 06:00:00
[2026-05-16 15:55:00] Land cover year: 2020
[2026-05-16 15:55:01] VIIRS Veg composite: 2021-07-12 → 2021-07-28
[2026-05-16 15:55:05] Started export task: fire_215_dynamic_2021-09-03
[2026-05-16 15:55:05] ------ Processing date=2021-09-04 ------
[2026-05-16 15:55:05] Using viirs_af_path: viirs_af_path
[2026-05-16 15:55:05] VIIRS Image Date: ['2021-09-04 00:00:00']
[2026-05-16 15:55:06] Weather image size: 1
[2026-05-16 15:55:06] Forecast duration: 2021-09-05 00:00:00 to 2021-09-06 00:00:00
[2026-05-16 15:55:07] Number of forecast images: 24
[2026-05-16 15:55:07] Using forecast run: 2021-09-04 18:00:00 UTC
[2026-05-16 15:55:08] Forecast Rain Available hours: [6, 7, 8, 9, 10, 11, 12, 13, 14, 15, 16, 17, 18, 19, 20, 21, 22, 23, 24, 25, 26, 27, 28, 29]
[2026-05-16 15:55:08] Valid hours for sum: [12, 18, 24, 29]
[2026-05-16 15:55:10] Drought composite end date: 2021-09-02 06:00:00
[2026-05-16 15:55:10] Land cover year: 2020
[2026-05-16 15:55:11] VIIRS Veg composite: 2021-07-12 → 2021-07-28
[2026-05-16 15:55:16] Started export task: fire_215_dynamic_2021-09-04
[2026-05-16 15:55:16] ------ Processing date=2021-09-05 ------
[2026-05-16 15:55:16] Using viirs_af_path: viirs_af_path
[2026-05-16 15:55:17] VIIRS Image Date: ['2021-09-05 00:00:00']
[2026-05-16 15:55:17] Weather image size: 1
[2026-05-16 15:55:17] Forecast duration: 2021-09-06 00:00:00 to 2021-09-07 00:00:00
[2026-05-16 15:55:18] Number of forecast images: 24
[2026-05-16 15:55:18] Using forecast run: 2021-09-05 18:00:00 UTC
[2026-05-16 15:55:19] Forecast Rain Available hours: [6, 7, 8, 9, 10, 11, 12, 13, 14, 15, 16, 17, 18, 19, 20, 21, 22, 23, 24, 25, 26, 27, 28, 29]
[2026-05-16 15:55:19] Valid hours for sum: [12, 18, 24, 29]
[2026-05-16 15:55:21] Drought composite end date: 2021-09-02 06:00:00
[2026-05-16 15:55:22] Land cover year: 2020
[2026-05-16 15:55:23] VIIRS Veg composite: 2021-07-12 → 2021-07-28
[2026-05-16 15:55:25] Started export task: fire_215_dynamic_2021-09-05
[2026-05-16 15:55:26] ------ Processing date=2021-09-06 ------
[2026-05-16 15:55:26] Using viirs_af_path: viirs_af_path
[2026-05-16 15:55:26] VIIRS Image Date: ['2021-09-06 00:00:00']
[2026-05-16 15:55:26] Weather image size: 1
[2026-05-16 15:55:26] Forecast duration: 2021-09-07 00:00:00 to 2021-09-08 00:00:00
[2026-05-16 15:55:27] Number of forecast images: 24
[2026-05-16 15:55:27] Using forecast run: 2021-09-06 18:00:00 UTC
[2026-05-16 15:55:28] Forecast Rain Available hours: [6, 7, 8, 9, 10, 11, 12, 13, 14, 15, 16, 17, 18, 19, 20, 21, 22, 23, 24, 25, 26, 27, 28, 29]
[2026-05-16 15:55:28] Valid hours for sum: [12, 18, 24, 29]
[2026-05-16 15:55:30] Drought composite end date: 2021-09-02 06:00:00
[2026-05-16 15:55:30] Land cover year: 2020
[2026-05-16 15:55:32] VIIRS Veg composite: 2021-07-12 → 2021-07-28
[2026-05-16 15:55:37] Started export task: fire_215_dynamic_2021-09-06
[2026-05-16 15:55:38] ------ Processing date=2021-09-07 ------
[2026-05-16 15:55:38] Using viirs_af_path: viirs_af_path
[2026-05-16 15:55:38] VIIRS Image Date: ['2021-09-07 00:00:00']
[2026-05-16 15:55:39] Weather image size: 1
[2026-05-16 15:55:39] Forecast duration: 2021-09-08 00:00:00 to 2021-09-09 00:00:00
[2026-05-16 15:55:39] Number of forecast images: 24
[2026-05-16 15:55:39] Using forecast run: 2021-09-07 18:00:00 UTC
[2026-05-16 15:55:40] Forecast Rain Available hours: [6, 7, 8, 9, 10, 11, 12, 13, 14, 15, 16, 17, 18, 19, 20, 21, 22, 23, 24, 25, 26, 27, 28, 29]
[2026-05-16 15:55:40] Valid hours for sum: [12, 18, 24, 29]
[2026-05-16 15:55:41] Drought composite end date: 2021-09-02 06:00:00
[2026-05-16 15:55:42] Land cover year: 2020
[2026-05-16 15:55:43] VIIRS Veg composite: 2021-07-12 → 2021-07-28
[2026-05-16 15:55:45] Started export task: fire_215_dynamic_2021-09-07
[2026-05-16 15:55:46] ------ Processing date=2021-09-08 ------
[2026-05-16 15:55:46] Using viirs_af_path: viirs_af_path
[2026-05-16 15:55:46] VIIRS Image Date: ['2021-09-08 00:00:00']
[2026-05-16 15:55:46] Weather image size: 1
[2026-05-16 15:55:46] Forecast duration: 2021-09-09 00:00:00 to 2021-09-10 00:00:00
[2026-05-16 15:55:47] Number of forecast images: 24
[2026-05-16 15:55:47] Using forecast run: 2021-09-08 18:00:00 UTC
[2026-05-16 15:55:48] Forecast Rain Available hours: [6, 7, 8, 9, 10, 11, 12, 13, 14, 15, 16, 17, 18, 19, 20, 21, 22, 23, 24, 25, 26, 27, 28, 29]
[2026-05-16 15:55:48] Valid hours for sum: [12, 18, 24, 29]
[2026-05-16 15:55:50] Drought composite end date: 2021-09-07 06:00:00
[2026-05-16 15:55:50] Land cover year: 2020
[2026-05-16 15:55:52] VIIRS Veg composite: 2021-07-12 → 2021-07-28
[2026-05-16 15:55:56] Started export task: fire_215_dynamic_2021-09-08
[2026-05-16 15:55:57] ------ Processing date=2021-09-09 ------
[2026-05-16 15:55:57] Using viirs_af_path: viirs_af_path
[2026-05-16 15:55:57] VIIRS Image Date: ['2021-09-09 00:00:00']
[2026-05-16 15:55:57] Weather image size: 1
[2026-05-16 15:55:57] Forecast duration: 2021-09-10 00:00:00 to 2021-09-11 00:00:00
[2026-05-16 15:55:58] Number of forecast images: 24
[2026-05-16 15:55:58] Using forecast run: 2021-09-09 18:00:00 UTC
[2026-05-16 15:55:58] Forecast Rain Available hours: [6, 7, 8, 9, 10, 11, 12, 13, 14, 15, 16, 17, 18, 19, 20, 21, 22, 23, 24, 25, 26, 27, 28, 29]
[2026-05-16 15:55:58] Valid hours for sum: [12, 18, 24, 29]
[2026-05-16 15:56:00] Drought composite end date: 2021-09-07 06:00:00
[2026-05-16 15:56:01] Land cover year: 2020
[2026-05-16 15:56:02] VIIRS Veg composite: 2021-07-12 → 2021-07-28
[2026-05-16 15:56:06] Started export task: fire_215_dynamic_2021-09-09
[2026-05-16 15:56:07] ------ Processing date=2021-09-10 ------
[2026-05-16 15:56:07] Using viirs_af_path: viirs_af_path
[2026-05-16 15:56:07] VIIRS Image Date: ['2021-09-10 00:00:00']
[2026-05-16 15:56:07] Weather image size: 1
[2026-05-16 15:56:07] Forecast duration: 2021-09-11 00:00:00 to 2021-09-12 00:00:00
[2026-05-16 15:56:08] Number of forecast images: 24
[2026-05-16 15:56:08] Using forecast run: 2021-09-10 18:00:00 UTC
[2026-05-16 15:56:08] Forecast Rain Available hours: [6, 7, 8, 9, 10, 11, 12, 13, 14, 15, 16, 17, 18, 19, 20, 21, 22, 23, 24, 25, 26, 27, 28, 29]
[2026-05-16 15:56:08] Valid hours for sum: [12, 18, 24, 29]
[2026-05-16 15:56:11] Drought composite end date: 2021-09-07 06:00:00
[2026-05-16 15:56:11] Land cover year: 2020
[2026-05-16 15:56:12] VIIRS Veg composite: 2021-07-12 → 2021-07-28
[2026-05-16 15:56:16] Started export task: fire_215_dynamic_2021-09-10
[2026-05-16 15:56:17] ------ Processing date=2021-09-11 ------
[2026-05-16 15:56:17] Using viirs_af_path: viirs_af_path
[2026-05-16 15:56:17] VIIRS Image Date: ['2021-09-11 00:00:00']
[2026-05-16 15:56:17] Weather image size: 1
[2026-05-16 15:56:17] Forecast duration: 2021-09-12 00:00:00 to 2021-09-13 00:00:00
[2026-05-16 15:56:18] Number of forecast images: 24
[2026-05-16 15:56:18] Using forecast run: 2021-09-11 18:00:00 UTC
[2026-05-16 15:56:19] Forecast Rain Available hours: [6, 7, 8, 9, 10, 11, 12, 13, 14, 15, 16, 17, 18, 19, 20, 21, 22, 23, 24, 25, 26, 27, 28, 29]
[2026-05-16 15:56:19] Valid hours for sum: [12, 18, 24, 29]
[2026-05-16 15:56:21] Drought composite end date: 2021-09-07 06:00:00
[2026-05-16 15:56:22] Land cover year: 2020
[2026-05-16 15:56:23] VIIRS Veg composite: 2021-07-12 → 2021-07-28
[2026-05-16 15:56:27] Started export task: fire_215_dynamic_2021-09-11
[2026-05-16 15:56:27] ------ Processing date=2021-09-12 ------
[2026-05-16 15:56:27] Using viirs_af_path: viirs_af_path
[2026-05-16 15:56:28] VIIRS Image Date: ['2021-09-12 00:00:00']
[2026-05-16 15:56:28] Weather image size: 1
[2026-05-16 15:56:28] Forecast duration: 2021-09-13 00:00:00 to 2021-09-14 00:00:00
[2026-05-16 15:56:29] Number of forecast images: 24
[2026-05-16 15:56:29] Using forecast run: 2021-09-12 18:00:00 UTC
[2026-05-16 15:56:29] Forecast Rain Available hours: [6, 7, 8, 9, 10, 11, 12, 13, 14, 15, 16, 17, 18, 19, 20, 21, 22, 23, 24, 25, 26, 27, 28, 29]
[2026-05-16 15:56:29] Valid hours for sum: [12, 18, 24, 29]
[2026-05-16 15:56:31] Drought composite end date: 2021-09-07 06:00:00
[2026-05-16 15:56:31] Land cover year: 2020
[2026-05-16 15:56:32] VIIRS Veg composite: 2021-07-12 → 2021-07-28
[2026-05-16 15:56:36] Started export task: fire_215_dynamic_2021-09-12
[2026-05-16 15:56:36] ------ Processing date=2021-09-13 ------
[2026-05-16 15:56:36] Using viirs_af_path: viirs_af_path
[2026-05-16 15:56:36] VIIRS Image Date: ['2021-09-13 00:00:00']
[2026-05-16 15:56:36] Weather image size: 1
[2026-05-16 15:56:36] Forecast duration: 2021-09-14 00:00:00 to 2021-09-15 00:00:00
[2026-05-16 15:56:37] Number of forecast images: 24
[2026-05-16 15:56:37] Using forecast run: 2021-09-13 18:00:00 UTC
[2026-05-16 15:56:38] Forecast Rain Available hours: [6, 7, 8, 9, 10, 11, 12, 13, 14, 15, 16, 17, 18, 19, 20, 21, 22, 23, 24, 25, 26, 27, 28, 29]
[2026-05-16 15:56:38] Valid hours for sum: [12, 18, 24, 29]
[2026-05-16 15:56:41] Drought composite end date: 2021-09-12 06:00:00
[2026-05-16 15:56:41] Land cover year: 2020
[2026-05-16 15:56:42] VIIRS Veg composite: 2021-07-12 → 2021-07-28
[2026-05-16 15:56:45] Started export task: fire_215_dynamic_2021-09-13
[2026-05-16 15:56:46] ------ Processing date=2021-09-14 ------
[2026-05-16 15:56:46] Using viirs_af_path: viirs_af_path
[2026-05-16 15:56:46] VIIRS Image Date: ['2021-09-14 00:00:00']
[2026-05-16 15:56:46] Weather image size: 1
[2026-05-16 15:56:46] Forecast duration: 2021-09-15 00:00:00 to 2021-09-16 00:00:00
[2026-05-16 15:56:47] Number of forecast images: 24
[2026-05-16 15:56:47] Using forecast run: 2021-09-14 18:00:00 UTC
[2026-05-16 15:56:48] Forecast Rain Available hours: [6, 7, 8, 9, 10, 11, 12, 13, 14, 15, 16, 17, 18, 19, 20, 21, 22, 23, 24, 25, 26, 27, 28, 29]
[2026-05-16 15:56:48] Valid hours for sum: [12, 18, 24, 29]
[2026-05-16 15:56:51] Drought composite end date: 2021-09-12 06:00:00
[2026-05-16 15:56:51] Land cover year: 2020
[2026-05-16 15:56:53] VIIRS Veg composite: 2021-07-12 → 2021-07-28
[2026-05-16 15:56:57] Started export task: fire_215_dynamic_2021-09-14
[2026-05-16 15:56:57] ------ Processing date=2021-09-15 ------
[2026-05-16 15:56:57] Using viirs_af_path: viirs_af_path
[2026-05-16 15:56:58] VIIRS Image Date: ['2021-09-15 00:00:00']
[2026-05-16 15:56:58] Weather image size: 1
[2026-05-16 15:56:58] Forecast duration: 2021-09-16 00:00:00 to 2021-09-17 00:00:00
[2026-05-16 15:56:59] Number of forecast images: 24
[2026-05-16 15:56:59] Using forecast run: 2021-09-15 18:00:00 UTC
[2026-05-16 15:57:00] Forecast Rain Available hours: [6, 7, 8, 9, 10, 11, 12, 13, 14, 15, 16, 17, 18, 19, 20, 21, 22, 23, 24, 25, 26, 27, 28, 29]
[2026-05-16 15:57:00] Valid hours for sum: [12, 18, 24, 29]
[2026-05-16 15:57:01] Drought composite end date: 2021-09-12 06:00:00
[2026-05-16 15:57:02] Land cover year: 2020
[2026-05-16 15:57:03] VIIRS Veg composite: 2021-07-12 → 2021-07-28
[2026-05-16 15:57:05] Started export task: fire_215_dynamic_2021-09-15
[2026-05-16 15:57:06] ------ Processing date=2021-09-16 ------
[2026-05-16 15:57:06] Using viirs_af_path: viirs_af_path
[2026-05-16 15:57:06] VIIRS Image Date: ['2021-09-16 00:00:00']
[2026-05-16 15:57:06] Weather image size: 1
[2026-05-16 15:57:06] Forecast duration: 2021-09-17 00:00:00 to 2021-09-18 00:00:00
[2026-05-16 15:57:07] Number of forecast images: 24
[2026-05-16 15:57:07] Using forecast run: 2021-09-16 18:00:00 UTC
[2026-05-16 15:57:08] Forecast Rain Available hours: [6, 7, 8, 9, 10, 11, 12, 13, 14, 15, 16, 17, 18, 19, 20, 21, 22, 23, 24, 25, 26, 27, 28, 29]
[2026-05-16 15:57:08] Valid hours for sum: [12, 18, 24, 29]
[2026-05-16 15:57:10] Drought composite end date: 2021-09-12 06:00:00
[2026-05-16 15:57:10] Land cover year: 2020
[2026-05-16 15:57:11] VIIRS Veg composite: 2021-07-12 → 2021-07-28
[2026-05-16 15:57:15] Started export task: fire_215_dynamic_2021-09-16
[2026-05-16 15:57:15] ------ Processing date=2021-09-17 ------
[2026-05-16 15:57:15] Using viirs_af_path: viirs_af_path
[2026-05-16 15:57:15] VIIRS Image Date: ['2021-09-17 00:00:00']
[2026-05-16 15:57:16] Weather image size: 1
[2026-05-16 15:57:16] Forecast duration: 2021-09-18 00:00:00 to 2021-09-19 00:00:00
[2026-05-16 15:57:17] Number of forecast images: 24
[2026-05-16 15:57:17] Using forecast run: 2021-09-17 18:00:00 UTC
[2026-05-16 15:57:17] Forecast Rain Available hours: [6, 7, 8, 9, 10, 11, 12, 13, 14, 15, 16, 17, 18, 19, 20, 21, 22, 23, 24, 25, 26, 27, 28, 29]
[2026-05-16 15:57:17] Valid hours for sum: [12, 18, 24, 29]
[2026-05-16 15:57:19] Drought composite end date: 2021-09-12 06:00:00
[2026-05-16 15:57:19] Land cover year: 2020
[2026-05-16 15:57:20] VIIRS Veg composite: 2021-07-12 → 2021-07-28
[2026-05-16 15:57:22] Started export task: fire_215_dynamic_2021-09-17
[2026-05-16 15:57:23] ------ Processing date=2021-09-18 ------
[2026-05-16 15:57:23] Using viirs_af_path: viirs_af_path
[2026-05-16 15:57:23] VIIRS Image Date: ['2021-09-18 00:00:00']
[2026-05-16 15:57:24] Weather image size: 1
[2026-05-16 15:57:24] Forecast duration: 2021-09-19 00:00:00 to 2021-09-20 00:00:00
[2026-05-16 15:57:25] Number of forecast images: 24
[2026-05-16 15:57:25] Using forecast run: 2021-09-18 18:00:00 UTC
[2026-05-16 15:57:25] Forecast Rain Available hours: [6, 7, 8, 9, 10, 11, 12, 13, 14, 15, 16, 17, 18, 19, 20, 21, 22, 23, 24, 25, 26, 27, 28, 29]
[2026-05-16 15:57:25] Valid hours for sum: [12, 18, 24, 29]
[2026-05-16 15:57:27] Drought composite end date: 2021-09-17 06:00:00
[2026-05-16 15:57:27] Land cover year: 2020
[2026-05-16 15:57:28] VIIRS Veg composite: 2021-07-12 → 2021-07-28
[2026-05-16 15:57:33] Started export task: fire_215_dynamic_2021-09-18
[2026-05-16 15:57:33] ------ Processing date=2021-09-19 ------
[2026-05-16 15:57:33] Using viirs_af_path: viirs_af_path
[2026-05-16 15:57:34] VIIRS Image Date: ['2021-09-19 00:00:00']
[2026-05-16 15:57:34] Weather image size: 1
[2026-05-16 15:57:34] Forecast duration: 2021-09-20 00:00:00 to 2021-09-21 00:00:00
[2026-05-16 15:57:35] Number of forecast images: 24
[2026-05-16 15:57:35] Using forecast run: 2021-09-19 18:00:00 UTC
[2026-05-16 15:57:35] Forecast Rain Available hours: [6, 7, 8, 9, 10, 11, 12, 13, 14, 15, 16, 17, 18, 19, 20, 21, 22, 23, 24, 25, 26, 27, 28, 29]
[2026-05-16 15:57:35] Valid hours for sum: [12, 18, 24, 29]
[2026-05-16 15:57:37] Drought composite end date: 2021-09-17 06:00:00
[2026-05-16 15:57:37] Land cover year: 2020
[2026-05-16 15:57:38] VIIRS Veg composite: 2021-07-12 → 2021-07-28
[2026-05-16 15:57:41] Started export task: fire_215_dynamic_2021-09-19
[2026-05-16 15:57:41] ------ Processing date=2021-09-20 ------
[2026-05-16 15:57:41] Using viirs_af_path: viirs_af_path
[2026-05-16 15:57:42] VIIRS Image Date: ['2021-09-20 00:00:00']
[2026-05-16 15:57:42] Weather image size: 1
[2026-05-16 15:57:42] Forecast duration: 2021-09-21 00:00:00 to 2021-09-22 00:00:00
[2026-05-16 15:57:44] Number of forecast images: 24
[2026-05-16 15:57:44] Using forecast run: 2021-09-20 18:00:00 UTC
[2026-05-16 15:57:44] Forecast Rain Available hours: [6, 7, 8, 9, 10, 11, 12, 13, 14, 15, 16, 17, 18, 19, 20, 21, 22, 23, 24, 25, 26, 27, 28, 29]
[2026-05-16 15:57:44] Valid hours for sum: [12, 18, 24, 29]
[2026-05-16 15:57:47] Drought composite end date: 2021-09-17 06:00:00
[2026-05-16 15:57:47] Land cover year: 2020
[2026-05-16 15:57:48] VIIRS Veg composite: 2021-07-12 → 2021-07-28
[2026-05-16 15:57:52] Started export task: fire_215_dynamic_2021-09-20
[2026-05-16 15:57:52] ------ Processing date=2021-09-21 ------
[2026-05-16 15:57:52] Using viirs_af_path: viirs_af_path
[2026-05-16 15:57:52] VIIRS Image Date: ['2021-09-21 00:00:00']
[2026-05-16 15:57:52] Weather image size: 1
[2026-05-16 15:57:52] Forecast duration: 2021-09-22 00:00:00 to 2021-09-23 00:00:00
[2026-05-16 15:57:53] Number of forecast images: 24
[2026-05-16 15:57:53] Using forecast run: 2021-09-21 18:00:00 UTC
[2026-05-16 15:57:54] Forecast Rain Available hours: [6, 7, 8, 9, 10, 11, 12, 13, 14, 15, 16, 17, 18, 19, 20, 21, 22, 23, 24, 25, 26, 27, 28, 29]
[2026-05-16 15:57:54] Valid hours for sum: [12, 18, 24, 29]
[2026-05-16 15:57:55] Drought composite end date: 2021-09-17 06:00:00
[2026-05-16 15:57:55] Land cover year: 2020
[2026-05-16 15:57:56] VIIRS Veg composite: 2021-07-12 → 2021-07-28
[2026-05-16 15:58:00] Started export task: fire_215_dynamic_2021-09-21
[2026-05-16 15:58:01] ------ Processing date=2021-09-22 ------
[2026-05-16 15:58:01] Using viirs_af_path: viirs_af_path
[2026-05-16 15:58:01] VIIRS Image Date: ['2021-09-22 00:00:00']
[2026-05-16 15:58:01] Weather image size: 1
[2026-05-16 15:58:01] Forecast duration: 2021-09-23 00:00:00 to 2021-09-24 00:00:00
[2026-05-16 15:58:02] Number of forecast images: 24
[2026-05-16 15:58:02] Using forecast run: 2021-09-22 18:00:00 UTC
[2026-05-16 15:58:03] Forecast Rain Available hours: [6, 7, 8, 9, 10, 11, 12, 13, 14, 15, 16, 17, 18, 19, 20, 21, 22, 23, 24, 25, 26, 27, 28, 29]
[2026-05-16 15:58:03] Valid hours for sum: [12, 18, 24, 29]
[2026-05-16 15:58:05] Drought composite end date: 2021-09-17 06:00:00
[2026-05-16 15:58:06] Land cover year: 2020
[2026-05-16 15:58:06] VIIRS Veg composite: 2021-07-12 → 2021-07-28
[2026-05-16 15:58:09] Started export task: fire_215_dynamic_2021-09-22
[2026-05-16 15:58:10] ------ Processing date=2021-09-23 ------
[2026-05-16 15:58:10] Using viirs_af_path: viirs_af_path
[2026-05-16 15:58:10] VIIRS Image Date: ['2021-09-23 00:00:00']
[2026-05-16 15:58:10] Weather image size: 1
[2026-05-16 15:58:10] Forecast duration: 2021-09-24 00:00:00 to 2021-09-25 00:00:00
[2026-05-16 15:58:11] Number of forecast images: 24
[2026-05-16 15:58:11] Using forecast run: 2021-09-23 18:00:00 UTC
[2026-05-16 15:58:12] Forecast Rain Available hours: [6, 7, 8, 9, 10, 11, 12, 13, 14, 15, 16, 17, 18, 19, 20, 21, 22, 23, 24, 25, 26, 27, 28, 29]
[2026-05-16 15:58:12] Valid hours for sum: [12, 18, 24, 29]
[2026-05-16 15:58:13] Drought composite end date: 2021-09-22 06:00:00
[2026-05-16 15:58:14] Land cover year: 2020
[2026-05-16 15:58:14] VIIRS Veg composite: 2021-07-12 → 2021-07-28
[2026-05-16 15:58:18] Started export task: fire_215_dynamic_2021-09-23
[2026-05-16 15:58:19] ------ Processing date=2021-09-24 ------
[2026-05-16 15:58:19] Using viirs_af_path: viirs_af_path
[2026-05-16 15:58:19] VIIRS Image Date: ['2021-09-24 00:00:00']
[2026-05-16 15:58:21] Weather image size: 1
[2026-05-16 15:58:21] Forecast duration: 2021-09-25 00:00:00 to 2021-09-26 00:00:00
[2026-05-16 15:58:22] Number of forecast images: 24
[2026-05-16 15:58:22] Using forecast run: 2021-09-24 18:00:00 UTC
[2026-05-16 15:58:22] Forecast Rain Available hours: [6, 7, 8, 9, 10, 11, 12, 13, 14, 15, 16, 17, 18, 19, 20, 21, 22, 23, 24, 25, 26, 27, 28, 29]
[2026-05-16 15:58:22] Valid hours for sum: [12, 18, 24, 29]
[2026-05-16 15:58:25] Drought composite end date: 2021-09-22 06:00:00
[2026-05-16 15:58:25] Land cover year: 2020
[2026-05-16 15:58:26] VIIRS Veg composite: 2021-07-12 → 2021-07-28
[2026-05-16 15:58:30] Started export task: fire_215_dynamic_2021-09-24
[2026-05-16 15:58:31] ------ Processing date=2021-09-25 ------
[2026-05-16 15:58:31] Using viirs_af_path: viirs_af_path
[2026-05-16 15:58:31] VIIRS Image Date: ['2021-09-25 00:00:00']
[2026-05-16 15:58:31] Weather image size: 1
[2026-05-16 15:58:31] Forecast duration: 2021-09-26 00:00:00 to 2021-09-27 00:00:00
[2026-05-16 15:58:32] Number of forecast images: 24
[2026-05-16 15:58:32] Using forecast run: 2021-09-25 18:00:00 UTC
[2026-05-16 15:58:33] Forecast Rain Available hours: [6, 7, 8, 9, 10, 11, 12, 13, 14, 15, 16, 17, 18, 19, 20, 21, 22, 23, 24, 25, 26, 27, 28, 29]
[2026-05-16 15:58:33] Valid hours for sum: [12, 18, 24, 29]
[2026-05-16 15:58:34] Drought composite end date: 2021-09-22 06:00:00
[2026-05-16 15:58:35] Land cover year: 2020
[2026-05-16 15:58:35] VIIRS Veg composite: 2021-07-12 → 2021-07-28
[2026-05-16 15:58:39] Started export task: fire_215_dynamic_2021-09-25
[2026-05-16 15:58:40] ------ Processing date=2021-09-26 ------
[2026-05-16 15:58:40] Using viirs_af_path: viirs_af_path
[2026-05-16 15:58:40] VIIRS Image Date: ['2021-09-26 00:00:00']
[2026-05-16 15:58:40] Weather image size: 1
[2026-05-16 15:58:40] Forecast duration: 2021-09-27 00:00:00 to 2021-09-28 00:00:00
[2026-05-16 15:58:41] Number of forecast images: 24
[2026-05-16 15:58:41] Using forecast run: 2021-09-26 18:00:00 UTC
[2026-05-16 15:58:42] Forecast Rain Available hours: [6, 7, 8, 9, 10, 11, 12, 13, 14, 15, 16, 17, 18, 19, 20, 21, 22, 23, 24, 25, 26, 27, 28, 29]
[2026-05-16 15:58:42] Valid hours for sum: [12, 18, 24, 29]
[2026-05-16 15:58:43] Drought composite end date: 2021-09-22 06:00:00
[2026-05-16 15:58:43] Land cover year: 2020
[2026-05-16 15:58:45] VIIRS Veg composite: 2021-07-12 → 2021-07-28
[2026-05-16 15:58:49] Started export task: fire_215_dynamic_2021-09-26
[2026-05-16 15:58:50] ------ Processing date=2021-09-27 ------
[2026-05-16 15:58:50] Using viirs_af_path: viirs_af_path
[2026-05-16 15:58:50] VIIRS Image Date: ['2021-09-27 00:00:00']
[2026-05-16 15:58:50] Weather image size: 1
[2026-05-16 15:58:50] Forecast duration: 2021-09-28 00:00:00 to 2021-09-29 00:00:00
[2026-05-16 15:58:51] Number of forecast images: 24
[2026-05-16 15:58:51] Using forecast run: 2021-09-27 18:00:00 UTC
[2026-05-16 15:58:52] Forecast Rain Available hours: [6, 7, 8, 9, 10, 11, 12, 13, 14, 15, 16, 17, 18, 19, 20, 21, 22, 23, 24, 25, 26, 27, 28, 29]
[2026-05-16 15:58:52] Valid hours for sum: [12, 18, 24, 29]
[2026-05-16 15:58:55] Drought composite end date: 2021-09-22 06:00:00
[2026-05-16 15:58:55] Land cover year: 2020
[2026-05-16 15:58:56] VIIRS Veg composite: 2021-07-12 → 2021-07-28
[2026-05-16 15:59:00] Started export task: fire_215_dynamic_2021-09-27
[2026-05-16 15:59:01] ------ Processing date=2021-09-28 ------
[2026-05-16 15:59:01] Using viirs_af_path: viirs_af_path
[2026-05-16 15:59:01] VIIRS Image Date: ['2021-09-28 00:00:00']
[2026-05-16 15:59:01] Weather image size: 1
[2026-05-16 15:59:01] Forecast duration: 2021-09-29 00:00:00 to 2021-09-30 00:00:00
[2026-05-16 15:59:02] Number of forecast images: 24
[2026-05-16 15:59:02] Using forecast run: 2021-09-28 18:00:00 UTC
[2026-05-16 15:59:02] Forecast Rain Available hours: [6, 7, 8, 9, 10, 11, 12, 13, 14, 15, 16, 17, 18, 19, 20, 21, 22, 23, 24, 25, 26, 27, 28, 29]
[2026-05-16 15:59:02] Valid hours for sum: [12, 18, 24, 29]
[2026-05-16 15:59:03] Drought composite end date: 2021-09-27 06:00:00
[2026-05-16 15:59:04] Land cover year: 2020
[2026-05-16 15:59:04] VIIRS Veg composite: 2021-07-12 → 2021-07-28
[2026-05-16 15:59:08] Started export task: fire_215_dynamic_2021-09-28
[2026-05-16 15:59:08] ------ Processing date=2021-09-29 ------
[2026-05-16 15:59:08] Using viirs_af_path: viirs_af_path
[2026-05-16 15:59:08] VIIRS Image Date: ['2021-09-29 00:00:00']
[2026-05-16 15:59:09] Weather image size: 1
[2026-05-16 15:59:09] Forecast duration: 2021-09-30 00:00:00 to 2021-10-01 00:00:00
[2026-05-16 15:59:09] Number of forecast images: 24
[2026-05-16 15:59:09] Using forecast run: 2021-09-29 18:00:00 UTC
[2026-05-16 15:59:10] Forecast Rain Available hours: [6, 7, 8, 9, 10, 11, 12, 13, 14, 15, 16, 17, 18, 19, 20, 21, 22, 23, 24, 25, 26, 27, 28, 29]
[2026-05-16 15:59:10] Valid hours for sum: [12, 18, 24, 29]
[2026-05-16 15:59:11] Drought composite end date: 2021-09-27 06:00:00
[2026-05-16 15:59:12] Land cover year: 2020
[2026-05-16 15:59:13] VIIRS Veg composite: 2021-07-12 → 2021-07-28
[2026-05-16 15:59:15] Started export task: fire_215_dynamic_2021-09-29
[2026-05-16 15:59:16] END: ----------Event fire_215----------- (Duration: 11.50m)
[2026-05-16 15:59:16] START: ----------Event fire_216-----------
[2026-05-16 15:59:16] ------ Processing date=2021-07-23 ------
[2026-05-16 15:59:16] Using viirs_af_path: viirs_af_path
[2026-05-16 15:59:16] VIIRS Image Date: ['2021-07-23 00:00:00']
[2026-05-16 15:59:17] Weather image size: 1
[2026-05-16 15:59:17] Forecast duration: 2021-07-24 00:00:00 to 2021-07-25 00:00:00
[2026-05-16 15:59:18] Number of forecast images: 24
[2026-05-16 15:59:18] Using forecast run: 2021-07-23 18:00:00 UTC
[2026-05-16 15:59:18] Forecast Rain Available hours: [6, 7, 8, 9, 10, 11, 12, 13, 14, 15, 16, 17, 18, 19, 20, 21, 22, 23, 24, 25, 26, 27, 28, 29]
[2026-05-16 15:59:18] Valid hours for sum: [12, 18, 24, 29]
[2026-05-16 15:59:20] Drought composite end date: 2021-07-19 06:00:00
[2026-05-16 15:59:20] Land cover year: 2020
[2026-05-16 15:59:21] VIIRS Veg composite: 2021-07-12 → 2021-07-28
[2026-05-16 15:59:26] Started export task: fire_216_static
[2026-05-16 15:59:26] Started export task: fire_216_dynamic_2021-07-23
[2026-05-16 15:59:26] ------ Processing date=2021-07-24 ------
[2026-05-16 15:59:26] Using viirs_af_path: viirs_af_path
[2026-05-16 15:59:26] VIIRS Image Date: ['2021-07-24 00:00:00']
[2026-05-16 15:59:27] Weather image size: 1
[2026-05-16 15:59:27] Forecast duration: 2021-07-25 00:00:00 to 2021-07-26 00:00:00
[2026-05-16 15:59:28] Number of forecast images: 24
[2026-05-16 15:59:28] Using forecast run: 2021-07-24 18:00:00 UTC
[2026-05-16 15:59:28] Forecast Rain Available hours: [6, 7, 8, 9, 10, 11, 12, 13, 14, 15, 16, 17, 18, 19, 20, 21, 22, 23, 24, 25, 26, 27, 28, 29]
[2026-05-16 15:59:28] Valid hours for sum: [12, 18, 24, 29]
[2026-05-16 15:59:30] Drought composite end date: 2021-07-19 06:00:00
[2026-05-16 15:59:30] Land cover year: 2020
[2026-05-16 15:59:31] VIIRS Veg composite: 2021-07-12 → 2021-07-28
[2026-05-16 15:59:35] Started export task: fire_216_dynamic_2021-07-24
[2026-05-16 15:59:35] ------ Processing date=2021-07-25 ------
[2026-05-16 15:59:35] Using viirs_af_path: viirs_af_path
[2026-05-16 15:59:35] VIIRS Image Date: ['2021-07-25 00:00:00']
[2026-05-16 15:59:36] Weather image size: 1
[2026-05-16 15:59:36] Forecast duration: 2021-07-26 00:00:00 to 2021-07-27 00:00:00
[2026-05-16 15:59:37] Number of forecast images: 24
[2026-05-16 15:59:37] Using forecast run: 2021-07-25 18:00:00 UTC
[2026-05-16 15:59:37] Forecast Rain Available hours: [6, 7, 8, 9, 10, 11, 12, 13, 14, 15, 16, 17, 18, 19, 20, 21, 22, 23, 24, 25, 26, 27, 28, 29]
[2026-05-16 15:59:37] Valid hours for sum: [12, 18, 24, 29]
[2026-05-16 15:59:39] Drought composite end date: 2021-07-24 06:00:00
[2026-05-16 15:59:39] Land cover year: 2020
[2026-05-16 15:59:40] VIIRS Veg composite: 2021-07-12 → 2021-07-28
[2026-05-16 15:59:44] Started export task: fire_216_dynamic_2021-07-25
[2026-05-16 15:59:45] ------ Processing date=2021-07-26 ------
[2026-05-16 15:59:45] Using viirs_af_path: viirs_af_path
[2026-05-16 15:59:45] VIIRS Image Date: ['2021-07-26 00:00:00']
[2026-05-16 15:59:45] Weather image size: 1
[2026-05-16 15:59:45] Forecast duration: 2021-07-27 00:00:00 to 2021-07-28 00:00:00
[2026-05-16 15:59:46] Number of forecast images: 24
[2026-05-16 15:59:46] Using forecast run: 2021-07-26 18:00:00 UTC
[2026-05-16 15:59:47] Forecast Rain Available hours: [6, 7, 8, 9, 10, 11, 12, 13, 14, 15, 16, 17, 18, 19, 20, 21, 22, 23, 24, 25, 26, 27, 28, 29]
[2026-05-16 15:59:47] Valid hours for sum: [12, 18, 24, 29]
[2026-05-16 15:59:49] Drought composite end date: 2021-07-24 06:00:00
[2026-05-16 15:59:49] Land cover year: 2020
[2026-05-16 15:59:50] VIIRS Veg composite: 2021-07-12 → 2021-07-28
[2026-05-16 15:59:53] Started export task: fire_216_dynamic_2021-07-26
[2026-05-16 15:59:54] ------ Processing date=2021-07-27 ------
[2026-05-16 15:59:54] Using viirs_af_path: viirs_af_path
[2026-05-16 15:59:54] VIIRS Image Date: ['2021-07-27 00:00:00']
[2026-05-16 15:59:54] Weather image size: 1
[2026-05-16 15:59:54] Forecast duration: 2021-07-28 00:00:00 to 2021-07-29 00:00:00
[2026-05-16 15:59:56] Number of forecast images: 24
[2026-05-16 15:59:56] Using forecast run: 2021-07-27 18:00:00 UTC
[2026-05-16 15:59:57] Forecast Rain Available hours: [6, 7, 8, 9, 10, 11, 12, 13, 14, 15, 16, 17, 18, 19, 20, 21, 22, 23, 24, 25, 26, 27, 28, 29]
[2026-05-16 15:59:57] Valid hours for sum: [12, 18, 24, 29]
[2026-05-16 15:59:59] Drought composite end date: 2021-07-24 06:00:00
[2026-05-16 15:59:59] Land cover year: 2020
[2026-05-16 16:00:00] VIIRS Veg composite: 2021-07-12 → 2021-07-28
[2026-05-16 16:00:04] Started export task: fire_216_dynamic_2021-07-27
[2026-05-16 16:00:05] ------ Processing date=2021-07-28 ------
[2026-05-16 16:00:05] Using viirs_af_path: viirs_af_path
[2026-05-16 16:00:06] VIIRS Image Date: ['2021-07-28 00:00:00']
[2026-05-16 16:00:06] Weather image size: 1
[2026-05-16 16:00:06] Forecast duration: 2021-07-29 00:00:00 to 2021-07-30 00:00:00
[2026-05-16 16:00:07] Number of forecast images: 24
[2026-05-16 16:00:07] Using forecast run: 2021-07-28 18:00:00 UTC
[2026-05-16 16:00:07] Forecast Rain Available hours: [6, 7, 8, 9, 10, 11, 12, 13, 14, 15, 16, 17, 18, 19, 20, 21, 22, 23, 24, 25, 26, 27, 28, 29]
[2026-05-16 16:00:07] Valid hours for sum: [12, 18, 24, 29]
[2026-05-16 16:00:08] Drought composite end date: 2021-07-24 06:00:00
[2026-05-16 16:00:09] Land cover year: 2020
[2026-05-16 16:00:10] VIIRS Veg composite: 2021-07-12 → 2021-07-28
[2026-05-16 16:00:15] Started export task: fire_216_dynamic_2021-07-28
[2026-05-16 16:00:15] ------ Processing date=2021-07-29 ------
[2026-05-16 16:00:15] Using viirs_af_path: viirs_af_path
[2026-05-16 16:00:16] VIIRS Image Date: ['2021-07-29 00:00:00']
[2026-05-16 16:00:16] Weather image size: 1
[2026-05-16 16:00:16] Forecast duration: 2021-07-30 00:00:00 to 2021-07-31 00:00:00
[2026-05-16 16:00:18] Number of forecast images: 24
[2026-05-16 16:00:18] Using forecast run: 2021-07-29 18:00:00 UTC
[2026-05-16 16:00:18] Forecast Rain Available hours: [6, 7, 8, 9, 10, 11, 12, 13, 14, 15, 16, 17, 18, 19, 20, 21, 22, 23, 24, 25, 26, 27, 28, 29]
[2026-05-16 16:00:18] Valid hours for sum: [12, 18, 24, 29]
[2026-05-16 16:00:21] Drought composite end date: 2021-07-24 06:00:00
[2026-05-16 16:00:21] Land cover year: 2020
[2026-05-16 16:00:22] VIIRS Veg composite: 2021-07-12 → 2021-07-28
[2026-05-16 16:00:25] Started export task: fire_216_dynamic_2021-07-29
[2026-05-16 16:00:26] ------ Processing date=2021-07-30 ------
[2026-05-16 16:00:26] Using viirs_af_path: viirs_af_path
[2026-05-16 16:00:26] VIIRS Image Date: ['2021-07-30 00:00:00']
[2026-05-16 16:00:26] Weather image size: 1
[2026-05-16 16:00:26] Forecast duration: 2021-07-31 00:00:00 to 2021-08-01 00:00:00
[2026-05-16 16:00:27] Number of forecast images: 24
[2026-05-16 16:00:27] Using forecast run: 2021-07-30 18:00:00 UTC
[2026-05-16 16:00:27] Forecast Rain Available hours: [6, 7, 8, 9, 10, 11, 12, 13, 14, 15, 16, 17, 18, 19, 20, 21, 22, 23, 24, 25, 26, 27, 28, 29]
[2026-05-16 16:00:27] Valid hours for sum: [12, 18, 24, 29]
[2026-05-16 16:00:29] Drought composite end date: 2021-07-29 06:00:00
[2026-05-16 16:00:29] Land cover year: 2020
[2026-05-16 16:00:30] VIIRS Veg composite: 2021-07-12 → 2021-07-28
[2026-05-16 16:00:33] Started export task: fire_216_dynamic_2021-07-30
[2026-05-16 16:00:34] ------ Processing date=2021-07-31 ------
[2026-05-16 16:00:34] Using viirs_af_path: viirs_af_path
[2026-05-16 16:00:34] VIIRS Image Date: ['2021-07-31 00:00:00']
[2026-05-16 16:00:34] Weather image size: 1
[2026-05-16 16:00:34] Forecast duration: 2021-08-01 00:00:00 to 2021-08-02 00:00:00
[2026-05-16 16:00:35] Number of forecast images: 24
[2026-05-16 16:00:35] Using forecast run: 2021-07-31 18:00:00 UTC
[2026-05-16 16:00:36] Forecast Rain Available hours: [6, 7, 8, 9, 10, 11, 12, 13, 14, 15, 16, 17, 18, 19, 20, 21, 22, 23, 24, 25, 26, 27, 28, 29]
[2026-05-16 16:00:36] Valid hours for sum: [12, 18, 24, 29]
[2026-05-16 16:00:38] Drought composite end date: 2021-07-29 06:00:00
[2026-05-16 16:00:38] Land cover year: 2020
[2026-05-16 16:00:39] VIIRS Veg composite: 2021-07-12 → 2021-07-28
[2026-05-16 16:00:43] Started export task: fire_216_dynamic_2021-07-31
[2026-05-16 16:00:44] ------ Processing date=2021-08-01 ------
[2026-05-16 16:00:44] Using viirs_af_path: viirs_af_path
[2026-05-16 16:00:45] VIIRS Image Date: ['2021-08-01 00:00:00']
[2026-05-16 16:00:45] Weather image size: 1
[2026-05-16 16:00:45] Forecast duration: 2021-08-02 00:00:00 to 2021-08-03 00:00:00
[2026-05-16 16:00:46] Number of forecast images: 24
[2026-05-16 16:00:46] Using forecast run: 2021-08-01 18:00:00 UTC
[2026-05-16 16:00:46] Forecast Rain Available hours: [6, 7, 8, 9, 10, 11, 12, 13, 14, 15, 16, 17, 18, 19, 20, 21, 22, 23, 24, 25, 26, 27, 28, 29]
[2026-05-16 16:00:46] Valid hours for sum: [12, 18, 24, 29]
[2026-05-16 16:00:48] Drought composite end date: 2021-07-29 06:00:00
[2026-05-16 16:00:49] Land cover year: 2020
[2026-05-16 16:00:50] VIIRS Veg composite: 2021-07-12 → 2021-07-28
[2026-05-16 16:00:53] Started export task: fire_216_dynamic_2021-08-01
[2026-05-16 16:00:54] ------ Processing date=2021-08-02 ------
[2026-05-16 16:00:54] Using viirs_af_path: viirs_af_path
[2026-05-16 16:00:54] VIIRS Image Date: ['2021-08-02 00:00:00']
[2026-05-16 16:00:54] Weather image size: 1
[2026-05-16 16:00:54] Forecast duration: 2021-08-03 00:00:00 to 2021-08-04 00:00:00
[2026-05-16 16:00:55] Number of forecast images: 24
[2026-05-16 16:00:55] Using forecast run: 2021-08-02 18:00:00 UTC
[2026-05-16 16:00:55] Forecast Rain Available hours: [6, 7, 8, 9, 10, 11, 12, 13, 14, 15, 16, 17, 18, 19, 20, 21, 22, 23, 24, 25, 26, 27, 28, 29]
[2026-05-16 16:00:55] Valid hours for sum: [12, 18, 24, 29]
[2026-05-16 16:00:58] Drought composite end date: 2021-07-29 06:00:00
[2026-05-16 16:00:58] Land cover year: 2020
[2026-05-16 16:00:59] VIIRS Veg composite: 2021-07-12 → 2021-07-28
[2026-05-16 16:01:03] Started export task: fire_216_dynamic_2021-08-02
[2026-05-16 16:01:03] ------ Processing date=2021-08-03 ------
[2026-05-16 16:01:03] Using viirs_af_path: viirs_af_path
[2026-05-16 16:01:04] VIIRS Image Date: ['2021-08-03 00:00:00']
[2026-05-16 16:01:04] Weather image size: 1
[2026-05-16 16:01:04] Forecast duration: 2021-08-04 00:00:00 to 2021-08-05 00:00:00
[2026-05-16 16:01:05] Number of forecast images: 24
[2026-05-16 16:01:05] Using forecast run: 2021-08-03 18:00:00 UTC
[2026-05-16 16:01:06] Forecast Rain Available hours: [6, 7, 8, 9, 10, 11, 12, 13, 14, 15, 16, 17, 18, 19, 20, 21, 22, 23, 24, 25, 26, 27, 28, 29]
[2026-05-16 16:01:06] Valid hours for sum: [12, 18, 24, 29]
[2026-05-16 16:01:08] Drought composite end date: 2021-07-29 06:00:00
[2026-05-16 16:01:08] Land cover year: 2020
[2026-05-16 16:01:09] VIIRS Veg composite: 2021-07-12 → 2021-07-28
[2026-05-16 16:01:12] Started export task: fire_216_dynamic_2021-08-03
[2026-05-16 16:01:12] ------ Processing date=2021-08-04 ------
[2026-05-16 16:01:12] Using viirs_af_path: viirs_af_path
[2026-05-16 16:01:12] VIIRS Image Date: ['2021-08-04 00:00:00']
[2026-05-16 16:01:12] Weather image size: 1
[2026-05-16 16:01:12] Forecast duration: 2021-08-05 00:00:00 to 2021-08-06 00:00:00
[2026-05-16 16:01:13] Number of forecast images: 24
[2026-05-16 16:01:13] Using forecast run: 2021-08-04 18:00:00 UTC
[2026-05-16 16:01:14] Forecast Rain Available hours: [6, 7, 8, 9, 10, 11, 12, 13, 14, 15, 16, 17, 18, 19, 20, 21, 22, 23, 24, 25, 26, 27, 28, 29]
[2026-05-16 16:01:14] Valid hours for sum: [12, 18, 24, 29]
[2026-05-16 16:01:16] Drought composite end date: 2021-08-03 06:00:00
[2026-05-16 16:01:16] Land cover year: 2020
[2026-05-16 16:01:17] VIIRS Veg composite: 2021-07-12 → 2021-07-28
[2026-05-16 16:01:20] Started export task: fire_216_dynamic_2021-08-04
[2026-05-16 16:01:21] ------ Processing date=2021-08-05 ------
[2026-05-16 16:01:21] Using viirs_af_path: viirs_af_path
[2026-05-16 16:01:21] VIIRS Image Date: ['2021-08-05 00:00:00']
[2026-05-16 16:01:21] Weather image size: 1
[2026-05-16 16:01:21] Forecast duration: 2021-08-06 00:00:00 to 2021-08-07 00:00:00
[2026-05-16 16:01:22] Number of forecast images: 24
[2026-05-16 16:01:22] Using forecast run: 2021-08-05 18:00:00 UTC
[2026-05-16 16:01:23] Forecast Rain Available hours: [6, 7, 8, 9, 10, 11, 12, 13, 14, 15, 16, 17, 18, 19, 20, 21, 22, 23, 24, 25, 26, 27, 28, 29]
[2026-05-16 16:01:23] Valid hours for sum: [12, 18, 24, 29]
[2026-05-16 16:01:25] Drought composite end date: 2021-08-03 06:00:00
[2026-05-16 16:01:25] Land cover year: 2020
[2026-05-16 16:01:26] VIIRS Veg composite: 2021-07-12 → 2021-07-28
[2026-05-16 16:01:30] Started export task: fire_216_dynamic_2021-08-05
[2026-05-16 16:01:31] ------ Processing date=2021-08-06 ------
[2026-05-16 16:01:31] Using viirs_af_path: viirs_af_path
[2026-05-16 16:01:31] VIIRS Image Date: ['2021-08-06 00:00:00']
[2026-05-16 16:01:31] Weather image size: 1
[2026-05-16 16:01:31] Forecast duration: 2021-08-07 00:00:00 to 2021-08-08 00:00:00
[2026-05-16 16:01:32] Number of forecast images: 24
[2026-05-16 16:01:32] Using forecast run: 2021-08-06 18:00:00 UTC
[2026-05-16 16:01:33] Forecast Rain Available hours: [6, 7, 8, 9, 10, 11, 12, 13, 14, 15, 16, 17, 18, 19, 20, 21, 22, 23, 24, 25, 26, 27, 28, 29]
[2026-05-16 16:01:33] Valid hours for sum: [12, 18, 24, 29]
[2026-05-16 16:01:35] Drought composite end date: 2021-08-03 06:00:00
[2026-05-16 16:01:35] Land cover year: 2020
[2026-05-16 16:01:36] VIIRS Veg composite: 2021-07-12 → 2021-07-28
[2026-05-16 16:01:40] Started export task: fire_216_dynamic_2021-08-06
[2026-05-16 16:01:41] ------ Processing date=2021-08-07 ------
[2026-05-16 16:01:41] Using viirs_af_path: viirs_af_path
[2026-05-16 16:01:41] VIIRS Image Date: ['2021-08-07 00:00:00']
[2026-05-16 16:01:41] Weather image size: 1
[2026-05-16 16:01:41] Forecast duration: 2021-08-08 00:00:00 to 2021-08-09 00:00:00
[2026-05-16 16:01:42] Number of forecast images: 24
[2026-05-16 16:01:42] Using forecast run: 2021-08-07 18:00:00 UTC
[2026-05-16 16:01:42] Forecast Rain Available hours: [6, 7, 8, 9, 10, 11, 12, 13, 14, 15, 16, 17, 18, 19, 20, 21, 22, 23, 24, 25, 26, 27, 28, 29]
[2026-05-16 16:01:42] Valid hours for sum: [12, 18, 24, 29]
[2026-05-16 16:01:44] Drought composite end date: 2021-08-03 06:00:00
[2026-05-16 16:01:44] Land cover year: 2020
[2026-05-16 16:01:45] VIIRS Veg composite: 2021-07-12 → 2021-07-28
[2026-05-16 16:01:49] Started export task: fire_216_dynamic_2021-08-07
[2026-05-16 16:01:49] ------ Processing date=2021-08-08 ------
[2026-05-16 16:01:49] Using viirs_af_path: viirs_af_path
[2026-05-16 16:01:50] VIIRS Image Date: ['2021-08-08 00:00:00']
[2026-05-16 16:01:50] Weather image size: 1
[2026-05-16 16:01:50] Forecast duration: 2021-08-09 00:00:00 to 2021-08-10 00:00:00
[2026-05-16 16:01:51] Number of forecast images: 24
[2026-05-16 16:01:51] Using forecast run: 2021-08-08 18:00:00 UTC
[2026-05-16 16:01:51] Forecast Rain Available hours: [6, 7, 8, 9, 10, 11, 12, 13, 14, 15, 16, 17, 18, 19, 20, 21, 22, 23, 24, 25, 26, 27, 28, 29]
[2026-05-16 16:01:51] Valid hours for sum: [12, 18, 24, 29]
[2026-05-16 16:01:54] Drought composite end date: 2021-08-03 06:00:00
[2026-05-16 16:01:55] Land cover year: 2020
[2026-05-16 16:01:55] VIIRS Veg composite: 2021-07-12 → 2021-07-28
[2026-05-16 16:02:00] Started export task: fire_216_dynamic_2021-08-08
[2026-05-16 16:02:00] ------ Processing date=2021-08-09 ------
[2026-05-16 16:02:00] Using viirs_af_path: viirs_af_path
[2026-05-16 16:02:00] VIIRS Image Date: ['2021-08-09 00:00:00']
[2026-05-16 16:02:01] Weather image size: 1
[2026-05-16 16:02:01] Forecast duration: 2021-08-10 00:00:00 to 2021-08-11 00:00:00
[2026-05-16 16:02:01] Number of forecast images: 24
[2026-05-16 16:02:01] Using forecast run: 2021-08-09 18:00:00 UTC
[2026-05-16 16:02:02] Forecast Rain Available hours: [6, 7, 8, 9, 10, 11, 12, 13, 14, 15, 16, 17, 18, 19, 20, 21, 22, 23, 24, 25, 26, 27, 28, 29]
[2026-05-16 16:02:02] Valid hours for sum: [12, 18, 24, 29]
[2026-05-16 16:02:03] Drought composite end date: 2021-08-08 06:00:00
[2026-05-16 16:02:04] Land cover year: 2020
[2026-05-16 16:02:05] VIIRS Veg composite: 2021-07-12 → 2021-07-28
[2026-05-16 16:02:09] Started export task: fire_216_dynamic_2021-08-09
[2026-05-16 16:02:09] ------ Processing date=2021-08-10 ------
[2026-05-16 16:02:09] Using viirs_af_path: viirs_af_path
[2026-05-16 16:02:10] VIIRS Image Date: ['2021-08-10 00:00:00']
[2026-05-16 16:02:10] Weather image size: 1
[2026-05-16 16:02:10] Forecast duration: 2021-08-11 00:00:00 to 2021-08-12 00:00:00
[2026-05-16 16:02:11] Number of forecast images: 24
[2026-05-16 16:02:11] Using forecast run: 2021-08-10 18:00:00 UTC
[2026-05-16 16:02:11] Forecast Rain Available hours: [6, 7, 8, 9, 10, 11, 12, 13, 14, 15, 16, 17, 18, 19, 20, 21, 22, 23, 24, 25, 26, 27, 28, 29]
[2026-05-16 16:02:11] Valid hours for sum: [12, 18, 24, 29]
[2026-05-16 16:02:14] Drought composite end date: 2021-08-08 06:00:00
[2026-05-16 16:02:14] Land cover year: 2020
[2026-05-16 16:02:15] VIIRS Veg composite: 2021-07-12 → 2021-07-28
[2026-05-16 16:02:19] Started export task: fire_216_dynamic_2021-08-10
[2026-05-16 16:02:19] ------ Processing date=2021-08-11 ------
[2026-05-16 16:02:19] Using viirs_af_path: viirs_af_path
[2026-05-16 16:02:19] VIIRS Image Date: ['2021-08-11 00:00:00']
[2026-05-16 16:02:20] Weather image size: 1
[2026-05-16 16:02:20] Forecast duration: 2021-08-12 00:00:00 to 2021-08-13 00:00:00
[2026-05-16 16:02:20] Number of forecast images: 24
[2026-05-16 16:02:20] Using forecast run: 2021-08-11 18:00:00 UTC
[2026-05-16 16:02:21] Forecast Rain Available hours: [6, 7, 8, 9, 10, 11, 12, 13, 14, 15, 16, 17, 18, 19, 20, 21, 22, 23, 24, 25, 26, 27, 28, 29]
[2026-05-16 16:02:21] Valid hours for sum: [12, 18, 24, 29]
[2026-05-16 16:02:22] Drought composite end date: 2021-08-08 06:00:00
[2026-05-16 16:02:23] Land cover year: 2020
[2026-05-16 16:02:24] VIIRS Veg composite: 2021-07-12 → 2021-07-28
[2026-05-16 16:02:28] Started export task: fire_216_dynamic_2021-08-11
[2026-05-16 16:02:29] ------ Processing date=2021-08-12 ------
[2026-05-16 16:02:29] Using viirs_af_path: viirs_af_path
[2026-05-16 16:02:29] VIIRS Image Date: ['2021-08-12 00:00:00']
[2026-05-16 16:02:29] Weather image size: 1
[2026-05-16 16:02:29] Forecast duration: 2021-08-13 00:00:00 to 2021-08-14 00:00:00
[2026-05-16 16:02:30] Number of forecast images: 24
[2026-05-16 16:02:30] Using forecast run: 2021-08-12 18:00:00 UTC
[2026-05-16 16:02:31] Forecast Rain Available hours: [6, 7, 8, 9, 10, 11, 12, 13, 14, 15, 16, 17, 18, 19, 20, 21, 22, 23, 24, 25, 26, 27, 28, 29]
[2026-05-16 16:02:31] Valid hours for sum: [12, 18, 24, 29]
[2026-05-16 16:02:33] Drought composite end date: 2021-08-08 06:00:00
[2026-05-16 16:02:33] Land cover year: 2020
[2026-05-16 16:02:34] VIIRS Veg composite: 2021-07-12 → 2021-07-28
[2026-05-16 16:02:38] Started export task: fire_216_dynamic_2021-08-12
[2026-05-16 16:02:38] ------ Processing date=2021-08-13 ------
[2026-05-16 16:02:38] Using viirs_af_path: viirs_af_path
[2026-05-16 16:02:38] VIIRS Image Date: ['2021-08-13 00:00:00']
[2026-05-16 16:02:39] Weather image size: 1
[2026-05-16 16:02:39] Forecast duration: 2021-08-14 00:00:00 to 2021-08-15 00:00:00
[2026-05-16 16:02:39] Number of forecast images: 24
[2026-05-16 16:02:39] Using forecast run: 2021-08-13 18:00:00 UTC
[2026-05-16 16:02:40] Forecast Rain Available hours: [6, 7, 8, 9, 10, 11, 12, 13, 14, 15, 16, 17, 18, 19, 20, 21, 22, 23, 24, 25, 26, 27, 28, 29]
[2026-05-16 16:02:40] Valid hours for sum: [12, 18, 24, 29]
[2026-05-16 16:02:42] Drought composite end date: 2021-08-08 06:00:00
[2026-05-16 16:02:43] Land cover year: 2020
[2026-05-16 16:02:43] VIIRS Veg composite: 2021-07-12 → 2021-07-28
[2026-05-16 16:02:49] Started export task: fire_216_dynamic_2021-08-13
[2026-05-16 16:02:49] ------ Processing date=2021-08-14 ------
[2026-05-16 16:02:49] Using viirs_af_path: viirs_af_path
[2026-05-16 16:02:49] VIIRS Image Date: ['2021-08-14 00:00:00']
[2026-05-16 16:02:50] Weather image size: 1
[2026-05-16 16:02:50] Forecast duration: 2021-08-15 00:00:00 to 2021-08-16 00:00:00
[2026-05-16 16:02:51] Number of forecast images: 24
[2026-05-16 16:02:51] Using forecast run: 2021-08-14 18:00:00 UTC
[2026-05-16 16:02:51] Forecast Rain Available hours: [6, 7, 8, 9, 10, 11, 12, 13, 14, 15, 16, 17, 18, 19, 20, 21, 22, 23, 24, 25, 26, 27, 28, 29]
[2026-05-16 16:02:51] Valid hours for sum: [12, 18, 24, 29]
[2026-05-16 16:02:53] Drought composite end date: 2021-08-13 06:00:00
[2026-05-16 16:02:53] Land cover year: 2020
[2026-05-16 16:02:54] VIIRS Veg composite: 2021-07-12 → 2021-07-28
[2026-05-16 16:02:58] Started export task: fire_216_dynamic_2021-08-14
[2026-05-16 16:02:58] ------ Processing date=2021-08-15 ------
[2026-05-16 16:02:58] Using viirs_af_path: viirs_af_path
[2026-05-16 16:02:58] VIIRS Image Date: ['2021-08-15 00:00:00']
[2026-05-16 16:02:59] Weather image size: 1
[2026-05-16 16:02:59] Forecast duration: 2021-08-16 00:00:00 to 2021-08-17 00:00:00
[2026-05-16 16:02:59] Number of forecast images: 24
[2026-05-16 16:02:59] Using forecast run: 2021-08-15 18:00:00 UTC
[2026-05-16 16:03:00] Forecast Rain Available hours: [6, 7, 8, 9, 10, 11, 12, 13, 14, 15, 16, 17, 18, 19, 20, 21, 22, 23, 24, 25, 26, 27, 28, 29]
[2026-05-16 16:03:00] Valid hours for sum: [12, 18, 24, 29]
[2026-05-16 16:03:02] Drought composite end date: 2021-08-13 06:00:00
[2026-05-16 16:03:02] Land cover year: 2020
[2026-05-16 16:03:03] VIIRS Veg composite: 2021-07-12 → 2021-07-28
[2026-05-16 16:03:07] Started export task: fire_216_dynamic_2021-08-15
[2026-05-16 16:03:07] ------ Processing date=2021-08-16 ------
[2026-05-16 16:03:07] Using viirs_af_path: viirs_af_path
[2026-05-16 16:03:07] VIIRS Image Date: ['2021-08-16 00:00:00']
[2026-05-16 16:03:08] Weather image size: 1
[2026-05-16 16:03:08] Forecast duration: 2021-08-17 00:00:00 to 2021-08-18 00:00:00
[2026-05-16 16:03:08] Number of forecast images: 24
[2026-05-16 16:03:08] Using forecast run: 2021-08-16 18:00:00 UTC
[2026-05-16 16:03:09] Forecast Rain Available hours: [6, 7, 8, 9, 10, 11, 12, 13, 14, 15, 16, 17, 18, 19, 20, 21, 22, 23, 24, 25, 26, 27, 28, 29]
[2026-05-16 16:03:09] Valid hours for sum: [12, 18, 24, 29]
[2026-05-16 16:03:12] Drought composite end date: 2021-08-13 06:00:00
[2026-05-16 16:03:12] Land cover year: 2020
[2026-05-16 16:03:13] VIIRS Veg composite: 2021-07-12 → 2021-07-28
[2026-05-16 16:03:18] Started export task: fire_216_dynamic_2021-08-16
[2026-05-16 16:03:18] ------ Processing date=2021-08-17 ------
[2026-05-16 16:03:18] Using viirs_af_path: viirs_af_path
[2026-05-16 16:03:18] VIIRS Image Date: ['2021-08-17 00:00:00']
[2026-05-16 16:03:19] Weather image size: 1
[2026-05-16 16:03:19] Forecast duration: 2021-08-18 00:00:00 to 2021-08-19 00:00:00
[2026-05-16 16:03:19] Number of forecast images: 24
[2026-05-16 16:03:19] Using forecast run: 2021-08-17 18:00:00 UTC
[2026-05-16 16:03:20] Forecast Rain Available hours: [6, 7, 8, 9, 10, 11, 12, 13, 14, 15, 16, 17, 18, 19, 20, 21, 22, 23, 24, 25, 26, 27, 28, 29]
[2026-05-16 16:03:20] Valid hours for sum: [12, 18, 24, 29]
[2026-05-16 16:03:23] Drought composite end date: 2021-08-13 06:00:00
[2026-05-16 16:03:23] Land cover year: 2020
[2026-05-16 16:03:24] VIIRS Veg composite: 2021-07-12 → 2021-07-28
[2026-05-16 16:03:29] Started export task: fire_216_dynamic_2021-08-17
[2026-05-16 16:03:29] ------ Processing date=2021-08-18 ------
[2026-05-16 16:03:29] Using viirs_af_path: viirs_af_path
[2026-05-16 16:03:29] VIIRS Image Date: ['2021-08-18 00:00:00']
[2026-05-16 16:03:30] Weather image size: 1
[2026-05-16 16:03:30] Forecast duration: 2021-08-19 00:00:00 to 2021-08-20 00:00:00
[2026-05-16 16:03:32] Number of forecast images: 24
[2026-05-16 16:03:32] Using forecast run: 2021-08-18 18:00:00 UTC
[2026-05-16 16:03:32] Forecast Rain Available hours: [6, 7, 8, 9, 10, 11, 12, 13, 14, 15, 16, 17, 18, 19, 20, 21, 22, 23, 24, 25, 26, 27, 28, 29]
[2026-05-16 16:03:32] Valid hours for sum: [12, 18, 24, 29]
[2026-05-16 16:03:34] Drought composite end date: 2021-08-13 06:00:00
[2026-05-16 16:03:35] Land cover year: 2020
[2026-05-16 16:03:36] VIIRS Veg composite: 2021-07-12 → 2021-07-28
[2026-05-16 16:03:39] Started export task: fire_216_dynamic_2021-08-18
[2026-05-16 16:03:39] END: ----------Event fire_216----------- (Duration: 4.39m)
[2026-05-16 16:03:39] START: ----------Event fire_217-----------
[2026-05-16 16:03:40] ------ Processing date=2021-07-24 ------
[2026-05-16 16:03:40] Using viirs_af_path: viirs_af_path
[2026-05-16 16:03:40] VIIRS Image Date: ['2021-07-24 00:00:00']
[2026-05-16 16:03:40] Weather image size: 1
[2026-05-16 16:03:40] Forecast duration: 2021-07-25 00:00:00 to 2021-07-26 00:00:00
[2026-05-16 16:03:41] Number of forecast images: 24
[2026-05-16 16:03:41] Using forecast run: 2021-07-24 18:00:00 UTC
[2026-05-16 16:03:41] Forecast Rain Available hours: [6, 7, 8, 9, 10, 11, 12, 13, 14, 15, 16, 17, 18, 19, 20, 21, 22, 23, 24, 25, 26, 27, 28, 29]
[2026-05-16 16:03:41] Valid hours for sum: [12, 18, 24, 29]
[2026-05-16 16:03:43] Drought composite end date: 2021-07-19 06:00:00
[2026-05-16 16:03:43] Land cover year: 2020
[2026-05-16 16:03:44] VIIRS Veg composite: 2021-07-12 → 2021-07-28
[2026-05-16 16:03:47] Started export task: fire_217_static
[2026-05-16 16:03:48] Started export task: fire_217_dynamic_2021-07-24
[2026-05-16 16:03:48] ------ Processing date=2021-07-25 ------
[2026-05-16 16:03:48] Using viirs_af_path: viirs_af_path
[2026-05-16 16:03:48] VIIRS Image Date: ['2021-07-25 00:00:00']
[2026-05-16 16:03:48] Weather image size: 1
[2026-05-16 16:03:48] Forecast duration: 2021-07-26 00:00:00 to 2021-07-27 00:00:00
[2026-05-16 16:03:49] Number of forecast images: 24
[2026-05-16 16:03:49] Using forecast run: 2021-07-25 18:00:00 UTC
[2026-05-16 16:03:50] Forecast Rain Available hours: [6, 7, 8, 9, 10, 11, 12, 13, 14, 15, 16, 17, 18, 19, 20, 21, 22, 23, 24, 25, 26, 27, 28, 29]
[2026-05-16 16:03:50] Valid hours for sum: [12, 18, 24, 29]
[2026-05-16 16:03:51] Drought composite end date: 2021-07-24 06:00:00
[2026-05-16 16:03:51] Land cover year: 2020
[2026-05-16 16:03:52] VIIRS Veg composite: 2021-07-12 → 2021-07-28
[2026-05-16 16:03:57] Started export task: fire_217_dynamic_2021-07-25
[2026-05-16 16:03:57] ------ Processing date=2021-07-26 ------
[2026-05-16 16:03:57] Using viirs_af_path: viirs_af_path
[2026-05-16 16:03:57] VIIRS Image Date: ['2021-07-26 00:00:00']
[2026-05-16 16:03:57] Weather image size: 1
[2026-05-16 16:03:57] Forecast duration: 2021-07-27 00:00:00 to 2021-07-28 00:00:00
[2026-05-16 16:03:58] Number of forecast images: 24
[2026-05-16 16:03:58] Using forecast run: 2021-07-26 18:00:00 UTC
[2026-05-16 16:03:58] Forecast Rain Available hours: [6, 7, 8, 9, 10, 11, 12, 13, 14, 15, 16, 17, 18, 19, 20, 21, 22, 23, 24, 25, 26, 27, 28, 29]
[2026-05-16 16:03:58] Valid hours for sum: [12, 18, 24, 29]
[2026-05-16 16:04:01] Drought composite end date: 2021-07-24 06:00:00
[2026-05-16 16:04:01] Land cover year: 2020
[2026-05-16 16:04:02] VIIRS Veg composite: 2021-07-12 → 2021-07-28
[2026-05-16 16:04:05] Started export task: fire_217_dynamic_2021-07-26
[2026-05-16 16:04:05] ------ Processing date=2021-07-27 ------
[2026-05-16 16:04:05] Using viirs_af_path: viirs_af_path
[2026-05-16 16:04:05] VIIRS Image Date: ['2021-07-27 00:00:00']
[2026-05-16 16:04:06] Weather image size: 1
[2026-05-16 16:04:06] Forecast duration: 2021-07-28 00:00:00 to 2021-07-29 00:00:00
[2026-05-16 16:04:06] Number of forecast images: 24
[2026-05-16 16:04:06] Using forecast run: 2021-07-27 18:00:00 UTC
[2026-05-16 16:04:07] Forecast Rain Available hours: [6, 7, 8, 9, 10, 11, 12, 13, 14, 15, 16, 17, 18, 19, 20, 21, 22, 23, 24, 25, 26, 27, 28, 29]
[2026-05-16 16:04:07] Valid hours for sum: [12, 18, 24, 29]
[2026-05-16 16:04:08] Drought composite end date: 2021-07-24 06:00:00
[2026-05-16 16:04:09] Land cover year: 2020
[2026-05-16 16:04:09] VIIRS Veg composite: 2021-07-12 → 2021-07-28
[2026-05-16 16:04:12] Started export task: fire_217_dynamic_2021-07-27
[2026-05-16 16:04:12] ------ Processing date=2021-07-28 ------
[2026-05-16 16:04:12] Using viirs_af_path: viirs_af_path
[2026-05-16 16:04:13] VIIRS Image Date: ['2021-07-28 00:00:00']
[2026-05-16 16:04:13] Weather image size: 1
[2026-05-16 16:04:13] Forecast duration: 2021-07-29 00:00:00 to 2021-07-30 00:00:00
[2026-05-16 16:04:14] Number of forecast images: 24
[2026-05-16 16:04:14] Using forecast run: 2021-07-28 18:00:00 UTC
[2026-05-16 16:04:15] Forecast Rain Available hours: [6, 7, 8, 9, 10, 11, 12, 13, 14, 15, 16, 17, 18, 19, 20, 21, 22, 23, 24, 25, 26, 27, 28, 29]
[2026-05-16 16:04:15] Valid hours for sum: [12, 18, 24, 29]
[2026-05-16 16:04:17] Drought composite end date: 2021-07-24 06:00:00
[2026-05-16 16:04:17] Land cover year: 2020
[2026-05-16 16:04:18] VIIRS Veg composite: 2021-07-12 → 2021-07-28
[2026-05-16 16:04:21] Started export task: fire_217_dynamic_2021-07-28
[2026-05-16 16:04:21] ------ Processing date=2021-07-29 ------
[2026-05-16 16:04:21] Using viirs_af_path: viirs_af_path
[2026-05-16 16:04:22] VIIRS Image Date: ['2021-07-29 00:00:00']
[2026-05-16 16:04:22] Weather image size: 1
[2026-05-16 16:04:22] Forecast duration: 2021-07-30 00:00:00 to 2021-07-31 00:00:00
[2026-05-16 16:04:23] Number of forecast images: 24
[2026-05-16 16:04:23] Using forecast run: 2021-07-29 18:00:00 UTC
[2026-05-16 16:04:24] Forecast Rain Available hours: [6, 7, 8, 9, 10, 11, 12, 13, 14, 15, 16, 17, 18, 19, 20, 21, 22, 23, 24, 25, 26, 27, 28, 29]
[2026-05-16 16:04:24] Valid hours for sum: [12, 18, 24, 29]
[2026-05-16 16:04:26] Drought composite end date: 2021-07-24 06:00:00
[2026-05-16 16:04:26] Land cover year: 2020
[2026-05-16 16:04:30] VIIRS Veg composite: 2021-07-12 → 2021-07-28
[2026-05-16 16:04:34] Started export task: fire_217_dynamic_2021-07-29
[2026-05-16 16:04:35] ------ Processing date=2021-07-30 ------
[2026-05-16 16:04:35] Using viirs_af_path: viirs_af_path
[2026-05-16 16:04:35] VIIRS Image Date: ['2021-07-30 00:00:00']
[2026-05-16 16:04:36] Weather image size: 1
[2026-05-16 16:04:36] Forecast duration: 2021-07-31 00:00:00 to 2021-08-01 00:00:00
[2026-05-16 16:04:37] Number of forecast images: 24
[2026-05-16 16:04:37] Using forecast run: 2021-07-30 18:00:00 UTC
[2026-05-16 16:04:38] Forecast Rain Available hours: [6, 7, 8, 9, 10, 11, 12, 13, 14, 15, 16, 17, 18, 19, 20, 21, 22, 23, 24, 25, 26, 27, 28, 29]
[2026-05-16 16:04:38] Valid hours for sum: [12, 18, 24, 29]
[2026-05-16 16:04:39] Drought composite end date: 2021-07-29 06:00:00
[2026-05-16 16:04:39] Land cover year: 2020
[2026-05-16 16:04:40] VIIRS Veg composite: 2021-07-12 → 2021-07-28
[2026-05-16 16:04:44] Started export task: fire_217_dynamic_2021-07-30
[2026-05-16 16:04:45] ------ Processing date=2021-07-31 ------
[2026-05-16 16:04:45] Using viirs_af_path: viirs_af_path
[2026-05-16 16:04:45] VIIRS Image Date: ['2021-07-31 00:00:00']
[2026-05-16 16:04:45] Weather image size: 1
[2026-05-16 16:04:45] Forecast duration: 2021-08-01 00:00:00 to 2021-08-02 00:00:00
[2026-05-16 16:04:46] Number of forecast images: 24
[2026-05-16 16:04:46] Using forecast run: 2021-07-31 18:00:00 UTC
[2026-05-16 16:04:46] Forecast Rain Available hours: [6, 7, 8, 9, 10, 11, 12, 13, 14, 15, 16, 17, 18, 19, 20, 21, 22, 23, 24, 25, 26, 27, 28, 29]
[2026-05-16 16:04:46] Valid hours for sum: [12, 18, 24, 29]
[2026-05-16 16:04:48] Drought composite end date: 2021-07-29 06:00:00
[2026-05-16 16:04:48] Land cover year: 2020
[2026-05-16 16:04:49] VIIRS Veg composite: 2021-07-12 → 2021-07-28
[2026-05-16 16:04:52] Started export task: fire_217_dynamic_2021-07-31
[2026-05-16 16:04:52] ------ Processing date=2021-08-01 ------
[2026-05-16 16:04:52] Using viirs_af_path: viirs_af_path
[2026-05-16 16:04:52] VIIRS Image Date: ['2021-08-01 00:00:00']
[2026-05-16 16:04:52] Weather image size: 1
[2026-05-16 16:04:52] Forecast duration: 2021-08-02 00:00:00 to 2021-08-03 00:00:00
[2026-05-16 16:04:53] Number of forecast images: 24
[2026-05-16 16:04:53] Using forecast run: 2021-08-01 18:00:00 UTC
[2026-05-16 16:04:54] Forecast Rain Available hours: [6, 7, 8, 9, 10, 11, 12, 13, 14, 15, 16, 17, 18, 19, 20, 21, 22, 23, 24, 25, 26, 27, 28, 29]
[2026-05-16 16:04:54] Valid hours for sum: [12, 18, 24, 29]
[2026-05-16 16:04:55] Drought composite end date: 2021-07-29 06:00:00
[2026-05-16 16:04:56] Land cover year: 2020
[2026-05-16 16:04:58] VIIRS Veg composite: 2021-07-12 → 2021-07-28
[2026-05-16 16:05:03] Started export task: fire_217_dynamic_2021-08-01
[2026-05-16 16:05:03] ------ Processing date=2021-08-02 ------
[2026-05-16 16:05:03] Using viirs_af_path: viirs_af_path
[2026-05-16 16:05:03] VIIRS Image Date: ['2021-08-02 00:00:00']
[2026-05-16 16:05:03] Weather image size: 1
[2026-05-16 16:05:03] Forecast duration: 2021-08-03 00:00:00 to 2021-08-04 00:00:00
[2026-05-16 16:05:04] Number of forecast images: 24
[2026-05-16 16:05:04] Using forecast run: 2021-08-02 18:00:00 UTC
[2026-05-16 16:05:04] Forecast Rain Available hours: [6, 7, 8, 9, 10, 11, 12, 13, 14, 15, 16, 17, 18, 19, 20, 21, 22, 23, 24, 25, 26, 27, 28, 29]
[2026-05-16 16:05:04] Valid hours for sum: [12, 18, 24, 29]
[2026-05-16 16:05:07] Drought composite end date: 2021-07-29 06:00:00
[2026-05-16 16:05:07] Land cover year: 2020
[2026-05-16 16:05:09] VIIRS Veg composite: 2021-07-12 → 2021-07-28
[2026-05-16 16:05:13] Started export task: fire_217_dynamic_2021-08-02
[2026-05-16 16:05:13] ------ Processing date=2021-08-03 ------
[2026-05-16 16:05:13] Using viirs_af_path: viirs_af_path
[2026-05-16 16:05:14] VIIRS Image Date: ['2021-08-03 00:00:00']
[2026-05-16 16:05:14] Weather image size: 1
[2026-05-16 16:05:14] Forecast duration: 2021-08-04 00:00:00 to 2021-08-05 00:00:00
[2026-05-16 16:05:15] Number of forecast images: 24
[2026-05-16 16:05:15] Using forecast run: 2021-08-03 18:00:00 UTC
[2026-05-16 16:05:15] Forecast Rain Available hours: [6, 7, 8, 9, 10, 11, 12, 13, 14, 15, 16, 17, 18, 19, 20, 21, 22, 23, 24, 25, 26, 27, 28, 29]
[2026-05-16 16:05:15] Valid hours for sum: [12, 18, 24, 29]
[2026-05-16 16:05:17] Drought composite end date: 2021-07-29 06:00:00
[2026-05-16 16:05:18] Land cover year: 2020
[2026-05-16 16:05:18] VIIRS Veg composite: 2021-07-12 → 2021-07-28
[2026-05-16 16:05:23] Started export task: fire_217_dynamic_2021-08-03
[2026-05-16 16:05:23] ------ Processing date=2021-08-04 ------
[2026-05-16 16:05:23] Using viirs_af_path: viirs_af_path
[2026-05-16 16:05:24] VIIRS Image Date: ['2021-08-04 00:00:00']
[2026-05-16 16:05:24] Weather image size: 1
[2026-05-16 16:05:24] Forecast duration: 2021-08-05 00:00:00 to 2021-08-06 00:00:00
[2026-05-16 16:05:25] Number of forecast images: 24
[2026-05-16 16:05:25] Using forecast run: 2021-08-04 18:00:00 UTC
[2026-05-16 16:05:25] Forecast Rain Available hours: [6, 7, 8, 9, 10, 11, 12, 13, 14, 15, 16, 17, 18, 19, 20, 21, 22, 23, 24, 25, 26, 27, 28, 29]
[2026-05-16 16:05:25] Valid hours for sum: [12, 18, 24, 29]
[2026-05-16 16:05:27] Drought composite end date: 2021-08-03 06:00:00
[2026-05-16 16:05:28] Land cover year: 2020
[2026-05-16 16:05:29] VIIRS Veg composite: 2021-07-12 → 2021-07-28
[2026-05-16 16:05:33] Started export task: fire_217_dynamic_2021-08-04
[2026-05-16 16:05:33] ------ Processing date=2021-08-05 ------
[2026-05-16 16:05:33] Using viirs_af_path: viirs_af_path
[2026-05-16 16:05:33] VIIRS Image Date: ['2021-08-05 00:00:00']
[2026-05-16 16:05:34] Weather image size: 1
[2026-05-16 16:05:34] Forecast duration: 2021-08-06 00:00:00 to 2021-08-07 00:00:00
[2026-05-16 16:05:35] Number of forecast images: 24
[2026-05-16 16:05:35] Using forecast run: 2021-08-05 18:00:00 UTC
[2026-05-16 16:05:36] Forecast Rain Available hours: [6, 7, 8, 9, 10, 11, 12, 13, 14, 15, 16, 17, 18, 19, 20, 21, 22, 23, 24, 25, 26, 27, 28, 29]
[2026-05-16 16:05:36] Valid hours for sum: [12, 18, 24, 29]
[2026-05-16 16:05:38] Drought composite end date: 2021-08-03 06:00:00
[2026-05-16 16:05:38] Land cover year: 2020
[2026-05-16 16:05:39] VIIRS Veg composite: 2021-07-12 → 2021-07-28
[2026-05-16 16:05:43] Started export task: fire_217_dynamic_2021-08-05
[2026-05-16 16:05:43] ------ Processing date=2021-08-06 ------
[2026-05-16 16:05:43] Using viirs_af_path: viirs_af_path
[2026-05-16 16:05:43] VIIRS Image Date: ['2021-08-06 00:00:00']
[2026-05-16 16:05:44] Weather image size: 1
[2026-05-16 16:05:44] Forecast duration: 2021-08-07 00:00:00 to 2021-08-08 00:00:00
[2026-05-16 16:05:44] Number of forecast images: 24
[2026-05-16 16:05:44] Using forecast run: 2021-08-06 18:00:00 UTC
[2026-05-16 16:05:45] Forecast Rain Available hours: [6, 7, 8, 9, 10, 11, 12, 13, 14, 15, 16, 17, 18, 19, 20, 21, 22, 23, 24, 25, 26, 27, 28, 29]
[2026-05-16 16:05:45] Valid hours for sum: [12, 18, 24, 29]
[2026-05-16 16:05:47] Drought composite end date: 2021-08-03 06:00:00
[2026-05-16 16:05:47] Land cover year: 2020
[2026-05-16 16:05:48] VIIRS Veg composite: 2021-07-12 → 2021-07-28
[2026-05-16 16:05:52] Started export task: fire_217_dynamic_2021-08-06
[2026-05-16 16:05:53] ------ Processing date=2021-08-07 ------
[2026-05-16 16:05:53] Using viirs_af_path: viirs_af_path
[2026-05-16 16:05:53] VIIRS Image Date: ['2021-08-07 00:00:00']
[2026-05-16 16:05:53] Weather image size: 1
[2026-05-16 16:05:53] Forecast duration: 2021-08-08 00:00:00 to 2021-08-09 00:00:00
[2026-05-16 16:05:54] Number of forecast images: 24
[2026-05-16 16:05:54] Using forecast run: 2021-08-07 18:00:00 UTC
[2026-05-16 16:05:55] Forecast Rain Available hours: [6, 7, 8, 9, 10, 11, 12, 13, 14, 15, 16, 17, 18, 19, 20, 21, 22, 23, 24, 25, 26, 27, 28, 29]
[2026-05-16 16:05:55] Valid hours for sum: [12, 18, 24, 29]
[2026-05-16 16:05:57] Drought composite end date: 2021-08-03 06:00:00
[2026-05-16 16:05:58] Land cover year: 2020
[2026-05-16 16:06:01] VIIRS Veg composite: 2021-07-12 → 2021-07-28
[2026-05-16 16:06:04] Started export task: fire_217_dynamic_2021-08-07
[2026-05-16 16:06:05] ------ Processing date=2021-08-08 ------
[2026-05-16 16:06:05] Using viirs_af_path: viirs_af_path
[2026-05-16 16:06:05] VIIRS Image Date: ['2021-08-08 00:00:00']
[2026-05-16 16:06:05] Weather image size: 1
[2026-05-16 16:06:05] Forecast duration: 2021-08-09 00:00:00 to 2021-08-10 00:00:00
[2026-05-16 16:06:06] Number of forecast images: 24
[2026-05-16 16:06:06] Using forecast run: 2021-08-08 18:00:00 UTC
[2026-05-16 16:06:06] Forecast Rain Available hours: [6, 7, 8, 9, 10, 11, 12, 13, 14, 15, 16, 17, 18, 19, 20, 21, 22, 23, 24, 25, 26, 27, 28, 29]
[2026-05-16 16:06:06] Valid hours for sum: [12, 18, 24, 29]
[2026-05-16 16:06:09] Drought composite end date: 2021-08-03 06:00:00
[2026-05-16 16:06:09] Land cover year: 2020
[2026-05-16 16:06:10] VIIRS Veg composite: 2021-07-12 → 2021-07-28
[2026-05-16 16:06:14] Started export task: fire_217_dynamic_2021-08-08
[2026-05-16 16:06:14] ------ Processing date=2021-08-09 ------
[2026-05-16 16:06:14] Using viirs_af_path: viirs_af_path
[2026-05-16 16:06:15] VIIRS Image Date: ['2021-08-09 00:00:00']
[2026-05-16 16:06:15] Weather image size: 1
[2026-05-16 16:06:15] Forecast duration: 2021-08-10 00:00:00 to 2021-08-11 00:00:00
[2026-05-16 16:06:16] Number of forecast images: 24
[2026-05-16 16:06:16] Using forecast run: 2021-08-09 18:00:00 UTC
[2026-05-16 16:06:16] Forecast Rain Available hours: [6, 7, 8, 9, 10, 11, 12, 13, 14, 15, 16, 17, 18, 19, 20, 21, 22, 23, 24, 25, 26, 27, 28, 29]
[2026-05-16 16:06:16] Valid hours for sum: [12, 18, 24, 29]
[2026-05-16 16:06:19] Drought composite end date: 2021-08-08 06:00:00
[2026-05-16 16:06:19] Land cover year: 2020
[2026-05-16 16:06:20] VIIRS Veg composite: 2021-07-12 → 2021-07-28
[2026-05-16 16:06:24] Started export task: fire_217_dynamic_2021-08-09
[2026-05-16 16:06:24] ------ Processing date=2021-08-10 ------
[2026-05-16 16:06:24] Using viirs_af_path: viirs_af_path
[2026-05-16 16:06:25] VIIRS Image Date: ['2021-08-10 00:00:00']
[2026-05-16 16:06:25] Weather image size: 1
[2026-05-16 16:06:25] Forecast duration: 2021-08-11 00:00:00 to 2021-08-12 00:00:00
[2026-05-16 16:06:26] Number of forecast images: 24
[2026-05-16 16:06:26] Using forecast run: 2021-08-10 18:00:00 UTC
[2026-05-16 16:06:27] Forecast Rain Available hours: [6, 7, 8, 9, 10, 11, 12, 13, 14, 15, 16, 17, 18, 19, 20, 21, 22, 23, 24, 25, 26, 27, 28, 29]
[2026-05-16 16:06:27] Valid hours for sum: [12, 18, 24, 29]
[2026-05-16 16:06:28] Drought composite end date: 2021-08-08 06:00:00
[2026-05-16 16:06:28] Land cover year: 2020
[2026-05-16 16:06:29] VIIRS Veg composite: 2021-07-12 → 2021-07-28
[2026-05-16 16:06:33] Started export task: fire_217_dynamic_2021-08-10
[2026-05-16 16:06:33] ------ Processing date=2021-08-11 ------
[2026-05-16 16:06:33] Using viirs_af_path: viirs_af_path
[2026-05-16 16:06:34] VIIRS Image Date: ['2021-08-11 00:00:00']
[2026-05-16 16:06:34] Weather image size: 1
[2026-05-16 16:06:34] Forecast duration: 2021-08-12 00:00:00 to 2021-08-13 00:00:00
[2026-05-16 16:06:35] Number of forecast images: 24
[2026-05-16 16:06:35] Using forecast run: 2021-08-11 18:00:00 UTC
[2026-05-16 16:06:36] Forecast Rain Available hours: [6, 7, 8, 9, 10, 11, 12, 13, 14, 15, 16, 17, 18, 19, 20, 21, 22, 23, 24, 25, 26, 27, 28, 29]
[2026-05-16 16:06:36] Valid hours for sum: [12, 18, 24, 29]
[2026-05-16 16:06:37] Drought composite end date: 2021-08-08 06:00:00
[2026-05-16 16:06:37] Land cover year: 2020
[2026-05-16 16:06:38] VIIRS Veg composite: 2021-07-12 → 2021-07-28
[2026-05-16 16:06:42] Started export task: fire_217_dynamic_2021-08-11
[2026-05-16 16:06:42] ------ Processing date=2021-08-12 ------
[2026-05-16 16:06:42] Using viirs_af_path: viirs_af_path
[2026-05-16 16:06:42] VIIRS Image Date: ['2021-08-12 00:00:00']
[2026-05-16 16:06:43] Weather image size: 1
[2026-05-16 16:06:43] Forecast duration: 2021-08-13 00:00:00 to 2021-08-14 00:00:00
[2026-05-16 16:06:44] Number of forecast images: 24
[2026-05-16 16:06:44] Using forecast run: 2021-08-12 18:00:00 UTC
[2026-05-16 16:06:44] Forecast Rain Available hours: [6, 7, 8, 9, 10, 11, 12, 13, 14, 15, 16, 17, 18, 19, 20, 21, 22, 23, 24, 25, 26, 27, 28, 29]
[2026-05-16 16:06:44] Valid hours for sum: [12, 18, 24, 29]
[2026-05-16 16:06:46] Drought composite end date: 2021-08-08 06:00:00
[2026-05-16 16:06:47] Land cover year: 2020
[2026-05-16 16:06:48] VIIRS Veg composite: 2021-07-12 → 2021-07-28
[2026-05-16 16:06:52] Started export task: fire_217_dynamic_2021-08-12
[2026-05-16 16:06:52] ------ Processing date=2021-08-13 ------
[2026-05-16 16:06:52] Using viirs_af_path: viirs_af_path
[2026-05-16 16:06:53] VIIRS Image Date: ['2021-08-13 00:00:00']
[2026-05-16 16:06:53] Weather image size: 1
[2026-05-16 16:06:53] Forecast duration: 2021-08-14 00:00:00 to 2021-08-15 00:00:00
[2026-05-16 16:06:54] Number of forecast images: 24
[2026-05-16 16:06:54] Using forecast run: 2021-08-13 18:00:00 UTC
[2026-05-16 16:06:54] Forecast Rain Available hours: [6, 7, 8, 9, 10, 11, 12, 13, 14, 15, 16, 17, 18, 19, 20, 21, 22, 23, 24, 25, 26, 27, 28, 29]
[2026-05-16 16:06:54] Valid hours for sum: [12, 18, 24, 29]
[2026-05-16 16:06:55] Drought composite end date: 2021-08-08 06:00:00
[2026-05-16 16:06:56] Land cover year: 2020
[2026-05-16 16:06:57] VIIRS Veg composite: 2021-07-12 → 2021-07-28
[2026-05-16 16:07:02] Started export task: fire_217_dynamic_2021-08-13
[2026-05-16 16:07:02] ------ Processing date=2021-08-14 ------
[2026-05-16 16:07:02] Using viirs_af_path: viirs_af_path
[2026-05-16 16:07:02] VIIRS Image Date: ['2021-08-14 00:00:00']
[2026-05-16 16:07:03] Weather image size: 1
[2026-05-16 16:07:03] Forecast duration: 2021-08-15 00:00:00 to 2021-08-16 00:00:00
[2026-05-16 16:07:05] Number of forecast images: 24
[2026-05-16 16:07:05] Using forecast run: 2021-08-14 18:00:00 UTC
[2026-05-16 16:07:05] Forecast Rain Available hours: [6, 7, 8, 9, 10, 11, 12, 13, 14, 15, 16, 17, 18, 19, 20, 21, 22, 23, 24, 25, 26, 27, 28, 29]
[2026-05-16 16:07:05] Valid hours for sum: [12, 18, 24, 29]
[2026-05-16 16:07:07] Drought composite end date: 2021-08-13 06:00:00
[2026-05-16 16:07:07] Land cover year: 2020
[2026-05-16 16:07:08] VIIRS Veg composite: 2021-07-12 → 2021-07-28
[2026-05-16 16:07:12] Started export task: fire_217_dynamic_2021-08-14
[2026-05-16 16:07:12] ------ Processing date=2021-08-15 ------
[2026-05-16 16:07:12] Using viirs_af_path: viirs_af_path
[2026-05-16 16:07:13] VIIRS Image Date: ['2021-08-15 00:00:00']
[2026-05-16 16:07:13] Weather image size: 1
[2026-05-16 16:07:13] Forecast duration: 2021-08-16 00:00:00 to 2021-08-17 00:00:00
[2026-05-16 16:07:14] Number of forecast images: 24
[2026-05-16 16:07:14] Using forecast run: 2021-08-15 18:00:00 UTC
[2026-05-16 16:07:14] Forecast Rain Available hours: [6, 7, 8, 9, 10, 11, 12, 13, 14, 15, 16, 17, 18, 19, 20, 21, 22, 23, 24, 25, 26, 27, 28, 29]
[2026-05-16 16:07:14] Valid hours for sum: [12, 18, 24, 29]
[2026-05-16 16:07:16] Drought composite end date: 2021-08-13 06:00:00
[2026-05-16 16:07:16] Land cover year: 2020
[2026-05-16 16:07:17] VIIRS Veg composite: 2021-07-12 → 2021-07-28
[2026-05-16 16:07:21] Started export task: fire_217_dynamic_2021-08-15
[2026-05-16 16:07:21] ------ Processing date=2021-08-16 ------
[2026-05-16 16:07:21] Using viirs_af_path: viirs_af_path
[2026-05-16 16:07:21] VIIRS Image Date: ['2021-08-16 00:00:00']
[2026-05-16 16:07:21] Weather image size: 1
[2026-05-16 16:07:21] Forecast duration: 2021-08-17 00:00:00 to 2021-08-18 00:00:00
[2026-05-16 16:07:22] Number of forecast images: 24
[2026-05-16 16:07:22] Using forecast run: 2021-08-16 18:00:00 UTC
[2026-05-16 16:07:23] Forecast Rain Available hours: [6, 7, 8, 9, 10, 11, 12, 13, 14, 15, 16, 17, 18, 19, 20, 21, 22, 23, 24, 25, 26, 27, 28, 29]
[2026-05-16 16:07:23] Valid hours for sum: [12, 18, 24, 29]
[2026-05-16 16:07:25] Drought composite end date: 2021-08-13 06:00:00
[2026-05-16 16:07:25] Land cover year: 2020
[2026-05-16 16:07:26] VIIRS Veg composite: 2021-07-12 → 2021-07-28
[2026-05-16 16:07:29] Started export task: fire_217_dynamic_2021-08-16
[2026-05-16 16:07:30] ------ Processing date=2021-08-17 ------
[2026-05-16 16:07:30] Using viirs_af_path: viirs_af_path
[2026-05-16 16:07:30] VIIRS Image Date: ['2021-08-17 00:00:00']
[2026-05-16 16:07:30] Weather image size: 1
[2026-05-16 16:07:30] Forecast duration: 2021-08-18 00:00:00 to 2021-08-19 00:00:00
[2026-05-16 16:07:31] Number of forecast images: 24
[2026-05-16 16:07:31] Using forecast run: 2021-08-17 18:00:00 UTC
[2026-05-16 16:07:31] Forecast Rain Available hours: [6, 7, 8, 9, 10, 11, 12, 13, 14, 15, 16, 17, 18, 19, 20, 21, 22, 23, 24, 25, 26, 27, 28, 29]
[2026-05-16 16:07:31] Valid hours for sum: [12, 18, 24, 29]
[2026-05-16 16:07:33] Drought composite end date: 2021-08-13 06:00:00
[2026-05-16 16:07:33] Land cover year: 2020
[2026-05-16 16:07:34] VIIRS Veg composite: 2021-07-12 → 2021-07-28
[2026-05-16 16:07:38] Started export task: fire_217_dynamic_2021-08-17
[2026-05-16 16:07:39] ------ Processing date=2021-08-18 ------
[2026-05-16 16:07:39] Using viirs_af_path: viirs_af_path
[2026-05-16 16:07:40] VIIRS Image Date: ['2021-08-18 00:00:00']
[2026-05-16 16:07:40] Weather image size: 1
[2026-05-16 16:07:40] Forecast duration: 2021-08-19 00:00:00 to 2021-08-20 00:00:00
[2026-05-16 16:07:41] Number of forecast images: 24
[2026-05-16 16:07:41] Using forecast run: 2021-08-18 18:00:00 UTC
[2026-05-16 16:07:41] Forecast Rain Available hours: [6, 7, 8, 9, 10, 11, 12, 13, 14, 15, 16, 17, 18, 19, 20, 21, 22, 23, 24, 25, 26, 27, 28, 29]
[2026-05-16 16:07:41] Valid hours for sum: [12, 18, 24, 29]
[2026-05-16 16:07:44] Drought composite end date: 2021-08-13 06:00:00
[2026-05-16 16:07:44] Land cover year: 2020
[2026-05-16 16:07:46] VIIRS Veg composite: 2021-07-12 → 2021-07-28
[2026-05-16 16:07:49] Started export task: fire_217_dynamic_2021-08-18
[2026-05-16 16:07:50] ------ Processing date=2021-08-19 ------
[2026-05-16 16:07:50] Using viirs_af_path: viirs_af_path
[2026-05-16 16:07:50] VIIRS Image Date: ['2021-08-19 00:00:00']
[2026-05-16 16:07:51] Weather image size: 1
[2026-05-16 16:07:51] Forecast duration: 2021-08-20 00:00:00 to 2021-08-21 00:00:00
[2026-05-16 16:07:52] Number of forecast images: 24
[2026-05-16 16:07:52] Using forecast run: 2021-08-19 18:00:00 UTC
[2026-05-16 16:07:52] Forecast Rain Available hours: [6, 7, 8, 9, 10, 11, 12, 13, 14, 15, 16, 17, 18, 19, 20, 21, 22, 23, 24, 25, 26, 27, 28, 29]
[2026-05-16 16:07:52] Valid hours for sum: [12, 18, 24, 29]
[2026-05-16 16:07:54] Drought composite end date: 2021-08-18 06:00:00
[2026-05-16 16:07:54] Land cover year: 2020
[2026-05-16 16:07:55] VIIRS Veg composite: 2021-07-12 → 2021-07-28
[2026-05-16 16:07:59] Started export task: fire_217_dynamic_2021-08-19
[2026-05-16 16:07:59] ------ Processing date=2021-08-20 ------
[2026-05-16 16:07:59] Using viirs_af_path: viirs_af_path
[2026-05-16 16:08:00] VIIRS Image Date: ['2021-08-20 00:00:00']
[2026-05-16 16:08:00] Weather image size: 1
[2026-05-16 16:08:00] Forecast duration: 2021-08-21 00:00:00 to 2021-08-22 00:00:00
[2026-05-16 16:08:01] Number of forecast images: 24
[2026-05-16 16:08:01] Using forecast run: 2021-08-20 18:00:00 UTC
[2026-05-16 16:08:01] Forecast Rain Available hours: [6, 7, 8, 9, 10, 11, 12, 13, 14, 15, 16, 17, 18, 19, 20, 21, 22, 23, 24, 25, 26, 27, 28, 29]
[2026-05-16 16:08:01] Valid hours for sum: [12, 18, 24, 29]
[2026-05-16 16:08:03] Drought composite end date: 2021-08-18 06:00:00
[2026-05-16 16:08:03] Land cover year: 2020
[2026-05-16 16:08:04] VIIRS Veg composite: 2021-07-12 → 2021-07-28
[2026-05-16 16:08:08] Started export task: fire_217_dynamic_2021-08-20
[2026-05-16 16:08:09] ------ Processing date=2021-08-21 ------
[2026-05-16 16:08:09] Using viirs_af_path: viirs_af_path
[2026-05-16 16:08:09] VIIRS Image Date: ['2021-08-21 00:00:00']
[2026-05-16 16:08:09] Weather image size: 1
[2026-05-16 16:08:09] Forecast duration: 2021-08-22 00:00:00 to 2021-08-23 00:00:00
[2026-05-16 16:08:11] Number of forecast images: 24
[2026-05-16 16:08:11] Using forecast run: 2021-08-21 18:00:00 UTC
[2026-05-16 16:08:11] Forecast Rain Available hours: [6, 7, 8, 9, 10, 11, 12, 13, 14, 15, 16, 17, 18, 19, 20, 21, 22, 23, 24, 25, 26, 27, 28, 29]
[2026-05-16 16:08:11] Valid hours for sum: [12, 18, 24, 29]
[2026-05-16 16:08:13] Drought composite end date: 2021-08-18 06:00:00
[2026-05-16 16:08:14] Land cover year: 2020
[2026-05-16 16:08:16] VIIRS Veg composite: 2021-07-12 → 2021-07-28
[2026-05-16 16:08:19] Started export task: fire_217_dynamic_2021-08-21
[2026-05-16 16:08:19] END: ----------Event fire_217----------- (Duration: 4.67m)
[2026-05-16 16:08:19] START: ----------Event fire_219-----------
[2026-05-16 16:08:20] ------ Processing date=2021-07-24 ------
[2026-05-16 16:08:20] Using viirs_af_path: viirs_af_path
[2026-05-16 16:08:20] VIIRS Image Date: ['2021-07-24 00:00:00']
[2026-05-16 16:08:20] Weather image size: 1
[2026-05-16 16:08:20] Forecast duration: 2021-07-25 00:00:00 to 2021-07-26 00:00:00
[2026-05-16 16:08:22] Number of forecast images: 24
[2026-05-16 16:08:22] Using forecast run: 2021-07-24 18:00:00 UTC
[2026-05-16 16:08:22] Forecast Rain Available hours: [6, 7, 8, 9, 10, 11, 12, 13, 14, 15, 16, 17, 18, 19, 20, 21, 22, 23, 24, 25, 26, 27, 28, 29]
[2026-05-16 16:08:22] Valid hours for sum: [12, 18, 24, 29]
[2026-05-16 16:08:23] Drought composite end date: 2021-07-19 06:00:00
[2026-05-16 16:08:24] Land cover year: 2020
[2026-05-16 16:08:25] VIIRS Veg composite: 2021-07-12 → 2021-07-28
[2026-05-16 16:08:28] Started export task: fire_219_static
[2026-05-16 16:08:29] Started export task: fire_219_dynamic_2021-07-24
[2026-05-16 16:08:29] ------ Processing date=2021-07-25 ------
[2026-05-16 16:08:29] Using viirs_af_path: viirs_af_path
[2026-05-16 16:08:29] VIIRS Image Date: ['2021-07-25 00:00:00']
[2026-05-16 16:08:30] Weather image size: 1
[2026-05-16 16:08:30] Forecast duration: 2021-07-26 00:00:00 to 2021-07-27 00:00:00
[2026-05-16 16:08:31] Number of forecast images: 24
[2026-05-16 16:08:31] Using forecast run: 2021-07-25 18:00:00 UTC
[2026-05-16 16:08:32] Forecast Rain Available hours: [6, 7, 8, 9, 10, 11, 12, 13, 14, 15, 16, 17, 18, 19, 20, 21, 22, 23, 24, 25, 26, 27, 28, 29]
[2026-05-16 16:08:32] Valid hours for sum: [12, 18, 24, 29]
[2026-05-16 16:08:35] Drought composite end date: 2021-07-24 06:00:00
[2026-05-16 16:08:35] Land cover year: 2020
[2026-05-16 16:08:37] VIIRS Veg composite: 2021-07-12 → 2021-07-28
[2026-05-16 16:08:41] Started export task: fire_219_dynamic_2021-07-25
[2026-05-16 16:08:42] ------ Processing date=2021-07-26 ------
[2026-05-16 16:08:42] Using viirs_af_path: viirs_af_path
[2026-05-16 16:08:42] VIIRS Image Date: ['2021-07-26 00:00:00']
[2026-05-16 16:08:42] Weather image size: 1
[2026-05-16 16:08:42] Forecast duration: 2021-07-27 00:00:00 to 2021-07-28 00:00:00
[2026-05-16 16:08:43] Number of forecast images: 24
[2026-05-16 16:08:43] Using forecast run: 2021-07-26 18:00:00 UTC
[2026-05-16 16:08:44] Forecast Rain Available hours: [6, 7, 8, 9, 10, 11, 12, 13, 14, 15, 16, 17, 18, 19, 20, 21, 22, 23, 24, 25, 26, 27, 28, 29]
[2026-05-16 16:08:44] Valid hours for sum: [12, 18, 24, 29]
[2026-05-16 16:08:46] Drought composite end date: 2021-07-24 06:00:00
[2026-05-16 16:08:46] Land cover year: 2020
[2026-05-16 16:08:48] VIIRS Veg composite: 2021-07-12 → 2021-07-28
[2026-05-16 16:08:53] Started export task: fire_219_dynamic_2021-07-26
[2026-05-16 16:08:53] ------ Processing date=2021-07-27 ------
[2026-05-16 16:08:53] Using viirs_af_path: viirs_af_path
[2026-05-16 16:08:54] VIIRS Image Date: ['2021-07-27 00:00:00']
[2026-05-16 16:08:54] Weather image size: 1
[2026-05-16 16:08:54] Forecast duration: 2021-07-28 00:00:00 to 2021-07-29 00:00:00
[2026-05-16 16:08:55] Number of forecast images: 24
[2026-05-16 16:08:55] Using forecast run: 2021-07-27 18:00:00 UTC
[2026-05-16 16:08:55] Forecast Rain Available hours: [6, 7, 8, 9, 10, 11, 12, 13, 14, 15, 16, 17, 18, 19, 20, 21, 22, 23, 24, 25, 26, 27, 28, 29]
[2026-05-16 16:08:55] Valid hours for sum: [12, 18, 24, 29]
[2026-05-16 16:08:58] Drought composite end date: 2021-07-24 06:00:00
[2026-05-16 16:08:58] Land cover year: 2020
[2026-05-16 16:08:59] VIIRS Veg composite: 2021-07-12 → 2021-07-28
[2026-05-16 16:09:04] Started export task: fire_219_dynamic_2021-07-27
[2026-05-16 16:09:04] ------ Processing date=2021-07-28 ------
[2026-05-16 16:09:04] Using viirs_af_path: viirs_af_path
[2026-05-16 16:09:05] VIIRS Image Date: ['2021-07-28 00:00:00']
[2026-05-16 16:09:05] Weather image size: 1
[2026-05-16 16:09:05] Forecast duration: 2021-07-29 00:00:00 to 2021-07-30 00:00:00
[2026-05-16 16:09:06] Number of forecast images: 24
[2026-05-16 16:09:06] Using forecast run: 2021-07-28 18:00:00 UTC
[2026-05-16 16:09:06] Forecast Rain Available hours: [6, 7, 8, 9, 10, 11, 12, 13, 14, 15, 16, 17, 18, 19, 20, 21, 22, 23, 24, 25, 26, 27, 28, 29]
[2026-05-16 16:09:06] Valid hours for sum: [12, 18, 24, 29]
[2026-05-16 16:09:08] Drought composite end date: 2021-07-24 06:00:00
[2026-05-16 16:09:08] Land cover year: 2020
[2026-05-16 16:09:09] VIIRS Veg composite: 2021-07-12 → 2021-07-28
[2026-05-16 16:09:13] Started export task: fire_219_dynamic_2021-07-28
[2026-05-16 16:09:13] ------ Processing date=2021-07-29 ------
[2026-05-16 16:09:13] Using viirs_af_path: viirs_af_path
[2026-05-16 16:09:14] VIIRS Image Date: ['2021-07-29 00:00:00']
[2026-05-16 16:09:14] Weather image size: 1
[2026-05-16 16:09:14] Forecast duration: 2021-07-30 00:00:00 to 2021-07-31 00:00:00
[2026-05-16 16:09:15] Number of forecast images: 24
[2026-05-16 16:09:15] Using forecast run: 2021-07-29 18:00:00 UTC
[2026-05-16 16:09:16] Forecast Rain Available hours: [6, 7, 8, 9, 10, 11, 12, 13, 14, 15, 16, 17, 18, 19, 20, 21, 22, 23, 24, 25, 26, 27, 28, 29]
[2026-05-16 16:09:16] Valid hours for sum: [12, 18, 24, 29]
[2026-05-16 16:09:18] Drought composite end date: 2021-07-24 06:00:00
[2026-05-16 16:09:18] Land cover year: 2020
[2026-05-16 16:09:19] VIIRS Veg composite: 2021-07-12 → 2021-07-28
[2026-05-16 16:09:22] Started export task: fire_219_dynamic_2021-07-29
[2026-05-16 16:09:23] ------ Processing date=2021-07-30 ------
[2026-05-16 16:09:23] Using viirs_af_path: viirs_af_path
[2026-05-16 16:09:23] VIIRS Image Date: ['2021-07-30 00:00:00']
[2026-05-16 16:09:23] Weather image size: 1
[2026-05-16 16:09:23] Forecast duration: 2021-07-31 00:00:00 to 2021-08-01 00:00:00
[2026-05-16 16:09:24] Number of forecast images: 24
[2026-05-16 16:09:24] Using forecast run: 2021-07-30 18:00:00 UTC
[2026-05-16 16:09:25] Forecast Rain Available hours: [6, 7, 8, 9, 10, 11, 12, 13, 14, 15, 16, 17, 18, 19, 20, 21, 22, 23, 24, 25, 26, 27, 28, 29]
[2026-05-16 16:09:25] Valid hours for sum: [12, 18, 24, 29]
[2026-05-16 16:09:27] Drought composite end date: 2021-07-29 06:00:00
[2026-05-16 16:09:27] Land cover year: 2020
[2026-05-16 16:09:28] VIIRS Veg composite: 2021-07-12 → 2021-07-28
[2026-05-16 16:09:33] Started export task: fire_219_dynamic_2021-07-30
[2026-05-16 16:09:34] ------ Processing date=2021-07-31 ------
[2026-05-16 16:09:34] Using viirs_af_path: viirs_af_path
[2026-05-16 16:09:34] VIIRS Image Date: ['2021-07-31 00:00:00']
[2026-05-16 16:09:35] Weather image size: 1
[2026-05-16 16:09:35] Forecast duration: 2021-08-01 00:00:00 to 2021-08-02 00:00:00
[2026-05-16 16:09:37] Number of forecast images: 24
[2026-05-16 16:09:37] Using forecast run: 2021-07-31 18:00:00 UTC
[2026-05-16 16:09:37] Forecast Rain Available hours: [6, 7, 8, 9, 10, 11, 12, 13, 14, 15, 16, 17, 18, 19, 20, 21, 22, 23, 24, 25, 26, 27, 28, 29]
[2026-05-16 16:09:37] Valid hours for sum: [12, 18, 24, 29]
[2026-05-16 16:09:39] Drought composite end date: 2021-07-29 06:00:00
[2026-05-16 16:09:39] Land cover year: 2020
[2026-05-16 16:09:40] VIIRS Veg composite: 2021-07-12 → 2021-07-28
[2026-05-16 16:09:44] Started export task: fire_219_dynamic_2021-07-31
[2026-05-16 16:09:44] ------ Processing date=2021-08-01 ------
[2026-05-16 16:09:44] Using viirs_af_path: viirs_af_path
[2026-05-16 16:09:45] VIIRS Image Date: ['2021-08-01 00:00:00']
[2026-05-16 16:09:45] Weather image size: 1
[2026-05-16 16:09:45] Forecast duration: 2021-08-02 00:00:00 to 2021-08-03 00:00:00
[2026-05-16 16:09:46] Number of forecast images: 24
[2026-05-16 16:09:46] Using forecast run: 2021-08-01 18:00:00 UTC
[2026-05-16 16:09:47] Forecast Rain Available hours: [6, 7, 8, 9, 10, 11, 12, 13, 14, 15, 16, 17, 18, 19, 20, 21, 22, 23, 24, 25, 26, 27, 28, 29]
[2026-05-16 16:09:47] Valid hours for sum: [12, 18, 24, 29]
[2026-05-16 16:09:49] Drought composite end date: 2021-07-29 06:00:00
[2026-05-16 16:09:50] Land cover year: 2020
[2026-05-16 16:09:50] VIIRS Veg composite: 2021-07-12 → 2021-07-28
[2026-05-16 16:09:54] Started export task: fire_219_dynamic_2021-08-01
[2026-05-16 16:09:54] ------ Processing date=2021-08-02 ------
[2026-05-16 16:09:54] Using viirs_af_path: viirs_af_path
[2026-05-16 16:09:55] VIIRS Image Date: ['2021-08-02 00:00:00']
[2026-05-16 16:09:55] Weather image size: 1
[2026-05-16 16:09:55] Forecast duration: 2021-08-03 00:00:00 to 2021-08-04 00:00:00
[2026-05-16 16:09:56] Number of forecast images: 24
[2026-05-16 16:09:56] Using forecast run: 2021-08-02 18:00:00 UTC
[2026-05-16 16:09:56] Forecast Rain Available hours: [6, 7, 8, 9, 10, 11, 12, 13, 14, 15, 16, 17, 18, 19, 20, 21, 22, 23, 24, 25, 26, 27, 28, 29]
[2026-05-16 16:09:56] Valid hours for sum: [12, 18, 24, 29]
[2026-05-16 16:09:59] Drought composite end date: 2021-07-29 06:00:00
[2026-05-16 16:10:00] Land cover year: 2020
[2026-05-16 16:10:01] VIIRS Veg composite: 2021-07-12 → 2021-07-28
[2026-05-16 16:10:06] Started export task: fire_219_dynamic_2021-08-02
[2026-05-16 16:10:06] ------ Processing date=2021-08-03 ------
[2026-05-16 16:10:06] Using viirs_af_path: viirs_af_path
[2026-05-16 16:10:07] VIIRS Image Date: ['2021-08-03 00:00:00']
[2026-05-16 16:10:07] Weather image size: 1
[2026-05-16 16:10:07] Forecast duration: 2021-08-04 00:00:00 to 2021-08-05 00:00:00
[2026-05-16 16:10:08] Number of forecast images: 24
[2026-05-16 16:10:08] Using forecast run: 2021-08-03 18:00:00 UTC
[2026-05-16 16:10:09] Forecast Rain Available hours: [6, 7, 8, 9, 10, 11, 12, 13, 14, 15, 16, 17, 18, 19, 20, 21, 22, 23, 24, 25, 26, 27, 28, 29]
[2026-05-16 16:10:09] Valid hours for sum: [12, 18, 24, 29]
[2026-05-16 16:10:10] Drought composite end date: 2021-07-29 06:00:00
[2026-05-16 16:10:10] Land cover year: 2020
[2026-05-16 16:10:11] VIIRS Veg composite: 2021-07-12 → 2021-07-28
[2026-05-16 16:10:17] Started export task: fire_219_dynamic_2021-08-03
[2026-05-16 16:10:17] ------ Processing date=2021-08-04 ------
[2026-05-16 16:10:17] Using viirs_af_path: viirs_af_path
[2026-05-16 16:10:18] VIIRS Image Date: ['2021-08-04 00:00:00']
[2026-05-16 16:10:19] Weather image size: 1
[2026-05-16 16:10:19] Forecast duration: 2021-08-05 00:00:00 to 2021-08-06 00:00:00
[2026-05-16 16:10:20] Number of forecast images: 24
[2026-05-16 16:10:20] Using forecast run: 2021-08-04 18:00:00 UTC
[2026-05-16 16:10:21] Forecast Rain Available hours: [6, 7, 8, 9, 10, 11, 12, 13, 14, 15, 16, 17, 18, 19, 20, 21, 22, 23, 24, 25, 26, 27, 28, 29]
[2026-05-16 16:10:21] Valid hours for sum: [12, 18, 24, 29]
[2026-05-16 16:10:23] Drought composite end date: 2021-08-03 06:00:00
[2026-05-16 16:10:24] Land cover year: 2020
[2026-05-16 16:10:25] VIIRS Veg composite: 2021-07-12 → 2021-07-28
[2026-05-16 16:10:29] Started export task: fire_219_dynamic_2021-08-04
[2026-05-16 16:10:29] ------ Processing date=2021-08-05 ------
[2026-05-16 16:10:29] Using viirs_af_path: viirs_af_path
[2026-05-16 16:10:30] VIIRS Image Date: ['2021-08-05 00:00:00']
[2026-05-16 16:10:30] Weather image size: 1
[2026-05-16 16:10:30] Forecast duration: 2021-08-06 00:00:00 to 2021-08-07 00:00:00
[2026-05-16 16:10:32] Number of forecast images: 24
[2026-05-16 16:10:32] Using forecast run: 2021-08-05 18:00:00 UTC
[2026-05-16 16:10:33] Forecast Rain Available hours: [6, 7, 8, 9, 10, 11, 12, 13, 14, 15, 16, 17, 18, 19, 20, 21, 22, 23, 24, 25, 26, 27, 28, 29]
[2026-05-16 16:10:33] Valid hours for sum: [12, 18, 24, 29]
[2026-05-16 16:10:34] Drought composite end date: 2021-08-03 06:00:00
[2026-05-16 16:10:35] Land cover year: 2020
[2026-05-16 16:10:36] VIIRS Veg composite: 2021-07-12 → 2021-07-28
[2026-05-16 16:10:41] Started export task: fire_219_dynamic_2021-08-05
[2026-05-16 16:10:42] ------ Processing date=2021-08-06 ------
[2026-05-16 16:10:42] Using viirs_af_path: viirs_af_path
[2026-05-16 16:10:42] VIIRS Image Date: ['2021-08-06 00:00:00']
[2026-05-16 16:10:42] Weather image size: 1
[2026-05-16 16:10:42] Forecast duration: 2021-08-07 00:00:00 to 2021-08-08 00:00:00
[2026-05-16 16:10:43] Number of forecast images: 24
[2026-05-16 16:10:43] Using forecast run: 2021-08-06 18:00:00 UTC
[2026-05-16 16:10:44] Forecast Rain Available hours: [6, 7, 8, 9, 10, 11, 12, 13, 14, 15, 16, 17, 18, 19, 20, 21, 22, 23, 24, 25, 26, 27, 28, 29]
[2026-05-16 16:10:44] Valid hours for sum: [12, 18, 24, 29]
[2026-05-16 16:10:46] Drought composite end date: 2021-08-03 06:00:00
[2026-05-16 16:10:47] Land cover year: 2020
[2026-05-16 16:10:48] VIIRS Veg composite: 2021-07-12 → 2021-07-28
[2026-05-16 16:10:53] Started export task: fire_219_dynamic_2021-08-06
[2026-05-16 16:10:53] ------ Processing date=2021-08-07 ------
[2026-05-16 16:10:53] Using viirs_af_path: viirs_af_path
[2026-05-16 16:10:53] VIIRS Image Date: ['2021-08-07 00:00:00']
[2026-05-16 16:10:53] Weather image size: 1
[2026-05-16 16:10:53] Forecast duration: 2021-08-08 00:00:00 to 2021-08-09 00:00:00
[2026-05-16 16:10:55] Number of forecast images: 24
[2026-05-16 16:10:55] Using forecast run: 2021-08-07 18:00:00 UTC
[2026-05-16 16:10:55] Forecast Rain Available hours: [6, 7, 8, 9, 10, 11, 12, 13, 14, 15, 16, 17, 18, 19, 20, 21, 22, 23, 24, 25, 26, 27, 28, 29]
[2026-05-16 16:10:55] Valid hours for sum: [12, 18, 24, 29]
[2026-05-16 16:10:57] Drought composite end date: 2021-08-03 06:00:00
[2026-05-16 16:10:57] Land cover year: 2020
[2026-05-16 16:10:58] VIIRS Veg composite: 2021-07-12 → 2021-07-28
[2026-05-16 16:11:03] Started export task: fire_219_dynamic_2021-08-07
[2026-05-16 16:11:04] ------ Processing date=2021-08-08 ------
[2026-05-16 16:11:04] Using viirs_af_path: viirs_af_path
[2026-05-16 16:11:04] VIIRS Image Date: ['2021-08-08 00:00:00']
[2026-05-16 16:11:04] Weather image size: 1
[2026-05-16 16:11:04] Forecast duration: 2021-08-09 00:00:00 to 2021-08-10 00:00:00
[2026-05-16 16:11:05] Number of forecast images: 24
[2026-05-16 16:11:05] Using forecast run: 2021-08-08 18:00:00 UTC
[2026-05-16 16:11:05] Forecast Rain Available hours: [6, 7, 8, 9, 10, 11, 12, 13, 14, 15, 16, 17, 18, 19, 20, 21, 22, 23, 24, 25, 26, 27, 28, 29]
[2026-05-16 16:11:05] Valid hours for sum: [12, 18, 24, 29]
[2026-05-16 16:11:07] Drought composite end date: 2021-08-03 06:00:00
[2026-05-16 16:11:08] Land cover year: 2020
[2026-05-16 16:11:09] VIIRS Veg composite: 2021-07-12 → 2021-07-28
[2026-05-16 16:11:14] Started export task: fire_219_dynamic_2021-08-08
[2026-05-16 16:11:14] ------ Processing date=2021-08-09 ------
[2026-05-16 16:11:14] Using viirs_af_path: viirs_af_path
[2026-05-16 16:11:15] VIIRS Image Date: ['2021-08-09 00:00:00']
[2026-05-16 16:11:15] Weather image size: 1
[2026-05-16 16:11:15] Forecast duration: 2021-08-10 00:00:00 to 2021-08-11 00:00:00
[2026-05-16 16:11:17] Number of forecast images: 24
[2026-05-16 16:11:17] Using forecast run: 2021-08-09 18:00:00 UTC
[2026-05-16 16:11:17] Forecast Rain Available hours: [6, 7, 8, 9, 10, 11, 12, 13, 14, 15, 16, 17, 18, 19, 20, 21, 22, 23, 24, 25, 26, 27, 28, 29]
[2026-05-16 16:11:17] Valid hours for sum: [12, 18, 24, 29]
[2026-05-16 16:11:19] Drought composite end date: 2021-08-08 06:00:00
[2026-05-16 16:11:20] Land cover year: 2020
[2026-05-16 16:11:21] VIIRS Veg composite: 2021-07-12 → 2021-07-28
[2026-05-16 16:11:25] Started export task: fire_219_dynamic_2021-08-09
[2026-05-16 16:11:26] ------ Processing date=2021-08-10 ------
[2026-05-16 16:11:26] Using viirs_af_path: viirs_af_path
[2026-05-16 16:11:26] VIIRS Image Date: ['2021-08-10 00:00:00']
[2026-05-16 16:11:26] Weather image size: 1
[2026-05-16 16:11:26] Forecast duration: 2021-08-11 00:00:00 to 2021-08-12 00:00:00
[2026-05-16 16:11:27] Number of forecast images: 24
[2026-05-16 16:11:27] Using forecast run: 2021-08-10 18:00:00 UTC
[2026-05-16 16:11:28] Forecast Rain Available hours: [6, 7, 8, 9, 10, 11, 12, 13, 14, 15, 16, 17, 18, 19, 20, 21, 22, 23, 24, 25, 26, 27, 28, 29]
[2026-05-16 16:11:28] Valid hours for sum: [12, 18, 24, 29]
[2026-05-16 16:11:31] Drought composite end date: 2021-08-08 06:00:00
[2026-05-16 16:11:31] Land cover year: 2020
[2026-05-16 16:11:33] VIIRS Veg composite: 2021-07-12 → 2021-07-28
[2026-05-16 16:11:36] Started export task: fire_219_dynamic_2021-08-10
[2026-05-16 16:11:36] ------ Processing date=2021-08-11 ------
[2026-05-16 16:11:36] Using viirs_af_path: viirs_af_path
[2026-05-16 16:11:36] VIIRS Image Date: ['2021-08-11 00:00:00']
[2026-05-16 16:11:37] Weather image size: 1
[2026-05-16 16:11:37] Forecast duration: 2021-08-12 00:00:00 to 2021-08-13 00:00:00
[2026-05-16 16:11:38] Number of forecast images: 24
[2026-05-16 16:11:38] Using forecast run: 2021-08-11 18:00:00 UTC
[2026-05-16 16:11:39] Forecast Rain Available hours: [6, 7, 8, 9, 10, 11, 12, 13, 14, 15, 16, 17, 18, 19, 20, 21, 22, 23, 24, 25, 26, 27, 28, 29]
[2026-05-16 16:11:39] Valid hours for sum: [12, 18, 24, 29]
[2026-05-16 16:11:41] Drought composite end date: 2021-08-08 06:00:00
[2026-05-16 16:11:41] Land cover year: 2020
[2026-05-16 16:11:43] VIIRS Veg composite: 2021-07-12 → 2021-07-28
[2026-05-16 16:11:47] Started export task: fire_219_dynamic_2021-08-11
[2026-05-16 16:11:47] ------ Processing date=2021-08-12 ------
[2026-05-16 16:11:47] Using viirs_af_path: viirs_af_path
[2026-05-16 16:11:48] VIIRS Image Date: ['2021-08-12 00:00:00']
[2026-05-16 16:11:48] Weather image size: 1
[2026-05-16 16:11:48] Forecast duration: 2021-08-13 00:00:00 to 2021-08-14 00:00:00
[2026-05-16 16:11:50] Number of forecast images: 24
[2026-05-16 16:11:50] Using forecast run: 2021-08-12 18:00:00 UTC
[2026-05-16 16:11:50] Forecast Rain Available hours: [6, 7, 8, 9, 10, 11, 12, 13, 14, 15, 16, 17, 18, 19, 20, 21, 22, 23, 24, 25, 26, 27, 28, 29]
[2026-05-16 16:11:50] Valid hours for sum: [12, 18, 24, 29]
[2026-05-16 16:11:52] Drought composite end date: 2021-08-08 06:00:00
[2026-05-16 16:11:53] Land cover year: 2020
[2026-05-16 16:11:53] VIIRS Veg composite: 2021-07-12 → 2021-07-28
[2026-05-16 16:11:57] Started export task: fire_219_dynamic_2021-08-12
[2026-05-16 16:11:57] ------ Processing date=2021-08-13 ------
[2026-05-16 16:11:57] Using viirs_af_path: viirs_af_path
[2026-05-16 16:11:57] VIIRS Image Date: ['2021-08-13 00:00:00']
[2026-05-16 16:11:58] Weather image size: 1
[2026-05-16 16:11:58] Forecast duration: 2021-08-14 00:00:00 to 2021-08-15 00:00:00
[2026-05-16 16:12:05] Number of forecast images: 24
[2026-05-16 16:12:05] Using forecast run: 2021-08-13 18:00:00 UTC
[2026-05-16 16:12:05] Forecast Rain Available hours: [6, 7, 8, 9, 10, 11, 12, 13, 14, 15, 16, 17, 18, 19, 20, 21, 22, 23, 24, 25, 26, 27, 28, 29]
[2026-05-16 16:12:05] Valid hours for sum: [12, 18, 24, 29]
[2026-05-16 16:12:08] Drought composite end date: 2021-08-08 06:00:00
[2026-05-16 16:12:09] Land cover year: 2020
[2026-05-16 16:12:09] VIIRS Veg composite: 2021-07-12 → 2021-07-28
[2026-05-16 16:12:13] Started export task: fire_219_dynamic_2021-08-13
[2026-05-16 16:12:13] ------ Processing date=2021-08-14 ------
[2026-05-16 16:12:13] Using viirs_af_path: viirs_af_path
[2026-05-16 16:12:13] VIIRS Image Date: ['2021-08-14 00:00:00']
[2026-05-16 16:12:14] Weather image size: 1
[2026-05-16 16:12:14] Forecast duration: 2021-08-15 00:00:00 to 2021-08-16 00:00:00
[2026-05-16 16:12:14] Number of forecast images: 24
[2026-05-16 16:12:14] Using forecast run: 2021-08-14 18:00:00 UTC
[2026-05-16 16:12:15] Forecast Rain Available hours: [6, 7, 8, 9, 10, 11, 12, 13, 14, 15, 16, 17, 18, 19, 20, 21, 22, 23, 24, 25, 26, 27, 28, 29]
[2026-05-16 16:12:15] Valid hours for sum: [12, 18, 24, 29]
[2026-05-16 16:12:17] Drought composite end date: 2021-08-13 06:00:00
[2026-05-16 16:12:18] Land cover year: 2020
[2026-05-16 16:12:19] VIIRS Veg composite: 2021-07-12 → 2021-07-28
[2026-05-16 16:12:22] Started export task: fire_219_dynamic_2021-08-14
[2026-05-16 16:12:24] ------ Processing date=2021-08-15 ------
[2026-05-16 16:12:24] Using viirs_af_path: viirs_af_path
[2026-05-16 16:12:24] VIIRS Image Date: ['2021-08-15 00:00:00']
[2026-05-16 16:12:24] Weather image size: 1
[2026-05-16 16:12:24] Forecast duration: 2021-08-16 00:00:00 to 2021-08-17 00:00:00
[2026-05-16 16:12:25] Number of forecast images: 24
[2026-05-16 16:12:25] Using forecast run: 2021-08-15 18:00:00 UTC
[2026-05-16 16:12:26] Forecast Rain Available hours: [6, 7, 8, 9, 10, 11, 12, 13, 14, 15, 16, 17, 18, 19, 20, 21, 22, 23, 24, 25, 26, 27, 28, 29]
[2026-05-16 16:12:26] Valid hours for sum: [12, 18, 24, 29]
[2026-05-16 16:12:29] Drought composite end date: 2021-08-13 06:00:00
[2026-05-16 16:12:29] Land cover year: 2020
[2026-05-16 16:12:30] VIIRS Veg composite: 2021-07-12 → 2021-07-28
[2026-05-16 16:12:33] Started export task: fire_219_dynamic_2021-08-15
[2026-05-16 16:12:33] ------ Processing date=2021-08-16 ------
[2026-05-16 16:12:33] Using viirs_af_path: viirs_af_path
[2026-05-16 16:12:34] VIIRS Image Date: ['2021-08-16 00:00:00']
[2026-05-16 16:12:34] Weather image size: 1
[2026-05-16 16:12:34] Forecast duration: 2021-08-17 00:00:00 to 2021-08-18 00:00:00
[2026-05-16 16:12:35] Number of forecast images: 24
[2026-05-16 16:12:35] Using forecast run: 2021-08-16 18:00:00 UTC
[2026-05-16 16:12:35] Forecast Rain Available hours: [6, 7, 8, 9, 10, 11, 12, 13, 14, 15, 16, 17, 18, 19, 20, 21, 22, 23, 24, 25, 26, 27, 28, 29]
[2026-05-16 16:12:35] Valid hours for sum: [12, 18, 24, 29]
[2026-05-16 16:12:37] Drought composite end date: 2021-08-13 06:00:00
[2026-05-16 16:12:38] Land cover year: 2020
[2026-05-16 16:12:39] VIIRS Veg composite: 2021-07-12 → 2021-07-28
[2026-05-16 16:12:42] Started export task: fire_219_dynamic_2021-08-16
[2026-05-16 16:12:43] ------ Processing date=2021-08-17 ------
[2026-05-16 16:12:43] Using viirs_af_path: viirs_af_path
[2026-05-16 16:12:43] VIIRS Image Date: ['2021-08-17 00:00:00']
[2026-05-16 16:12:44] Weather image size: 1
[2026-05-16 16:12:44] Forecast duration: 2021-08-18 00:00:00 to 2021-08-19 00:00:00
[2026-05-16 16:12:44] Number of forecast images: 24
[2026-05-16 16:12:44] Using forecast run: 2021-08-17 18:00:00 UTC
[2026-05-16 16:12:45] Forecast Rain Available hours: [6, 7, 8, 9, 10, 11, 12, 13, 14, 15, 16, 17, 18, 19, 20, 21, 22, 23, 24, 25, 26, 27, 28, 29]
[2026-05-16 16:12:45] Valid hours for sum: [12, 18, 24, 29]
[2026-05-16 16:12:47] Drought composite end date: 2021-08-13 06:00:00
[2026-05-16 16:12:47] Land cover year: 2020
[2026-05-16 16:12:49] VIIRS Veg composite: 2021-07-12 → 2021-07-28
[2026-05-16 16:12:53] Started export task: fire_219_dynamic_2021-08-17
[2026-05-16 16:12:53] ------ Processing date=2021-08-18 ------
[2026-05-16 16:12:53] Using viirs_af_path: viirs_af_path
[2026-05-16 16:12:54] VIIRS Image Date: ['2021-08-18 00:00:00']
[2026-05-16 16:12:54] Weather image size: 1
[2026-05-16 16:12:54] Forecast duration: 2021-08-19 00:00:00 to 2021-08-20 00:00:00
[2026-05-16 16:12:55] Number of forecast images: 24
[2026-05-16 16:12:55] Using forecast run: 2021-08-18 18:00:00 UTC
[2026-05-16 16:12:55] Forecast Rain Available hours: [6, 7, 8, 9, 10, 11, 12, 13, 14, 15, 16, 17, 18, 19, 20, 21, 22, 23, 24, 25, 26, 27, 28, 29]
[2026-05-16 16:12:55] Valid hours for sum: [12, 18, 24, 29]
[2026-05-16 16:12:57] Drought composite end date: 2021-08-13 06:00:00
[2026-05-16 16:12:57] Land cover year: 2020
[2026-05-16 16:12:59] VIIRS Veg composite: 2021-07-12 → 2021-07-28
[2026-05-16 16:13:02] Started export task: fire_219_dynamic_2021-08-18
[2026-05-16 16:13:03] ------ Processing date=2021-08-19 ------
[2026-05-16 16:13:03] Using viirs_af_path: viirs_af_path
[2026-05-16 16:13:03] VIIRS Image Date: ['2021-08-19 00:00:00']
[2026-05-16 16:13:05] Weather image size: 1
[2026-05-16 16:13:05] Forecast duration: 2021-08-20 00:00:00 to 2021-08-21 00:00:00
[2026-05-16 16:13:06] Number of forecast images: 24
[2026-05-16 16:13:06] Using forecast run: 2021-08-19 18:00:00 UTC
[2026-05-16 16:13:06] Forecast Rain Available hours: [6, 7, 8, 9, 10, 11, 12, 13, 14, 15, 16, 17, 18, 19, 20, 21, 22, 23, 24, 25, 26, 27, 28, 29]
[2026-05-16 16:13:06] Valid hours for sum: [12, 18, 24, 29]
[2026-05-16 16:13:08] Drought composite end date: 2021-08-18 06:00:00
[2026-05-16 16:13:08] Land cover year: 2020
[2026-05-16 16:13:10] VIIRS Veg composite: 2021-07-12 → 2021-07-28
[2026-05-16 16:13:12] Started export task: fire_219_dynamic_2021-08-19
[2026-05-16 16:13:13] ------ Processing date=2021-08-20 ------
[2026-05-16 16:13:13] Using viirs_af_path: viirs_af_path
[2026-05-16 16:13:13] VIIRS Image Date: ['2021-08-20 00:00:00']
[2026-05-16 16:13:13] Weather image size: 1
[2026-05-16 16:13:13] Forecast duration: 2021-08-21 00:00:00 to 2021-08-22 00:00:00
[2026-05-16 16:13:14] Number of forecast images: 24
[2026-05-16 16:13:14] Using forecast run: 2021-08-20 18:00:00 UTC
[2026-05-16 16:13:14] Forecast Rain Available hours: [6, 7, 8, 9, 10, 11, 12, 13, 14, 15, 16, 17, 18, 19, 20, 21, 22, 23, 24, 25, 26, 27, 28, 29]
[2026-05-16 16:13:14] Valid hours for sum: [12, 18, 24, 29]
[2026-05-16 16:13:17] Drought composite end date: 2021-08-18 06:00:00
[2026-05-16 16:13:17] Land cover year: 2020
[2026-05-16 16:13:18] VIIRS Veg composite: 2021-07-12 → 2021-07-28
[2026-05-16 16:13:23] Started export task: fire_219_dynamic_2021-08-20
[2026-05-16 16:13:24] ------ Processing date=2021-08-21 ------
[2026-05-16 16:13:24] Using viirs_af_path: viirs_af_path
[2026-05-16 16:13:25] VIIRS Image Date: ['2021-08-21 00:00:00']
[2026-05-16 16:13:25] Weather image size: 1
[2026-05-16 16:13:25] Forecast duration: 2021-08-22 00:00:00 to 2021-08-23 00:00:00
[2026-05-16 16:13:26] Number of forecast images: 24
[2026-05-16 16:13:26] Using forecast run: 2021-08-21 18:00:00 UTC
[2026-05-16 16:13:27] Forecast Rain Available hours: [6, 7, 8, 9, 10, 11, 12, 13, 14, 15, 16, 17, 18, 19, 20, 21, 22, 23, 24, 25, 26, 27, 28, 29]
[2026-05-16 16:13:27] Valid hours for sum: [12, 18, 24, 29]
[2026-05-16 16:13:30] Drought composite end date: 2021-08-18 06:00:00
[2026-05-16 16:13:30] Land cover year: 2020
[2026-05-16 16:13:31] VIIRS Veg composite: 2021-07-12 → 2021-07-28
[2026-05-16 16:13:33] Started export task: fire_219_dynamic_2021-08-21
[2026-05-16 16:13:34] ------ Processing date=2021-08-22 ------
[2026-05-16 16:13:34] Using viirs_af_path: viirs_af_path
[2026-05-16 16:13:34] VIIRS Image Date: ['2021-08-22 00:00:00']
[2026-05-16 16:13:34] Weather image size: 1
[2026-05-16 16:13:34] Forecast duration: 2021-08-23 00:00:00 to 2021-08-24 00:00:00
[2026-05-16 16:13:36] Number of forecast images: 24
[2026-05-16 16:13:36] Using forecast run: 2021-08-22 18:00:00 UTC
[2026-05-16 16:13:36] Forecast Rain Available hours: [6, 7, 8, 9, 10, 11, 12, 13, 14, 15, 16, 17, 18, 19, 20, 21, 22, 23, 24, 25, 26, 27, 28, 29]
[2026-05-16 16:13:36] Valid hours for sum: [12, 18, 24, 29]
[2026-05-16 16:13:39] Drought composite end date: 2021-08-18 06:00:00
[2026-05-16 16:13:39] Land cover year: 2020
[2026-05-16 16:13:40] VIIRS Veg composite: 2021-07-12 → 2021-07-28
[2026-05-16 16:13:44] Started export task: fire_219_dynamic_2021-08-22
[2026-05-16 16:13:44] ------ Processing date=2021-08-23 ------
[2026-05-16 16:13:44] Using viirs_af_path: viirs_af_path
[2026-05-16 16:13:44] VIIRS Image Date: ['2021-08-23 00:00:00']
[2026-05-16 16:13:45] Weather image size: 1
[2026-05-16 16:13:45] Forecast duration: 2021-08-24 00:00:00 to 2021-08-25 00:00:00
[2026-05-16 16:13:45] Number of forecast images: 24
[2026-05-16 16:13:45] Using forecast run: 2021-08-23 18:00:00 UTC
[2026-05-16 16:13:46] Forecast Rain Available hours: [6, 7, 8, 9, 10, 11, 12, 13, 14, 15, 16, 17, 18, 19, 20, 21, 22, 23, 24, 25, 26, 27, 28, 29]
[2026-05-16 16:13:46] Valid hours for sum: [12, 18, 24, 29]
[2026-05-16 16:13:54] Drought composite end date: 2021-08-18 06:00:00
[2026-05-16 16:13:54] Land cover year: 2020
[2026-05-16 16:13:55] VIIRS Veg composite: 2021-07-12 → 2021-07-28
[2026-05-16 16:14:00] Started export task: fire_219_dynamic_2021-08-23
[2026-05-16 16:14:00] ------ Processing date=2021-08-24 ------
[2026-05-16 16:14:00] Using viirs_af_path: viirs_af_path
[2026-05-16 16:14:01] VIIRS Image Date: ['2021-08-24 00:00:00']
[2026-05-16 16:14:01] Weather image size: 1
[2026-05-16 16:14:01] Forecast duration: 2021-08-25 00:00:00 to 2021-08-26 00:00:00
[2026-05-16 16:14:02] Number of forecast images: 24
[2026-05-16 16:14:02] Using forecast run: 2021-08-24 18:00:00 UTC
[2026-05-16 16:14:02] Forecast Rain Available hours: [6, 7, 8, 9, 10, 11, 12, 13, 14, 15, 16, 17, 18, 19, 20, 21, 22, 23, 24, 25, 26, 27, 28, 29]
[2026-05-16 16:14:02] Valid hours for sum: [12, 18, 24, 29]
[2026-05-16 16:14:05] Drought composite end date: 2021-08-23 06:00:00
[2026-05-16 16:14:05] Land cover year: 2020
[2026-05-16 16:14:06] VIIRS Veg composite: 2021-07-12 → 2021-07-28
[2026-05-16 16:14:11] Started export task: fire_219_dynamic_2021-08-24
[2026-05-16 16:14:11] ------ Processing date=2021-08-25 ------
[2026-05-16 16:14:11] Using viirs_af_path: viirs_af_path
[2026-05-16 16:14:12] VIIRS Image Date: ['2021-08-25 00:00:00']
[2026-05-16 16:14:12] Weather image size: 1
[2026-05-16 16:14:12] Forecast duration: 2021-08-26 00:00:00 to 2021-08-27 00:00:00
[2026-05-16 16:14:13] Number of forecast images: 24
[2026-05-16 16:14:13] Using forecast run: 2021-08-25 18:00:00 UTC
[2026-05-16 16:14:14] Forecast Rain Available hours: [6, 7, 8, 9, 10, 11, 12, 13, 14, 15, 16, 17, 18, 19, 20, 21, 22, 23, 24, 25, 26, 27, 28, 29]
[2026-05-16 16:14:14] Valid hours for sum: [12, 18, 24, 29]
[2026-05-16 16:14:15] Drought composite end date: 2021-08-23 06:00:00
[2026-05-16 16:14:16] Land cover year: 2020
[2026-05-16 16:14:18] VIIRS Veg composite: 2021-07-12 → 2021-07-28
[2026-05-16 16:14:23] Started export task: fire_219_dynamic_2021-08-25
[2026-05-16 16:14:23] ------ Processing date=2021-08-26 ------
[2026-05-16 16:14:23] Using viirs_af_path: viirs_af_path
[2026-05-16 16:14:23] VIIRS Image Date: ['2021-08-26 00:00:00']
[2026-05-16 16:14:23] Weather image size: 1
[2026-05-16 16:14:23] Forecast duration: 2021-08-27 00:00:00 to 2021-08-28 00:00:00
[2026-05-16 16:14:25] Number of forecast images: 24
[2026-05-16 16:14:25] Using forecast run: 2021-08-26 18:00:00 UTC
[2026-05-16 16:14:25] Forecast Rain Available hours: [6, 7, 8, 9, 10, 11, 12, 13, 14, 15, 16, 17, 18, 19, 20, 21, 22, 23, 24, 25, 26, 27, 28, 29]
[2026-05-16 16:14:25] Valid hours for sum: [12, 18, 24, 29]
[2026-05-16 16:14:28] Drought composite end date: 2021-08-23 06:00:00
[2026-05-16 16:14:28] Land cover year: 2020
[2026-05-16 16:14:29] VIIRS Veg composite: 2021-07-12 → 2021-07-28
[2026-05-16 16:14:33] Started export task: fire_219_dynamic_2021-08-26
[2026-05-16 16:14:33] ------ Processing date=2021-08-27 ------
[2026-05-16 16:14:33] Using viirs_af_path: viirs_af_path
[2026-05-16 16:14:33] VIIRS Image Date: ['2021-08-27 00:00:00']
[2026-05-16 16:14:34] Weather image size: 1
[2026-05-16 16:14:34] Forecast duration: 2021-08-28 00:00:00 to 2021-08-29 00:00:00
[2026-05-16 16:14:34] Number of forecast images: 24
[2026-05-16 16:14:34] Using forecast run: 2021-08-27 18:00:00 UTC
[2026-05-16 16:14:35] Forecast Rain Available hours: [6, 7, 8, 9, 10, 11, 12, 13, 14, 15, 16, 17, 18, 19, 20, 21, 22, 23, 24, 25, 26, 27, 28, 29]
[2026-05-16 16:14:35] Valid hours for sum: [12, 18, 24, 29]
[2026-05-16 16:14:37] Drought composite end date: 2021-08-23 06:00:00
[2026-05-16 16:14:37] Land cover year: 2020
[2026-05-16 16:14:39] VIIRS Veg composite: 2021-07-12 → 2021-07-28
[2026-05-16 16:14:42] Started export task: fire_219_dynamic_2021-08-27
[2026-05-16 16:14:42] ------ Processing date=2021-08-28 ------
[2026-05-16 16:14:42] Using viirs_af_path: viirs_af_path
[2026-05-16 16:14:43] VIIRS Image Date: ['2021-08-28 00:00:00']
[2026-05-16 16:14:43] Weather image size: 1
[2026-05-16 16:14:43] Forecast duration: 2021-08-29 00:00:00 to 2021-08-30 00:00:00
[2026-05-16 16:14:44] Number of forecast images: 24
[2026-05-16 16:14:44] Using forecast run: 2021-08-28 18:00:00 UTC
[2026-05-16 16:14:44] Forecast Rain Available hours: [6, 7, 8, 9, 10, 11, 12, 13, 14, 15, 16, 17, 18, 19, 20, 21, 22, 23, 24, 25, 26, 27, 28, 29]
[2026-05-16 16:14:44] Valid hours for sum: [12, 18, 24, 29]
[2026-05-16 16:14:47] Drought composite end date: 2021-08-23 06:00:00
[2026-05-16 16:14:47] Land cover year: 2020
[2026-05-16 16:14:48] VIIRS Veg composite: 2021-07-12 → 2021-07-28
[2026-05-16 16:14:53] Started export task: fire_219_dynamic_2021-08-28
[2026-05-16 16:14:53] ------ Processing date=2021-08-29 ------
[2026-05-16 16:14:53] Using viirs_af_path: viirs_af_path
[2026-05-16 16:14:53] VIIRS Image Date: ['2021-08-29 00:00:00']
[2026-05-16 16:14:54] Weather image size: 1
[2026-05-16 16:14:54] Forecast duration: 2021-08-30 00:00:00 to 2021-08-31 00:00:00
[2026-05-16 16:15:04] Number of forecast images: 24
[2026-05-16 16:15:04] Using forecast run: 2021-08-29 18:00:00 UTC
[2026-05-16 16:15:05] Forecast Rain Available hours: [6, 7, 8, 9, 10, 11, 12, 13, 14, 15, 16, 17, 18, 19, 20, 21, 22, 23, 24, 25, 26, 27, 28, 29]
[2026-05-16 16:15:05] Valid hours for sum: [12, 18, 24, 29]
[2026-05-16 16:15:07] Drought composite end date: 2021-08-28 06:00:00
[2026-05-16 16:15:08] Land cover year: 2020
[2026-05-16 16:15:09] VIIRS Veg composite: 2021-07-12 → 2021-07-28
[2026-05-16 16:15:12] Started export task: fire_219_dynamic_2021-08-29
[2026-05-16 16:15:13] ------ Processing date=2021-08-30 ------
[2026-05-16 16:15:13] Using viirs_af_path: viirs_af_path
[2026-05-16 16:15:13] VIIRS Image Date: ['2021-08-30 00:00:00']
[2026-05-16 16:15:13] Weather image size: 1
[2026-05-16 16:15:13] Forecast duration: 2021-08-31 00:00:00 to 2021-09-01 00:00:00
[2026-05-16 16:15:14] Number of forecast images: 24
[2026-05-16 16:15:14] Using forecast run: 2021-08-30 18:00:00 UTC
[2026-05-16 16:15:15] Forecast Rain Available hours: [6, 7, 8, 9, 10, 11, 12, 13, 14, 15, 16, 17, 18, 19, 20, 21, 22, 23, 24, 25, 26, 27, 28, 29]
[2026-05-16 16:15:15] Valid hours for sum: [12, 18, 24, 29]
[2026-05-16 16:15:16] Drought composite end date: 2021-08-28 06:00:00
[2026-05-16 16:15:16] Land cover year: 2020
[2026-05-16 16:15:17] VIIRS Veg composite: 2021-07-12 → 2021-07-28
[2026-05-16 16:15:21] Started export task: fire_219_dynamic_2021-08-30
[2026-05-16 16:15:22] ------ Processing date=2021-08-31 ------
[2026-05-16 16:15:22] Using viirs_af_path: viirs_af_path
[2026-05-16 16:15:22] VIIRS Image Date: ['2021-08-31 00:00:00']
[2026-05-16 16:15:22] Weather image size: 1
[2026-05-16 16:15:22] Forecast duration: 2021-09-01 00:00:00 to 2021-09-02 00:00:00
[2026-05-16 16:15:26] Number of forecast images: 24
[2026-05-16 16:15:26] Using forecast run: 2021-08-31 18:00:00 UTC
[2026-05-16 16:15:27] Forecast Rain Available hours: [6, 7, 8, 9, 10, 11, 12, 13, 14, 15, 16, 17, 18, 19, 20, 21, 22, 23, 24, 25, 26, 27, 28, 29]
[2026-05-16 16:15:27] Valid hours for sum: [12, 18, 24, 29]
[2026-05-16 16:15:30] Drought composite end date: 2021-08-28 06:00:00
[2026-05-16 16:15:30] Land cover year: 2020
[2026-05-16 16:15:31] VIIRS Veg composite: 2021-07-12 → 2021-07-28
[2026-05-16 16:15:35] Started export task: fire_219_dynamic_2021-08-31
[2026-05-16 16:15:35] ------ Processing date=2021-09-01 ------
[2026-05-16 16:15:35] Using viirs_af_path: viirs_af_path
[2026-05-16 16:15:36] VIIRS Image Date: ['2021-09-01 00:00:00']
[2026-05-16 16:15:36] Weather image size: 1
[2026-05-16 16:15:36] Forecast duration: 2021-09-02 00:00:00 to 2021-09-03 00:00:00
[2026-05-16 16:15:37] Number of forecast images: 24
[2026-05-16 16:15:37] Using forecast run: 2021-09-01 18:00:00 UTC
[2026-05-16 16:15:37] Forecast Rain Available hours: [6, 7, 8, 9, 10, 11, 12, 13, 14, 15, 16, 17, 18, 19, 20, 21, 22, 23, 24, 25, 26, 27, 28, 29]
[2026-05-16 16:15:37] Valid hours for sum: [12, 18, 24, 29]
[2026-05-16 16:15:40] Drought composite end date: 2021-08-28 06:00:00
[2026-05-16 16:15:40] Land cover year: 2020
[2026-05-16 16:15:41] VIIRS Veg composite: 2021-07-12 → 2021-07-28
[2026-05-16 16:15:45] Started export task: fire_219_dynamic_2021-09-01
[2026-05-16 16:15:45] ------ Processing date=2021-09-02 ------
[2026-05-16 16:15:45] Using viirs_af_path: viirs_af_path
[2026-05-16 16:15:45] VIIRS Image Date: ['2021-09-02 00:00:00']
[2026-05-16 16:15:46] Weather image size: 1
[2026-05-16 16:15:46] Forecast duration: 2021-09-03 00:00:00 to 2021-09-04 00:00:00
[2026-05-16 16:15:46] Number of forecast images: 24
[2026-05-16 16:15:46] Using forecast run: 2021-09-02 18:00:00 UTC
[2026-05-16 16:15:47] Forecast Rain Available hours: [6, 7, 8, 9, 10, 11, 12, 13, 14, 15, 16, 17, 18, 19, 20, 21, 22, 23, 24, 25, 26, 27, 28, 29]
[2026-05-16 16:15:47] Valid hours for sum: [12, 18, 24, 29]
[2026-05-16 16:15:49] Drought composite end date: 2021-08-28 06:00:00
[2026-05-16 16:15:49] Land cover year: 2020
[2026-05-16 16:15:50] VIIRS Veg composite: 2021-07-12 → 2021-07-28
[2026-05-16 16:15:53] Started export task: fire_219_dynamic_2021-09-02
[2026-05-16 16:15:54] ------ Processing date=2021-09-03 ------
[2026-05-16 16:15:54] Using viirs_af_path: viirs_af_path
[2026-05-16 16:15:55] VIIRS Image Date: ['2021-09-03 00:00:00']
[2026-05-16 16:15:55] Weather image size: 1
[2026-05-16 16:15:55] Forecast duration: 2021-09-04 00:00:00 to 2021-09-05 00:00:00
[2026-05-16 16:15:56] Number of forecast images: 24
[2026-05-16 16:15:56] Using forecast run: 2021-09-03 18:00:00 UTC
[2026-05-16 16:15:56] Forecast Rain Available hours: [6, 7, 8, 9, 10, 11, 12, 13, 14, 15, 16, 17, 18, 19, 20, 21, 22, 23, 24, 25, 26, 27, 28, 29]
[2026-05-16 16:15:56] Valid hours for sum: [12, 18, 24, 29]
[2026-05-16 16:15:58] Drought composite end date: 2021-09-02 06:00:00
[2026-05-16 16:15:58] Land cover year: 2020
[2026-05-16 16:15:59] VIIRS Veg composite: 2021-07-12 → 2021-07-28
[2026-05-16 16:16:03] Started export task: fire_219_dynamic_2021-09-03
[2026-05-16 16:16:03] ------ Processing date=2021-09-04 ------
[2026-05-16 16:16:03] Using viirs_af_path: viirs_af_path
[2026-05-16 16:16:03] VIIRS Image Date: ['2021-09-04 00:00:00']
[2026-05-16 16:16:03] Weather image size: 1
[2026-05-16 16:16:03] Forecast duration: 2021-09-05 00:00:00 to 2021-09-06 00:00:00
[2026-05-16 16:16:05] Number of forecast images: 24
[2026-05-16 16:16:05] Using forecast run: 2021-09-04 18:00:00 UTC
[2026-05-16 16:16:05] Forecast Rain Available hours: [6, 7, 8, 9, 10, 11, 12, 13, 14, 15, 16, 17, 18, 19, 20, 21, 22, 23, 24, 25, 26, 27, 28, 29]
[2026-05-16 16:16:05] Valid hours for sum: [12, 18, 24, 29]
[2026-05-16 16:16:07] Drought composite end date: 2021-09-02 06:00:00
[2026-05-16 16:16:07] Land cover year: 2020
[2026-05-16 16:16:08] VIIRS Veg composite: 2021-07-12 → 2021-07-28
[2026-05-16 16:16:12] Started export task: fire_219_dynamic_2021-09-04
[2026-05-16 16:16:12] ------ Processing date=2021-09-05 ------
[2026-05-16 16:16:12] Using viirs_af_path: viirs_af_path
[2026-05-16 16:16:13] VIIRS Image Date: ['2021-09-05 00:00:00']
[2026-05-16 16:16:13] Weather image size: 1
[2026-05-16 16:16:13] Forecast duration: 2021-09-06 00:00:00 to 2021-09-07 00:00:00
[2026-05-16 16:16:14] Number of forecast images: 24
[2026-05-16 16:16:14] Using forecast run: 2021-09-05 18:00:00 UTC
[2026-05-16 16:16:14] Forecast Rain Available hours: [6, 7, 8, 9, 10, 11, 12, 13, 14, 15, 16, 17, 18, 19, 20, 21, 22, 23, 24, 25, 26, 27, 28, 29]
[2026-05-16 16:16:14] Valid hours for sum: [12, 18, 24, 29]
[2026-05-16 16:16:17] Drought composite end date: 2021-09-02 06:00:00
[2026-05-16 16:16:18] Land cover year: 2020
[2026-05-16 16:16:18] VIIRS Veg composite: 2021-07-12 → 2021-07-28
[2026-05-16 16:16:22] Started export task: fire_219_dynamic_2021-09-05
[2026-05-16 16:16:23] ------ Processing date=2021-09-06 ------
[2026-05-16 16:16:23] Using viirs_af_path: viirs_af_path
[2026-05-16 16:16:23] VIIRS Image Date: ['2021-09-06 00:00:00']
[2026-05-16 16:16:23] Weather image size: 1
[2026-05-16 16:16:23] Forecast duration: 2021-09-07 00:00:00 to 2021-09-08 00:00:00
[2026-05-16 16:16:24] Number of forecast images: 24
[2026-05-16 16:16:24] Using forecast run: 2021-09-06 18:00:00 UTC
[2026-05-16 16:16:24] Forecast Rain Available hours: [6, 7, 8, 9, 10, 11, 12, 13, 14, 15, 16, 17, 18, 19, 20, 21, 22, 23, 24, 25, 26, 27, 28, 29]
[2026-05-16 16:16:24] Valid hours for sum: [12, 18, 24, 29]
[2026-05-16 16:16:26] Drought composite end date: 2021-09-02 06:00:00
[2026-05-16 16:16:26] Land cover year: 2020
[2026-05-16 16:16:27] VIIRS Veg composite: 2021-07-12 → 2021-07-28
[2026-05-16 16:16:31] Started export task: fire_219_dynamic_2021-09-06
[2026-05-16 16:16:31] ------ Processing date=2021-09-07 ------
[2026-05-16 16:16:31] Using viirs_af_path: viirs_af_path
[2026-05-16 16:16:32] VIIRS Image Date: ['2021-09-07 00:00:00']
[2026-05-16 16:16:32] Weather image size: 1
[2026-05-16 16:16:32] Forecast duration: 2021-09-08 00:00:00 to 2021-09-09 00:00:00
[2026-05-16 16:16:32] Number of forecast images: 24
[2026-05-16 16:16:32] Using forecast run: 2021-09-07 18:00:00 UTC
[2026-05-16 16:16:33] Forecast Rain Available hours: [6, 7, 8, 9, 10, 11, 12, 13, 14, 15, 16, 17, 18, 19, 20, 21, 22, 23, 24, 25, 26, 27, 28, 29]
[2026-05-16 16:16:33] Valid hours for sum: [12, 18, 24, 29]
[2026-05-16 16:16:35] Drought composite end date: 2021-09-02 06:00:00
[2026-05-16 16:16:35] Land cover year: 2020
[2026-05-16 16:16:36] VIIRS Veg composite: 2021-07-12 → 2021-07-28
[2026-05-16 16:16:39] Started export task: fire_219_dynamic_2021-09-07
[2026-05-16 16:16:39] ------ Processing date=2021-09-08 ------
[2026-05-16 16:16:39] Using viirs_af_path: viirs_af_path
[2026-05-16 16:16:39] VIIRS Image Date: ['2021-09-08 00:00:00']
[2026-05-16 16:16:39] Weather image size: 1
[2026-05-16 16:16:39] Forecast duration: 2021-09-09 00:00:00 to 2021-09-10 00:00:00
[2026-05-16 16:16:40] Number of forecast images: 24
[2026-05-16 16:16:40] Using forecast run: 2021-09-08 18:00:00 UTC
[2026-05-16 16:16:40] Forecast Rain Available hours: [6, 7, 8, 9, 10, 11, 12, 13, 14, 15, 16, 17, 18, 19, 20, 21, 22, 23, 24, 25, 26, 27, 28, 29]
[2026-05-16 16:16:40] Valid hours for sum: [12, 18, 24, 29]
[2026-05-16 16:16:43] Drought composite end date: 2021-09-07 06:00:00
[2026-05-16 16:16:43] Land cover year: 2020
[2026-05-16 16:16:44] VIIRS Veg composite: 2021-07-12 → 2021-07-28
[2026-05-16 16:16:48] Started export task: fire_219_dynamic_2021-09-08
[2026-05-16 16:16:49] ------ Processing date=2021-09-09 ------
[2026-05-16 16:16:49] Using viirs_af_path: viirs_af_path
[2026-05-16 16:16:49] VIIRS Image Date: ['2021-09-09 00:00:00']
[2026-05-16 16:16:49] Weather image size: 1
[2026-05-16 16:16:49] Forecast duration: 2021-09-10 00:00:00 to 2021-09-11 00:00:00
[2026-05-16 16:16:50] Number of forecast images: 24
[2026-05-16 16:16:50] Using forecast run: 2021-09-09 18:00:00 UTC
[2026-05-16 16:16:50] Forecast Rain Available hours: [6, 7, 8, 9, 10, 11, 12, 13, 14, 15, 16, 17, 18, 19, 20, 21, 22, 23, 24, 25, 26, 27, 28, 29]
[2026-05-16 16:16:50] Valid hours for sum: [12, 18, 24, 29]
[2026-05-16 16:16:52] Drought composite end date: 2021-09-07 06:00:00
[2026-05-16 16:16:52] Land cover year: 2020
[2026-05-16 16:16:53] VIIRS Veg composite: 2021-07-12 → 2021-07-28
[2026-05-16 16:16:58] Started export task: fire_219_dynamic_2021-09-09
[2026-05-16 16:16:58] ------ Processing date=2021-09-10 ------
[2026-05-16 16:16:58] Using viirs_af_path: viirs_af_path
[2026-05-16 16:16:59] VIIRS Image Date: ['2021-09-10 00:00:00']
[2026-05-16 16:16:59] Weather image size: 1
[2026-05-16 16:16:59] Forecast duration: 2021-09-11 00:00:00 to 2021-09-12 00:00:00
[2026-05-16 16:17:00] Number of forecast images: 24
[2026-05-16 16:17:00] Using forecast run: 2021-09-10 18:00:00 UTC
[2026-05-16 16:17:00] Forecast Rain Available hours: [6, 7, 8, 9, 10, 11, 12, 13, 14, 15, 16, 17, 18, 19, 20, 21, 22, 23, 24, 25, 26, 27, 28, 29]
[2026-05-16 16:17:00] Valid hours for sum: [12, 18, 24, 29]
[2026-05-16 16:17:02] Drought composite end date: 2021-09-07 06:00:00
[2026-05-16 16:17:02] Land cover year: 2020
[2026-05-16 16:17:03] VIIRS Veg composite: 2021-07-12 → 2021-07-28
[2026-05-16 16:17:07] Started export task: fire_219_dynamic_2021-09-10
[2026-05-16 16:17:07] ------ Processing date=2021-09-11 ------
[2026-05-16 16:17:07] Using viirs_af_path: viirs_af_path
[2026-05-16 16:17:08] VIIRS Image Date: ['2021-09-11 00:00:00']
[2026-05-16 16:17:09] Weather image size: 1
[2026-05-16 16:17:09] Forecast duration: 2021-09-12 00:00:00 to 2021-09-13 00:00:00
[2026-05-16 16:17:10] Number of forecast images: 24
[2026-05-16 16:17:10] Using forecast run: 2021-09-11 18:00:00 UTC
[2026-05-16 16:17:11] Forecast Rain Available hours: [6, 7, 8, 9, 10, 11, 12, 13, 14, 15, 16, 17, 18, 19, 20, 21, 22, 23, 24, 25, 26, 27, 28, 29]
[2026-05-16 16:17:11] Valid hours for sum: [12, 18, 24, 29]
[2026-05-16 16:17:12] Drought composite end date: 2021-09-07 06:00:00
[2026-05-16 16:17:12] Land cover year: 2020
[2026-05-16 16:17:14] VIIRS Veg composite: 2021-07-12 → 2021-07-28
[2026-05-16 16:17:19] Started export task: fire_219_dynamic_2021-09-11
[2026-05-16 16:17:19] ------ Processing date=2021-09-12 ------
[2026-05-16 16:17:19] Using viirs_af_path: viirs_af_path
[2026-05-16 16:17:19] VIIRS Image Date: ['2021-09-12 00:00:00']
[2026-05-16 16:17:20] Weather image size: 1
[2026-05-16 16:17:20] Forecast duration: 2021-09-13 00:00:00 to 2021-09-14 00:00:00
[2026-05-16 16:17:21] Number of forecast images: 24
[2026-05-16 16:17:21] Using forecast run: 2021-09-12 18:00:00 UTC
[2026-05-16 16:17:21] Forecast Rain Available hours: [6, 7, 8, 9, 10, 11, 12, 13, 14, 15, 16, 17, 18, 19, 20, 21, 22, 23, 24, 25, 26, 27, 28, 29]
[2026-05-16 16:17:21] Valid hours for sum: [12, 18, 24, 29]
[2026-05-16 16:17:27] Drought composite end date: 2021-09-07 06:00:00
[2026-05-16 16:17:27] Land cover year: 2020
[2026-05-16 16:17:28] VIIRS Veg composite: 2021-07-12 → 2021-07-28
[2026-05-16 16:17:32] Started export task: fire_219_dynamic_2021-09-12
[2026-05-16 16:17:33] ------ Processing date=2021-09-13 ------
[2026-05-16 16:17:33] Using viirs_af_path: viirs_af_path
[2026-05-16 16:17:34] VIIRS Image Date: ['2021-09-13 00:00:00']
[2026-05-16 16:17:35] Weather image size: 1
[2026-05-16 16:17:35] Forecast duration: 2021-09-14 00:00:00 to 2021-09-15 00:00:00
[2026-05-16 16:17:36] Number of forecast images: 24
[2026-05-16 16:17:36] Using forecast run: 2021-09-13 18:00:00 UTC
[2026-05-16 16:17:36] Forecast Rain Available hours: [6, 7, 8, 9, 10, 11, 12, 13, 14, 15, 16, 17, 18, 19, 20, 21, 22, 23, 24, 25, 26, 27, 28, 29]
[2026-05-16 16:17:36] Valid hours for sum: [12, 18, 24, 29]
[2026-05-16 16:17:38] Drought composite end date: 2021-09-12 06:00:00
[2026-05-16 16:17:39] Land cover year: 2020
[2026-05-16 16:17:40] VIIRS Veg composite: 2021-07-12 → 2021-07-28
[2026-05-16 16:17:45] Started export task: fire_219_dynamic_2021-09-13
[2026-05-16 16:17:45] ------ Processing date=2021-09-14 ------
[2026-05-16 16:17:45] Using viirs_af_path: viirs_af_path
[2026-05-16 16:17:46] VIIRS Image Date: ['2021-09-14 00:00:00']
[2026-05-16 16:17:46] Weather image size: 1
[2026-05-16 16:17:46] Forecast duration: 2021-09-15 00:00:00 to 2021-09-16 00:00:00
[2026-05-16 16:17:47] Number of forecast images: 24
[2026-05-16 16:17:47] Using forecast run: 2021-09-14 18:00:00 UTC
[2026-05-16 16:17:48] Forecast Rain Available hours: [6, 7, 8, 9, 10, 11, 12, 13, 14, 15, 16, 17, 18, 19, 20, 21, 22, 23, 24, 25, 26, 27, 28, 29]
[2026-05-16 16:17:48] Valid hours for sum: [12, 18, 24, 29]
[2026-05-16 16:17:50] Drought composite end date: 2021-09-12 06:00:00
[2026-05-16 16:17:51] Land cover year: 2020
[2026-05-16 16:17:51] VIIRS Veg composite: 2021-07-12 → 2021-07-28
[2026-05-16 16:17:55] Started export task: fire_219_dynamic_2021-09-14
[2026-05-16 16:17:56] ------ Processing date=2021-09-15 ------
[2026-05-16 16:17:56] Using viirs_af_path: viirs_af_path
[2026-05-16 16:17:56] VIIRS Image Date: ['2021-09-15 00:00:00']
[2026-05-16 16:17:56] Weather image size: 1
[2026-05-16 16:17:56] Forecast duration: 2021-09-16 00:00:00 to 2021-09-17 00:00:00
[2026-05-16 16:17:57] Number of forecast images: 24
[2026-05-16 16:17:57] Using forecast run: 2021-09-15 18:00:00 UTC
[2026-05-16 16:17:58] Forecast Rain Available hours: [6, 7, 8, 9, 10, 11, 12, 13, 14, 15, 16, 17, 18, 19, 20, 21, 22, 23, 24, 25, 26, 27, 28, 29]
[2026-05-16 16:17:58] Valid hours for sum: [12, 18, 24, 29]
[2026-05-16 16:18:01] Drought composite end date: 2021-09-12 06:00:00
[2026-05-16 16:18:01] Land cover year: 2020
[2026-05-16 16:18:02] VIIRS Veg composite: 2021-07-12 → 2021-07-28
[2026-05-16 16:18:06] Started export task: fire_219_dynamic_2021-09-15
[2026-05-16 16:18:06] ------ Processing date=2021-09-16 ------
[2026-05-16 16:18:06] Using viirs_af_path: viirs_af_path
[2026-05-16 16:18:06] VIIRS Image Date: ['2021-09-16 00:00:00']
[2026-05-16 16:18:07] Weather image size: 1
[2026-05-16 16:18:07] Forecast duration: 2021-09-17 00:00:00 to 2021-09-18 00:00:00
[2026-05-16 16:18:08] Number of forecast images: 24
[2026-05-16 16:18:08] Using forecast run: 2021-09-16 18:00:00 UTC
[2026-05-16 16:18:09] Forecast Rain Available hours: [6, 7, 8, 9, 10, 11, 12, 13, 14, 15, 16, 17, 18, 19, 20, 21, 22, 23, 24, 25, 26, 27, 28, 29]
[2026-05-16 16:18:09] Valid hours for sum: [12, 18, 24, 29]
[2026-05-16 16:18:11] Drought composite end date: 2021-09-12 06:00:00
[2026-05-16 16:18:11] Land cover year: 2020
[2026-05-16 16:18:12] VIIRS Veg composite: 2021-07-12 → 2021-07-28
[2026-05-16 16:18:15] Started export task: fire_219_dynamic_2021-09-16
[2026-05-16 16:18:15] ------ Processing date=2021-09-17 ------
[2026-05-16 16:18:15] Using viirs_af_path: viirs_af_path
[2026-05-16 16:18:16] VIIRS Image Date: ['2021-09-17 00:00:00']
[2026-05-16 16:18:16] Weather image size: 1
[2026-05-16 16:18:16] Forecast duration: 2021-09-18 00:00:00 to 2021-09-19 00:00:00
[2026-05-16 16:18:17] Number of forecast images: 24
[2026-05-16 16:18:17] Using forecast run: 2021-09-17 18:00:00 UTC
[2026-05-16 16:18:18] Forecast Rain Available hours: [6, 7, 8, 9, 10, 11, 12, 13, 14, 15, 16, 17, 18, 19, 20, 21, 22, 23, 24, 25, 26, 27, 28, 29]
[2026-05-16 16:18:18] Valid hours for sum: [12, 18, 24, 29]
[2026-05-16 16:18:20] Drought composite end date: 2021-09-12 06:00:00
[2026-05-16 16:18:20] Land cover year: 2020
[2026-05-16 16:18:22] VIIRS Veg composite: 2021-07-12 → 2021-07-28
[2026-05-16 16:18:27] Started export task: fire_219_dynamic_2021-09-17
[2026-05-16 16:18:27] ------ Processing date=2021-09-18 ------
[2026-05-16 16:18:27] Using viirs_af_path: viirs_af_path
[2026-05-16 16:18:27] VIIRS Image Date: ['2021-09-18 00:00:00']
[2026-05-16 16:18:28] Weather image size: 1
[2026-05-16 16:18:28] Forecast duration: 2021-09-19 00:00:00 to 2021-09-20 00:00:00
[2026-05-16 16:18:28] Number of forecast images: 24
[2026-05-16 16:18:28] Using forecast run: 2021-09-18 18:00:00 UTC
[2026-05-16 16:18:29] Forecast Rain Available hours: [6, 7, 8, 9, 10, 11, 12, 13, 14, 15, 16, 17, 18, 19, 20, 21, 22, 23, 24, 25, 26, 27, 28, 29]
[2026-05-16 16:18:29] Valid hours for sum: [12, 18, 24, 29]
[2026-05-16 16:18:30] Drought composite end date: 2021-09-17 06:00:00
[2026-05-16 16:18:31] Land cover year: 2020
[2026-05-16 16:18:32] VIIRS Veg composite: 2021-07-12 → 2021-07-28
[2026-05-16 16:18:36] Started export task: fire_219_dynamic_2021-09-18
[2026-05-16 16:18:37] ------ Processing date=2021-09-19 ------
[2026-05-16 16:18:37] Using viirs_af_path: viirs_af_path
[2026-05-16 16:18:37] VIIRS Image Date: ['2021-09-19 00:00:00']
[2026-05-16 16:18:37] Weather image size: 1
[2026-05-16 16:18:37] Forecast duration: 2021-09-20 00:00:00 to 2021-09-21 00:00:00
[2026-05-16 16:18:38] Number of forecast images: 24
[2026-05-16 16:18:38] Using forecast run: 2021-09-19 18:00:00 UTC
[2026-05-16 16:18:38] Forecast Rain Available hours: [6, 7, 8, 9, 10, 11, 12, 13, 14, 15, 16, 17, 18, 19, 20, 21, 22, 23, 24, 25, 26, 27, 28, 29]
[2026-05-16 16:18:38] Valid hours for sum: [12, 18, 24, 29]
[2026-05-16 16:18:40] Drought composite end date: 2021-09-17 06:00:00
[2026-05-16 16:18:41] Land cover year: 2020
[2026-05-16 16:18:42] VIIRS Veg composite: 2021-07-12 → 2021-07-28
[2026-05-16 16:18:45] Started export task: fire_219_dynamic_2021-09-19
[2026-05-16 16:18:45] END: ----------Event fire_219----------- (Duration: 10.43m)
[2026-05-16 16:18:45] START: ----------Event fire_221-----------
[2026-05-16 16:18:45] ------ Processing date=2021-07-26 ------
[2026-05-16 16:18:45] Using viirs_af_path: viirs_af_path
[2026-05-16 16:18:46] VIIRS Image Date: ['2021-07-26 00:00:00']
[2026-05-16 16:18:46] Weather image size: 1
[2026-05-16 16:18:46] Forecast duration: 2021-07-27 00:00:00 to 2021-07-28 00:00:00
[2026-05-16 16:18:47] Number of forecast images: 24
[2026-05-16 16:18:47] Using forecast run: 2021-07-26 18:00:00 UTC
[2026-05-16 16:18:47] Forecast Rain Available hours: [6, 7, 8, 9, 10, 11, 12, 13, 14, 15, 16, 17, 18, 19, 20, 21, 22, 23, 24, 25, 26, 27, 28, 29]
[2026-05-16 16:18:47] Valid hours for sum: [12, 18, 24, 29]
[2026-05-16 16:18:49] Drought composite end date: 2021-07-24 06:00:00
[2026-05-16 16:18:50] Land cover year: 2020
[2026-05-16 16:18:50] VIIRS Veg composite: 2021-07-12 → 2021-07-28
[2026-05-16 16:18:54] Started export task: fire_221_static
[2026-05-16 16:18:54] Started export task: fire_221_dynamic_2021-07-26
[2026-05-16 16:18:55] ------ Processing date=2021-07-27 ------
[2026-05-16 16:18:55] Using viirs_af_path: viirs_af_path
[2026-05-16 16:18:55] VIIRS Image Date: ['2021-07-27 00:00:00']
[2026-05-16 16:18:55] Weather image size: 1
[2026-05-16 16:18:55] Forecast duration: 2021-07-28 00:00:00 to 2021-07-29 00:00:00
[2026-05-16 16:18:56] Number of forecast images: 24
[2026-05-16 16:18:56] Using forecast run: 2021-07-27 18:00:00 UTC
[2026-05-16 16:18:56] Forecast Rain Available hours: [6, 7, 8, 9, 10, 11, 12, 13, 14, 15, 16, 17, 18, 19, 20, 21, 22, 23, 24, 25, 26, 27, 28, 29]
[2026-05-16 16:18:56] Valid hours for sum: [12, 18, 24, 29]
[2026-05-16 16:18:58] Drought composite end date: 2021-07-24 06:00:00
[2026-05-16 16:18:59] Land cover year: 2020
[2026-05-16 16:18:59] VIIRS Veg composite: 2021-07-12 → 2021-07-28
[2026-05-16 16:19:04] Started export task: fire_221_dynamic_2021-07-27
[2026-05-16 16:19:04] ------ Processing date=2021-07-28 ------
[2026-05-16 16:19:04] Using viirs_af_path: viirs_af_path
[2026-05-16 16:19:05] VIIRS Image Date: ['2021-07-28 00:00:00']
[2026-05-16 16:19:05] Weather image size: 1
[2026-05-16 16:19:05] Forecast duration: 2021-07-29 00:00:00 to 2021-07-30 00:00:00
[2026-05-16 16:19:06] Number of forecast images: 24
[2026-05-16 16:19:06] Using forecast run: 2021-07-28 18:00:00 UTC
[2026-05-16 16:19:07] Forecast Rain Available hours: [6, 7, 8, 9, 10, 11, 12, 13, 14, 15, 16, 17, 18, 19, 20, 21, 22, 23, 24, 25, 26, 27, 28, 29]
[2026-05-16 16:19:07] Valid hours for sum: [12, 18, 24, 29]
[2026-05-16 16:19:09] Drought composite end date: 2021-07-24 06:00:00
[2026-05-16 16:19:10] Land cover year: 2020
[2026-05-16 16:19:10] VIIRS Veg composite: 2021-07-12 → 2021-07-28
[2026-05-16 16:19:15] Started export task: fire_221_dynamic_2021-07-28
[2026-05-16 16:19:16] ------ Processing date=2021-07-29 ------
[2026-05-16 16:19:16] Using viirs_af_path: viirs_af_path
[2026-05-16 16:19:16] VIIRS Image Date: ['2021-07-29 00:00:00']
[2026-05-16 16:19:16] Weather image size: 1
[2026-05-16 16:19:16] Forecast duration: 2021-07-30 00:00:00 to 2021-07-31 00:00:00
[2026-05-16 16:19:17] Number of forecast images: 24
[2026-05-16 16:19:17] Using forecast run: 2021-07-29 18:00:00 UTC
[2026-05-16 16:19:17] Forecast Rain Available hours: [6, 7, 8, 9, 10, 11, 12, 13, 14, 15, 16, 17, 18, 19, 20, 21, 22, 23, 24, 25, 26, 27, 28, 29]
[2026-05-16 16:19:17] Valid hours for sum: [12, 18, 24, 29]
[2026-05-16 16:19:20] Drought composite end date: 2021-07-24 06:00:00
[2026-05-16 16:19:21] Land cover year: 2020
[2026-05-16 16:19:22] VIIRS Veg composite: 2021-07-12 → 2021-07-28
[2026-05-16 16:19:27] Started export task: fire_221_dynamic_2021-07-29
[2026-05-16 16:19:28] ------ Processing date=2021-07-30 ------
[2026-05-16 16:19:28] Using viirs_af_path: viirs_af_path
[2026-05-16 16:19:28] VIIRS Image Date: ['2021-07-30 00:00:00']
[2026-05-16 16:19:29] Weather image size: 1
[2026-05-16 16:19:29] Forecast duration: 2021-07-31 00:00:00 to 2021-08-01 00:00:00
[2026-05-16 16:19:30] Number of forecast images: 24
[2026-05-16 16:19:30] Using forecast run: 2021-07-30 18:00:00 UTC
[2026-05-16 16:19:30] Forecast Rain Available hours: [6, 7, 8, 9, 10, 11, 12, 13, 14, 15, 16, 17, 18, 19, 20, 21, 22, 23, 24, 25, 26, 27, 28, 29]
[2026-05-16 16:19:30] Valid hours for sum: [12, 18, 24, 29]
[2026-05-16 16:19:32] Drought composite end date: 2021-07-29 06:00:00
[2026-05-16 16:19:32] Land cover year: 2020
[2026-05-16 16:19:34] VIIRS Veg composite: 2021-07-12 → 2021-07-28
[2026-05-16 16:19:37] Started export task: fire_221_dynamic_2021-07-30
[2026-05-16 16:19:38] ------ Processing date=2021-07-31 ------
[2026-05-16 16:19:38] Using viirs_af_path: viirs_af_path
[2026-05-16 16:19:38] VIIRS Image Date: ['2021-07-31 00:00:00']
[2026-05-16 16:19:39] Weather image size: 1
[2026-05-16 16:19:39] Forecast duration: 2021-08-01 00:00:00 to 2021-08-02 00:00:00
[2026-05-16 16:19:40] Number of forecast images: 24
[2026-05-16 16:19:40] Using forecast run: 2021-07-31 18:00:00 UTC
[2026-05-16 16:19:40] Forecast Rain Available hours: [6, 7, 8, 9, 10, 11, 12, 13, 14, 15, 16, 17, 18, 19, 20, 21, 22, 23, 24, 25, 26, 27, 28, 29]
[2026-05-16 16:19:40] Valid hours for sum: [12, 18, 24, 29]
[2026-05-16 16:19:43] Drought composite end date: 2021-07-29 06:00:00
[2026-05-16 16:19:43] Land cover year: 2020
[2026-05-16 16:19:44] VIIRS Veg composite: 2021-07-12 → 2021-07-28
[2026-05-16 16:19:48] Started export task: fire_221_dynamic_2021-07-31
[2026-05-16 16:19:49] ------ Processing date=2021-08-01 ------
[2026-05-16 16:19:49] Using viirs_af_path: viirs_af_path
[2026-05-16 16:19:49] VIIRS Image Date: ['2021-08-01 00:00:00']
[2026-05-16 16:19:50] Weather image size: 1
[2026-05-16 16:19:50] Forecast duration: 2021-08-02 00:00:00 to 2021-08-03 00:00:00
[2026-05-16 16:19:51] Number of forecast images: 24
[2026-05-16 16:19:51] Using forecast run: 2021-08-01 18:00:00 UTC
[2026-05-16 16:19:52] Forecast Rain Available hours: [6, 7, 8, 9, 10, 11, 12, 13, 14, 15, 16, 17, 18, 19, 20, 21, 22, 23, 24, 25, 26, 27, 28, 29]
[2026-05-16 16:19:52] Valid hours for sum: [12, 18, 24, 29]
[2026-05-16 16:19:54] Drought composite end date: 2021-07-29 06:00:00
[2026-05-16 16:19:54] Land cover year: 2020
[2026-05-16 16:19:55] VIIRS Veg composite: 2021-07-12 → 2021-07-28
[2026-05-16 16:19:59] Started export task: fire_221_dynamic_2021-08-01
[2026-05-16 16:19:59] ------ Processing date=2021-08-02 ------
[2026-05-16 16:19:59] Using viirs_af_path: viirs_af_path
[2026-05-16 16:20:00] VIIRS Image Date: ['2021-08-02 00:00:00']
[2026-05-16 16:20:00] Weather image size: 1
[2026-05-16 16:20:00] Forecast duration: 2021-08-03 00:00:00 to 2021-08-04 00:00:00
[2026-05-16 16:20:01] Number of forecast images: 24
[2026-05-16 16:20:01] Using forecast run: 2021-08-02 18:00:00 UTC
[2026-05-16 16:20:02] Forecast Rain Available hours: [6, 7, 8, 9, 10, 11, 12, 13, 14, 15, 16, 17, 18, 19, 20, 21, 22, 23, 24, 25, 26, 27, 28, 29]
[2026-05-16 16:20:02] Valid hours for sum: [12, 18, 24, 29]
[2026-05-16 16:20:05] Drought composite end date: 2021-07-29 06:00:00
[2026-05-16 16:20:05] Land cover year: 2020
[2026-05-16 16:20:07] VIIRS Veg composite: 2021-07-12 → 2021-07-28
[2026-05-16 16:20:12] Started export task: fire_221_dynamic_2021-08-02
[2026-05-16 16:20:12] ------ Processing date=2021-08-03 ------
[2026-05-16 16:20:12] Using viirs_af_path: viirs_af_path
[2026-05-16 16:20:13] VIIRS Image Date: ['2021-08-03 00:00:00']
[2026-05-16 16:20:13] Weather image size: 1
[2026-05-16 16:20:13] Forecast duration: 2021-08-04 00:00:00 to 2021-08-05 00:00:00
[2026-05-16 16:20:14] Number of forecast images: 24
[2026-05-16 16:20:14] Using forecast run: 2021-08-03 18:00:00 UTC
[2026-05-16 16:20:15] Forecast Rain Available hours: [6, 7, 8, 9, 10, 11, 12, 13, 14, 15, 16, 17, 18, 19, 20, 21, 22, 23, 24, 25, 26, 27, 28, 29]
[2026-05-16 16:20:15] Valid hours for sum: [12, 18, 24, 29]
[2026-05-16 16:20:16] Drought composite end date: 2021-07-29 06:00:00
[2026-05-16 16:20:16] Land cover year: 2020
[2026-05-16 16:20:18] VIIRS Veg composite: 2021-07-12 → 2021-07-28
[2026-05-16 16:20:23] Started export task: fire_221_dynamic_2021-08-03
[2026-05-16 16:20:23] ------ Processing date=2021-08-04 ------
[2026-05-16 16:20:23] Using viirs_af_path: viirs_af_path
[2026-05-16 16:20:23] VIIRS Image Date: ['2021-08-04 00:00:00']
[2026-05-16 16:20:24] Weather image size: 1
[2026-05-16 16:20:24] Forecast duration: 2021-08-05 00:00:00 to 2021-08-06 00:00:00
[2026-05-16 16:20:24] Number of forecast images: 24
[2026-05-16 16:20:24] Using forecast run: 2021-08-04 18:00:00 UTC
[2026-05-16 16:20:25] Forecast Rain Available hours: [6, 7, 8, 9, 10, 11, 12, 13, 14, 15, 16, 17, 18, 19, 20, 21, 22, 23, 24, 25, 26, 27, 28, 29]
[2026-05-16 16:20:25] Valid hours for sum: [12, 18, 24, 29]
[2026-05-16 16:20:27] Drought composite end date: 2021-08-03 06:00:00
[2026-05-16 16:20:28] Land cover year: 2020
[2026-05-16 16:20:28] VIIRS Veg composite: 2021-07-12 → 2021-07-28
[2026-05-16 16:20:32] Started export task: fire_221_dynamic_2021-08-04
[2026-05-16 16:20:32] ------ Processing date=2021-08-05 ------
[2026-05-16 16:20:32] Using viirs_af_path: viirs_af_path
[2026-05-16 16:20:33] VIIRS Image Date: ['2021-08-05 00:00:00']
[2026-05-16 16:20:33] Weather image size: 1
[2026-05-16 16:20:33] Forecast duration: 2021-08-06 00:00:00 to 2021-08-07 00:00:00
[2026-05-16 16:20:34] Number of forecast images: 24
[2026-05-16 16:20:34] Using forecast run: 2021-08-05 18:00:00 UTC
[2026-05-16 16:20:35] Forecast Rain Available hours: [6, 7, 8, 9, 10, 11, 12, 13, 14, 15, 16, 17, 18, 19, 20, 21, 22, 23, 24, 25, 26, 27, 28, 29]
[2026-05-16 16:20:35] Valid hours for sum: [12, 18, 24, 29]
[2026-05-16 16:20:37] Drought composite end date: 2021-08-03 06:00:00
[2026-05-16 16:20:38] Land cover year: 2020
[2026-05-16 16:20:38] VIIRS Veg composite: 2021-07-12 → 2021-07-28
[2026-05-16 16:20:42] Started export task: fire_221_dynamic_2021-08-05
[2026-05-16 16:20:43] ------ Processing date=2021-08-06 ------
[2026-05-16 16:20:43] Using viirs_af_path: viirs_af_path
[2026-05-16 16:20:44] VIIRS Image Date: ['2021-08-06 00:00:00']
[2026-05-16 16:20:44] Weather image size: 1
[2026-05-16 16:20:44] Forecast duration: 2021-08-07 00:00:00 to 2021-08-08 00:00:00
[2026-05-16 16:20:47] Number of forecast images: 24
[2026-05-16 16:20:47] Using forecast run: 2021-08-06 18:00:00 UTC
[2026-05-16 16:20:47] Forecast Rain Available hours: [6, 7, 8, 9, 10, 11, 12, 13, 14, 15, 16, 17, 18, 19, 20, 21, 22, 23, 24, 25, 26, 27, 28, 29]
[2026-05-16 16:20:47] Valid hours for sum: [12, 18, 24, 29]
[2026-05-16 16:20:50] Drought composite end date: 2021-08-03 06:00:00
[2026-05-16 16:20:50] Land cover year: 2020
[2026-05-16 16:20:51] VIIRS Veg composite: 2021-07-12 → 2021-07-28
[2026-05-16 16:20:56] Started export task: fire_221_dynamic_2021-08-06
[2026-05-16 16:20:56] ------ Processing date=2021-08-07 ------
[2026-05-16 16:20:56] Using viirs_af_path: viirs_af_path
[2026-05-16 16:20:56] VIIRS Image Date: ['2021-08-07 00:00:00']
[2026-05-16 16:20:57] Weather image size: 1
[2026-05-16 16:20:57] Forecast duration: 2021-08-08 00:00:00 to 2021-08-09 00:00:00
[2026-05-16 16:20:58] Number of forecast images: 24
[2026-05-16 16:20:58] Using forecast run: 2021-08-07 18:00:00 UTC
[2026-05-16 16:20:58] Forecast Rain Available hours: [6, 7, 8, 9, 10, 11, 12, 13, 14, 15, 16, 17, 18, 19, 20, 21, 22, 23, 24, 25, 26, 27, 28, 29]
[2026-05-16 16:20:58] Valid hours for sum: [12, 18, 24, 29]
[2026-05-16 16:21:00] Drought composite end date: 2021-08-03 06:00:00
[2026-05-16 16:21:00] Land cover year: 2020
[2026-05-16 16:21:01] VIIRS Veg composite: 2021-07-12 → 2021-07-28
[2026-05-16 16:21:06] Started export task: fire_221_dynamic_2021-08-07
[2026-05-16 16:21:06] ------ Processing date=2021-08-08 ------
[2026-05-16 16:21:06] Using viirs_af_path: viirs_af_path
[2026-05-16 16:21:06] VIIRS Image Date: ['2021-08-08 00:00:00']
[2026-05-16 16:21:07] Weather image size: 1
[2026-05-16 16:21:07] Forecast duration: 2021-08-09 00:00:00 to 2021-08-10 00:00:00
[2026-05-16 16:21:08] Number of forecast images: 24
[2026-05-16 16:21:08] Using forecast run: 2021-08-08 18:00:00 UTC
[2026-05-16 16:21:09] Forecast Rain Available hours: [6, 7, 8, 9, 10, 11, 12, 13, 14, 15, 16, 17, 18, 19, 20, 21, 22, 23, 24, 25, 26, 27, 28, 29]
[2026-05-16 16:21:09] Valid hours for sum: [12, 18, 24, 29]
[2026-05-16 16:21:11] Drought composite end date: 2021-08-03 06:00:00
[2026-05-16 16:21:11] Land cover year: 2020
[2026-05-16 16:21:12] VIIRS Veg composite: 2021-07-12 → 2021-07-28
[2026-05-16 16:21:16] Started export task: fire_221_dynamic_2021-08-08
[2026-05-16 16:21:16] ------ Processing date=2021-08-09 ------
[2026-05-16 16:21:16] Using viirs_af_path: viirs_af_path
[2026-05-16 16:21:17] VIIRS Image Date: ['2021-08-09 00:00:00']
[2026-05-16 16:21:17] Weather image size: 1
[2026-05-16 16:21:17] Forecast duration: 2021-08-10 00:00:00 to 2021-08-11 00:00:00
[2026-05-16 16:21:18] Number of forecast images: 24
[2026-05-16 16:21:18] Using forecast run: 2021-08-09 18:00:00 UTC
[2026-05-16 16:21:19] Forecast Rain Available hours: [6, 7, 8, 9, 10, 11, 12, 13, 14, 15, 16, 17, 18, 19, 20, 21, 22, 23, 24, 25, 26, 27, 28, 29]
[2026-05-16 16:21:19] Valid hours for sum: [12, 18, 24, 29]
[2026-05-16 16:21:21] Drought composite end date: 2021-08-08 06:00:00
[2026-05-16 16:21:21] Land cover year: 2020
[2026-05-16 16:21:22] VIIRS Veg composite: 2021-07-12 → 2021-07-28
[2026-05-16 16:21:25] Started export task: fire_221_dynamic_2021-08-09
[2026-05-16 16:21:26] ------ Processing date=2021-08-10 ------
[2026-05-16 16:21:26] Using viirs_af_path: viirs_af_path
[2026-05-16 16:21:26] VIIRS Image Date: ['2021-08-10 00:00:00']
[2026-05-16 16:21:26] Weather image size: 1
[2026-05-16 16:21:26] Forecast duration: 2021-08-11 00:00:00 to 2021-08-12 00:00:00
[2026-05-16 16:21:27] Number of forecast images: 24
[2026-05-16 16:21:27] Using forecast run: 2021-08-10 18:00:00 UTC
[2026-05-16 16:21:28] Forecast Rain Available hours: [6, 7, 8, 9, 10, 11, 12, 13, 14, 15, 16, 17, 18, 19, 20, 21, 22, 23, 24, 25, 26, 27, 28, 29]
[2026-05-16 16:21:28] Valid hours for sum: [12, 18, 24, 29]
[2026-05-16 16:21:31] Drought composite end date: 2021-08-08 06:00:00
[2026-05-16 16:21:31] Land cover year: 2020
[2026-05-16 16:21:32] VIIRS Veg composite: 2021-07-12 → 2021-07-28
[2026-05-16 16:21:36] Started export task: fire_221_dynamic_2021-08-10
[2026-05-16 16:21:36] ------ Processing date=2021-08-11 ------
[2026-05-16 16:21:36] Using viirs_af_path: viirs_af_path
[2026-05-16 16:21:37] VIIRS Image Date: ['2021-08-11 00:00:00']
[2026-05-16 16:21:37] Weather image size: 1
[2026-05-16 16:21:37] Forecast duration: 2021-08-12 00:00:00 to 2021-08-13 00:00:00
[2026-05-16 16:21:38] Number of forecast images: 24
[2026-05-16 16:21:38] Using forecast run: 2021-08-11 18:00:00 UTC
[2026-05-16 16:21:39] Forecast Rain Available hours: [6, 7, 8, 9, 10, 11, 12, 13, 14, 15, 16, 17, 18, 19, 20, 21, 22, 23, 24, 25, 26, 27, 28, 29]
[2026-05-16 16:21:39] Valid hours for sum: [12, 18, 24, 29]
[2026-05-16 16:21:41] Drought composite end date: 2021-08-08 06:00:00
[2026-05-16 16:21:41] Land cover year: 2020
[2026-05-16 16:21:42] VIIRS Veg composite: 2021-07-12 → 2021-07-28
[2026-05-16 16:21:46] Started export task: fire_221_dynamic_2021-08-11
[2026-05-16 16:21:47] ------ Processing date=2021-08-12 ------
[2026-05-16 16:21:47] Using viirs_af_path: viirs_af_path
[2026-05-16 16:21:47] VIIRS Image Date: ['2021-08-12 00:00:00']
[2026-05-16 16:21:47] Weather image size: 1
[2026-05-16 16:21:47] Forecast duration: 2021-08-13 00:00:00 to 2021-08-14 00:00:00
[2026-05-16 16:21:48] Number of forecast images: 24
[2026-05-16 16:21:48] Using forecast run: 2021-08-12 18:00:00 UTC
[2026-05-16 16:21:49] Forecast Rain Available hours: [6, 7, 8, 9, 10, 11, 12, 13, 14, 15, 16, 17, 18, 19, 20, 21, 22, 23, 24, 25, 26, 27, 28, 29]
[2026-05-16 16:21:49] Valid hours for sum: [12, 18, 24, 29]
[2026-05-16 16:21:50] Drought composite end date: 2021-08-08 06:00:00
[2026-05-16 16:21:51] Land cover year: 2020
[2026-05-16 16:21:52] VIIRS Veg composite: 2021-07-12 → 2021-07-28
[2026-05-16 16:21:56] Started export task: fire_221_dynamic_2021-08-12
[2026-05-16 16:21:56] ------ Processing date=2021-08-13 ------
[2026-05-16 16:21:56] Using viirs_af_path: viirs_af_path
[2026-05-16 16:21:56] VIIRS Image Date: ['2021-08-13 00:00:00']
[2026-05-16 16:21:56] Weather image size: 1
[2026-05-16 16:21:56] Forecast duration: 2021-08-14 00:00:00 to 2021-08-15 00:00:00
[2026-05-16 16:21:57] Number of forecast images: 24
[2026-05-16 16:21:57] Using forecast run: 2021-08-13 18:00:00 UTC
[2026-05-16 16:21:58] Forecast Rain Available hours: [6, 7, 8, 9, 10, 11, 12, 13, 14, 15, 16, 17, 18, 19, 20, 21, 22, 23, 24, 25, 26, 27, 28, 29]
[2026-05-16 16:21:58] Valid hours for sum: [12, 18, 24, 29]
[2026-05-16 16:22:00] Drought composite end date: 2021-08-08 06:00:00
[2026-05-16 16:22:00] Land cover year: 2020
[2026-05-16 16:22:01] VIIRS Veg composite: 2021-07-12 → 2021-07-28
[2026-05-16 16:22:05] Started export task: fire_221_dynamic_2021-08-13
[2026-05-16 16:22:05] ------ Processing date=2021-08-14 ------
[2026-05-16 16:22:05] Using viirs_af_path: viirs_af_path
[2026-05-16 16:22:06] VIIRS Image Date: ['2021-08-14 00:00:00']
[2026-05-16 16:22:06] Weather image size: 1
[2026-05-16 16:22:06] Forecast duration: 2021-08-15 00:00:00 to 2021-08-16 00:00:00
[2026-05-16 16:22:07] Number of forecast images: 24
[2026-05-16 16:22:07] Using forecast run: 2021-08-14 18:00:00 UTC
[2026-05-16 16:22:07] Forecast Rain Available hours: [6, 7, 8, 9, 10, 11, 12, 13, 14, 15, 16, 17, 18, 19, 20, 21, 22, 23, 24, 25, 26, 27, 28, 29]
[2026-05-16 16:22:07] Valid hours for sum: [12, 18, 24, 29]
[2026-05-16 16:22:10] Drought composite end date: 2021-08-13 06:00:00
[2026-05-16 16:22:10] Land cover year: 2020
[2026-05-16 16:22:11] VIIRS Veg composite: 2021-07-12 → 2021-07-28
[2026-05-16 16:22:14] Started export task: fire_221_dynamic_2021-08-14
[2026-05-16 16:22:15] ------ Processing date=2021-08-15 ------
[2026-05-16 16:22:15] Using viirs_af_path: viirs_af_path
[2026-05-16 16:22:15] VIIRS Image Date: ['2021-08-15 00:00:00']
[2026-05-16 16:22:15] Weather image size: 1
[2026-05-16 16:22:15] Forecast duration: 2021-08-16 00:00:00 to 2021-08-17 00:00:00
[2026-05-16 16:22:16] Number of forecast images: 24
[2026-05-16 16:22:16] Using forecast run: 2021-08-15 18:00:00 UTC
[2026-05-16 16:22:16] Forecast Rain Available hours: [6, 7, 8, 9, 10, 11, 12, 13, 14, 15, 16, 17, 18, 19, 20, 21, 22, 23, 24, 25, 26, 27, 28, 29]
[2026-05-16 16:22:16] Valid hours for sum: [12, 18, 24, 29]
[2026-05-16 16:22:18] Drought composite end date: 2021-08-13 06:00:00
[2026-05-16 16:22:19] Land cover year: 2020
[2026-05-16 16:22:20] VIIRS Veg composite: 2021-07-12 → 2021-07-28
[2026-05-16 16:22:23] Started export task: fire_221_dynamic_2021-08-15
[2026-05-16 16:22:24] ------ Processing date=2021-08-16 ------
[2026-05-16 16:22:24] Using viirs_af_path: viirs_af_path
[2026-05-16 16:22:24] VIIRS Image Date: ['2021-08-16 00:00:00']
[2026-05-16 16:22:24] Weather image size: 1
[2026-05-16 16:22:24] Forecast duration: 2021-08-17 00:00:00 to 2021-08-18 00:00:00
[2026-05-16 16:22:25] Number of forecast images: 24
[2026-05-16 16:22:25] Using forecast run: 2021-08-16 18:00:00 UTC
[2026-05-16 16:22:26] Forecast Rain Available hours: [6, 7, 8, 9, 10, 11, 12, 13, 14, 15, 16, 17, 18, 19, 20, 21, 22, 23, 24, 25, 26, 27, 28, 29]
[2026-05-16 16:22:26] Valid hours for sum: [12, 18, 24, 29]
[2026-05-16 16:22:28] Drought composite end date: 2021-08-13 06:00:00
[2026-05-16 16:22:28] Land cover year: 2020
[2026-05-16 16:22:30] VIIRS Veg composite: 2021-07-12 → 2021-07-28
[2026-05-16 16:22:33] Started export task: fire_221_dynamic_2021-08-16
[2026-05-16 16:22:33] ------ Processing date=2021-08-17 ------
[2026-05-16 16:22:33] Using viirs_af_path: viirs_af_path
[2026-05-16 16:22:33] VIIRS Image Date: ['2021-08-17 00:00:00']
[2026-05-16 16:22:34] Weather image size: 1
[2026-05-16 16:22:34] Forecast duration: 2021-08-18 00:00:00 to 2021-08-19 00:00:00
[2026-05-16 16:22:34] Number of forecast images: 24
[2026-05-16 16:22:34] Using forecast run: 2021-08-17 18:00:00 UTC
[2026-05-16 16:22:35] Forecast Rain Available hours: [6, 7, 8, 9, 10, 11, 12, 13, 14, 15, 16, 17, 18, 19, 20, 21, 22, 23, 24, 25, 26, 27, 28, 29]
[2026-05-16 16:22:35] Valid hours for sum: [12, 18, 24, 29]
[2026-05-16 16:22:36] Drought composite end date: 2021-08-13 06:00:00
[2026-05-16 16:22:36] Land cover year: 2020
[2026-05-16 16:22:38] VIIRS Veg composite: 2021-07-12 → 2021-07-28
[2026-05-16 16:22:41] Started export task: fire_221_dynamic_2021-08-17
[2026-05-16 16:22:42] ------ Processing date=2021-08-18 ------
[2026-05-16 16:22:42] Using viirs_af_path: viirs_af_path
[2026-05-16 16:22:42] VIIRS Image Date: ['2021-08-18 00:00:00']
[2026-05-16 16:22:42] Weather image size: 1
[2026-05-16 16:22:42] Forecast duration: 2021-08-19 00:00:00 to 2021-08-20 00:00:00
[2026-05-16 16:22:43] Number of forecast images: 24
[2026-05-16 16:22:43] Using forecast run: 2021-08-18 18:00:00 UTC
[2026-05-16 16:22:43] Forecast Rain Available hours: [6, 7, 8, 9, 10, 11, 12, 13, 14, 15, 16, 17, 18, 19, 20, 21, 22, 23, 24, 25, 26, 27, 28, 29]
[2026-05-16 16:22:43] Valid hours for sum: [12, 18, 24, 29]
[2026-05-16 16:22:46] Drought composite end date: 2021-08-13 06:00:00
[2026-05-16 16:22:46] Land cover year: 2020
[2026-05-16 16:22:47] VIIRS Veg composite: 2021-07-12 → 2021-07-28
[2026-05-16 16:22:51] Started export task: fire_221_dynamic_2021-08-18
[2026-05-16 16:22:52] ------ Processing date=2021-08-19 ------
[2026-05-16 16:22:52] Using viirs_af_path: viirs_af_path
[2026-05-16 16:22:52] VIIRS Image Date: ['2021-08-19 00:00:00']
[2026-05-16 16:22:53] Weather image size: 1
[2026-05-16 16:22:53] Forecast duration: 2021-08-20 00:00:00 to 2021-08-21 00:00:00
[2026-05-16 16:22:54] Number of forecast images: 24
[2026-05-16 16:22:54] Using forecast run: 2021-08-19 18:00:00 UTC
[2026-05-16 16:22:54] Forecast Rain Available hours: [6, 7, 8, 9, 10, 11, 12, 13, 14, 15, 16, 17, 18, 19, 20, 21, 22, 23, 24, 25, 26, 27, 28, 29]
[2026-05-16 16:22:54] Valid hours for sum: [12, 18, 24, 29]
[2026-05-16 16:22:57] Drought composite end date: 2021-08-18 06:00:00
[2026-05-16 16:22:57] Land cover year: 2020
[2026-05-16 16:22:59] VIIRS Veg composite: 2021-07-12 → 2021-07-28
[2026-05-16 16:23:03] Started export task: fire_221_dynamic_2021-08-19
[2026-05-16 16:23:03] ------ Processing date=2021-08-20 ------
[2026-05-16 16:23:03] Using viirs_af_path: viirs_af_path
[2026-05-16 16:23:04] VIIRS Image Date: ['2021-08-20 00:00:00']
[2026-05-16 16:23:04] Weather image size: 1
[2026-05-16 16:23:04] Forecast duration: 2021-08-21 00:00:00 to 2021-08-22 00:00:00
[2026-05-16 16:23:05] Number of forecast images: 24
[2026-05-16 16:23:05] Using forecast run: 2021-08-20 18:00:00 UTC
[2026-05-16 16:23:06] Forecast Rain Available hours: [6, 7, 8, 9, 10, 11, 12, 13, 14, 15, 16, 17, 18, 19, 20, 21, 22, 23, 24, 25, 26, 27, 28, 29]
[2026-05-16 16:23:06] Valid hours for sum: [12, 18, 24, 29]
[2026-05-16 16:23:08] Drought composite end date: 2021-08-18 06:00:00
[2026-05-16 16:23:08] Land cover year: 2020
[2026-05-16 16:23:09] VIIRS Veg composite: 2021-07-12 → 2021-07-28
[2026-05-16 16:23:13] Started export task: fire_221_dynamic_2021-08-20
[2026-05-16 16:23:13] ------ Processing date=2021-08-21 ------
[2026-05-16 16:23:13] Using viirs_af_path: viirs_af_path
[2026-05-16 16:23:14] VIIRS Image Date: ['2021-08-21 00:00:00']
[2026-05-16 16:23:14] Weather image size: 1
[2026-05-16 16:23:14] Forecast duration: 2021-08-22 00:00:00 to 2021-08-23 00:00:00
[2026-05-16 16:23:15] Number of forecast images: 24
[2026-05-16 16:23:15] Using forecast run: 2021-08-21 18:00:00 UTC
[2026-05-16 16:23:15] Forecast Rain Available hours: [6, 7, 8, 9, 10, 11, 12, 13, 14, 15, 16, 17, 18, 19, 20, 21, 22, 23, 24, 25, 26, 27, 28, 29]
[2026-05-16 16:23:15] Valid hours for sum: [12, 18, 24, 29]
[2026-05-16 16:23:18] Drought composite end date: 2021-08-18 06:00:00
[2026-05-16 16:23:18] Land cover year: 2020
[2026-05-16 16:23:20] VIIRS Veg composite: 2021-07-12 → 2021-07-28
[2026-05-16 16:23:24] Started export task: fire_221_dynamic_2021-08-21
[2026-05-16 16:23:24] ------ Processing date=2021-08-22 ------
[2026-05-16 16:23:24] Using viirs_af_path: viirs_af_path
[2026-05-16 16:23:25] VIIRS Image Date: ['2021-08-22 00:00:00']
[2026-05-16 16:23:25] Weather image size: 1
[2026-05-16 16:23:25] Forecast duration: 2021-08-23 00:00:00 to 2021-08-24 00:00:00
[2026-05-16 16:23:25] Number of forecast images: 24
[2026-05-16 16:23:25] Using forecast run: 2021-08-22 18:00:00 UTC
[2026-05-16 16:23:26] Forecast Rain Available hours: [6, 7, 8, 9, 10, 11, 12, 13, 14, 15, 16, 17, 18, 19, 20, 21, 22, 23, 24, 25, 26, 27, 28, 29]
[2026-05-16 16:23:26] Valid hours for sum: [12, 18, 24, 29]
[2026-05-16 16:23:28] Drought composite end date: 2021-08-18 06:00:00
[2026-05-16 16:23:28] Land cover year: 2020
[2026-05-16 16:23:29] VIIRS Veg composite: 2021-07-12 → 2021-07-28
[2026-05-16 16:23:32] Started export task: fire_221_dynamic_2021-08-22
[2026-05-16 16:23:33] ------ Processing date=2021-08-23 ------
[2026-05-16 16:23:33] Using viirs_af_path: viirs_af_path
[2026-05-16 16:23:33] VIIRS Image Date: ['2021-08-23 00:00:00']
[2026-05-16 16:23:33] Weather image size: 1
[2026-05-16 16:23:33] Forecast duration: 2021-08-24 00:00:00 to 2021-08-25 00:00:00
[2026-05-16 16:23:34] Number of forecast images: 24
[2026-05-16 16:23:34] Using forecast run: 2021-08-23 18:00:00 UTC
[2026-05-16 16:23:35] Forecast Rain Available hours: [6, 7, 8, 9, 10, 11, 12, 13, 14, 15, 16, 17, 18, 19, 20, 21, 22, 23, 24, 25, 26, 27, 28, 29]
[2026-05-16 16:23:35] Valid hours for sum: [12, 18, 24, 29]
[2026-05-16 16:23:37] Drought composite end date: 2021-08-18 06:00:00
[2026-05-16 16:23:37] Land cover year: 2020
[2026-05-16 16:23:38] VIIRS Veg composite: 2021-07-12 → 2021-07-28
[2026-05-16 16:23:42] Started export task: fire_221_dynamic_2021-08-23
[2026-05-16 16:23:42] ------ Processing date=2021-08-24 ------
[2026-05-16 16:23:42] Using viirs_af_path: viirs_af_path
[2026-05-16 16:23:42] VIIRS Image Date: ['2021-08-24 00:00:00']
[2026-05-16 16:23:43] Weather image size: 1
[2026-05-16 16:23:43] Forecast duration: 2021-08-25 00:00:00 to 2021-08-26 00:00:00
[2026-05-16 16:23:44] Number of forecast images: 24
[2026-05-16 16:23:44] Using forecast run: 2021-08-24 18:00:00 UTC
[2026-05-16 16:23:44] Forecast Rain Available hours: [6, 7, 8, 9, 10, 11, 12, 13, 14, 15, 16, 17, 18, 19, 20, 21, 22, 23, 24, 25, 26, 27, 28, 29]
[2026-05-16 16:23:44] Valid hours for sum: [12, 18, 24, 29]
[2026-05-16 16:23:45] Drought composite end date: 2021-08-23 06:00:00
[2026-05-16 16:23:46] Land cover year: 2020
[2026-05-16 16:23:47] VIIRS Veg composite: 2021-07-12 → 2021-07-28
[2026-05-16 16:23:50] Started export task: fire_221_dynamic_2021-08-24
[2026-05-16 16:23:50] ------ Processing date=2021-08-25 ------
[2026-05-16 16:23:50] Using viirs_af_path: viirs_af_path
[2026-05-16 16:23:50] VIIRS Image Date: ['2021-08-25 00:00:00']
[2026-05-16 16:23:50] Weather image size: 1
[2026-05-16 16:23:50] Forecast duration: 2021-08-26 00:00:00 to 2021-08-27 00:00:00
[2026-05-16 16:23:51] Number of forecast images: 24
[2026-05-16 16:23:51] Using forecast run: 2021-08-25 18:00:00 UTC
[2026-05-16 16:23:52] Forecast Rain Available hours: [6, 7, 8, 9, 10, 11, 12, 13, 14, 15, 16, 17, 18, 19, 20, 21, 22, 23, 24, 25, 26, 27, 28, 29]
[2026-05-16 16:23:52] Valid hours for sum: [12, 18, 24, 29]
[2026-05-16 16:23:53] Drought composite end date: 2021-08-23 06:00:00
[2026-05-16 16:23:54] Land cover year: 2020
[2026-05-16 16:23:56] VIIRS Veg composite: 2021-07-12 → 2021-07-28
[2026-05-16 16:24:00] Started export task: fire_221_dynamic_2021-08-25
[2026-05-16 16:24:00] ------ Processing date=2021-08-26 ------
[2026-05-16 16:24:00] Using viirs_af_path: viirs_af_path
[2026-05-16 16:24:00] VIIRS Image Date: ['2021-08-26 00:00:00']
[2026-05-16 16:24:01] Weather image size: 1
[2026-05-16 16:24:01] Forecast duration: 2021-08-27 00:00:00 to 2021-08-28 00:00:00
[2026-05-16 16:24:01] Number of forecast images: 24
[2026-05-16 16:24:01] Using forecast run: 2021-08-26 18:00:00 UTC
[2026-05-16 16:24:02] Forecast Rain Available hours: [6, 7, 8, 9, 10, 11, 12, 13, 14, 15, 16, 17, 18, 19, 20, 21, 22, 23, 24, 25, 26, 27, 28, 29]
[2026-05-16 16:24:02] Valid hours for sum: [12, 18, 24, 29]
[2026-05-16 16:24:04] Drought composite end date: 2021-08-23 06:00:00
[2026-05-16 16:24:05] Land cover year: 2020
[2026-05-16 16:24:05] VIIRS Veg composite: 2021-07-12 → 2021-07-28
[2026-05-16 16:24:09] Started export task: fire_221_dynamic_2021-08-26
[2026-05-16 16:24:10] ------ Processing date=2021-08-27 ------
[2026-05-16 16:24:10] Using viirs_af_path: viirs_af_path
[2026-05-16 16:24:10] VIIRS Image Date: ['2021-08-27 00:00:00']
[2026-05-16 16:24:10] Weather image size: 1
[2026-05-16 16:24:10] Forecast duration: 2021-08-28 00:00:00 to 2021-08-29 00:00:00
[2026-05-16 16:24:11] Number of forecast images: 24
[2026-05-16 16:24:11] Using forecast run: 2021-08-27 18:00:00 UTC
[2026-05-16 16:24:11] Forecast Rain Available hours: [6, 7, 8, 9, 10, 11, 12, 13, 14, 15, 16, 17, 18, 19, 20, 21, 22, 23, 24, 25, 26, 27, 28, 29]
[2026-05-16 16:24:11] Valid hours for sum: [12, 18, 24, 29]
[2026-05-16 16:24:14] Drought composite end date: 2021-08-23 06:00:00
[2026-05-16 16:24:14] Land cover year: 2020
[2026-05-16 16:24:15] VIIRS Veg composite: 2021-07-12 → 2021-07-28
[2026-05-16 16:24:20] Started export task: fire_221_dynamic_2021-08-27
[2026-05-16 16:24:20] ------ Processing date=2021-08-28 ------
[2026-05-16 16:24:20] Using viirs_af_path: viirs_af_path
[2026-05-16 16:24:21] VIIRS Image Date: ['2021-08-28 00:00:00']
[2026-05-16 16:24:21] Weather image size: 1
[2026-05-16 16:24:21] Forecast duration: 2021-08-29 00:00:00 to 2021-08-30 00:00:00
[2026-05-16 16:24:22] Number of forecast images: 24
[2026-05-16 16:24:22] Using forecast run: 2021-08-28 18:00:00 UTC
[2026-05-16 16:24:22] Forecast Rain Available hours: [6, 7, 8, 9, 10, 11, 12, 13, 14, 15, 16, 17, 18, 19, 20, 21, 22, 23, 24, 25, 26, 27, 28, 29]
[2026-05-16 16:24:22] Valid hours for sum: [12, 18, 24, 29]
[2026-05-16 16:24:24] Drought composite end date: 2021-08-23 06:00:00
[2026-05-16 16:24:24] Land cover year: 2020
[2026-05-16 16:24:25] VIIRS Veg composite: 2021-07-12 → 2021-07-28
[2026-05-16 16:24:29] Started export task: fire_221_dynamic_2021-08-28
[2026-05-16 16:24:30] ------ Processing date=2021-08-29 ------
[2026-05-16 16:24:30] Using viirs_af_path: viirs_af_path
[2026-05-16 16:24:30] VIIRS Image Date: ['2021-08-29 00:00:00']
[2026-05-16 16:24:30] Weather image size: 1
[2026-05-16 16:24:30] Forecast duration: 2021-08-30 00:00:00 to 2021-08-31 00:00:00
[2026-05-16 16:24:31] Number of forecast images: 24
[2026-05-16 16:24:31] Using forecast run: 2021-08-29 18:00:00 UTC
[2026-05-16 16:24:31] Forecast Rain Available hours: [6, 7, 8, 9, 10, 11, 12, 13, 14, 15, 16, 17, 18, 19, 20, 21, 22, 23, 24, 25, 26, 27, 28, 29]
[2026-05-16 16:24:31] Valid hours for sum: [12, 18, 24, 29]
[2026-05-16 16:24:34] Drought composite end date: 2021-08-28 06:00:00
[2026-05-16 16:24:34] Land cover year: 2020
[2026-05-16 16:24:35] VIIRS Veg composite: 2021-07-12 → 2021-07-28
[2026-05-16 16:24:39] Started export task: fire_221_dynamic_2021-08-29
[2026-05-16 16:24:39] ------ Processing date=2021-08-30 ------
[2026-05-16 16:24:39] Using viirs_af_path: viirs_af_path
[2026-05-16 16:24:39] VIIRS Image Date: ['2021-08-30 00:00:00']
[2026-05-16 16:24:39] Weather image size: 1
[2026-05-16 16:24:39] Forecast duration: 2021-08-31 00:00:00 to 2021-09-01 00:00:00
[2026-05-16 16:24:40] Number of forecast images: 24
[2026-05-16 16:24:40] Using forecast run: 2021-08-30 18:00:00 UTC
[2026-05-16 16:24:41] Forecast Rain Available hours: [6, 7, 8, 9, 10, 11, 12, 13, 14, 15, 16, 17, 18, 19, 20, 21, 22, 23, 24, 25, 26, 27, 28, 29]
[2026-05-16 16:24:41] Valid hours for sum: [12, 18, 24, 29]
[2026-05-16 16:24:43] Drought composite end date: 2021-08-28 06:00:00
[2026-05-16 16:24:44] Land cover year: 2020
[2026-05-16 16:24:44] VIIRS Veg composite: 2021-07-12 → 2021-07-28
[2026-05-16 16:24:48] Started export task: fire_221_dynamic_2021-08-30
[2026-05-16 16:24:49] ------ Processing date=2021-08-31 ------
[2026-05-16 16:24:49] Using viirs_af_path: viirs_af_path
[2026-05-16 16:24:49] VIIRS Image Date: ['2021-08-31 00:00:00']
[2026-05-16 16:24:49] Weather image size: 1
[2026-05-16 16:24:49] Forecast duration: 2021-09-01 00:00:00 to 2021-09-02 00:00:00
[2026-05-16 16:24:50] Number of forecast images: 24
[2026-05-16 16:24:50] Using forecast run: 2021-08-31 18:00:00 UTC
[2026-05-16 16:24:50] Forecast Rain Available hours: [6, 7, 8, 9, 10, 11, 12, 13, 14, 15, 16, 17, 18, 19, 20, 21, 22, 23, 24, 25, 26, 27, 28, 29]
[2026-05-16 16:24:50] Valid hours for sum: [12, 18, 24, 29]
[2026-05-16 16:24:52] Drought composite end date: 2021-08-28 06:00:00
[2026-05-16 16:24:52] Land cover year: 2020
[2026-05-16 16:24:54] VIIRS Veg composite: 2021-07-12 → 2021-07-28
[2026-05-16 16:24:57] Started export task: fire_221_dynamic_2021-08-31
[2026-05-16 16:24:58] ------ Processing date=2021-09-01 ------
[2026-05-16 16:24:58] Using viirs_af_path: viirs_af_path
[2026-05-16 16:24:58] VIIRS Image Date: ['2021-09-01 00:00:00']
[2026-05-16 16:24:58] Weather image size: 1
[2026-05-16 16:24:58] Forecast duration: 2021-09-02 00:00:00 to 2021-09-03 00:00:00
[2026-05-16 16:24:59] Number of forecast images: 24
[2026-05-16 16:24:59] Using forecast run: 2021-09-01 18:00:00 UTC
[2026-05-16 16:24:59] Forecast Rain Available hours: [6, 7, 8, 9, 10, 11, 12, 13, 14, 15, 16, 17, 18, 19, 20, 21, 22, 23, 24, 25, 26, 27, 28, 29]
[2026-05-16 16:24:59] Valid hours for sum: [12, 18, 24, 29]
[2026-05-16 16:25:01] Drought composite end date: 2021-08-28 06:00:00
[2026-05-16 16:25:01] Land cover year: 2020
[2026-05-16 16:25:02] VIIRS Veg composite: 2021-07-12 → 2021-07-28
[2026-05-16 16:25:06] Started export task: fire_221_dynamic_2021-09-01
[2026-05-16 16:25:07] ------ Processing date=2021-09-02 ------
[2026-05-16 16:25:07] Using viirs_af_path: viirs_af_path
[2026-05-16 16:25:07] VIIRS Image Date: ['2021-09-02 00:00:00']
[2026-05-16 16:25:07] Weather image size: 1
[2026-05-16 16:25:07] Forecast duration: 2021-09-03 00:00:00 to 2021-09-04 00:00:00
[2026-05-16 16:25:08] Number of forecast images: 24
[2026-05-16 16:25:08] Using forecast run: 2021-09-02 18:00:00 UTC
[2026-05-16 16:25:08] Forecast Rain Available hours: [6, 7, 8, 9, 10, 11, 12, 13, 14, 15, 16, 17, 18, 19, 20, 21, 22, 23, 24, 25, 26, 27, 28, 29]
[2026-05-16 16:25:08] Valid hours for sum: [12, 18, 24, 29]
[2026-05-16 16:25:11] Drought composite end date: 2021-08-28 06:00:00
[2026-05-16 16:25:11] Land cover year: 2020
[2026-05-16 16:25:13] VIIRS Veg composite: 2021-07-12 → 2021-07-28
[2026-05-16 16:25:16] Started export task: fire_221_dynamic_2021-09-02
[2026-05-16 16:25:17] ------ Processing date=2021-09-03 ------
[2026-05-16 16:25:17] Using viirs_af_path: viirs_af_path
[2026-05-16 16:25:17] VIIRS Image Date: ['2021-09-03 00:00:00']
[2026-05-16 16:25:17] Weather image size: 1
[2026-05-16 16:25:17] Forecast duration: 2021-09-04 00:00:00 to 2021-09-05 00:00:00
[2026-05-16 16:25:18] Number of forecast images: 24
[2026-05-16 16:25:18] Using forecast run: 2021-09-03 18:00:00 UTC
[2026-05-16 16:25:18] Forecast Rain Available hours: [6, 7, 8, 9, 10, 11, 12, 13, 14, 15, 16, 17, 18, 19, 20, 21, 22, 23, 24, 25, 26, 27, 28, 29]
[2026-05-16 16:25:18] Valid hours for sum: [12, 18, 24, 29]
[2026-05-16 16:25:20] Drought composite end date: 2021-09-02 06:00:00
[2026-05-16 16:25:20] Land cover year: 2020
[2026-05-16 16:25:21] VIIRS Veg composite: 2021-07-12 → 2021-07-28
[2026-05-16 16:25:25] Started export task: fire_221_dynamic_2021-09-03
[2026-05-16 16:25:26] ------ Processing date=2021-09-04 ------
[2026-05-16 16:25:26] Using viirs_af_path: viirs_af_path
[2026-05-16 16:25:26] VIIRS Image Date: ['2021-09-04 00:00:00']
[2026-05-16 16:25:26] Weather image size: 1
[2026-05-16 16:25:26] Forecast duration: 2021-09-05 00:00:00 to 2021-09-06 00:00:00
[2026-05-16 16:25:28] Number of forecast images: 24
[2026-05-16 16:25:28] Using forecast run: 2021-09-04 18:00:00 UTC
[2026-05-16 16:25:28] Forecast Rain Available hours: [6, 7, 8, 9, 10, 11, 12, 13, 14, 15, 16, 17, 18, 19, 20, 21, 22, 23, 24, 25, 26, 27, 28, 29]
[2026-05-16 16:25:28] Valid hours for sum: [12, 18, 24, 29]
[2026-05-16 16:25:30] Drought composite end date: 2021-09-02 06:00:00
[2026-05-16 16:25:30] Land cover year: 2020
[2026-05-16 16:25:31] VIIRS Veg composite: 2021-07-12 → 2021-07-28
[2026-05-16 16:25:34] Started export task: fire_221_dynamic_2021-09-04
[2026-05-16 16:25:34] ------ Processing date=2021-09-05 ------
[2026-05-16 16:25:34] Using viirs_af_path: viirs_af_path
[2026-05-16 16:25:34] VIIRS Image Date: ['2021-09-05 00:00:00']
[2026-05-16 16:25:34] Weather image size: 1
[2026-05-16 16:25:34] Forecast duration: 2021-09-06 00:00:00 to 2021-09-07 00:00:00
[2026-05-16 16:25:35] Number of forecast images: 24
[2026-05-16 16:25:35] Using forecast run: 2021-09-05 18:00:00 UTC
[2026-05-16 16:25:36] Forecast Rain Available hours: [6, 7, 8, 9, 10, 11, 12, 13, 14, 15, 16, 17, 18, 19, 20, 21, 22, 23, 24, 25, 26, 27, 28, 29]
[2026-05-16 16:25:36] Valid hours for sum: [12, 18, 24, 29]
[2026-05-16 16:25:37] Drought composite end date: 2021-09-02 06:00:00
[2026-05-16 16:25:37] Land cover year: 2020
[2026-05-16 16:25:38] VIIRS Veg composite: 2021-07-12 → 2021-07-28
[2026-05-16 16:25:43] Started export task: fire_221_dynamic_2021-09-05
[2026-05-16 16:25:43] ------ Processing date=2021-09-06 ------
[2026-05-16 16:25:43] Using viirs_af_path: viirs_af_path
[2026-05-16 16:25:43] VIIRS Image Date: ['2021-09-06 00:00:00']
[2026-05-16 16:25:43] Weather image size: 1
[2026-05-16 16:25:43] Forecast duration: 2021-09-07 00:00:00 to 2021-09-08 00:00:00
[2026-05-16 16:25:44] Number of forecast images: 24
[2026-05-16 16:25:44] Using forecast run: 2021-09-06 18:00:00 UTC
[2026-05-16 16:25:44] Forecast Rain Available hours: [6, 7, 8, 9, 10, 11, 12, 13, 14, 15, 16, 17, 18, 19, 20, 21, 22, 23, 24, 25, 26, 27, 28, 29]
[2026-05-16 16:25:44] Valid hours for sum: [12, 18, 24, 29]
[2026-05-16 16:25:48] Drought composite end date: 2021-09-02 06:00:00
[2026-05-16 16:25:48] Land cover year: 2020
[2026-05-16 16:25:49] VIIRS Veg composite: 2021-07-12 → 2021-07-28
[2026-05-16 16:25:53] Started export task: fire_221_dynamic_2021-09-06
[2026-05-16 16:25:54] ------ Processing date=2021-09-07 ------
[2026-05-16 16:25:54] Using viirs_af_path: viirs_af_path
[2026-05-16 16:25:54] VIIRS Image Date: ['2021-09-07 00:00:00']
[2026-05-16 16:25:54] Weather image size: 1
[2026-05-16 16:25:54] Forecast duration: 2021-09-08 00:00:00 to 2021-09-09 00:00:00
[2026-05-16 16:25:55] Number of forecast images: 24
[2026-05-16 16:25:55] Using forecast run: 2021-09-07 18:00:00 UTC
[2026-05-16 16:25:56] Forecast Rain Available hours: [6, 7, 8, 9, 10, 11, 12, 13, 14, 15, 16, 17, 18, 19, 20, 21, 22, 23, 24, 25, 26, 27, 28, 29]
[2026-05-16 16:25:56] Valid hours for sum: [12, 18, 24, 29]
[2026-05-16 16:25:57] Drought composite end date: 2021-09-02 06:00:00
[2026-05-16 16:25:57] Land cover year: 2020
[2026-05-16 16:25:58] VIIRS Veg composite: 2021-07-12 → 2021-07-28
[2026-05-16 16:26:02] Started export task: fire_221_dynamic_2021-09-07
[2026-05-16 16:26:03] ------ Processing date=2021-09-08 ------
[2026-05-16 16:26:03] Using viirs_af_path: viirs_af_path
[2026-05-16 16:26:03] VIIRS Image Date: ['2021-09-08 00:00:00']
[2026-05-16 16:26:03] Weather image size: 1
[2026-05-16 16:26:03] Forecast duration: 2021-09-09 00:00:00 to 2021-09-10 00:00:00
[2026-05-16 16:26:04] Number of forecast images: 24
[2026-05-16 16:26:04] Using forecast run: 2021-09-08 18:00:00 UTC
[2026-05-16 16:26:05] Forecast Rain Available hours: [6, 7, 8, 9, 10, 11, 12, 13, 14, 15, 16, 17, 18, 19, 20, 21, 22, 23, 24, 25, 26, 27, 28, 29]
[2026-05-16 16:26:05] Valid hours for sum: [12, 18, 24, 29]
[2026-05-16 16:26:07] Drought composite end date: 2021-09-07 06:00:00
[2026-05-16 16:26:07] Land cover year: 2020
[2026-05-16 16:26:08] VIIRS Veg composite: 2021-07-12 → 2021-07-28
[2026-05-16 16:26:13] Started export task: fire_221_dynamic_2021-09-08
[2026-05-16 16:26:13] ------ Processing date=2021-09-09 ------
[2026-05-16 16:26:13] Using viirs_af_path: viirs_af_path
[2026-05-16 16:26:14] VIIRS Image Date: ['2021-09-09 00:00:00']
[2026-05-16 16:26:14] Weather image size: 1
[2026-05-16 16:26:14] Forecast duration: 2021-09-10 00:00:00 to 2021-09-11 00:00:00
[2026-05-16 16:26:15] Number of forecast images: 24
[2026-05-16 16:26:15] Using forecast run: 2021-09-09 18:00:00 UTC
[2026-05-16 16:26:16] Forecast Rain Available hours: [6, 7, 8, 9, 10, 11, 12, 13, 14, 15, 16, 17, 18, 19, 20, 21, 22, 23, 24, 25, 26, 27, 28, 29]
[2026-05-16 16:26:16] Valid hours for sum: [12, 18, 24, 29]
[2026-05-16 16:26:17] Drought composite end date: 2021-09-07 06:00:00
[2026-05-16 16:26:18] Land cover year: 2020
[2026-05-16 16:26:18] VIIRS Veg composite: 2021-07-12 → 2021-07-28
[2026-05-16 16:26:22] Started export task: fire_221_dynamic_2021-09-09
[2026-05-16 16:26:23] ------ Processing date=2021-09-10 ------
[2026-05-16 16:26:23] Using viirs_af_path: viirs_af_path
[2026-05-16 16:26:23] VIIRS Image Date: ['2021-09-10 00:00:00']
[2026-05-16 16:26:23] Weather image size: 1
[2026-05-16 16:26:23] Forecast duration: 2021-09-11 00:00:00 to 2021-09-12 00:00:00
[2026-05-16 16:26:24] Number of forecast images: 24
[2026-05-16 16:26:24] Using forecast run: 2021-09-10 18:00:00 UTC
[2026-05-16 16:26:24] Forecast Rain Available hours: [6, 7, 8, 9, 10, 11, 12, 13, 14, 15, 16, 17, 18, 19, 20, 21, 22, 23, 24, 25, 26, 27, 28, 29]
[2026-05-16 16:26:24] Valid hours for sum: [12, 18, 24, 29]
[2026-05-16 16:26:26] Drought composite end date: 2021-09-07 06:00:00
[2026-05-16 16:26:27] Land cover year: 2020
[2026-05-16 16:26:28] VIIRS Veg composite: 2021-07-12 → 2021-07-28
[2026-05-16 16:26:32] Started export task: fire_221_dynamic_2021-09-10
[2026-05-16 16:26:33] ------ Processing date=2021-09-11 ------
[2026-05-16 16:26:33] Using viirs_af_path: viirs_af_path
[2026-05-16 16:26:33] VIIRS Image Date: ['2021-09-11 00:00:00']
[2026-05-16 16:26:33] Weather image size: 1
[2026-05-16 16:26:33] Forecast duration: 2021-09-12 00:00:00 to 2021-09-13 00:00:00
[2026-05-16 16:26:34] Number of forecast images: 24
[2026-05-16 16:26:34] Using forecast run: 2021-09-11 18:00:00 UTC
[2026-05-16 16:26:34] Forecast Rain Available hours: [6, 7, 8, 9, 10, 11, 12, 13, 14, 15, 16, 17, 18, 19, 20, 21, 22, 23, 24, 25, 26, 27, 28, 29]
[2026-05-16 16:26:34] Valid hours for sum: [12, 18, 24, 29]
[2026-05-16 16:26:36] Drought composite end date: 2021-09-07 06:00:00
[2026-05-16 16:26:36] Land cover year: 2020
[2026-05-16 16:26:37] VIIRS Veg composite: 2021-07-12 → 2021-07-28
[2026-05-16 16:26:43] Started export task: fire_221_dynamic_2021-09-11
[2026-05-16 16:26:43] ------ Processing date=2021-09-12 ------
[2026-05-16 16:26:43] Using viirs_af_path: viirs_af_path
[2026-05-16 16:26:43] VIIRS Image Date: ['2021-09-12 00:00:00']
[2026-05-16 16:26:43] Weather image size: 1
[2026-05-16 16:26:43] Forecast duration: 2021-09-13 00:00:00 to 2021-09-14 00:00:00
[2026-05-16 16:26:44] Number of forecast images: 24
[2026-05-16 16:26:44] Using forecast run: 2021-09-12 18:00:00 UTC
[2026-05-16 16:26:45] Forecast Rain Available hours: [6, 7, 8, 9, 10, 11, 12, 13, 14, 15, 16, 17, 18, 19, 20, 21, 22, 23, 24, 25, 26, 27, 28, 29]
[2026-05-16 16:26:45] Valid hours for sum: [12, 18, 24, 29]
[2026-05-16 16:26:47] Drought composite end date: 2021-09-07 06:00:00
[2026-05-16 16:26:48] Land cover year: 2020
[2026-05-16 16:26:48] VIIRS Veg composite: 2021-07-12 → 2021-07-28
[2026-05-16 16:26:52] Started export task: fire_221_dynamic_2021-09-12
[2026-05-16 16:26:52] ------ Processing date=2021-09-13 ------
[2026-05-16 16:26:52] Using viirs_af_path: viirs_af_path
[2026-05-16 16:26:53] VIIRS Image Date: ['2021-09-13 00:00:00']
[2026-05-16 16:26:53] Weather image size: 1
[2026-05-16 16:26:53] Forecast duration: 2021-09-14 00:00:00 to 2021-09-15 00:00:00
[2026-05-16 16:26:54] Number of forecast images: 24
[2026-05-16 16:26:54] Using forecast run: 2021-09-13 18:00:00 UTC
[2026-05-16 16:26:54] Forecast Rain Available hours: [6, 7, 8, 9, 10, 11, 12, 13, 14, 15, 16, 17, 18, 19, 20, 21, 22, 23, 24, 25, 26, 27, 28, 29]
[2026-05-16 16:26:54] Valid hours for sum: [12, 18, 24, 29]
[2026-05-16 16:26:56] Drought composite end date: 2021-09-12 06:00:00
[2026-05-16 16:26:57] Land cover year: 2020
[2026-05-16 16:26:58] VIIRS Veg composite: 2021-07-12 → 2021-07-28
[2026-05-16 16:27:01] Started export task: fire_221_dynamic_2021-09-13
[2026-05-16 16:27:02] ------ Processing date=2021-09-14 ------
[2026-05-16 16:27:02] Using viirs_af_path: viirs_af_path
[2026-05-16 16:27:03] VIIRS Image Date: ['2021-09-14 00:00:00']
[2026-05-16 16:27:03] Weather image size: 1
[2026-05-16 16:27:03] Forecast duration: 2021-09-15 00:00:00 to 2021-09-16 00:00:00
[2026-05-16 16:27:04] Number of forecast images: 24
[2026-05-16 16:27:04] Using forecast run: 2021-09-14 18:00:00 UTC
[2026-05-16 16:27:05] Forecast Rain Available hours: [6, 7, 8, 9, 10, 11, 12, 13, 14, 15, 16, 17, 18, 19, 20, 21, 22, 23, 24, 25, 26, 27, 28, 29]
[2026-05-16 16:27:05] Valid hours for sum: [12, 18, 24, 29]
[2026-05-16 16:27:08] Drought composite end date: 2021-09-12 06:00:00
[2026-05-16 16:27:08] Land cover year: 2020
[2026-05-16 16:27:10] VIIRS Veg composite: 2021-07-12 → 2021-07-28
[2026-05-16 16:27:13] Started export task: fire_221_dynamic_2021-09-14
[2026-05-16 16:27:13] ------ Processing date=2021-09-15 ------
[2026-05-16 16:27:13] Using viirs_af_path: viirs_af_path
[2026-05-16 16:27:14] VIIRS Image Date: ['2021-09-15 00:00:00']
[2026-05-16 16:27:14] Weather image size: 1
[2026-05-16 16:27:14] Forecast duration: 2021-09-16 00:00:00 to 2021-09-17 00:00:00
[2026-05-16 16:27:15] Number of forecast images: 24
[2026-05-16 16:27:15] Using forecast run: 2021-09-15 18:00:00 UTC
[2026-05-16 16:27:15] Forecast Rain Available hours: [6, 7, 8, 9, 10, 11, 12, 13, 14, 15, 16, 17, 18, 19, 20, 21, 22, 23, 24, 25, 26, 27, 28, 29]
[2026-05-16 16:27:15] Valid hours for sum: [12, 18, 24, 29]
[2026-05-16 16:27:17] Drought composite end date: 2021-09-12 06:00:00
[2026-05-16 16:27:17] Land cover year: 2020
[2026-05-16 16:27:19] VIIRS Veg composite: 2021-07-12 → 2021-07-28
[2026-05-16 16:27:23] Started export task: fire_221_dynamic_2021-09-15
[2026-05-16 16:27:24] ------ Processing date=2021-09-16 ------
[2026-05-16 16:27:24] Using viirs_af_path: viirs_af_path
[2026-05-16 16:27:24] VIIRS Image Date: ['2021-09-16 00:00:00']
[2026-05-16 16:27:24] Weather image size: 1
[2026-05-16 16:27:24] Forecast duration: 2021-09-17 00:00:00 to 2021-09-18 00:00:00
[2026-05-16 16:27:25] Number of forecast images: 24
[2026-05-16 16:27:25] Using forecast run: 2021-09-16 18:00:00 UTC
[2026-05-16 16:27:25] Forecast Rain Available hours: [6, 7, 8, 9, 10, 11, 12, 13, 14, 15, 16, 17, 18, 19, 20, 21, 22, 23, 24, 25, 26, 27, 28, 29]
[2026-05-16 16:27:25] Valid hours for sum: [12, 18, 24, 29]
[2026-05-16 16:27:28] Drought composite end date: 2021-09-12 06:00:00
[2026-05-16 16:27:28] Land cover year: 2020
[2026-05-16 16:27:29] VIIRS Veg composite: 2021-07-12 → 2021-07-28
[2026-05-16 16:27:32] Started export task: fire_221_dynamic_2021-09-16
[2026-05-16 16:27:33] ------ Processing date=2021-09-17 ------
[2026-05-16 16:27:33] Using viirs_af_path: viirs_af_path
[2026-05-16 16:27:33] VIIRS Image Date: ['2021-09-17 00:00:00']
[2026-05-16 16:27:33] Weather image size: 1
[2026-05-16 16:27:33] Forecast duration: 2021-09-18 00:00:00 to 2021-09-19 00:00:00
[2026-05-16 16:27:34] Number of forecast images: 24
[2026-05-16 16:27:34] Using forecast run: 2021-09-17 18:00:00 UTC
[2026-05-16 16:27:34] Forecast Rain Available hours: [6, 7, 8, 9, 10, 11, 12, 13, 14, 15, 16, 17, 18, 19, 20, 21, 22, 23, 24, 25, 26, 27, 28, 29]
[2026-05-16 16:27:34] Valid hours for sum: [12, 18, 24, 29]
[2026-05-16 16:27:36] Drought composite end date: 2021-09-12 06:00:00
[2026-05-16 16:27:36] Land cover year: 2020
[2026-05-16 16:27:37] VIIRS Veg composite: 2021-07-12 → 2021-07-28
[2026-05-16 16:27:41] Started export task: fire_221_dynamic_2021-09-17
[2026-05-16 16:27:42] ------ Processing date=2021-09-18 ------
[2026-05-16 16:27:42] Using viirs_af_path: viirs_af_path
[2026-05-16 16:27:42] VIIRS Image Date: ['2021-09-18 00:00:00']
[2026-05-16 16:27:42] Weather image size: 1
[2026-05-16 16:27:42] Forecast duration: 2021-09-19 00:00:00 to 2021-09-20 00:00:00
[2026-05-16 16:27:43] Number of forecast images: 24
[2026-05-16 16:27:43] Using forecast run: 2021-09-18 18:00:00 UTC
[2026-05-16 16:27:43] Forecast Rain Available hours: [6, 7, 8, 9, 10, 11, 12, 13, 14, 15, 16, 17, 18, 19, 20, 21, 22, 23, 24, 25, 26, 27, 28, 29]
[2026-05-16 16:27:43] Valid hours for sum: [12, 18, 24, 29]
[2026-05-16 16:27:46] Drought composite end date: 2021-09-17 06:00:00
[2026-05-16 16:27:46] Land cover year: 2020
[2026-05-16 16:27:48] VIIRS Veg composite: 2021-07-12 → 2021-07-28
[2026-05-16 16:27:51] Started export task: fire_221_dynamic_2021-09-18
[2026-05-16 16:27:51] ------ Processing date=2021-09-19 ------
[2026-05-16 16:27:51] Using viirs_af_path: viirs_af_path
[2026-05-16 16:27:52] VIIRS Image Date: ['2021-09-19 00:00:00']
[2026-05-16 16:27:52] Weather image size: 1
[2026-05-16 16:27:52] Forecast duration: 2021-09-20 00:00:00 to 2021-09-21 00:00:00
[2026-05-16 16:27:53] Number of forecast images: 24
[2026-05-16 16:27:53] Using forecast run: 2021-09-19 18:00:00 UTC
[2026-05-16 16:27:53] Forecast Rain Available hours: [6, 7, 8, 9, 10, 11, 12, 13, 14, 15, 16, 17, 18, 19, 20, 21, 22, 23, 24, 25, 26, 27, 28, 29]
[2026-05-16 16:27:53] Valid hours for sum: [12, 18, 24, 29]
[2026-05-16 16:27:55] Drought composite end date: 2021-09-17 06:00:00
[2026-05-16 16:27:56] Land cover year: 2020
[2026-05-16 16:27:57] VIIRS Veg composite: 2021-07-12 → 2021-07-28
[2026-05-16 16:28:01] Started export task: fire_221_dynamic_2021-09-19
[2026-05-16 16:28:01] ------ Processing date=2021-09-20 ------
[2026-05-16 16:28:01] Using viirs_af_path: viirs_af_path
[2026-05-16 16:28:01] VIIRS Image Date: ['2021-09-20 00:00:00']
[2026-05-16 16:28:01] Weather image size: 1
[2026-05-16 16:28:01] Forecast duration: 2021-09-21 00:00:00 to 2021-09-22 00:00:00
[2026-05-16 16:28:02] Number of forecast images: 24
[2026-05-16 16:28:02] Using forecast run: 2021-09-20 18:00:00 UTC
[2026-05-16 16:28:03] Forecast Rain Available hours: [6, 7, 8, 9, 10, 11, 12, 13, 14, 15, 16, 17, 18, 19, 20, 21, 22, 23, 24, 25, 26, 27, 28, 29]
[2026-05-16 16:28:03] Valid hours for sum: [12, 18, 24, 29]
[2026-05-16 16:28:05] Drought composite end date: 2021-09-17 06:00:00
[2026-05-16 16:28:05] Land cover year: 2020
[2026-05-16 16:28:07] VIIRS Veg composite: 2021-07-12 → 2021-07-28
[2026-05-16 16:28:11] Started export task: fire_221_dynamic_2021-09-20
[2026-05-16 16:28:11] ------ Processing date=2021-09-21 ------
[2026-05-16 16:28:11] Using viirs_af_path: viirs_af_path
[2026-05-16 16:28:12] VIIRS Image Date: ['2021-09-21 00:00:00']
[2026-05-16 16:28:12] Weather image size: 1
[2026-05-16 16:28:12] Forecast duration: 2021-09-22 00:00:00 to 2021-09-23 00:00:00
[2026-05-16 16:28:13] Number of forecast images: 24
[2026-05-16 16:28:13] Using forecast run: 2021-09-21 18:00:00 UTC
[2026-05-16 16:28:14] Forecast Rain Available hours: [6, 7, 8, 9, 10, 11, 12, 13, 14, 15, 16, 17, 18, 19, 20, 21, 22, 23, 24, 25, 26, 27, 28, 29]
[2026-05-16 16:28:14] Valid hours for sum: [12, 18, 24, 29]
[2026-05-16 16:28:16] Drought composite end date: 2021-09-17 06:00:00
[2026-05-16 16:28:16] Land cover year: 2020
[2026-05-16 16:28:17] VIIRS Veg composite: 2021-07-12 → 2021-07-28
[2026-05-16 16:28:21] Started export task: fire_221_dynamic_2021-09-21
[2026-05-16 16:28:21] ------ Processing date=2021-09-22 ------
[2026-05-16 16:28:21] Using viirs_af_path: viirs_af_path
[2026-05-16 16:28:23] VIIRS Image Date: ['2021-09-22 00:00:00']
[2026-05-16 16:28:23] Weather image size: 1
[2026-05-16 16:28:23] Forecast duration: 2021-09-23 00:00:00 to 2021-09-24 00:00:00
[2026-05-16 16:28:24] Number of forecast images: 24
[2026-05-16 16:28:24] Using forecast run: 2021-09-22 18:00:00 UTC
[2026-05-16 16:28:24] Forecast Rain Available hours: [6, 7, 8, 9, 10, 11, 12, 13, 14, 15, 16, 17, 18, 19, 20, 21, 22, 23, 24, 25, 26, 27, 28, 29]
[2026-05-16 16:28:24] Valid hours for sum: [12, 18, 24, 29]
[2026-05-16 16:28:27] Drought composite end date: 2021-09-17 06:00:00
[2026-05-16 16:28:27] Land cover year: 2020
[2026-05-16 16:28:28] VIIRS Veg composite: 2021-07-12 → 2021-07-28
[2026-05-16 16:28:31] Started export task: fire_221_dynamic_2021-09-22
[2026-05-16 16:28:31] ------ Processing date=2021-09-23 ------
[2026-05-16 16:28:31] Using viirs_af_path: viirs_af_path
[2026-05-16 16:28:32] VIIRS Image Date: ['2021-09-23 00:00:00']
[2026-05-16 16:28:32] Weather image size: 1
[2026-05-16 16:28:32] Forecast duration: 2021-09-24 00:00:00 to 2021-09-25 00:00:00
[2026-05-16 16:28:33] Number of forecast images: 24
[2026-05-16 16:28:33] Using forecast run: 2021-09-23 18:00:00 UTC
[2026-05-16 16:28:33] Forecast Rain Available hours: [6, 7, 8, 9, 10, 11, 12, 13, 14, 15, 16, 17, 18, 19, 20, 21, 22, 23, 24, 25, 26, 27, 28, 29]
[2026-05-16 16:28:33] Valid hours for sum: [12, 18, 24, 29]
[2026-05-16 16:28:36] Drought composite end date: 2021-09-22 06:00:00
[2026-05-16 16:28:36] Land cover year: 2020
[2026-05-16 16:28:37] VIIRS Veg composite: 2021-07-12 → 2021-07-28
[2026-05-16 16:28:42] Started export task: fire_221_dynamic_2021-09-23
[2026-05-16 16:28:42] ------ Processing date=2021-09-24 ------
[2026-05-16 16:28:42] Using viirs_af_path: viirs_af_path
[2026-05-16 16:28:42] VIIRS Image Date: ['2021-09-24 00:00:00']
[2026-05-16 16:28:43] Weather image size: 1
[2026-05-16 16:28:43] Forecast duration: 2021-09-25 00:00:00 to 2021-09-26 00:00:00
[2026-05-16 16:28:43] Number of forecast images: 24
[2026-05-16 16:28:43] Using forecast run: 2021-09-24 18:00:00 UTC
[2026-05-16 16:28:44] Forecast Rain Available hours: [6, 7, 8, 9, 10, 11, 12, 13, 14, 15, 16, 17, 18, 19, 20, 21, 22, 23, 24, 25, 26, 27, 28, 29]
[2026-05-16 16:28:44] Valid hours for sum: [12, 18, 24, 29]
[2026-05-16 16:28:46] Drought composite end date: 2021-09-22 06:00:00
[2026-05-16 16:28:46] Land cover year: 2020
[2026-05-16 16:28:48] VIIRS Veg composite: 2021-07-12 → 2021-07-28
[2026-05-16 16:28:51] Started export task: fire_221_dynamic_2021-09-24
[2026-05-16 16:28:52] ------ Processing date=2021-09-25 ------
[2026-05-16 16:28:52] Using viirs_af_path: viirs_af_path
[2026-05-16 16:28:52] VIIRS Image Date: ['2021-09-25 00:00:00']
[2026-05-16 16:28:53] Weather image size: 1
[2026-05-16 16:28:53] Forecast duration: 2021-09-26 00:00:00 to 2021-09-27 00:00:00
[2026-05-16 16:28:55] Number of forecast images: 24
[2026-05-16 16:28:55] Using forecast run: 2021-09-25 18:00:00 UTC
[2026-05-16 16:28:55] Forecast Rain Available hours: [6, 7, 8, 9, 10, 11, 12, 13, 14, 15, 16, 17, 18, 19, 20, 21, 22, 23, 24, 25, 26, 27, 28, 29]
[2026-05-16 16:28:55] Valid hours for sum: [12, 18, 24, 29]
[2026-05-16 16:28:58] Drought composite end date: 2021-09-22 06:00:00
[2026-05-16 16:28:58] Land cover year: 2020
[2026-05-16 16:29:00] VIIRS Veg composite: 2021-07-12 → 2021-07-28
[2026-05-16 16:29:04] Started export task: fire_221_dynamic_2021-09-25
[2026-05-16 16:29:04] ------ Processing date=2021-09-26 ------
[2026-05-16 16:29:04] Using viirs_af_path: viirs_af_path
[2026-05-16 16:29:04] VIIRS Image Date: ['2021-09-26 00:00:00']
[2026-05-16 16:29:04] Weather image size: 1
[2026-05-16 16:29:04] Forecast duration: 2021-09-27 00:00:00 to 2021-09-28 00:00:00
[2026-05-16 16:29:05] Number of forecast images: 24
[2026-05-16 16:29:05] Using forecast run: 2021-09-26 18:00:00 UTC
[2026-05-16 16:29:06] Forecast Rain Available hours: [6, 7, 8, 9, 10, 11, 12, 13, 14, 15, 16, 17, 18, 19, 20, 21, 22, 23, 24, 25, 26, 27, 28, 29]
[2026-05-16 16:29:06] Valid hours for sum: [12, 18, 24, 29]
[2026-05-16 16:29:08] Drought composite end date: 2021-09-22 06:00:00
[2026-05-16 16:29:08] Land cover year: 2020
[2026-05-16 16:29:09] VIIRS Veg composite: 2021-07-12 → 2021-07-28
[2026-05-16 16:29:14] Started export task: fire_221_dynamic_2021-09-26
[2026-05-16 16:29:15] ------ Processing date=2021-09-27 ------
[2026-05-16 16:29:15] Using viirs_af_path: viirs_af_path
[2026-05-16 16:29:15] VIIRS Image Date: ['2021-09-27 00:00:00']
[2026-05-16 16:29:16] Weather image size: 1
[2026-05-16 16:29:16] Forecast duration: 2021-09-28 00:00:00 to 2021-09-29 00:00:00
[2026-05-16 16:29:17] Number of forecast images: 24
[2026-05-16 16:29:17] Using forecast run: 2021-09-27 18:00:00 UTC
[2026-05-16 16:29:17] Forecast Rain Available hours: [6, 7, 8, 9, 10, 11, 12, 13, 14, 15, 16, 17, 18, 19, 20, 21, 22, 23, 24, 25, 26, 27, 28, 29]
[2026-05-16 16:29:17] Valid hours for sum: [12, 18, 24, 29]
[2026-05-16 16:29:20] Drought composite end date: 2021-09-22 06:00:00
[2026-05-16 16:29:20] Land cover year: 2020
[2026-05-16 16:29:23] VIIRS Veg composite: 2021-07-12 → 2021-07-28
[2026-05-16 16:29:27] Started export task: fire_221_dynamic_2021-09-27
[2026-05-16 16:29:27] ------ Processing date=2021-09-28 ------
[2026-05-16 16:29:27] Using viirs_af_path: viirs_af_path
[2026-05-16 16:29:27] VIIRS Image Date: ['2021-09-28 00:00:00']
[2026-05-16 16:29:28] Weather image size: 1
[2026-05-16 16:29:28] Forecast duration: 2021-09-29 00:00:00 to 2021-09-30 00:00:00
[2026-05-16 16:29:30] Number of forecast images: 24
[2026-05-16 16:29:30] Using forecast run: 2021-09-28 18:00:00 UTC
[2026-05-16 16:29:31] Forecast Rain Available hours: [6, 7, 8, 9, 10, 11, 12, 13, 14, 15, 16, 17, 18, 19, 20, 21, 22, 23, 24, 25, 26, 27, 28, 29]
[2026-05-16 16:29:31] Valid hours for sum: [12, 18, 24, 29]
[2026-05-16 16:29:34] Drought composite end date: 2021-09-27 06:00:00
[2026-05-16 16:29:35] Land cover year: 2020
[2026-05-16 16:29:37] VIIRS Veg composite: 2021-07-12 → 2021-07-28
[2026-05-16 16:29:41] Started export task: fire_221_dynamic_2021-09-28
[2026-05-16 16:29:44] END: ----------Event fire_221----------- (Duration: 10.99m)
[2026-05-16 16:29:44] START: ----------Event fire_223-----------
[2026-05-16 16:29:45] ------ Processing date=2021-07-27 ------
[2026-05-16 16:29:45] Using viirs_af_path: viirs_af_path
[2026-05-16 16:29:45] VIIRS Image Date: ['2021-07-27 00:00:00']
[2026-05-16 16:29:46] Weather image size: 1
[2026-05-16 16:29:46] Forecast duration: 2021-07-28 00:00:00 to 2021-07-29 00:00:00
[2026-05-16 16:29:47] Number of forecast images: 24
[2026-05-16 16:29:47] Using forecast run: 2021-07-27 18:00:00 UTC
[2026-05-16 16:29:47] Forecast Rain Available hours: [6, 7, 8, 9, 10, 11, 12, 13, 14, 15, 16, 17, 18, 19, 20, 21, 22, 23, 24, 25, 26, 27, 28, 29]
[2026-05-16 16:29:47] Valid hours for sum: [12, 18, 24, 29]
[2026-05-16 16:29:50] Drought composite end date: 2021-07-24 06:00:00
[2026-05-16 16:29:51] Land cover year: 2020
[2026-05-16 16:29:53] VIIRS Veg composite: 2021-07-12 → 2021-07-28
[2026-05-16 16:29:58] Started export task: fire_223_static
[2026-05-16 16:29:59] Started export task: fire_223_dynamic_2021-07-27
[2026-05-16 16:29:59] ------ Processing date=2021-07-28 ------
[2026-05-16 16:29:59] Using viirs_af_path: viirs_af_path
[2026-05-16 16:29:59] VIIRS Image Date: ['2021-07-28 00:00:00']
[2026-05-16 16:29:59] Weather image size: 1
[2026-05-16 16:29:59] Forecast duration: 2021-07-29 00:00:00 to 2021-07-30 00:00:00
[2026-05-16 16:30:02] Number of forecast images: 24
[2026-05-16 16:30:02] Using forecast run: 2021-07-28 18:00:00 UTC
[2026-05-16 16:30:03] Forecast Rain Available hours: [6, 7, 8, 9, 10, 11, 12, 13, 14, 15, 16, 17, 18, 19, 20, 21, 22, 23, 24, 25, 26, 27, 28, 29]
[2026-05-16 16:30:03] Valid hours for sum: [12, 18, 24, 29]
[2026-05-16 16:30:08] Drought composite end date: 2021-07-24 06:00:00
[2026-05-16 16:30:08] Land cover year: 2020
[2026-05-16 16:30:10] VIIRS Veg composite: 2021-07-12 → 2021-07-28
[2026-05-16 16:30:13] Started export task: fire_223_dynamic_2021-07-28
[2026-05-16 16:30:13] ------ Processing date=2021-07-29 ------
[2026-05-16 16:30:13] Using viirs_af_path: viirs_af_path
[2026-05-16 16:30:14] VIIRS Image Date: ['2021-07-29 00:00:00']
[2026-05-16 16:30:14] Weather image size: 1
[2026-05-16 16:30:14] Forecast duration: 2021-07-30 00:00:00 to 2021-07-31 00:00:00
[2026-05-16 16:30:15] Number of forecast images: 24
[2026-05-16 16:30:15] Using forecast run: 2021-07-29 18:00:00 UTC
[2026-05-16 16:30:16] Forecast Rain Available hours: [6, 7, 8, 9, 10, 11, 12, 13, 14, 15, 16, 17, 18, 19, 20, 21, 22, 23, 24, 25, 26, 27, 28, 29]
[2026-05-16 16:30:16] Valid hours for sum: [12, 18, 24, 29]
[2026-05-16 16:30:17] Drought composite end date: 2021-07-24 06:00:00
[2026-05-16 16:30:18] Land cover year: 2020
[2026-05-16 16:30:20] VIIRS Veg composite: 2021-07-12 → 2021-07-28
[2026-05-16 16:30:23] Started export task: fire_223_dynamic_2021-07-29
[2026-05-16 16:30:24] ------ Processing date=2021-07-30 ------
[2026-05-16 16:30:24] Using viirs_af_path: viirs_af_path
[2026-05-16 16:30:25] VIIRS Image Date: ['2021-07-30 00:00:00']
[2026-05-16 16:30:25] Weather image size: 1
[2026-05-16 16:30:25] Forecast duration: 2021-07-31 00:00:00 to 2021-08-01 00:00:00
[2026-05-16 16:30:26] Number of forecast images: 24
[2026-05-16 16:30:26] Using forecast run: 2021-07-30 18:00:00 UTC
[2026-05-16 16:30:26] Forecast Rain Available hours: [6, 7, 8, 9, 10, 11, 12, 13, 14, 15, 16, 17, 18, 19, 20, 21, 22, 23, 24, 25, 26, 27, 28, 29]
[2026-05-16 16:30:26] Valid hours for sum: [12, 18, 24, 29]
[2026-05-16 16:30:28] Drought composite end date: 2021-07-29 06:00:00
[2026-05-16 16:30:28] Land cover year: 2020
[2026-05-16 16:30:29] VIIRS Veg composite: 2021-07-12 → 2021-07-28
[2026-05-16 16:30:33] Started export task: fire_223_dynamic_2021-07-30
[2026-05-16 16:30:34] ------ Processing date=2021-07-31 ------
[2026-05-16 16:30:34] Using viirs_af_path: viirs_af_path
[2026-05-16 16:30:34] VIIRS Image Date: ['2021-07-31 00:00:00']
[2026-05-16 16:30:34] Weather image size: 1
[2026-05-16 16:30:34] Forecast duration: 2021-08-01 00:00:00 to 2021-08-02 00:00:00
[2026-05-16 16:30:35] Number of forecast images: 24
[2026-05-16 16:30:35] Using forecast run: 2021-07-31 18:00:00 UTC
[2026-05-16 16:30:35] Forecast Rain Available hours: [6, 7, 8, 9, 10, 11, 12, 13, 14, 15, 16, 17, 18, 19, 20, 21, 22, 23, 24, 25, 26, 27, 28, 29]
[2026-05-16 16:30:35] Valid hours for sum: [12, 18, 24, 29]
[2026-05-16 16:30:40] Drought composite end date: 2021-07-29 06:00:00
[2026-05-16 16:30:40] Land cover year: 2020
[2026-05-16 16:30:41] VIIRS Veg composite: 2021-07-12 → 2021-07-28
[2026-05-16 16:30:44] Started export task: fire_223_dynamic_2021-07-31
[2026-05-16 16:30:44] ------ Processing date=2021-08-01 ------
[2026-05-16 16:30:44] Using viirs_af_path: viirs_af_path
[2026-05-16 16:30:45] VIIRS Image Date: ['2021-08-01 00:00:00']
[2026-05-16 16:30:45] Weather image size: 1
[2026-05-16 16:30:45] Forecast duration: 2021-08-02 00:00:00 to 2021-08-03 00:00:00
[2026-05-16 16:30:46] Number of forecast images: 24
[2026-05-16 16:30:46] Using forecast run: 2021-08-01 18:00:00 UTC
[2026-05-16 16:30:46] Forecast Rain Available hours: [6, 7, 8, 9, 10, 11, 12, 13, 14, 15, 16, 17, 18, 19, 20, 21, 22, 23, 24, 25, 26, 27, 28, 29]
[2026-05-16 16:30:46] Valid hours for sum: [12, 18, 24, 29]
[2026-05-16 16:30:48] Drought composite end date: 2021-07-29 06:00:00
[2026-05-16 16:30:49] Land cover year: 2020
[2026-05-16 16:30:51] VIIRS Veg composite: 2021-07-12 → 2021-07-28
[2026-05-16 16:30:55] Started export task: fire_223_dynamic_2021-08-01
[2026-05-16 16:30:56] ------ Processing date=2021-08-02 ------
[2026-05-16 16:30:56] Using viirs_af_path: viirs_af_path
[2026-05-16 16:30:56] VIIRS Image Date: ['2021-08-02 00:00:00']
[2026-05-16 16:30:56] Weather image size: 1
[2026-05-16 16:30:56] Forecast duration: 2021-08-03 00:00:00 to 2021-08-04 00:00:00
[2026-05-16 16:30:57] Number of forecast images: 24
[2026-05-16 16:30:57] Using forecast run: 2021-08-02 18:00:00 UTC
[2026-05-16 16:30:58] Forecast Rain Available hours: [6, 7, 8, 9, 10, 11, 12, 13, 14, 15, 16, 17, 18, 19, 20, 21, 22, 23, 24, 25, 26, 27, 28, 29]
[2026-05-16 16:30:58] Valid hours for sum: [12, 18, 24, 29]
[2026-05-16 16:31:00] Drought composite end date: 2021-07-29 06:00:00
[2026-05-16 16:31:01] Land cover year: 2020
[2026-05-16 16:31:02] VIIRS Veg composite: 2021-07-12 → 2021-07-28
[2026-05-16 16:31:06] Started export task: fire_223_dynamic_2021-08-02
[2026-05-16 16:31:06] ------ Processing date=2021-08-03 ------
[2026-05-16 16:31:06] Using viirs_af_path: viirs_af_path
[2026-05-16 16:31:06] VIIRS Image Date: ['2021-08-03 00:00:00']
[2026-05-16 16:31:07] Weather image size: 1
[2026-05-16 16:31:07] Forecast duration: 2021-08-04 00:00:00 to 2021-08-05 00:00:00
[2026-05-16 16:31:08] Number of forecast images: 24
[2026-05-16 16:31:08] Using forecast run: 2021-08-03 18:00:00 UTC
[2026-05-16 16:31:09] Forecast Rain Available hours: [6, 7, 8, 9, 10, 11, 12, 13, 14, 15, 16, 17, 18, 19, 20, 21, 22, 23, 24, 25, 26, 27, 28, 29]
[2026-05-16 16:31:09] Valid hours for sum: [12, 18, 24, 29]
[2026-05-16 16:31:11] Drought composite end date: 2021-07-29 06:00:00
[2026-05-16 16:31:11] Land cover year: 2020
[2026-05-16 16:31:12] VIIRS Veg composite: 2021-07-12 → 2021-07-28
[2026-05-16 16:31:18] Started export task: fire_223_dynamic_2021-08-03
[2026-05-16 16:31:18] ------ Processing date=2021-08-04 ------
[2026-05-16 16:31:18] Using viirs_af_path: viirs_af_path
[2026-05-16 16:31:19] VIIRS Image Date: ['2021-08-04 00:00:00']
[2026-05-16 16:31:19] Weather image size: 1
[2026-05-16 16:31:19] Forecast duration: 2021-08-05 00:00:00 to 2021-08-06 00:00:00
[2026-05-16 16:31:20] Number of forecast images: 24
[2026-05-16 16:31:20] Using forecast run: 2021-08-04 18:00:00 UTC
[2026-05-16 16:31:20] Forecast Rain Available hours: [6, 7, 8, 9, 10, 11, 12, 13, 14, 15, 16, 17, 18, 19, 20, 21, 22, 23, 24, 25, 26, 27, 28, 29]
[2026-05-16 16:31:20] Valid hours for sum: [12, 18, 24, 29]
[2026-05-16 16:31:23] Drought composite end date: 2021-08-03 06:00:00
[2026-05-16 16:31:23] Land cover year: 2020
[2026-05-16 16:31:24] VIIRS Veg composite: 2021-07-12 → 2021-07-28
[2026-05-16 16:31:28] Started export task: fire_223_dynamic_2021-08-04
[2026-05-16 16:31:28] ------ Processing date=2021-08-05 ------
[2026-05-16 16:31:28] Using viirs_af_path: viirs_af_path
[2026-05-16 16:31:29] VIIRS Image Date: ['2021-08-05 00:00:00']
[2026-05-16 16:31:29] Weather image size: 1
[2026-05-16 16:31:29] Forecast duration: 2021-08-06 00:00:00 to 2021-08-07 00:00:00
[2026-05-16 16:31:30] Number of forecast images: 24
[2026-05-16 16:31:30] Using forecast run: 2021-08-05 18:00:00 UTC
[2026-05-16 16:31:31] Forecast Rain Available hours: [6, 7, 8, 9, 10, 11, 12, 13, 14, 15, 16, 17, 18, 19, 20, 21, 22, 23, 24, 25, 26, 27, 28, 29]
[2026-05-16 16:31:31] Valid hours for sum: [12, 18, 24, 29]
[2026-05-16 16:31:33] Drought composite end date: 2021-08-03 06:00:00
[2026-05-16 16:31:33] Land cover year: 2020
[2026-05-16 16:31:34] VIIRS Veg composite: 2021-07-12 → 2021-07-28
[2026-05-16 16:31:38] Started export task: fire_223_dynamic_2021-08-05
[2026-05-16 16:31:38] ------ Processing date=2021-08-06 ------
[2026-05-16 16:31:38] Using viirs_af_path: viirs_af_path
[2026-05-16 16:31:39] VIIRS Image Date: ['2021-08-06 00:00:00']
[2026-05-16 16:31:39] Weather image size: 1
[2026-05-16 16:31:39] Forecast duration: 2021-08-07 00:00:00 to 2021-08-08 00:00:00
[2026-05-16 16:31:41] Number of forecast images: 24
[2026-05-16 16:31:41] Using forecast run: 2021-08-06 18:00:00 UTC
[2026-05-16 16:31:42] Forecast Rain Available hours: [6, 7, 8, 9, 10, 11, 12, 13, 14, 15, 16, 17, 18, 19, 20, 21, 22, 23, 24, 25, 26, 27, 28, 29]
[2026-05-16 16:31:42] Valid hours for sum: [12, 18, 24, 29]
[2026-05-16 16:31:43] Drought composite end date: 2021-08-03 06:00:00
[2026-05-16 16:31:44] Land cover year: 2020
[2026-05-16 16:31:45] VIIRS Veg composite: 2021-07-12 → 2021-07-28
[2026-05-16 16:31:48] Started export task: fire_223_dynamic_2021-08-06
[2026-05-16 16:31:48] ------ Processing date=2021-08-07 ------
[2026-05-16 16:31:48] Using viirs_af_path: viirs_af_path
[2026-05-16 16:31:48] VIIRS Image Date: ['2021-08-07 00:00:00']
[2026-05-16 16:31:49] Weather image size: 1
[2026-05-16 16:31:49] Forecast duration: 2021-08-08 00:00:00 to 2021-08-09 00:00:00
[2026-05-16 16:31:49] Number of forecast images: 24
[2026-05-16 16:31:49] Using forecast run: 2021-08-07 18:00:00 UTC
[2026-05-16 16:31:50] Forecast Rain Available hours: [6, 7, 8, 9, 10, 11, 12, 13, 14, 15, 16, 17, 18, 19, 20, 21, 22, 23, 24, 25, 26, 27, 28, 29]
[2026-05-16 16:31:50] Valid hours for sum: [12, 18, 24, 29]
[2026-05-16 16:31:52] Drought composite end date: 2021-08-03 06:00:00
[2026-05-16 16:31:53] Land cover year: 2020
[2026-05-16 16:31:54] VIIRS Veg composite: 2021-07-12 → 2021-07-28
[2026-05-16 16:31:58] Started export task: fire_223_dynamic_2021-08-07
[2026-05-16 16:31:58] ------ Processing date=2021-08-08 ------
[2026-05-16 16:31:58] Using viirs_af_path: viirs_af_path
[2026-05-16 16:31:59] VIIRS Image Date: ['2021-08-08 00:00:00']
[2026-05-16 16:31:59] Weather image size: 1
[2026-05-16 16:31:59] Forecast duration: 2021-08-09 00:00:00 to 2021-08-10 00:00:00
[2026-05-16 16:32:00] Number of forecast images: 24
[2026-05-16 16:32:00] Using forecast run: 2021-08-08 18:00:00 UTC
[2026-05-16 16:32:00] Forecast Rain Available hours: [6, 7, 8, 9, 10, 11, 12, 13, 14, 15, 16, 17, 18, 19, 20, 21, 22, 23, 24, 25, 26, 27, 28, 29]
[2026-05-16 16:32:00] Valid hours for sum: [12, 18, 24, 29]
[2026-05-16 16:32:02] Drought composite end date: 2021-08-03 06:00:00
[2026-05-16 16:32:02] Land cover year: 2020
[2026-05-16 16:32:03] VIIRS Veg composite: 2021-07-12 → 2021-07-28
[2026-05-16 16:32:09] Started export task: fire_223_dynamic_2021-08-08
[2026-05-16 16:32:09] ------ Processing date=2021-08-09 ------
[2026-05-16 16:32:09] Using viirs_af_path: viirs_af_path
[2026-05-16 16:32:10] VIIRS Image Date: ['2021-08-09 00:00:00']
[2026-05-16 16:32:10] Weather image size: 1
[2026-05-16 16:32:10] Forecast duration: 2021-08-10 00:00:00 to 2021-08-11 00:00:00
[2026-05-16 16:32:11] Number of forecast images: 24
[2026-05-16 16:32:11] Using forecast run: 2021-08-09 18:00:00 UTC
[2026-05-16 16:32:11] Forecast Rain Available hours: [6, 7, 8, 9, 10, 11, 12, 13, 14, 15, 16, 17, 18, 19, 20, 21, 22, 23, 24, 25, 26, 27, 28, 29]
[2026-05-16 16:32:11] Valid hours for sum: [12, 18, 24, 29]
[2026-05-16 16:32:14] Drought composite end date: 2021-08-08 06:00:00
[2026-05-16 16:32:14] Land cover year: 2020
[2026-05-16 16:32:16] VIIRS Veg composite: 2021-07-12 → 2021-07-28
[2026-05-16 16:32:19] Started export task: fire_223_dynamic_2021-08-09
[2026-05-16 16:32:20] ------ Processing date=2021-08-10 ------
[2026-05-16 16:32:20] Using viirs_af_path: viirs_af_path
[2026-05-16 16:32:20] VIIRS Image Date: ['2021-08-10 00:00:00']
[2026-05-16 16:32:20] Weather image size: 1
[2026-05-16 16:32:20] Forecast duration: 2021-08-11 00:00:00 to 2021-08-12 00:00:00
[2026-05-16 16:32:21] Number of forecast images: 24
[2026-05-16 16:32:21] Using forecast run: 2021-08-10 18:00:00 UTC
[2026-05-16 16:32:21] Forecast Rain Available hours: [6, 7, 8, 9, 10, 11, 12, 13, 14, 15, 16, 17, 18, 19, 20, 21, 22, 23, 24, 25, 26, 27, 28, 29]
[2026-05-16 16:32:21] Valid hours for sum: [12, 18, 24, 29]
[2026-05-16 16:32:23] Drought composite end date: 2021-08-08 06:00:00
[2026-05-16 16:32:23] Land cover year: 2020
[2026-05-16 16:32:25] VIIRS Veg composite: 2021-07-12 → 2021-07-28
[2026-05-16 16:32:29] Started export task: fire_223_dynamic_2021-08-10
[2026-05-16 16:32:30] ------ Processing date=2021-08-11 ------
[2026-05-16 16:32:30] Using viirs_af_path: viirs_af_path
[2026-05-16 16:32:30] VIIRS Image Date: ['2021-08-11 00:00:00']
[2026-05-16 16:32:30] Weather image size: 1
[2026-05-16 16:32:30] Forecast duration: 2021-08-12 00:00:00 to 2021-08-13 00:00:00
[2026-05-16 16:32:32] Number of forecast images: 24
[2026-05-16 16:32:32] Using forecast run: 2021-08-11 18:00:00 UTC
[2026-05-16 16:32:32] Forecast Rain Available hours: [6, 7, 8, 9, 10, 11, 12, 13, 14, 15, 16, 17, 18, 19, 20, 21, 22, 23, 24, 25, 26, 27, 28, 29]
[2026-05-16 16:32:32] Valid hours for sum: [12, 18, 24, 29]
[2026-05-16 16:32:35] Drought composite end date: 2021-08-08 06:00:00
[2026-05-16 16:32:35] Land cover year: 2020
[2026-05-16 16:32:36] VIIRS Veg composite: 2021-07-12 → 2021-07-28
[2026-05-16 16:32:39] Started export task: fire_223_dynamic_2021-08-11
[2026-05-16 16:32:40] ------ Processing date=2021-08-12 ------
[2026-05-16 16:32:40] Using viirs_af_path: viirs_af_path
[2026-05-16 16:32:40] VIIRS Image Date: ['2021-08-12 00:00:00']
[2026-05-16 16:32:40] Weather image size: 1
[2026-05-16 16:32:40] Forecast duration: 2021-08-13 00:00:00 to 2021-08-14 00:00:00
[2026-05-16 16:32:41] Number of forecast images: 24
[2026-05-16 16:32:41] Using forecast run: 2021-08-12 18:00:00 UTC
[2026-05-16 16:32:42] Forecast Rain Available hours: [6, 7, 8, 9, 10, 11, 12, 13, 14, 15, 16, 17, 18, 19, 20, 21, 22, 23, 24, 25, 26, 27, 28, 29]
[2026-05-16 16:32:42] Valid hours for sum: [12, 18, 24, 29]
[2026-05-16 16:32:44] Drought composite end date: 2021-08-08 06:00:00
[2026-05-16 16:32:45] Land cover year: 2020
[2026-05-16 16:32:46] VIIRS Veg composite: 2021-07-12 → 2021-07-28
[2026-05-16 16:32:51] Started export task: fire_223_dynamic_2021-08-12
[2026-05-16 16:32:52] ------ Processing date=2021-08-13 ------
[2026-05-16 16:32:52] Using viirs_af_path: viirs_af_path
[2026-05-16 16:32:53] VIIRS Image Date: ['2021-08-13 00:00:00']
[2026-05-16 16:32:53] Weather image size: 1
[2026-05-16 16:32:53] Forecast duration: 2021-08-14 00:00:00 to 2021-08-15 00:00:00
[2026-05-16 16:32:54] Number of forecast images: 24
[2026-05-16 16:32:54] Using forecast run: 2021-08-13 18:00:00 UTC
[2026-05-16 16:32:54] Forecast Rain Available hours: [6, 7, 8, 9, 10, 11, 12, 13, 14, 15, 16, 17, 18, 19, 20, 21, 22, 23, 24, 25, 26, 27, 28, 29]
[2026-05-16 16:32:54] Valid hours for sum: [12, 18, 24, 29]
[2026-05-16 16:32:55] Drought composite end date: 2021-08-08 06:00:00
[2026-05-16 16:32:55] Land cover year: 2020
[2026-05-16 16:32:57] VIIRS Veg composite: 2021-07-12 → 2021-07-28
[2026-05-16 16:33:00] Started export task: fire_223_dynamic_2021-08-13
[2026-05-16 16:33:01] ------ Processing date=2021-08-14 ------
[2026-05-16 16:33:01] Using viirs_af_path: viirs_af_path
[2026-05-16 16:33:01] VIIRS Image Date: ['2021-08-14 00:00:00']
[2026-05-16 16:33:01] Weather image size: 1
[2026-05-16 16:33:01] Forecast duration: 2021-08-15 00:00:00 to 2021-08-16 00:00:00
[2026-05-16 16:33:02] Number of forecast images: 24
[2026-05-16 16:33:02] Using forecast run: 2021-08-14 18:00:00 UTC
[2026-05-16 16:33:02] Forecast Rain Available hours: [6, 7, 8, 9, 10, 11, 12, 13, 14, 15, 16, 17, 18, 19, 20, 21, 22, 23, 24, 25, 26, 27, 28, 29]
[2026-05-16 16:33:02] Valid hours for sum: [12, 18, 24, 29]
[2026-05-16 16:33:05] Drought composite end date: 2021-08-13 06:00:00
[2026-05-16 16:33:05] Land cover year: 2020
[2026-05-16 16:33:06] VIIRS Veg composite: 2021-07-12 → 2021-07-28
[2026-05-16 16:33:10] Started export task: fire_223_dynamic_2021-08-14
[2026-05-16 16:33:10] ------ Processing date=2021-08-15 ------
[2026-05-16 16:33:10] Using viirs_af_path: viirs_af_path
[2026-05-16 16:33:10] VIIRS Image Date: ['2021-08-15 00:00:00']
[2026-05-16 16:33:11] Weather image size: 1
[2026-05-16 16:33:11] Forecast duration: 2021-08-16 00:00:00 to 2021-08-17 00:00:00
[2026-05-16 16:33:12] Number of forecast images: 24
[2026-05-16 16:33:12] Using forecast run: 2021-08-15 18:00:00 UTC
[2026-05-16 16:33:12] Forecast Rain Available hours: [6, 7, 8, 9, 10, 11, 12, 13, 14, 15, 16, 17, 18, 19, 20, 21, 22, 23, 24, 25, 26, 27, 28, 29]
[2026-05-16 16:33:12] Valid hours for sum: [12, 18, 24, 29]
[2026-05-16 16:33:14] Drought composite end date: 2021-08-13 06:00:00
[2026-05-16 16:33:14] Land cover year: 2020
[2026-05-16 16:33:15] VIIRS Veg composite: 2021-07-12 → 2021-07-28
[2026-05-16 16:33:18] Started export task: fire_223_dynamic_2021-08-15
[2026-05-16 16:33:18] ------ Processing date=2021-08-16 ------
[2026-05-16 16:33:18] Using viirs_af_path: viirs_af_path
[2026-05-16 16:33:18] VIIRS Image Date: ['2021-08-16 00:00:00']
[2026-05-16 16:33:18] Weather image size: 1
[2026-05-16 16:33:18] Forecast duration: 2021-08-17 00:00:00 to 2021-08-18 00:00:00
[2026-05-16 16:33:19] Number of forecast images: 24
[2026-05-16 16:33:19] Using forecast run: 2021-08-16 18:00:00 UTC
[2026-05-16 16:33:20] Forecast Rain Available hours: [6, 7, 8, 9, 10, 11, 12, 13, 14, 15, 16, 17, 18, 19, 20, 21, 22, 23, 24, 25, 26, 27, 28, 29]
[2026-05-16 16:33:20] Valid hours for sum: [12, 18, 24, 29]
[2026-05-16 16:33:21] Drought composite end date: 2021-08-13 06:00:00
[2026-05-16 16:33:21] Land cover year: 2020
[2026-05-16 16:33:22] VIIRS Veg composite: 2021-07-12 → 2021-07-28
[2026-05-16 16:33:26] Started export task: fire_223_dynamic_2021-08-16
[2026-05-16 16:33:27] ------ Processing date=2021-08-17 ------
[2026-05-16 16:33:27] Using viirs_af_path: viirs_af_path
[2026-05-16 16:33:27] VIIRS Image Date: ['2021-08-17 00:00:00']
[2026-05-16 16:33:28] Weather image size: 1
[2026-05-16 16:33:28] Forecast duration: 2021-08-18 00:00:00 to 2021-08-19 00:00:00
[2026-05-16 16:33:28] Number of forecast images: 24
[2026-05-16 16:33:28] Using forecast run: 2021-08-17 18:00:00 UTC
[2026-05-16 16:33:29] Forecast Rain Available hours: [6, 7, 8, 9, 10, 11, 12, 13, 14, 15, 16, 17, 18, 19, 20, 21, 22, 23, 24, 25, 26, 27, 28, 29]
[2026-05-16 16:33:29] Valid hours for sum: [12, 18, 24, 29]
[2026-05-16 16:33:31] Drought composite end date: 2021-08-13 06:00:00
[2026-05-16 16:33:31] Land cover year: 2020
[2026-05-16 16:33:32] VIIRS Veg composite: 2021-07-12 → 2021-07-28
[2026-05-16 16:33:36] Started export task: fire_223_dynamic_2021-08-17
[2026-05-16 16:33:37] ------ Processing date=2021-08-18 ------
[2026-05-16 16:33:37] Using viirs_af_path: viirs_af_path
[2026-05-16 16:33:37] VIIRS Image Date: ['2021-08-18 00:00:00']
[2026-05-16 16:33:37] Weather image size: 1
[2026-05-16 16:33:37] Forecast duration: 2021-08-19 00:00:00 to 2021-08-20 00:00:00
[2026-05-16 16:33:38] Number of forecast images: 24
[2026-05-16 16:33:38] Using forecast run: 2021-08-18 18:00:00 UTC
[2026-05-16 16:33:38] Forecast Rain Available hours: [6, 7, 8, 9, 10, 11, 12, 13, 14, 15, 16, 17, 18, 19, 20, 21, 22, 23, 24, 25, 26, 27, 28, 29]
[2026-05-16 16:33:38] Valid hours for sum: [12, 18, 24, 29]
[2026-05-16 16:33:40] Drought composite end date: 2021-08-13 06:00:00
[2026-05-16 16:33:41] Land cover year: 2020
[2026-05-16 16:33:41] VIIRS Veg composite: 2021-07-12 → 2021-07-28
[2026-05-16 16:33:46] Started export task: fire_223_dynamic_2021-08-18
[2026-05-16 16:33:46] ------ Processing date=2021-08-19 ------
[2026-05-16 16:33:46] Using viirs_af_path: viirs_af_path
[2026-05-16 16:33:46] VIIRS Image Date: ['2021-08-19 00:00:00']
[2026-05-16 16:33:47] Weather image size: 1
[2026-05-16 16:33:47] Forecast duration: 2021-08-20 00:00:00 to 2021-08-21 00:00:00
[2026-05-16 16:33:47] Number of forecast images: 24
[2026-05-16 16:33:47] Using forecast run: 2021-08-19 18:00:00 UTC
[2026-05-16 16:33:48] Forecast Rain Available hours: [6, 7, 8, 9, 10, 11, 12, 13, 14, 15, 16, 17, 18, 19, 20, 21, 22, 23, 24, 25, 26, 27, 28, 29]
[2026-05-16 16:33:48] Valid hours for sum: [12, 18, 24, 29]
[2026-05-16 16:33:50] Drought composite end date: 2021-08-18 06:00:00
[2026-05-16 16:33:50] Land cover year: 2020
[2026-05-16 16:33:51] VIIRS Veg composite: 2021-07-12 → 2021-07-28
[2026-05-16 16:33:54] Started export task: fire_223_dynamic_2021-08-19
[2026-05-16 16:33:55] ------ Processing date=2021-08-20 ------
[2026-05-16 16:33:55] Using viirs_af_path: viirs_af_path
[2026-05-16 16:33:55] VIIRS Image Date: ['2021-08-20 00:00:00']
[2026-05-16 16:33:55] Weather image size: 1
[2026-05-16 16:33:55] Forecast duration: 2021-08-21 00:00:00 to 2021-08-22 00:00:00
[2026-05-16 16:33:56] Number of forecast images: 24
[2026-05-16 16:33:56] Using forecast run: 2021-08-20 18:00:00 UTC
[2026-05-16 16:33:56] Forecast Rain Available hours: [6, 7, 8, 9, 10, 11, 12, 13, 14, 15, 16, 17, 18, 19, 20, 21, 22, 23, 24, 25, 26, 27, 28, 29]
[2026-05-16 16:33:56] Valid hours for sum: [12, 18, 24, 29]
[2026-05-16 16:33:58] Drought composite end date: 2021-08-18 06:00:00
[2026-05-16 16:33:59] Land cover year: 2020
[2026-05-16 16:34:00] VIIRS Veg composite: 2021-07-12 → 2021-07-28
[2026-05-16 16:34:04] Started export task: fire_223_dynamic_2021-08-20
[2026-05-16 16:34:04] ------ Processing date=2021-08-21 ------
[2026-05-16 16:34:04] Using viirs_af_path: viirs_af_path
[2026-05-16 16:34:05] VIIRS Image Date: ['2021-08-21 00:00:00']
[2026-05-16 16:34:05] Weather image size: 1
[2026-05-16 16:34:05] Forecast duration: 2021-08-22 00:00:00 to 2021-08-23 00:00:00
[2026-05-16 16:34:06] Number of forecast images: 24
[2026-05-16 16:34:06] Using forecast run: 2021-08-21 18:00:00 UTC
[2026-05-16 16:34:06] Forecast Rain Available hours: [6, 7, 8, 9, 10, 11, 12, 13, 14, 15, 16, 17, 18, 19, 20, 21, 22, 23, 24, 25, 26, 27, 28, 29]
[2026-05-16 16:34:06] Valid hours for sum: [12, 18, 24, 29]
[2026-05-16 16:34:08] Drought composite end date: 2021-08-18 06:00:00
[2026-05-16 16:34:08] Land cover year: 2020
[2026-05-16 16:34:09] VIIRS Veg composite: 2021-07-12 → 2021-07-28
[2026-05-16 16:34:13] Started export task: fire_223_dynamic_2021-08-21
[2026-05-16 16:34:14] ------ Processing date=2021-08-22 ------
[2026-05-16 16:34:14] Using viirs_af_path: viirs_af_path
[2026-05-16 16:34:14] VIIRS Image Date: ['2021-08-22 00:00:00']
[2026-05-16 16:34:15] Weather image size: 1
[2026-05-16 16:34:15] Forecast duration: 2021-08-23 00:00:00 to 2021-08-24 00:00:00
[2026-05-16 16:34:15] Number of forecast images: 24
[2026-05-16 16:34:15] Using forecast run: 2021-08-22 18:00:00 UTC
[2026-05-16 16:34:16] Forecast Rain Available hours: [6, 7, 8, 9, 10, 11, 12, 13, 14, 15, 16, 17, 18, 19, 20, 21, 22, 23, 24, 25, 26, 27, 28, 29]
[2026-05-16 16:34:16] Valid hours for sum: [12, 18, 24, 29]
[2026-05-16 16:34:18] Drought composite end date: 2021-08-18 06:00:00
[2026-05-16 16:34:19] Land cover year: 2020
[2026-05-16 16:34:20] VIIRS Veg composite: 2021-07-12 → 2021-07-28
[2026-05-16 16:34:23] Started export task: fire_223_dynamic_2021-08-22
[2026-05-16 16:34:24] ------ Processing date=2021-08-23 ------
[2026-05-16 16:34:24] Using viirs_af_path: viirs_af_path
[2026-05-16 16:34:24] VIIRS Image Date: ['2021-08-23 00:00:00']
[2026-05-16 16:34:25] Weather image size: 1
[2026-05-16 16:34:25] Forecast duration: 2021-08-24 00:00:00 to 2021-08-25 00:00:00
[2026-05-16 16:34:26] Number of forecast images: 24
[2026-05-16 16:34:26] Using forecast run: 2021-08-23 18:00:00 UTC
[2026-05-16 16:34:26] Forecast Rain Available hours: [6, 7, 8, 9, 10, 11, 12, 13, 14, 15, 16, 17, 18, 19, 20, 21, 22, 23, 24, 25, 26, 27, 28, 29]
[2026-05-16 16:34:26] Valid hours for sum: [12, 18, 24, 29]
[2026-05-16 16:34:28] Drought composite end date: 2021-08-18 06:00:00
[2026-05-16 16:34:29] Land cover year: 2020
[2026-05-16 16:34:30] VIIRS Veg composite: 2021-07-12 → 2021-07-28
[2026-05-16 16:34:35] Started export task: fire_223_dynamic_2021-08-23
[2026-05-16 16:34:36] ------ Processing date=2021-08-24 ------
[2026-05-16 16:34:36] Using viirs_af_path: viirs_af_path
[2026-05-16 16:34:36] VIIRS Image Date: ['2021-08-24 00:00:00']
[2026-05-16 16:34:36] Weather image size: 1
[2026-05-16 16:34:36] Forecast duration: 2021-08-25 00:00:00 to 2021-08-26 00:00:00
[2026-05-16 16:34:38] Number of forecast images: 24
[2026-05-16 16:34:38] Using forecast run: 2021-08-24 18:00:00 UTC
[2026-05-16 16:34:39] Forecast Rain Available hours: [6, 7, 8, 9, 10, 11, 12, 13, 14, 15, 16, 17, 18, 19, 20, 21, 22, 23, 24, 25, 26, 27, 28, 29]
[2026-05-16 16:34:39] Valid hours for sum: [12, 18, 24, 29]
[2026-05-16 16:34:41] Drought composite end date: 2021-08-23 06:00:00
[2026-05-16 16:34:41] Land cover year: 2020
[2026-05-16 16:34:42] VIIRS Veg composite: 2021-07-12 → 2021-07-28
[2026-05-16 16:34:46] Started export task: fire_223_dynamic_2021-08-24
[2026-05-16 16:34:46] ------ Processing date=2021-08-25 ------
[2026-05-16 16:34:46] Using viirs_af_path: viirs_af_path
[2026-05-16 16:34:47] VIIRS Image Date: ['2021-08-25 00:00:00']
[2026-05-16 16:34:47] Weather image size: 1
[2026-05-16 16:34:47] Forecast duration: 2021-08-26 00:00:00 to 2021-08-27 00:00:00
[2026-05-16 16:34:47] Number of forecast images: 24
[2026-05-16 16:34:47] Using forecast run: 2021-08-25 18:00:00 UTC
[2026-05-16 16:34:48] Forecast Rain Available hours: [6, 7, 8, 9, 10, 11, 12, 13, 14, 15, 16, 17, 18, 19, 20, 21, 22, 23, 24, 25, 26, 27, 28, 29]
[2026-05-16 16:34:48] Valid hours for sum: [12, 18, 24, 29]
[2026-05-16 16:34:50] Drought composite end date: 2021-08-23 06:00:00
[2026-05-16 16:34:50] Land cover year: 2020
[2026-05-16 16:34:51] VIIRS Veg composite: 2021-07-12 → 2021-07-28
[2026-05-16 16:34:55] Started export task: fire_223_dynamic_2021-08-25
[2026-05-16 16:34:55] ------ Processing date=2021-08-26 ------
[2026-05-16 16:34:55] Using viirs_af_path: viirs_af_path
[2026-05-16 16:34:56] VIIRS Image Date: ['2021-08-26 00:00:00']
[2026-05-16 16:34:56] Weather image size: 1
[2026-05-16 16:34:56] Forecast duration: 2021-08-27 00:00:00 to 2021-08-28 00:00:00
[2026-05-16 16:34:57] Number of forecast images: 24
[2026-05-16 16:34:57] Using forecast run: 2021-08-26 18:00:00 UTC
[2026-05-16 16:34:58] Forecast Rain Available hours: [6, 7, 8, 9, 10, 11, 12, 13, 14, 15, 16, 17, 18, 19, 20, 21, 22, 23, 24, 25, 26, 27, 28, 29]
[2026-05-16 16:34:58] Valid hours for sum: [12, 18, 24, 29]
[2026-05-16 16:34:59] Drought composite end date: 2021-08-23 06:00:00
[2026-05-16 16:34:59] Land cover year: 2020
[2026-05-16 16:35:01] VIIRS Veg composite: 2021-07-12 → 2021-07-28
[2026-05-16 16:35:04] Started export task: fire_223_dynamic_2021-08-26
[2026-05-16 16:35:05] ------ Processing date=2021-08-27 ------
[2026-05-16 16:35:05] Using viirs_af_path: viirs_af_path
[2026-05-16 16:35:05] VIIRS Image Date: ['2021-08-27 00:00:00']
[2026-05-16 16:35:05] Weather image size: 1
[2026-05-16 16:35:05] Forecast duration: 2021-08-28 00:00:00 to 2021-08-29 00:00:00
[2026-05-16 16:35:06] Number of forecast images: 24
[2026-05-16 16:35:06] Using forecast run: 2021-08-27 18:00:00 UTC
[2026-05-16 16:35:07] Forecast Rain Available hours: [6, 7, 8, 9, 10, 11, 12, 13, 14, 15, 16, 17, 18, 19, 20, 21, 22, 23, 24, 25, 26, 27, 28, 29]
[2026-05-16 16:35:07] Valid hours for sum: [12, 18, 24, 29]
[2026-05-16 16:35:09] Drought composite end date: 2021-08-23 06:00:00
[2026-05-16 16:35:09] Land cover year: 2020
[2026-05-16 16:35:10] VIIRS Veg composite: 2021-07-12 → 2021-07-28
[2026-05-16 16:35:14] Started export task: fire_223_dynamic_2021-08-27
[2026-05-16 16:35:15] END: ----------Event fire_223----------- (Duration: 5.50m)
[2026-05-16 16:35:15] START: ----------Event fire_224-----------
[2026-05-16 16:35:15] ------ Processing date=2021-07-27 ------
[2026-05-16 16:35:15] Using viirs_af_path: viirs_af_path
[2026-05-16 16:35:15] VIIRS Image Date: ['2021-07-27 00:00:00']
[2026-05-16 16:35:15] Weather image size: 1
[2026-05-16 16:35:15] Forecast duration: 2021-07-28 00:00:00 to 2021-07-29 00:00:00
[2026-05-16 16:35:16] Number of forecast images: 24
[2026-05-16 16:35:16] Using forecast run: 2021-07-27 18:00:00 UTC
[2026-05-16 16:35:16] Forecast Rain Available hours: [6, 7, 8, 9, 10, 11, 12, 13, 14, 15, 16, 17, 18, 19, 20, 21, 22, 23, 24, 25, 26, 27, 28, 29]
[2026-05-16 16:35:16] Valid hours for sum: [12, 18, 24, 29]
[2026-05-16 16:35:18] Drought composite end date: 2021-07-24 06:00:00
[2026-05-16 16:35:18] Land cover year: 2020
[2026-05-16 16:35:19] VIIRS Veg composite: 2021-07-12 → 2021-07-28
[2026-05-16 16:35:22] Started export task: fire_224_static
[2026-05-16 16:35:23] Started export task: fire_224_dynamic_2021-07-27
[2026-05-16 16:35:23] ------ Processing date=2021-07-28 ------
[2026-05-16 16:35:23] Using viirs_af_path: viirs_af_path
[2026-05-16 16:35:23] VIIRS Image Date: ['2021-07-28 00:00:00']
[2026-05-16 16:35:23] Weather image size: 1
[2026-05-16 16:35:23] Forecast duration: 2021-07-29 00:00:00 to 2021-07-30 00:00:00
[2026-05-16 16:35:24] Number of forecast images: 24
[2026-05-16 16:35:24] Using forecast run: 2021-07-28 18:00:00 UTC
[2026-05-16 16:35:25] Forecast Rain Available hours: [6, 7, 8, 9, 10, 11, 12, 13, 14, 15, 16, 17, 18, 19, 20, 21, 22, 23, 24, 25, 26, 27, 28, 29]
[2026-05-16 16:35:25] Valid hours for sum: [12, 18, 24, 29]
[2026-05-16 16:35:26] Drought composite end date: 2021-07-24 06:00:00
[2026-05-16 16:35:27] Land cover year: 2020
[2026-05-16 16:35:28] VIIRS Veg composite: 2021-07-12 → 2021-07-28
[2026-05-16 16:35:31] Started export task: fire_224_dynamic_2021-07-28
[2026-05-16 16:35:31] ------ Processing date=2021-07-29 ------
[2026-05-16 16:35:31] Using viirs_af_path: viirs_af_path
[2026-05-16 16:35:32] VIIRS Image Date: ['2021-07-29 00:00:00']
[2026-05-16 16:35:32] Weather image size: 1
[2026-05-16 16:35:32] Forecast duration: 2021-07-30 00:00:00 to 2021-07-31 00:00:00
[2026-05-16 16:35:33] Number of forecast images: 24
[2026-05-16 16:35:33] Using forecast run: 2021-07-29 18:00:00 UTC
[2026-05-16 16:35:34] Forecast Rain Available hours: [6, 7, 8, 9, 10, 11, 12, 13, 14, 15, 16, 17, 18, 19, 20, 21, 22, 23, 24, 25, 26, 27, 28, 29]
[2026-05-16 16:35:34] Valid hours for sum: [12, 18, 24, 29]
[2026-05-16 16:35:35] Drought composite end date: 2021-07-24 06:00:00
[2026-05-16 16:35:35] Land cover year: 2020
[2026-05-16 16:35:37] VIIRS Veg composite: 2021-07-12 → 2021-07-28
[2026-05-16 16:35:40] Started export task: fire_224_dynamic_2021-07-29
[2026-05-16 16:35:40] ------ Processing date=2021-07-30 ------
[2026-05-16 16:35:40] Using viirs_af_path: viirs_af_path
[2026-05-16 16:35:41] VIIRS Image Date: ['2021-07-30 00:00:00']
[2026-05-16 16:35:41] Weather image size: 1
[2026-05-16 16:35:41] Forecast duration: 2021-07-31 00:00:00 to 2021-08-01 00:00:00
[2026-05-16 16:35:43] Number of forecast images: 24
[2026-05-16 16:35:43] Using forecast run: 2021-07-30 18:00:00 UTC
[2026-05-16 16:35:43] Forecast Rain Available hours: [6, 7, 8, 9, 10, 11, 12, 13, 14, 15, 16, 17, 18, 19, 20, 21, 22, 23, 24, 25, 26, 27, 28, 29]
[2026-05-16 16:35:43] Valid hours for sum: [12, 18, 24, 29]
[2026-05-16 16:35:45] Drought composite end date: 2021-07-29 06:00:00
[2026-05-16 16:35:46] Land cover year: 2020
[2026-05-16 16:35:47] VIIRS Veg composite: 2021-07-12 → 2021-07-28
[2026-05-16 16:35:52] Started export task: fire_224_dynamic_2021-07-30
[2026-05-16 16:35:53] ------ Processing date=2021-07-31 ------
[2026-05-16 16:35:53] Using viirs_af_path: viirs_af_path
[2026-05-16 16:35:53] VIIRS Image Date: ['2021-07-31 00:00:00']
[2026-05-16 16:35:53] Weather image size: 1
[2026-05-16 16:35:53] Forecast duration: 2021-08-01 00:00:00 to 2021-08-02 00:00:00
[2026-05-16 16:35:54] Number of forecast images: 24
[2026-05-16 16:35:54] Using forecast run: 2021-07-31 18:00:00 UTC
[2026-05-16 16:35:54] Forecast Rain Available hours: [6, 7, 8, 9, 10, 11, 12, 13, 14, 15, 16, 17, 18, 19, 20, 21, 22, 23, 24, 25, 26, 27, 28, 29]
[2026-05-16 16:35:54] Valid hours for sum: [12, 18, 24, 29]
[2026-05-16 16:35:56] Drought composite end date: 2021-07-29 06:00:00
[2026-05-16 16:35:56] Land cover year: 2020
[2026-05-16 16:35:57] VIIRS Veg composite: 2021-07-12 → 2021-07-28
[2026-05-16 16:36:01] Started export task: fire_224_dynamic_2021-07-31
[2026-05-16 16:36:01] ------ Processing date=2021-08-01 ------
[2026-05-16 16:36:01] Using viirs_af_path: viirs_af_path
[2026-05-16 16:36:02] VIIRS Image Date: ['2021-08-01 00:00:00']
[2026-05-16 16:36:02] Weather image size: 1
[2026-05-16 16:36:02] Forecast duration: 2021-08-02 00:00:00 to 2021-08-03 00:00:00
[2026-05-16 16:36:03] Number of forecast images: 24
[2026-05-16 16:36:03] Using forecast run: 2021-08-01 18:00:00 UTC
[2026-05-16 16:36:03] Forecast Rain Available hours: [6, 7, 8, 9, 10, 11, 12, 13, 14, 15, 16, 17, 18, 19, 20, 21, 22, 23, 24, 25, 26, 27, 28, 29]
[2026-05-16 16:36:03] Valid hours for sum: [12, 18, 24, 29]
[2026-05-16 16:36:06] Drought composite end date: 2021-07-29 06:00:00
[2026-05-16 16:36:06] Land cover year: 2020
[2026-05-16 16:36:07] VIIRS Veg composite: 2021-07-12 → 2021-07-28
[2026-05-16 16:36:10] Started export task: fire_224_dynamic_2021-08-01
[2026-05-16 16:36:11] ------ Processing date=2021-08-02 ------
[2026-05-16 16:36:11] Using viirs_af_path: viirs_af_path
[2026-05-16 16:36:11] VIIRS Image Date: ['2021-08-02 00:00:00']
[2026-05-16 16:36:11] Weather image size: 1
[2026-05-16 16:36:11] Forecast duration: 2021-08-03 00:00:00 to 2021-08-04 00:00:00
[2026-05-16 16:36:12] Number of forecast images: 24
[2026-05-16 16:36:12] Using forecast run: 2021-08-02 18:00:00 UTC
[2026-05-16 16:36:12] Forecast Rain Available hours: [6, 7, 8, 9, 10, 11, 12, 13, 14, 15, 16, 17, 18, 19, 20, 21, 22, 23, 24, 25, 26, 27, 28, 29]
[2026-05-16 16:36:12] Valid hours for sum: [12, 18, 24, 29]
[2026-05-16 16:36:15] Drought composite end date: 2021-07-29 06:00:00
[2026-05-16 16:36:15] Land cover year: 2020
[2026-05-16 16:36:16] VIIRS Veg composite: 2021-07-12 → 2021-07-28
[2026-05-16 16:36:19] Started export task: fire_224_dynamic_2021-08-02
[2026-05-16 16:36:20] ------ Processing date=2021-08-03 ------
[2026-05-16 16:36:20] Using viirs_af_path: viirs_af_path
[2026-05-16 16:36:20] VIIRS Image Date: ['2021-08-03 00:00:00']
[2026-05-16 16:36:20] Weather image size: 1
[2026-05-16 16:36:20] Forecast duration: 2021-08-04 00:00:00 to 2021-08-05 00:00:00
[2026-05-16 16:36:21] Number of forecast images: 24
[2026-05-16 16:36:21] Using forecast run: 2021-08-03 18:00:00 UTC
[2026-05-16 16:36:22] Forecast Rain Available hours: [6, 7, 8, 9, 10, 11, 12, 13, 14, 15, 16, 17, 18, 19, 20, 21, 22, 23, 24, 25, 26, 27, 28, 29]
[2026-05-16 16:36:22] Valid hours for sum: [12, 18, 24, 29]
[2026-05-16 16:36:24] Drought composite end date: 2021-07-29 06:00:00
[2026-05-16 16:36:24] Land cover year: 2020
[2026-05-16 16:36:25] VIIRS Veg composite: 2021-07-12 → 2021-07-28
[2026-05-16 16:36:28] Started export task: fire_224_dynamic_2021-08-03
[2026-05-16 16:36:28] ------ Processing date=2021-08-04 ------
[2026-05-16 16:36:28] Using viirs_af_path: viirs_af_path
[2026-05-16 16:36:28] VIIRS Image Date: ['2021-08-04 00:00:00']
[2026-05-16 16:36:29] Weather image size: 1
[2026-05-16 16:36:29] Forecast duration: 2021-08-05 00:00:00 to 2021-08-06 00:00:00
[2026-05-16 16:36:29] Number of forecast images: 24
[2026-05-16 16:36:29] Using forecast run: 2021-08-04 18:00:00 UTC
[2026-05-16 16:36:30] Forecast Rain Available hours: [6, 7, 8, 9, 10, 11, 12, 13, 14, 15, 16, 17, 18, 19, 20, 21, 22, 23, 24, 25, 26, 27, 28, 29]
[2026-05-16 16:36:30] Valid hours for sum: [12, 18, 24, 29]
[2026-05-16 16:36:32] Drought composite end date: 2021-08-03 06:00:00
[2026-05-16 16:36:32] Land cover year: 2020
[2026-05-16 16:36:33] VIIRS Veg composite: 2021-07-12 → 2021-07-28
[2026-05-16 16:36:36] Started export task: fire_224_dynamic_2021-08-04
[2026-05-16 16:36:37] ------ Processing date=2021-08-05 ------
[2026-05-16 16:36:37] Using viirs_af_path: viirs_af_path
[2026-05-16 16:36:37] VIIRS Image Date: ['2021-08-05 00:00:00']
[2026-05-16 16:36:37] Weather image size: 1
[2026-05-16 16:36:37] Forecast duration: 2021-08-06 00:00:00 to 2021-08-07 00:00:00
[2026-05-16 16:36:38] Number of forecast images: 24
[2026-05-16 16:36:38] Using forecast run: 2021-08-05 18:00:00 UTC
[2026-05-16 16:36:38] Forecast Rain Available hours: [6, 7, 8, 9, 10, 11, 12, 13, 14, 15, 16, 17, 18, 19, 20, 21, 22, 23, 24, 25, 26, 27, 28, 29]
[2026-05-16 16:36:38] Valid hours for sum: [12, 18, 24, 29]
[2026-05-16 16:36:40] Drought composite end date: 2021-08-03 06:00:00
[2026-05-16 16:36:40] Land cover year: 2020
[2026-05-16 16:36:41] VIIRS Veg composite: 2021-07-12 → 2021-07-28
[2026-05-16 16:36:45] Started export task: fire_224_dynamic_2021-08-05
[2026-05-16 16:36:46] ------ Processing date=2021-08-06 ------
[2026-05-16 16:36:46] Using viirs_af_path: viirs_af_path
[2026-05-16 16:36:47] VIIRS Image Date: ['2021-08-06 00:00:00']
[2026-05-16 16:36:47] Weather image size: 1
[2026-05-16 16:36:47] Forecast duration: 2021-08-07 00:00:00 to 2021-08-08 00:00:00
[2026-05-16 16:36:48] Number of forecast images: 24
[2026-05-16 16:36:48] Using forecast run: 2021-08-06 18:00:00 UTC
[2026-05-16 16:36:48] Forecast Rain Available hours: [6, 7, 8, 9, 10, 11, 12, 13, 14, 15, 16, 17, 18, 19, 20, 21, 22, 23, 24, 25, 26, 27, 28, 29]
[2026-05-16 16:36:48] Valid hours for sum: [12, 18, 24, 29]
[2026-05-16 16:36:51] Drought composite end date: 2021-08-03 06:00:00
[2026-05-16 16:36:51] Land cover year: 2020
[2026-05-16 16:36:52] VIIRS Veg composite: 2021-07-12 → 2021-07-28
[2026-05-16 16:36:55] Started export task: fire_224_dynamic_2021-08-06
[2026-05-16 16:36:56] ------ Processing date=2021-08-07 ------
[2026-05-16 16:36:56] Using viirs_af_path: viirs_af_path
[2026-05-16 16:36:56] VIIRS Image Date: ['2021-08-07 00:00:00']
[2026-05-16 16:36:56] Weather image size: 1
[2026-05-16 16:36:56] Forecast duration: 2021-08-08 00:00:00 to 2021-08-09 00:00:00
[2026-05-16 16:36:57] Number of forecast images: 24
[2026-05-16 16:36:57] Using forecast run: 2021-08-07 18:00:00 UTC
[2026-05-16 16:36:58] Forecast Rain Available hours: [6, 7, 8, 9, 10, 11, 12, 13, 14, 15, 16, 17, 18, 19, 20, 21, 22, 23, 24, 25, 26, 27, 28, 29]
[2026-05-16 16:36:58] Valid hours for sum: [12, 18, 24, 29]
[2026-05-16 16:37:09] Drought composite end date: 2021-08-03 06:00:00
[2026-05-16 16:37:09] Land cover year: 2020
[2026-05-16 16:37:10] VIIRS Veg composite: 2021-07-12 → 2021-07-28
[2026-05-16 16:37:14] Started export task: fire_224_dynamic_2021-08-07
[2026-05-16 16:37:15] ------ Processing date=2021-08-08 ------
[2026-05-16 16:37:15] Using viirs_af_path: viirs_af_path
[2026-05-16 16:37:15] VIIRS Image Date: ['2021-08-08 00:00:00']
[2026-05-16 16:37:15] Weather image size: 1
[2026-05-16 16:37:15] Forecast duration: 2021-08-09 00:00:00 to 2021-08-10 00:00:00
[2026-05-16 16:37:17] Number of forecast images: 24
[2026-05-16 16:37:17] Using forecast run: 2021-08-08 18:00:00 UTC
[2026-05-16 16:37:17] Forecast Rain Available hours: [6, 7, 8, 9, 10, 11, 12, 13, 14, 15, 16, 17, 18, 19, 20, 21, 22, 23, 24, 25, 26, 27, 28, 29]
[2026-05-16 16:37:17] Valid hours for sum: [12, 18, 24, 29]
[2026-05-16 16:37:20] Drought composite end date: 2021-08-03 06:00:00
[2026-05-16 16:37:20] Land cover year: 2020
[2026-05-16 16:37:21] VIIRS Veg composite: 2021-07-12 → 2021-07-28
[2026-05-16 16:37:26] Started export task: fire_224_dynamic_2021-08-08
[2026-05-16 16:37:26] ------ Processing date=2021-08-09 ------
[2026-05-16 16:37:26] Using viirs_af_path: viirs_af_path
[2026-05-16 16:37:27] VIIRS Image Date: ['2021-08-09 00:00:00']
[2026-05-16 16:37:27] Weather image size: 1
[2026-05-16 16:37:27] Forecast duration: 2021-08-10 00:00:00 to 2021-08-11 00:00:00
[2026-05-16 16:37:28] Number of forecast images: 24
[2026-05-16 16:37:28] Using forecast run: 2021-08-09 18:00:00 UTC
[2026-05-16 16:37:28] Forecast Rain Available hours: [6, 7, 8, 9, 10, 11, 12, 13, 14, 15, 16, 17, 18, 19, 20, 21, 22, 23, 24, 25, 26, 27, 28, 29]
[2026-05-16 16:37:28] Valid hours for sum: [12, 18, 24, 29]
[2026-05-16 16:37:30] Drought composite end date: 2021-08-08 06:00:00
[2026-05-16 16:37:30] Land cover year: 2020
[2026-05-16 16:37:31] VIIRS Veg composite: 2021-07-12 → 2021-07-28
[2026-05-16 16:37:35] Started export task: fire_224_dynamic_2021-08-09
[2026-05-16 16:37:35] ------ Processing date=2021-08-10 ------
[2026-05-16 16:37:35] Using viirs_af_path: viirs_af_path
[2026-05-16 16:37:36] VIIRS Image Date: ['2021-08-10 00:00:00']
[2026-05-16 16:37:36] Weather image size: 1
[2026-05-16 16:37:36] Forecast duration: 2021-08-11 00:00:00 to 2021-08-12 00:00:00
[2026-05-16 16:37:37] Number of forecast images: 24
[2026-05-16 16:37:37] Using forecast run: 2021-08-10 18:00:00 UTC
[2026-05-16 16:37:37] Forecast Rain Available hours: [6, 7, 8, 9, 10, 11, 12, 13, 14, 15, 16, 17, 18, 19, 20, 21, 22, 23, 24, 25, 26, 27, 28, 29]
[2026-05-16 16:37:37] Valid hours for sum: [12, 18, 24, 29]
[2026-05-16 16:37:39] Drought composite end date: 2021-08-08 06:00:00
[2026-05-16 16:37:40] Land cover year: 2020
[2026-05-16 16:37:41] VIIRS Veg composite: 2021-07-12 → 2021-07-28
[2026-05-16 16:37:44] Started export task: fire_224_dynamic_2021-08-10
[2026-05-16 16:37:45] ------ Processing date=2021-08-11 ------
[2026-05-16 16:37:45] Using viirs_af_path: viirs_af_path
[2026-05-16 16:37:45] VIIRS Image Date: ['2021-08-11 00:00:00']
[2026-05-16 16:37:45] Weather image size: 1
[2026-05-16 16:37:45] Forecast duration: 2021-08-12 00:00:00 to 2021-08-13 00:00:00
[2026-05-16 16:37:46] Number of forecast images: 24
[2026-05-16 16:37:46] Using forecast run: 2021-08-11 18:00:00 UTC
[2026-05-16 16:37:47] Forecast Rain Available hours: [6, 7, 8, 9, 10, 11, 12, 13, 14, 15, 16, 17, 18, 19, 20, 21, 22, 23, 24, 25, 26, 27, 28, 29]
[2026-05-16 16:37:47] Valid hours for sum: [12, 18, 24, 29]
[2026-05-16 16:37:48] Drought composite end date: 2021-08-08 06:00:00
[2026-05-16 16:37:48] Land cover year: 2020
[2026-05-16 16:37:49] VIIRS Veg composite: 2021-07-12 → 2021-07-28
[2026-05-16 16:37:54] Started export task: fire_224_dynamic_2021-08-11
[2026-05-16 16:37:55] ------ Processing date=2021-08-12 ------
[2026-05-16 16:37:55] Using viirs_af_path: viirs_af_path
[2026-05-16 16:37:55] VIIRS Image Date: ['2021-08-12 00:00:00']
[2026-05-16 16:37:55] Weather image size: 1
[2026-05-16 16:37:55] Forecast duration: 2021-08-13 00:00:00 to 2021-08-14 00:00:00
[2026-05-16 16:37:56] Number of forecast images: 24
[2026-05-16 16:37:56] Using forecast run: 2021-08-12 18:00:00 UTC
[2026-05-16 16:37:56] Forecast Rain Available hours: [6, 7, 8, 9, 10, 11, 12, 13, 14, 15, 16, 17, 18, 19, 20, 21, 22, 23, 24, 25, 26, 27, 28, 29]
[2026-05-16 16:37:56] Valid hours for sum: [12, 18, 24, 29]
[2026-05-16 16:37:59] Drought composite end date: 2021-08-08 06:00:00
[2026-05-16 16:37:59] Land cover year: 2020
[2026-05-16 16:38:00] VIIRS Veg composite: 2021-07-12 → 2021-07-28
[2026-05-16 16:38:04] Started export task: fire_224_dynamic_2021-08-12
[2026-05-16 16:38:04] ------ Processing date=2021-08-13 ------
[2026-05-16 16:38:04] Using viirs_af_path: viirs_af_path
[2026-05-16 16:38:04] VIIRS Image Date: ['2021-08-13 00:00:00']
[2026-05-16 16:38:04] Weather image size: 1
[2026-05-16 16:38:04] Forecast duration: 2021-08-14 00:00:00 to 2021-08-15 00:00:00
[2026-05-16 16:38:05] Number of forecast images: 24
[2026-05-16 16:38:05] Using forecast run: 2021-08-13 18:00:00 UTC
[2026-05-16 16:38:06] Forecast Rain Available hours: [6, 7, 8, 9, 10, 11, 12, 13, 14, 15, 16, 17, 18, 19, 20, 21, 22, 23, 24, 25, 26, 27, 28, 29]
[2026-05-16 16:38:06] Valid hours for sum: [12, 18, 24, 29]
[2026-05-16 16:38:07] Drought composite end date: 2021-08-08 06:00:00
[2026-05-16 16:38:07] Land cover year: 2020
[2026-05-16 16:38:09] VIIRS Veg composite: 2021-07-12 → 2021-07-28
[2026-05-16 16:38:13] Started export task: fire_224_dynamic_2021-08-13
[2026-05-16 16:38:14] ------ Processing date=2021-08-14 ------
[2026-05-16 16:38:14] Using viirs_af_path: viirs_af_path
[2026-05-16 16:38:14] VIIRS Image Date: ['2021-08-14 00:00:00']
[2026-05-16 16:38:15] Weather image size: 1
[2026-05-16 16:38:15] Forecast duration: 2021-08-15 00:00:00 to 2021-08-16 00:00:00
[2026-05-16 16:38:15] Number of forecast images: 24
[2026-05-16 16:38:15] Using forecast run: 2021-08-14 18:00:00 UTC
[2026-05-16 16:38:16] Forecast Rain Available hours: [6, 7, 8, 9, 10, 11, 12, 13, 14, 15, 16, 17, 18, 19, 20, 21, 22, 23, 24, 25, 26, 27, 28, 29]
[2026-05-16 16:38:16] Valid hours for sum: [12, 18, 24, 29]
[2026-05-16 16:38:17] Drought composite end date: 2021-08-13 06:00:00
[2026-05-16 16:38:17] Land cover year: 2020
[2026-05-16 16:38:19] VIIRS Veg composite: 2021-07-12 → 2021-07-28
[2026-05-16 16:38:23] Started export task: fire_224_dynamic_2021-08-14
[2026-05-16 16:38:23] ------ Processing date=2021-08-15 ------
[2026-05-16 16:38:23] Using viirs_af_path: viirs_af_path
[2026-05-16 16:38:23] VIIRS Image Date: ['2021-08-15 00:00:00']
[2026-05-16 16:38:24] Weather image size: 1
[2026-05-16 16:38:24] Forecast duration: 2021-08-16 00:00:00 to 2021-08-17 00:00:00
[2026-05-16 16:38:25] Number of forecast images: 24
[2026-05-16 16:38:25] Using forecast run: 2021-08-15 18:00:00 UTC
[2026-05-16 16:38:25] Forecast Rain Available hours: [6, 7, 8, 9, 10, 11, 12, 13, 14, 15, 16, 17, 18, 19, 20, 21, 22, 23, 24, 25, 26, 27, 28, 29]
[2026-05-16 16:38:25] Valid hours for sum: [12, 18, 24, 29]
[2026-05-16 16:38:27] Drought composite end date: 2021-08-13 06:00:00
[2026-05-16 16:38:28] Land cover year: 2020
[2026-05-16 16:38:28] VIIRS Veg composite: 2021-07-12 → 2021-07-28
[2026-05-16 16:38:31] Started export task: fire_224_dynamic_2021-08-15
[2026-05-16 16:38:32] ------ Processing date=2021-08-16 ------
[2026-05-16 16:38:32] Using viirs_af_path: viirs_af_path
[2026-05-16 16:38:32] VIIRS Image Date: ['2021-08-16 00:00:00']
[2026-05-16 16:38:32] Weather image size: 1
[2026-05-16 16:38:32] Forecast duration: 2021-08-17 00:00:00 to 2021-08-18 00:00:00
[2026-05-16 16:38:33] Number of forecast images: 24
[2026-05-16 16:38:33] Using forecast run: 2021-08-16 18:00:00 UTC
[2026-05-16 16:38:34] Forecast Rain Available hours: [6, 7, 8, 9, 10, 11, 12, 13, 14, 15, 16, 17, 18, 19, 20, 21, 22, 23, 24, 25, 26, 27, 28, 29]
[2026-05-16 16:38:34] Valid hours for sum: [12, 18, 24, 29]
[2026-05-16 16:38:36] Drought composite end date: 2021-08-13 06:00:00
[2026-05-16 16:38:36] Land cover year: 2020
[2026-05-16 16:38:37] VIIRS Veg composite: 2021-07-12 → 2021-07-28
[2026-05-16 16:38:40] Started export task: fire_224_dynamic_2021-08-16
[2026-05-16 16:38:40] ------ Processing date=2021-08-17 ------
[2026-05-16 16:38:40] Using viirs_af_path: viirs_af_path
[2026-05-16 16:38:41] VIIRS Image Date: ['2021-08-17 00:00:00']
[2026-05-16 16:38:41] Weather image size: 1
[2026-05-16 16:38:41] Forecast duration: 2021-08-18 00:00:00 to 2021-08-19 00:00:00
[2026-05-16 16:38:42] Number of forecast images: 24
[2026-05-16 16:38:42] Using forecast run: 2021-08-17 18:00:00 UTC
[2026-05-16 16:38:42] Forecast Rain Available hours: [6, 7, 8, 9, 10, 11, 12, 13, 14, 15, 16, 17, 18, 19, 20, 21, 22, 23, 24, 25, 26, 27, 28, 29]
[2026-05-16 16:38:42] Valid hours for sum: [12, 18, 24, 29]
[2026-05-16 16:38:45] Drought composite end date: 2021-08-13 06:00:00
[2026-05-16 16:38:45] Land cover year: 2020
[2026-05-16 16:38:46] VIIRS Veg composite: 2021-07-12 → 2021-07-28
[2026-05-16 16:38:49] Started export task: fire_224_dynamic_2021-08-17
[2026-05-16 16:38:49] ------ Processing date=2021-08-18 ------
[2026-05-16 16:38:49] Using viirs_af_path: viirs_af_path
[2026-05-16 16:38:49] VIIRS Image Date: ['2021-08-18 00:00:00']
[2026-05-16 16:38:50] Weather image size: 1
[2026-05-16 16:38:50] Forecast duration: 2021-08-19 00:00:00 to 2021-08-20 00:00:00
[2026-05-16 16:38:51] Number of forecast images: 24
[2026-05-16 16:38:51] Using forecast run: 2021-08-18 18:00:00 UTC
[2026-05-16 16:38:51] Forecast Rain Available hours: [6, 7, 8, 9, 10, 11, 12, 13, 14, 15, 16, 17, 18, 19, 20, 21, 22, 23, 24, 25, 26, 27, 28, 29]
[2026-05-16 16:38:51] Valid hours for sum: [12, 18, 24, 29]
[2026-05-16 16:38:54] Drought composite end date: 2021-08-13 06:00:00
[2026-05-16 16:38:55] Land cover year: 2020
[2026-05-16 16:38:56] VIIRS Veg composite: 2021-07-12 → 2021-07-28
[2026-05-16 16:38:59] Started export task: fire_224_dynamic_2021-08-18
[2026-05-16 16:38:59] ------ Processing date=2021-08-19 ------
[2026-05-16 16:38:59] Using viirs_af_path: viirs_af_path
[2026-05-16 16:38:59] VIIRS Image Date: ['2021-08-19 00:00:00']
[2026-05-16 16:39:00] Weather image size: 1
[2026-05-16 16:39:00] Forecast duration: 2021-08-20 00:00:00 to 2021-08-21 00:00:00
[2026-05-16 16:39:01] Number of forecast images: 24
[2026-05-16 16:39:01] Using forecast run: 2021-08-19 18:00:00 UTC
[2026-05-16 16:39:01] Forecast Rain Available hours: [6, 7, 8, 9, 10, 11, 12, 13, 14, 15, 16, 17, 18, 19, 20, 21, 22, 23, 24, 25, 26, 27, 28, 29]
[2026-05-16 16:39:01] Valid hours for sum: [12, 18, 24, 29]
[2026-05-16 16:39:03] Drought composite end date: 2021-08-18 06:00:00
[2026-05-16 16:39:04] Land cover year: 2020
[2026-05-16 16:39:04] VIIRS Veg composite: 2021-07-12 → 2021-07-28
[2026-05-16 16:39:09] Started export task: fire_224_dynamic_2021-08-19
[2026-05-16 16:39:10] ------ Processing date=2021-08-20 ------
[2026-05-16 16:39:10] Using viirs_af_path: viirs_af_path
[2026-05-16 16:39:10] VIIRS Image Date: ['2021-08-20 00:00:00']
[2026-05-16 16:39:10] Weather image size: 1
[2026-05-16 16:39:10] Forecast duration: 2021-08-21 00:00:00 to 2021-08-22 00:00:00
[2026-05-16 16:39:12] Number of forecast images: 24
[2026-05-16 16:39:12] Using forecast run: 2021-08-20 18:00:00 UTC
[2026-05-16 16:39:12] Forecast Rain Available hours: [6, 7, 8, 9, 10, 11, 12, 13, 14, 15, 16, 17, 18, 19, 20, 21, 22, 23, 24, 25, 26, 27, 28, 29]
[2026-05-16 16:39:12] Valid hours for sum: [12, 18, 24, 29]
[2026-05-16 16:39:14] Drought composite end date: 2021-08-18 06:00:00
[2026-05-16 16:39:15] Land cover year: 2020
[2026-05-16 16:39:16] VIIRS Veg composite: 2021-07-12 → 2021-07-28
[2026-05-16 16:39:20] Started export task: fire_224_dynamic_2021-08-20
[2026-05-16 16:39:20] ------ Processing date=2021-08-21 ------
[2026-05-16 16:39:20] Using viirs_af_path: viirs_af_path
[2026-05-16 16:39:20] VIIRS Image Date: ['2021-08-21 00:00:00']
[2026-05-16 16:39:21] Weather image size: 1
[2026-05-16 16:39:21] Forecast duration: 2021-08-22 00:00:00 to 2021-08-23 00:00:00
[2026-05-16 16:39:21] Number of forecast images: 24
[2026-05-16 16:39:21] Using forecast run: 2021-08-21 18:00:00 UTC
[2026-05-16 16:39:22] Forecast Rain Available hours: [6, 7, 8, 9, 10, 11, 12, 13, 14, 15, 16, 17, 18, 19, 20, 21, 22, 23, 24, 25, 26, 27, 28, 29]
[2026-05-16 16:39:22] Valid hours for sum: [12, 18, 24, 29]
[2026-05-16 16:39:23] Drought composite end date: 2021-08-18 06:00:00
[2026-05-16 16:39:24] Land cover year: 2020
[2026-05-16 16:39:25] VIIRS Veg composite: 2021-07-12 → 2021-07-28
[2026-05-16 16:39:28] Started export task: fire_224_dynamic_2021-08-21
[2026-05-16 16:39:29] ------ Processing date=2021-08-22 ------
[2026-05-16 16:39:29] Using viirs_af_path: viirs_af_path
[2026-05-16 16:39:29] VIIRS Image Date: ['2021-08-22 00:00:00']
[2026-05-16 16:39:29] Weather image size: 1
[2026-05-16 16:39:29] Forecast duration: 2021-08-23 00:00:00 to 2021-08-24 00:00:00
[2026-05-16 16:39:30] Number of forecast images: 24
[2026-05-16 16:39:30] Using forecast run: 2021-08-22 18:00:00 UTC
[2026-05-16 16:39:31] Forecast Rain Available hours: [6, 7, 8, 9, 10, 11, 12, 13, 14, 15, 16, 17, 18, 19, 20, 21, 22, 23, 24, 25, 26, 27, 28, 29]
[2026-05-16 16:39:31] Valid hours for sum: [12, 18, 24, 29]
[2026-05-16 16:39:34] Drought composite end date: 2021-08-18 06:00:00
[2026-05-16 16:39:34] Land cover year: 2020
[2026-05-16 16:39:35] VIIRS Veg composite: 2021-07-12 → 2021-07-28
[2026-05-16 16:39:38] Started export task: fire_224_dynamic_2021-08-22
[2026-05-16 16:39:39] ------ Processing date=2021-08-23 ------
[2026-05-16 16:39:39] Using viirs_af_path: viirs_af_path
[2026-05-16 16:39:39] VIIRS Image Date: ['2021-08-23 00:00:00']
[2026-05-16 16:39:39] Weather image size: 1
[2026-05-16 16:39:39] Forecast duration: 2021-08-24 00:00:00 to 2021-08-25 00:00:00
[2026-05-16 16:39:40] Number of forecast images: 24
[2026-05-16 16:39:40] Using forecast run: 2021-08-23 18:00:00 UTC
[2026-05-16 16:39:40] Forecast Rain Available hours: [6, 7, 8, 9, 10, 11, 12, 13, 14, 15, 16, 17, 18, 19, 20, 21, 22, 23, 24, 25, 26, 27, 28, 29]
[2026-05-16 16:39:40] Valid hours for sum: [12, 18, 24, 29]
[2026-05-16 16:39:43] Drought composite end date: 2021-08-18 06:00:00
[2026-05-16 16:39:43] Land cover year: 2020
[2026-05-16 16:39:44] VIIRS Veg composite: 2021-07-12 → 2021-07-28
[2026-05-16 16:39:47] Started export task: fire_224_dynamic_2021-08-23
[2026-05-16 16:39:48] ------ Processing date=2021-08-24 ------
[2026-05-16 16:39:48] Using viirs_af_path: viirs_af_path
[2026-05-16 16:39:48] VIIRS Image Date: ['2021-08-24 00:00:00']
[2026-05-16 16:39:48] Weather image size: 1
[2026-05-16 16:39:48] Forecast duration: 2021-08-25 00:00:00 to 2021-08-26 00:00:00
[2026-05-16 16:39:49] Number of forecast images: 24
[2026-05-16 16:39:49] Using forecast run: 2021-08-24 18:00:00 UTC
[2026-05-16 16:39:49] Forecast Rain Available hours: [6, 7, 8, 9, 10, 11, 12, 13, 14, 15, 16, 17, 18, 19, 20, 21, 22, 23, 24, 25, 26, 27, 28, 29]
[2026-05-16 16:39:49] Valid hours for sum: [12, 18, 24, 29]
[2026-05-16 16:39:51] Drought composite end date: 2021-08-23 06:00:00
[2026-05-16 16:39:51] Land cover year: 2020
[2026-05-16 16:39:52] VIIRS Veg composite: 2021-07-12 → 2021-07-28
[2026-05-16 16:39:57] Started export task: fire_224_dynamic_2021-08-24
[2026-05-16 16:39:57] ------ Processing date=2021-08-25 ------
[2026-05-16 16:39:57] Using viirs_af_path: viirs_af_path
[2026-05-16 16:39:57] VIIRS Image Date: ['2021-08-25 00:00:00']
[2026-05-16 16:39:58] Weather image size: 1
[2026-05-16 16:39:58] Forecast duration: 2021-08-26 00:00:00 to 2021-08-27 00:00:00
[2026-05-16 16:39:59] Number of forecast images: 24
[2026-05-16 16:39:59] Using forecast run: 2021-08-25 18:00:00 UTC
[2026-05-16 16:40:00] Forecast Rain Available hours: [6, 7, 8, 9, 10, 11, 12, 13, 14, 15, 16, 17, 18, 19, 20, 21, 22, 23, 24, 25, 26, 27, 28, 29]
[2026-05-16 16:40:00] Valid hours for sum: [12, 18, 24, 29]
[2026-05-16 16:40:02] Drought composite end date: 2021-08-23 06:00:00
[2026-05-16 16:40:03] Land cover year: 2020
[2026-05-16 16:40:04] VIIRS Veg composite: 2021-07-12 → 2021-07-28
[2026-05-16 16:40:08] Started export task: fire_224_dynamic_2021-08-25
[2026-05-16 16:40:09] ------ Processing date=2021-08-26 ------
[2026-05-16 16:40:09] Using viirs_af_path: viirs_af_path
[2026-05-16 16:40:09] VIIRS Image Date: ['2021-08-26 00:00:00']
[2026-05-16 16:40:09] Weather image size: 1
[2026-05-16 16:40:09] Forecast duration: 2021-08-27 00:00:00 to 2021-08-28 00:00:00
[2026-05-16 16:40:10] Number of forecast images: 24
[2026-05-16 16:40:10] Using forecast run: 2021-08-26 18:00:00 UTC
[2026-05-16 16:40:11] Forecast Rain Available hours: [6, 7, 8, 9, 10, 11, 12, 13, 14, 15, 16, 17, 18, 19, 20, 21, 22, 23, 24, 25, 26, 27, 28, 29]
[2026-05-16 16:40:11] Valid hours for sum: [12, 18, 24, 29]
[2026-05-16 16:40:14] Drought composite end date: 2021-08-23 06:00:00
[2026-05-16 16:40:14] Land cover year: 2020
[2026-05-16 16:40:15] VIIRS Veg composite: 2021-07-12 → 2021-07-28
[2026-05-16 16:40:21] Started export task: fire_224_dynamic_2021-08-26
[2026-05-16 16:40:22] ------ Processing date=2021-08-27 ------
[2026-05-16 16:40:22] Using viirs_af_path: viirs_af_path
[2026-05-16 16:40:22] VIIRS Image Date: ['2021-08-27 00:00:00']
[2026-05-16 16:40:22] Weather image size: 1
[2026-05-16 16:40:22] Forecast duration: 2021-08-28 00:00:00 to 2021-08-29 00:00:00
[2026-05-16 16:40:23] Number of forecast images: 24
[2026-05-16 16:40:23] Using forecast run: 2021-08-27 18:00:00 UTC
[2026-05-16 16:40:24] Forecast Rain Available hours: [6, 7, 8, 9, 10, 11, 12, 13, 14, 15, 16, 17, 18, 19, 20, 21, 22, 23, 24, 25, 26, 27, 28, 29]
[2026-05-16 16:40:24] Valid hours for sum: [12, 18, 24, 29]
[2026-05-16 16:40:26] Drought composite end date: 2021-08-23 06:00:00
[2026-05-16 16:40:26] Land cover year: 2020
[2026-05-16 16:40:27] VIIRS Veg composite: 2021-07-12 → 2021-07-28
[2026-05-16 16:40:31] Started export task: fire_224_dynamic_2021-08-27
[2026-05-16 16:40:31] ------ Processing date=2021-08-28 ------
[2026-05-16 16:40:31] Using viirs_af_path: viirs_af_path
[2026-05-16 16:40:31] VIIRS Image Date: ['2021-08-28 00:00:00']
[2026-05-16 16:40:31] Weather image size: 1
[2026-05-16 16:40:31] Forecast duration: 2021-08-29 00:00:00 to 2021-08-30 00:00:00
[2026-05-16 16:40:32] Number of forecast images: 24
[2026-05-16 16:40:32] Using forecast run: 2021-08-28 18:00:00 UTC
[2026-05-16 16:40:33] Forecast Rain Available hours: [6, 7, 8, 9, 10, 11, 12, 13, 14, 15, 16, 17, 18, 19, 20, 21, 22, 23, 24, 25, 26, 27, 28, 29]
[2026-05-16 16:40:33] Valid hours for sum: [12, 18, 24, 29]
[2026-05-16 16:40:34] Drought composite end date: 2021-08-23 06:00:00
[2026-05-16 16:40:34] Land cover year: 2020
[2026-05-16 16:40:36] VIIRS Veg composite: 2021-07-12 → 2021-07-28
[2026-05-16 16:40:40] Started export task: fire_224_dynamic_2021-08-28
[2026-05-16 16:40:40] ------ Processing date=2021-08-29 ------
[2026-05-16 16:40:40] Using viirs_af_path: viirs_af_path
[2026-05-16 16:40:41] VIIRS Image Date: ['2021-08-29 00:00:00']
[2026-05-16 16:40:41] Weather image size: 1
[2026-05-16 16:40:41] Forecast duration: 2021-08-30 00:00:00 to 2021-08-31 00:00:00
[2026-05-16 16:40:42] Number of forecast images: 24
[2026-05-16 16:40:42] Using forecast run: 2021-08-29 18:00:00 UTC
[2026-05-16 16:40:42] Forecast Rain Available hours: [6, 7, 8, 9, 10, 11, 12, 13, 14, 15, 16, 17, 18, 19, 20, 21, 22, 23, 24, 25, 26, 27, 28, 29]
[2026-05-16 16:40:42] Valid hours for sum: [12, 18, 24, 29]
[2026-05-16 16:40:44] Drought composite end date: 2021-08-28 06:00:00
[2026-05-16 16:40:44] Land cover year: 2020
[2026-05-16 16:40:45] VIIRS Veg composite: 2021-07-12 → 2021-07-28
[2026-05-16 16:40:49] Started export task: fire_224_dynamic_2021-08-29
[2026-05-16 16:40:50] ------ Processing date=2021-08-30 ------
[2026-05-16 16:40:50] Using viirs_af_path: viirs_af_path
[2026-05-16 16:40:50] VIIRS Image Date: ['2021-08-30 00:00:00']
[2026-05-16 16:40:50] Weather image size: 1
[2026-05-16 16:40:50] Forecast duration: 2021-08-31 00:00:00 to 2021-09-01 00:00:00
[2026-05-16 16:40:51] Number of forecast images: 24
[2026-05-16 16:40:51] Using forecast run: 2021-08-30 18:00:00 UTC
[2026-05-16 16:40:52] Forecast Rain Available hours: [6, 7, 8, 9, 10, 11, 12, 13, 14, 15, 16, 17, 18, 19, 20, 21, 22, 23, 24, 25, 26, 27, 28, 29]
[2026-05-16 16:40:52] Valid hours for sum: [12, 18, 24, 29]
[2026-05-16 16:40:53] Drought composite end date: 2021-08-28 06:00:00
[2026-05-16 16:40:53] Land cover year: 2020
[2026-05-16 16:40:54] VIIRS Veg composite: 2021-07-12 → 2021-07-28
[2026-05-16 16:40:59] Started export task: fire_224_dynamic_2021-08-30
[2026-05-16 16:41:00] ------ Processing date=2021-08-31 ------
[2026-05-16 16:41:00] Using viirs_af_path: viirs_af_path
[2026-05-16 16:41:00] VIIRS Image Date: ['2021-08-31 00:00:00']
[2026-05-16 16:41:00] Weather image size: 1
[2026-05-16 16:41:00] Forecast duration: 2021-09-01 00:00:00 to 2021-09-02 00:00:00
[2026-05-16 16:41:01] Number of forecast images: 24
[2026-05-16 16:41:01] Using forecast run: 2021-08-31 18:00:00 UTC
[2026-05-16 16:41:01] Forecast Rain Available hours: [6, 7, 8, 9, 10, 11, 12, 13, 14, 15, 16, 17, 18, 19, 20, 21, 22, 23, 24, 25, 26, 27, 28, 29]
[2026-05-16 16:41:01] Valid hours for sum: [12, 18, 24, 29]
[2026-05-16 16:41:03] Drought composite end date: 2021-08-28 06:00:00
[2026-05-16 16:41:03] Land cover year: 2020
[2026-05-16 16:41:04] VIIRS Veg composite: 2021-07-12 → 2021-07-28
[2026-05-16 16:41:08] Started export task: fire_224_dynamic_2021-08-31
[2026-05-16 16:41:09] ------ Processing date=2021-09-01 ------
[2026-05-16 16:41:09] Using viirs_af_path: viirs_af_path
[2026-05-16 16:41:09] VIIRS Image Date: ['2021-09-01 00:00:00']
[2026-05-16 16:41:09] Weather image size: 1
[2026-05-16 16:41:09] Forecast duration: 2021-09-02 00:00:00 to 2021-09-03 00:00:00
[2026-05-16 16:41:10] Number of forecast images: 24
[2026-05-16 16:41:10] Using forecast run: 2021-09-01 18:00:00 UTC
[2026-05-16 16:41:10] Forecast Rain Available hours: [6, 7, 8, 9, 10, 11, 12, 13, 14, 15, 16, 17, 18, 19, 20, 21, 22, 23, 24, 25, 26, 27, 28, 29]
[2026-05-16 16:41:10] Valid hours for sum: [12, 18, 24, 29]
[2026-05-16 16:41:13] Drought composite end date: 2021-08-28 06:00:00
[2026-05-16 16:41:13] Land cover year: 2020
[2026-05-16 16:41:14] VIIRS Veg composite: 2021-07-12 → 2021-07-28
[2026-05-16 16:41:18] Started export task: fire_224_dynamic_2021-09-01
[2026-05-16 16:41:18] ------ Processing date=2021-09-02 ------
[2026-05-16 16:41:18] Using viirs_af_path: viirs_af_path
[2026-05-16 16:41:19] VIIRS Image Date: ['2021-09-02 00:00:00']
[2026-05-16 16:41:19] Weather image size: 1
[2026-05-16 16:41:19] Forecast duration: 2021-09-03 00:00:00 to 2021-09-04 00:00:00
[2026-05-16 16:41:20] Number of forecast images: 24
[2026-05-16 16:41:20] Using forecast run: 2021-09-02 18:00:00 UTC
[2026-05-16 16:41:20] Forecast Rain Available hours: [6, 7, 8, 9, 10, 11, 12, 13, 14, 15, 16, 17, 18, 19, 20, 21, 22, 23, 24, 25, 26, 27, 28, 29]
[2026-05-16 16:41:20] Valid hours for sum: [12, 18, 24, 29]
[2026-05-16 16:41:22] Drought composite end date: 2021-08-28 06:00:00
[2026-05-16 16:41:22] Land cover year: 2020
[2026-05-16 16:41:23] VIIRS Veg composite: 2021-07-12 → 2021-07-28
[2026-05-16 16:41:28] Started export task: fire_224_dynamic_2021-09-02
[2026-05-16 16:41:29] ------ Processing date=2021-09-03 ------
[2026-05-16 16:41:29] Using viirs_af_path: viirs_af_path
[2026-05-16 16:41:29] VIIRS Image Date: ['2021-09-03 00:00:00']
[2026-05-16 16:41:29] Weather image size: 1
[2026-05-16 16:41:29] Forecast duration: 2021-09-04 00:00:00 to 2021-09-05 00:00:00
[2026-05-16 16:41:30] Number of forecast images: 24
[2026-05-16 16:41:30] Using forecast run: 2021-09-03 18:00:00 UTC
[2026-05-16 16:41:30] Forecast Rain Available hours: [6, 7, 8, 9, 10, 11, 12, 13, 14, 15, 16, 17, 18, 19, 20, 21, 22, 23, 24, 25, 26, 27, 28, 29]
[2026-05-16 16:41:30] Valid hours for sum: [12, 18, 24, 29]
[2026-05-16 16:41:33] Drought composite end date: 2021-09-02 06:00:00
[2026-05-16 16:41:33] Land cover year: 2020
[2026-05-16 16:41:34] VIIRS Veg composite: 2021-07-12 → 2021-07-28
[2026-05-16 16:41:37] Started export task: fire_224_dynamic_2021-09-03
[2026-05-16 16:41:38] ------ Processing date=2021-09-04 ------
[2026-05-16 16:41:38] Using viirs_af_path: viirs_af_path
[2026-05-16 16:41:38] VIIRS Image Date: ['2021-09-04 00:00:00']
[2026-05-16 16:41:38] Weather image size: 1
[2026-05-16 16:41:38] Forecast duration: 2021-09-05 00:00:00 to 2021-09-06 00:00:00
[2026-05-16 16:41:39] Number of forecast images: 24
[2026-05-16 16:41:39] Using forecast run: 2021-09-04 18:00:00 UTC
[2026-05-16 16:41:39] Forecast Rain Available hours: [6, 7, 8, 9, 10, 11, 12, 13, 14, 15, 16, 17, 18, 19, 20, 21, 22, 23, 24, 25, 26, 27, 28, 29]
[2026-05-16 16:41:39] Valid hours for sum: [12, 18, 24, 29]
[2026-05-16 16:41:41] Drought composite end date: 2021-09-02 06:00:00
[2026-05-16 16:41:41] Land cover year: 2020
[2026-05-16 16:41:42] VIIRS Veg composite: 2021-07-12 → 2021-07-28
[2026-05-16 16:41:45] Started export task: fire_224_dynamic_2021-09-04
[2026-05-16 16:41:45] ------ Processing date=2021-09-05 ------
[2026-05-16 16:41:45] Using viirs_af_path: viirs_af_path
[2026-05-16 16:41:46] VIIRS Image Date: ['2021-09-05 00:00:00']
[2026-05-16 16:41:46] Weather image size: 1
[2026-05-16 16:41:46] Forecast duration: 2021-09-06 00:00:00 to 2021-09-07 00:00:00
[2026-05-16 16:41:47] Number of forecast images: 24
[2026-05-16 16:41:47] Using forecast run: 2021-09-05 18:00:00 UTC
[2026-05-16 16:41:48] Forecast Rain Available hours: [6, 7, 8, 9, 10, 11, 12, 13, 14, 15, 16, 17, 18, 19, 20, 21, 22, 23, 24, 25, 26, 27, 28, 29]
[2026-05-16 16:41:48] Valid hours for sum: [12, 18, 24, 29]
[2026-05-16 16:41:49] Drought composite end date: 2021-09-02 06:00:00
[2026-05-16 16:41:50] Land cover year: 2020
[2026-05-16 16:41:50] VIIRS Veg composite: 2021-07-12 → 2021-07-28
[2026-05-16 16:41:54] Started export task: fire_224_dynamic_2021-09-05
[2026-05-16 16:41:54] ------ Processing date=2021-09-06 ------
[2026-05-16 16:41:54] Using viirs_af_path: viirs_af_path
[2026-05-16 16:41:54] VIIRS Image Date: ['2021-09-06 00:00:00']
[2026-05-16 16:41:54] Weather image size: 1
[2026-05-16 16:41:54] Forecast duration: 2021-09-07 00:00:00 to 2021-09-08 00:00:00
[2026-05-16 16:41:56] Number of forecast images: 24
[2026-05-16 16:41:56] Using forecast run: 2021-09-06 18:00:00 UTC
[2026-05-16 16:41:56] Forecast Rain Available hours: [6, 7, 8, 9, 10, 11, 12, 13, 14, 15, 16, 17, 18, 19, 20, 21, 22, 23, 24, 25, 26, 27, 28, 29]
[2026-05-16 16:41:56] Valid hours for sum: [12, 18, 24, 29]
[2026-05-16 16:41:59] Drought composite end date: 2021-09-02 06:00:00
[2026-05-16 16:42:00] Land cover year: 2020
[2026-05-16 16:42:01] VIIRS Veg composite: 2021-07-12 → 2021-07-28
[2026-05-16 16:42:05] Started export task: fire_224_dynamic_2021-09-06
[2026-05-16 16:42:06] ------ Processing date=2021-09-07 ------
[2026-05-16 16:42:06] Using viirs_af_path: viirs_af_path
[2026-05-16 16:42:06] VIIRS Image Date: ['2021-09-07 00:00:00']
[2026-05-16 16:42:06] Weather image size: 1
[2026-05-16 16:42:06] Forecast duration: 2021-09-08 00:00:00 to 2021-09-09 00:00:00
[2026-05-16 16:42:07] Number of forecast images: 24
[2026-05-16 16:42:07] Using forecast run: 2021-09-07 18:00:00 UTC
[2026-05-16 16:42:08] Forecast Rain Available hours: [6, 7, 8, 9, 10, 11, 12, 13, 14, 15, 16, 17, 18, 19, 20, 21, 22, 23, 24, 25, 26, 27, 28, 29]
[2026-05-16 16:42:08] Valid hours for sum: [12, 18, 24, 29]
[2026-05-16 16:42:10] Drought composite end date: 2021-09-02 06:00:00
[2026-05-16 16:42:10] Land cover year: 2020
[2026-05-16 16:42:11] VIIRS Veg composite: 2021-07-12 → 2021-07-28
[2026-05-16 16:42:17] Started export task: fire_224_dynamic_2021-09-07
[2026-05-16 16:42:17] ------ Processing date=2021-09-08 ------
[2026-05-16 16:42:17] Using viirs_af_path: viirs_af_path
[2026-05-16 16:42:17] VIIRS Image Date: ['2021-09-08 00:00:00']
[2026-05-16 16:42:18] Weather image size: 1
[2026-05-16 16:42:18] Forecast duration: 2021-09-09 00:00:00 to 2021-09-10 00:00:00
[2026-05-16 16:42:19] Number of forecast images: 24
[2026-05-16 16:42:19] Using forecast run: 2021-09-08 18:00:00 UTC
[2026-05-16 16:42:19] Forecast Rain Available hours: [6, 7, 8, 9, 10, 11, 12, 13, 14, 15, 16, 17, 18, 19, 20, 21, 22, 23, 24, 25, 26, 27, 28, 29]
[2026-05-16 16:42:19] Valid hours for sum: [12, 18, 24, 29]
[2026-05-16 16:42:22] Drought composite end date: 2021-09-07 06:00:00
[2026-05-16 16:42:22] Land cover year: 2020
[2026-05-16 16:42:23] VIIRS Veg composite: 2021-07-12 → 2021-07-28
[2026-05-16 16:42:27] Started export task: fire_224_dynamic_2021-09-08
[2026-05-16 16:42:28] ------ Processing date=2021-09-09 ------
[2026-05-16 16:42:28] Using viirs_af_path: viirs_af_path
[2026-05-16 16:42:28] VIIRS Image Date: ['2021-09-09 00:00:00']
[2026-05-16 16:42:28] Weather image size: 1
[2026-05-16 16:42:28] Forecast duration: 2021-09-10 00:00:00 to 2021-09-11 00:00:00
[2026-05-16 16:42:29] Number of forecast images: 24
[2026-05-16 16:42:29] Using forecast run: 2021-09-09 18:00:00 UTC
[2026-05-16 16:42:29] Forecast Rain Available hours: [6, 7, 8, 9, 10, 11, 12, 13, 14, 15, 16, 17, 18, 19, 20, 21, 22, 23, 24, 25, 26, 27, 28, 29]
[2026-05-16 16:42:29] Valid hours for sum: [12, 18, 24, 29]
[2026-05-16 16:42:32] Drought composite end date: 2021-09-07 06:00:00
[2026-05-16 16:42:32] Land cover year: 2020
[2026-05-16 16:42:33] VIIRS Veg composite: 2021-07-12 → 2021-07-28
[2026-05-16 16:42:38] Started export task: fire_224_dynamic_2021-09-09
[2026-05-16 16:42:39] ------ Processing date=2021-09-10 ------
[2026-05-16 16:42:39] Using viirs_af_path: viirs_af_path
[2026-05-16 16:42:39] VIIRS Image Date: ['2021-09-10 00:00:00']
[2026-05-16 16:42:40] Weather image size: 1
[2026-05-16 16:42:40] Forecast duration: 2021-09-11 00:00:00 to 2021-09-12 00:00:00
[2026-05-16 16:42:40] Number of forecast images: 24
[2026-05-16 16:42:40] Using forecast run: 2021-09-10 18:00:00 UTC
[2026-05-16 16:42:41] Forecast Rain Available hours: [6, 7, 8, 9, 10, 11, 12, 13, 14, 15, 16, 17, 18, 19, 20, 21, 22, 23, 24, 25, 26, 27, 28, 29]
[2026-05-16 16:42:41] Valid hours for sum: [12, 18, 24, 29]
[2026-05-16 16:42:42] Drought composite end date: 2021-09-07 06:00:00
[2026-05-16 16:42:42] Land cover year: 2020
[2026-05-16 16:42:44] VIIRS Veg composite: 2021-07-12 → 2021-07-28
[2026-05-16 16:42:47] Started export task: fire_224_dynamic_2021-09-10
[2026-05-16 16:42:48] ------ Processing date=2021-09-11 ------
[2026-05-16 16:42:48] Using viirs_af_path: viirs_af_path
[2026-05-16 16:42:48] VIIRS Image Date: ['2021-09-11 00:00:00']
[2026-05-16 16:42:48] Weather image size: 1
[2026-05-16 16:42:48] Forecast duration: 2021-09-12 00:00:00 to 2021-09-13 00:00:00
[2026-05-16 16:42:49] Number of forecast images: 24
[2026-05-16 16:42:49] Using forecast run: 2021-09-11 18:00:00 UTC
[2026-05-16 16:42:49] Forecast Rain Available hours: [6, 7, 8, 9, 10, 11, 12, 13, 14, 15, 16, 17, 18, 19, 20, 21, 22, 23, 24, 25, 26, 27, 28, 29]
[2026-05-16 16:42:49] Valid hours for sum: [12, 18, 24, 29]
[2026-05-16 16:42:52] Drought composite end date: 2021-09-07 06:00:00
[2026-05-16 16:42:52] Land cover year: 2020
[2026-05-16 16:42:53] VIIRS Veg composite: 2021-07-12 → 2021-07-28
[2026-05-16 16:42:58] Started export task: fire_224_dynamic_2021-09-11
[2026-05-16 16:42:58] ------ Processing date=2021-09-12 ------
[2026-05-16 16:42:58] Using viirs_af_path: viirs_af_path
[2026-05-16 16:42:58] VIIRS Image Date: ['2021-09-12 00:00:00']
[2026-05-16 16:42:59] Weather image size: 1
[2026-05-16 16:42:59] Forecast duration: 2021-09-13 00:00:00 to 2021-09-14 00:00:00
[2026-05-16 16:43:00] Number of forecast images: 24
[2026-05-16 16:43:00] Using forecast run: 2021-09-12 18:00:00 UTC
[2026-05-16 16:43:00] Forecast Rain Available hours: [6, 7, 8, 9, 10, 11, 12, 13, 14, 15, 16, 17, 18, 19, 20, 21, 22, 23, 24, 25, 26, 27, 28, 29]
[2026-05-16 16:43:00] Valid hours for sum: [12, 18, 24, 29]
[2026-05-16 16:43:02] Drought composite end date: 2021-09-07 06:00:00
[2026-05-16 16:43:02] Land cover year: 2020
[2026-05-16 16:43:04] VIIRS Veg composite: 2021-07-12 → 2021-07-28
[2026-05-16 16:43:07] Started export task: fire_224_dynamic_2021-09-12
[2026-05-16 16:43:07] ------ Processing date=2021-09-13 ------
[2026-05-16 16:43:07] Using viirs_af_path: viirs_af_path
[2026-05-16 16:43:07] VIIRS Image Date: ['2021-09-13 00:00:00']
[2026-05-16 16:43:07] Weather image size: 1
[2026-05-16 16:43:07] Forecast duration: 2021-09-14 00:00:00 to 2021-09-15 00:00:00
[2026-05-16 16:43:08] Number of forecast images: 24
[2026-05-16 16:43:08] Using forecast run: 2021-09-13 18:00:00 UTC
[2026-05-16 16:43:09] Forecast Rain Available hours: [6, 7, 8, 9, 10, 11, 12, 13, 14, 15, 16, 17, 18, 19, 20, 21, 22, 23, 24, 25, 26, 27, 28, 29]
[2026-05-16 16:43:09] Valid hours for sum: [12, 18, 24, 29]
[2026-05-16 16:43:10] Drought composite end date: 2021-09-12 06:00:00
[2026-05-16 16:43:10] Land cover year: 2020
[2026-05-16 16:43:11] VIIRS Veg composite: 2021-07-12 → 2021-07-28
[2026-05-16 16:43:16] Started export task: fire_224_dynamic_2021-09-13
[2026-05-16 16:43:16] ------ Processing date=2021-09-14 ------
[2026-05-16 16:43:16] Using viirs_af_path: viirs_af_path
[2026-05-16 16:43:16] VIIRS Image Date: ['2021-09-14 00:00:00']
[2026-05-16 16:43:16] Weather image size: 1
[2026-05-16 16:43:16] Forecast duration: 2021-09-15 00:00:00 to 2021-09-16 00:00:00
[2026-05-16 16:43:17] Number of forecast images: 24
[2026-05-16 16:43:17] Using forecast run: 2021-09-14 18:00:00 UTC
[2026-05-16 16:43:17] Forecast Rain Available hours: [6, 7, 8, 9, 10, 11, 12, 13, 14, 15, 16, 17, 18, 19, 20, 21, 22, 23, 24, 25, 26, 27, 28, 29]
[2026-05-16 16:43:17] Valid hours for sum: [12, 18, 24, 29]
[2026-05-16 16:43:19] Drought composite end date: 2021-09-12 06:00:00
[2026-05-16 16:43:19] Land cover year: 2020
[2026-05-16 16:43:20] VIIRS Veg composite: 2021-07-12 → 2021-07-28
[2026-05-16 16:43:24] Started export task: fire_224_dynamic_2021-09-14
[2026-05-16 16:43:25] ------ Processing date=2021-09-15 ------
[2026-05-16 16:43:25] Using viirs_af_path: viirs_af_path
[2026-05-16 16:43:25] VIIRS Image Date: ['2021-09-15 00:00:00']
[2026-05-16 16:43:25] Weather image size: 1
[2026-05-16 16:43:25] Forecast duration: 2021-09-16 00:00:00 to 2021-09-17 00:00:00
[2026-05-16 16:43:26] Number of forecast images: 24
[2026-05-16 16:43:26] Using forecast run: 2021-09-15 18:00:00 UTC
[2026-05-16 16:43:27] Forecast Rain Available hours: [6, 7, 8, 9, 10, 11, 12, 13, 14, 15, 16, 17, 18, 19, 20, 21, 22, 23, 24, 25, 26, 27, 28, 29]
[2026-05-16 16:43:27] Valid hours for sum: [12, 18, 24, 29]
[2026-05-16 16:43:29] Drought composite end date: 2021-09-12 06:00:00
[2026-05-16 16:43:29] Land cover year: 2020
[2026-05-16 16:43:30] VIIRS Veg composite: 2021-07-12 → 2021-07-28
[2026-05-16 16:43:34] Started export task: fire_224_dynamic_2021-09-15
[2026-05-16 16:43:34] ------ Processing date=2021-09-16 ------
[2026-05-16 16:43:34] Using viirs_af_path: viirs_af_path
[2026-05-16 16:43:35] VIIRS Image Date: ['2021-09-16 00:00:00']
[2026-05-16 16:43:35] Weather image size: 1
[2026-05-16 16:43:35] Forecast duration: 2021-09-17 00:00:00 to 2021-09-18 00:00:00
[2026-05-16 16:43:36] Number of forecast images: 24
[2026-05-16 16:43:36] Using forecast run: 2021-09-16 18:00:00 UTC
[2026-05-16 16:43:36] Forecast Rain Available hours: [6, 7, 8, 9, 10, 11, 12, 13, 14, 15, 16, 17, 18, 19, 20, 21, 22, 23, 24, 25, 26, 27, 28, 29]
[2026-05-16 16:43:36] Valid hours for sum: [12, 18, 24, 29]
[2026-05-16 16:43:38] Drought composite end date: 2021-09-12 06:00:00
[2026-05-16 16:43:39] Land cover year: 2020
[2026-05-16 16:43:40] VIIRS Veg composite: 2021-07-12 → 2021-07-28
[2026-05-16 16:43:44] Started export task: fire_224_dynamic_2021-09-16
[2026-05-16 16:43:44] ------ Processing date=2021-09-17 ------
[2026-05-16 16:43:44] Using viirs_af_path: viirs_af_path
[2026-05-16 16:43:44] VIIRS Image Date: ['2021-09-17 00:00:00']
[2026-05-16 16:43:44] Weather image size: 1
[2026-05-16 16:43:44] Forecast duration: 2021-09-18 00:00:00 to 2021-09-19 00:00:00
[2026-05-16 16:43:45] Number of forecast images: 24
[2026-05-16 16:43:45] Using forecast run: 2021-09-17 18:00:00 UTC
[2026-05-16 16:43:46] Forecast Rain Available hours: [6, 7, 8, 9, 10, 11, 12, 13, 14, 15, 16, 17, 18, 19, 20, 21, 22, 23, 24, 25, 26, 27, 28, 29]
[2026-05-16 16:43:46] Valid hours for sum: [12, 18, 24, 29]
[2026-05-16 16:43:49] Drought composite end date: 2021-09-12 06:00:00
[2026-05-16 16:43:49] Land cover year: 2020
[2026-05-16 16:43:50] VIIRS Veg composite: 2021-07-12 → 2021-07-28
[2026-05-16 16:43:54] Started export task: fire_224_dynamic_2021-09-17
[2026-05-16 16:43:55] ------ Processing date=2021-09-18 ------
[2026-05-16 16:43:55] Using viirs_af_path: viirs_af_path
[2026-05-16 16:43:55] VIIRS Image Date: ['2021-09-18 00:00:00']
[2026-05-16 16:43:56] Weather image size: 1
[2026-05-16 16:43:56] Forecast duration: 2021-09-19 00:00:00 to 2021-09-20 00:00:00
[2026-05-16 16:43:56] Number of forecast images: 24
[2026-05-16 16:43:56] Using forecast run: 2021-09-18 18:00:00 UTC
[2026-05-16 16:43:57] Forecast Rain Available hours: [6, 7, 8, 9, 10, 11, 12, 13, 14, 15, 16, 17, 18, 19, 20, 21, 22, 23, 24, 25, 26, 27, 28, 29]
[2026-05-16 16:43:57] Valid hours for sum: [12, 18, 24, 29]
[2026-05-16 16:43:59] Drought composite end date: 2021-09-17 06:00:00
[2026-05-16 16:43:59] Land cover year: 2020
[2026-05-16 16:44:00] VIIRS Veg composite: 2021-07-12 → 2021-07-28
[2026-05-16 16:44:05] Started export task: fire_224_dynamic_2021-09-18
[2026-05-16 16:44:05] ------ Processing date=2021-09-19 ------
[2026-05-16 16:44:05] Using viirs_af_path: viirs_af_path
[2026-05-16 16:44:05] VIIRS Image Date: ['2021-09-19 00:00:00']
[2026-05-16 16:44:06] Weather image size: 1
[2026-05-16 16:44:06] Forecast duration: 2021-09-20 00:00:00 to 2021-09-21 00:00:00
[2026-05-16 16:44:07] Number of forecast images: 24
[2026-05-16 16:44:07] Using forecast run: 2021-09-19 18:00:00 UTC
[2026-05-16 16:44:07] Forecast Rain Available hours: [6, 7, 8, 9, 10, 11, 12, 13, 14, 15, 16, 17, 18, 19, 20, 21, 22, 23, 24, 25, 26, 27, 28, 29]
[2026-05-16 16:44:07] Valid hours for sum: [12, 18, 24, 29]
[2026-05-16 16:44:09] Drought composite end date: 2021-09-17 06:00:00
[2026-05-16 16:44:09] Land cover year: 2020
[2026-05-16 16:44:10] VIIRS Veg composite: 2021-07-12 → 2021-07-28
[2026-05-16 16:44:14] Started export task: fire_224_dynamic_2021-09-19
[2026-05-16 16:44:14] ------ Processing date=2021-09-20 ------
[2026-05-16 16:44:14] Using viirs_af_path: viirs_af_path
[2026-05-16 16:44:14] VIIRS Image Date: ['2021-09-20 00:00:00']
[2026-05-16 16:44:14] Weather image size: 1
[2026-05-16 16:44:14] Forecast duration: 2021-09-21 00:00:00 to 2021-09-22 00:00:00
[2026-05-16 16:44:15] Number of forecast images: 24
[2026-05-16 16:44:15] Using forecast run: 2021-09-20 18:00:00 UTC
[2026-05-16 16:44:16] Forecast Rain Available hours: [6, 7, 8, 9, 10, 11, 12, 13, 14, 15, 16, 17, 18, 19, 20, 21, 22, 23, 24, 25, 26, 27, 28, 29]
[2026-05-16 16:44:16] Valid hours for sum: [12, 18, 24, 29]
[2026-05-16 16:44:18] Drought composite end date: 2021-09-17 06:00:00
[2026-05-16 16:44:18] Land cover year: 2020
[2026-05-16 16:44:19] VIIRS Veg composite: 2021-07-12 → 2021-07-28
[2026-05-16 16:44:23] Started export task: fire_224_dynamic_2021-09-20
[2026-05-16 16:44:24] ------ Processing date=2021-09-21 ------
[2026-05-16 16:44:24] Using viirs_af_path: viirs_af_path
[2026-05-16 16:44:24] VIIRS Image Date: ['2021-09-21 00:00:00']
[2026-05-16 16:44:24] Weather image size: 1
[2026-05-16 16:44:24] Forecast duration: 2021-09-22 00:00:00 to 2021-09-23 00:00:00
[2026-05-16 16:44:25] Number of forecast images: 24
[2026-05-16 16:44:25] Using forecast run: 2021-09-21 18:00:00 UTC
[2026-05-16 16:44:25] Forecast Rain Available hours: [6, 7, 8, 9, 10, 11, 12, 13, 14, 15, 16, 17, 18, 19, 20, 21, 22, 23, 24, 25, 26, 27, 28, 29]
[2026-05-16 16:44:25] Valid hours for sum: [12, 18, 24, 29]
[2026-05-16 16:44:27] Drought composite end date: 2021-09-17 06:00:00
[2026-05-16 16:44:28] Land cover year: 2020
[2026-05-16 16:44:28] VIIRS Veg composite: 2021-07-12 → 2021-07-28
[2026-05-16 16:44:33] Started export task: fire_224_dynamic_2021-09-21
[2026-05-16 16:44:34] ------ Processing date=2021-09-22 ------
[2026-05-16 16:44:34] Using viirs_af_path: viirs_af_path
[2026-05-16 16:44:34] VIIRS Image Date: ['2021-09-22 00:00:00']
[2026-05-16 16:44:34] Weather image size: 1
[2026-05-16 16:44:34] Forecast duration: 2021-09-23 00:00:00 to 2021-09-24 00:00:00
[2026-05-16 16:44:35] Number of forecast images: 24
[2026-05-16 16:44:35] Using forecast run: 2021-09-22 18:00:00 UTC
[2026-05-16 16:44:36] Forecast Rain Available hours: [6, 7, 8, 9, 10, 11, 12, 13, 14, 15, 16, 17, 18, 19, 20, 21, 22, 23, 24, 25, 26, 27, 28, 29]
[2026-05-16 16:44:36] Valid hours for sum: [12, 18, 24, 29]
[2026-05-16 16:44:38] Drought composite end date: 2021-09-17 06:00:00
[2026-05-16 16:44:38] Land cover year: 2020
[2026-05-16 16:44:39] VIIRS Veg composite: 2021-07-12 → 2021-07-28
[2026-05-16 16:44:43] Started export task: fire_224_dynamic_2021-09-22
[2026-05-16 16:44:44] ------ Processing date=2021-09-23 ------
[2026-05-16 16:44:44] Using viirs_af_path: viirs_af_path
[2026-05-16 16:44:44] VIIRS Image Date: ['2021-09-23 00:00:00']
[2026-05-16 16:44:44] Weather image size: 1
[2026-05-16 16:44:44] Forecast duration: 2021-09-24 00:00:00 to 2021-09-25 00:00:00
[2026-05-16 16:44:45] Number of forecast images: 24
[2026-05-16 16:44:45] Using forecast run: 2021-09-23 18:00:00 UTC
[2026-05-16 16:44:45] Forecast Rain Available hours: [6, 7, 8, 9, 10, 11, 12, 13, 14, 15, 16, 17, 18, 19, 20, 21, 22, 23, 24, 25, 26, 27, 28, 29]
[2026-05-16 16:44:45] Valid hours for sum: [12, 18, 24, 29]
[2026-05-16 16:44:47] Drought composite end date: 2021-09-22 06:00:00
[2026-05-16 16:44:47] Land cover year: 2020
[2026-05-16 16:44:49] VIIRS Veg composite: 2021-07-12 → 2021-07-28
[2026-05-16 16:44:52] Started export task: fire_224_dynamic_2021-09-23
[2026-05-16 16:44:52] ------ Processing date=2021-09-24 ------
[2026-05-16 16:44:52] Using viirs_af_path: viirs_af_path
[2026-05-16 16:44:53] VIIRS Image Date: ['2021-09-24 00:00:00']
[2026-05-16 16:44:53] Weather image size: 1
[2026-05-16 16:44:53] Forecast duration: 2021-09-25 00:00:00 to 2021-09-26 00:00:00
[2026-05-16 16:44:54] Number of forecast images: 24
[2026-05-16 16:44:54] Using forecast run: 2021-09-24 18:00:00 UTC
[2026-05-16 16:44:55] Forecast Rain Available hours: [6, 7, 8, 9, 10, 11, 12, 13, 14, 15, 16, 17, 18, 19, 20, 21, 22, 23, 24, 25, 26, 27, 28, 29]
[2026-05-16 16:44:55] Valid hours for sum: [12, 18, 24, 29]
[2026-05-16 16:44:56] Drought composite end date: 2021-09-22 06:00:00
[2026-05-16 16:44:56] Land cover year: 2020
[2026-05-16 16:44:58] VIIRS Veg composite: 2021-07-12 → 2021-07-28
[2026-05-16 16:45:01] Started export task: fire_224_dynamic_2021-09-24
[2026-05-16 16:45:02] ------ Processing date=2021-09-25 ------
[2026-05-16 16:45:02] Using viirs_af_path: viirs_af_path
[2026-05-16 16:45:02] VIIRS Image Date: ['2021-09-25 00:00:00']
[2026-05-16 16:45:02] Weather image size: 1
[2026-05-16 16:45:02] Forecast duration: 2021-09-26 00:00:00 to 2021-09-27 00:00:00
[2026-05-16 16:45:03] Number of forecast images: 24
[2026-05-16 16:45:03] Using forecast run: 2021-09-25 18:00:00 UTC
[2026-05-16 16:45:03] Forecast Rain Available hours: [6, 7, 8, 9, 10, 11, 12, 13, 14, 15, 16, 17, 18, 19, 20, 21, 22, 23, 24, 25, 26, 27, 28, 29]
[2026-05-16 16:45:03] Valid hours for sum: [12, 18, 24, 29]
[2026-05-16 16:45:05] Drought composite end date: 2021-09-22 06:00:00
[2026-05-16 16:45:05] Land cover year: 2020
[2026-05-16 16:45:06] VIIRS Veg composite: 2021-07-12 → 2021-07-28
[2026-05-16 16:45:10] Started export task: fire_224_dynamic_2021-09-25
[2026-05-16 16:45:11] ------ Processing date=2021-09-26 ------
[2026-05-16 16:45:11] Using viirs_af_path: viirs_af_path
[2026-05-16 16:45:11] VIIRS Image Date: ['2021-09-26 00:00:00']
[2026-05-16 16:45:11] Weather image size: 1
[2026-05-16 16:45:11] Forecast duration: 2021-09-27 00:00:00 to 2021-09-28 00:00:00
[2026-05-16 16:45:12] Number of forecast images: 24
[2026-05-16 16:45:12] Using forecast run: 2021-09-26 18:00:00 UTC
[2026-05-16 16:45:12] Forecast Rain Available hours: [6, 7, 8, 9, 10, 11, 12, 13, 14, 15, 16, 17, 18, 19, 20, 21, 22, 23, 24, 25, 26, 27, 28, 29]
[2026-05-16 16:45:12] Valid hours for sum: [12, 18, 24, 29]
[2026-05-16 16:45:15] Drought composite end date: 2021-09-22 06:00:00
[2026-05-16 16:45:15] Land cover year: 2020
[2026-05-16 16:45:16] VIIRS Veg composite: 2021-07-12 → 2021-07-28
[2026-05-16 16:45:20] Started export task: fire_224_dynamic_2021-09-26
[2026-05-16 16:45:21] ------ Processing date=2021-09-27 ------
[2026-05-16 16:45:21] Using viirs_af_path: viirs_af_path
[2026-05-16 16:45:21] VIIRS Image Date: ['2021-09-27 00:00:00']
[2026-05-16 16:45:21] Weather image size: 1
[2026-05-16 16:45:21] Forecast duration: 2021-09-28 00:00:00 to 2021-09-29 00:00:00
[2026-05-16 16:45:22] Number of forecast images: 24
[2026-05-16 16:45:22] Using forecast run: 2021-09-27 18:00:00 UTC
[2026-05-16 16:45:22] Forecast Rain Available hours: [6, 7, 8, 9, 10, 11, 12, 13, 14, 15, 16, 17, 18, 19, 20, 21, 22, 23, 24, 25, 26, 27, 28, 29]
[2026-05-16 16:45:22] Valid hours for sum: [12, 18, 24, 29]
[2026-05-16 16:45:24] Drought composite end date: 2021-09-22 06:00:00
[2026-05-16 16:45:24] Land cover year: 2020
[2026-05-16 16:45:25] VIIRS Veg composite: 2021-07-12 → 2021-07-28
[2026-05-16 16:45:29] Started export task: fire_224_dynamic_2021-09-27
[2026-05-16 16:45:30] ------ Processing date=2021-09-28 ------
[2026-05-16 16:45:30] Using viirs_af_path: viirs_af_path
[2026-05-16 16:45:30] VIIRS Image Date: ['2021-09-28 00:00:00']
[2026-05-16 16:45:30] Weather image size: 1
[2026-05-16 16:45:30] Forecast duration: 2021-09-29 00:00:00 to 2021-09-30 00:00:00
[2026-05-16 16:45:32] Number of forecast images: 24
[2026-05-16 16:45:32] Using forecast run: 2021-09-28 18:00:00 UTC
[2026-05-16 16:45:32] Forecast Rain Available hours: [6, 7, 8, 9, 10, 11, 12, 13, 14, 15, 16, 17, 18, 19, 20, 21, 22, 23, 24, 25, 26, 27, 28, 29]
[2026-05-16 16:45:32] Valid hours for sum: [12, 18, 24, 29]
[2026-05-16 16:45:34] Drought composite end date: 2021-09-27 06:00:00
[2026-05-16 16:45:35] Land cover year: 2020
[2026-05-16 16:45:35] VIIRS Veg composite: 2021-07-12 → 2021-07-28
[2026-05-16 16:45:41] Started export task: fire_224_dynamic_2021-09-28
[2026-05-16 16:45:41] END: ----------Event fire_224----------- (Duration: 10.44m)
[2026-05-16 16:45:41] START: ----------Event fire_227-----------
[2026-05-16 16:45:41] ------ Processing date=2021-07-30 ------
[2026-05-16 16:45:41] Using viirs_af_path: viirs_af_path
[2026-05-16 16:45:42] VIIRS Image Date: ['2021-07-30 00:00:00']
[2026-05-16 16:45:42] Weather image size: 1
[2026-05-16 16:45:42] Forecast duration: 2021-07-31 00:00:00 to 2021-08-01 00:00:00
[2026-05-16 16:45:43] Number of forecast images: 24
[2026-05-16 16:45:43] Using forecast run: 2021-07-30 18:00:00 UTC
[2026-05-16 16:45:43] Forecast Rain Available hours: [6, 7, 8, 9, 10, 11, 12, 13, 14, 15, 16, 17, 18, 19, 20, 21, 22, 23, 24, 25, 26, 27, 28, 29]
[2026-05-16 16:45:43] Valid hours for sum: [12, 18, 24, 29]
[2026-05-16 16:45:45] Drought composite end date: 2021-07-29 06:00:00
[2026-05-16 16:45:45] Land cover year: 2020
[2026-05-16 16:45:46] VIIRS Veg composite: 2021-07-20 → 2021-08-05
[2026-05-16 16:45:49] Started export task: fire_227_static
[2026-05-16 16:45:50] Started export task: fire_227_dynamic_2021-07-30
[2026-05-16 16:45:50] ------ Processing date=2021-07-31 ------
[2026-05-16 16:45:50] Using viirs_af_path: viirs_af_path
[2026-05-16 16:45:50] VIIRS Image Date: ['2021-07-31 00:00:00']
[2026-05-16 16:45:50] Weather image size: 1
[2026-05-16 16:45:50] Forecast duration: 2021-08-01 00:00:00 to 2021-08-02 00:00:00
[2026-05-16 16:45:52] Number of forecast images: 24
[2026-05-16 16:45:52] Using forecast run: 2021-07-31 18:00:00 UTC
[2026-05-16 16:45:52] Forecast Rain Available hours: [6, 7, 8, 9, 10, 11, 12, 13, 14, 15, 16, 17, 18, 19, 20, 21, 22, 23, 24, 25, 26, 27, 28, 29]
[2026-05-16 16:45:52] Valid hours for sum: [12, 18, 24, 29]
[2026-05-16 16:45:55] Drought composite end date: 2021-07-29 06:00:00
[2026-05-16 16:45:55] Land cover year: 2020
[2026-05-16 16:45:56] VIIRS Veg composite: 2021-07-20 → 2021-08-05
[2026-05-16 16:46:00] Started export task: fire_227_dynamic_2021-07-31
[2026-05-16 16:46:00] ------ Processing date=2021-08-01 ------
[2026-05-16 16:46:00] Using viirs_af_path: viirs_af_path
[2026-05-16 16:46:00] VIIRS Image Date: ['2021-08-01 00:00:00']
[2026-05-16 16:46:01] Weather image size: 1
[2026-05-16 16:46:01] Forecast duration: 2021-08-02 00:00:00 to 2021-08-03 00:00:00
[2026-05-16 16:46:02] Number of forecast images: 24
[2026-05-16 16:46:02] Using forecast run: 2021-08-01 18:00:00 UTC
[2026-05-16 16:46:03] Forecast Rain Available hours: [6, 7, 8, 9, 10, 11, 12, 13, 14, 15, 16, 17, 18, 19, 20, 21, 22, 23, 24, 25, 26, 27, 28, 29]
[2026-05-16 16:46:03] Valid hours for sum: [12, 18, 24, 29]
[2026-05-16 16:46:04] Drought composite end date: 2021-07-29 06:00:00
[2026-05-16 16:46:05] Land cover year: 2020
[2026-05-16 16:46:06] VIIRS Veg composite: 2021-07-20 → 2021-08-05
[2026-05-16 16:46:10] Started export task: fire_227_dynamic_2021-08-01
[2026-05-16 16:46:10] ------ Processing date=2021-08-02 ------
[2026-05-16 16:46:10] Using viirs_af_path: viirs_af_path
[2026-05-16 16:46:10] VIIRS Image Date: ['2021-08-02 00:00:00']
[2026-05-16 16:46:10] Weather image size: 1
[2026-05-16 16:46:10] Forecast duration: 2021-08-03 00:00:00 to 2021-08-04 00:00:00
[2026-05-16 16:46:11] Number of forecast images: 24
[2026-05-16 16:46:11] Using forecast run: 2021-08-02 18:00:00 UTC
[2026-05-16 16:46:12] Forecast Rain Available hours: [6, 7, 8, 9, 10, 11, 12, 13, 14, 15, 16, 17, 18, 19, 20, 21, 22, 23, 24, 25, 26, 27, 28, 29]
[2026-05-16 16:46:12] Valid hours for sum: [12, 18, 24, 29]
[2026-05-16 16:46:14] Drought composite end date: 2021-07-29 06:00:00
[2026-05-16 16:46:14] Land cover year: 2020
[2026-05-16 16:46:14] VIIRS Veg composite: 2021-07-20 → 2021-08-05
[2026-05-16 16:46:19] Started export task: fire_227_dynamic_2021-08-02
[2026-05-16 16:46:19] ------ Processing date=2021-08-03 ------
[2026-05-16 16:46:19] Using viirs_af_path: viirs_af_path
[2026-05-16 16:46:21] VIIRS Image Date: ['2021-08-03 00:00:00']
[2026-05-16 16:46:21] Weather image size: 1
[2026-05-16 16:46:21] Forecast duration: 2021-08-04 00:00:00 to 2021-08-05 00:00:00
[2026-05-16 16:46:22] Number of forecast images: 24
[2026-05-16 16:46:22] Using forecast run: 2021-08-03 18:00:00 UTC
[2026-05-16 16:46:22] Forecast Rain Available hours: [6, 7, 8, 9, 10, 11, 12, 13, 14, 15, 16, 17, 18, 19, 20, 21, 22, 23, 24, 25, 26, 27, 28, 29]
[2026-05-16 16:46:22] Valid hours for sum: [12, 18, 24, 29]
[2026-05-16 16:46:24] Drought composite end date: 2021-07-29 06:00:00
[2026-05-16 16:46:25] Land cover year: 2020
[2026-05-16 16:46:26] VIIRS Veg composite: 2021-07-20 → 2021-08-05
[2026-05-16 16:46:30] Started export task: fire_227_dynamic_2021-08-03
[2026-05-16 16:46:31] ------ Processing date=2021-08-04 ------
[2026-05-16 16:46:31] Using viirs_af_path: viirs_af_path
[2026-05-16 16:46:31] VIIRS Image Date: ['2021-08-04 00:00:00']
[2026-05-16 16:46:31] Weather image size: 1
[2026-05-16 16:46:31] Forecast duration: 2021-08-05 00:00:00 to 2021-08-06 00:00:00
[2026-05-16 16:46:33] Number of forecast images: 24
[2026-05-16 16:46:33] Using forecast run: 2021-08-04 18:00:00 UTC
[2026-05-16 16:46:33] Forecast Rain Available hours: [6, 7, 8, 9, 10, 11, 12, 13, 14, 15, 16, 17, 18, 19, 20, 21, 22, 23, 24, 25, 26, 27, 28, 29]
[2026-05-16 16:46:33] Valid hours for sum: [12, 18, 24, 29]
[2026-05-16 16:46:35] Drought composite end date: 2021-08-03 06:00:00
[2026-05-16 16:46:35] Land cover year: 2020
[2026-05-16 16:46:36] VIIRS Veg composite: 2021-07-20 → 2021-08-05
[2026-05-16 16:46:40] Started export task: fire_227_dynamic_2021-08-04
[2026-05-16 16:46:40] ------ Processing date=2021-08-05 ------
[2026-05-16 16:46:40] Using viirs_af_path: viirs_af_path
[2026-05-16 16:46:40] VIIRS Image Date: ['2021-08-05 00:00:00']
[2026-05-16 16:46:40] Weather image size: 1
[2026-05-16 16:46:40] Forecast duration: 2021-08-06 00:00:00 to 2021-08-07 00:00:00
[2026-05-16 16:46:41] Number of forecast images: 24
[2026-05-16 16:46:41] Using forecast run: 2021-08-05 18:00:00 UTC
[2026-05-16 16:46:42] Forecast Rain Available hours: [6, 7, 8, 9, 10, 11, 12, 13, 14, 15, 16, 17, 18, 19, 20, 21, 22, 23, 24, 25, 26, 27, 28, 29]
[2026-05-16 16:46:42] Valid hours for sum: [12, 18, 24, 29]
[2026-05-16 16:46:43] Drought composite end date: 2021-08-03 06:00:00
[2026-05-16 16:46:43] Land cover year: 2020
[2026-05-16 16:46:44] VIIRS Veg composite: 2021-07-20 → 2021-08-05
[2026-05-16 16:46:49] Started export task: fire_227_dynamic_2021-08-05
[2026-05-16 16:46:49] ------ Processing date=2021-08-06 ------
[2026-05-16 16:46:49] Using viirs_af_path: viirs_af_path
[2026-05-16 16:46:49] VIIRS Image Date: ['2021-08-06 00:00:00']
[2026-05-16 16:46:50] Weather image size: 1
[2026-05-16 16:46:50] Forecast duration: 2021-08-07 00:00:00 to 2021-08-08 00:00:00
[2026-05-16 16:46:50] Number of forecast images: 24
[2026-05-16 16:46:50] Using forecast run: 2021-08-06 18:00:00 UTC
[2026-05-16 16:46:51] Forecast Rain Available hours: [6, 7, 8, 9, 10, 11, 12, 13, 14, 15, 16, 17, 18, 19, 20, 21, 22, 23, 24, 25, 26, 27, 28, 29]
[2026-05-16 16:46:51] Valid hours for sum: [12, 18, 24, 29]
[2026-05-16 16:46:53] Drought composite end date: 2021-08-03 06:00:00
[2026-05-16 16:46:53] Land cover year: 2020
[2026-05-16 16:46:55] VIIRS Veg composite: 2021-07-20 → 2021-08-05
[2026-05-16 16:46:58] Started export task: fire_227_dynamic_2021-08-06
[2026-05-16 16:46:58] ------ Processing date=2021-08-07 ------
[2026-05-16 16:46:58] Using viirs_af_path: viirs_af_path
[2026-05-16 16:46:59] VIIRS Image Date: ['2021-08-07 00:00:00']
[2026-05-16 16:46:59] Weather image size: 1
[2026-05-16 16:46:59] Forecast duration: 2021-08-08 00:00:00 to 2021-08-09 00:00:00
[2026-05-16 16:47:00] Number of forecast images: 24
[2026-05-16 16:47:00] Using forecast run: 2021-08-07 18:00:00 UTC
[2026-05-16 16:47:00] Forecast Rain Available hours: [6, 7, 8, 9, 10, 11, 12, 13, 14, 15, 16, 17, 18, 19, 20, 21, 22, 23, 24, 25, 26, 27, 28, 29]
[2026-05-16 16:47:00] Valid hours for sum: [12, 18, 24, 29]
[2026-05-16 16:47:02] Drought composite end date: 2021-08-03 06:00:00
[2026-05-16 16:47:03] Land cover year: 2020
[2026-05-16 16:47:03] VIIRS Veg composite: 2021-07-20 → 2021-08-05
[2026-05-16 16:47:06] Started export task: fire_227_dynamic_2021-08-07
[2026-05-16 16:47:07] ------ Processing date=2021-08-08 ------
[2026-05-16 16:47:07] Using viirs_af_path: viirs_af_path
[2026-05-16 16:47:07] VIIRS Image Date: ['2021-08-08 00:00:00']
[2026-05-16 16:47:07] Weather image size: 1
[2026-05-16 16:47:07] Forecast duration: 2021-08-09 00:00:00 to 2021-08-10 00:00:00
[2026-05-16 16:47:08] Number of forecast images: 24
[2026-05-16 16:47:08] Using forecast run: 2021-08-08 18:00:00 UTC
[2026-05-16 16:47:08] Forecast Rain Available hours: [6, 7, 8, 9, 10, 11, 12, 13, 14, 15, 16, 17, 18, 19, 20, 21, 22, 23, 24, 25, 26, 27, 28, 29]
[2026-05-16 16:47:08] Valid hours for sum: [12, 18, 24, 29]
[2026-05-16 16:47:11] Drought composite end date: 2021-08-03 06:00:00
[2026-05-16 16:47:11] Land cover year: 2020
[2026-05-16 16:47:13] VIIRS Veg composite: 2021-07-20 → 2021-08-05
[2026-05-16 16:47:16] Started export task: fire_227_dynamic_2021-08-08
[2026-05-16 16:47:16] ------ Processing date=2021-08-09 ------
[2026-05-16 16:47:16] Using viirs_af_path: viirs_af_path
[2026-05-16 16:47:17] VIIRS Image Date: ['2021-08-09 00:00:00']
[2026-05-16 16:47:17] Weather image size: 1
[2026-05-16 16:47:17] Forecast duration: 2021-08-10 00:00:00 to 2021-08-11 00:00:00
[2026-05-16 16:47:18] Number of forecast images: 24
[2026-05-16 16:47:18] Using forecast run: 2021-08-09 18:00:00 UTC
[2026-05-16 16:47:18] Forecast Rain Available hours: [6, 7, 8, 9, 10, 11, 12, 13, 14, 15, 16, 17, 18, 19, 20, 21, 22, 23, 24, 25, 26, 27, 28, 29]
[2026-05-16 16:47:18] Valid hours for sum: [12, 18, 24, 29]
[2026-05-16 16:47:20] Drought composite end date: 2021-08-08 06:00:00
[2026-05-16 16:47:21] Land cover year: 2020
[2026-05-16 16:47:21] VIIRS Veg composite: 2021-07-20 → 2021-08-05
[2026-05-16 16:47:26] Started export task: fire_227_dynamic_2021-08-09
[2026-05-16 16:47:26] ------ Processing date=2021-08-10 ------
[2026-05-16 16:47:26] Using viirs_af_path: viirs_af_path
[2026-05-16 16:47:26] VIIRS Image Date: ['2021-08-10 00:00:00']
[2026-05-16 16:47:27] Weather image size: 1
[2026-05-16 16:47:27] Forecast duration: 2021-08-11 00:00:00 to 2021-08-12 00:00:00
[2026-05-16 16:47:27] Number of forecast images: 24
[2026-05-16 16:47:27] Using forecast run: 2021-08-10 18:00:00 UTC
[2026-05-16 16:47:28] Forecast Rain Available hours: [6, 7, 8, 9, 10, 11, 12, 13, 14, 15, 16, 17, 18, 19, 20, 21, 22, 23, 24, 25, 26, 27, 28, 29]
[2026-05-16 16:47:28] Valid hours for sum: [12, 18, 24, 29]
[2026-05-16 16:47:29] Drought composite end date: 2021-08-08 06:00:00
[2026-05-16 16:47:29] Land cover year: 2020
[2026-05-16 16:47:30] VIIRS Veg composite: 2021-07-20 → 2021-08-05
[2026-05-16 16:47:34] Started export task: fire_227_dynamic_2021-08-10
[2026-05-16 16:47:34] ------ Processing date=2021-08-11 ------
[2026-05-16 16:47:34] Using viirs_af_path: viirs_af_path
[2026-05-16 16:47:35] VIIRS Image Date: ['2021-08-11 00:00:00']
[2026-05-16 16:47:35] Weather image size: 1
[2026-05-16 16:47:35] Forecast duration: 2021-08-12 00:00:00 to 2021-08-13 00:00:00
[2026-05-16 16:47:36] Number of forecast images: 24
[2026-05-16 16:47:36] Using forecast run: 2021-08-11 18:00:00 UTC
[2026-05-16 16:47:36] Forecast Rain Available hours: [6, 7, 8, 9, 10, 11, 12, 13, 14, 15, 16, 17, 18, 19, 20, 21, 22, 23, 24, 25, 26, 27, 28, 29]
[2026-05-16 16:47:36] Valid hours for sum: [12, 18, 24, 29]
[2026-05-16 16:47:39] Drought composite end date: 2021-08-08 06:00:00
[2026-05-16 16:47:40] Land cover year: 2020
[2026-05-16 16:47:40] VIIRS Veg composite: 2021-07-20 → 2021-08-05
[2026-05-16 16:47:45] Started export task: fire_227_dynamic_2021-08-11
[2026-05-16 16:47:46] ------ Processing date=2021-08-12 ------
[2026-05-16 16:47:46] Using viirs_af_path: viirs_af_path
[2026-05-16 16:47:46] VIIRS Image Date: ['2021-08-12 00:00:00']
[2026-05-16 16:47:46] Weather image size: 1
[2026-05-16 16:47:46] Forecast duration: 2021-08-13 00:00:00 to 2021-08-14 00:00:00
[2026-05-16 16:47:47] Number of forecast images: 24
[2026-05-16 16:47:47] Using forecast run: 2021-08-12 18:00:00 UTC
[2026-05-16 16:47:47] Forecast Rain Available hours: [6, 7, 8, 9, 10, 11, 12, 13, 14, 15, 16, 17, 18, 19, 20, 21, 22, 23, 24, 25, 26, 27, 28, 29]
[2026-05-16 16:47:47] Valid hours for sum: [12, 18, 24, 29]
[2026-05-16 16:47:49] Drought composite end date: 2021-08-08 06:00:00
[2026-05-16 16:47:49] Land cover year: 2020
[2026-05-16 16:47:50] VIIRS Veg composite: 2021-07-20 → 2021-08-05
[2026-05-16 16:47:54] Started export task: fire_227_dynamic_2021-08-12
[2026-05-16 16:47:55] ------ Processing date=2021-08-13 ------
[2026-05-16 16:47:55] Using viirs_af_path: viirs_af_path
[2026-05-16 16:47:55] VIIRS Image Date: ['2021-08-13 00:00:00']
[2026-05-16 16:47:55] Weather image size: 1
[2026-05-16 16:47:55] Forecast duration: 2021-08-14 00:00:00 to 2021-08-15 00:00:00
[2026-05-16 16:47:57] Number of forecast images: 24
[2026-05-16 16:47:57] Using forecast run: 2021-08-13 18:00:00 UTC
[2026-05-16 16:47:57] Forecast Rain Available hours: [6, 7, 8, 9, 10, 11, 12, 13, 14, 15, 16, 17, 18, 19, 20, 21, 22, 23, 24, 25, 26, 27, 28, 29]
[2026-05-16 16:47:57] Valid hours for sum: [12, 18, 24, 29]
[2026-05-16 16:47:59] Drought composite end date: 2021-08-08 06:00:00
[2026-05-16 16:47:59] Land cover year: 2020
[2026-05-16 16:48:01] VIIRS Veg composite: 2021-07-20 → 2021-08-05
[2026-05-16 16:48:05] Started export task: fire_227_dynamic_2021-08-13
[2026-05-16 16:48:05] ------ Processing date=2021-08-14 ------
[2026-05-16 16:48:05] Using viirs_af_path: viirs_af_path
[2026-05-16 16:48:06] VIIRS Image Date: ['2021-08-14 00:00:00']
[2026-05-16 16:48:06] Weather image size: 1
[2026-05-16 16:48:06] Forecast duration: 2021-08-15 00:00:00 to 2021-08-16 00:00:00
[2026-05-16 16:48:07] Number of forecast images: 24
[2026-05-16 16:48:07] Using forecast run: 2021-08-14 18:00:00 UTC
[2026-05-16 16:48:07] Forecast Rain Available hours: [6, 7, 8, 9, 10, 11, 12, 13, 14, 15, 16, 17, 18, 19, 20, 21, 22, 23, 24, 25, 26, 27, 28, 29]
[2026-05-16 16:48:07] Valid hours for sum: [12, 18, 24, 29]
[2026-05-16 16:48:08] Drought composite end date: 2021-08-13 06:00:00
[2026-05-16 16:48:09] Land cover year: 2020
[2026-05-16 16:48:10] VIIRS Veg composite: 2021-07-20 → 2021-08-05
[2026-05-16 16:48:14] Started export task: fire_227_dynamic_2021-08-14
[2026-05-16 16:48:14] ------ Processing date=2021-08-15 ------
[2026-05-16 16:48:14] Using viirs_af_path: viirs_af_path
[2026-05-16 16:48:14] VIIRS Image Date: ['2021-08-15 00:00:00']
[2026-05-16 16:48:15] Weather image size: 1
[2026-05-16 16:48:15] Forecast duration: 2021-08-16 00:00:00 to 2021-08-17 00:00:00
[2026-05-16 16:48:15] Number of forecast images: 24
[2026-05-16 16:48:15] Using forecast run: 2021-08-15 18:00:00 UTC
[2026-05-16 16:48:16] Forecast Rain Available hours: [6, 7, 8, 9, 10, 11, 12, 13, 14, 15, 16, 17, 18, 19, 20, 21, 22, 23, 24, 25, 26, 27, 28, 29]
[2026-05-16 16:48:16] Valid hours for sum: [12, 18, 24, 29]
[2026-05-16 16:48:18] Drought composite end date: 2021-08-13 06:00:00
[2026-05-16 16:48:19] Land cover year: 2020
[2026-05-16 16:48:19] VIIRS Veg composite: 2021-07-20 → 2021-08-05
[2026-05-16 16:48:24] Started export task: fire_227_dynamic_2021-08-15
[2026-05-16 16:48:24] ------ Processing date=2021-08-16 ------
[2026-05-16 16:48:24] Using viirs_af_path: viirs_af_path
[2026-05-16 16:48:24] VIIRS Image Date: ['2021-08-16 00:00:00']
[2026-05-16 16:48:25] Weather image size: 1
[2026-05-16 16:48:25] Forecast duration: 2021-08-17 00:00:00 to 2021-08-18 00:00:00
[2026-05-16 16:48:25] Number of forecast images: 24
[2026-05-16 16:48:25] Using forecast run: 2021-08-16 18:00:00 UTC
[2026-05-16 16:48:26] Forecast Rain Available hours: [6, 7, 8, 9, 10, 11, 12, 13, 14, 15, 16, 17, 18, 19, 20, 21, 22, 23, 24, 25, 26, 27, 28, 29]
[2026-05-16 16:48:26] Valid hours for sum: [12, 18, 24, 29]
[2026-05-16 16:48:27] Drought composite end date: 2021-08-13 06:00:00
[2026-05-16 16:48:28] Land cover year: 2020
[2026-05-16 16:48:28] VIIRS Veg composite: 2021-07-20 → 2021-08-05
[2026-05-16 16:48:32] Started export task: fire_227_dynamic_2021-08-16
[2026-05-16 16:48:32] ------ Processing date=2021-08-17 ------
[2026-05-16 16:48:32] Using viirs_af_path: viirs_af_path
[2026-05-16 16:48:32] VIIRS Image Date: ['2021-08-17 00:00:00']
[2026-05-16 16:48:33] Weather image size: 1
[2026-05-16 16:48:33] Forecast duration: 2021-08-18 00:00:00 to 2021-08-19 00:00:00
[2026-05-16 16:48:33] Number of forecast images: 24
[2026-05-16 16:48:33] Using forecast run: 2021-08-17 18:00:00 UTC
[2026-05-16 16:48:34] Forecast Rain Available hours: [6, 7, 8, 9, 10, 11, 12, 13, 14, 15, 16, 17, 18, 19, 20, 21, 22, 23, 24, 25, 26, 27, 28, 29]
[2026-05-16 16:48:34] Valid hours for sum: [12, 18, 24, 29]
[2026-05-16 16:48:36] Drought composite end date: 2021-08-13 06:00:00
[2026-05-16 16:48:36] Land cover year: 2020
[2026-05-16 16:48:37] VIIRS Veg composite: 2021-07-20 → 2021-08-05
[2026-05-16 16:48:40] Started export task: fire_227_dynamic_2021-08-17
[2026-05-16 16:48:40] ------ Processing date=2021-08-18 ------
[2026-05-16 16:48:40] Using viirs_af_path: viirs_af_path
[2026-05-16 16:48:41] VIIRS Image Date: ['2021-08-18 00:00:00']
[2026-05-16 16:48:41] Weather image size: 1
[2026-05-16 16:48:41] Forecast duration: 2021-08-19 00:00:00 to 2021-08-20 00:00:00
[2026-05-16 16:48:43] Number of forecast images: 24
[2026-05-16 16:48:43] Using forecast run: 2021-08-18 18:00:00 UTC
[2026-05-16 16:48:43] Forecast Rain Available hours: [6, 7, 8, 9, 10, 11, 12, 13, 14, 15, 16, 17, 18, 19, 20, 21, 22, 23, 24, 25, 26, 27, 28, 29]
[2026-05-16 16:48:43] Valid hours for sum: [12, 18, 24, 29]
[2026-05-16 16:48:45] Drought composite end date: 2021-08-13 06:00:00
[2026-05-16 16:48:46] Land cover year: 2020
[2026-05-16 16:48:47] VIIRS Veg composite: 2021-07-20 → 2021-08-05
[2026-05-16 16:48:50] Started export task: fire_227_dynamic_2021-08-18
[2026-05-16 16:48:51] ------ Processing date=2021-08-19 ------
[2026-05-16 16:48:51] Using viirs_af_path: viirs_af_path
[2026-05-16 16:48:52] VIIRS Image Date: ['2021-08-19 00:00:00']
[2026-05-16 16:48:52] Weather image size: 1
[2026-05-16 16:48:52] Forecast duration: 2021-08-20 00:00:00 to 2021-08-21 00:00:00
[2026-05-16 16:48:53] Number of forecast images: 24
[2026-05-16 16:48:53] Using forecast run: 2021-08-19 18:00:00 UTC
[2026-05-16 16:48:53] Forecast Rain Available hours: [6, 7, 8, 9, 10, 11, 12, 13, 14, 15, 16, 17, 18, 19, 20, 21, 22, 23, 24, 25, 26, 27, 28, 29]
[2026-05-16 16:48:53] Valid hours for sum: [12, 18, 24, 29]
[2026-05-16 16:48:55] Drought composite end date: 2021-08-18 06:00:00
[2026-05-16 16:48:55] Land cover year: 2020
[2026-05-16 16:48:56] VIIRS Veg composite: 2021-07-20 → 2021-08-05
[2026-05-16 16:49:00] Started export task: fire_227_dynamic_2021-08-19
[2026-05-16 16:49:00] ------ Processing date=2021-08-20 ------
[2026-05-16 16:49:00] Using viirs_af_path: viirs_af_path
[2026-05-16 16:49:01] VIIRS Image Date: ['2021-08-20 00:00:00']
[2026-05-16 16:49:01] Weather image size: 1
[2026-05-16 16:49:01] Forecast duration: 2021-08-21 00:00:00 to 2021-08-22 00:00:00
[2026-05-16 16:49:01] Number of forecast images: 24
[2026-05-16 16:49:01] Using forecast run: 2021-08-20 18:00:00 UTC
[2026-05-16 16:49:02] Forecast Rain Available hours: [6, 7, 8, 9, 10, 11, 12, 13, 14, 15, 16, 17, 18, 19, 20, 21, 22, 23, 24, 25, 26, 27, 28, 29]
[2026-05-16 16:49:02] Valid hours for sum: [12, 18, 24, 29]
[2026-05-16 16:49:03] Drought composite end date: 2021-08-18 06:00:00
[2026-05-16 16:49:04] Land cover year: 2020
[2026-05-16 16:49:05] VIIRS Veg composite: 2021-07-20 → 2021-08-05
[2026-05-16 16:49:08] Started export task: fire_227_dynamic_2021-08-20
[2026-05-16 16:49:08] END: ----------Event fire_227----------- (Duration: 3.45m)
[2026-05-16 16:49:08] START: ----------Event fire_228-----------
[2026-05-16 16:49:08] ------ Processing date=2021-07-31 ------
[2026-05-16 16:49:08] Using viirs_af_path: viirs_af_path
[2026-05-16 16:49:09] VIIRS Image Date: ['2021-07-31 00:00:00']
[2026-05-16 16:49:09] Weather image size: 1
[2026-05-16 16:49:09] Forecast duration: 2021-08-01 00:00:00 to 2021-08-02 00:00:00
[2026-05-16 16:49:10] Number of forecast images: 24
[2026-05-16 16:49:10] Using forecast run: 2021-07-31 18:00:00 UTC
[2026-05-16 16:49:11] Forecast Rain Available hours: [6, 7, 8, 9, 10, 11, 12, 13, 14, 15, 16, 17, 18, 19, 20, 21, 22, 23, 24, 25, 26, 27, 28, 29]
[2026-05-16 16:49:11] Valid hours for sum: [12, 18, 24, 29]
[2026-05-16 16:49:13] Drought composite end date: 2021-07-29 06:00:00
[2026-05-16 16:49:13] Land cover year: 2020
[2026-05-16 16:49:14] VIIRS Veg composite: 2021-07-20 → 2021-08-05
[2026-05-16 16:49:19] Started export task: fire_228_static
[2026-05-16 16:49:19] Started export task: fire_228_dynamic_2021-07-31
[2026-05-16 16:49:19] ------ Processing date=2021-08-01 ------
[2026-05-16 16:49:19] Using viirs_af_path: viirs_af_path
[2026-05-16 16:49:20] VIIRS Image Date: ['2021-08-01 00:00:00']
[2026-05-16 16:49:20] Weather image size: 1
[2026-05-16 16:49:20] Forecast duration: 2021-08-02 00:00:00 to 2021-08-03 00:00:00
[2026-05-16 16:49:21] Number of forecast images: 24
[2026-05-16 16:49:21] Using forecast run: 2021-08-01 18:00:00 UTC
[2026-05-16 16:49:21] Forecast Rain Available hours: [6, 7, 8, 9, 10, 11, 12, 13, 14, 15, 16, 17, 18, 19, 20, 21, 22, 23, 24, 25, 26, 27, 28, 29]
[2026-05-16 16:49:21] Valid hours for sum: [12, 18, 24, 29]
[2026-05-16 16:49:22] Drought composite end date: 2021-07-29 06:00:00
[2026-05-16 16:49:23] Land cover year: 2020
[2026-05-16 16:49:23] VIIRS Veg composite: 2021-07-20 → 2021-08-05
[2026-05-16 16:49:28] Started export task: fire_228_dynamic_2021-08-01
[2026-05-16 16:49:28] ------ Processing date=2021-08-02 ------
[2026-05-16 16:49:28] Using viirs_af_path: viirs_af_path
[2026-05-16 16:49:28] VIIRS Image Date: ['2021-08-02 00:00:00']
[2026-05-16 16:49:29] Weather image size: 1
[2026-05-16 16:49:29] Forecast duration: 2021-08-03 00:00:00 to 2021-08-04 00:00:00
[2026-05-16 16:49:30] Number of forecast images: 24
[2026-05-16 16:49:30] Using forecast run: 2021-08-02 18:00:00 UTC
[2026-05-16 16:49:30] Forecast Rain Available hours: [6, 7, 8, 9, 10, 11, 12, 13, 14, 15, 16, 17, 18, 19, 20, 21, 22, 23, 24, 25, 26, 27, 28, 29]
[2026-05-16 16:49:30] Valid hours for sum: [12, 18, 24, 29]
[2026-05-16 16:49:32] Drought composite end date: 2021-07-29 06:00:00
[2026-05-16 16:49:32] Land cover year: 2020
[2026-05-16 16:49:33] VIIRS Veg composite: 2021-07-20 → 2021-08-05
[2026-05-16 16:49:37] Started export task: fire_228_dynamic_2021-08-02
[2026-05-16 16:49:37] ------ Processing date=2021-08-03 ------
[2026-05-16 16:49:37] Using viirs_af_path: viirs_af_path
[2026-05-16 16:49:37] VIIRS Image Date: ['2021-08-03 00:00:00']
[2026-05-16 16:49:38] Weather image size: 1
[2026-05-16 16:49:38] Forecast duration: 2021-08-04 00:00:00 to 2021-08-05 00:00:00
[2026-05-16 16:49:38] Number of forecast images: 24
[2026-05-16 16:49:38] Using forecast run: 2021-08-03 18:00:00 UTC
[2026-05-16 16:49:39] Forecast Rain Available hours: [6, 7, 8, 9, 10, 11, 12, 13, 14, 15, 16, 17, 18, 19, 20, 21, 22, 23, 24, 25, 26, 27, 28, 29]
[2026-05-16 16:49:39] Valid hours for sum: [12, 18, 24, 29]
[2026-05-16 16:49:41] Drought composite end date: 2021-07-29 06:00:00
[2026-05-16 16:49:41] Land cover year: 2020
[2026-05-16 16:49:42] VIIRS Veg composite: 2021-07-20 → 2021-08-05
[2026-05-16 16:49:46] Started export task: fire_228_dynamic_2021-08-03
[2026-05-16 16:49:46] ------ Processing date=2021-08-04 ------
[2026-05-16 16:49:46] Using viirs_af_path: viirs_af_path
[2026-05-16 16:49:46] VIIRS Image Date: ['2021-08-04 00:00:00']
[2026-05-16 16:49:47] Weather image size: 1
[2026-05-16 16:49:47] Forecast duration: 2021-08-05 00:00:00 to 2021-08-06 00:00:00
[2026-05-16 16:49:47] Number of forecast images: 24
[2026-05-16 16:49:47] Using forecast run: 2021-08-04 18:00:00 UTC
[2026-05-16 16:49:48] Forecast Rain Available hours: [6, 7, 8, 9, 10, 11, 12, 13, 14, 15, 16, 17, 18, 19, 20, 21, 22, 23, 24, 25, 26, 27, 28, 29]
[2026-05-16 16:49:48] Valid hours for sum: [12, 18, 24, 29]
[2026-05-16 16:49:50] Drought composite end date: 2021-08-03 06:00:00
[2026-05-16 16:49:50] Land cover year: 2020
[2026-05-16 16:49:51] VIIRS Veg composite: 2021-07-20 → 2021-08-05
[2026-05-16 16:49:55] Started export task: fire_228_dynamic_2021-08-04
[2026-05-16 16:49:55] ------ Processing date=2021-08-05 ------
[2026-05-16 16:49:55] Using viirs_af_path: viirs_af_path
[2026-05-16 16:49:55] VIIRS Image Date: ['2021-08-05 00:00:00']
[2026-05-16 16:49:55] Weather image size: 1
[2026-05-16 16:49:55] Forecast duration: 2021-08-06 00:00:00 to 2021-08-07 00:00:00
[2026-05-16 16:49:56] Number of forecast images: 24
[2026-05-16 16:49:56] Using forecast run: 2021-08-05 18:00:00 UTC
[2026-05-16 16:49:57] Forecast Rain Available hours: [6, 7, 8, 9, 10, 11, 12, 13, 14, 15, 16, 17, 18, 19, 20, 21, 22, 23, 24, 25, 26, 27, 28, 29]
[2026-05-16 16:49:57] Valid hours for sum: [12, 18, 24, 29]
[2026-05-16 16:50:00] Drought composite end date: 2021-08-03 06:00:00
[2026-05-16 16:50:00] Land cover year: 2020
[2026-05-16 16:50:01] VIIRS Veg composite: 2021-07-20 → 2021-08-05
[2026-05-16 16:50:05] Started export task: fire_228_dynamic_2021-08-05
[2026-05-16 16:50:06] ------ Processing date=2021-08-06 ------
[2026-05-16 16:50:06] Using viirs_af_path: viirs_af_path
[2026-05-16 16:50:06] VIIRS Image Date: ['2021-08-06 00:00:00']
[2026-05-16 16:50:07] Weather image size: 1
[2026-05-16 16:50:07] Forecast duration: 2021-08-07 00:00:00 to 2021-08-08 00:00:00
[2026-05-16 16:50:07] Number of forecast images: 24
[2026-05-16 16:50:07] Using forecast run: 2021-08-06 18:00:00 UTC
[2026-05-16 16:50:08] Forecast Rain Available hours: [6, 7, 8, 9, 10, 11, 12, 13, 14, 15, 16, 17, 18, 19, 20, 21, 22, 23, 24, 25, 26, 27, 28, 29]
[2026-05-16 16:50:08] Valid hours for sum: [12, 18, 24, 29]
[2026-05-16 16:50:10] Drought composite end date: 2021-08-03 06:00:00
[2026-05-16 16:50:10] Land cover year: 2020
[2026-05-16 16:50:11] VIIRS Veg composite: 2021-07-20 → 2021-08-05
[2026-05-16 16:50:14] Started export task: fire_228_dynamic_2021-08-06
[2026-05-16 16:50:15] ------ Processing date=2021-08-07 ------
[2026-05-16 16:50:15] Using viirs_af_path: viirs_af_path
[2026-05-16 16:50:15] VIIRS Image Date: ['2021-08-07 00:00:00']
[2026-05-16 16:50:16] Weather image size: 1
[2026-05-16 16:50:16] Forecast duration: 2021-08-08 00:00:00 to 2021-08-09 00:00:00
[2026-05-16 16:50:17] Number of forecast images: 24
[2026-05-16 16:50:17] Using forecast run: 2021-08-07 18:00:00 UTC
[2026-05-16 16:50:17] Forecast Rain Available hours: [6, 7, 8, 9, 10, 11, 12, 13, 14, 15, 16, 17, 18, 19, 20, 21, 22, 23, 24, 25, 26, 27, 28, 29]
[2026-05-16 16:50:17] Valid hours for sum: [12, 18, 24, 29]
[2026-05-16 16:50:19] Drought composite end date: 2021-08-03 06:00:00
[2026-05-16 16:50:20] Land cover year: 2020
[2026-05-16 16:50:20] VIIRS Veg composite: 2021-07-20 → 2021-08-05
[2026-05-16 16:50:24] Started export task: fire_228_dynamic_2021-08-07
[2026-05-16 16:50:24] ------ Processing date=2021-08-08 ------
[2026-05-16 16:50:24] Using viirs_af_path: viirs_af_path
[2026-05-16 16:50:25] VIIRS Image Date: ['2021-08-08 00:00:00']
[2026-05-16 16:50:25] Weather image size: 1
[2026-05-16 16:50:25] Forecast duration: 2021-08-09 00:00:00 to 2021-08-10 00:00:00
[2026-05-16 16:50:26] Number of forecast images: 24
[2026-05-16 16:50:26] Using forecast run: 2021-08-08 18:00:00 UTC
[2026-05-16 16:50:27] Forecast Rain Available hours: [6, 7, 8, 9, 10, 11, 12, 13, 14, 15, 16, 17, 18, 19, 20, 21, 22, 23, 24, 25, 26, 27, 28, 29]
[2026-05-16 16:50:27] Valid hours for sum: [12, 18, 24, 29]
[2026-05-16 16:50:29] Drought composite end date: 2021-08-03 06:00:00
[2026-05-16 16:50:29] Land cover year: 2020
[2026-05-16 16:50:29] VIIRS Veg composite: 2021-07-20 → 2021-08-05
[2026-05-16 16:50:34] Started export task: fire_228_dynamic_2021-08-08
[2026-05-16 16:50:35] ------ Processing date=2021-08-09 ------
[2026-05-16 16:50:35] Using viirs_af_path: viirs_af_path
[2026-05-16 16:50:35] VIIRS Image Date: ['2021-08-09 00:00:00']
[2026-05-16 16:50:35] Weather image size: 1
[2026-05-16 16:50:35] Forecast duration: 2021-08-10 00:00:00 to 2021-08-11 00:00:00
[2026-05-16 16:50:36] Number of forecast images: 24
[2026-05-16 16:50:36] Using forecast run: 2021-08-09 18:00:00 UTC
[2026-05-16 16:50:36] Forecast Rain Available hours: [6, 7, 8, 9, 10, 11, 12, 13, 14, 15, 16, 17, 18, 19, 20, 21, 22, 23, 24, 25, 26, 27, 28, 29]
[2026-05-16 16:50:36] Valid hours for sum: [12, 18, 24, 29]
[2026-05-16 16:50:39] Drought composite end date: 2021-08-08 06:00:00
[2026-05-16 16:50:39] Land cover year: 2020
[2026-05-16 16:50:40] VIIRS Veg composite: 2021-07-20 → 2021-08-05
[2026-05-16 16:50:44] Started export task: fire_228_dynamic_2021-08-09
[2026-05-16 16:50:44] ------ Processing date=2021-08-10 ------
[2026-05-16 16:50:44] Using viirs_af_path: viirs_af_path
[2026-05-16 16:50:44] VIIRS Image Date: ['2021-08-10 00:00:00']
[2026-05-16 16:50:45] Weather image size: 1
[2026-05-16 16:50:45] Forecast duration: 2021-08-11 00:00:00 to 2021-08-12 00:00:00
[2026-05-16 16:50:46] Number of forecast images: 24
[2026-05-16 16:50:46] Using forecast run: 2021-08-10 18:00:00 UTC
[2026-05-16 16:50:47] Forecast Rain Available hours: [6, 7, 8, 9, 10, 11, 12, 13, 14, 15, 16, 17, 18, 19, 20, 21, 22, 23, 24, 25, 26, 27, 28, 29]
[2026-05-16 16:50:47] Valid hours for sum: [12, 18, 24, 29]
[2026-05-16 16:50:49] Drought composite end date: 2021-08-08 06:00:00
[2026-05-16 16:50:49] Land cover year: 2020
[2026-05-16 16:50:50] VIIRS Veg composite: 2021-07-20 → 2021-08-05
[2026-05-16 16:50:54] Started export task: fire_228_dynamic_2021-08-10
[2026-05-16 16:50:55] ------ Processing date=2021-08-11 ------
[2026-05-16 16:50:55] Using viirs_af_path: viirs_af_path
[2026-05-16 16:50:55] VIIRS Image Date: ['2021-08-11 00:00:00']
[2026-05-16 16:50:55] Weather image size: 1
[2026-05-16 16:50:55] Forecast duration: 2021-08-12 00:00:00 to 2021-08-13 00:00:00
[2026-05-16 16:50:56] Number of forecast images: 24
[2026-05-16 16:50:56] Using forecast run: 2021-08-11 18:00:00 UTC
[2026-05-16 16:50:57] Forecast Rain Available hours: [6, 7, 8, 9, 10, 11, 12, 13, 14, 15, 16, 17, 18, 19, 20, 21, 22, 23, 24, 25, 26, 27, 28, 29]
[2026-05-16 16:50:57] Valid hours for sum: [12, 18, 24, 29]
[2026-05-16 16:50:59] Drought composite end date: 2021-08-08 06:00:00
[2026-05-16 16:50:59] Land cover year: 2020
[2026-05-16 16:51:00] VIIRS Veg composite: 2021-07-20 → 2021-08-05
[2026-05-16 16:51:05] Started export task: fire_228_dynamic_2021-08-11
[2026-05-16 16:51:05] ------ Processing date=2021-08-12 ------
[2026-05-16 16:51:05] Using viirs_af_path: viirs_af_path
[2026-05-16 16:51:05] VIIRS Image Date: ['2021-08-12 00:00:00']
[2026-05-16 16:51:06] Weather image size: 1
[2026-05-16 16:51:06] Forecast duration: 2021-08-13 00:00:00 to 2021-08-14 00:00:00
[2026-05-16 16:51:07] Number of forecast images: 24
[2026-05-16 16:51:07] Using forecast run: 2021-08-12 18:00:00 UTC
[2026-05-16 16:51:07] Forecast Rain Available hours: [6, 7, 8, 9, 10, 11, 12, 13, 14, 15, 16, 17, 18, 19, 20, 21, 22, 23, 24, 25, 26, 27, 28, 29]
[2026-05-16 16:51:07] Valid hours for sum: [12, 18, 24, 29]
[2026-05-16 16:51:09] Drought composite end date: 2021-08-08 06:00:00
[2026-05-16 16:51:09] Land cover year: 2020
[2026-05-16 16:51:10] VIIRS Veg composite: 2021-07-20 → 2021-08-05
[2026-05-16 16:51:14] Started export task: fire_228_dynamic_2021-08-12
[2026-05-16 16:51:14] ------ Processing date=2021-08-13 ------
[2026-05-16 16:51:14] Using viirs_af_path: viirs_af_path
[2026-05-16 16:51:15] VIIRS Image Date: ['2021-08-13 00:00:00']
[2026-05-16 16:51:15] Weather image size: 1
[2026-05-16 16:51:15] Forecast duration: 2021-08-14 00:00:00 to 2021-08-15 00:00:00
[2026-05-16 16:51:16] Number of forecast images: 24
[2026-05-16 16:51:16] Using forecast run: 2021-08-13 18:00:00 UTC
[2026-05-16 16:51:16] Forecast Rain Available hours: [6, 7, 8, 9, 10, 11, 12, 13, 14, 15, 16, 17, 18, 19, 20, 21, 22, 23, 24, 25, 26, 27, 28, 29]
[2026-05-16 16:51:16] Valid hours for sum: [12, 18, 24, 29]
[2026-05-16 16:51:19] Drought composite end date: 2021-08-08 06:00:00
[2026-05-16 16:51:19] Land cover year: 2020
[2026-05-16 16:51:22] VIIRS Veg composite: 2021-07-20 → 2021-08-05
[2026-05-16 16:51:26] Started export task: fire_228_dynamic_2021-08-13
[2026-05-16 16:51:27] ------ Processing date=2021-08-14 ------
[2026-05-16 16:51:27] Using viirs_af_path: viirs_af_path
[2026-05-16 16:51:27] VIIRS Image Date: ['2021-08-14 00:00:00']
[2026-05-16 16:51:28] Weather image size: 1
[2026-05-16 16:51:28] Forecast duration: 2021-08-15 00:00:00 to 2021-08-16 00:00:00
[2026-05-16 16:51:29] Number of forecast images: 24
[2026-05-16 16:51:29] Using forecast run: 2021-08-14 18:00:00 UTC
[2026-05-16 16:51:29] Forecast Rain Available hours: [6, 7, 8, 9, 10, 11, 12, 13, 14, 15, 16, 17, 18, 19, 20, 21, 22, 23, 24, 25, 26, 27, 28, 29]
[2026-05-16 16:51:29] Valid hours for sum: [12, 18, 24, 29]
[2026-05-16 16:51:31] Drought composite end date: 2021-08-13 06:00:00
[2026-05-16 16:51:32] Land cover year: 2020
[2026-05-16 16:51:33] VIIRS Veg composite: 2021-07-20 → 2021-08-05
[2026-05-16 16:51:35] Started export task: fire_228_dynamic_2021-08-14
[2026-05-16 16:51:36] ------ Processing date=2021-08-15 ------
[2026-05-16 16:51:36] Using viirs_af_path: viirs_af_path
[2026-05-16 16:51:36] VIIRS Image Date: ['2021-08-15 00:00:00']
[2026-05-16 16:51:36] Weather image size: 1
[2026-05-16 16:51:36] Forecast duration: 2021-08-16 00:00:00 to 2021-08-17 00:00:00
[2026-05-16 16:51:37] Number of forecast images: 24
[2026-05-16 16:51:37] Using forecast run: 2021-08-15 18:00:00 UTC
[2026-05-16 16:51:38] Forecast Rain Available hours: [6, 7, 8, 9, 10, 11, 12, 13, 14, 15, 16, 17, 18, 19, 20, 21, 22, 23, 24, 25, 26, 27, 28, 29]
[2026-05-16 16:51:38] Valid hours for sum: [12, 18, 24, 29]
[2026-05-16 16:51:39] Drought composite end date: 2021-08-13 06:00:00
[2026-05-16 16:51:42] Land cover year: 2020
[2026-05-16 16:51:43] VIIRS Veg composite: 2021-07-20 → 2021-08-05
[2026-05-16 16:51:47] Started export task: fire_228_dynamic_2021-08-15
[2026-05-16 16:51:48] ------ Processing date=2021-08-16 ------
[2026-05-16 16:51:48] Using viirs_af_path: viirs_af_path
[2026-05-16 16:51:48] VIIRS Image Date: ['2021-08-16 00:00:00']
[2026-05-16 16:51:48] Weather image size: 1
[2026-05-16 16:51:48] Forecast duration: 2021-08-17 00:00:00 to 2021-08-18 00:00:00
[2026-05-16 16:51:49] Number of forecast images: 24
[2026-05-16 16:51:49] Using forecast run: 2021-08-16 18:00:00 UTC
[2026-05-16 16:51:50] Forecast Rain Available hours: [6, 7, 8, 9, 10, 11, 12, 13, 14, 15, 16, 17, 18, 19, 20, 21, 22, 23, 24, 25, 26, 27, 28, 29]
[2026-05-16 16:51:50] Valid hours for sum: [12, 18, 24, 29]
[2026-05-16 16:51:53] Drought composite end date: 2021-08-13 06:00:00
[2026-05-16 16:51:53] Land cover year: 2020
[2026-05-16 16:51:54] VIIRS Veg composite: 2021-07-20 → 2021-08-05
[2026-05-16 16:51:57] Started export task: fire_228_dynamic_2021-08-16
[2026-05-16 16:51:57] ------ Processing date=2021-08-17 ------
[2026-05-16 16:51:57] Using viirs_af_path: viirs_af_path
[2026-05-16 16:51:57] VIIRS Image Date: ['2021-08-17 00:00:00']
[2026-05-16 16:51:58] Weather image size: 1
[2026-05-16 16:51:58] Forecast duration: 2021-08-18 00:00:00 to 2021-08-19 00:00:00
[2026-05-16 16:51:59] Number of forecast images: 24
[2026-05-16 16:51:59] Using forecast run: 2021-08-17 18:00:00 UTC
[2026-05-16 16:51:59] Forecast Rain Available hours: [6, 7, 8, 9, 10, 11, 12, 13, 14, 15, 16, 17, 18, 19, 20, 21, 22, 23, 24, 25, 26, 27, 28, 29]
[2026-05-16 16:51:59] Valid hours for sum: [12, 18, 24, 29]
[2026-05-16 16:52:01] Drought composite end date: 2021-08-13 06:00:00
[2026-05-16 16:52:02] Land cover year: 2020
[2026-05-16 16:52:02] VIIRS Veg composite: 2021-07-20 → 2021-08-05
[2026-05-16 16:52:06] Started export task: fire_228_dynamic_2021-08-17
[2026-05-16 16:52:06] ------ Processing date=2021-08-18 ------
[2026-05-16 16:52:06] Using viirs_af_path: viirs_af_path
[2026-05-16 16:52:07] VIIRS Image Date: ['2021-08-18 00:00:00']
[2026-05-16 16:52:07] Weather image size: 1
[2026-05-16 16:52:07] Forecast duration: 2021-08-19 00:00:00 to 2021-08-20 00:00:00
[2026-05-16 16:52:08] Number of forecast images: 24
[2026-05-16 16:52:08] Using forecast run: 2021-08-18 18:00:00 UTC
[2026-05-16 16:52:08] Forecast Rain Available hours: [6, 7, 8, 9, 10, 11, 12, 13, 14, 15, 16, 17, 18, 19, 20, 21, 22, 23, 24, 25, 26, 27, 28, 29]
[2026-05-16 16:52:08] Valid hours for sum: [12, 18, 24, 29]
[2026-05-16 16:52:10] Drought composite end date: 2021-08-13 06:00:00
[2026-05-16 16:52:10] Land cover year: 2020
[2026-05-16 16:52:11] VIIRS Veg composite: 2021-07-20 → 2021-08-05
[2026-05-16 16:52:14] Started export task: fire_228_dynamic_2021-08-18
[2026-05-16 16:52:14] ------ Processing date=2021-08-19 ------
[2026-05-16 16:52:14] Using viirs_af_path: viirs_af_path
[2026-05-16 16:52:15] VIIRS Image Date: ['2021-08-19 00:00:00']
[2026-05-16 16:52:15] Weather image size: 1
[2026-05-16 16:52:15] Forecast duration: 2021-08-20 00:00:00 to 2021-08-21 00:00:00
[2026-05-16 16:52:16] Number of forecast images: 24
[2026-05-16 16:52:16] Using forecast run: 2021-08-19 18:00:00 UTC
[2026-05-16 16:52:17] Forecast Rain Available hours: [6, 7, 8, 9, 10, 11, 12, 13, 14, 15, 16, 17, 18, 19, 20, 21, 22, 23, 24, 25, 26, 27, 28, 29]
[2026-05-16 16:52:17] Valid hours for sum: [12, 18, 24, 29]
[2026-05-16 16:52:19] Drought composite end date: 2021-08-18 06:00:00
[2026-05-16 16:52:19] Land cover year: 2020
[2026-05-16 16:52:20] VIIRS Veg composite: 2021-07-20 → 2021-08-05
[2026-05-16 16:52:24] Started export task: fire_228_dynamic_2021-08-19
[2026-05-16 16:52:24] ------ Processing date=2021-08-20 ------
[2026-05-16 16:52:24] Using viirs_af_path: viirs_af_path
[2026-05-16 16:52:25] VIIRS Image Date: ['2021-08-20 00:00:00']
[2026-05-16 16:52:25] Weather image size: 1
[2026-05-16 16:52:25] Forecast duration: 2021-08-21 00:00:00 to 2021-08-22 00:00:00
[2026-05-16 16:52:25] Number of forecast images: 24
[2026-05-16 16:52:25] Using forecast run: 2021-08-20 18:00:00 UTC
[2026-05-16 16:52:26] Forecast Rain Available hours: [6, 7, 8, 9, 10, 11, 12, 13, 14, 15, 16, 17, 18, 19, 20, 21, 22, 23, 24, 25, 26, 27, 28, 29]
[2026-05-16 16:52:26] Valid hours for sum: [12, 18, 24, 29]
[2026-05-16 16:52:28] Drought composite end date: 2021-08-18 06:00:00
[2026-05-16 16:52:28] Land cover year: 2020
[2026-05-16 16:52:29] VIIRS Veg composite: 2021-07-20 → 2021-08-05
[2026-05-16 16:52:33] Started export task: fire_228_dynamic_2021-08-20
[2026-05-16 16:52:33] END: ----------Event fire_228----------- (Duration: 3.42m)
[2026-05-16 16:52:33] START: ----------Event fire_233-----------
[2026-05-16 16:52:34] ------ Processing date=2021-08-07 ------
[2026-05-16 16:52:34] Using viirs_af_path: viirs_af_path
[2026-05-16 16:52:34] VIIRS Image Date: ['2021-08-07 00:00:00']
[2026-05-16 16:52:34] Weather image size: 1
[2026-05-16 16:52:34] Forecast duration: 2021-08-08 00:00:00 to 2021-08-09 00:00:00
[2026-05-16 16:52:35] Number of forecast images: 24
[2026-05-16 16:52:35] Using forecast run: 2021-08-07 18:00:00 UTC
[2026-05-16 16:52:35] Forecast Rain Available hours: [6, 7, 8, 9, 10, 11, 12, 13, 14, 15, 16, 17, 18, 19, 20, 21, 22, 23, 24, 25, 26, 27, 28, 29]
[2026-05-16 16:52:35] Valid hours for sum: [12, 18, 24, 29]
[2026-05-16 16:52:37] Drought composite end date: 2021-08-03 06:00:00
[2026-05-16 16:52:37] Land cover year: 2020
[2026-05-16 16:52:38] VIIRS Veg composite: 2021-07-28 → 2021-08-13
[2026-05-16 16:52:42] Started export task: fire_233_static
[2026-05-16 16:52:42] Started export task: fire_233_dynamic_2021-08-07
[2026-05-16 16:52:43] ------ Processing date=2021-08-08 ------
[2026-05-16 16:52:43] Using viirs_af_path: viirs_af_path
[2026-05-16 16:52:44] VIIRS Image Date: ['2021-08-08 00:00:00']
[2026-05-16 16:52:44] Weather image size: 1
[2026-05-16 16:52:44] Forecast duration: 2021-08-09 00:00:00 to 2021-08-10 00:00:00
[2026-05-16 16:52:45] Number of forecast images: 24
[2026-05-16 16:52:45] Using forecast run: 2021-08-08 18:00:00 UTC
[2026-05-16 16:52:45] Forecast Rain Available hours: [6, 7, 8, 9, 10, 11, 12, 13, 14, 15, 16, 17, 18, 19, 20, 21, 22, 23, 24, 25, 26, 27, 28, 29]
[2026-05-16 16:52:45] Valid hours for sum: [12, 18, 24, 29]
[2026-05-16 16:52:47] Drought composite end date: 2021-08-03 06:00:00
[2026-05-16 16:52:47] Land cover year: 2020
[2026-05-16 16:52:48] VIIRS Veg composite: 2021-07-28 → 2021-08-13
[2026-05-16 16:52:51] Started export task: fire_233_dynamic_2021-08-08
[2026-05-16 16:52:51] ------ Processing date=2021-08-09 ------
[2026-05-16 16:52:51] Using viirs_af_path: viirs_af_path
[2026-05-16 16:52:51] VIIRS Image Date: ['2021-08-09 00:00:00']
[2026-05-16 16:52:52] Weather image size: 1
[2026-05-16 16:52:52] Forecast duration: 2021-08-10 00:00:00 to 2021-08-11 00:00:00
[2026-05-16 16:52:53] Number of forecast images: 24
[2026-05-16 16:52:53] Using forecast run: 2021-08-09 18:00:00 UTC
[2026-05-16 16:52:54] Forecast Rain Available hours: [6, 7, 8, 9, 10, 11, 12, 13, 14, 15, 16, 17, 18, 19, 20, 21, 22, 23, 24, 25, 26, 27, 28, 29]
[2026-05-16 16:52:54] Valid hours for sum: [12, 18, 24, 29]
[2026-05-16 16:52:56] Drought composite end date: 2021-08-08 06:00:00
[2026-05-16 16:52:56] Land cover year: 2020
[2026-05-16 16:52:57] VIIRS Veg composite: 2021-07-28 → 2021-08-13
[2026-05-16 16:53:02] Started export task: fire_233_dynamic_2021-08-09
[2026-05-16 16:53:03] ------ Processing date=2021-08-10 ------
[2026-05-16 16:53:03] Using viirs_af_path: viirs_af_path
[2026-05-16 16:53:03] VIIRS Image Date: ['2021-08-10 00:00:00']
[2026-05-16 16:53:03] Weather image size: 1
[2026-05-16 16:53:03] Forecast duration: 2021-08-11 00:00:00 to 2021-08-12 00:00:00
[2026-05-16 16:53:04] Number of forecast images: 24
[2026-05-16 16:53:04] Using forecast run: 2021-08-10 18:00:00 UTC
[2026-05-16 16:53:05] Forecast Rain Available hours: [6, 7, 8, 9, 10, 11, 12, 13, 14, 15, 16, 17, 18, 19, 20, 21, 22, 23, 24, 25, 26, 27, 28, 29]
[2026-05-16 16:53:05] Valid hours for sum: [12, 18, 24, 29]
[2026-05-16 16:53:08] Drought composite end date: 2021-08-08 06:00:00
[2026-05-16 16:53:08] Land cover year: 2020
[2026-05-16 16:53:42] VIIRS Veg composite: 2021-07-28 → 2021-08-13
[2026-05-16 16:53:46] Started export task: fire_233_dynamic_2021-08-10
[2026-05-16 16:53:46] ------ Processing date=2021-08-11 ------
[2026-05-16 16:53:46] Using viirs_af_path: viirs_af_path
[2026-05-16 16:53:47] VIIRS Image Date: ['2021-08-11 00:00:00']
[2026-05-16 16:53:47] Weather image size: 1
[2026-05-16 16:53:47] Forecast duration: 2021-08-12 00:00:00 to 2021-08-13 00:00:00
[2026-05-16 16:53:48] Number of forecast images: 24
[2026-05-16 16:53:48] Using forecast run: 2021-08-11 18:00:00 UTC
[2026-05-16 16:53:49] Forecast Rain Available hours: [6, 7, 8, 9, 10, 11, 12, 13, 14, 15, 16, 17, 18, 19, 20, 21, 22, 23, 24, 25, 26, 27, 28, 29]
[2026-05-16 16:53:49] Valid hours for sum: [12, 18, 24, 29]
[2026-05-16 16:53:51] Drought composite end date: 2021-08-08 06:00:00
[2026-05-16 16:53:51] Land cover year: 2020
[2026-05-16 16:53:52] VIIRS Veg composite: 2021-07-28 → 2021-08-13
[2026-05-16 16:53:56] Started export task: fire_233_dynamic_2021-08-11
[2026-05-16 16:53:56] ------ Processing date=2021-08-12 ------
[2026-05-16 16:53:56] Using viirs_af_path: viirs_af_path
[2026-05-16 16:53:57] VIIRS Image Date: ['2021-08-12 00:00:00']
[2026-05-16 16:53:57] Weather image size: 1
[2026-05-16 16:53:57] Forecast duration: 2021-08-13 00:00:00 to 2021-08-14 00:00:00
[2026-05-16 16:53:58] Number of forecast images: 24
[2026-05-16 16:53:58] Using forecast run: 2021-08-12 18:00:00 UTC
[2026-05-16 16:53:59] Forecast Rain Available hours: [6, 7, 8, 9, 10, 11, 12, 13, 14, 15, 16, 17, 18, 19, 20, 21, 22, 23, 24, 25, 26, 27, 28, 29]
[2026-05-16 16:53:59] Valid hours for sum: [12, 18, 24, 29]
[2026-05-16 16:54:01] Drought composite end date: 2021-08-08 06:00:00
[2026-05-16 16:54:01] Land cover year: 2020
[2026-05-16 16:54:02] VIIRS Veg composite: 2021-07-28 → 2021-08-13
[2026-05-16 16:54:06] Started export task: fire_233_dynamic_2021-08-12
[2026-05-16 16:54:07] ------ Processing date=2021-08-13 ------
[2026-05-16 16:54:07] Using viirs_af_path: viirs_af_path
[2026-05-16 16:54:07] VIIRS Image Date: ['2021-08-13 00:00:00']
[2026-05-16 16:54:07] Weather image size: 1
[2026-05-16 16:54:07] Forecast duration: 2021-08-14 00:00:00 to 2021-08-15 00:00:00
[2026-05-16 16:54:08] Number of forecast images: 24
[2026-05-16 16:54:08] Using forecast run: 2021-08-13 18:00:00 UTC
[2026-05-16 16:54:08] Forecast Rain Available hours: [6, 7, 8, 9, 10, 11, 12, 13, 14, 15, 16, 17, 18, 19, 20, 21, 22, 23, 24, 25, 26, 27, 28, 29]
[2026-05-16 16:54:08] Valid hours for sum: [12, 18, 24, 29]
[2026-05-16 16:54:11] Drought composite end date: 2021-08-08 06:00:00
[2026-05-16 16:54:11] Land cover year: 2020
[2026-05-16 16:54:12] VIIRS Veg composite: 2021-07-28 → 2021-08-13
[2026-05-16 16:54:17] Started export task: fire_233_dynamic_2021-08-13
[2026-05-16 16:54:18] ------ Processing date=2021-08-14 ------
[2026-05-16 16:54:18] Using viirs_af_path: viirs_af_path
[2026-05-16 16:54:18] VIIRS Image Date: ['2021-08-14 00:00:00']
[2026-05-16 16:54:19] Weather image size: 1
[2026-05-16 16:54:19] Forecast duration: 2021-08-15 00:00:00 to 2021-08-16 00:00:00
[2026-05-16 16:54:20] Number of forecast images: 24
[2026-05-16 16:54:20] Using forecast run: 2021-08-14 18:00:00 UTC
[2026-05-16 16:54:20] Forecast Rain Available hours: [6, 7, 8, 9, 10, 11, 12, 13, 14, 15, 16, 17, 18, 19, 20, 21, 22, 23, 24, 25, 26, 27, 28, 29]
[2026-05-16 16:54:20] Valid hours for sum: [12, 18, 24, 29]
[2026-05-16 16:54:22] Drought composite end date: 2021-08-13 06:00:00
[2026-05-16 16:54:22] Land cover year: 2020
[2026-05-16 16:54:23] VIIRS Veg composite: 2021-07-28 → 2021-08-13
[2026-05-16 16:54:28] Started export task: fire_233_dynamic_2021-08-14
[2026-05-16 16:54:28] ------ Processing date=2021-08-15 ------
[2026-05-16 16:54:28] Using viirs_af_path: viirs_af_path
[2026-05-16 16:54:29] VIIRS Image Date: ['2021-08-15 00:00:00']
[2026-05-16 16:54:29] Weather image size: 1
[2026-05-16 16:54:29] Forecast duration: 2021-08-16 00:00:00 to 2021-08-17 00:00:00
[2026-05-16 16:54:30] Number of forecast images: 24
[2026-05-16 16:54:30] Using forecast run: 2021-08-15 18:00:00 UTC
[2026-05-16 16:54:30] Forecast Rain Available hours: [6, 7, 8, 9, 10, 11, 12, 13, 14, 15, 16, 17, 18, 19, 20, 21, 22, 23, 24, 25, 26, 27, 28, 29]
[2026-05-16 16:54:30] Valid hours for sum: [12, 18, 24, 29]
[2026-05-16 16:54:33] Drought composite end date: 2021-08-13 06:00:00
[2026-05-16 16:54:33] Land cover year: 2020
[2026-05-16 16:54:34] VIIRS Veg composite: 2021-07-28 → 2021-08-13
[2026-05-16 16:54:39] Started export task: fire_233_dynamic_2021-08-15
[2026-05-16 16:54:39] ------ Processing date=2021-08-16 ------
[2026-05-16 16:54:39] Using viirs_af_path: viirs_af_path
[2026-05-16 16:54:39] VIIRS Image Date: ['2021-08-16 00:00:00']
[2026-05-16 16:54:40] Weather image size: 1
[2026-05-16 16:54:40] Forecast duration: 2021-08-17 00:00:00 to 2021-08-18 00:00:00
[2026-05-16 16:54:40] Number of forecast images: 24
[2026-05-16 16:54:40] Using forecast run: 2021-08-16 18:00:00 UTC
[2026-05-16 16:54:41] Forecast Rain Available hours: [6, 7, 8, 9, 10, 11, 12, 13, 14, 15, 16, 17, 18, 19, 20, 21, 22, 23, 24, 25, 26, 27, 28, 29]
[2026-05-16 16:54:41] Valid hours for sum: [12, 18, 24, 29]
[2026-05-16 16:54:42] Drought composite end date: 2021-08-13 06:00:00
[2026-05-16 16:54:43] Land cover year: 2020
[2026-05-16 16:54:43] VIIRS Veg composite: 2021-07-28 → 2021-08-13
[2026-05-16 16:54:47] Started export task: fire_233_dynamic_2021-08-16
[2026-05-16 16:54:48] ------ Processing date=2021-08-17 ------
[2026-05-16 16:54:48] Using viirs_af_path: viirs_af_path
[2026-05-16 16:54:48] VIIRS Image Date: ['2021-08-17 00:00:00']
[2026-05-16 16:54:48] Weather image size: 1
[2026-05-16 16:54:48] Forecast duration: 2021-08-18 00:00:00 to 2021-08-19 00:00:00
[2026-05-16 16:54:49] Number of forecast images: 24
[2026-05-16 16:54:49] Using forecast run: 2021-08-17 18:00:00 UTC
[2026-05-16 16:54:50] Forecast Rain Available hours: [6, 7, 8, 9, 10, 11, 12, 13, 14, 15, 16, 17, 18, 19, 20, 21, 22, 23, 24, 25, 26, 27, 28, 29]
[2026-05-16 16:54:50] Valid hours for sum: [12, 18, 24, 29]
[2026-05-16 16:54:52] Drought composite end date: 2021-08-13 06:00:00
[2026-05-16 16:54:52] Land cover year: 2020
[2026-05-16 16:54:53] VIIRS Veg composite: 2021-07-28 → 2021-08-13
[2026-05-16 16:54:57] Started export task: fire_233_dynamic_2021-08-17
[2026-05-16 16:54:57] ------ Processing date=2021-08-18 ------
[2026-05-16 16:54:57] Using viirs_af_path: viirs_af_path
[2026-05-16 16:54:57] VIIRS Image Date: ['2021-08-18 00:00:00']
[2026-05-16 16:54:57] Weather image size: 1
[2026-05-16 16:54:57] Forecast duration: 2021-08-19 00:00:00 to 2021-08-20 00:00:00
[2026-05-16 16:54:58] Number of forecast images: 24
[2026-05-16 16:54:58] Using forecast run: 2021-08-18 18:00:00 UTC
[2026-05-16 16:54:59] Forecast Rain Available hours: [6, 7, 8, 9, 10, 11, 12, 13, 14, 15, 16, 17, 18, 19, 20, 21, 22, 23, 24, 25, 26, 27, 28, 29]
[2026-05-16 16:54:59] Valid hours for sum: [12, 18, 24, 29]
[2026-05-16 16:55:01] Drought composite end date: 2021-08-13 06:00:00
[2026-05-16 16:55:01] Land cover year: 2020
[2026-05-16 16:55:02] VIIRS Veg composite: 2021-07-28 → 2021-08-13
[2026-05-16 16:55:06] Started export task: fire_233_dynamic_2021-08-18
[2026-05-16 16:55:06] ------ Processing date=2021-08-19 ------
[2026-05-16 16:55:06] Using viirs_af_path: viirs_af_path
[2026-05-16 16:55:06] VIIRS Image Date: ['2021-08-19 00:00:00']
[2026-05-16 16:55:06] Weather image size: 1
[2026-05-16 16:55:06] Forecast duration: 2021-08-20 00:00:00 to 2021-08-21 00:00:00
[2026-05-16 16:55:07] Number of forecast images: 24
[2026-05-16 16:55:07] Using forecast run: 2021-08-19 18:00:00 UTC
[2026-05-16 16:55:08] Forecast Rain Available hours: [6, 7, 8, 9, 10, 11, 12, 13, 14, 15, 16, 17, 18, 19, 20, 21, 22, 23, 24, 25, 26, 27, 28, 29]
[2026-05-16 16:55:08] Valid hours for sum: [12, 18, 24, 29]
[2026-05-16 16:55:09] Drought composite end date: 2021-08-18 06:00:00
[2026-05-16 16:55:10] Land cover year: 2020
[2026-05-16 16:55:10] VIIRS Veg composite: 2021-07-28 → 2021-08-13
[2026-05-16 16:55:28] Started export task: fire_233_dynamic_2021-08-19
[2026-05-16 16:55:28] ------ Processing date=2021-08-20 ------
[2026-05-16 16:55:28] Using viirs_af_path: viirs_af_path
[2026-05-16 16:55:29] VIIRS Image Date: ['2021-08-20 00:00:00']
[2026-05-16 16:55:29] Weather image size: 1
[2026-05-16 16:55:29] Forecast duration: 2021-08-21 00:00:00 to 2021-08-22 00:00:00
[2026-05-16 16:55:30] Number of forecast images: 24
[2026-05-16 16:55:30] Using forecast run: 2021-08-20 18:00:00 UTC
[2026-05-16 16:55:30] Forecast Rain Available hours: [6, 7, 8, 9, 10, 11, 12, 13, 14, 15, 16, 17, 18, 19, 20, 21, 22, 23, 24, 25, 26, 27, 28, 29]
[2026-05-16 16:55:30] Valid hours for sum: [12, 18, 24, 29]
[2026-05-16 16:55:32] Drought composite end date: 2021-08-18 06:00:00
[2026-05-16 16:55:32] Land cover year: 2020
[2026-05-16 16:55:33] VIIRS Veg composite: 2021-07-28 → 2021-08-13
[2026-05-16 16:55:36] Started export task: fire_233_dynamic_2021-08-20
[2026-05-16 16:55:37] ------ Processing date=2021-08-21 ------
[2026-05-16 16:55:37] Using viirs_af_path: viirs_af_path
[2026-05-16 16:55:37] VIIRS Image Date: ['2021-08-21 00:00:00']
[2026-05-16 16:55:37] Weather image size: 1
[2026-05-16 16:55:37] Forecast duration: 2021-08-22 00:00:00 to 2021-08-23 00:00:00
[2026-05-16 16:55:38] Number of forecast images: 24
[2026-05-16 16:55:38] Using forecast run: 2021-08-21 18:00:00 UTC
[2026-05-16 16:55:38] Forecast Rain Available hours: [6, 7, 8, 9, 10, 11, 12, 13, 14, 15, 16, 17, 18, 19, 20, 21, 22, 23, 24, 25, 26, 27, 28, 29]
[2026-05-16 16:55:38] Valid hours for sum: [12, 18, 24, 29]
[2026-05-16 16:55:40] Drought composite end date: 2021-08-18 06:00:00
[2026-05-16 16:55:40] Land cover year: 2020
[2026-05-16 16:55:42] VIIRS Veg composite: 2021-07-28 → 2021-08-13
[2026-05-16 16:55:44] Started export task: fire_233_dynamic_2021-08-21
[2026-05-16 16:55:45] ------ Processing date=2021-08-22 ------
[2026-05-16 16:55:45] Using viirs_af_path: viirs_af_path
[2026-05-16 16:55:45] VIIRS Image Date: ['2021-08-22 00:00:00']
[2026-05-16 16:55:45] Weather image size: 1
[2026-05-16 16:55:45] Forecast duration: 2021-08-23 00:00:00 to 2021-08-24 00:00:00
[2026-05-16 16:55:46] Number of forecast images: 24
[2026-05-16 16:55:46] Using forecast run: 2021-08-22 18:00:00 UTC
[2026-05-16 16:55:46] Forecast Rain Available hours: [6, 7, 8, 9, 10, 11, 12, 13, 14, 15, 16, 17, 18, 19, 20, 21, 22, 23, 24, 25, 26, 27, 28, 29]
[2026-05-16 16:55:46] Valid hours for sum: [12, 18, 24, 29]
[2026-05-16 16:55:48] Drought composite end date: 2021-08-18 06:00:00
[2026-05-16 16:55:48] Land cover year: 2020
[2026-05-16 16:55:50] VIIRS Veg composite: 2021-07-28 → 2021-08-13
[2026-05-16 16:55:55] Started export task: fire_233_dynamic_2021-08-22
[2026-05-16 16:55:55] ------ Processing date=2021-08-23 ------
[2026-05-16 16:55:55] Using viirs_af_path: viirs_af_path
[2026-05-16 16:55:56] VIIRS Image Date: ['2021-08-23 00:00:00']
[2026-05-16 16:55:56] Weather image size: 1
[2026-05-16 16:55:56] Forecast duration: 2021-08-24 00:00:00 to 2021-08-25 00:00:00
[2026-05-16 16:55:57] Number of forecast images: 24
[2026-05-16 16:55:57] Using forecast run: 2021-08-23 18:00:00 UTC
[2026-05-16 16:55:57] Forecast Rain Available hours: [6, 7, 8, 9, 10, 11, 12, 13, 14, 15, 16, 17, 18, 19, 20, 21, 22, 23, 24, 25, 26, 27, 28, 29]
[2026-05-16 16:55:57] Valid hours for sum: [12, 18, 24, 29]
[2026-05-16 16:55:59] Drought composite end date: 2021-08-18 06:00:00
[2026-05-16 16:56:00] Land cover year: 2020
[2026-05-16 16:56:00] VIIRS Veg composite: 2021-07-28 → 2021-08-13
[2026-05-16 16:56:05] Started export task: fire_233_dynamic_2021-08-23
[2026-05-16 16:56:05] ------ Processing date=2021-08-24 ------
[2026-05-16 16:56:05] Using viirs_af_path: viirs_af_path
[2026-05-16 16:56:05] VIIRS Image Date: ['2021-08-24 00:00:00']
[2026-05-16 16:56:06] Weather image size: 1
[2026-05-16 16:56:06] Forecast duration: 2021-08-25 00:00:00 to 2021-08-26 00:00:00
[2026-05-16 16:56:07] Number of forecast images: 24
[2026-05-16 16:56:07] Using forecast run: 2021-08-24 18:00:00 UTC
[2026-05-16 16:56:07] Forecast Rain Available hours: [6, 7, 8, 9, 10, 11, 12, 13, 14, 15, 16, 17, 18, 19, 20, 21, 22, 23, 24, 25, 26, 27, 28, 29]
[2026-05-16 16:56:07] Valid hours for sum: [12, 18, 24, 29]
[2026-05-16 16:56:08] Drought composite end date: 2021-08-23 06:00:00
[2026-05-16 16:56:09] Land cover year: 2020
[2026-05-16 16:56:11] VIIRS Veg composite: 2021-07-28 → 2021-08-13
[2026-05-16 16:56:16] Started export task: fire_233_dynamic_2021-08-24
[2026-05-16 16:56:16] ------ Processing date=2021-08-25 ------
[2026-05-16 16:56:16] Using viirs_af_path: viirs_af_path
[2026-05-16 16:56:16] VIIRS Image Date: ['2021-08-25 00:00:00']
[2026-05-16 16:56:17] Weather image size: 1
[2026-05-16 16:56:17] Forecast duration: 2021-08-26 00:00:00 to 2021-08-27 00:00:00
[2026-05-16 16:56:18] Number of forecast images: 24
[2026-05-16 16:56:18] Using forecast run: 2021-08-25 18:00:00 UTC
[2026-05-16 16:56:18] Forecast Rain Available hours: [6, 7, 8, 9, 10, 11, 12, 13, 14, 15, 16, 17, 18, 19, 20, 21, 22, 23, 24, 25, 26, 27, 28, 29]
[2026-05-16 16:56:18] Valid hours for sum: [12, 18, 24, 29]
[2026-05-16 16:56:20] Drought composite end date: 2021-08-23 06:00:00
[2026-05-16 16:56:20] Land cover year: 2020
[2026-05-16 16:56:21] VIIRS Veg composite: 2021-07-28 → 2021-08-13
[2026-05-16 16:56:24] Started export task: fire_233_dynamic_2021-08-25
[2026-05-16 16:56:25] ------ Processing date=2021-08-26 ------
[2026-05-16 16:56:25] Using viirs_af_path: viirs_af_path
[2026-05-16 16:56:25] VIIRS Image Date: ['2021-08-26 00:00:00']
[2026-05-16 16:56:25] Weather image size: 1
[2026-05-16 16:56:25] Forecast duration: 2021-08-27 00:00:00 to 2021-08-28 00:00:00
[2026-05-16 16:56:26] Number of forecast images: 24
[2026-05-16 16:56:26] Using forecast run: 2021-08-26 18:00:00 UTC
[2026-05-16 16:56:27] Forecast Rain Available hours: [6, 7, 8, 9, 10, 11, 12, 13, 14, 15, 16, 17, 18, 19, 20, 21, 22, 23, 24, 25, 26, 27, 28, 29]
[2026-05-16 16:56:27] Valid hours for sum: [12, 18, 24, 29]
[2026-05-16 16:56:29] Drought composite end date: 2021-08-23 06:00:00
[2026-05-16 16:56:29] Land cover year: 2020
[2026-05-16 16:56:30] VIIRS Veg composite: 2021-07-28 → 2021-08-13
[2026-05-16 16:56:33] Started export task: fire_233_dynamic_2021-08-26
[2026-05-16 16:56:33] ------ Processing date=2021-08-27 ------
[2026-05-16 16:56:33] Using viirs_af_path: viirs_af_path
[2026-05-16 16:56:34] VIIRS Image Date: ['2021-08-27 00:00:00']
[2026-05-16 16:56:34] Weather image size: 1
[2026-05-16 16:56:34] Forecast duration: 2021-08-28 00:00:00 to 2021-08-29 00:00:00
[2026-05-16 16:56:35] Number of forecast images: 24
[2026-05-16 16:56:35] Using forecast run: 2021-08-27 18:00:00 UTC
[2026-05-16 16:56:36] Forecast Rain Available hours: [6, 7, 8, 9, 10, 11, 12, 13, 14, 15, 16, 17, 18, 19, 20, 21, 22, 23, 24, 25, 26, 27, 28, 29]
[2026-05-16 16:56:36] Valid hours for sum: [12, 18, 24, 29]
[2026-05-16 16:56:38] Drought composite end date: 2021-08-23 06:00:00
[2026-05-16 16:56:38] Land cover year: 2020
[2026-05-16 16:56:39] VIIRS Veg composite: 2021-07-28 → 2021-08-13
[2026-05-16 16:56:42] Started export task: fire_233_dynamic_2021-08-27
[2026-05-16 16:56:43] ------ Processing date=2021-08-28 ------
[2026-05-16 16:56:43] Using viirs_af_path: viirs_af_path
[2026-05-16 16:56:43] VIIRS Image Date: ['2021-08-28 00:00:00']
[2026-05-16 16:56:43] Weather image size: 1
[2026-05-16 16:56:43] Forecast duration: 2021-08-29 00:00:00 to 2021-08-30 00:00:00
[2026-05-16 16:56:44] Number of forecast images: 24
[2026-05-16 16:56:44] Using forecast run: 2021-08-28 18:00:00 UTC
[2026-05-16 16:56:45] Forecast Rain Available hours: [6, 7, 8, 9, 10, 11, 12, 13, 14, 15, 16, 17, 18, 19, 20, 21, 22, 23, 24, 25, 26, 27, 28, 29]
[2026-05-16 16:56:45] Valid hours for sum: [12, 18, 24, 29]
[2026-05-16 16:56:46] Drought composite end date: 2021-08-23 06:00:00
[2026-05-16 16:56:46] Land cover year: 2020
[2026-05-16 16:56:47] VIIRS Veg composite: 2021-07-28 → 2021-08-13
[2026-05-16 16:56:51] Started export task: fire_233_dynamic_2021-08-28
[2026-05-16 16:56:52] ------ Processing date=2021-08-29 ------
[2026-05-16 16:56:52] Using viirs_af_path: viirs_af_path
[2026-05-16 16:56:52] VIIRS Image Date: ['2021-08-29 00:00:00']
[2026-05-16 16:56:52] Weather image size: 1
[2026-05-16 16:56:52] Forecast duration: 2021-08-30 00:00:00 to 2021-08-31 00:00:00
[2026-05-16 16:56:53] Number of forecast images: 24
[2026-05-16 16:56:53] Using forecast run: 2021-08-29 18:00:00 UTC
[2026-05-16 16:56:53] Forecast Rain Available hours: [6, 7, 8, 9, 10, 11, 12, 13, 14, 15, 16, 17, 18, 19, 20, 21, 22, 23, 24, 25, 26, 27, 28, 29]
[2026-05-16 16:56:53] Valid hours for sum: [12, 18, 24, 29]
[2026-05-16 16:56:55] Drought composite end date: 2021-08-28 06:00:00
[2026-05-16 16:56:55] Land cover year: 2020
[2026-05-16 16:56:56] VIIRS Veg composite: 2021-07-28 → 2021-08-13
[2026-05-16 16:57:00] Started export task: fire_233_dynamic_2021-08-29
[2026-05-16 16:57:00] ------ Processing date=2021-08-30 ------
[2026-05-16 16:57:00] Using viirs_af_path: viirs_af_path
[2026-05-16 16:57:00] VIIRS Image Date: ['2021-08-30 00:00:00']
[2026-05-16 16:57:01] Weather image size: 1
[2026-05-16 16:57:01] Forecast duration: 2021-08-31 00:00:00 to 2021-09-01 00:00:00
[2026-05-16 16:57:01] Number of forecast images: 24
[2026-05-16 16:57:01] Using forecast run: 2021-08-30 18:00:00 UTC
[2026-05-16 16:57:02] Forecast Rain Available hours: [6, 7, 8, 9, 10, 11, 12, 13, 14, 15, 16, 17, 18, 19, 20, 21, 22, 23, 24, 25, 26, 27, 28, 29]
[2026-05-16 16:57:02] Valid hours for sum: [12, 18, 24, 29]
[2026-05-16 16:57:04] Drought composite end date: 2021-08-28 06:00:00
[2026-05-16 16:57:04] Land cover year: 2020
[2026-05-16 16:57:06] VIIRS Veg composite: 2021-07-28 → 2021-08-13
[2026-05-16 16:57:11] Started export task: fire_233_dynamic_2021-08-30
[2026-05-16 16:57:11] ------ Processing date=2021-08-31 ------
[2026-05-16 16:57:11] Using viirs_af_path: viirs_af_path
[2026-05-16 16:57:11] VIIRS Image Date: ['2021-08-31 00:00:00']
[2026-05-16 16:57:12] Weather image size: 1
[2026-05-16 16:57:12] Forecast duration: 2021-09-01 00:00:00 to 2021-09-02 00:00:00
[2026-05-16 16:57:13] Number of forecast images: 24
[2026-05-16 16:57:13] Using forecast run: 2021-08-31 18:00:00 UTC
[2026-05-16 16:57:13] Forecast Rain Available hours: [6, 7, 8, 9, 10, 11, 12, 13, 14, 15, 16, 17, 18, 19, 20, 21, 22, 23, 24, 25, 26, 27, 28, 29]
[2026-05-16 16:57:13] Valid hours for sum: [12, 18, 24, 29]
[2026-05-16 16:57:15] Drought composite end date: 2021-08-28 06:00:00
[2026-05-16 16:57:15] Land cover year: 2020
[2026-05-16 16:57:16] VIIRS Veg composite: 2021-07-28 → 2021-08-13
[2026-05-16 16:57:19] Started export task: fire_233_dynamic_2021-08-31
[2026-05-16 16:57:20] ------ Processing date=2021-09-01 ------
[2026-05-16 16:57:20] Using viirs_af_path: viirs_af_path
[2026-05-16 16:57:20] VIIRS Image Date: ['2021-09-01 00:00:00']
[2026-05-16 16:57:20] Weather image size: 1
[2026-05-16 16:57:20] Forecast duration: 2021-09-02 00:00:00 to 2021-09-03 00:00:00
[2026-05-16 16:57:21] Number of forecast images: 24
[2026-05-16 16:57:21] Using forecast run: 2021-09-01 18:00:00 UTC
[2026-05-16 16:57:21] Forecast Rain Available hours: [6, 7, 8, 9, 10, 11, 12, 13, 14, 15, 16, 17, 18, 19, 20, 21, 22, 23, 24, 25, 26, 27, 28, 29]
[2026-05-16 16:57:21] Valid hours for sum: [12, 18, 24, 29]
[2026-05-16 16:57:24] Drought composite end date: 2021-08-28 06:00:00
[2026-05-16 16:57:24] Land cover year: 2020
[2026-05-16 16:57:25] VIIRS Veg composite: 2021-07-28 → 2021-08-13
[2026-05-16 16:57:30] Started export task: fire_233_dynamic_2021-09-01
[2026-05-16 16:57:31] ------ Processing date=2021-09-02 ------
[2026-05-16 16:57:31] Using viirs_af_path: viirs_af_path
[2026-05-16 16:57:31] VIIRS Image Date: ['2021-09-02 00:00:00']
[2026-05-16 16:57:32] Weather image size: 1
[2026-05-16 16:57:32] Forecast duration: 2021-09-03 00:00:00 to 2021-09-04 00:00:00
[2026-05-16 16:57:33] Number of forecast images: 24
[2026-05-16 16:57:33] Using forecast run: 2021-09-02 18:00:00 UTC
[2026-05-16 16:57:33] Forecast Rain Available hours: [6, 7, 8, 9, 10, 11, 12, 13, 14, 15, 16, 17, 18, 19, 20, 21, 22, 23, 24, 25, 26, 27, 28, 29]
[2026-05-16 16:57:33] Valid hours for sum: [12, 18, 24, 29]
[2026-05-16 16:57:35] Drought composite end date: 2021-08-28 06:00:00
[2026-05-16 16:57:35] Land cover year: 2020
[2026-05-16 16:57:36] VIIRS Veg composite: 2021-07-28 → 2021-08-13
[2026-05-16 16:57:40] Started export task: fire_233_dynamic_2021-09-02
[2026-05-16 16:57:40] ------ Processing date=2021-09-03 ------
[2026-05-16 16:57:40] Using viirs_af_path: viirs_af_path
[2026-05-16 16:57:41] VIIRS Image Date: ['2021-09-03 00:00:00']
[2026-05-16 16:57:41] Weather image size: 1
[2026-05-16 16:57:41] Forecast duration: 2021-09-04 00:00:00 to 2021-09-05 00:00:00
[2026-05-16 16:57:42] Number of forecast images: 24
[2026-05-16 16:57:42] Using forecast run: 2021-09-03 18:00:00 UTC
[2026-05-16 16:57:43] Forecast Rain Available hours: [6, 7, 8, 9, 10, 11, 12, 13, 14, 15, 16, 17, 18, 19, 20, 21, 22, 23, 24, 25, 26, 27, 28, 29]
[2026-05-16 16:57:43] Valid hours for sum: [12, 18, 24, 29]
[2026-05-16 16:57:45] Drought composite end date: 2021-09-02 06:00:00
[2026-05-16 16:57:45] Land cover year: 2020
[2026-05-16 16:57:46] VIIRS Veg composite: 2021-07-28 → 2021-08-13
[2026-05-16 16:57:50] Started export task: fire_233_dynamic_2021-09-03
[2026-05-16 16:57:51] ------ Processing date=2021-09-04 ------
[2026-05-16 16:57:51] Using viirs_af_path: viirs_af_path
[2026-05-16 16:57:51] VIIRS Image Date: ['2021-09-04 00:00:00']
[2026-05-16 16:57:51] Weather image size: 1
[2026-05-16 16:57:51] Forecast duration: 2021-09-05 00:00:00 to 2021-09-06 00:00:00
[2026-05-16 16:57:52] Number of forecast images: 24
[2026-05-16 16:57:52] Using forecast run: 2021-09-04 18:00:00 UTC
[2026-05-16 16:57:53] Forecast Rain Available hours: [6, 7, 8, 9, 10, 11, 12, 13, 14, 15, 16, 17, 18, 19, 20, 21, 22, 23, 24, 25, 26, 27, 28, 29]
[2026-05-16 16:57:53] Valid hours for sum: [12, 18, 24, 29]
[2026-05-16 16:57:54] Drought composite end date: 2021-09-02 06:00:00
[2026-05-16 16:57:55] Land cover year: 2020
[2026-05-16 16:57:56] VIIRS Veg composite: 2021-07-28 → 2021-08-13
[2026-05-16 16:58:00] Started export task: fire_233_dynamic_2021-09-04
[2026-05-16 16:58:00] ------ Processing date=2021-09-05 ------
[2026-05-16 16:58:00] Using viirs_af_path: viirs_af_path
[2026-05-16 16:58:01] VIIRS Image Date: ['2021-09-05 00:00:00']
[2026-05-16 16:58:01] Weather image size: 1
[2026-05-16 16:58:01] Forecast duration: 2021-09-06 00:00:00 to 2021-09-07 00:00:00
[2026-05-16 16:58:02] Number of forecast images: 24
[2026-05-16 16:58:02] Using forecast run: 2021-09-05 18:00:00 UTC
[2026-05-16 16:58:02] Forecast Rain Available hours: [6, 7, 8, 9, 10, 11, 12, 13, 14, 15, 16, 17, 18, 19, 20, 21, 22, 23, 24, 25, 26, 27, 28, 29]
[2026-05-16 16:58:02] Valid hours for sum: [12, 18, 24, 29]
[2026-05-16 16:58:05] Drought composite end date: 2021-09-02 06:00:00
[2026-05-16 16:58:05] Land cover year: 2020
[2026-05-16 16:58:06] VIIRS Veg composite: 2021-07-28 → 2021-08-13
[2026-05-16 16:58:11] Started export task: fire_233_dynamic_2021-09-05
[2026-05-16 16:58:11] ------ Processing date=2021-09-06 ------
[2026-05-16 16:58:11] Using viirs_af_path: viirs_af_path
[2026-05-16 16:58:11] VIIRS Image Date: ['2021-09-06 00:00:00']
[2026-05-16 16:58:11] Weather image size: 1
[2026-05-16 16:58:11] Forecast duration: 2021-09-07 00:00:00 to 2021-09-08 00:00:00
[2026-05-16 16:58:12] Number of forecast images: 24
[2026-05-16 16:58:12] Using forecast run: 2021-09-06 18:00:00 UTC
[2026-05-16 16:58:13] Forecast Rain Available hours: [6, 7, 8, 9, 10, 11, 12, 13, 14, 15, 16, 17, 18, 19, 20, 21, 22, 23, 24, 25, 26, 27, 28, 29]
[2026-05-16 16:58:13] Valid hours for sum: [12, 18, 24, 29]
[2026-05-16 16:58:15] Drought composite end date: 2021-09-02 06:00:00
[2026-05-16 16:58:15] Land cover year: 2020
[2026-05-16 16:58:16] VIIRS Veg composite: 2021-07-28 → 2021-08-13
[2026-05-16 16:58:20] Started export task: fire_233_dynamic_2021-09-06
[2026-05-16 16:58:20] ------ Processing date=2021-09-07 ------
[2026-05-16 16:58:20] Using viirs_af_path: viirs_af_path
[2026-05-16 16:58:20] VIIRS Image Date: ['2021-09-07 00:00:00']
[2026-05-16 16:58:21] Weather image size: 1
[2026-05-16 16:58:21] Forecast duration: 2021-09-08 00:00:00 to 2021-09-09 00:00:00
[2026-05-16 16:58:22] Number of forecast images: 24
[2026-05-16 16:58:22] Using forecast run: 2021-09-07 18:00:00 UTC
[2026-05-16 16:58:22] Forecast Rain Available hours: [6, 7, 8, 9, 10, 11, 12, 13, 14, 15, 16, 17, 18, 19, 20, 21, 22, 23, 24, 25, 26, 27, 28, 29]
[2026-05-16 16:58:22] Valid hours for sum: [12, 18, 24, 29]
[2026-05-16 16:58:25] Drought composite end date: 2021-09-02 06:00:00
[2026-05-16 16:58:25] Land cover year: 2020
[2026-05-16 16:58:26] VIIRS Veg composite: 2021-07-28 → 2021-08-13
[2026-05-16 16:58:30] Started export task: fire_233_dynamic_2021-09-07
[2026-05-16 16:58:30] ------ Processing date=2021-09-08 ------
[2026-05-16 16:58:30] Using viirs_af_path: viirs_af_path
[2026-05-16 16:58:31] VIIRS Image Date: ['2021-09-08 00:00:00']
[2026-05-16 16:58:31] Weather image size: 1
[2026-05-16 16:58:31] Forecast duration: 2021-09-09 00:00:00 to 2021-09-10 00:00:00
[2026-05-16 16:58:32] Number of forecast images: 24
[2026-05-16 16:58:32] Using forecast run: 2021-09-08 18:00:00 UTC
[2026-05-16 16:58:32] Forecast Rain Available hours: [6, 7, 8, 9, 10, 11, 12, 13, 14, 15, 16, 17, 18, 19, 20, 21, 22, 23, 24, 25, 26, 27, 28, 29]
[2026-05-16 16:58:32] Valid hours for sum: [12, 18, 24, 29]
[2026-05-16 16:58:35] Drought composite end date: 2021-09-07 06:00:00
[2026-05-16 16:58:35] Land cover year: 2020
[2026-05-16 16:58:36] VIIRS Veg composite: 2021-07-28 → 2021-08-13
[2026-05-16 16:58:41] Started export task: fire_233_dynamic_2021-09-08
[2026-05-16 16:58:41] ------ Processing date=2021-09-09 ------
[2026-05-16 16:58:41] Using viirs_af_path: viirs_af_path
[2026-05-16 16:58:41] VIIRS Image Date: ['2021-09-09 00:00:00']
[2026-05-16 16:58:41] Weather image size: 1
[2026-05-16 16:58:41] Forecast duration: 2021-09-10 00:00:00 to 2021-09-11 00:00:00
[2026-05-16 16:58:42] Number of forecast images: 24
[2026-05-16 16:58:42] Using forecast run: 2021-09-09 18:00:00 UTC
[2026-05-16 16:58:43] Forecast Rain Available hours: [6, 7, 8, 9, 10, 11, 12, 13, 14, 15, 16, 17, 18, 19, 20, 21, 22, 23, 24, 25, 26, 27, 28, 29]
[2026-05-16 16:58:43] Valid hours for sum: [12, 18, 24, 29]
[2026-05-16 16:58:45] Drought composite end date: 2021-09-07 06:00:00
[2026-05-16 16:58:45] Land cover year: 2020
[2026-05-16 16:58:46] VIIRS Veg composite: 2021-07-28 → 2021-08-13
[2026-05-16 16:58:51] Started export task: fire_233_dynamic_2021-09-09
[2026-05-16 16:58:51] ------ Processing date=2021-09-10 ------
[2026-05-16 16:58:51] Using viirs_af_path: viirs_af_path
[2026-05-16 16:58:51] VIIRS Image Date: ['2021-09-10 00:00:00']
[2026-05-16 16:58:51] Weather image size: 1
[2026-05-16 16:58:51] Forecast duration: 2021-09-11 00:00:00 to 2021-09-12 00:00:00
[2026-05-16 16:58:52] Number of forecast images: 24
[2026-05-16 16:58:52] Using forecast run: 2021-09-10 18:00:00 UTC
[2026-05-16 16:58:53] Forecast Rain Available hours: [6, 7, 8, 9, 10, 11, 12, 13, 14, 15, 16, 17, 18, 19, 20, 21, 22, 23, 24, 25, 26, 27, 28, 29]
[2026-05-16 16:58:53] Valid hours for sum: [12, 18, 24, 29]
[2026-05-16 16:58:56] Drought composite end date: 2021-09-07 06:00:00
[2026-05-16 16:58:56] Land cover year: 2020
[2026-05-16 16:58:57] VIIRS Veg composite: 2021-07-28 → 2021-08-13
[2026-05-16 16:59:01] Started export task: fire_233_dynamic_2021-09-10
[2026-05-16 16:59:01] ------ Processing date=2021-09-11 ------
[2026-05-16 16:59:01] Using viirs_af_path: viirs_af_path
[2026-05-16 16:59:01] VIIRS Image Date: ['2021-09-11 00:00:00']
[2026-05-16 16:59:01] Weather image size: 1
[2026-05-16 16:59:01] Forecast duration: 2021-09-12 00:00:00 to 2021-09-13 00:00:00
[2026-05-16 16:59:02] Number of forecast images: 24
[2026-05-16 16:59:02] Using forecast run: 2021-09-11 18:00:00 UTC
[2026-05-16 16:59:03] Forecast Rain Available hours: [6, 7, 8, 9, 10, 11, 12, 13, 14, 15, 16, 17, 18, 19, 20, 21, 22, 23, 24, 25, 26, 27, 28, 29]
[2026-05-16 16:59:03] Valid hours for sum: [12, 18, 24, 29]
[2026-05-16 16:59:06] Drought composite end date: 2021-09-07 06:00:00
[2026-05-16 16:59:06] Land cover year: 2020
[2026-05-16 16:59:07] VIIRS Veg composite: 2021-07-28 → 2021-08-13
[2026-05-16 16:59:11] Started export task: fire_233_dynamic_2021-09-11
[2026-05-16 16:59:11] ------ Processing date=2021-09-12 ------
[2026-05-16 16:59:11] Using viirs_af_path: viirs_af_path
[2026-05-16 16:59:12] VIIRS Image Date: ['2021-09-12 00:00:00']
[2026-05-16 16:59:12] Weather image size: 1
[2026-05-16 16:59:12] Forecast duration: 2021-09-13 00:00:00 to 2021-09-14 00:00:00
[2026-05-16 16:59:13] Number of forecast images: 24
[2026-05-16 16:59:13] Using forecast run: 2021-09-12 18:00:00 UTC
[2026-05-16 16:59:13] Forecast Rain Available hours: [6, 7, 8, 9, 10, 11, 12, 13, 14, 15, 16, 17, 18, 19, 20, 21, 22, 23, 24, 25, 26, 27, 28, 29]
[2026-05-16 16:59:13] Valid hours for sum: [12, 18, 24, 29]
[2026-05-16 16:59:16] Drought composite end date: 2021-09-07 06:00:00
[2026-05-16 16:59:16] Land cover year: 2020
[2026-05-16 16:59:17] VIIRS Veg composite: 2021-07-28 → 2021-08-13
[2026-05-16 16:59:21] Started export task: fire_233_dynamic_2021-09-12
[2026-05-16 16:59:22] ------ Processing date=2021-09-13 ------
[2026-05-16 16:59:22] Using viirs_af_path: viirs_af_path
[2026-05-16 16:59:22] VIIRS Image Date: ['2021-09-13 00:00:00']
[2026-05-16 16:59:22] Weather image size: 1
[2026-05-16 16:59:22] Forecast duration: 2021-09-14 00:00:00 to 2021-09-15 00:00:00
[2026-05-16 16:59:23] Number of forecast images: 24
[2026-05-16 16:59:23] Using forecast run: 2021-09-13 18:00:00 UTC
[2026-05-16 16:59:23] Forecast Rain Available hours: [6, 7, 8, 9, 10, 11, 12, 13, 14, 15, 16, 17, 18, 19, 20, 21, 22, 23, 24, 25, 26, 27, 28, 29]
[2026-05-16 16:59:23] Valid hours for sum: [12, 18, 24, 29]
[2026-05-16 16:59:25] Drought composite end date: 2021-09-12 06:00:00
[2026-05-16 16:59:25] Land cover year: 2020
[2026-05-16 16:59:26] VIIRS Veg composite: 2021-07-28 → 2021-08-13
[2026-05-16 16:59:30] Started export task: fire_233_dynamic_2021-09-13
[2026-05-16 16:59:30] ------ Processing date=2021-09-14 ------
[2026-05-16 16:59:30] Using viirs_af_path: viirs_af_path
[2026-05-16 16:59:31] VIIRS Image Date: ['2021-09-14 00:00:00']
[2026-05-16 16:59:31] Weather image size: 1
[2026-05-16 16:59:31] Forecast duration: 2021-09-15 00:00:00 to 2021-09-16 00:00:00
[2026-05-16 16:59:32] Number of forecast images: 24
[2026-05-16 16:59:32] Using forecast run: 2021-09-14 18:00:00 UTC
[2026-05-16 16:59:32] Forecast Rain Available hours: [6, 7, 8, 9, 10, 11, 12, 13, 14, 15, 16, 17, 18, 19, 20, 21, 22, 23, 24, 25, 26, 27, 28, 29]
[2026-05-16 16:59:32] Valid hours for sum: [12, 18, 24, 29]
[2026-05-16 16:59:34] Drought composite end date: 2021-09-12 06:00:00
[2026-05-16 16:59:34] Land cover year: 2020
[2026-05-16 16:59:35] VIIRS Veg composite: 2021-07-28 → 2021-08-13
[2026-05-16 16:59:39] Started export task: fire_233_dynamic_2021-09-14
[2026-05-16 16:59:40] ------ Processing date=2021-09-15 ------
[2026-05-16 16:59:40] Using viirs_af_path: viirs_af_path
[2026-05-16 16:59:40] VIIRS Image Date: ['2021-09-15 00:00:00']
[2026-05-16 16:59:40] Weather image size: 1
[2026-05-16 16:59:40] Forecast duration: 2021-09-16 00:00:00 to 2021-09-17 00:00:00
[2026-05-16 16:59:41] Number of forecast images: 24
[2026-05-16 16:59:41] Using forecast run: 2021-09-15 18:00:00 UTC
[2026-05-16 16:59:42] Forecast Rain Available hours: [6, 7, 8, 9, 10, 11, 12, 13, 14, 15, 16, 17, 18, 19, 20, 21, 22, 23, 24, 25, 26, 27, 28, 29]
[2026-05-16 16:59:42] Valid hours for sum: [12, 18, 24, 29]
[2026-05-16 16:59:45] Drought composite end date: 2021-09-12 06:00:00
[2026-05-16 16:59:45] Land cover year: 2020
[2026-05-16 16:59:46] VIIRS Veg composite: 2021-07-28 → 2021-08-13
[2026-05-16 16:59:50] Started export task: fire_233_dynamic_2021-09-15
[2026-05-16 16:59:51] ------ Processing date=2021-09-16 ------
[2026-05-16 16:59:51] Using viirs_af_path: viirs_af_path
[2026-05-16 16:59:51] VIIRS Image Date: ['2021-09-16 00:00:00']
[2026-05-16 16:59:51] Weather image size: 1
[2026-05-16 16:59:51] Forecast duration: 2021-09-17 00:00:00 to 2021-09-18 00:00:00
[2026-05-16 16:59:52] Number of forecast images: 24
[2026-05-16 16:59:52] Using forecast run: 2021-09-16 18:00:00 UTC
[2026-05-16 16:59:53] Forecast Rain Available hours: [6, 7, 8, 9, 10, 11, 12, 13, 14, 15, 16, 17, 18, 19, 20, 21, 22, 23, 24, 25, 26, 27, 28, 29]
[2026-05-16 16:59:53] Valid hours for sum: [12, 18, 24, 29]
[2026-05-16 16:59:54] Drought composite end date: 2021-09-12 06:00:00
[2026-05-16 16:59:54] Land cover year: 2020
[2026-05-16 16:59:55] VIIRS Veg composite: 2021-07-28 → 2021-08-13
[2026-05-16 17:00:01] Started export task: fire_233_dynamic_2021-09-16
[2026-05-16 17:00:01] ------ Processing date=2021-09-17 ------
[2026-05-16 17:00:01] Using viirs_af_path: viirs_af_path
[2026-05-16 17:00:02] VIIRS Image Date: ['2021-09-17 00:00:00']
[2026-05-16 17:00:02] Weather image size: 1
[2026-05-16 17:00:02] Forecast duration: 2021-09-18 00:00:00 to 2021-09-19 00:00:00
[2026-05-16 17:00:03] Number of forecast images: 24
[2026-05-16 17:00:03] Using forecast run: 2021-09-17 18:00:00 UTC
[2026-05-16 17:00:03] Forecast Rain Available hours: [6, 7, 8, 9, 10, 11, 12, 13, 14, 15, 16, 17, 18, 19, 20, 21, 22, 23, 24, 25, 26, 27, 28, 29]
[2026-05-16 17:00:03] Valid hours for sum: [12, 18, 24, 29]
[2026-05-16 17:00:05] Drought composite end date: 2021-09-12 06:00:00
[2026-05-16 17:00:05] Land cover year: 2020
[2026-05-16 17:00:06] VIIRS Veg composite: 2021-07-28 → 2021-08-13
[2026-05-16 17:00:09] Started export task: fire_233_dynamic_2021-09-17
[2026-05-16 17:00:09] ------ Processing date=2021-09-18 ------
[2026-05-16 17:00:09] Using viirs_af_path: viirs_af_path
[2026-05-16 17:00:10] VIIRS Image Date: ['2021-09-18 00:00:00']
[2026-05-16 17:00:10] Weather image size: 1
[2026-05-16 17:00:10] Forecast duration: 2021-09-19 00:00:00 to 2021-09-20 00:00:00
[2026-05-16 17:00:11] Number of forecast images: 24
[2026-05-16 17:00:11] Using forecast run: 2021-09-18 18:00:00 UTC
[2026-05-16 17:00:11] Forecast Rain Available hours: [6, 7, 8, 9, 10, 11, 12, 13, 14, 15, 16, 17, 18, 19, 20, 21, 22, 23, 24, 25, 26, 27, 28, 29]
[2026-05-16 17:00:11] Valid hours for sum: [12, 18, 24, 29]
[2026-05-16 17:00:14] Drought composite end date: 2021-09-17 06:00:00
[2026-05-16 17:00:14] Land cover year: 2020
[2026-05-16 17:00:15] VIIRS Veg composite: 2021-07-28 → 2021-08-13
[2026-05-16 17:00:19] Started export task: fire_233_dynamic_2021-09-18
[2026-05-16 17:00:19] ------ Processing date=2021-09-19 ------
[2026-05-16 17:00:19] Using viirs_af_path: viirs_af_path
[2026-05-16 17:00:20] VIIRS Image Date: ['2021-09-19 00:00:00']
[2026-05-16 17:00:20] Weather image size: 1
[2026-05-16 17:00:20] Forecast duration: 2021-09-20 00:00:00 to 2021-09-21 00:00:00
[2026-05-16 17:00:21] Number of forecast images: 24
[2026-05-16 17:00:21] Using forecast run: 2021-09-19 18:00:00 UTC
[2026-05-16 17:00:21] Forecast Rain Available hours: [6, 7, 8, 9, 10, 11, 12, 13, 14, 15, 16, 17, 18, 19, 20, 21, 22, 23, 24, 25, 26, 27, 28, 29]
[2026-05-16 17:00:21] Valid hours for sum: [12, 18, 24, 29]
[2026-05-16 17:00:24] Drought composite end date: 2021-09-17 06:00:00
[2026-05-16 17:00:24] Land cover year: 2020
[2026-05-16 17:00:25] VIIRS Veg composite: 2021-07-28 → 2021-08-13
[2026-05-16 17:00:30] Started export task: fire_233_dynamic_2021-09-19
[2026-05-16 17:00:30] ------ Processing date=2021-09-20 ------
[2026-05-16 17:00:30] Using viirs_af_path: viirs_af_path
[2026-05-16 17:00:30] VIIRS Image Date: ['2021-09-20 00:00:00']
[2026-05-16 17:00:31] Weather image size: 1
[2026-05-16 17:00:31] Forecast duration: 2021-09-21 00:00:00 to 2021-09-22 00:00:00
[2026-05-16 17:00:32] Number of forecast images: 24
[2026-05-16 17:00:32] Using forecast run: 2021-09-20 18:00:00 UTC
[2026-05-16 17:00:32] Forecast Rain Available hours: [6, 7, 8, 9, 10, 11, 12, 13, 14, 15, 16, 17, 18, 19, 20, 21, 22, 23, 24, 25, 26, 27, 28, 29]
[2026-05-16 17:00:32] Valid hours for sum: [12, 18, 24, 29]
[2026-05-16 17:00:35] Drought composite end date: 2021-09-17 06:00:00
[2026-05-16 17:00:38] Land cover year: 2020
[2026-05-16 17:00:39] VIIRS Veg composite: 2021-07-28 → 2021-08-13
[2026-05-16 17:00:43] Started export task: fire_233_dynamic_2021-09-20
[2026-05-16 17:00:43] ------ Processing date=2021-09-21 ------
[2026-05-16 17:00:43] Using viirs_af_path: viirs_af_path
[2026-05-16 17:00:44] VIIRS Image Date: ['2021-09-21 00:00:00']
[2026-05-16 17:00:44] Weather image size: 1
[2026-05-16 17:00:44] Forecast duration: 2021-09-22 00:00:00 to 2021-09-23 00:00:00
[2026-05-16 17:00:44] Number of forecast images: 24
[2026-05-16 17:00:44] Using forecast run: 2021-09-21 18:00:00 UTC
[2026-05-16 17:00:45] Forecast Rain Available hours: [6, 7, 8, 9, 10, 11, 12, 13, 14, 15, 16, 17, 18, 19, 20, 21, 22, 23, 24, 25, 26, 27, 28, 29]
[2026-05-16 17:00:45] Valid hours for sum: [12, 18, 24, 29]
[2026-05-16 17:00:47] Drought composite end date: 2021-09-17 06:00:00
[2026-05-16 17:00:47] Land cover year: 2020
[2026-05-16 17:00:48] VIIRS Veg composite: 2021-07-28 → 2021-08-13
[2026-05-16 17:00:52] Started export task: fire_233_dynamic_2021-09-21
[2026-05-16 17:00:52] ------ Processing date=2021-09-22 ------
[2026-05-16 17:00:52] Using viirs_af_path: viirs_af_path
[2026-05-16 17:00:53] VIIRS Image Date: ['2021-09-22 00:00:00']
[2026-05-16 17:00:53] Weather image size: 1
[2026-05-16 17:00:53] Forecast duration: 2021-09-23 00:00:00 to 2021-09-24 00:00:00
[2026-05-16 17:00:54] Number of forecast images: 24
[2026-05-16 17:00:54] Using forecast run: 2021-09-22 18:00:00 UTC
[2026-05-16 17:00:54] Forecast Rain Available hours: [6, 7, 8, 9, 10, 11, 12, 13, 14, 15, 16, 17, 18, 19, 20, 21, 22, 23, 24, 25, 26, 27, 28, 29]
[2026-05-16 17:00:54] Valid hours for sum: [12, 18, 24, 29]
[2026-05-16 17:00:57] Drought composite end date: 2021-09-17 06:00:00
[2026-05-16 17:00:57] Land cover year: 2020
[2026-05-16 17:00:58] VIIRS Veg composite: 2021-07-28 → 2021-08-13
[2026-05-16 17:01:01] Started export task: fire_233_dynamic_2021-09-22
[2026-05-16 17:01:01] ------ Processing date=2021-09-23 ------
[2026-05-16 17:01:01] Using viirs_af_path: viirs_af_path
[2026-05-16 17:01:01] VIIRS Image Date: ['2021-09-23 00:00:00']
[2026-05-16 17:01:02] Weather image size: 1
[2026-05-16 17:01:02] Forecast duration: 2021-09-24 00:00:00 to 2021-09-25 00:00:00
[2026-05-16 17:01:03] Number of forecast images: 24
[2026-05-16 17:01:03] Using forecast run: 2021-09-23 18:00:00 UTC
[2026-05-16 17:01:03] Forecast Rain Available hours: [6, 7, 8, 9, 10, 11, 12, 13, 14, 15, 16, 17, 18, 19, 20, 21, 22, 23, 24, 25, 26, 27, 28, 29]
[2026-05-16 17:01:03] Valid hours for sum: [12, 18, 24, 29]
[2026-05-16 17:01:05] Drought composite end date: 2021-09-22 06:00:00
[2026-05-16 17:01:06] Land cover year: 2020
[2026-05-16 17:01:07] VIIRS Veg composite: 2021-07-28 → 2021-08-13
[2026-05-16 17:01:12] Started export task: fire_233_dynamic_2021-09-23
[2026-05-16 17:01:12] ------ Processing date=2021-09-24 ------
[2026-05-16 17:01:12] Using viirs_af_path: viirs_af_path
[2026-05-16 17:01:12] VIIRS Image Date: ['2021-09-24 00:00:00']
[2026-05-16 17:01:13] Weather image size: 1
[2026-05-16 17:01:13] Forecast duration: 2021-09-25 00:00:00 to 2021-09-26 00:00:00
[2026-05-16 17:01:14] Number of forecast images: 24
[2026-05-16 17:01:14] Using forecast run: 2021-09-24 18:00:00 UTC
[2026-05-16 17:01:15] Forecast Rain Available hours: [6, 7, 8, 9, 10, 11, 12, 13, 14, 15, 16, 17, 18, 19, 20, 21, 22, 23, 24, 25, 26, 27, 28, 29]
[2026-05-16 17:01:15] Valid hours for sum: [12, 18, 24, 29]
[2026-05-16 17:01:17] Drought composite end date: 2021-09-22 06:00:00
[2026-05-16 17:01:18] Land cover year: 2020
[2026-05-16 17:01:19] VIIRS Veg composite: 2021-07-28 → 2021-08-13
[2026-05-16 17:01:24] Started export task: fire_233_dynamic_2021-09-24
[2026-05-16 17:01:24] ------ Processing date=2021-09-25 ------
[2026-05-16 17:01:24] Using viirs_af_path: viirs_af_path
[2026-05-16 17:01:24] VIIRS Image Date: ['2021-09-25 00:00:00']
[2026-05-16 17:01:24] Weather image size: 1
[2026-05-16 17:01:24] Forecast duration: 2021-09-26 00:00:00 to 2021-09-27 00:00:00
[2026-05-16 17:01:25] Number of forecast images: 24
[2026-05-16 17:01:25] Using forecast run: 2021-09-25 18:00:00 UTC
[2026-05-16 17:01:26] Forecast Rain Available hours: [6, 7, 8, 9, 10, 11, 12, 13, 14, 15, 16, 17, 18, 19, 20, 21, 22, 23, 24, 25, 26, 27, 28, 29]
[2026-05-16 17:01:26] Valid hours for sum: [12, 18, 24, 29]
[2026-05-16 17:01:28] Drought composite end date: 2021-09-22 06:00:00
[2026-05-16 17:01:29] Land cover year: 2020
[2026-05-16 17:01:30] VIIRS Veg composite: 2021-07-28 → 2021-08-13
[2026-05-16 17:01:34] Started export task: fire_233_dynamic_2021-09-25
[2026-05-16 17:01:34] ------ Processing date=2021-09-26 ------
[2026-05-16 17:01:34] Using viirs_af_path: viirs_af_path
[2026-05-16 17:01:34] VIIRS Image Date: ['2021-09-26 00:00:00']
[2026-05-16 17:01:35] Weather image size: 1
[2026-05-16 17:01:35] Forecast duration: 2021-09-27 00:00:00 to 2021-09-28 00:00:00
[2026-05-16 17:01:36] Number of forecast images: 24
[2026-05-16 17:01:36] Using forecast run: 2021-09-26 18:00:00 UTC
[2026-05-16 17:01:36] Forecast Rain Available hours: [6, 7, 8, 9, 10, 11, 12, 13, 14, 15, 16, 17, 18, 19, 20, 21, 22, 23, 24, 25, 26, 27, 28, 29]
[2026-05-16 17:01:36] Valid hours for sum: [12, 18, 24, 29]
[2026-05-16 17:01:38] Drought composite end date: 2021-09-22 06:00:00
[2026-05-16 17:01:39] Land cover year: 2020
[2026-05-16 17:01:40] VIIRS Veg composite: 2021-07-28 → 2021-08-13
[2026-05-16 17:01:45] Started export task: fire_233_dynamic_2021-09-26
[2026-05-16 17:01:45] ------ Processing date=2021-09-27 ------
[2026-05-16 17:01:45] Using viirs_af_path: viirs_af_path
[2026-05-16 17:01:45] VIIRS Image Date: ['2021-09-27 00:00:00']
[2026-05-16 17:01:46] Weather image size: 1
[2026-05-16 17:01:46] Forecast duration: 2021-09-28 00:00:00 to 2021-09-29 00:00:00
[2026-05-16 17:01:46] Number of forecast images: 24
[2026-05-16 17:01:46] Using forecast run: 2021-09-27 18:00:00 UTC
[2026-05-16 17:01:47] Forecast Rain Available hours: [6, 7, 8, 9, 10, 11, 12, 13, 14, 15, 16, 17, 18, 19, 20, 21, 22, 23, 24, 25, 26, 27, 28, 29]
[2026-05-16 17:01:47] Valid hours for sum: [12, 18, 24, 29]
[2026-05-16 17:01:48] Drought composite end date: 2021-09-22 06:00:00
[2026-05-16 17:01:49] Land cover year: 2020
[2026-05-16 17:01:50] VIIRS Veg composite: 2021-07-28 → 2021-08-13
[2026-05-16 17:01:54] Started export task: fire_233_dynamic_2021-09-27
[2026-05-16 17:01:55] ------ Processing date=2021-09-28 ------
[2026-05-16 17:01:55] Using viirs_af_path: viirs_af_path
[2026-05-16 17:01:55] VIIRS Image Date: ['2021-09-28 00:00:00']
[2026-05-16 17:01:55] Weather image size: 1
[2026-05-16 17:01:55] Forecast duration: 2021-09-29 00:00:00 to 2021-09-30 00:00:00
[2026-05-16 17:01:56] Number of forecast images: 24
[2026-05-16 17:01:56] Using forecast run: 2021-09-28 18:00:00 UTC
[2026-05-16 17:01:57] Forecast Rain Available hours: [6, 7, 8, 9, 10, 11, 12, 13, 14, 15, 16, 17, 18, 19, 20, 21, 22, 23, 24, 25, 26, 27, 28, 29]
[2026-05-16 17:01:57] Valid hours for sum: [12, 18, 24, 29]
[2026-05-16 17:02:00] Drought composite end date: 2021-09-27 06:00:00
[2026-05-16 17:02:00] Land cover year: 2020
[2026-05-16 17:02:01] VIIRS Veg composite: 2021-07-28 → 2021-08-13
[2026-05-16 17:02:07] Started export task: fire_233_dynamic_2021-09-28
[2026-05-16 17:02:07] ------ Processing date=2021-09-29 ------
[2026-05-16 17:02:07] Using viirs_af_path: viirs_af_path
[2026-05-16 17:02:08] VIIRS Image Date: ['2021-09-29 00:00:00']
[2026-05-16 17:02:08] Weather image size: 1
[2026-05-16 17:02:08] Forecast duration: 2021-09-30 00:00:00 to 2021-10-01 00:00:00
[2026-05-16 17:02:09] Number of forecast images: 24
[2026-05-16 17:02:09] Using forecast run: 2021-09-29 18:00:00 UTC
[2026-05-16 17:02:09] Forecast Rain Available hours: [6, 7, 8, 9, 10, 11, 12, 13, 14, 15, 16, 17, 18, 19, 20, 21, 22, 23, 24, 25, 26, 27, 28, 29]
[2026-05-16 17:02:09] Valid hours for sum: [12, 18, 24, 29]
[2026-05-16 17:02:12] Drought composite end date: 2021-09-27 06:00:00
[2026-05-16 17:02:12] Land cover year: 2020
[2026-05-16 17:02:13] VIIRS Veg composite: 2021-07-28 → 2021-08-13
[2026-05-16 17:02:17] Started export task: fire_233_dynamic_2021-09-29
[2026-05-16 17:02:18] ------ Processing date=2021-09-30 ------
[2026-05-16 17:02:18] Using viirs_af_path: viirs_af_path
[2026-05-16 17:02:18] VIIRS Image Date: ['2021-09-30 00:00:00']
[2026-05-16 17:02:18] Weather image size: 1
[2026-05-16 17:02:18] Forecast duration: 2021-10-01 00:00:00 to 2021-10-02 00:00:00
[2026-05-16 17:02:19] Number of forecast images: 24
[2026-05-16 17:02:19] Using forecast run: 2021-09-30 18:00:00 UTC
[2026-05-16 17:02:19] Forecast Rain Available hours: [6, 7, 8, 9, 10, 11, 12, 13, 14, 15, 16, 17, 18, 19, 20, 21, 22, 23, 24, 25, 26, 27, 28, 29]
[2026-05-16 17:02:19] Valid hours for sum: [12, 18, 24, 29]
[2026-05-16 17:02:21] Drought composite end date: 2021-09-27 06:00:00
[2026-05-16 17:02:22] Land cover year: 2020
[2026-05-16 17:02:23] VIIRS Veg composite: 2021-07-28 → 2021-08-13
[2026-05-16 17:02:27] Started export task: fire_233_dynamic_2021-09-30
[2026-05-16 17:02:27] ------ Processing date=2021-10-01 ------
[2026-05-16 17:02:27] Using viirs_af_path: viirs_af_path
[2026-05-16 17:02:28] VIIRS Image Date: ['2021-10-01 00:00:00']
[2026-05-16 17:02:28] Weather image size: 1
[2026-05-16 17:02:28] Forecast duration: 2021-10-02 00:00:00 to 2021-10-03 00:00:00
[2026-05-16 17:02:29] Number of forecast images: 24
[2026-05-16 17:02:29] Using forecast run: 2021-10-01 18:00:00 UTC
[2026-05-16 17:02:29] Forecast Rain Available hours: [6, 7, 8, 9, 10, 11, 12, 13, 14, 15, 16, 17, 18, 19, 20, 21, 22, 23, 24, 25, 26, 27, 28, 29]
[2026-05-16 17:02:29] Valid hours for sum: [12, 18, 24, 29]
[2026-05-16 17:02:32] Drought composite end date: 2021-09-27 06:00:00
[2026-05-16 17:02:32] Land cover year: 2020
[2026-05-16 17:02:33] VIIRS Veg composite: 2021-07-28 → 2021-08-13
[2026-05-16 17:02:36] Started export task: fire_233_dynamic_2021-10-01
[2026-05-16 17:02:37] ------ Processing date=2021-10-02 ------
[2026-05-16 17:02:37] Using viirs_af_path: viirs_af_path
[2026-05-16 17:02:37] VIIRS Image Date: ['2021-10-02 00:00:00']
[2026-05-16 17:02:37] Weather image size: 1
[2026-05-16 17:02:37] Forecast duration: 2021-10-03 00:00:00 to 2021-10-04 00:00:00
[2026-05-16 17:02:38] Number of forecast images: 24
[2026-05-16 17:02:38] Using forecast run: 2021-10-02 18:00:00 UTC
[2026-05-16 17:02:38] Forecast Rain Available hours: [6, 7, 8, 9, 10, 11, 12, 13, 14, 15, 16, 17, 18, 19, 20, 21, 22, 23, 24, 25, 26, 27, 28, 29]
[2026-05-16 17:02:38] Valid hours for sum: [12, 18, 24, 29]
[2026-05-16 17:02:40] Drought composite end date: 2021-09-27 06:00:00
[2026-05-16 17:02:41] Land cover year: 2020
[2026-05-16 17:02:42] VIIRS Veg composite: 2021-07-28 → 2021-08-13
[2026-05-16 17:02:47] Started export task: fire_233_dynamic_2021-10-02
[2026-05-16 17:02:48] ------ Processing date=2021-10-03 ------
[2026-05-16 17:02:48] Using viirs_af_path: viirs_af_path
[2026-05-16 17:02:48] VIIRS Image Date: ['2021-10-03 00:00:00']
[2026-05-16 17:02:49] Weather image size: 1
[2026-05-16 17:02:49] Forecast duration: 2021-10-04 00:00:00 to 2021-10-05 00:00:00
[2026-05-16 17:02:49] Number of forecast images: 24
[2026-05-16 17:02:49] Using forecast run: 2021-10-03 18:00:00 UTC
[2026-05-16 17:02:50] Forecast Rain Available hours: [6, 7, 8, 9, 10, 11, 12, 13, 14, 15, 16, 17, 18, 19, 20, 21, 22, 23, 24, 25, 26, 27, 28, 29]
[2026-05-16 17:02:50] Valid hours for sum: [12, 18, 24, 29]
[2026-05-16 17:02:53] Drought composite end date: 2021-10-02 06:00:00
[2026-05-16 17:02:53] Land cover year: 2020
[2026-05-16 17:02:54] VIIRS Veg composite: 2021-07-28 → 2021-08-13
[2026-05-16 17:02:59] Started export task: fire_233_dynamic_2021-10-03
[2026-05-16 17:02:59] ------ Processing date=2021-10-04 ------
[2026-05-16 17:02:59] Using viirs_af_path: viirs_af_path
[2026-05-16 17:02:59] VIIRS Image Date: ['2021-10-04 00:00:00']
[2026-05-16 17:02:59] Weather image size: 1
[2026-05-16 17:02:59] Forecast duration: 2021-10-05 00:00:00 to 2021-10-06 00:00:00
[2026-05-16 17:03:01] Number of forecast images: 24
[2026-05-16 17:03:01] Using forecast run: 2021-10-04 18:00:00 UTC
[2026-05-16 17:03:01] Forecast Rain Available hours: [6, 7, 8, 9, 10, 11, 12, 13, 14, 15, 16, 17, 18, 19, 20, 21, 22, 23, 24, 25, 26, 27, 28, 29]
[2026-05-16 17:03:01] Valid hours for sum: [12, 18, 24, 29]
[2026-05-16 17:03:03] Drought composite end date: 2021-10-02 06:00:00
[2026-05-16 17:03:03] Land cover year: 2020
[2026-05-16 17:03:05] VIIRS Veg composite: 2021-07-28 → 2021-08-13
[2026-05-16 17:03:08] Started export task: fire_233_dynamic_2021-10-04
[2026-05-16 17:03:09] ------ Processing date=2021-10-05 ------
[2026-05-16 17:03:09] Using viirs_af_path: viirs_af_path
[2026-05-16 17:03:09] VIIRS Image Date: ['2021-10-05 00:00:00']
[2026-05-16 17:03:09] Weather image size: 1
[2026-05-16 17:03:09] Forecast duration: 2021-10-06 00:00:00 to 2021-10-07 00:00:00
[2026-05-16 17:03:10] Number of forecast images: 24
[2026-05-16 17:03:10] Using forecast run: 2021-10-05 18:00:00 UTC
[2026-05-16 17:03:10] Forecast Rain Available hours: [6, 7, 8, 9, 10, 11, 12, 13, 14, 15, 16, 17, 18, 19, 20, 21, 22, 23, 24, 25, 26, 27, 28, 29]
[2026-05-16 17:03:10] Valid hours for sum: [12, 18, 24, 29]
[2026-05-16 17:03:12] Drought composite end date: 2021-10-02 06:00:00
[2026-05-16 17:03:12] Land cover year: 2020
[2026-05-16 17:03:13] VIIRS Veg composite: 2021-07-28 → 2021-08-13
[2026-05-16 17:03:16] Started export task: fire_233_dynamic_2021-10-05
[2026-05-16 17:03:16] ------ Processing date=2021-10-06 ------
[2026-05-16 17:03:16] Using viirs_af_path: viirs_af_path
[2026-05-16 17:03:16] VIIRS Image Date: ['2021-10-06 00:00:00']
[2026-05-16 17:03:16] Weather image size: 1
[2026-05-16 17:03:16] Forecast duration: 2021-10-07 00:00:00 to 2021-10-08 00:00:00
[2026-05-16 17:03:17] Number of forecast images: 24
[2026-05-16 17:03:17] Using forecast run: 2021-10-06 18:00:00 UTC
[2026-05-16 17:03:18] Forecast Rain Available hours: [6, 7, 8, 9, 10, 11, 12, 13, 14, 15, 16, 17, 18, 19, 20, 21, 22, 23, 24, 25, 26, 27, 28, 29]
[2026-05-16 17:03:18] Valid hours for sum: [12, 18, 24, 29]
[2026-05-16 17:03:20] Drought composite end date: 2021-10-02 06:00:00
[2026-05-16 17:03:21] Land cover year: 2020
[2026-05-16 17:03:22] VIIRS Veg composite: 2021-07-28 → 2021-08-13
[2026-05-16 17:03:25] Started export task: fire_233_dynamic_2021-10-06
[2026-05-16 17:03:25] ------ Processing date=2021-10-07 ------
[2026-05-16 17:03:25] Using viirs_af_path: viirs_af_path
[2026-05-16 17:03:25] VIIRS Image Date: ['2021-10-07 00:00:00']
[2026-05-16 17:03:26] Weather image size: 1
[2026-05-16 17:03:26] Forecast duration: 2021-10-08 00:00:00 to 2021-10-09 00:00:00
[2026-05-16 17:03:27] Number of forecast images: 24
[2026-05-16 17:03:27] Using forecast run: 2021-10-07 18:00:00 UTC
[2026-05-16 17:03:27] Forecast Rain Available hours: [6, 7, 8, 9, 10, 11, 12, 13, 14, 15, 16, 17, 18, 19, 20, 21, 22, 23, 24, 25, 26, 27, 28, 29]
[2026-05-16 17:03:27] Valid hours for sum: [12, 18, 24, 29]
[2026-05-16 17:03:30] Drought composite end date: 2021-10-02 06:00:00
[2026-05-16 17:03:30] Land cover year: 2020
[2026-05-16 17:03:31] VIIRS Veg composite: 2021-07-28 → 2021-08-13
[2026-05-16 17:03:35] Started export task: fire_233_dynamic_2021-10-07
[2026-05-16 17:03:36] ------ Processing date=2021-10-08 ------
[2026-05-16 17:03:36] Using viirs_af_path: viirs_af_path
[2026-05-16 17:03:36] VIIRS Image Date: ['2021-10-08 00:00:00']
[2026-05-16 17:03:36] Weather image size: 1
[2026-05-16 17:03:36] Forecast duration: 2021-10-09 00:00:00 to 2021-10-10 00:00:00
[2026-05-16 17:03:37] Number of forecast images: 24
[2026-05-16 17:03:37] Using forecast run: 2021-10-08 18:00:00 UTC
[2026-05-16 17:03:38] Forecast Rain Available hours: [6, 7, 8, 9, 10, 11, 12, 13, 14, 15, 16, 17, 18, 19, 20, 21, 22, 23, 24, 25, 26, 27, 28, 29]
[2026-05-16 17:03:38] Valid hours for sum: [12, 18, 24, 29]
[2026-05-16 17:03:40] Drought composite end date: 2021-10-07 06:00:00
[2026-05-16 17:03:41] Land cover year: 2020
[2026-05-16 17:03:41] VIIRS Veg composite: 2021-07-28 → 2021-08-13
[2026-05-16 17:03:45] Started export task: fire_233_dynamic_2021-10-08
[2026-05-16 17:03:46] ------ Processing date=2021-10-09 ------
[2026-05-16 17:03:46] Using viirs_af_path: viirs_af_path
[2026-05-16 17:03:46] VIIRS Image Date: ['2021-10-09 00:00:00']
[2026-05-16 17:03:46] Weather image size: 1
[2026-05-16 17:03:46] Forecast duration: 2021-10-10 00:00:00 to 2021-10-11 00:00:00
[2026-05-16 17:03:48] Number of forecast images: 24
[2026-05-16 17:03:48] Using forecast run: 2021-10-09 18:00:00 UTC
[2026-05-16 17:03:48] Forecast Rain Available hours: [6, 7, 8, 9, 10, 11, 12, 13, 14, 15, 16, 17, 18, 19, 20, 21, 22, 23, 24, 25, 26, 27, 28, 29]
[2026-05-16 17:03:48] Valid hours for sum: [12, 18, 24, 29]
[2026-05-16 17:03:50] Drought composite end date: 2021-10-07 06:00:00
[2026-05-16 17:03:50] Land cover year: 2020
[2026-05-16 17:03:51] VIIRS Veg composite: 2021-07-28 → 2021-08-13
[2026-05-16 17:03:54] Started export task: fire_233_dynamic_2021-10-09
[2026-05-16 17:03:55] ------ Processing date=2021-10-10 ------
[2026-05-16 17:03:55] Using viirs_af_path: viirs_af_path
[2026-05-16 17:03:55] VIIRS Image Date: ['2021-10-10 00:00:00']
[2026-05-16 17:03:56] Weather image size: 1
[2026-05-16 17:03:56] Forecast duration: 2021-10-11 00:00:00 to 2021-10-12 00:00:00
[2026-05-16 17:03:56] Number of forecast images: 24
[2026-05-16 17:03:56] Using forecast run: 2021-10-10 18:00:00 UTC
[2026-05-16 17:03:57] Forecast Rain Available hours: [6, 7, 8, 9, 10, 11, 12, 13, 14, 15, 16, 17, 18, 19, 20, 21, 22, 23, 24, 25, 26, 27, 28, 29]
[2026-05-16 17:03:57] Valid hours for sum: [12, 18, 24, 29]
[2026-05-16 17:03:59] Drought composite end date: 2021-10-07 06:00:00
[2026-05-16 17:03:59] Land cover year: 2020
[2026-05-16 17:04:00] VIIRS Veg composite: 2021-07-28 → 2021-08-13
[2026-05-16 17:04:05] Started export task: fire_233_dynamic_2021-10-10
[2026-05-16 17:04:05] ------ Processing date=2021-10-11 ------
[2026-05-16 17:04:05] Using viirs_af_path: viirs_af_path
[2026-05-16 17:04:05] VIIRS Image Date: ['2021-10-11 00:00:00']
[2026-05-16 17:04:06] Weather image size: 1
[2026-05-16 17:04:06] Forecast duration: 2021-10-12 00:00:00 to 2021-10-13 00:00:00
[2026-05-16 17:04:06] Number of forecast images: 24
[2026-05-16 17:04:06] Using forecast run: 2021-10-11 18:00:00 UTC
[2026-05-16 17:04:07] Forecast Rain Available hours: [6, 7, 8, 9, 10, 11, 12, 13, 14, 15, 16, 17, 18, 19, 20, 21, 22, 23, 24, 25, 26, 27, 28, 29]
[2026-05-16 17:04:07] Valid hours for sum: [12, 18, 24, 29]
[2026-05-16 17:04:09] Drought composite end date: 2021-10-07 06:00:00
[2026-05-16 17:04:09] Land cover year: 2020
[2026-05-16 17:04:10] VIIRS Veg composite: 2021-07-28 → 2021-08-13
[2026-05-16 17:04:14] Started export task: fire_233_dynamic_2021-10-11
[2026-05-16 17:04:15] ------ Processing date=2021-10-12 ------
[2026-05-16 17:04:15] Using viirs_af_path: viirs_af_path
[2026-05-16 17:04:15] VIIRS Image Date: ['2021-10-12 00:00:00']
[2026-05-16 17:04:15] Weather image size: 1
[2026-05-16 17:04:15] Forecast duration: 2021-10-13 00:00:00 to 2021-10-14 00:00:00
[2026-05-16 17:04:16] Number of forecast images: 24
[2026-05-16 17:04:16] Using forecast run: 2021-10-12 18:00:00 UTC
[2026-05-16 17:04:16] Forecast Rain Available hours: [6, 7, 8, 9, 10, 11, 12, 13, 14, 15, 16, 17, 18, 19, 20, 21, 22, 23, 24, 25, 26, 27, 28, 29]
[2026-05-16 17:04:16] Valid hours for sum: [12, 18, 24, 29]
[2026-05-16 17:04:19] Drought composite end date: 2021-10-07 06:00:00
[2026-05-16 17:04:19] Land cover year: 2020
[2026-05-16 17:04:20] VIIRS Veg composite: 2021-07-28 → 2021-08-13
[2026-05-16 17:04:25] Started export task: fire_233_dynamic_2021-10-12
[2026-05-16 17:04:25] ------ Processing date=2021-10-13 ------
[2026-05-16 17:04:25] Using viirs_af_path: viirs_af_path
[2026-05-16 17:04:25] VIIRS Image Date: ['2021-10-13 00:00:00']
[2026-05-16 17:04:26] Weather image size: 1
[2026-05-16 17:04:26] Forecast duration: 2021-10-14 00:00:00 to 2021-10-15 00:00:00
[2026-05-16 17:04:27] Number of forecast images: 24
[2026-05-16 17:04:27] Using forecast run: 2021-10-13 18:00:00 UTC
[2026-05-16 17:04:27] Forecast Rain Available hours: [6, 7, 8, 9, 10, 11, 12, 13, 14, 15, 16, 17, 18, 19, 20, 21, 22, 23, 24, 25, 26, 27, 28, 29]
[2026-05-16 17:04:27] Valid hours for sum: [12, 18, 24, 29]
[2026-05-16 17:04:29] Drought composite end date: 2021-10-12 06:00:00
[2026-05-16 17:04:30] Land cover year: 2020
[2026-05-16 17:04:30] VIIRS Veg composite: 2021-07-28 → 2021-08-13
[2026-05-16 17:04:33] Started export task: fire_233_dynamic_2021-10-13
[2026-05-16 17:04:34] ------ Processing date=2021-10-14 ------
[2026-05-16 17:04:34] Using viirs_af_path: viirs_af_path
[2026-05-16 17:04:34] VIIRS Image Date: ['2021-10-14 00:00:00']
[2026-05-16 17:04:34] Weather image size: 1
[2026-05-16 17:04:34] Forecast duration: 2021-10-15 00:00:00 to 2021-10-16 00:00:00
[2026-05-16 17:04:35] Number of forecast images: 24
[2026-05-16 17:04:35] Using forecast run: 2021-10-14 18:00:00 UTC
[2026-05-16 17:04:35] Forecast Rain Available hours: [6, 7, 8, 9, 10, 11, 12, 13, 14, 15, 16, 17, 18, 19, 20, 21, 22, 23, 24, 25, 26, 27, 28, 29]
[2026-05-16 17:04:35] Valid hours for sum: [12, 18, 24, 29]
[2026-05-16 17:04:38] Drought composite end date: 2021-10-12 06:00:00
[2026-05-16 17:04:38] Land cover year: 2020
[2026-05-16 17:04:39] VIIRS Veg composite: 2021-07-28 → 2021-08-13
[2026-05-16 17:04:43] Started export task: fire_233_dynamic_2021-10-14
[2026-05-16 17:04:43] ------ Processing date=2021-10-15 ------
[2026-05-16 17:04:43] Using viirs_af_path: viirs_af_path
[2026-05-16 17:04:43] VIIRS Image Date: ['2021-10-15 00:00:00']
[2026-05-16 17:04:44] Weather image size: 1
[2026-05-16 17:04:44] Forecast duration: 2021-10-16 00:00:00 to 2021-10-17 00:00:00
[2026-05-16 17:04:44] Number of forecast images: 24
[2026-05-16 17:04:44] Using forecast run: 2021-10-15 18:00:00 UTC
[2026-05-16 17:04:45] Forecast Rain Available hours: [6, 7, 8, 9, 10, 11, 12, 13, 14, 15, 16, 17, 18, 19, 20, 21, 22, 23, 24, 25, 26, 27, 28, 29]
[2026-05-16 17:04:45] Valid hours for sum: [12, 18, 24, 29]
[2026-05-16 17:04:47] Drought composite end date: 2021-10-12 06:00:00
[2026-05-16 17:04:48] Land cover year: 2020
[2026-05-16 17:04:50] VIIRS Veg composite: 2021-07-28 → 2021-08-13
[2026-05-16 17:04:54] Started export task: fire_233_dynamic_2021-10-15
[2026-05-16 17:04:54] ------ Processing date=2021-10-16 ------
[2026-05-16 17:04:54] Using viirs_af_path: viirs_af_path
[2026-05-16 17:04:55] VIIRS Image Date: ['2021-10-16 00:00:00']
[2026-05-16 17:04:55] Weather image size: 1
[2026-05-16 17:04:55] Forecast duration: 2021-10-17 00:00:00 to 2021-10-18 00:00:00
[2026-05-16 17:04:56] Number of forecast images: 24
[2026-05-16 17:04:56] Using forecast run: 2021-10-16 18:00:00 UTC
[2026-05-16 17:04:56] Forecast Rain Available hours: [6, 7, 8, 9, 10, 11, 12, 13, 14, 15, 16, 17, 18, 19, 20, 21, 22, 23, 24, 25, 26, 27, 28, 29]
[2026-05-16 17:04:56] Valid hours for sum: [12, 18, 24, 29]
[2026-05-16 17:04:58] Drought composite end date: 2021-10-12 06:00:00
[2026-05-16 17:04:58] Land cover year: 2020
[2026-05-16 17:04:59] VIIRS Veg composite: 2021-07-28 → 2021-08-13
[2026-05-16 17:05:02] Started export task: fire_233_dynamic_2021-10-16
[2026-05-16 17:05:03] ------ Processing date=2021-10-17 ------
[2026-05-16 17:05:03] Using viirs_af_path: viirs_af_path
[2026-05-16 17:05:03] VIIRS Image Date: ['2021-10-17 00:00:00']
[2026-05-16 17:05:03] Weather image size: 1
[2026-05-16 17:05:03] Forecast duration: 2021-10-18 00:00:00 to 2021-10-19 00:00:00
[2026-05-16 17:05:06] Number of forecast images: 24
[2026-05-16 17:05:06] Using forecast run: 2021-10-17 18:00:00 UTC
[2026-05-16 17:05:06] Forecast Rain Available hours: [6, 7, 8, 9, 10, 11, 12, 13, 14, 15, 16, 17, 18, 19, 20, 21, 22, 23, 24, 25, 26, 27, 28, 29]
[2026-05-16 17:05:06] Valid hours for sum: [12, 18, 24, 29]
[2026-05-16 17:05:09] Drought composite end date: 2021-10-12 06:00:00
[2026-05-16 17:05:09] Land cover year: 2020
[2026-05-16 17:05:11] VIIRS Veg composite: 2021-07-28 → 2021-08-13
[2026-05-16 17:05:14] Started export task: fire_233_dynamic_2021-10-17
[2026-05-16 17:05:15] ------ Processing date=2021-10-18 ------
[2026-05-16 17:05:15] Using viirs_af_path: viirs_af_path
[2026-05-16 17:05:15] VIIRS Image Date: ['2021-10-18 00:00:00']
[2026-05-16 17:05:15] Weather image size: 1
[2026-05-16 17:05:15] Forecast duration: 2021-10-19 00:00:00 to 2021-10-20 00:00:00
[2026-05-16 17:05:16] Number of forecast images: 24
[2026-05-16 17:05:16] Using forecast run: 2021-10-18 18:00:00 UTC
[2026-05-16 17:05:16] Forecast Rain Available hours: [6, 7, 8, 9, 10, 11, 12, 13, 14, 15, 16, 17, 18, 19, 20, 21, 22, 23, 24, 25, 26, 27, 28, 29]
[2026-05-16 17:05:16] Valid hours for sum: [12, 18, 24, 29]
[2026-05-16 17:05:18] Drought composite end date: 2021-10-17 06:00:00
[2026-05-16 17:05:18] Land cover year: 2020
[2026-05-16 17:05:19] VIIRS Veg composite: 2021-07-28 → 2021-08-13
[2026-05-16 17:05:23] Started export task: fire_233_dynamic_2021-10-18
[2026-05-16 17:05:23] ------ Processing date=2021-10-19 ------
[2026-05-16 17:05:23] Using viirs_af_path: viirs_af_path
[2026-05-16 17:05:23] VIIRS Image Date: ['2021-10-19 00:00:00']
[2026-05-16 17:05:23] Weather image size: 1
[2026-05-16 17:05:23] Forecast duration: 2021-10-20 00:00:00 to 2021-10-21 00:00:00
[2026-05-16 17:05:24] Number of forecast images: 24
[2026-05-16 17:05:24] Using forecast run: 2021-10-19 18:00:00 UTC
[2026-05-16 17:05:25] Forecast Rain Available hours: [6, 7, 8, 9, 10, 11, 12, 13, 14, 15, 16, 17, 18, 19, 20, 21, 22, 23, 24, 25, 26, 27, 28, 29]
[2026-05-16 17:05:25] Valid hours for sum: [12, 18, 24, 29]
[2026-05-16 17:05:26] Drought composite end date: 2021-10-17 06:00:00
[2026-05-16 17:05:27] Land cover year: 2020
[2026-05-16 17:05:28] VIIRS Veg composite: 2021-07-28 → 2021-08-13
[2026-05-16 17:05:31] Started export task: fire_233_dynamic_2021-10-19
[2026-05-16 17:05:32] END: ----------Event fire_233----------- (Duration: 12.98m)
[2026-05-16 17:05:32] START: ----------Event fire_235-----------
[2026-05-16 17:05:32] ------ Processing date=2021-08-08 ------
[2026-05-16 17:05:32] Using viirs_af_path: viirs_af_path
[2026-05-16 17:05:33] VIIRS Image Date: ['2021-08-08 00:00:00']
[2026-05-16 17:05:33] Weather image size: 1
[2026-05-16 17:05:33] Forecast duration: 2021-08-09 00:00:00 to 2021-08-10 00:00:00
[2026-05-16 17:05:34] Number of forecast images: 24
[2026-05-16 17:05:34] Using forecast run: 2021-08-08 18:00:00 UTC
[2026-05-16 17:05:34] Forecast Rain Available hours: [6, 7, 8, 9, 10, 11, 12, 13, 14, 15, 16, 17, 18, 19, 20, 21, 22, 23, 24, 25, 26, 27, 28, 29]
[2026-05-16 17:05:34] Valid hours for sum: [12, 18, 24, 29]
[2026-05-16 17:05:36] Drought composite end date: 2021-08-03 06:00:00
[2026-05-16 17:05:37] Land cover year: 2020
[2026-05-16 17:05:37] VIIRS Veg composite: 2021-07-28 → 2021-08-13
[2026-05-16 17:05:40] Started export task: fire_235_static
[2026-05-16 17:05:40] Started export task: fire_235_dynamic_2021-08-08
[2026-05-16 17:05:41] ------ Processing date=2021-08-09 ------
[2026-05-16 17:05:41] Using viirs_af_path: viirs_af_path
[2026-05-16 17:05:41] VIIRS Image Date: ['2021-08-09 00:00:00']
[2026-05-16 17:05:41] Weather image size: 1
[2026-05-16 17:05:41] Forecast duration: 2021-08-10 00:00:00 to 2021-08-11 00:00:00
[2026-05-16 17:05:42] Number of forecast images: 24
[2026-05-16 17:05:42] Using forecast run: 2021-08-09 18:00:00 UTC
[2026-05-16 17:05:42] Forecast Rain Available hours: [6, 7, 8, 9, 10, 11, 12, 13, 14, 15, 16, 17, 18, 19, 20, 21, 22, 23, 24, 25, 26, 27, 28, 29]
[2026-05-16 17:05:42] Valid hours for sum: [12, 18, 24, 29]
[2026-05-16 17:05:44] Drought composite end date: 2021-08-08 06:00:00
[2026-05-16 17:05:44] Land cover year: 2020
[2026-05-16 17:05:45] VIIRS Veg composite: 2021-07-28 → 2021-08-13
[2026-05-16 17:05:50] Started export task: fire_235_dynamic_2021-08-09
[2026-05-16 17:05:51] ------ Processing date=2021-08-10 ------
[2026-05-16 17:05:51] Using viirs_af_path: viirs_af_path
[2026-05-16 17:05:51] VIIRS Image Date: ['2021-08-10 00:00:00']
[2026-05-16 17:05:51] Weather image size: 1
[2026-05-16 17:05:51] Forecast duration: 2021-08-11 00:00:00 to 2021-08-12 00:00:00
[2026-05-16 17:05:53] Number of forecast images: 24
[2026-05-16 17:05:53] Using forecast run: 2021-08-10 18:00:00 UTC
[2026-05-16 17:05:53] Forecast Rain Available hours: [6, 7, 8, 9, 10, 11, 12, 13, 14, 15, 16, 17, 18, 19, 20, 21, 22, 23, 24, 25, 26, 27, 28, 29]
[2026-05-16 17:05:53] Valid hours for sum: [12, 18, 24, 29]
[2026-05-16 17:05:55] Drought composite end date: 2021-08-08 06:00:00
[2026-05-16 17:05:55] Land cover year: 2020
[2026-05-16 17:05:56] VIIRS Veg composite: 2021-07-28 → 2021-08-13
[2026-05-16 17:05:58] Started export task: fire_235_dynamic_2021-08-10
[2026-05-16 17:05:59] ------ Processing date=2021-08-11 ------
[2026-05-16 17:05:59] Using viirs_af_path: viirs_af_path
[2026-05-16 17:05:59] VIIRS Image Date: ['2021-08-11 00:00:00']
[2026-05-16 17:05:59] Weather image size: 1
[2026-05-16 17:05:59] Forecast duration: 2021-08-12 00:00:00 to 2021-08-13 00:00:00
[2026-05-16 17:06:00] Number of forecast images: 24
[2026-05-16 17:06:00] Using forecast run: 2021-08-11 18:00:00 UTC
[2026-05-16 17:06:01] Forecast Rain Available hours: [6, 7, 8, 9, 10, 11, 12, 13, 14, 15, 16, 17, 18, 19, 20, 21, 22, 23, 24, 25, 26, 27, 28, 29]
[2026-05-16 17:06:01] Valid hours for sum: [12, 18, 24, 29]
[2026-05-16 17:06:03] Drought composite end date: 2021-08-08 06:00:00
[2026-05-16 17:06:03] Land cover year: 2020
[2026-05-16 17:06:04] VIIRS Veg composite: 2021-07-28 → 2021-08-13
[2026-05-16 17:06:07] Started export task: fire_235_dynamic_2021-08-11
[2026-05-16 17:06:07] ------ Processing date=2021-08-12 ------
[2026-05-16 17:06:07] Using viirs_af_path: viirs_af_path
[2026-05-16 17:06:08] VIIRS Image Date: ['2021-08-12 00:00:00']
[2026-05-16 17:06:08] Weather image size: 1
[2026-05-16 17:06:08] Forecast duration: 2021-08-13 00:00:00 to 2021-08-14 00:00:00
[2026-05-16 17:06:09] Number of forecast images: 24
[2026-05-16 17:06:09] Using forecast run: 2021-08-12 18:00:00 UTC
[2026-05-16 17:06:10] Forecast Rain Available hours: [6, 7, 8, 9, 10, 11, 12, 13, 14, 15, 16, 17, 18, 19, 20, 21, 22, 23, 24, 25, 26, 27, 28, 29]
[2026-05-16 17:06:10] Valid hours for sum: [12, 18, 24, 29]
[2026-05-16 17:06:11] Drought composite end date: 2021-08-08 06:00:00
[2026-05-16 17:06:12] Land cover year: 2020
[2026-05-16 17:06:12] VIIRS Veg composite: 2021-07-28 → 2021-08-13
[2026-05-16 17:06:17] Started export task: fire_235_dynamic_2021-08-12
[2026-05-16 17:06:18] ------ Processing date=2021-08-13 ------
[2026-05-16 17:06:18] Using viirs_af_path: viirs_af_path
[2026-05-16 17:06:18] VIIRS Image Date: ['2021-08-13 00:00:00']
[2026-05-16 17:06:18] Weather image size: 1
[2026-05-16 17:06:18] Forecast duration: 2021-08-14 00:00:00 to 2021-08-15 00:00:00
[2026-05-16 17:06:19] Number of forecast images: 24
[2026-05-16 17:06:19] Using forecast run: 2021-08-13 18:00:00 UTC
[2026-05-16 17:06:19] Forecast Rain Available hours: [6, 7, 8, 9, 10, 11, 12, 13, 14, 15, 16, 17, 18, 19, 20, 21, 22, 23, 24, 25, 26, 27, 28, 29]
[2026-05-16 17:06:19] Valid hours for sum: [12, 18, 24, 29]
[2026-05-16 17:06:22] Drought composite end date: 2021-08-08 06:00:00
[2026-05-16 17:06:22] Land cover year: 2020
[2026-05-16 17:06:23] VIIRS Veg composite: 2021-07-28 → 2021-08-13
[2026-05-16 17:06:27] Started export task: fire_235_dynamic_2021-08-13
[2026-05-16 17:06:28] ------ Processing date=2021-08-14 ------
[2026-05-16 17:06:28] Using viirs_af_path: viirs_af_path
[2026-05-16 17:06:28] VIIRS Image Date: ['2021-08-14 00:00:00']
[2026-05-16 17:06:28] Weather image size: 1
[2026-05-16 17:06:28] Forecast duration: 2021-08-15 00:00:00 to 2021-08-16 00:00:00
[2026-05-16 17:06:29] Number of forecast images: 24
[2026-05-16 17:06:29] Using forecast run: 2021-08-14 18:00:00 UTC
[2026-05-16 17:06:30] Forecast Rain Available hours: [6, 7, 8, 9, 10, 11, 12, 13, 14, 15, 16, 17, 18, 19, 20, 21, 22, 23, 24, 25, 26, 27, 28, 29]
[2026-05-16 17:06:30] Valid hours for sum: [12, 18, 24, 29]
[2026-05-16 17:06:32] Drought composite end date: 2021-08-13 06:00:00
[2026-05-16 17:06:32] Land cover year: 2020
[2026-05-16 17:06:33] VIIRS Veg composite: 2021-07-28 → 2021-08-13
[2026-05-16 17:06:37] Started export task: fire_235_dynamic_2021-08-14
[2026-05-16 17:06:37] ------ Processing date=2021-08-15 ------
[2026-05-16 17:06:37] Using viirs_af_path: viirs_af_path
[2026-05-16 17:06:38] VIIRS Image Date: ['2021-08-15 00:00:00']
[2026-05-16 17:06:38] Weather image size: 1
[2026-05-16 17:06:38] Forecast duration: 2021-08-16 00:00:00 to 2021-08-17 00:00:00
[2026-05-16 17:06:39] Number of forecast images: 24
[2026-05-16 17:06:39] Using forecast run: 2021-08-15 18:00:00 UTC
[2026-05-16 17:06:40] Forecast Rain Available hours: [6, 7, 8, 9, 10, 11, 12, 13, 14, 15, 16, 17, 18, 19, 20, 21, 22, 23, 24, 25, 26, 27, 28, 29]
[2026-05-16 17:06:40] Valid hours for sum: [12, 18, 24, 29]
[2026-05-16 17:06:42] Drought composite end date: 2021-08-13 06:00:00
[2026-05-16 17:06:42] Land cover year: 2020
[2026-05-16 17:06:43] VIIRS Veg composite: 2021-07-28 → 2021-08-13
[2026-05-16 17:06:47] Started export task: fire_235_dynamic_2021-08-15
[2026-05-16 17:06:47] ------ Processing date=2021-08-16 ------
[2026-05-16 17:06:47] Using viirs_af_path: viirs_af_path
[2026-05-16 17:06:47] VIIRS Image Date: ['2021-08-16 00:00:00']
[2026-05-16 17:06:47] Weather image size: 1
[2026-05-16 17:06:47] Forecast duration: 2021-08-17 00:00:00 to 2021-08-18 00:00:00
[2026-05-16 17:06:48] Number of forecast images: 24
[2026-05-16 17:06:48] Using forecast run: 2021-08-16 18:00:00 UTC
[2026-05-16 17:06:48] Forecast Rain Available hours: [6, 7, 8, 9, 10, 11, 12, 13, 14, 15, 16, 17, 18, 19, 20, 21, 22, 23, 24, 25, 26, 27, 28, 29]
[2026-05-16 17:06:48] Valid hours for sum: [12, 18, 24, 29]
[2026-05-16 17:06:51] Drought composite end date: 2021-08-13 06:00:00
[2026-05-16 17:06:51] Land cover year: 2020
[2026-05-16 17:06:52] VIIRS Veg composite: 2021-07-28 → 2021-08-13
[2026-05-16 17:06:57] Started export task: fire_235_dynamic_2021-08-16
[2026-05-16 17:06:57] ------ Processing date=2021-08-17 ------
[2026-05-16 17:06:57] Using viirs_af_path: viirs_af_path
[2026-05-16 17:06:58] VIIRS Image Date: ['2021-08-17 00:00:00']
[2026-05-16 17:06:58] Weather image size: 1
[2026-05-16 17:06:58] Forecast duration: 2021-08-18 00:00:00 to 2021-08-19 00:00:00
[2026-05-16 17:06:59] Number of forecast images: 24
[2026-05-16 17:06:59] Using forecast run: 2021-08-17 18:00:00 UTC
[2026-05-16 17:06:59] Forecast Rain Available hours: [6, 7, 8, 9, 10, 11, 12, 13, 14, 15, 16, 17, 18, 19, 20, 21, 22, 23, 24, 25, 26, 27, 28, 29]
[2026-05-16 17:06:59] Valid hours for sum: [12, 18, 24, 29]
[2026-05-16 17:07:01] Drought composite end date: 2021-08-13 06:00:00
[2026-05-16 17:07:01] Land cover year: 2020
[2026-05-16 17:07:03] VIIRS Veg composite: 2021-07-28 → 2021-08-13
[2026-05-16 17:07:07] Started export task: fire_235_dynamic_2021-08-17
[2026-05-16 17:07:07] ------ Processing date=2021-08-18 ------
[2026-05-16 17:07:07] Using viirs_af_path: viirs_af_path
[2026-05-16 17:07:08] VIIRS Image Date: ['2021-08-18 00:00:00']
[2026-05-16 17:07:08] Weather image size: 1
[2026-05-16 17:07:08] Forecast duration: 2021-08-19 00:00:00 to 2021-08-20 00:00:00
[2026-05-16 17:07:09] Number of forecast images: 24
[2026-05-16 17:07:09] Using forecast run: 2021-08-18 18:00:00 UTC
[2026-05-16 17:07:09] Forecast Rain Available hours: [6, 7, 8, 9, 10, 11, 12, 13, 14, 15, 16, 17, 18, 19, 20, 21, 22, 23, 24, 25, 26, 27, 28, 29]
[2026-05-16 17:07:09] Valid hours for sum: [12, 18, 24, 29]
[2026-05-16 17:07:11] Drought composite end date: 2021-08-13 06:00:00
[2026-05-16 17:07:12] Land cover year: 2020
[2026-05-16 17:07:13] VIIRS Veg composite: 2021-07-28 → 2021-08-13
[2026-05-16 17:07:17] Started export task: fire_235_dynamic_2021-08-18
[2026-05-16 17:07:18] ------ Processing date=2021-08-19 ------
[2026-05-16 17:07:18] Using viirs_af_path: viirs_af_path
[2026-05-16 17:07:18] VIIRS Image Date: ['2021-08-19 00:00:00']
[2026-05-16 17:07:18] Weather image size: 1
[2026-05-16 17:07:18] Forecast duration: 2021-08-20 00:00:00 to 2021-08-21 00:00:00
[2026-05-16 17:07:19] Number of forecast images: 24
[2026-05-16 17:07:19] Using forecast run: 2021-08-19 18:00:00 UTC
[2026-05-16 17:07:20] Forecast Rain Available hours: [6, 7, 8, 9, 10, 11, 12, 13, 14, 15, 16, 17, 18, 19, 20, 21, 22, 23, 24, 25, 26, 27, 28, 29]
[2026-05-16 17:07:20] Valid hours for sum: [12, 18, 24, 29]
[2026-05-16 17:07:22] Drought composite end date: 2021-08-18 06:00:00
[2026-05-16 17:07:22] Land cover year: 2020
[2026-05-16 17:07:24] VIIRS Veg composite: 2021-07-28 → 2021-08-13
[2026-05-16 17:07:27] Started export task: fire_235_dynamic_2021-08-19
[2026-05-16 17:07:27] ------ Processing date=2021-08-20 ------
[2026-05-16 17:07:27] Using viirs_af_path: viirs_af_path
[2026-05-16 17:07:27] VIIRS Image Date: ['2021-08-20 00:00:00']
[2026-05-16 17:07:28] Weather image size: 1
[2026-05-16 17:07:28] Forecast duration: 2021-08-21 00:00:00 to 2021-08-22 00:00:00
[2026-05-16 17:07:28] Number of forecast images: 24
[2026-05-16 17:07:28] Using forecast run: 2021-08-20 18:00:00 UTC
[2026-05-16 17:07:29] Forecast Rain Available hours: [6, 7, 8, 9, 10, 11, 12, 13, 14, 15, 16, 17, 18, 19, 20, 21, 22, 23, 24, 25, 26, 27, 28, 29]
[2026-05-16 17:07:29] Valid hours for sum: [12, 18, 24, 29]
[2026-05-16 17:07:31] Drought composite end date: 2021-08-18 06:00:00
[2026-05-16 17:07:31] Land cover year: 2020
[2026-05-16 17:07:32] VIIRS Veg composite: 2021-07-28 → 2021-08-13
[2026-05-16 17:07:35] Started export task: fire_235_dynamic_2021-08-20
[2026-05-16 17:07:36] ------ Processing date=2021-08-21 ------
[2026-05-16 17:07:36] Using viirs_af_path: viirs_af_path
[2026-05-16 17:07:36] VIIRS Image Date: ['2021-08-21 00:00:00']
[2026-05-16 17:07:36] Weather image size: 1
[2026-05-16 17:07:36] Forecast duration: 2021-08-22 00:00:00 to 2021-08-23 00:00:00
[2026-05-16 17:07:37] Number of forecast images: 24
[2026-05-16 17:07:37] Using forecast run: 2021-08-21 18:00:00 UTC
[2026-05-16 17:07:38] Forecast Rain Available hours: [6, 7, 8, 9, 10, 11, 12, 13, 14, 15, 16, 17, 18, 19, 20, 21, 22, 23, 24, 25, 26, 27, 28, 29]
[2026-05-16 17:07:38] Valid hours for sum: [12, 18, 24, 29]
[2026-05-16 17:07:40] Drought composite end date: 2021-08-18 06:00:00
[2026-05-16 17:07:40] Land cover year: 2020
[2026-05-16 17:07:41] VIIRS Veg composite: 2021-07-28 → 2021-08-13
[2026-05-16 17:07:45] Started export task: fire_235_dynamic_2021-08-21
[2026-05-16 17:07:46] ------ Processing date=2021-08-22 ------
[2026-05-16 17:07:46] Using viirs_af_path: viirs_af_path
[2026-05-16 17:07:46] VIIRS Image Date: ['2021-08-22 00:00:00']
[2026-05-16 17:07:46] Weather image size: 1
[2026-05-16 17:07:46] Forecast duration: 2021-08-23 00:00:00 to 2021-08-24 00:00:00
[2026-05-16 17:07:47] Number of forecast images: 24
[2026-05-16 17:07:47] Using forecast run: 2021-08-22 18:00:00 UTC
[2026-05-16 17:07:47] Forecast Rain Available hours: [6, 7, 8, 9, 10, 11, 12, 13, 14, 15, 16, 17, 18, 19, 20, 21, 22, 23, 24, 25, 26, 27, 28, 29]
[2026-05-16 17:07:47] Valid hours for sum: [12, 18, 24, 29]
[2026-05-16 17:07:49] Drought composite end date: 2021-08-18 06:00:00
[2026-05-16 17:07:49] Land cover year: 2020
[2026-05-16 17:07:50] VIIRS Veg composite: 2021-07-28 → 2021-08-13
[2026-05-16 17:07:54] Started export task: fire_235_dynamic_2021-08-22
[2026-05-16 17:07:54] ------ Processing date=2021-08-23 ------
[2026-05-16 17:07:54] Using viirs_af_path: viirs_af_path
[2026-05-16 17:07:54] VIIRS Image Date: ['2021-08-23 00:00:00']
[2026-05-16 17:07:54] Weather image size: 1
[2026-05-16 17:07:54] Forecast duration: 2021-08-24 00:00:00 to 2021-08-25 00:00:00
[2026-05-16 17:07:56] Number of forecast images: 24
[2026-05-16 17:07:56] Using forecast run: 2021-08-23 18:00:00 UTC
[2026-05-16 17:07:56] Forecast Rain Available hours: [6, 7, 8, 9, 10, 11, 12, 13, 14, 15, 16, 17, 18, 19, 20, 21, 22, 23, 24, 25, 26, 27, 28, 29]
[2026-05-16 17:07:56] Valid hours for sum: [12, 18, 24, 29]
[2026-05-16 17:07:58] Drought composite end date: 2021-08-18 06:00:00
[2026-05-16 17:07:58] Land cover year: 2020
[2026-05-16 17:07:59] VIIRS Veg composite: 2021-07-28 → 2021-08-13
[2026-05-16 17:08:02] Started export task: fire_235_dynamic_2021-08-23
[2026-05-16 17:08:03] ------ Processing date=2021-08-24 ------
[2026-05-16 17:08:03] Using viirs_af_path: viirs_af_path
[2026-05-16 17:08:03] VIIRS Image Date: ['2021-08-24 00:00:00']
[2026-05-16 17:08:03] Weather image size: 1
[2026-05-16 17:08:03] Forecast duration: 2021-08-25 00:00:00 to 2021-08-26 00:00:00
[2026-05-16 17:08:04] Number of forecast images: 24
[2026-05-16 17:08:04] Using forecast run: 2021-08-24 18:00:00 UTC
[2026-05-16 17:08:05] Forecast Rain Available hours: [6, 7, 8, 9, 10, 11, 12, 13, 14, 15, 16, 17, 18, 19, 20, 21, 22, 23, 24, 25, 26, 27, 28, 29]
[2026-05-16 17:08:05] Valid hours for sum: [12, 18, 24, 29]
[2026-05-16 17:08:06] Drought composite end date: 2021-08-23 06:00:00
[2026-05-16 17:08:07] Land cover year: 2020
[2026-05-16 17:08:08] VIIRS Veg composite: 2021-07-28 → 2021-08-13
[2026-05-16 17:08:13] Started export task: fire_235_dynamic_2021-08-24
[2026-05-16 17:08:13] ------ Processing date=2021-08-25 ------
[2026-05-16 17:08:13] Using viirs_af_path: viirs_af_path
[2026-05-16 17:08:14] VIIRS Image Date: ['2021-08-25 00:00:00']
[2026-05-16 17:08:14] Weather image size: 1
[2026-05-16 17:08:14] Forecast duration: 2021-08-26 00:00:00 to 2021-08-27 00:00:00
[2026-05-16 17:08:15] Number of forecast images: 24
[2026-05-16 17:08:15] Using forecast run: 2021-08-25 18:00:00 UTC
[2026-05-16 17:08:15] Forecast Rain Available hours: [6, 7, 8, 9, 10, 11, 12, 13, 14, 15, 16, 17, 18, 19, 20, 21, 22, 23, 24, 25, 26, 27, 28, 29]
[2026-05-16 17:08:15] Valid hours for sum: [12, 18, 24, 29]
[2026-05-16 17:08:19] Drought composite end date: 2021-08-23 06:00:00
[2026-05-16 17:08:19] Land cover year: 2020
[2026-05-16 17:08:20] VIIRS Veg composite: 2021-07-28 → 2021-08-13
[2026-05-16 17:08:23] Started export task: fire_235_dynamic_2021-08-25
[2026-05-16 17:08:23] ------ Processing date=2021-08-26 ------
[2026-05-16 17:08:23] Using viirs_af_path: viirs_af_path
[2026-05-16 17:08:23] VIIRS Image Date: ['2021-08-26 00:00:00']
[2026-05-16 17:08:23] Weather image size: 1
[2026-05-16 17:08:23] Forecast duration: 2021-08-27 00:00:00 to 2021-08-28 00:00:00
[2026-05-16 17:08:24] Number of forecast images: 24
[2026-05-16 17:08:24] Using forecast run: 2021-08-26 18:00:00 UTC
[2026-05-16 17:08:24] Forecast Rain Available hours: [6, 7, 8, 9, 10, 11, 12, 13, 14, 15, 16, 17, 18, 19, 20, 21, 22, 23, 24, 25, 26, 27, 28, 29]
[2026-05-16 17:08:24] Valid hours for sum: [12, 18, 24, 29]
[2026-05-16 17:08:27] Drought composite end date: 2021-08-23 06:00:00
[2026-05-16 17:08:27] Land cover year: 2020
[2026-05-16 17:08:28] VIIRS Veg composite: 2021-07-28 → 2021-08-13
[2026-05-16 17:08:31] Started export task: fire_235_dynamic_2021-08-26
[2026-05-16 17:08:31] ------ Processing date=2021-08-27 ------
[2026-05-16 17:08:31] Using viirs_af_path: viirs_af_path
[2026-05-16 17:08:32] VIIRS Image Date: ['2021-08-27 00:00:00']
[2026-05-16 17:08:32] Weather image size: 1
[2026-05-16 17:08:32] Forecast duration: 2021-08-28 00:00:00 to 2021-08-29 00:00:00
[2026-05-16 17:08:33] Number of forecast images: 24
[2026-05-16 17:08:33] Using forecast run: 2021-08-27 18:00:00 UTC
[2026-05-16 17:08:34] Forecast Rain Available hours: [6, 7, 8, 9, 10, 11, 12, 13, 14, 15, 16, 17, 18, 19, 20, 21, 22, 23, 24, 25, 26, 27, 28, 29]
[2026-05-16 17:08:34] Valid hours for sum: [12, 18, 24, 29]
[2026-05-16 17:08:36] Drought composite end date: 2021-08-23 06:00:00
[2026-05-16 17:08:36] Land cover year: 2020
[2026-05-16 17:08:37] VIIRS Veg composite: 2021-07-28 → 2021-08-13
[2026-05-16 17:08:41] Started export task: fire_235_dynamic_2021-08-27
[2026-05-16 17:08:41] ------ Processing date=2021-08-28 ------
[2026-05-16 17:08:41] Using viirs_af_path: viirs_af_path
[2026-05-16 17:08:41] VIIRS Image Date: ['2021-08-28 00:00:00']
[2026-05-16 17:08:41] Weather image size: 1
[2026-05-16 17:08:41] Forecast duration: 2021-08-29 00:00:00 to 2021-08-30 00:00:00
[2026-05-16 17:08:42] Number of forecast images: 24
[2026-05-16 17:08:42] Using forecast run: 2021-08-28 18:00:00 UTC
[2026-05-16 17:08:43] Forecast Rain Available hours: [6, 7, 8, 9, 10, 11, 12, 13, 14, 15, 16, 17, 18, 19, 20, 21, 22, 23, 24, 25, 26, 27, 28, 29]
[2026-05-16 17:08:43] Valid hours for sum: [12, 18, 24, 29]
[2026-05-16 17:08:45] Drought composite end date: 2021-08-23 06:00:00
[2026-05-16 17:08:45] Land cover year: 2020
[2026-05-16 17:08:46] VIIRS Veg composite: 2021-07-28 → 2021-08-13
[2026-05-16 17:08:48] Started export task: fire_235_dynamic_2021-08-28
[2026-05-16 17:08:48] END: ----------Event fire_235----------- (Duration: 3.27m)
[2026-05-16 17:08:48] START: ----------Event fire_239-----------
[2026-05-16 17:08:49] ------ Processing date=2021-08-18 ------
[2026-05-16 17:08:49] Using viirs_af_path: viirs_af_path
[2026-05-16 17:08:49] VIIRS Image Date: ['2021-08-18 00:00:00']
[2026-05-16 17:08:50] Weather image size: 1
[2026-05-16 17:08:50] Forecast duration: 2021-08-19 00:00:00 to 2021-08-20 00:00:00
[2026-05-16 17:08:51] Number of forecast images: 24
[2026-05-16 17:08:51] Using forecast run: 2021-08-18 18:00:00 UTC
[2026-05-16 17:08:51] Forecast Rain Available hours: [6, 7, 8, 9, 10, 11, 12, 13, 14, 15, 16, 17, 18, 19, 20, 21, 22, 23, 24, 25, 26, 27, 28, 29]
[2026-05-16 17:08:51] Valid hours for sum: [12, 18, 24, 29]
[2026-05-16 17:08:53] Drought composite end date: 2021-08-13 06:00:00
[2026-05-16 17:08:53] Land cover year: 2020
[2026-05-16 17:08:54] VIIRS Veg composite: 2021-08-05 → 2021-08-21
[2026-05-16 17:08:58] Started export task: fire_239_static
[2026-05-16 17:08:58] Started export task: fire_239_dynamic_2021-08-18
[2026-05-16 17:08:59] ------ Processing date=2021-08-19 ------
[2026-05-16 17:08:59] Using viirs_af_path: viirs_af_path
[2026-05-16 17:08:59] VIIRS Image Date: ['2021-08-19 00:00:00']
[2026-05-16 17:08:59] Weather image size: 1
[2026-05-16 17:08:59] Forecast duration: 2021-08-20 00:00:00 to 2021-08-21 00:00:00
[2026-05-16 17:09:00] Number of forecast images: 24
[2026-05-16 17:09:00] Using forecast run: 2021-08-19 18:00:00 UTC
[2026-05-16 17:09:01] Forecast Rain Available hours: [6, 7, 8, 9, 10, 11, 12, 13, 14, 15, 16, 17, 18, 19, 20, 21, 22, 23, 24, 25, 26, 27, 28, 29]
[2026-05-16 17:09:01] Valid hours for sum: [12, 18, 24, 29]
[2026-05-16 17:09:03] Drought composite end date: 2021-08-18 06:00:00
[2026-05-16 17:09:03] Land cover year: 2020
[2026-05-16 17:09:04] VIIRS Veg composite: 2021-08-05 → 2021-08-21
[2026-05-16 17:09:08] Started export task: fire_239_dynamic_2021-08-19
[2026-05-16 17:09:08] ------ Processing date=2021-08-20 ------
[2026-05-16 17:09:08] Using viirs_af_path: viirs_af_path
[2026-05-16 17:09:09] VIIRS Image Date: ['2021-08-20 00:00:00']
[2026-05-16 17:09:09] Weather image size: 1
[2026-05-16 17:09:09] Forecast duration: 2021-08-21 00:00:00 to 2021-08-22 00:00:00
[2026-05-16 17:09:10] Number of forecast images: 24
[2026-05-16 17:09:10] Using forecast run: 2021-08-20 18:00:00 UTC
[2026-05-16 17:09:10] Forecast Rain Available hours: [6, 7, 8, 9, 10, 11, 12, 13, 14, 15, 16, 17, 18, 19, 20, 21, 22, 23, 24, 25, 26, 27, 28, 29]
[2026-05-16 17:09:10] Valid hours for sum: [12, 18, 24, 29]
[2026-05-16 17:09:12] Drought composite end date: 2021-08-18 06:00:00
[2026-05-16 17:09:12] Land cover year: 2020
[2026-05-16 17:09:13] VIIRS Veg composite: 2021-08-05 → 2021-08-21
[2026-05-16 17:09:17] Started export task: fire_239_dynamic_2021-08-20
[2026-05-16 17:09:17] ------ Processing date=2021-08-21 ------
[2026-05-16 17:09:17] Using viirs_af_path: viirs_af_path
[2026-05-16 17:09:17] VIIRS Image Date: ['2021-08-21 00:00:00']
[2026-05-16 17:09:17] Weather image size: 1
[2026-05-16 17:09:17] Forecast duration: 2021-08-22 00:00:00 to 2021-08-23 00:00:00
[2026-05-16 17:09:18] Number of forecast images: 24
[2026-05-16 17:09:18] Using forecast run: 2021-08-21 18:00:00 UTC
[2026-05-16 17:09:19] Forecast Rain Available hours: [6, 7, 8, 9, 10, 11, 12, 13, 14, 15, 16, 17, 18, 19, 20, 21, 22, 23, 24, 25, 26, 27, 28, 29]
[2026-05-16 17:09:19] Valid hours for sum: [12, 18, 24, 29]
[2026-05-16 17:09:21] Drought composite end date: 2021-08-18 06:00:00
[2026-05-16 17:09:21] Land cover year: 2020
[2026-05-16 17:09:22] VIIRS Veg composite: 2021-08-05 → 2021-08-21
[2026-05-16 17:09:26] Started export task: fire_239_dynamic_2021-08-21
[2026-05-16 17:09:27] ------ Processing date=2021-08-22 ------
[2026-05-16 17:09:27] Using viirs_af_path: viirs_af_path
[2026-05-16 17:09:27] VIIRS Image Date: ['2021-08-22 00:00:00']
[2026-05-16 17:09:27] Weather image size: 1
[2026-05-16 17:09:27] Forecast duration: 2021-08-23 00:00:00 to 2021-08-24 00:00:00
[2026-05-16 17:09:28] Number of forecast images: 24
[2026-05-16 17:09:28] Using forecast run: 2021-08-22 18:00:00 UTC
[2026-05-16 17:09:28] Forecast Rain Available hours: [6, 7, 8, 9, 10, 11, 12, 13, 14, 15, 16, 17, 18, 19, 20, 21, 22, 23, 24, 25, 26, 27, 28, 29]
[2026-05-16 17:09:28] Valid hours for sum: [12, 18, 24, 29]
[2026-05-16 17:09:31] Drought composite end date: 2021-08-18 06:00:00
[2026-05-16 17:09:31] Land cover year: 2020
[2026-05-16 17:09:32] VIIRS Veg composite: 2021-08-05 → 2021-08-21
[2026-05-16 17:09:37] Started export task: fire_239_dynamic_2021-08-22
[2026-05-16 17:09:37] ------ Processing date=2021-08-23 ------
[2026-05-16 17:09:37] Using viirs_af_path: viirs_af_path
[2026-05-16 17:09:38] VIIRS Image Date: ['2021-08-23 00:00:00']
[2026-05-16 17:09:38] Weather image size: 1
[2026-05-16 17:09:38] Forecast duration: 2021-08-24 00:00:00 to 2021-08-25 00:00:00
[2026-05-16 17:09:39] Number of forecast images: 24
[2026-05-16 17:09:39] Using forecast run: 2021-08-23 18:00:00 UTC
[2026-05-16 17:09:39] Forecast Rain Available hours: [6, 7, 8, 9, 10, 11, 12, 13, 14, 15, 16, 17, 18, 19, 20, 21, 22, 23, 24, 25, 26, 27, 28, 29]
[2026-05-16 17:09:39] Valid hours for sum: [12, 18, 24, 29]
[2026-05-16 17:09:43] Drought composite end date: 2021-08-18 06:00:00
[2026-05-16 17:09:43] Land cover year: 2020
[2026-05-16 17:09:44] VIIRS Veg composite: 2021-08-05 → 2021-08-21
[2026-05-16 17:09:47] Started export task: fire_239_dynamic_2021-08-23
[2026-05-16 17:09:48] ------ Processing date=2021-08-24 ------
[2026-05-16 17:09:48] Using viirs_af_path: viirs_af_path
[2026-05-16 17:09:48] VIIRS Image Date: ['2021-08-24 00:00:00']
[2026-05-16 17:09:48] Weather image size: 1
[2026-05-16 17:09:48] Forecast duration: 2021-08-25 00:00:00 to 2021-08-26 00:00:00
[2026-05-16 17:09:50] Number of forecast images: 24
[2026-05-16 17:09:50] Using forecast run: 2021-08-24 18:00:00 UTC
[2026-05-16 17:09:50] Forecast Rain Available hours: [6, 7, 8, 9, 10, 11, 12, 13, 14, 15, 16, 17, 18, 19, 20, 21, 22, 23, 24, 25, 26, 27, 28, 29]
[2026-05-16 17:09:50] Valid hours for sum: [12, 18, 24, 29]
[2026-05-16 17:09:52] Drought composite end date: 2021-08-23 06:00:00
[2026-05-16 17:09:52] Land cover year: 2020
[2026-05-16 17:09:53] VIIRS Veg composite: 2021-08-05 → 2021-08-21
[2026-05-16 17:09:57] Started export task: fire_239_dynamic_2021-08-24
[2026-05-16 17:09:57] ------ Processing date=2021-08-25 ------
[2026-05-16 17:09:57] Using viirs_af_path: viirs_af_path
[2026-05-16 17:09:58] VIIRS Image Date: ['2021-08-25 00:00:00']
[2026-05-16 17:09:58] Weather image size: 1
[2026-05-16 17:09:58] Forecast duration: 2021-08-26 00:00:00 to 2021-08-27 00:00:00
[2026-05-16 17:09:59] Number of forecast images: 24
[2026-05-16 17:09:59] Using forecast run: 2021-08-25 18:00:00 UTC
[2026-05-16 17:09:59] Forecast Rain Available hours: [6, 7, 8, 9, 10, 11, 12, 13, 14, 15, 16, 17, 18, 19, 20, 21, 22, 23, 24, 25, 26, 27, 28, 29]
[2026-05-16 17:09:59] Valid hours for sum: [12, 18, 24, 29]
[2026-05-16 17:10:02] Drought composite end date: 2021-08-23 06:00:00
[2026-05-16 17:10:02] Land cover year: 2020
[2026-05-16 17:10:03] VIIRS Veg composite: 2021-08-05 → 2021-08-21
[2026-05-16 17:10:10] Started export task: fire_239_dynamic_2021-08-25
[2026-05-16 17:10:11] ------ Processing date=2021-08-26 ------
[2026-05-16 17:10:11] Using viirs_af_path: viirs_af_path
[2026-05-16 17:10:11] VIIRS Image Date: ['2021-08-26 00:00:00']
[2026-05-16 17:10:11] Weather image size: 1
[2026-05-16 17:10:11] Forecast duration: 2021-08-27 00:00:00 to 2021-08-28 00:00:00
[2026-05-16 17:10:12] Number of forecast images: 24
[2026-05-16 17:10:12] Using forecast run: 2021-08-26 18:00:00 UTC
[2026-05-16 17:10:12] Forecast Rain Available hours: [6, 7, 8, 9, 10, 11, 12, 13, 14, 15, 16, 17, 18, 19, 20, 21, 22, 23, 24, 25, 26, 27, 28, 29]
[2026-05-16 17:10:12] Valid hours for sum: [12, 18, 24, 29]
[2026-05-16 17:10:15] Drought composite end date: 2021-08-23 06:00:00
[2026-05-16 17:10:15] Land cover year: 2020
[2026-05-16 17:10:16] VIIRS Veg composite: 2021-08-05 → 2021-08-21
[2026-05-16 17:10:19] Started export task: fire_239_dynamic_2021-08-26
[2026-05-16 17:10:19] ------ Processing date=2021-08-27 ------
[2026-05-16 17:10:19] Using viirs_af_path: viirs_af_path
[2026-05-16 17:10:20] VIIRS Image Date: ['2021-08-27 00:00:00']
[2026-05-16 17:10:20] Weather image size: 1
[2026-05-16 17:10:20] Forecast duration: 2021-08-28 00:00:00 to 2021-08-29 00:00:00
[2026-05-16 17:10:21] Number of forecast images: 24
[2026-05-16 17:10:21] Using forecast run: 2021-08-27 18:00:00 UTC
[2026-05-16 17:10:21] Forecast Rain Available hours: [6, 7, 8, 9, 10, 11, 12, 13, 14, 15, 16, 17, 18, 19, 20, 21, 22, 23, 24, 25, 26, 27, 28, 29]
[2026-05-16 17:10:21] Valid hours for sum: [12, 18, 24, 29]
[2026-05-16 17:10:23] Drought composite end date: 2021-08-23 06:00:00
[2026-05-16 17:10:23] Land cover year: 2020
[2026-05-16 17:10:24] VIIRS Veg composite: 2021-08-05 → 2021-08-21
[2026-05-16 17:10:28] Started export task: fire_239_dynamic_2021-08-27
[2026-05-16 17:10:29] ------ Processing date=2021-08-28 ------
[2026-05-16 17:10:29] Using viirs_af_path: viirs_af_path
[2026-05-16 17:10:29] VIIRS Image Date: ['2021-08-28 00:00:00']
[2026-05-16 17:10:29] Weather image size: 1
[2026-05-16 17:10:29] Forecast duration: 2021-08-29 00:00:00 to 2021-08-30 00:00:00
[2026-05-16 17:10:30] Number of forecast images: 24
[2026-05-16 17:10:30] Using forecast run: 2021-08-28 18:00:00 UTC
[2026-05-16 17:10:30] Forecast Rain Available hours: [6, 7, 8, 9, 10, 11, 12, 13, 14, 15, 16, 17, 18, 19, 20, 21, 22, 23, 24, 25, 26, 27, 28, 29]
[2026-05-16 17:10:30] Valid hours for sum: [12, 18, 24, 29]
[2026-05-16 17:10:33] Drought composite end date: 2021-08-23 06:00:00
[2026-05-16 17:10:33] Land cover year: 2020
[2026-05-16 17:10:34] VIIRS Veg composite: 2021-08-05 → 2021-08-21
[2026-05-16 17:10:38] Started export task: fire_239_dynamic_2021-08-28
[2026-05-16 17:10:41] ------ Processing date=2021-08-29 ------
[2026-05-16 17:10:41] Using viirs_af_path: viirs_af_path
[2026-05-16 17:10:42] VIIRS Image Date: ['2021-08-29 00:00:00']
[2026-05-16 17:10:42] Weather image size: 1
[2026-05-16 17:10:42] Forecast duration: 2021-08-30 00:00:00 to 2021-08-31 00:00:00
[2026-05-16 17:11:10] Number of forecast images: 24
[2026-05-16 17:11:10] Using forecast run: 2021-08-29 18:00:00 UTC
[2026-05-16 17:11:11] Forecast Rain Available hours: [6, 7, 8, 9, 10, 11, 12, 13, 14, 15, 16, 17, 18, 19, 20, 21, 22, 23, 24, 25, 26, 27, 28, 29]
[2026-05-16 17:11:11] Valid hours for sum: [12, 18, 24, 29]
[2026-05-16 17:11:13] Drought composite end date: 2021-08-28 06:00:00
[2026-05-16 17:11:13] Land cover year: 2020
[2026-05-16 17:11:14] VIIRS Veg composite: 2021-08-05 → 2021-08-21
[2026-05-16 17:11:19] Started export task: fire_239_dynamic_2021-08-29
[2026-05-16 17:11:20] ------ Processing date=2021-08-30 ------
[2026-05-16 17:11:20] Using viirs_af_path: viirs_af_path
[2026-05-16 17:11:20] VIIRS Image Date: ['2021-08-30 00:00:00']
[2026-05-16 17:11:20] Weather image size: 1
[2026-05-16 17:11:20] Forecast duration: 2021-08-31 00:00:00 to 2021-09-01 00:00:00
[2026-05-16 17:11:21] Number of forecast images: 24
[2026-05-16 17:11:21] Using forecast run: 2021-08-30 18:00:00 UTC
[2026-05-16 17:11:21] Forecast Rain Available hours: [6, 7, 8, 9, 10, 11, 12, 13, 14, 15, 16, 17, 18, 19, 20, 21, 22, 23, 24, 25, 26, 27, 28, 29]
[2026-05-16 17:11:21] Valid hours for sum: [12, 18, 24, 29]
[2026-05-16 17:11:23] Drought composite end date: 2021-08-28 06:00:00
[2026-05-16 17:11:23] Land cover year: 2020
[2026-05-16 17:11:24] VIIRS Veg composite: 2021-08-05 → 2021-08-21
[2026-05-16 17:11:27] Started export task: fire_239_dynamic_2021-08-30
[2026-05-16 17:11:27] ------ Processing date=2021-08-31 ------
[2026-05-16 17:11:27] Using viirs_af_path: viirs_af_path
[2026-05-16 17:11:27] VIIRS Image Date: ['2021-08-31 00:00:00']
[2026-05-16 17:11:28] Weather image size: 1
[2026-05-16 17:11:28] Forecast duration: 2021-09-01 00:00:00 to 2021-09-02 00:00:00
[2026-05-16 17:11:28] Number of forecast images: 24
[2026-05-16 17:11:28] Using forecast run: 2021-08-31 18:00:00 UTC
[2026-05-16 17:11:29] Forecast Rain Available hours: [6, 7, 8, 9, 10, 11, 12, 13, 14, 15, 16, 17, 18, 19, 20, 21, 22, 23, 24, 25, 26, 27, 28, 29]
[2026-05-16 17:11:29] Valid hours for sum: [12, 18, 24, 29]
[2026-05-16 17:11:31] Drought composite end date: 2021-08-28 06:00:00
[2026-05-16 17:11:31] Land cover year: 2020
[2026-05-16 17:11:32] VIIRS Veg composite: 2021-08-05 → 2021-08-21
[2026-05-16 17:11:36] Started export task: fire_239_dynamic_2021-08-31
[2026-05-16 17:11:36] ------ Processing date=2021-09-01 ------
[2026-05-16 17:11:36] Using viirs_af_path: viirs_af_path
[2026-05-16 17:11:36] VIIRS Image Date: ['2021-09-01 00:00:00']
[2026-05-16 17:11:36] Weather image size: 1
[2026-05-16 17:11:36] Forecast duration: 2021-09-02 00:00:00 to 2021-09-03 00:00:00
[2026-05-16 17:11:37] Number of forecast images: 24
[2026-05-16 17:11:37] Using forecast run: 2021-09-01 18:00:00 UTC
[2026-05-16 17:11:38] Forecast Rain Available hours: [6, 7, 8, 9, 10, 11, 12, 13, 14, 15, 16, 17, 18, 19, 20, 21, 22, 23, 24, 25, 26, 27, 28, 29]
[2026-05-16 17:11:38] Valid hours for sum: [12, 18, 24, 29]
[2026-05-16 17:11:40] Drought composite end date: 2021-08-28 06:00:00
[2026-05-16 17:11:40] Land cover year: 2020
[2026-05-16 17:11:41] VIIRS Veg composite: 2021-08-05 → 2021-08-21
[2026-05-16 17:11:45] Started export task: fire_239_dynamic_2021-09-01
[2026-05-16 17:11:45] ------ Processing date=2021-09-02 ------
[2026-05-16 17:11:45] Using viirs_af_path: viirs_af_path
[2026-05-16 17:11:45] VIIRS Image Date: ['2021-09-02 00:00:00']
[2026-05-16 17:11:46] Weather image size: 1
[2026-05-16 17:11:46] Forecast duration: 2021-09-03 00:00:00 to 2021-09-04 00:00:00
[2026-05-16 17:11:46] Number of forecast images: 24
[2026-05-16 17:11:46] Using forecast run: 2021-09-02 18:00:00 UTC
[2026-05-16 17:11:47] Forecast Rain Available hours: [6, 7, 8, 9, 10, 11, 12, 13, 14, 15, 16, 17, 18, 19, 20, 21, 22, 23, 24, 25, 26, 27, 28, 29]
[2026-05-16 17:11:47] Valid hours for sum: [12, 18, 24, 29]
[2026-05-16 17:11:49] Drought composite end date: 2021-08-28 06:00:00
[2026-05-16 17:11:49] Land cover year: 2020
[2026-05-16 17:11:50] VIIRS Veg composite: 2021-08-05 → 2021-08-21
[2026-05-16 17:11:54] Started export task: fire_239_dynamic_2021-09-02
[2026-05-16 17:11:54] ------ Processing date=2021-09-03 ------
[2026-05-16 17:11:54] Using viirs_af_path: viirs_af_path
[2026-05-16 17:11:54] VIIRS Image Date: ['2021-09-03 00:00:00']
[2026-05-16 17:11:55] Weather image size: 1
[2026-05-16 17:11:55] Forecast duration: 2021-09-04 00:00:00 to 2021-09-05 00:00:00
[2026-05-16 17:11:55] Number of forecast images: 24
[2026-05-16 17:11:55] Using forecast run: 2021-09-03 18:00:00 UTC
[2026-05-16 17:11:56] Forecast Rain Available hours: [6, 7, 8, 9, 10, 11, 12, 13, 14, 15, 16, 17, 18, 19, 20, 21, 22, 23, 24, 25, 26, 27, 28, 29]
[2026-05-16 17:11:56] Valid hours for sum: [12, 18, 24, 29]
[2026-05-16 17:11:58] Drought composite end date: 2021-09-02 06:00:00
[2026-05-16 17:11:58] Land cover year: 2020
[2026-05-16 17:11:59] VIIRS Veg composite: 2021-08-05 → 2021-08-21
[2026-05-16 17:12:02] Started export task: fire_239_dynamic_2021-09-03
[2026-05-16 17:12:03] ------ Processing date=2021-09-04 ------
[2026-05-16 17:12:03] Using viirs_af_path: viirs_af_path
[2026-05-16 17:12:03] VIIRS Image Date: ['2021-09-04 00:00:00']
[2026-05-16 17:12:03] Weather image size: 1
[2026-05-16 17:12:03] Forecast duration: 2021-09-05 00:00:00 to 2021-09-06 00:00:00
[2026-05-16 17:12:04] Number of forecast images: 24
[2026-05-16 17:12:04] Using forecast run: 2021-09-04 18:00:00 UTC
[2026-05-16 17:12:04] Forecast Rain Available hours: [6, 7, 8, 9, 10, 11, 12, 13, 14, 15, 16, 17, 18, 19, 20, 21, 22, 23, 24, 25, 26, 27, 28, 29]
[2026-05-16 17:12:04] Valid hours for sum: [12, 18, 24, 29]
[2026-05-16 17:12:06] Drought composite end date: 2021-09-02 06:00:00
[2026-05-16 17:12:07] Land cover year: 2020
[2026-05-16 17:12:07] VIIRS Veg composite: 2021-08-05 → 2021-08-21
[2026-05-16 17:12:11] Started export task: fire_239_dynamic_2021-09-04
[2026-05-16 17:12:12] ------ Processing date=2021-09-05 ------
[2026-05-16 17:12:12] Using viirs_af_path: viirs_af_path
[2026-05-16 17:12:12] VIIRS Image Date: ['2021-09-05 00:00:00']
[2026-05-16 17:12:12] Weather image size: 1
[2026-05-16 17:12:12] Forecast duration: 2021-09-06 00:00:00 to 2021-09-07 00:00:00
[2026-05-16 17:12:13] Number of forecast images: 24
[2026-05-16 17:12:13] Using forecast run: 2021-09-05 18:00:00 UTC
[2026-05-16 17:12:13] Forecast Rain Available hours: [6, 7, 8, 9, 10, 11, 12, 13, 14, 15, 16, 17, 18, 19, 20, 21, 22, 23, 24, 25, 26, 27, 28, 29]
[2026-05-16 17:12:13] Valid hours for sum: [12, 18, 24, 29]
[2026-05-16 17:12:16] Drought composite end date: 2021-09-02 06:00:00
[2026-05-16 17:12:16] Land cover year: 2020
[2026-05-16 17:12:17] VIIRS Veg composite: 2021-08-05 → 2021-08-21
[2026-05-16 17:12:21] Started export task: fire_239_dynamic_2021-09-05
[2026-05-16 17:12:21] ------ Processing date=2021-09-06 ------
[2026-05-16 17:12:21] Using viirs_af_path: viirs_af_path
[2026-05-16 17:12:22] VIIRS Image Date: ['2021-09-06 00:00:00']
[2026-05-16 17:12:22] Weather image size: 1
[2026-05-16 17:12:22] Forecast duration: 2021-09-07 00:00:00 to 2021-09-08 00:00:00
[2026-05-16 17:12:23] Number of forecast images: 24
[2026-05-16 17:12:23] Using forecast run: 2021-09-06 18:00:00 UTC
[2026-05-16 17:12:23] Forecast Rain Available hours: [6, 7, 8, 9, 10, 11, 12, 13, 14, 15, 16, 17, 18, 19, 20, 21, 22, 23, 24, 25, 26, 27, 28, 29]
[2026-05-16 17:12:23] Valid hours for sum: [12, 18, 24, 29]
[2026-05-16 17:12:24] Drought composite end date: 2021-09-02 06:00:00
[2026-05-16 17:12:25] Land cover year: 2020
[2026-05-16 17:12:25] VIIRS Veg composite: 2021-08-05 → 2021-08-21
[2026-05-16 17:12:31] Started export task: fire_239_dynamic_2021-09-06
[2026-05-16 17:12:31] END: ----------Event fire_239----------- (Duration: 3.71m)
[2026-05-16 17:12:31] START: ----------Event fire_243-----------
[2026-05-16 17:12:31] ------ Processing date=2021-08-28 ------
[2026-05-16 17:12:31] Using viirs_af_path: viirs_af_path
[2026-05-16 17:12:31] VIIRS Image Date: ['2021-08-28 00:00:00']
[2026-05-16 17:12:32] Weather image size: 1
[2026-05-16 17:12:32] Forecast duration: 2021-08-29 00:00:00 to 2021-08-30 00:00:00
[2026-05-16 17:12:33] Number of forecast images: 24
[2026-05-16 17:12:33] Using forecast run: 2021-08-28 18:00:00 UTC
[2026-05-16 17:12:34] Forecast Rain Available hours: [6, 7, 8, 9, 10, 11, 12, 13, 14, 15, 16, 17, 18, 19, 20, 21, 22, 23, 24, 25, 26, 27, 28, 29]
[2026-05-16 17:12:34] Valid hours for sum: [12, 18, 24, 29]
[2026-05-16 17:12:37] Drought composite end date: 2021-08-23 06:00:00
[2026-05-16 17:12:37] Land cover year: 2020
[2026-05-16 17:12:37] VIIRS Veg composite: 2021-08-13 → 2021-08-29
[2026-05-16 17:12:40] Started export task: fire_243_static
[2026-05-16 17:12:41] Started export task: fire_243_dynamic_2021-08-28
[2026-05-16 17:12:42] ------ Processing date=2021-08-29 ------
[2026-05-16 17:12:42] Using viirs_af_path: viirs_af_path
[2026-05-16 17:12:42] VIIRS Image Date: ['2021-08-29 00:00:00']
[2026-05-16 17:12:42] Weather image size: 1
[2026-05-16 17:12:42] Forecast duration: 2021-08-30 00:00:00 to 2021-08-31 00:00:00
[2026-05-16 17:12:43] Number of forecast images: 24
[2026-05-16 17:12:43] Using forecast run: 2021-08-29 18:00:00 UTC
[2026-05-16 17:12:43] Forecast Rain Available hours: [6, 7, 8, 9, 10, 11, 12, 13, 14, 15, 16, 17, 18, 19, 20, 21, 22, 23, 24, 25, 26, 27, 28, 29]
[2026-05-16 17:12:43] Valid hours for sum: [12, 18, 24, 29]
[2026-05-16 17:12:44] Drought composite end date: 2021-08-28 06:00:00
[2026-05-16 17:12:45] Land cover year: 2020
[2026-05-16 17:12:45] VIIRS Veg composite: 2021-08-13 → 2021-08-29
[2026-05-16 17:12:49] Started export task: fire_243_dynamic_2021-08-29
[2026-05-16 17:12:50] ------ Processing date=2021-08-30 ------
[2026-05-16 17:12:50] Using viirs_af_path: viirs_af_path
[2026-05-16 17:12:50] VIIRS Image Date: ['2021-08-30 00:00:00']
[2026-05-16 17:12:50] Weather image size: 1
[2026-05-16 17:12:50] Forecast duration: 2021-08-31 00:00:00 to 2021-09-01 00:00:00
[2026-05-16 17:12:52] Number of forecast images: 24
[2026-05-16 17:12:52] Using forecast run: 2021-08-30 18:00:00 UTC
[2026-05-16 17:12:53] Forecast Rain Available hours: [6, 7, 8, 9, 10, 11, 12, 13, 14, 15, 16, 17, 18, 19, 20, 21, 22, 23, 24, 25, 26, 27, 28, 29]
[2026-05-16 17:12:53] Valid hours for sum: [12, 18, 24, 29]
[2026-05-16 17:12:56] Drought composite end date: 2021-08-28 06:00:00
[2026-05-16 17:12:56] Land cover year: 2020
[2026-05-16 17:12:57] VIIRS Veg composite: 2021-08-13 → 2021-08-29
[2026-05-16 17:13:01] Started export task: fire_243_dynamic_2021-08-30
[2026-05-16 17:13:02] ------ Processing date=2021-08-31 ------
[2026-05-16 17:13:02] Using viirs_af_path: viirs_af_path
[2026-05-16 17:13:02] VIIRS Image Date: ['2021-08-31 00:00:00']
[2026-05-16 17:13:03] Weather image size: 1
[2026-05-16 17:13:03] Forecast duration: 2021-09-01 00:00:00 to 2021-09-02 00:00:00
[2026-05-16 17:13:03] Number of forecast images: 24
[2026-05-16 17:13:03] Using forecast run: 2021-08-31 18:00:00 UTC
[2026-05-16 17:13:04] Forecast Rain Available hours: [6, 7, 8, 9, 10, 11, 12, 13, 14, 15, 16, 17, 18, 19, 20, 21, 22, 23, 24, 25, 26, 27, 28, 29]
[2026-05-16 17:13:04] Valid hours for sum: [12, 18, 24, 29]
[2026-05-16 17:13:06] Drought composite end date: 2021-08-28 06:00:00
[2026-05-16 17:13:06] Land cover year: 2020
[2026-05-16 17:13:07] VIIRS Veg composite: 2021-08-13 → 2021-08-29
[2026-05-16 17:13:12] Started export task: fire_243_dynamic_2021-08-31
[2026-05-16 17:13:12] ------ Processing date=2021-09-01 ------
[2026-05-16 17:13:12] Using viirs_af_path: viirs_af_path
[2026-05-16 17:13:13] VIIRS Image Date: ['2021-09-01 00:00:00']
[2026-05-16 17:13:13] Weather image size: 1
[2026-05-16 17:13:13] Forecast duration: 2021-09-02 00:00:00 to 2021-09-03 00:00:00
[2026-05-16 17:13:14] Number of forecast images: 24
[2026-05-16 17:13:14] Using forecast run: 2021-09-01 18:00:00 UTC
[2026-05-16 17:13:14] Forecast Rain Available hours: [6, 7, 8, 9, 10, 11, 12, 13, 14, 15, 16, 17, 18, 19, 20, 21, 22, 23, 24, 25, 26, 27, 28, 29]
[2026-05-16 17:13:14] Valid hours for sum: [12, 18, 24, 29]
[2026-05-16 17:13:16] Drought composite end date: 2021-08-28 06:00:00
[2026-05-16 17:13:17] Land cover year: 2020
[2026-05-16 17:13:17] VIIRS Veg composite: 2021-08-13 → 2021-08-29
[2026-05-16 17:13:21] Started export task: fire_243_dynamic_2021-09-01
[2026-05-16 17:13:21] ------ Processing date=2021-09-02 ------
[2026-05-16 17:13:21] Using viirs_af_path: viirs_af_path
[2026-05-16 17:13:21] VIIRS Image Date: ['2021-09-02 00:00:00']
[2026-05-16 17:13:21] Weather image size: 1
[2026-05-16 17:13:21] Forecast duration: 2021-09-03 00:00:00 to 2021-09-04 00:00:00
[2026-05-16 17:13:22] Number of forecast images: 24
[2026-05-16 17:13:22] Using forecast run: 2021-09-02 18:00:00 UTC
[2026-05-16 17:13:23] Forecast Rain Available hours: [6, 7, 8, 9, 10, 11, 12, 13, 14, 15, 16, 17, 18, 19, 20, 21, 22, 23, 24, 25, 26, 27, 28, 29]
[2026-05-16 17:13:23] Valid hours for sum: [12, 18, 24, 29]
[2026-05-16 17:13:25] Drought composite end date: 2021-08-28 06:00:00
[2026-05-16 17:13:25] Land cover year: 2020
[2026-05-16 17:13:26] VIIRS Veg composite: 2021-08-13 → 2021-08-29
[2026-05-16 17:13:30] Started export task: fire_243_dynamic_2021-09-02
[2026-05-16 17:13:30] ------ Processing date=2021-09-03 ------
[2026-05-16 17:13:30] Using viirs_af_path: viirs_af_path
[2026-05-16 17:13:30] VIIRS Image Date: ['2021-09-03 00:00:00']
[2026-05-16 17:13:31] Weather image size: 1
[2026-05-16 17:13:31] Forecast duration: 2021-09-04 00:00:00 to 2021-09-05 00:00:00
[2026-05-16 17:13:32] Number of forecast images: 24
[2026-05-16 17:13:32] Using forecast run: 2021-09-03 18:00:00 UTC
[2026-05-16 17:13:32] Forecast Rain Available hours: [6, 7, 8, 9, 10, 11, 12, 13, 14, 15, 16, 17, 18, 19, 20, 21, 22, 23, 24, 25, 26, 27, 28, 29]
[2026-05-16 17:13:32] Valid hours for sum: [12, 18, 24, 29]
[2026-05-16 17:13:34] Drought composite end date: 2021-09-02 06:00:00
[2026-05-16 17:13:35] Land cover year: 2020
[2026-05-16 17:13:36] VIIRS Veg composite: 2021-08-13 → 2021-08-29
[2026-05-16 17:13:42] Started export task: fire_243_dynamic_2021-09-03
[2026-05-16 17:13:42] ------ Processing date=2021-09-04 ------
[2026-05-16 17:13:42] Using viirs_af_path: viirs_af_path
[2026-05-16 17:13:42] VIIRS Image Date: ['2021-09-04 00:00:00']
[2026-05-16 17:13:42] Weather image size: 1
[2026-05-16 17:13:42] Forecast duration: 2021-09-05 00:00:00 to 2021-09-06 00:00:00
[2026-05-16 17:13:43] Number of forecast images: 24
[2026-05-16 17:13:43] Using forecast run: 2021-09-04 18:00:00 UTC
[2026-05-16 17:13:44] Forecast Rain Available hours: [6, 7, 8, 9, 10, 11, 12, 13, 14, 15, 16, 17, 18, 19, 20, 21, 22, 23, 24, 25, 26, 27, 28, 29]
[2026-05-16 17:13:44] Valid hours for sum: [12, 18, 24, 29]
[2026-05-16 17:13:46] Drought composite end date: 2021-09-02 06:00:00
[2026-05-16 17:13:46] Land cover year: 2020
[2026-05-16 17:13:47] VIIRS Veg composite: 2021-08-13 → 2021-08-29
[2026-05-16 17:13:50] Started export task: fire_243_dynamic_2021-09-04
[2026-05-16 17:13:52] ------ Processing date=2021-09-05 ------
[2026-05-16 17:13:52] Using viirs_af_path: viirs_af_path
[2026-05-16 17:13:52] VIIRS Image Date: ['2021-09-05 00:00:00']
[2026-05-16 17:13:52] Weather image size: 1
[2026-05-16 17:13:52] Forecast duration: 2021-09-06 00:00:00 to 2021-09-07 00:00:00
[2026-05-16 17:13:53] Number of forecast images: 24
[2026-05-16 17:13:53] Using forecast run: 2021-09-05 18:00:00 UTC
[2026-05-16 17:13:53] Forecast Rain Available hours: [6, 7, 8, 9, 10, 11, 12, 13, 14, 15, 16, 17, 18, 19, 20, 21, 22, 23, 24, 25, 26, 27, 28, 29]
[2026-05-16 17:13:53] Valid hours for sum: [12, 18, 24, 29]
[2026-05-16 17:13:55] Drought composite end date: 2021-09-02 06:00:00
[2026-05-16 17:13:55] Land cover year: 2020
[2026-05-16 17:13:56] VIIRS Veg composite: 2021-08-13 → 2021-08-29
[2026-05-16 17:14:01] Started export task: fire_243_dynamic_2021-09-05
[2026-05-16 17:14:01] ------ Processing date=2021-09-06 ------
[2026-05-16 17:14:01] Using viirs_af_path: viirs_af_path
[2026-05-16 17:14:01] VIIRS Image Date: ['2021-09-06 00:00:00']
[2026-05-16 17:14:01] Weather image size: 1
[2026-05-16 17:14:01] Forecast duration: 2021-09-07 00:00:00 to 2021-09-08 00:00:00
[2026-05-16 17:14:02] Number of forecast images: 24
[2026-05-16 17:14:02] Using forecast run: 2021-09-06 18:00:00 UTC
[2026-05-16 17:14:02] Forecast Rain Available hours: [6, 7, 8, 9, 10, 11, 12, 13, 14, 15, 16, 17, 18, 19, 20, 21, 22, 23, 24, 25, 26, 27, 28, 29]
[2026-05-16 17:14:02] Valid hours for sum: [12, 18, 24, 29]
[2026-05-16 17:14:05] Drought composite end date: 2021-09-02 06:00:00
[2026-05-16 17:14:05] Land cover year: 2020
[2026-05-16 17:14:06] VIIRS Veg composite: 2021-08-13 → 2021-08-29
[2026-05-16 17:14:11] Started export task: fire_243_dynamic_2021-09-06
[2026-05-16 17:14:12] ------ Processing date=2021-09-07 ------
[2026-05-16 17:14:12] Using viirs_af_path: viirs_af_path
[2026-05-16 17:14:12] VIIRS Image Date: ['2021-09-07 00:00:00']
[2026-05-16 17:14:13] Weather image size: 1
[2026-05-16 17:14:13] Forecast duration: 2021-09-08 00:00:00 to 2021-09-09 00:00:00
[2026-05-16 17:14:14] Number of forecast images: 24
[2026-05-16 17:14:14] Using forecast run: 2021-09-07 18:00:00 UTC
[2026-05-16 17:14:14] Forecast Rain Available hours: [6, 7, 8, 9, 10, 11, 12, 13, 14, 15, 16, 17, 18, 19, 20, 21, 22, 23, 24, 25, 26, 27, 28, 29]
[2026-05-16 17:14:14] Valid hours for sum: [12, 18, 24, 29]
[2026-05-16 17:14:16] Drought composite end date: 2021-09-02 06:00:00
[2026-05-16 17:14:17] Land cover year: 2020
[2026-05-16 17:14:17] VIIRS Veg composite: 2021-08-13 → 2021-08-29
[2026-05-16 17:14:21] Started export task: fire_243_dynamic_2021-09-07
[2026-05-16 17:14:21] ------ Processing date=2021-09-08 ------
[2026-05-16 17:14:21] Using viirs_af_path: viirs_af_path
[2026-05-16 17:14:21] VIIRS Image Date: ['2021-09-08 00:00:00']
[2026-05-16 17:14:22] Weather image size: 1
[2026-05-16 17:14:22] Forecast duration: 2021-09-09 00:00:00 to 2021-09-10 00:00:00
[2026-05-16 17:14:22] Number of forecast images: 24
[2026-05-16 17:14:22] Using forecast run: 2021-09-08 18:00:00 UTC
[2026-05-16 17:14:23] Forecast Rain Available hours: [6, 7, 8, 9, 10, 11, 12, 13, 14, 15, 16, 17, 18, 19, 20, 21, 22, 23, 24, 25, 26, 27, 28, 29]
[2026-05-16 17:14:23] Valid hours for sum: [12, 18, 24, 29]
[2026-05-16 17:14:24] Drought composite end date: 2021-09-07 06:00:00
[2026-05-16 17:14:24] Land cover year: 2020
[2026-05-16 17:14:25] VIIRS Veg composite: 2021-08-13 → 2021-08-29
[2026-05-16 17:14:31] Started export task: fire_243_dynamic_2021-09-08
[2026-05-16 17:14:31] ------ Processing date=2021-09-09 ------
[2026-05-16 17:14:31] Using viirs_af_path: viirs_af_path
[2026-05-16 17:14:31] VIIRS Image Date: ['2021-09-09 00:00:00']
[2026-05-16 17:14:31] Weather image size: 1
[2026-05-16 17:14:31] Forecast duration: 2021-09-10 00:00:00 to 2021-09-11 00:00:00
[2026-05-16 17:14:32] Number of forecast images: 24
[2026-05-16 17:14:32] Using forecast run: 2021-09-09 18:00:00 UTC
[2026-05-16 17:14:33] Forecast Rain Available hours: [6, 7, 8, 9, 10, 11, 12, 13, 14, 15, 16, 17, 18, 19, 20, 21, 22, 23, 24, 25, 26, 27, 28, 29]
[2026-05-16 17:14:33] Valid hours for sum: [12, 18, 24, 29]
[2026-05-16 17:14:34] Drought composite end date: 2021-09-07 06:00:00
[2026-05-16 17:14:35] Land cover year: 2020
[2026-05-16 17:14:36] VIIRS Veg composite: 2021-08-13 → 2021-08-29
[2026-05-16 17:14:40] Started export task: fire_243_dynamic_2021-09-09
[2026-05-16 17:14:40] ------ Processing date=2021-09-10 ------
[2026-05-16 17:14:40] Using viirs_af_path: viirs_af_path
[2026-05-16 17:14:41] VIIRS Image Date: ['2021-09-10 00:00:00']
[2026-05-16 17:14:41] Weather image size: 1
[2026-05-16 17:14:41] Forecast duration: 2021-09-11 00:00:00 to 2021-09-12 00:00:00
[2026-05-16 17:14:42] Number of forecast images: 24
[2026-05-16 17:14:42] Using forecast run: 2021-09-10 18:00:00 UTC
[2026-05-16 17:14:42] Forecast Rain Available hours: [6, 7, 8, 9, 10, 11, 12, 13, 14, 15, 16, 17, 18, 19, 20, 21, 22, 23, 24, 25, 26, 27, 28, 29]
[2026-05-16 17:14:42] Valid hours for sum: [12, 18, 24, 29]
[2026-05-16 17:14:45] Drought composite end date: 2021-09-07 06:00:00
[2026-05-16 17:14:45] Land cover year: 2020
[2026-05-16 17:14:46] VIIRS Veg composite: 2021-08-13 → 2021-08-29
[2026-05-16 17:14:51] Started export task: fire_243_dynamic_2021-09-10
[2026-05-16 17:14:51] ------ Processing date=2021-09-11 ------
[2026-05-16 17:14:51] Using viirs_af_path: viirs_af_path
[2026-05-16 17:14:51] VIIRS Image Date: ['2021-09-11 00:00:00']
[2026-05-16 17:14:52] Weather image size: 1
[2026-05-16 17:14:52] Forecast duration: 2021-09-12 00:00:00 to 2021-09-13 00:00:00
[2026-05-16 17:14:52] Number of forecast images: 24
[2026-05-16 17:14:52] Using forecast run: 2021-09-11 18:00:00 UTC
[2026-05-16 17:14:53] Forecast Rain Available hours: [6, 7, 8, 9, 10, 11, 12, 13, 14, 15, 16, 17, 18, 19, 20, 21, 22, 23, 24, 25, 26, 27, 28, 29]
[2026-05-16 17:14:53] Valid hours for sum: [12, 18, 24, 29]
[2026-05-16 17:14:55] Drought composite end date: 2021-09-07 06:00:00
[2026-05-16 17:14:55] Land cover year: 2020
[2026-05-16 17:14:56] VIIRS Veg composite: 2021-08-13 → 2021-08-29
[2026-05-16 17:15:00] Started export task: fire_243_dynamic_2021-09-11
[2026-05-16 17:15:00] ------ Processing date=2021-09-12 ------
[2026-05-16 17:15:00] Using viirs_af_path: viirs_af_path
[2026-05-16 17:15:00] VIIRS Image Date: ['2021-09-12 00:00:00']
[2026-05-16 17:15:00] Weather image size: 1
[2026-05-16 17:15:00] Forecast duration: 2021-09-13 00:00:00 to 2021-09-14 00:00:00
[2026-05-16 17:15:01] Number of forecast images: 24
[2026-05-16 17:15:01] Using forecast run: 2021-09-12 18:00:00 UTC
[2026-05-16 17:15:01] Forecast Rain Available hours: [6, 7, 8, 9, 10, 11, 12, 13, 14, 15, 16, 17, 18, 19, 20, 21, 22, 23, 24, 25, 26, 27, 28, 29]
[2026-05-16 17:15:01] Valid hours for sum: [12, 18, 24, 29]
[2026-05-16 17:15:04] Drought composite end date: 2021-09-07 06:00:00
[2026-05-16 17:15:07] Land cover year: 2020
[2026-05-16 17:15:07] VIIRS Veg composite: 2021-08-13 → 2021-08-29
[2026-05-16 17:15:11] Started export task: fire_243_dynamic_2021-09-12
[2026-05-16 17:15:12] ------ Processing date=2021-09-13 ------
[2026-05-16 17:15:12] Using viirs_af_path: viirs_af_path
[2026-05-16 17:15:12] VIIRS Image Date: ['2021-09-13 00:00:00']
[2026-05-16 17:15:12] Weather image size: 1
[2026-05-16 17:15:12] Forecast duration: 2021-09-14 00:00:00 to 2021-09-15 00:00:00
[2026-05-16 17:15:13] Number of forecast images: 24
[2026-05-16 17:15:13] Using forecast run: 2021-09-13 18:00:00 UTC
[2026-05-16 17:15:13] Forecast Rain Available hours: [6, 7, 8, 9, 10, 11, 12, 13, 14, 15, 16, 17, 18, 19, 20, 21, 22, 23, 24, 25, 26, 27, 28, 29]
[2026-05-16 17:15:13] Valid hours for sum: [12, 18, 24, 29]
[2026-05-16 17:15:16] Drought composite end date: 2021-09-12 06:00:00
[2026-05-16 17:15:16] Land cover year: 2020
[2026-05-16 17:15:17] VIIRS Veg composite: 2021-08-13 → 2021-08-29
[2026-05-16 17:15:20] Started export task: fire_243_dynamic_2021-09-13
[2026-05-16 17:15:21] ------ Processing date=2021-09-14 ------
[2026-05-16 17:15:21] Using viirs_af_path: viirs_af_path
[2026-05-16 17:15:21] VIIRS Image Date: ['2021-09-14 00:00:00']
[2026-05-16 17:15:21] Weather image size: 1
[2026-05-16 17:15:21] Forecast duration: 2021-09-15 00:00:00 to 2021-09-16 00:00:00
[2026-05-16 17:15:22] Number of forecast images: 24
[2026-05-16 17:15:22] Using forecast run: 2021-09-14 18:00:00 UTC
[2026-05-16 17:15:23] Forecast Rain Available hours: [6, 7, 8, 9, 10, 11, 12, 13, 14, 15, 16, 17, 18, 19, 20, 21, 22, 23, 24, 25, 26, 27, 28, 29]
[2026-05-16 17:15:23] Valid hours for sum: [12, 18, 24, 29]
[2026-05-16 17:15:26] Drought composite end date: 2021-09-12 06:00:00
[2026-05-16 17:15:26] Land cover year: 2020
[2026-05-16 17:15:27] VIIRS Veg composite: 2021-08-13 → 2021-08-29
[2026-05-16 17:15:31] Started export task: fire_243_dynamic_2021-09-14
[2026-05-16 17:15:31] ------ Processing date=2021-09-15 ------
[2026-05-16 17:15:31] Using viirs_af_path: viirs_af_path
[2026-05-16 17:15:31] VIIRS Image Date: ['2021-09-15 00:00:00']
[2026-05-16 17:15:32] Weather image size: 1
[2026-05-16 17:15:32] Forecast duration: 2021-09-16 00:00:00 to 2021-09-17 00:00:00
[2026-05-16 17:15:33] Number of forecast images: 24
[2026-05-16 17:15:33] Using forecast run: 2021-09-15 18:00:00 UTC
[2026-05-16 17:15:33] Forecast Rain Available hours: [6, 7, 8, 9, 10, 11, 12, 13, 14, 15, 16, 17, 18, 19, 20, 21, 22, 23, 24, 25, 26, 27, 28, 29]
[2026-05-16 17:15:33] Valid hours for sum: [12, 18, 24, 29]
[2026-05-16 17:15:37] Drought composite end date: 2021-09-12 06:00:00
[2026-05-16 17:15:37] Land cover year: 2020
[2026-05-16 17:15:38] VIIRS Veg composite: 2021-08-13 → 2021-08-29
[2026-05-16 17:15:42] Started export task: fire_243_dynamic_2021-09-15
[2026-05-16 17:15:42] ------ Processing date=2021-09-16 ------
[2026-05-16 17:15:42] Using viirs_af_path: viirs_af_path
[2026-05-16 17:15:42] VIIRS Image Date: ['2021-09-16 00:00:00']
[2026-05-16 17:15:43] Weather image size: 1
[2026-05-16 17:15:43] Forecast duration: 2021-09-17 00:00:00 to 2021-09-18 00:00:00
[2026-05-16 17:15:44] Number of forecast images: 24
[2026-05-16 17:15:44] Using forecast run: 2021-09-16 18:00:00 UTC
[2026-05-16 17:15:44] Forecast Rain Available hours: [6, 7, 8, 9, 10, 11, 12, 13, 14, 15, 16, 17, 18, 19, 20, 21, 22, 23, 24, 25, 26, 27, 28, 29]
[2026-05-16 17:15:44] Valid hours for sum: [12, 18, 24, 29]
[2026-05-16 17:15:46] Drought composite end date: 2021-09-12 06:00:00
[2026-05-16 17:15:47] Land cover year: 2020
[2026-05-16 17:15:48] VIIRS Veg composite: 2021-08-13 → 2021-08-29
[2026-05-16 17:15:53] Started export task: fire_243_dynamic_2021-09-16
[2026-05-16 17:15:53] ------ Processing date=2021-09-17 ------
[2026-05-16 17:15:53] Using viirs_af_path: viirs_af_path
[2026-05-16 17:15:53] VIIRS Image Date: ['2021-09-17 00:00:00']
[2026-05-16 17:15:54] Weather image size: 1
[2026-05-16 17:15:54] Forecast duration: 2021-09-18 00:00:00 to 2021-09-19 00:00:00
[2026-05-16 17:15:55] Number of forecast images: 24
[2026-05-16 17:15:55] Using forecast run: 2021-09-17 18:00:00 UTC
[2026-05-16 17:15:55] Forecast Rain Available hours: [6, 7, 8, 9, 10, 11, 12, 13, 14, 15, 16, 17, 18, 19, 20, 21, 22, 23, 24, 25, 26, 27, 28, 29]
[2026-05-16 17:15:55] Valid hours for sum: [12, 18, 24, 29]
[2026-05-16 17:15:57] Drought composite end date: 2021-09-12 06:00:00
[2026-05-16 17:15:57] Land cover year: 2020
[2026-05-16 17:15:58] VIIRS Veg composite: 2021-08-13 → 2021-08-29
[2026-05-16 17:16:05] Started export task: fire_243_dynamic_2021-09-17
[2026-05-16 17:16:05] ------ Processing date=2021-09-18 ------
[2026-05-16 17:16:05] Using viirs_af_path: viirs_af_path
[2026-05-16 17:16:06] VIIRS Image Date: ['2021-09-18 00:00:00']
[2026-05-16 17:16:06] Weather image size: 1
[2026-05-16 17:16:06] Forecast duration: 2021-09-19 00:00:00 to 2021-09-20 00:00:00
[2026-05-16 17:16:07] Number of forecast images: 24
[2026-05-16 17:16:07] Using forecast run: 2021-09-18 18:00:00 UTC
[2026-05-16 17:16:07] Forecast Rain Available hours: [6, 7, 8, 9, 10, 11, 12, 13, 14, 15, 16, 17, 18, 19, 20, 21, 22, 23, 24, 25, 26, 27, 28, 29]
[2026-05-16 17:16:07] Valid hours for sum: [12, 18, 24, 29]
[2026-05-16 17:16:09] Drought composite end date: 2021-09-17 06:00:00
[2026-05-16 17:16:09] Land cover year: 2020
[2026-05-16 17:16:11] VIIRS Veg composite: 2021-08-13 → 2021-08-29
[2026-05-16 17:16:15] Started export task: fire_243_dynamic_2021-09-18
[2026-05-16 17:16:15] ------ Processing date=2021-09-19 ------
[2026-05-16 17:16:15] Using viirs_af_path: viirs_af_path
[2026-05-16 17:16:16] VIIRS Image Date: ['2021-09-19 00:00:00']
[2026-05-16 17:16:16] Weather image size: 1
[2026-05-16 17:16:16] Forecast duration: 2021-09-20 00:00:00 to 2021-09-21 00:00:00
[2026-05-16 17:16:17] Number of forecast images: 24
[2026-05-16 17:16:17] Using forecast run: 2021-09-19 18:00:00 UTC
[2026-05-16 17:16:17] Forecast Rain Available hours: [6, 7, 8, 9, 10, 11, 12, 13, 14, 15, 16, 17, 18, 19, 20, 21, 22, 23, 24, 25, 26, 27, 28, 29]
[2026-05-16 17:16:17] Valid hours for sum: [12, 18, 24, 29]
[2026-05-16 17:16:20] Drought composite end date: 2021-09-17 06:00:00
[2026-05-16 17:16:20] Land cover year: 2020
[2026-05-16 17:16:21] VIIRS Veg composite: 2021-08-13 → 2021-08-29
[2026-05-16 17:16:26] Started export task: fire_243_dynamic_2021-09-19
[2026-05-16 17:16:27] ------ Processing date=2021-09-20 ------
[2026-05-16 17:16:27] Using viirs_af_path: viirs_af_path
[2026-05-16 17:16:27] VIIRS Image Date: ['2021-09-20 00:00:00']
[2026-05-16 17:16:28] Weather image size: 1
[2026-05-16 17:16:28] Forecast duration: 2021-09-21 00:00:00 to 2021-09-22 00:00:00
[2026-05-16 17:16:29] Number of forecast images: 24
[2026-05-16 17:16:29] Using forecast run: 2021-09-20 18:00:00 UTC
[2026-05-16 17:16:29] Forecast Rain Available hours: [6, 7, 8, 9, 10, 11, 12, 13, 14, 15, 16, 17, 18, 19, 20, 21, 22, 23, 24, 25, 26, 27, 28, 29]
[2026-05-16 17:16:29] Valid hours for sum: [12, 18, 24, 29]
[2026-05-16 17:16:31] Drought composite end date: 2021-09-17 06:00:00
[2026-05-16 17:16:31] Land cover year: 2020
[2026-05-16 17:16:32] VIIRS Veg composite: 2021-08-13 → 2021-08-29
[2026-05-16 17:16:36] Started export task: fire_243_dynamic_2021-09-20
[2026-05-16 17:16:36] ------ Processing date=2021-09-21 ------
[2026-05-16 17:16:36] Using viirs_af_path: viirs_af_path
[2026-05-16 17:16:37] VIIRS Image Date: ['2021-09-21 00:00:00']
[2026-05-16 17:16:37] Weather image size: 1
[2026-05-16 17:16:37] Forecast duration: 2021-09-22 00:00:00 to 2021-09-23 00:00:00
[2026-05-16 17:16:37] Number of forecast images: 24
[2026-05-16 17:16:37] Using forecast run: 2021-09-21 18:00:00 UTC
[2026-05-16 17:16:39] Forecast Rain Available hours: [6, 7, 8, 9, 10, 11, 12, 13, 14, 15, 16, 17, 18, 19, 20, 21, 22, 23, 24, 25, 26, 27, 28, 29]
[2026-05-16 17:16:39] Valid hours for sum: [12, 18, 24, 29]
[2026-05-16 17:16:42] Drought composite end date: 2021-09-17 06:00:00
[2026-05-16 17:16:42] Land cover year: 2020
[2026-05-16 17:16:44] VIIRS Veg composite: 2021-08-13 → 2021-08-29
[2026-05-16 17:16:47] Started export task: fire_243_dynamic_2021-09-21
[2026-05-16 17:16:47] ------ Processing date=2021-09-22 ------
[2026-05-16 17:16:47] Using viirs_af_path: viirs_af_path
[2026-05-16 17:16:47] VIIRS Image Date: ['2021-09-22 00:00:00']
[2026-05-16 17:16:47] Weather image size: 1
[2026-05-16 17:16:47] Forecast duration: 2021-09-23 00:00:00 to 2021-09-24 00:00:00
[2026-05-16 17:16:48] Number of forecast images: 24
[2026-05-16 17:16:48] Using forecast run: 2021-09-22 18:00:00 UTC
[2026-05-16 17:16:49] Forecast Rain Available hours: [6, 7, 8, 9, 10, 11, 12, 13, 14, 15, 16, 17, 18, 19, 20, 21, 22, 23, 24, 25, 26, 27, 28, 29]
[2026-05-16 17:16:49] Valid hours for sum: [12, 18, 24, 29]
[2026-05-16 17:16:51] Drought composite end date: 2021-09-17 06:00:00
[2026-05-16 17:16:51] Land cover year: 2020
[2026-05-16 17:16:52] VIIRS Veg composite: 2021-08-13 → 2021-08-29
[2026-05-16 17:16:55] Started export task: fire_243_dynamic_2021-09-22
[2026-05-16 17:16:55] ------ Processing date=2021-09-23 ------
[2026-05-16 17:16:55] Using viirs_af_path: viirs_af_path
[2026-05-16 17:16:56] VIIRS Image Date: ['2021-09-23 00:00:00']
[2026-05-16 17:16:56] Weather image size: 1
[2026-05-16 17:16:56] Forecast duration: 2021-09-24 00:00:00 to 2021-09-25 00:00:00
[2026-05-16 17:16:57] Number of forecast images: 24
[2026-05-16 17:16:57] Using forecast run: 2021-09-23 18:00:00 UTC
[2026-05-16 17:16:57] Forecast Rain Available hours: [6, 7, 8, 9, 10, 11, 12, 13, 14, 15, 16, 17, 18, 19, 20, 21, 22, 23, 24, 25, 26, 27, 28, 29]
[2026-05-16 17:16:57] Valid hours for sum: [12, 18, 24, 29]
[2026-05-16 17:16:59] Drought composite end date: 2021-09-22 06:00:00
[2026-05-16 17:17:00] Land cover year: 2020
[2026-05-16 17:17:01] VIIRS Veg composite: 2021-08-13 → 2021-08-29
[2026-05-16 17:17:04] Started export task: fire_243_dynamic_2021-09-23
[2026-05-16 17:17:05] ------ Processing date=2021-09-24 ------
[2026-05-16 17:17:05] Using viirs_af_path: viirs_af_path
[2026-05-16 17:17:05] VIIRS Image Date: ['2021-09-24 00:00:00']
[2026-05-16 17:17:05] Weather image size: 1
[2026-05-16 17:17:05] Forecast duration: 2021-09-25 00:00:00 to 2021-09-26 00:00:00
[2026-05-16 17:17:06] Number of forecast images: 24
[2026-05-16 17:17:06] Using forecast run: 2021-09-24 18:00:00 UTC
[2026-05-16 17:17:06] Forecast Rain Available hours: [6, 7, 8, 9, 10, 11, 12, 13, 14, 15, 16, 17, 18, 19, 20, 21, 22, 23, 24, 25, 26, 27, 28, 29]
[2026-05-16 17:17:06] Valid hours for sum: [12, 18, 24, 29]
[2026-05-16 17:17:09] Drought composite end date: 2021-09-22 06:00:00
[2026-05-16 17:17:09] Land cover year: 2020
[2026-05-16 17:17:11] VIIRS Veg composite: 2021-08-13 → 2021-08-29
[2026-05-16 17:17:15] Started export task: fire_243_dynamic_2021-09-24
[2026-05-16 17:17:15] ------ Processing date=2021-09-25 ------
[2026-05-16 17:17:15] Using viirs_af_path: viirs_af_path
[2026-05-16 17:17:16] VIIRS Image Date: ['2021-09-25 00:00:00']
[2026-05-16 17:17:16] Weather image size: 1
[2026-05-16 17:17:16] Forecast duration: 2021-09-26 00:00:00 to 2021-09-27 00:00:00
[2026-05-16 17:17:16] Number of forecast images: 24
[2026-05-16 17:17:16] Using forecast run: 2021-09-25 18:00:00 UTC
[2026-05-16 17:17:17] Forecast Rain Available hours: [6, 7, 8, 9, 10, 11, 12, 13, 14, 15, 16, 17, 18, 19, 20, 21, 22, 23, 24, 25, 26, 27, 28, 29]
[2026-05-16 17:17:17] Valid hours for sum: [12, 18, 24, 29]
[2026-05-16 17:17:19] Drought composite end date: 2021-09-22 06:00:00
[2026-05-16 17:17:19] Land cover year: 2020
[2026-05-16 17:17:21] VIIRS Veg composite: 2021-08-13 → 2021-08-29
[2026-05-16 17:17:25] Started export task: fire_243_dynamic_2021-09-25
[2026-05-16 17:17:26] ------ Processing date=2021-09-26 ------
[2026-05-16 17:17:26] Using viirs_af_path: viirs_af_path
[2026-05-16 17:17:26] VIIRS Image Date: ['2021-09-26 00:00:00']
[2026-05-16 17:17:26] Weather image size: 1
[2026-05-16 17:17:26] Forecast duration: 2021-09-27 00:00:00 to 2021-09-28 00:00:00
[2026-05-16 17:17:27] Number of forecast images: 24
[2026-05-16 17:17:27] Using forecast run: 2021-09-26 18:00:00 UTC
[2026-05-16 17:17:28] Forecast Rain Available hours: [6, 7, 8, 9, 10, 11, 12, 13, 14, 15, 16, 17, 18, 19, 20, 21, 22, 23, 24, 25, 26, 27, 28, 29]
[2026-05-16 17:17:28] Valid hours for sum: [12, 18, 24, 29]
[2026-05-16 17:17:31] Drought composite end date: 2021-09-22 06:00:00
[2026-05-16 17:17:31] Land cover year: 2020
[2026-05-16 17:17:32] VIIRS Veg composite: 2021-08-13 → 2021-08-29
[2026-05-16 17:17:36] Started export task: fire_243_dynamic_2021-09-26
[2026-05-16 17:17:36] ------ Processing date=2021-09-27 ------
[2026-05-16 17:17:36] Using viirs_af_path: viirs_af_path
[2026-05-16 17:17:36] VIIRS Image Date: ['2021-09-27 00:00:00']
[2026-05-16 17:17:36] Weather image size: 1
[2026-05-16 17:17:36] Forecast duration: 2021-09-28 00:00:00 to 2021-09-29 00:00:00
[2026-05-16 17:17:38] Number of forecast images: 24
[2026-05-16 17:17:38] Using forecast run: 2021-09-27 18:00:00 UTC
[2026-05-16 17:17:38] Forecast Rain Available hours: [6, 7, 8, 9, 10, 11, 12, 13, 14, 15, 16, 17, 18, 19, 20, 21, 22, 23, 24, 25, 26, 27, 28, 29]
[2026-05-16 17:17:38] Valid hours for sum: [12, 18, 24, 29]
[2026-05-16 17:17:40] Drought composite end date: 2021-09-22 06:00:00
[2026-05-16 17:17:40] Land cover year: 2020
[2026-05-16 17:17:41] VIIRS Veg composite: 2021-08-13 → 2021-08-29
[2026-05-16 17:17:44] Started export task: fire_243_dynamic_2021-09-27
[2026-05-16 17:17:45] ------ Processing date=2021-09-28 ------
[2026-05-16 17:17:45] Using viirs_af_path: viirs_af_path
[2026-05-16 17:17:45] VIIRS Image Date: ['2021-09-28 00:00:00']
[2026-05-16 17:17:45] Weather image size: 1
[2026-05-16 17:17:45] Forecast duration: 2021-09-29 00:00:00 to 2021-09-30 00:00:00
[2026-05-16 17:17:46] Number of forecast images: 24
[2026-05-16 17:17:46] Using forecast run: 2021-09-28 18:00:00 UTC
[2026-05-16 17:17:47] Forecast Rain Available hours: [6, 7, 8, 9, 10, 11, 12, 13, 14, 15, 16, 17, 18, 19, 20, 21, 22, 23, 24, 25, 26, 27, 28, 29]
[2026-05-16 17:17:47] Valid hours for sum: [12, 18, 24, 29]
[2026-05-16 17:17:49] Drought composite end date: 2021-09-27 06:00:00
[2026-05-16 17:17:49] Land cover year: 2020
[2026-05-16 17:17:50] VIIRS Veg composite: 2021-08-13 → 2021-08-29
[2026-05-16 17:17:54] Started export task: fire_243_dynamic_2021-09-28
[2026-05-16 17:17:54] ------ Processing date=2021-09-29 ------
[2026-05-16 17:17:54] Using viirs_af_path: viirs_af_path
[2026-05-16 17:17:55] VIIRS Image Date: ['2021-09-29 00:00:00']
[2026-05-16 17:17:55] Weather image size: 1
[2026-05-16 17:17:55] Forecast duration: 2021-09-30 00:00:00 to 2021-10-01 00:00:00
[2026-05-16 17:17:56] Number of forecast images: 24
[2026-05-16 17:17:56] Using forecast run: 2021-09-29 18:00:00 UTC
[2026-05-16 17:17:56] Forecast Rain Available hours: [6, 7, 8, 9, 10, 11, 12, 13, 14, 15, 16, 17, 18, 19, 20, 21, 22, 23, 24, 25, 26, 27, 28, 29]
[2026-05-16 17:17:56] Valid hours for sum: [12, 18, 24, 29]
[2026-05-16 17:17:58] Drought composite end date: 2021-09-27 06:00:00
[2026-05-16 17:17:59] Land cover year: 2020
[2026-05-16 17:17:59] VIIRS Veg composite: 2021-08-13 → 2021-08-29
[2026-05-16 17:18:03] Started export task: fire_243_dynamic_2021-09-29
[2026-05-16 17:18:03] ------ Processing date=2021-09-30 ------
[2026-05-16 17:18:03] Using viirs_af_path: viirs_af_path
[2026-05-16 17:18:03] VIIRS Image Date: ['2021-09-30 00:00:00']
[2026-05-16 17:18:03] Weather image size: 1
[2026-05-16 17:18:03] Forecast duration: 2021-10-01 00:00:00 to 2021-10-02 00:00:00
[2026-05-16 17:18:04] Number of forecast images: 24
[2026-05-16 17:18:04] Using forecast run: 2021-09-30 18:00:00 UTC
[2026-05-16 17:18:05] Forecast Rain Available hours: [6, 7, 8, 9, 10, 11, 12, 13, 14, 15, 16, 17, 18, 19, 20, 21, 22, 23, 24, 25, 26, 27, 28, 29]
[2026-05-16 17:18:05] Valid hours for sum: [12, 18, 24, 29]
[2026-05-16 17:18:06] Drought composite end date: 2021-09-27 06:00:00
[2026-05-16 17:18:07] Land cover year: 2020
[2026-05-16 17:18:08] VIIRS Veg composite: 2021-08-13 → 2021-08-29
[2026-05-16 17:18:11] Started export task: fire_243_dynamic_2021-09-30
[2026-05-16 17:18:12] ------ Processing date=2021-10-01 ------
[2026-05-16 17:18:12] Using viirs_af_path: viirs_af_path
[2026-05-16 17:18:12] VIIRS Image Date: ['2021-10-01 00:00:00']
[2026-05-16 17:18:12] Weather image size: 1
[2026-05-16 17:18:12] Forecast duration: 2021-10-02 00:00:00 to 2021-10-03 00:00:00
[2026-05-16 17:18:13] Number of forecast images: 24
[2026-05-16 17:18:13] Using forecast run: 2021-10-01 18:00:00 UTC
[2026-05-16 17:18:13] Forecast Rain Available hours: [6, 7, 8, 9, 10, 11, 12, 13, 14, 15, 16, 17, 18, 19, 20, 21, 22, 23, 24, 25, 26, 27, 28, 29]
[2026-05-16 17:18:13] Valid hours for sum: [12, 18, 24, 29]
[2026-05-16 17:18:15] Drought composite end date: 2021-09-27 06:00:00
[2026-05-16 17:18:15] Land cover year: 2020
[2026-05-16 17:18:16] VIIRS Veg composite: 2021-08-13 → 2021-08-29
[2026-05-16 17:18:20] Started export task: fire_243_dynamic_2021-10-01
[2026-05-16 17:18:21] ------ Processing date=2021-10-02 ------
[2026-05-16 17:18:21] Using viirs_af_path: viirs_af_path
[2026-05-16 17:18:21] VIIRS Image Date: ['2021-10-02 00:00:00']
[2026-05-16 17:18:21] Weather image size: 1
[2026-05-16 17:18:21] Forecast duration: 2021-10-03 00:00:00 to 2021-10-04 00:00:00
[2026-05-16 17:18:22] Number of forecast images: 24
[2026-05-16 17:18:22] Using forecast run: 2021-10-02 18:00:00 UTC
[2026-05-16 17:18:22] Forecast Rain Available hours: [6, 7, 8, 9, 10, 11, 12, 13, 14, 15, 16, 17, 18, 19, 20, 21, 22, 23, 24, 25, 26, 27, 28, 29]
[2026-05-16 17:18:22] Valid hours for sum: [12, 18, 24, 29]
[2026-05-16 17:18:25] Drought composite end date: 2021-09-27 06:00:00
[2026-05-16 17:18:25] Land cover year: 2020
[2026-05-16 17:18:26] VIIRS Veg composite: 2021-08-13 → 2021-08-29
[2026-05-16 17:18:29] Started export task: fire_243_dynamic_2021-10-02
[2026-05-16 17:18:30] ------ Processing date=2021-10-03 ------
[2026-05-16 17:18:30] Using viirs_af_path: viirs_af_path
[2026-05-16 17:18:30] VIIRS Image Date: ['2021-10-03 00:00:00']
[2026-05-16 17:18:30] Weather image size: 1
[2026-05-16 17:18:30] Forecast duration: 2021-10-04 00:00:00 to 2021-10-05 00:00:00
[2026-05-16 17:18:31] Number of forecast images: 24
[2026-05-16 17:18:31] Using forecast run: 2021-10-03 18:00:00 UTC
[2026-05-16 17:18:31] Forecast Rain Available hours: [6, 7, 8, 9, 10, 11, 12, 13, 14, 15, 16, 17, 18, 19, 20, 21, 22, 23, 24, 25, 26, 27, 28, 29]
[2026-05-16 17:18:31] Valid hours for sum: [12, 18, 24, 29]
[2026-05-16 17:18:33] Drought composite end date: 2021-10-02 06:00:00
[2026-05-16 17:18:34] Land cover year: 2020
[2026-05-16 17:18:36] VIIRS Veg composite: 2021-08-13 → 2021-08-29
[2026-05-16 17:18:39] Started export task: fire_243_dynamic_2021-10-03
[2026-05-16 17:18:39] ------ Processing date=2021-10-04 ------
[2026-05-16 17:18:39] Using viirs_af_path: viirs_af_path
[2026-05-16 17:18:40] VIIRS Image Date: ['2021-10-04 00:00:00']
[2026-05-16 17:18:40] Weather image size: 1
[2026-05-16 17:18:40] Forecast duration: 2021-10-05 00:00:00 to 2021-10-06 00:00:00
[2026-05-16 17:18:40] Number of forecast images: 24
[2026-05-16 17:18:40] Using forecast run: 2021-10-04 18:00:00 UTC
[2026-05-16 17:18:41] Forecast Rain Available hours: [6, 7, 8, 9, 10, 11, 12, 13, 14, 15, 16, 17, 18, 19, 20, 21, 22, 23, 24, 25, 26, 27, 28, 29]
[2026-05-16 17:18:41] Valid hours for sum: [12, 18, 24, 29]
[2026-05-16 17:18:43] Drought composite end date: 2021-10-02 06:00:00
[2026-05-16 17:18:43] Land cover year: 2020
[2026-05-16 17:18:44] VIIRS Veg composite: 2021-08-13 → 2021-08-29
[2026-05-16 17:18:47] Started export task: fire_243_dynamic_2021-10-04
[2026-05-16 17:18:48] ------ Processing date=2021-10-05 ------
[2026-05-16 17:18:48] Using viirs_af_path: viirs_af_path
[2026-05-16 17:18:48] VIIRS Image Date: ['2021-10-05 00:00:00']
[2026-05-16 17:18:49] Weather image size: 1
[2026-05-16 17:18:49] Forecast duration: 2021-10-06 00:00:00 to 2021-10-07 00:00:00
[2026-05-16 17:18:49] Number of forecast images: 24
[2026-05-16 17:18:49] Using forecast run: 2021-10-05 18:00:00 UTC
[2026-05-16 17:18:50] Forecast Rain Available hours: [6, 7, 8, 9, 10, 11, 12, 13, 14, 15, 16, 17, 18, 19, 20, 21, 22, 23, 24, 25, 26, 27, 28, 29]
[2026-05-16 17:18:50] Valid hours for sum: [12, 18, 24, 29]
[2026-05-16 17:18:52] Drought composite end date: 2021-10-02 06:00:00
[2026-05-16 17:18:52] Land cover year: 2020
[2026-05-16 17:18:53] VIIRS Veg composite: 2021-08-13 → 2021-08-29
[2026-05-16 17:18:57] Started export task: fire_243_dynamic_2021-10-05
[2026-05-16 17:18:58] ------ Processing date=2021-10-06 ------
[2026-05-16 17:18:58] Using viirs_af_path: viirs_af_path
[2026-05-16 17:18:58] VIIRS Image Date: ['2021-10-06 00:00:00']
[2026-05-16 17:18:58] Weather image size: 1
[2026-05-16 17:18:58] Forecast duration: 2021-10-07 00:00:00 to 2021-10-08 00:00:00
[2026-05-16 17:18:59] Number of forecast images: 24
[2026-05-16 17:18:59] Using forecast run: 2021-10-06 18:00:00 UTC
[2026-05-16 17:19:00] Forecast Rain Available hours: [6, 7, 8, 9, 10, 11, 12, 13, 14, 15, 16, 17, 18, 19, 20, 21, 22, 23, 24, 25, 26, 27, 28, 29]
[2026-05-16 17:19:00] Valid hours for sum: [12, 18, 24, 29]
[2026-05-16 17:19:02] Drought composite end date: 2021-10-02 06:00:00
[2026-05-16 17:19:02] Land cover year: 2020
[2026-05-16 17:19:03] VIIRS Veg composite: 2021-08-13 → 2021-08-29
[2026-05-16 17:19:08] Started export task: fire_243_dynamic_2021-10-06
[2026-05-16 17:19:09] ------ Processing date=2021-10-07 ------
[2026-05-16 17:19:09] Using viirs_af_path: viirs_af_path
[2026-05-16 17:19:09] VIIRS Image Date: ['2021-10-07 00:00:00']
[2026-05-16 17:19:09] Weather image size: 1
[2026-05-16 17:19:09] Forecast duration: 2021-10-08 00:00:00 to 2021-10-09 00:00:00
[2026-05-16 17:19:10] Number of forecast images: 24
[2026-05-16 17:19:10] Using forecast run: 2021-10-07 18:00:00 UTC
[2026-05-16 17:19:11] Forecast Rain Available hours: [6, 7, 8, 9, 10, 11, 12, 13, 14, 15, 16, 17, 18, 19, 20, 21, 22, 23, 24, 25, 26, 27, 28, 29]
[2026-05-16 17:19:11] Valid hours for sum: [12, 18, 24, 29]
[2026-05-16 17:19:12] Drought composite end date: 2021-10-02 06:00:00
[2026-05-16 17:19:12] Land cover year: 2020
[2026-05-16 17:19:13] VIIRS Veg composite: 2021-08-13 → 2021-08-29
[2026-05-16 17:19:17] Started export task: fire_243_dynamic_2021-10-07
[2026-05-16 17:19:17] ------ Processing date=2021-10-08 ------
[2026-05-16 17:19:17] Using viirs_af_path: viirs_af_path
[2026-05-16 17:19:17] VIIRS Image Date: ['2021-10-08 00:00:00']
[2026-05-16 17:19:18] Weather image size: 1
[2026-05-16 17:19:18] Forecast duration: 2021-10-09 00:00:00 to 2021-10-10 00:00:00
[2026-05-16 17:19:19] Number of forecast images: 24
[2026-05-16 17:19:19] Using forecast run: 2021-10-08 18:00:00 UTC
[2026-05-16 17:19:19] Forecast Rain Available hours: [6, 7, 8, 9, 10, 11, 12, 13, 14, 15, 16, 17, 18, 19, 20, 21, 22, 23, 24, 25, 26, 27, 28, 29]
[2026-05-16 17:19:19] Valid hours for sum: [12, 18, 24, 29]
[2026-05-16 17:19:21] Drought composite end date: 2021-10-07 06:00:00
[2026-05-16 17:19:21] Land cover year: 2020
[2026-05-16 17:19:22] VIIRS Veg composite: 2021-08-13 → 2021-08-29
[2026-05-16 17:19:27] Started export task: fire_243_dynamic_2021-10-08
[2026-05-16 17:19:28] ------ Processing date=2021-10-09 ------
[2026-05-16 17:19:28] Using viirs_af_path: viirs_af_path
[2026-05-16 17:19:28] VIIRS Image Date: ['2021-10-09 00:00:00']
[2026-05-16 17:19:28] Weather image size: 1
[2026-05-16 17:19:28] Forecast duration: 2021-10-10 00:00:00 to 2021-10-11 00:00:00
[2026-05-16 17:19:29] Number of forecast images: 24
[2026-05-16 17:19:29] Using forecast run: 2021-10-09 18:00:00 UTC
[2026-05-16 17:19:30] Forecast Rain Available hours: [6, 7, 8, 9, 10, 11, 12, 13, 14, 15, 16, 17, 18, 19, 20, 21, 22, 23, 24, 25, 26, 27, 28, 29]
[2026-05-16 17:19:30] Valid hours for sum: [12, 18, 24, 29]
[2026-05-16 17:19:32] Drought composite end date: 2021-10-07 06:00:00
[2026-05-16 17:19:32] Land cover year: 2020
[2026-05-16 17:19:33] VIIRS Veg composite: 2021-08-13 → 2021-08-29
[2026-05-16 17:19:37] Started export task: fire_243_dynamic_2021-10-09
[2026-05-16 17:19:37] END: ----------Event fire_243----------- (Duration: 7.11m)
[2026-05-16 17:19:37] START: ----------Event fire_259-----------
[2026-05-16 17:19:38] ------ Processing date=2021-09-26 ------
[2026-05-16 17:19:38] Using viirs_af_path: viirs_af_path
[2026-05-16 17:19:38] VIIRS Image Date: ['2021-09-26 00:00:00']
[2026-05-16 17:19:38] Weather image size: 1
[2026-05-16 17:19:38] Forecast duration: 2021-09-27 00:00:00 to 2021-09-28 00:00:00
[2026-05-16 17:19:39] Number of forecast images: 24
[2026-05-16 17:19:39] Using forecast run: 2021-09-26 18:00:00 UTC
[2026-05-16 17:19:39] Forecast Rain Available hours: [6, 7, 8, 9, 10, 11, 12, 13, 14, 15, 16, 17, 18, 19, 20, 21, 22, 23, 24, 25, 26, 27, 28, 29]
[2026-05-16 17:19:39] Valid hours for sum: [12, 18, 24, 29]
[2026-05-16 17:19:41] Drought composite end date: 2021-09-22 06:00:00
[2026-05-16 17:19:41] Land cover year: 2020
[2026-05-16 17:19:42] VIIRS Veg composite: 2021-09-14 → 2021-09-30
[2026-05-16 17:19:47] Started export task: fire_259_static
[2026-05-16 17:19:47] Started export task: fire_259_dynamic_2021-09-26
[2026-05-16 17:19:48] ------ Processing date=2021-09-27 ------
[2026-05-16 17:19:48] Using viirs_af_path: viirs_af_path
[2026-05-16 17:19:48] VIIRS Image Date: ['2021-09-27 00:00:00']
[2026-05-16 17:19:48] Weather image size: 1
[2026-05-16 17:19:48] Forecast duration: 2021-09-28 00:00:00 to 2021-09-29 00:00:00
[2026-05-16 17:19:49] Number of forecast images: 24
[2026-05-16 17:19:49] Using forecast run: 2021-09-27 18:00:00 UTC
[2026-05-16 17:19:50] Forecast Rain Available hours: [6, 7, 8, 9, 10, 11, 12, 13, 14, 15, 16, 17, 18, 19, 20, 21, 22, 23, 24, 25, 26, 27, 28, 29]
[2026-05-16 17:19:50] Valid hours for sum: [12, 18, 24, 29]
[2026-05-16 17:19:51] Drought composite end date: 2021-09-22 06:00:00
[2026-05-16 17:19:51] Land cover year: 2020
[2026-05-16 17:19:52] VIIRS Veg composite: 2021-09-14 → 2021-09-30
[2026-05-16 17:19:57] Started export task: fire_259_dynamic_2021-09-27
[2026-05-16 17:19:57] ------ Processing date=2021-09-28 ------
[2026-05-16 17:19:57] Using viirs_af_path: viirs_af_path
[2026-05-16 17:19:57] VIIRS Image Date: ['2021-09-28 00:00:00']
[2026-05-16 17:19:57] Weather image size: 1
[2026-05-16 17:19:57] Forecast duration: 2021-09-29 00:00:00 to 2021-09-30 00:00:00
[2026-05-16 17:19:58] Number of forecast images: 24
[2026-05-16 17:19:58] Using forecast run: 2021-09-28 18:00:00 UTC
[2026-05-16 17:19:58] Forecast Rain Available hours: [6, 7, 8, 9, 10, 11, 12, 13, 14, 15, 16, 17, 18, 19, 20, 21, 22, 23, 24, 25, 26, 27, 28, 29]
[2026-05-16 17:19:58] Valid hours for sum: [12, 18, 24, 29]
[2026-05-16 17:20:00] Drought composite end date: 2021-09-27 06:00:00
[2026-05-16 17:20:01] Land cover year: 2020
[2026-05-16 17:20:01] VIIRS Veg composite: 2021-09-14 → 2021-09-30
[2026-05-16 17:20:05] Started export task: fire_259_dynamic_2021-09-28
[2026-05-16 17:20:05] ------ Processing date=2021-09-29 ------
[2026-05-16 17:20:05] Using viirs_af_path: viirs_af_path
[2026-05-16 17:20:06] VIIRS Image Date: ['2021-09-29 00:00:00']
[2026-05-16 17:20:06] Weather image size: 1
[2026-05-16 17:20:06] Forecast duration: 2021-09-30 00:00:00 to 2021-10-01 00:00:00
[2026-05-16 17:20:08] Number of forecast images: 24
[2026-05-16 17:20:08] Using forecast run: 2021-09-29 18:00:00 UTC
[2026-05-16 17:20:08] Forecast Rain Available hours: [6, 7, 8, 9, 10, 11, 12, 13, 14, 15, 16, 17, 18, 19, 20, 21, 22, 23, 24, 25, 26, 27, 28, 29]
[2026-05-16 17:20:08] Valid hours for sum: [12, 18, 24, 29]
[2026-05-16 17:20:09] Drought composite end date: 2021-09-27 06:00:00
[2026-05-16 17:20:10] Land cover year: 2020
[2026-05-16 17:20:10] VIIRS Veg composite: 2021-09-14 → 2021-09-30
[2026-05-16 17:20:15] Started export task: fire_259_dynamic_2021-09-29
[2026-05-16 17:20:15] ------ Processing date=2021-09-30 ------
[2026-05-16 17:20:15] Using viirs_af_path: viirs_af_path
[2026-05-16 17:20:15] VIIRS Image Date: ['2021-09-30 00:00:00']
[2026-05-16 17:20:15] Weather image size: 1
[2026-05-16 17:20:15] Forecast duration: 2021-10-01 00:00:00 to 2021-10-02 00:00:00
[2026-05-16 17:20:16] Number of forecast images: 24
[2026-05-16 17:20:16] Using forecast run: 2021-09-30 18:00:00 UTC
[2026-05-16 17:20:17] Forecast Rain Available hours: [6, 7, 8, 9, 10, 11, 12, 13, 14, 15, 16, 17, 18, 19, 20, 21, 22, 23, 24, 25, 26, 27, 28, 29]
[2026-05-16 17:20:17] Valid hours for sum: [12, 18, 24, 29]
[2026-05-16 17:20:18] Drought composite end date: 2021-09-27 06:00:00
[2026-05-16 17:20:18] Land cover year: 2020
[2026-05-16 17:20:19] VIIRS Veg composite: 2021-09-14 → 2021-09-30
[2026-05-16 17:20:22] Started export task: fire_259_dynamic_2021-09-30
[2026-05-16 17:20:23] ------ Processing date=2021-10-01 ------
[2026-05-16 17:20:23] Using viirs_af_path: viirs_af_path
[2026-05-16 17:20:23] VIIRS Image Date: ['2021-10-01 00:00:00']
[2026-05-16 17:20:23] Weather image size: 1
[2026-05-16 17:20:23] Forecast duration: 2021-10-02 00:00:00 to 2021-10-03 00:00:00
[2026-05-16 17:20:24] Number of forecast images: 24
[2026-05-16 17:20:24] Using forecast run: 2021-10-01 18:00:00 UTC
[2026-05-16 17:20:24] Forecast Rain Available hours: [6, 7, 8, 9, 10, 11, 12, 13, 14, 15, 16, 17, 18, 19, 20, 21, 22, 23, 24, 25, 26, 27, 28, 29]
[2026-05-16 17:20:24] Valid hours for sum: [12, 18, 24, 29]
[2026-05-16 17:20:26] Drought composite end date: 2021-09-27 06:00:00
[2026-05-16 17:20:27] Land cover year: 2020
[2026-05-16 17:20:28] VIIRS Veg composite: 2021-09-14 → 2021-09-30
[2026-05-16 17:20:32] Started export task: fire_259_dynamic_2021-10-01
[2026-05-16 17:20:32] ------ Processing date=2021-10-02 ------
[2026-05-16 17:20:32] Using viirs_af_path: viirs_af_path
[2026-05-16 17:20:33] VIIRS Image Date: ['2021-10-02 00:00:00']
[2026-05-16 17:20:33] Weather image size: 1
[2026-05-16 17:20:33] Forecast duration: 2021-10-03 00:00:00 to 2021-10-04 00:00:00
[2026-05-16 17:20:34] Number of forecast images: 24
[2026-05-16 17:20:34] Using forecast run: 2021-10-02 18:00:00 UTC
[2026-05-16 17:20:34] Forecast Rain Available hours: [6, 7, 8, 9, 10, 11, 12, 13, 14, 15, 16, 17, 18, 19, 20, 21, 22, 23, 24, 25, 26, 27, 28, 29]
[2026-05-16 17:20:34] Valid hours for sum: [12, 18, 24, 29]
[2026-05-16 17:20:36] Drought composite end date: 2021-09-27 06:00:00
[2026-05-16 17:20:36] Land cover year: 2020
[2026-05-16 17:20:37] VIIRS Veg composite: 2021-09-14 → 2021-09-30
[2026-05-16 17:20:40] Started export task: fire_259_dynamic_2021-10-02
[2026-05-16 17:20:40] ------ Processing date=2021-10-03 ------
[2026-05-16 17:20:40] Using viirs_af_path: viirs_af_path
[2026-05-16 17:20:41] VIIRS Image Date: ['2021-10-03 00:00:00']
[2026-05-16 17:20:41] Weather image size: 1
[2026-05-16 17:20:41] Forecast duration: 2021-10-04 00:00:00 to 2021-10-05 00:00:00
[2026-05-16 17:20:42] Number of forecast images: 24
[2026-05-16 17:20:42] Using forecast run: 2021-10-03 18:00:00 UTC
[2026-05-16 17:20:42] Forecast Rain Available hours: [6, 7, 8, 9, 10, 11, 12, 13, 14, 15, 16, 17, 18, 19, 20, 21, 22, 23, 24, 25, 26, 27, 28, 29]
[2026-05-16 17:20:42] Valid hours for sum: [12, 18, 24, 29]
[2026-05-16 17:20:44] Drought composite end date: 2021-10-02 06:00:00
[2026-05-16 17:20:45] Land cover year: 2020
[2026-05-16 17:20:45] VIIRS Veg composite: 2021-09-14 → 2021-09-30
[2026-05-16 17:20:50] Started export task: fire_259_dynamic_2021-10-03
[2026-05-16 17:20:51] ------ Processing date=2021-10-04 ------
[2026-05-16 17:20:51] Using viirs_af_path: viirs_af_path
[2026-05-16 17:20:51] VIIRS Image Date: ['2021-10-04 00:00:00']
[2026-05-16 17:20:51] Weather image size: 1
[2026-05-16 17:20:51] Forecast duration: 2021-10-05 00:00:00 to 2021-10-06 00:00:00
[2026-05-16 17:20:53] Number of forecast images: 24
[2026-05-16 17:20:53] Using forecast run: 2021-10-04 18:00:00 UTC
[2026-05-16 17:20:54] Forecast Rain Available hours: [6, 7, 8, 9, 10, 11, 12, 13, 14, 15, 16, 17, 18, 19, 20, 21, 22, 23, 24, 25, 26, 27, 28, 29]
[2026-05-16 17:20:54] Valid hours for sum: [12, 18, 24, 29]
[2026-05-16 17:20:56] Drought composite end date: 2021-10-02 06:00:00
[2026-05-16 17:20:56] Land cover year: 2020
[2026-05-16 17:20:57] VIIRS Veg composite: 2021-09-14 → 2021-09-30
[2026-05-16 17:21:01] Started export task: fire_259_dynamic_2021-10-04
[2026-05-16 17:21:01] ------ Processing date=2021-10-05 ------
[2026-05-16 17:21:01] Using viirs_af_path: viirs_af_path
[2026-05-16 17:21:02] VIIRS Image Date: ['2021-10-05 00:00:00']
[2026-05-16 17:21:02] Weather image size: 1
[2026-05-16 17:21:02] Forecast duration: 2021-10-06 00:00:00 to 2021-10-07 00:00:00
[2026-05-16 17:21:03] Number of forecast images: 24
[2026-05-16 17:21:03] Using forecast run: 2021-10-05 18:00:00 UTC
[2026-05-16 17:21:03] Forecast Rain Available hours: [6, 7, 8, 9, 10, 11, 12, 13, 14, 15, 16, 17, 18, 19, 20, 21, 22, 23, 24, 25, 26, 27, 28, 29]
[2026-05-16 17:21:03] Valid hours for sum: [12, 18, 24, 29]
[2026-05-16 17:21:06] Drought composite end date: 2021-10-02 06:00:00
[2026-05-16 17:21:06] Land cover year: 2020
[2026-05-16 17:21:07] VIIRS Veg composite: 2021-09-14 → 2021-09-30
[2026-05-16 17:21:11] Started export task: fire_259_dynamic_2021-10-05
[2026-05-16 17:21:12] ------ Processing date=2021-10-06 ------
[2026-05-16 17:21:12] Using viirs_af_path: viirs_af_path
[2026-05-16 17:21:12] VIIRS Image Date: ['2021-10-06 00:00:00']
[2026-05-16 17:21:12] Weather image size: 1
[2026-05-16 17:21:12] Forecast duration: 2021-10-07 00:00:00 to 2021-10-08 00:00:00
[2026-05-16 17:21:13] Number of forecast images: 24
[2026-05-16 17:21:13] Using forecast run: 2021-10-06 18:00:00 UTC
[2026-05-16 17:21:13] Forecast Rain Available hours: [6, 7, 8, 9, 10, 11, 12, 13, 14, 15, 16, 17, 18, 19, 20, 21, 22, 23, 24, 25, 26, 27, 28, 29]
[2026-05-16 17:21:13] Valid hours for sum: [12, 18, 24, 29]
[2026-05-16 17:21:16] Drought composite end date: 2021-10-02 06:00:00
[2026-05-16 17:21:16] Land cover year: 2020
[2026-05-16 17:21:17] VIIRS Veg composite: 2021-09-14 → 2021-09-30
[2026-05-16 17:21:19] Started export task: fire_259_dynamic_2021-10-06
[2026-05-16 17:21:20] ------ Processing date=2021-10-07 ------
[2026-05-16 17:21:20] Using viirs_af_path: viirs_af_path
[2026-05-16 17:21:20] VIIRS Image Date: ['2021-10-07 00:00:00']
[2026-05-16 17:21:20] Weather image size: 1
[2026-05-16 17:21:20] Forecast duration: 2021-10-08 00:00:00 to 2021-10-09 00:00:00
[2026-05-16 17:21:21] Number of forecast images: 24
[2026-05-16 17:21:21] Using forecast run: 2021-10-07 18:00:00 UTC
[2026-05-16 17:21:22] Forecast Rain Available hours: [6, 7, 8, 9, 10, 11, 12, 13, 14, 15, 16, 17, 18, 19, 20, 21, 22, 23, 24, 25, 26, 27, 28, 29]
[2026-05-16 17:21:22] Valid hours for sum: [12, 18, 24, 29]
[2026-05-16 17:21:23] Drought composite end date: 2021-10-02 06:00:00
[2026-05-16 17:21:23] Land cover year: 2020
[2026-05-16 17:21:24] VIIRS Veg composite: 2021-09-14 → 2021-09-30
[2026-05-16 17:21:28] Started export task: fire_259_dynamic_2021-10-07
[2026-05-16 17:21:28] ------ Processing date=2021-10-08 ------
[2026-05-16 17:21:28] Using viirs_af_path: viirs_af_path
[2026-05-16 17:21:28] VIIRS Image Date: ['2021-10-08 00:00:00']
[2026-05-16 17:21:28] Weather image size: 1
[2026-05-16 17:21:28] Forecast duration: 2021-10-09 00:00:00 to 2021-10-10 00:00:00
[2026-05-16 17:21:29] Number of forecast images: 24
[2026-05-16 17:21:29] Using forecast run: 2021-10-08 18:00:00 UTC
[2026-05-16 17:21:30] Forecast Rain Available hours: [6, 7, 8, 9, 10, 11, 12, 13, 14, 15, 16, 17, 18, 19, 20, 21, 22, 23, 24, 25, 26, 27, 28, 29]
[2026-05-16 17:21:30] Valid hours for sum: [12, 18, 24, 29]
[2026-05-16 17:21:32] Drought composite end date: 2021-10-07 06:00:00
[2026-05-16 17:21:32] Land cover year: 2020
[2026-05-16 17:21:33] VIIRS Veg composite: 2021-09-14 → 2021-09-30
[2026-05-16 17:21:37] Started export task: fire_259_dynamic_2021-10-08
[2026-05-16 17:21:37] ------ Processing date=2021-10-09 ------
[2026-05-16 17:21:37] Using viirs_af_path: viirs_af_path
[2026-05-16 17:21:38] VIIRS Image Date: ['2021-10-09 00:00:00']
[2026-05-16 17:21:38] Weather image size: 1
[2026-05-16 17:21:38] Forecast duration: 2021-10-10 00:00:00 to 2021-10-11 00:00:00
[2026-05-16 17:21:39] Number of forecast images: 24
[2026-05-16 17:21:39] Using forecast run: 2021-10-09 18:00:00 UTC
[2026-05-16 17:21:39] Forecast Rain Available hours: [6, 7, 8, 9, 10, 11, 12, 13, 14, 15, 16, 17, 18, 19, 20, 21, 22, 23, 24, 25, 26, 27, 28, 29]
[2026-05-16 17:21:39] Valid hours for sum: [12, 18, 24, 29]
[2026-05-16 17:21:42] Drought composite end date: 2021-10-07 06:00:00
[2026-05-16 17:21:42] Land cover year: 2020
[2026-05-16 17:21:43] VIIRS Veg composite: 2021-09-14 → 2021-09-30
[2026-05-16 17:21:47] Started export task: fire_259_dynamic_2021-10-09
[2026-05-16 17:21:48] END: ----------Event fire_259----------- (Duration: 2.17m)
[2026-05-16 17:21:48] START: ----------Event fire_261-----------
[2026-05-16 17:21:48] ------ Processing date=2021-10-01 ------
[2026-05-16 17:21:48] Using viirs_af_path: viirs_af_path
[2026-05-16 17:21:48] VIIRS Image Date: ['2021-10-01 00:00:00']
[2026-05-16 17:21:48] Weather image size: 1
[2026-05-16 17:21:48] Forecast duration: 2021-10-02 00:00:00 to 2021-10-03 00:00:00
[2026-05-16 17:21:49] Number of forecast images: 24
[2026-05-16 17:21:49] Using forecast run: 2021-10-01 18:00:00 UTC
[2026-05-16 17:21:49] Forecast Rain Available hours: [6, 7, 8, 9, 10, 11, 12, 13, 14, 15, 16, 17, 18, 19, 20, 21, 22, 23, 24, 25, 26, 27, 28, 29]
[2026-05-16 17:21:49] Valid hours for sum: [12, 18, 24, 29]
[2026-05-16 17:21:52] Drought composite end date: 2021-09-27 06:00:00
[2026-05-16 17:21:52] Land cover year: 2020
[2026-05-16 17:21:53] VIIRS Veg composite: 2021-09-22 → 2021-10-08
[2026-05-16 17:21:58] Started export task: fire_261_static
[2026-05-16 17:21:59] Started export task: fire_261_dynamic_2021-10-01
[2026-05-16 17:21:59] ------ Processing date=2021-10-02 ------
[2026-05-16 17:21:59] Using viirs_af_path: viirs_af_path
[2026-05-16 17:21:59] VIIRS Image Date: ['2021-10-02 00:00:00']
[2026-05-16 17:21:59] Weather image size: 1
[2026-05-16 17:21:59] Forecast duration: 2021-10-03 00:00:00 to 2021-10-04 00:00:00
[2026-05-16 17:22:00] Number of forecast images: 24
[2026-05-16 17:22:00] Using forecast run: 2021-10-02 18:00:00 UTC
[2026-05-16 17:22:01] Forecast Rain Available hours: [6, 7, 8, 9, 10, 11, 12, 13, 14, 15, 16, 17, 18, 19, 20, 21, 22, 23, 24, 25, 26, 27, 28, 29]
[2026-05-16 17:22:01] Valid hours for sum: [12, 18, 24, 29]
[2026-05-16 17:22:02] Drought composite end date: 2021-09-27 06:00:00
[2026-05-16 17:22:02] Land cover year: 2020
[2026-05-16 17:22:03] VIIRS Veg composite: 2021-09-22 → 2021-10-08
[2026-05-16 17:22:09] Started export task: fire_261_dynamic_2021-10-02
[2026-05-16 17:22:10] ------ Processing date=2021-10-03 ------
[2026-05-16 17:22:10] Using viirs_af_path: viirs_af_path
[2026-05-16 17:22:10] VIIRS Image Date: ['2021-10-03 00:00:00']
[2026-05-16 17:22:10] Weather image size: 1
[2026-05-16 17:22:10] Forecast duration: 2021-10-04 00:00:00 to 2021-10-05 00:00:00
[2026-05-16 17:22:11] Number of forecast images: 24
[2026-05-16 17:22:11] Using forecast run: 2021-10-03 18:00:00 UTC
[2026-05-16 17:22:11] Forecast Rain Available hours: [6, 7, 8, 9, 10, 11, 12, 13, 14, 15, 16, 17, 18, 19, 20, 21, 22, 23, 24, 25, 26, 27, 28, 29]
[2026-05-16 17:22:11] Valid hours for sum: [12, 18, 24, 29]
[2026-05-16 17:22:14] Drought composite end date: 2021-10-02 06:00:00
[2026-05-16 17:22:14] Land cover year: 2020
[2026-05-16 17:22:15] VIIRS Veg composite: 2021-09-22 → 2021-10-08
[2026-05-16 17:22:19] Started export task: fire_261_dynamic_2021-10-03
[2026-05-16 17:22:20] ------ Processing date=2021-10-04 ------
[2026-05-16 17:22:20] Using viirs_af_path: viirs_af_path
[2026-05-16 17:22:20] VIIRS Image Date: ['2021-10-04 00:00:00']
[2026-05-16 17:22:20] Weather image size: 1
[2026-05-16 17:22:20] Forecast duration: 2021-10-05 00:00:00 to 2021-10-06 00:00:00
[2026-05-16 17:22:21] Number of forecast images: 24
[2026-05-16 17:22:21] Using forecast run: 2021-10-04 18:00:00 UTC
[2026-05-16 17:22:22] Forecast Rain Available hours: [6, 7, 8, 9, 10, 11, 12, 13, 14, 15, 16, 17, 18, 19, 20, 21, 22, 23, 24, 25, 26, 27, 28, 29]
[2026-05-16 17:22:22] Valid hours for sum: [12, 18, 24, 29]
[2026-05-16 17:22:25] Drought composite end date: 2021-10-02 06:00:00
[2026-05-16 17:22:25] Land cover year: 2020
[2026-05-16 17:22:26] VIIRS Veg composite: 2021-09-22 → 2021-10-08
[2026-05-16 17:22:29] Started export task: fire_261_dynamic_2021-10-04
[2026-05-16 17:22:30] ------ Processing date=2021-10-05 ------
[2026-05-16 17:22:30] Using viirs_af_path: viirs_af_path
[2026-05-16 17:22:30] VIIRS Image Date: ['2021-10-05 00:00:00']
[2026-05-16 17:22:31] Weather image size: 1
[2026-05-16 17:22:31] Forecast duration: 2021-10-06 00:00:00 to 2021-10-07 00:00:00
[2026-05-16 17:22:31] Number of forecast images: 24
[2026-05-16 17:22:31] Using forecast run: 2021-10-05 18:00:00 UTC
[2026-05-16 17:22:32] Forecast Rain Available hours: [6, 7, 8, 9, 10, 11, 12, 13, 14, 15, 16, 17, 18, 19, 20, 21, 22, 23, 24, 25, 26, 27, 28, 29]
[2026-05-16 17:22:32] Valid hours for sum: [12, 18, 24, 29]
[2026-05-16 17:22:34] Drought composite end date: 2021-10-02 06:00:00
[2026-05-16 17:22:34] Land cover year: 2020
[2026-05-16 17:22:35] VIIRS Veg composite: 2021-09-22 → 2021-10-08
[2026-05-16 17:22:39] Started export task: fire_261_dynamic_2021-10-05
[2026-05-16 17:22:40] ------ Processing date=2021-10-06 ------
[2026-05-16 17:22:40] Using viirs_af_path: viirs_af_path
[2026-05-16 17:22:40] VIIRS Image Date: ['2021-10-06 00:00:00']
[2026-05-16 17:22:40] Weather image size: 1
[2026-05-16 17:22:40] Forecast duration: 2021-10-07 00:00:00 to 2021-10-08 00:00:00
[2026-05-16 17:22:41] Number of forecast images: 24
[2026-05-16 17:22:41] Using forecast run: 2021-10-06 18:00:00 UTC
[2026-05-16 17:22:42] Forecast Rain Available hours: [6, 7, 8, 9, 10, 11, 12, 13, 14, 15, 16, 17, 18, 19, 20, 21, 22, 23, 24, 25, 26, 27, 28, 29]
[2026-05-16 17:22:42] Valid hours for sum: [12, 18, 24, 29]
[2026-05-16 17:22:44] Drought composite end date: 2021-10-02 06:00:00
[2026-05-16 17:22:44] Land cover year: 2020
[2026-05-16 17:22:45] VIIRS Veg composite: 2021-09-22 → 2021-10-08
[2026-05-16 17:22:49] Started export task: fire_261_dynamic_2021-10-06
[2026-05-16 17:22:49] ------ Processing date=2021-10-07 ------
[2026-05-16 17:22:49] Using viirs_af_path: viirs_af_path
[2026-05-16 17:22:50] VIIRS Image Date: ['2021-10-07 00:00:00']
[2026-05-16 17:22:50] Weather image size: 1
[2026-05-16 17:22:50] Forecast duration: 2021-10-08 00:00:00 to 2021-10-09 00:00:00
[2026-05-16 17:22:51] Number of forecast images: 24
[2026-05-16 17:22:51] Using forecast run: 2021-10-07 18:00:00 UTC
[2026-05-16 17:22:51] Forecast Rain Available hours: [6, 7, 8, 9, 10, 11, 12, 13, 14, 15, 16, 17, 18, 19, 20, 21, 22, 23, 24, 25, 26, 27, 28, 29]
[2026-05-16 17:22:51] Valid hours for sum: [12, 18, 24, 29]
[2026-05-16 17:22:54] Drought composite end date: 2021-10-02 06:00:00
[2026-05-16 17:22:54] Land cover year: 2020
[2026-05-16 17:22:55] VIIRS Veg composite: 2021-09-22 → 2021-10-08
[2026-05-16 17:22:59] Started export task: fire_261_dynamic_2021-10-07
[2026-05-16 17:22:59] ------ Processing date=2021-10-08 ------
[2026-05-16 17:22:59] Using viirs_af_path: viirs_af_path
[2026-05-16 17:22:59] VIIRS Image Date: ['2021-10-08 00:00:00']
[2026-05-16 17:22:59] Weather image size: 1
[2026-05-16 17:22:59] Forecast duration: 2021-10-09 00:00:00 to 2021-10-10 00:00:00
[2026-05-16 17:23:01] Number of forecast images: 24
[2026-05-16 17:23:01] Using forecast run: 2021-10-08 18:00:00 UTC
[2026-05-16 17:23:01] Forecast Rain Available hours: [6, 7, 8, 9, 10, 11, 12, 13, 14, 15, 16, 17, 18, 19, 20, 21, 22, 23, 24, 25, 26, 27, 28, 29]
[2026-05-16 17:23:01] Valid hours for sum: [12, 18, 24, 29]
[2026-05-16 17:23:03] Drought composite end date: 2021-10-07 06:00:00
[2026-05-16 17:23:03] Land cover year: 2020
[2026-05-16 17:23:04] VIIRS Veg composite: 2021-09-22 → 2021-10-08
[2026-05-16 17:23:06] Started export task: fire_261_dynamic_2021-10-08
[2026-05-16 17:23:07] ------ Processing date=2021-10-09 ------
[2026-05-16 17:23:07] Using viirs_af_path: viirs_af_path
[2026-05-16 17:23:07] VIIRS Image Date: ['2021-10-09 00:00:00']
[2026-05-16 17:23:07] Weather image size: 1
[2026-05-16 17:23:07] Forecast duration: 2021-10-10 00:00:00 to 2021-10-11 00:00:00
[2026-05-16 17:23:09] Number of forecast images: 24
[2026-05-16 17:23:09] Using forecast run: 2021-10-09 18:00:00 UTC
[2026-05-16 17:23:09] Forecast Rain Available hours: [6, 7, 8, 9, 10, 11, 12, 13, 14, 15, 16, 17, 18, 19, 20, 21, 22, 23, 24, 25, 26, 27, 28, 29]
[2026-05-16 17:23:09] Valid hours for sum: [12, 18, 24, 29]
[2026-05-16 17:23:12] Drought composite end date: 2021-10-07 06:00:00
[2026-05-16 17:23:12] Land cover year: 2020
[2026-05-16 17:23:13] VIIRS Veg composite: 2021-09-22 → 2021-10-08
[2026-05-16 17:23:16] Started export task: fire_261_dynamic_2021-10-09
[2026-05-16 17:23:16] ------ Processing date=2021-10-10 ------
[2026-05-16 17:23:16] Using viirs_af_path: viirs_af_path
[2026-05-16 17:23:17] VIIRS Image Date: ['2021-10-10 00:00:00']
[2026-05-16 17:23:17] Weather image size: 1
[2026-05-16 17:23:17] Forecast duration: 2021-10-11 00:00:00 to 2021-10-12 00:00:00
[2026-05-16 17:23:18] Number of forecast images: 24
[2026-05-16 17:23:18] Using forecast run: 2021-10-10 18:00:00 UTC
[2026-05-16 17:23:18] Forecast Rain Available hours: [6, 7, 8, 9, 10, 11, 12, 13, 14, 15, 16, 17, 18, 19, 20, 21, 22, 23, 24, 25, 26, 27, 28, 29]
[2026-05-16 17:23:18] Valid hours for sum: [12, 18, 24, 29]
[2026-05-16 17:23:20] Drought composite end date: 2021-10-07 06:00:00
[2026-05-16 17:23:21] Land cover year: 2020
[2026-05-16 17:23:21] VIIRS Veg composite: 2021-09-22 → 2021-10-08
[2026-05-16 17:23:26] Started export task: fire_261_dynamic_2021-10-10
[2026-05-16 17:23:27] ------ Processing date=2021-10-11 ------
[2026-05-16 17:23:27] Using viirs_af_path: viirs_af_path
[2026-05-16 17:23:27] VIIRS Image Date: ['2021-10-11 00:00:00']
[2026-05-16 17:23:27] Weather image size: 1
[2026-05-16 17:23:27] Forecast duration: 2021-10-12 00:00:00 to 2021-10-13 00:00:00
[2026-05-16 17:23:28] Number of forecast images: 24
[2026-05-16 17:23:28] Using forecast run: 2021-10-11 18:00:00 UTC
[2026-05-16 17:23:28] Forecast Rain Available hours: [6, 7, 8, 9, 10, 11, 12, 13, 14, 15, 16, 17, 18, 19, 20, 21, 22, 23, 24, 25, 26, 27, 28, 29]
[2026-05-16 17:23:28] Valid hours for sum: [12, 18, 24, 29]
[2026-05-16 17:23:32] Drought composite end date: 2021-10-07 06:00:00
[2026-05-16 17:23:32] Land cover year: 2020
[2026-05-16 17:23:33] VIIRS Veg composite: 2021-09-22 → 2021-10-08
[2026-05-16 17:23:36] Started export task: fire_261_dynamic_2021-10-11
[2026-05-16 17:23:36] ------ Processing date=2021-10-12 ------
[2026-05-16 17:23:36] Using viirs_af_path: viirs_af_path
[2026-05-16 17:23:37] VIIRS Image Date: ['2021-10-12 00:00:00']
[2026-05-16 17:23:37] Weather image size: 1
[2026-05-16 17:23:37] Forecast duration: 2021-10-13 00:00:00 to 2021-10-14 00:00:00
[2026-05-16 17:23:38] Number of forecast images: 24
[2026-05-16 17:23:38] Using forecast run: 2021-10-12 18:00:00 UTC
[2026-05-16 17:23:38] Forecast Rain Available hours: [6, 7, 8, 9, 10, 11, 12, 13, 14, 15, 16, 17, 18, 19, 20, 21, 22, 23, 24, 25, 26, 27, 28, 29]
[2026-05-16 17:23:38] Valid hours for sum: [12, 18, 24, 29]
[2026-05-16 17:23:40] Drought composite end date: 2021-10-07 06:00:00
[2026-05-16 17:23:41] Land cover year: 2020
[2026-05-16 17:23:41] VIIRS Veg composite: 2021-09-22 → 2021-10-08
[2026-05-16 17:23:45] Started export task: fire_261_dynamic_2021-10-12
[2026-05-16 17:23:45] ------ Processing date=2021-10-13 ------
[2026-05-16 17:23:45] Using viirs_af_path: viirs_af_path
[2026-05-16 17:23:46] VIIRS Image Date: ['2021-10-13 00:00:00']
[2026-05-16 17:23:46] Weather image size: 1
[2026-05-16 17:23:46] Forecast duration: 2021-10-14 00:00:00 to 2021-10-15 00:00:00
[2026-05-16 17:23:47] Number of forecast images: 24
[2026-05-16 17:23:47] Using forecast run: 2021-10-13 18:00:00 UTC
[2026-05-16 17:23:47] Forecast Rain Available hours: [6, 7, 8, 9, 10, 11, 12, 13, 14, 15, 16, 17, 18, 19, 20, 21, 22, 23, 24, 25, 26, 27, 28, 29]
[2026-05-16 17:23:47] Valid hours for sum: [12, 18, 24, 29]
[2026-05-16 17:23:49] Drought composite end date: 2021-10-12 06:00:00
[2026-05-16 17:23:49] Land cover year: 2020
[2026-05-16 17:23:50] VIIRS Veg composite: 2021-09-22 → 2021-10-08
[2026-05-16 17:23:55] Started export task: fire_261_dynamic_2021-10-13
[2026-05-16 17:23:55] ------ Processing date=2021-10-14 ------
[2026-05-16 17:23:55] Using viirs_af_path: viirs_af_path
[2026-05-16 17:23:55] VIIRS Image Date: ['2021-10-14 00:00:00']
[2026-05-16 17:23:55] Weather image size: 1
[2026-05-16 17:23:55] Forecast duration: 2021-10-15 00:00:00 to 2021-10-16 00:00:00
[2026-05-16 17:23:56] Number of forecast images: 24
[2026-05-16 17:23:56] Using forecast run: 2021-10-14 18:00:00 UTC
[2026-05-16 17:23:56] Forecast Rain Available hours: [6, 7, 8, 9, 10, 11, 12, 13, 14, 15, 16, 17, 18, 19, 20, 21, 22, 23, 24, 25, 26, 27, 28, 29]
[2026-05-16 17:23:56] Valid hours for sum: [12, 18, 24, 29]
[2026-05-16 17:23:58] Drought composite end date: 2021-10-12 06:00:00
[2026-05-16 17:23:59] Land cover year: 2020
[2026-05-16 17:23:59] VIIRS Veg composite: 2021-09-22 → 2021-10-08
[2026-05-16 17:24:04] Started export task: fire_261_dynamic_2021-10-14
[2026-05-16 17:24:05] END: ----------Event fire_261----------- (Duration: 2.28m)
[2026-05-16 17:24:05] START: ----------Event fire_262-----------
[2026-05-16 17:24:05] ------ Processing date=2021-10-03 ------
[2026-05-16 17:24:05] Using viirs_af_path: viirs_af_path
[2026-05-16 17:24:05] VIIRS Image Date: ['2021-10-03 00:00:00']
[2026-05-16 17:24:06] Weather image size: 1
[2026-05-16 17:24:06] Forecast duration: 2021-10-04 00:00:00 to 2021-10-05 00:00:00
[2026-05-16 17:24:06] Number of forecast images: 24
[2026-05-16 17:24:06] Using forecast run: 2021-10-03 18:00:00 UTC
[2026-05-16 17:24:07] Forecast Rain Available hours: [6, 7, 8, 9, 10, 11, 12, 13, 14, 15, 16, 17, 18, 19, 20, 21, 22, 23, 24, 25, 26, 27, 28, 29]
[2026-05-16 17:24:07] Valid hours for sum: [12, 18, 24, 29]
[2026-05-16 17:24:09] Drought composite end date: 2021-10-02 06:00:00
[2026-05-16 17:24:09] Land cover year: 2020
[2026-05-16 17:24:10] VIIRS Veg composite: 2021-09-22 → 2021-10-08
[2026-05-16 17:24:12] Started export task: fire_262_static
[2026-05-16 17:24:13] Started export task: fire_262_dynamic_2021-10-03
[2026-05-16 17:24:13] ------ Processing date=2021-10-04 ------
[2026-05-16 17:24:13] Using viirs_af_path: viirs_af_path
[2026-05-16 17:24:13] VIIRS Image Date: ['2021-10-04 00:00:00']
[2026-05-16 17:24:14] Weather image size: 1
[2026-05-16 17:24:14] Forecast duration: 2021-10-05 00:00:00 to 2021-10-06 00:00:00
[2026-05-16 17:24:15] Number of forecast images: 24
[2026-05-16 17:24:15] Using forecast run: 2021-10-04 18:00:00 UTC
[2026-05-16 17:24:15] Forecast Rain Available hours: [6, 7, 8, 9, 10, 11, 12, 13, 14, 15, 16, 17, 18, 19, 20, 21, 22, 23, 24, 25, 26, 27, 28, 29]
[2026-05-16 17:24:15] Valid hours for sum: [12, 18, 24, 29]
[2026-05-16 17:24:16] Drought composite end date: 2021-10-02 06:00:00
[2026-05-16 17:24:17] Land cover year: 2020
[2026-05-16 17:24:17] VIIRS Veg composite: 2021-09-22 → 2021-10-08
[2026-05-16 17:24:21] Started export task: fire_262_dynamic_2021-10-04
[2026-05-16 17:24:21] ------ Processing date=2021-10-05 ------
[2026-05-16 17:24:21] Using viirs_af_path: viirs_af_path
[2026-05-16 17:24:22] VIIRS Image Date: ['2021-10-05 00:00:00']
[2026-05-16 17:24:22] Weather image size: 1
[2026-05-16 17:24:22] Forecast duration: 2021-10-06 00:00:00 to 2021-10-07 00:00:00
[2026-05-16 17:24:23] Number of forecast images: 24
[2026-05-16 17:24:23] Using forecast run: 2021-10-05 18:00:00 UTC
[2026-05-16 17:24:23] Forecast Rain Available hours: [6, 7, 8, 9, 10, 11, 12, 13, 14, 15, 16, 17, 18, 19, 20, 21, 22, 23, 24, 25, 26, 27, 28, 29]
[2026-05-16 17:24:23] Valid hours for sum: [12, 18, 24, 29]
[2026-05-16 17:24:26] Drought composite end date: 2021-10-02 06:00:00
[2026-05-16 17:24:26] Land cover year: 2020
[2026-05-16 17:24:27] VIIRS Veg composite: 2021-09-22 → 2021-10-08
[2026-05-16 17:29:59] Started export task: fire_262_dynamic_2021-10-05
[2026-05-16 17:30:00] ------ Processing date=2021-10-06 ------
[2026-05-16 17:30:00] Using viirs_af_path: viirs_af_path
[2026-05-16 17:30:00] VIIRS Image Date: ['2021-10-06 00:00:00']
[2026-05-16 17:30:01] Weather image size: 1
[2026-05-16 17:30:01] Forecast duration: 2021-10-07 00:00:00 to 2021-10-08 00:00:00
[2026-05-16 17:30:03] Number of forecast images: 24
[2026-05-16 17:30:03] Using forecast run: 2021-10-06 18:00:00 UTC
[2026-05-16 17:30:04] Forecast Rain Available hours: [6, 7, 8, 9, 10, 11, 12, 13, 14, 15, 16, 17, 18, 19, 20, 21, 22, 23, 24, 25, 26, 27, 28, 29]
[2026-05-16 17:30:04] Valid hours for sum: [12, 18, 24, 29]
[2026-05-16 17:30:06] Drought composite end date: 2021-10-02 06:00:00
[2026-05-16 17:30:06] Land cover year: 2020
[2026-05-16 17:30:08] VIIRS Veg composite: 2021-09-22 → 2021-10-08
[2026-05-16 17:30:13] Started export task: fire_262_dynamic_2021-10-06
[2026-05-16 17:30:13] ------ Processing date=2021-10-07 ------
[2026-05-16 17:30:13] Using viirs_af_path: viirs_af_path
[2026-05-16 17:30:14] VIIRS Image Date: ['2021-10-07 00:00:00']
[2026-05-16 17:30:15] Weather image size: 1
[2026-05-16 17:30:15] Forecast duration: 2021-10-08 00:00:00 to 2021-10-09 00:00:00
[2026-05-16 17:30:16] Number of forecast images: 24
[2026-05-16 17:30:16] Using forecast run: 2021-10-07 18:00:00 UTC
[2026-05-16 17:30:17] Forecast Rain Available hours: [6, 7, 8, 9, 10, 11, 12, 13, 14, 15, 16, 17, 18, 19, 20, 21, 22, 23, 24, 25, 26, 27, 28, 29]
[2026-05-16 17:30:17] Valid hours for sum: [12, 18, 24, 29]
[2026-05-16 17:30:20] Drought composite end date: 2021-10-02 06:00:00
[2026-05-16 17:30:21] Land cover year: 2020
[2026-05-16 17:30:23] VIIRS Veg composite: 2021-09-22 → 2021-10-08
[2026-05-16 17:30:28] Started export task: fire_262_dynamic_2021-10-07
[2026-05-16 17:30:28] ------ Processing date=2021-10-08 ------
[2026-05-16 17:30:28] Using viirs_af_path: viirs_af_path
[2026-05-16 17:30:29] VIIRS Image Date: ['2021-10-08 00:00:00']
[2026-05-16 17:30:29] Weather image size: 1
[2026-05-16 17:30:29] Forecast duration: 2021-10-09 00:00:00 to 2021-10-10 00:00:00
[2026-05-16 17:30:31] Number of forecast images: 24
[2026-05-16 17:30:31] Using forecast run: 2021-10-08 18:00:00 UTC
[2026-05-16 17:30:32] Forecast Rain Available hours: [6, 7, 8, 9, 10, 11, 12, 13, 14, 15, 16, 17, 18, 19, 20, 21, 22, 23, 24, 25, 26, 27, 28, 29]
[2026-05-16 17:30:32] Valid hours for sum: [12, 18, 24, 29]
[2026-05-16 17:30:36] Drought composite end date: 2021-10-07 06:00:00
[2026-05-16 17:30:36] Land cover year: 2020
[2026-05-16 17:30:38] VIIRS Veg composite: 2021-09-22 → 2021-10-08
[2026-05-16 17:30:41] Started export task: fire_262_dynamic_2021-10-08
[2026-05-16 17:30:42] ------ Processing date=2021-10-09 ------
[2026-05-16 17:30:42] Using viirs_af_path: viirs_af_path
[2026-05-16 17:30:43] VIIRS Image Date: ['2021-10-09 00:00:00']
[2026-05-16 17:30:43] Weather image size: 1
[2026-05-16 17:30:43] Forecast duration: 2021-10-10 00:00:00 to 2021-10-11 00:00:00
[2026-05-16 17:30:45] Number of forecast images: 24
[2026-05-16 17:30:45] Using forecast run: 2021-10-09 18:00:00 UTC
[2026-05-16 17:30:46] Forecast Rain Available hours: [6, 7, 8, 9, 10, 11, 12, 13, 14, 15, 16, 17, 18, 19, 20, 21, 22, 23, 24, 25, 26, 27, 28, 29]
[2026-05-16 17:30:46] Valid hours for sum: [12, 18, 24, 29]
[2026-05-16 17:30:49] Drought composite end date: 2021-10-07 06:00:00
[2026-05-16 17:30:49] Land cover year: 2020
[2026-05-16 17:30:52] VIIRS Veg composite: 2021-09-22 → 2021-10-08
[2026-05-16 17:30:57] Started export task: fire_262_dynamic_2021-10-09
[2026-05-16 17:30:58] ------ Processing date=2021-10-10 ------
[2026-05-16 17:30:58] Using viirs_af_path: viirs_af_path
[2026-05-16 17:30:58] VIIRS Image Date: ['2021-10-10 00:00:00']
[2026-05-16 17:30:59] Weather image size: 1
[2026-05-16 17:30:59] Forecast duration: 2021-10-11 00:00:00 to 2021-10-12 00:00:00
[2026-05-16 17:30:59] Number of forecast images: 24
[2026-05-16 17:30:59] Using forecast run: 2021-10-10 18:00:00 UTC
[2026-05-16 17:31:00] Forecast Rain Available hours: [6, 7, 8, 9, 10, 11, 12, 13, 14, 15, 16, 17, 18, 19, 20, 21, 22, 23, 24, 25, 26, 27, 28, 29]
[2026-05-16 17:31:00] Valid hours for sum: [12, 18, 24, 29]
[2026-05-16 17:31:02] Drought composite end date: 2021-10-07 06:00:00
[2026-05-16 17:31:02] Land cover year: 2020
[2026-05-16 17:31:04] VIIRS Veg composite: 2021-09-22 → 2021-10-08
[2026-05-16 17:31:07] Started export task: fire_262_dynamic_2021-10-10
[2026-05-16 17:31:08] ------ Processing date=2021-10-11 ------
[2026-05-16 17:31:08] Using viirs_af_path: viirs_af_path
[2026-05-16 17:31:08] VIIRS Image Date: ['2021-10-11 00:00:00']
[2026-05-16 17:31:09] Weather image size: 1
[2026-05-16 17:31:09] Forecast duration: 2021-10-12 00:00:00 to 2021-10-13 00:00:00
[2026-05-16 17:31:10] Number of forecast images: 24
[2026-05-16 17:31:10] Using forecast run: 2021-10-11 18:00:00 UTC
[2026-05-16 17:31:10] Forecast Rain Available hours: [6, 7, 8, 9, 10, 11, 12, 13, 14, 15, 16, 17, 18, 19, 20, 21, 22, 23, 24, 25, 26, 27, 28, 29]
[2026-05-16 17:31:10] Valid hours for sum: [12, 18, 24, 29]
[2026-05-16 17:31:12] Drought composite end date: 2021-10-07 06:00:00
[2026-05-16 17:31:13] Land cover year: 2020
[2026-05-16 17:31:15] VIIRS Veg composite: 2021-09-22 → 2021-10-08
[2026-05-16 17:31:19] Started export task: fire_262_dynamic_2021-10-11
[2026-05-16 17:31:19] ------ Processing date=2021-10-12 ------
[2026-05-16 17:31:19] Using viirs_af_path: viirs_af_path
[2026-05-16 17:31:20] VIIRS Image Date: ['2021-10-12 00:00:00']
[2026-05-16 17:31:20] Weather image size: 1
[2026-05-16 17:31:20] Forecast duration: 2021-10-13 00:00:00 to 2021-10-14 00:00:00
[2026-05-16 17:31:21] Number of forecast images: 24
[2026-05-16 17:31:21] Using forecast run: 2021-10-12 18:00:00 UTC
[2026-05-16 17:31:22] Forecast Rain Available hours: [6, 7, 8, 9, 10, 11, 12, 13, 14, 15, 16, 17, 18, 19, 20, 21, 22, 23, 24, 25, 26, 27, 28, 29]
[2026-05-16 17:31:22] Valid hours for sum: [12, 18, 24, 29]
[2026-05-16 17:31:24] Drought composite end date: 2021-10-07 06:00:00
[2026-05-16 17:31:25] Land cover year: 2020
[2026-05-16 17:31:26] VIIRS Veg composite: 2021-09-22 → 2021-10-08
[2026-05-16 17:31:30] Started export task: fire_262_dynamic_2021-10-12
[2026-05-16 17:31:31] ------ Processing date=2021-10-13 ------
[2026-05-16 17:31:31] Using viirs_af_path: viirs_af_path
[2026-05-16 17:31:31] VIIRS Image Date: ['2021-10-13 00:00:00']
[2026-05-16 17:31:31] Weather image size: 1
[2026-05-16 17:31:31] Forecast duration: 2021-10-14 00:00:00 to 2021-10-15 00:00:00
[2026-05-16 17:31:33] Number of forecast images: 24
[2026-05-16 17:31:33] Using forecast run: 2021-10-13 18:00:00 UTC
[2026-05-16 17:31:34] Forecast Rain Available hours: [6, 7, 8, 9, 10, 11, 12, 13, 14, 15, 16, 17, 18, 19, 20, 21, 22, 23, 24, 25, 26, 27, 28, 29]
[2026-05-16 17:31:34] Valid hours for sum: [12, 18, 24, 29]
[2026-05-16 17:31:36] Drought composite end date: 2021-10-12 06:00:00
[2026-05-16 17:31:37] Land cover year: 2020
[2026-05-16 17:31:38] VIIRS Veg composite: 2021-09-22 → 2021-10-08
[2026-05-16 17:31:43] Started export task: fire_262_dynamic_2021-10-13
[2026-05-16 17:31:43] ------ Processing date=2021-10-14 ------
[2026-05-16 17:31:43] Using viirs_af_path: viirs_af_path
[2026-05-16 17:31:44] VIIRS Image Date: ['2021-10-14 00:00:00']
[2026-05-16 17:31:44] Weather image size: 1
[2026-05-16 17:31:44] Forecast duration: 2021-10-15 00:00:00 to 2021-10-16 00:00:00
[2026-05-16 17:31:45] Number of forecast images: 24
[2026-05-16 17:31:45] Using forecast run: 2021-10-14 18:00:00 UTC
[2026-05-16 17:31:46] Forecast Rain Available hours: [6, 7, 8, 9, 10, 11, 12, 13, 14, 15, 16, 17, 18, 19, 20, 21, 22, 23, 24, 25, 26, 27, 28, 29]
[2026-05-16 17:31:46] Valid hours for sum: [12, 18, 24, 29]
[2026-05-16 17:31:48] Drought composite end date: 2021-10-12 06:00:00
[2026-05-16 17:31:49] Land cover year: 2020
[2026-05-16 17:31:51] VIIRS Veg composite: 2021-09-22 → 2021-10-08
[2026-05-16 17:31:54] Started export task: fire_262_dynamic_2021-10-14
[2026-05-16 17:31:55] ------ Processing date=2021-10-15 ------
[2026-05-16 17:31:55] Using viirs_af_path: viirs_af_path
[2026-05-16 17:31:55] VIIRS Image Date: ['2021-10-15 00:00:00']
[2026-05-16 17:31:56] Weather image size: 1
[2026-05-16 17:31:56] Forecast duration: 2021-10-16 00:00:00 to 2021-10-17 00:00:00
[2026-05-16 17:31:57] Number of forecast images: 24
[2026-05-16 17:31:57] Using forecast run: 2021-10-15 18:00:00 UTC
[2026-05-16 17:31:57] Forecast Rain Available hours: [6, 7, 8, 9, 10, 11, 12, 13, 14, 15, 16, 17, 18, 19, 20, 21, 22, 23, 24, 25, 26, 27, 28, 29]
[2026-05-16 17:31:57] Valid hours for sum: [12, 18, 24, 29]
[2026-05-16 17:31:59] Drought composite end date: 2021-10-12 06:00:00
[2026-05-16 17:32:00] Land cover year: 2020
[2026-05-16 17:32:01] VIIRS Veg composite: 2021-09-22 → 2021-10-08
[2026-05-16 17:32:05] Started export task: fire_262_dynamic_2021-10-15
[2026-05-16 17:32:06] ------ Processing date=2021-10-16 ------
[2026-05-16 17:32:06] Using viirs_af_path: viirs_af_path
[2026-05-16 17:32:06] VIIRS Image Date: ['2021-10-16 00:00:00']
[2026-05-16 17:32:07] Weather image size: 1
[2026-05-16 17:32:07] Forecast duration: 2021-10-17 00:00:00 to 2021-10-18 00:00:00
[2026-05-16 17:32:08] Number of forecast images: 24
[2026-05-16 17:32:08] Using forecast run: 2021-10-16 18:00:00 UTC
[2026-05-16 17:32:09] Forecast Rain Available hours: [6, 7, 8, 9, 10, 11, 12, 13, 14, 15, 16, 17, 18, 19, 20, 21, 22, 23, 24, 25, 26, 27, 28, 29]
[2026-05-16 17:32:09] Valid hours for sum: [12, 18, 24, 29]
[2026-05-16 17:32:11] Drought composite end date: 2021-10-12 06:00:00
[2026-05-16 17:32:11] Land cover year: 2020
[2026-05-16 17:32:12] VIIRS Veg composite: 2021-09-22 → 2021-10-08
[2026-05-16 17:32:16] Started export task: fire_262_dynamic_2021-10-16
[2026-05-16 17:32:17] ------ Processing date=2021-10-17 ------
[2026-05-16 17:32:17] Using viirs_af_path: viirs_af_path
[2026-05-16 17:32:18] VIIRS Image Date: ['2021-10-17 00:00:00']
[2026-05-16 17:32:18] Weather image size: 1
[2026-05-16 17:32:18] Forecast duration: 2021-10-18 00:00:00 to 2021-10-19 00:00:00
[2026-05-16 17:32:19] Number of forecast images: 24
[2026-05-16 17:32:19] Using forecast run: 2021-10-17 18:00:00 UTC
[2026-05-16 17:32:19] Forecast Rain Available hours: [6, 7, 8, 9, 10, 11, 12, 13, 14, 15, 16, 17, 18, 19, 20, 21, 22, 23, 24, 25, 26, 27, 28, 29]
[2026-05-16 17:32:19] Valid hours for sum: [12, 18, 24, 29]
[2026-05-16 17:32:21] Drought composite end date: 2021-10-12 06:00:00
[2026-05-16 17:32:21] Land cover year: 2020
[2026-05-16 17:32:22] VIIRS Veg composite: 2021-09-22 → 2021-10-08
[2026-05-16 17:32:26] Started export task: fire_262_dynamic_2021-10-17
[2026-05-16 17:32:26] ------ Processing date=2021-10-18 ------
[2026-05-16 17:32:26] Using viirs_af_path: viirs_af_path
[2026-05-16 17:32:27] VIIRS Image Date: ['2021-10-18 00:00:00']
[2026-05-16 17:32:27] Weather image size: 1
[2026-05-16 17:32:27] Forecast duration: 2021-10-19 00:00:00 to 2021-10-20 00:00:00
[2026-05-16 17:32:28] Number of forecast images: 24
[2026-05-16 17:32:28] Using forecast run: 2021-10-18 18:00:00 UTC
[2026-05-16 17:32:28] Forecast Rain Available hours: [6, 7, 8, 9, 10, 11, 12, 13, 14, 15, 16, 17, 18, 19, 20, 21, 22, 23, 24, 25, 26, 27, 28, 29]
[2026-05-16 17:32:28] Valid hours for sum: [12, 18, 24, 29]
[2026-05-16 17:32:30] Drought composite end date: 2021-10-17 06:00:00
[2026-05-16 17:32:31] Land cover year: 2020
[2026-05-16 17:32:32] VIIRS Veg composite: 2021-09-22 → 2021-10-08
[2026-05-16 17:32:37] Started export task: fire_262_dynamic_2021-10-18
[2026-05-16 17:32:37] ------ Processing date=2021-10-19 ------
[2026-05-16 17:32:37] Using viirs_af_path: viirs_af_path
[2026-05-16 17:32:37] VIIRS Image Date: ['2021-10-19 00:00:00']
[2026-05-16 17:32:38] Weather image size: 1
[2026-05-16 17:32:38] Forecast duration: 2021-10-20 00:00:00 to 2021-10-21 00:00:00
[2026-05-16 17:32:39] Number of forecast images: 24
[2026-05-16 17:32:39] Using forecast run: 2021-10-19 18:00:00 UTC
[2026-05-16 17:32:39] Forecast Rain Available hours: [6, 7, 8, 9, 10, 11, 12, 13, 14, 15, 16, 17, 18, 19, 20, 21, 22, 23, 24, 25, 26, 27, 28, 29]
[2026-05-16 17:32:39] Valid hours for sum: [12, 18, 24, 29]
[2026-05-16 17:32:41] Drought composite end date: 2021-10-17 06:00:00
[2026-05-16 17:32:41] Land cover year: 2020
[2026-05-16 17:32:42] VIIRS Veg composite: 2021-09-22 → 2021-10-08
[2026-05-16 17:32:46] Started export task: fire_262_dynamic_2021-10-19
[2026-05-16 17:32:46] END: ----------Event fire_262----------- (Duration: 8.70m)
[2026-05-16 17:32:46] START: ----------Event fire_266-----------
[2026-05-16 17:32:47] ------ Processing date=2021-10-20 ------
[2026-05-16 17:32:47] Using viirs_af_path: viirs_af_path
[2026-05-16 17:32:47] VIIRS Image Date: ['2021-10-20 00:00:00']
[2026-05-16 17:32:48] Weather image size: 1
[2026-05-16 17:32:48] Forecast duration: 2021-10-21 00:00:00 to 2021-10-22 00:00:00
[2026-05-16 17:32:49] Number of forecast images: 24
[2026-05-16 17:32:49] Using forecast run: 2021-10-20 18:00:00 UTC
[2026-05-16 17:32:50] Forecast Rain Available hours: [6, 7, 8, 9, 10, 11, 12, 13, 14, 15, 16, 17, 18, 19, 20, 21, 22, 23, 24, 25, 26, 27, 28, 29]
[2026-05-16 17:32:50] Valid hours for sum: [12, 18, 24, 29]
[2026-05-16 17:32:53] Drought composite end date: 2021-10-17 06:00:00
[2026-05-16 17:32:54] Land cover year: 2020
[2026-05-16 17:32:56] VIIRS Veg composite: 2021-10-08 → 2021-10-24
[2026-05-16 17:33:00] Started export task: fire_266_static
[2026-05-16 17:33:01] Started export task: fire_266_dynamic_2021-10-20
[2026-05-16 17:33:02] ------ Processing date=2021-10-21 ------
[2026-05-16 17:33:02] Using viirs_af_path: viirs_af_path
[2026-05-16 17:33:02] VIIRS Image Date: ['2021-10-21 00:00:00']
[2026-05-16 17:33:02] Weather image size: 1
[2026-05-16 17:33:02] Forecast duration: 2021-10-22 00:00:00 to 2021-10-23 00:00:00
[2026-05-16 17:33:03] Number of forecast images: 24
[2026-05-16 17:33:03] Using forecast run: 2021-10-21 18:00:00 UTC
[2026-05-16 17:33:03] Forecast Rain Available hours: [6, 7, 8, 9, 10, 11, 12, 13, 14, 15, 16, 17, 18, 19, 20, 21, 22, 23, 24, 25, 26, 27, 28, 29]
[2026-05-16 17:33:03] Valid hours for sum: [12, 18, 24, 29]
[2026-05-16 17:33:05] Drought composite end date: 2021-10-17 06:00:00
[2026-05-16 17:33:05] Land cover year: 2020
[2026-05-16 17:33:06] VIIRS Veg composite: 2021-10-08 → 2021-10-24
[2026-05-16 17:33:11] Started export task: fire_266_dynamic_2021-10-21
[2026-05-16 17:33:11] ------ Processing date=2021-10-22 ------
[2026-05-16 17:33:11] Using viirs_af_path: viirs_af_path
[2026-05-16 17:33:11] VIIRS Image Date: ['2021-10-22 00:00:00']
[2026-05-16 17:33:12] Weather image size: 1
[2026-05-16 17:33:12] Forecast duration: 2021-10-23 00:00:00 to 2021-10-24 00:00:00
[2026-05-16 17:33:13] Number of forecast images: 24
[2026-05-16 17:33:13] Using forecast run: 2021-10-22 18:00:00 UTC
[2026-05-16 17:33:13] Forecast Rain Available hours: [6, 7, 8, 9, 10, 11, 12, 13, 14, 15, 16, 17, 18, 19, 20, 21, 22, 23, 24, 25, 26, 27, 28, 29]
[2026-05-16 17:33:13] Valid hours for sum: [12, 18, 24, 29]
[2026-05-16 17:33:16] Drought composite end date: 2021-10-17 06:00:00
[2026-05-16 17:33:16] Land cover year: 2020
[2026-05-16 17:33:18] VIIRS Veg composite: 2021-10-08 → 2021-10-24
[2026-05-16 17:33:22] Started export task: fire_266_dynamic_2021-10-22
[2026-05-16 17:33:23] ------ Processing date=2021-10-23 ------
[2026-05-16 17:33:23] Using viirs_af_path: viirs_af_path
[2026-05-16 17:33:23] VIIRS Image Date: ['2021-10-23 00:00:00']
[2026-05-16 17:33:23] Weather image size: 1
[2026-05-16 17:33:23] Forecast duration: 2021-10-24 00:00:00 to 2021-10-25 00:00:00
[2026-05-16 17:33:24] Number of forecast images: 24
[2026-05-16 17:33:24] Using forecast run: 2021-10-23 18:00:00 UTC
[2026-05-16 17:33:24] Forecast Rain Available hours: [6, 7, 8, 9, 10, 11, 12, 13, 14, 15, 16, 17, 18, 19, 20, 21, 22, 23, 24, 25, 26, 27, 28, 29]
[2026-05-16 17:33:24] Valid hours for sum: [12, 18, 24, 29]
[2026-05-16 17:33:26] Drought composite end date: 2021-10-22 06:00:00
[2026-05-16 17:33:27] Land cover year: 2020
[2026-05-16 17:33:28] VIIRS Veg composite: 2021-10-08 → 2021-10-24
[2026-05-16 17:33:32] Started export task: fire_266_dynamic_2021-10-23
[2026-05-16 17:33:33] ------ Processing date=2021-10-24 ------
[2026-05-16 17:33:33] Using viirs_af_path: viirs_af_path
[2026-05-16 17:33:33] VIIRS Image Date: ['2021-10-24 00:00:00']
[2026-05-16 17:33:33] Weather image size: 1
[2026-05-16 17:33:33] Forecast duration: 2021-10-25 00:00:00 to 2021-10-26 00:00:00
[2026-05-16 17:33:34] Number of forecast images: 24
[2026-05-16 17:33:34] Using forecast run: 2021-10-24 18:00:00 UTC
[2026-05-16 17:33:34] Forecast Rain Available hours: [6, 7, 8, 9, 10, 11, 12, 13, 14, 15, 16, 17, 18, 19, 20, 21, 22, 23, 24, 25, 26, 27, 28, 29]
[2026-05-16 17:33:34] Valid hours for sum: [12, 18, 24, 29]
[2026-05-16 17:33:37] Drought composite end date: 2021-10-22 06:00:00
[2026-05-16 17:33:38] Land cover year: 2020
[2026-05-16 17:33:38] VIIRS Veg composite: 2021-10-08 → 2021-10-24
[2026-05-16 17:33:43] Started export task: fire_266_dynamic_2021-10-24
[2026-05-16 17:33:43] ------ Processing date=2021-10-25 ------
[2026-05-16 17:33:43] Using viirs_af_path: viirs_af_path
[2026-05-16 17:33:44] VIIRS Image Date: ['2021-10-25 00:00:00']
[2026-05-16 17:33:44] Weather image size: 1
[2026-05-16 17:33:44] Forecast duration: 2021-10-26 00:00:00 to 2021-10-27 00:00:00
[2026-05-16 17:33:44] Number of forecast images: 24
[2026-05-16 17:33:44] Using forecast run: 2021-10-25 18:00:00 UTC
[2026-05-16 17:33:45] Forecast Rain Available hours: [6, 7, 8, 9, 10, 11, 12, 13, 14, 15, 16, 17, 18, 19, 20, 21, 22, 23, 24, 25, 26, 27, 28, 29]
[2026-05-16 17:33:45] Valid hours for sum: [12, 18, 24, 29]
[2026-05-16 17:33:47] Drought composite end date: 2021-10-22 06:00:00
[2026-05-16 17:33:47] Land cover year: 2020
[2026-05-16 17:33:49] VIIRS Veg composite: 2021-10-08 → 2021-10-24
[2026-05-16 17:33:55] Started export task: fire_266_dynamic_2021-10-25
[2026-05-16 17:33:55] ------ Processing date=2021-10-26 ------
[2026-05-16 17:33:55] Using viirs_af_path: viirs_af_path
[2026-05-16 17:33:55] VIIRS Image Date: ['2021-10-26 00:00:00']
[2026-05-16 17:33:55] Weather image size: 1
[2026-05-16 17:33:55] Forecast duration: 2021-10-27 00:00:00 to 2021-10-28 00:00:00
[2026-05-16 17:33:56] Number of forecast images: 24
[2026-05-16 17:33:56] Using forecast run: 2021-10-26 18:00:00 UTC
[2026-05-16 17:33:56] Forecast Rain Available hours: [6, 7, 8, 9, 10, 11, 12, 13, 14, 15, 16, 17, 18, 19, 20, 21, 22, 23, 24, 25, 26, 27, 28, 29]
[2026-05-16 17:33:56] Valid hours for sum: [12, 18, 24, 29]
[2026-05-16 17:33:58] Drought composite end date: 2021-10-22 06:00:00
[2026-05-16 17:33:58] Land cover year: 2020
[2026-05-16 17:34:00] VIIRS Veg composite: 2021-10-08 → 2021-10-24
[2026-05-16 17:34:03] Started export task: fire_266_dynamic_2021-10-26
[2026-05-16 17:34:04] ------ Processing date=2021-10-27 ------
[2026-05-16 17:34:04] Using viirs_af_path: viirs_af_path
[2026-05-16 17:34:04] VIIRS Image Date: ['2021-10-27 00:00:00']
[2026-05-16 17:34:04] Weather image size: 1
[2026-05-16 17:34:04] Forecast duration: 2021-10-28 00:00:00 to 2021-10-29 00:00:00
[2026-05-16 17:34:05] Number of forecast images: 24
[2026-05-16 17:34:05] Using forecast run: 2021-10-27 18:00:00 UTC
[2026-05-16 17:34:06] Forecast Rain Available hours: [6, 7, 8, 9, 10, 11, 12, 13, 14, 15, 16, 17, 18, 19, 20, 21, 22, 23, 24, 25, 26, 27, 28, 29]
[2026-05-16 17:34:06] Valid hours for sum: [12, 18, 24, 29]
[2026-05-16 17:34:08] Drought composite end date: 2021-10-22 06:00:00
[2026-05-16 17:34:09] Land cover year: 2020
[2026-05-16 17:34:10] VIIRS Veg composite: 2021-10-08 → 2021-10-24
[2026-05-16 17:34:14] Started export task: fire_266_dynamic_2021-10-27
[2026-05-16 17:34:14] ------ Processing date=2021-10-28 ------
[2026-05-16 17:34:14] Using viirs_af_path: viirs_af_path
[2026-05-16 17:34:15] VIIRS Image Date: ['2021-10-28 00:00:00']
[2026-05-16 17:34:15] Weather image size: 1
[2026-05-16 17:34:15] Forecast duration: 2021-10-29 00:00:00 to 2021-10-30 00:00:00
[2026-05-16 17:34:16] Number of forecast images: 24
[2026-05-16 17:34:16] Using forecast run: 2021-10-28 18:00:00 UTC
[2026-05-16 17:34:16] Forecast Rain Available hours: [6, 7, 8, 9, 10, 11, 12, 13, 14, 15, 16, 17, 18, 19, 20, 21, 22, 23, 24, 25, 26, 27, 28, 29]
[2026-05-16 17:34:16] Valid hours for sum: [12, 18, 24, 29]
[2026-05-16 17:34:18] Drought composite end date: 2021-10-27 06:00:00
[2026-05-16 17:34:18] Land cover year: 2020
[2026-05-16 17:34:19] VIIRS Veg composite: 2021-10-08 → 2021-10-24
[2026-05-16 17:34:24] Started export task: fire_266_dynamic_2021-10-28
[2026-05-16 17:34:24] ------ Processing date=2021-10-29 ------
[2026-05-16 17:34:24] Using viirs_af_path: viirs_af_path
[2026-05-16 17:34:24] VIIRS Image Date: ['2021-10-29 00:00:00']
[2026-05-16 17:34:25] Weather image size: 1
[2026-05-16 17:34:25] Forecast duration: 2021-10-30 00:00:00 to 2021-10-31 00:00:00
[2026-05-16 17:34:26] Number of forecast images: 24
[2026-05-16 17:34:26] Using forecast run: 2021-10-29 18:00:00 UTC
[2026-05-16 17:34:27] Forecast Rain Available hours: [6, 7, 8, 9, 10, 11, 12, 13, 14, 15, 16, 17, 18, 19, 20, 21, 22, 23, 24, 25, 26, 27, 28, 29]
[2026-05-16 17:34:27] Valid hours for sum: [12, 18, 24, 29]
[2026-05-16 17:34:33] Drought composite end date: 2021-10-27 06:00:00
[2026-05-16 17:34:34] Land cover year: 2020
[2026-05-16 17:34:34] VIIRS Veg composite: 2021-10-08 → 2021-10-24
[2026-05-16 17:34:39] Started export task: fire_266_dynamic_2021-10-29
[2026-05-16 17:34:39] ------ Processing date=2021-10-30 ------
[2026-05-16 17:34:39] Using viirs_af_path: viirs_af_path
[2026-05-16 17:34:39] VIIRS Image Date: ['2021-10-30 00:00:00']
[2026-05-16 17:34:40] Weather image size: 1
[2026-05-16 17:34:40] Forecast duration: 2021-10-31 00:00:00 to 2021-11-01 00:00:00
[2026-05-16 17:34:41] Number of forecast images: 24
[2026-05-16 17:34:41] Using forecast run: 2021-10-30 18:00:00 UTC
[2026-05-16 17:34:42] Forecast Rain Available hours: [6, 7, 8, 9, 10, 11, 12, 13, 14, 15, 16, 17, 18, 19, 20, 21, 22, 23, 24, 25, 26, 27, 28, 29]
[2026-05-16 17:34:42] Valid hours for sum: [12, 18, 24, 29]
[2026-05-16 17:34:44] Drought composite end date: 2021-10-27 06:00:00
[2026-05-16 17:34:44] Land cover year: 2020
[2026-05-16 17:34:45] VIIRS Veg composite: 2021-10-08 → 2021-10-24
[2026-05-16 17:34:49] Started export task: fire_266_dynamic_2021-10-30
[2026-05-16 17:34:49] ------ Processing date=2021-10-31 ------
[2026-05-16 17:34:49] Using viirs_af_path: viirs_af_path
[2026-05-16 17:34:49] VIIRS Image Date: ['2021-10-31 00:00:00']
[2026-05-16 17:34:49] Weather image size: 1
[2026-05-16 17:34:49] Forecast duration: 2021-11-01 00:00:00 to 2021-11-02 00:00:00
[2026-05-16 17:34:50] Number of forecast images: 24
[2026-05-16 17:34:50] Using forecast run: 2021-10-31 18:00:00 UTC
[2026-05-16 17:34:51] Forecast Rain Available hours: [6, 7, 8, 9, 10, 11, 12, 13, 14, 15, 16, 17, 18, 19, 20, 21, 22, 23, 24, 25, 26, 27, 28, 29]
[2026-05-16 17:34:51] Valid hours for sum: [12, 18, 24, 29]
[2026-05-16 17:34:52] Drought composite end date: 2021-10-27 06:00:00
[2026-05-16 17:34:52] Land cover year: 2020
[2026-05-16 17:34:53] VIIRS Veg composite: 2021-10-08 → 2021-10-24
[2026-05-16 17:34:57] Started export task: fire_266_dynamic_2021-10-31
[2026-05-16 17:34:58] ------ Processing date=2021-11-01 ------
[2026-05-16 17:34:58] Using viirs_af_path: viirs_af_path
[2026-05-16 17:34:58] VIIRS Image Date: ['2021-11-01 00:00:00']
[2026-05-16 17:34:58] Weather image size: 1
[2026-05-16 17:34:58] Forecast duration: 2021-11-02 00:00:00 to 2021-11-03 00:00:00
[2026-05-16 17:35:00] Number of forecast images: 24
[2026-05-16 17:35:00] Using forecast run: 2021-11-01 18:00:00 UTC
[2026-05-16 17:35:00] Forecast Rain Available hours: [6, 7, 8, 9, 10, 11, 12, 13, 14, 15, 16, 17, 18, 19, 20, 21, 22, 23, 24, 25, 26, 27, 28, 29]
[2026-05-16 17:35:00] Valid hours for sum: [12, 18, 24, 29]
[2026-05-16 17:35:03] Drought composite end date: 2021-10-27 06:00:00
[2026-05-16 17:35:03] Land cover year: 2020
[2026-05-16 17:35:04] VIIRS Veg composite: 2021-10-08 → 2021-10-24
[2026-05-16 17:35:09] Started export task: fire_266_dynamic_2021-11-01
[2026-05-16 17:35:09] ------ Processing date=2021-11-02 ------
[2026-05-16 17:35:09] Using viirs_af_path: viirs_af_path
[2026-05-16 17:35:10] VIIRS Image Date: ['2021-11-02 00:00:00']
[2026-05-16 17:35:10] Weather image size: 1
[2026-05-16 17:35:10] Forecast duration: 2021-11-03 00:00:00 to 2021-11-04 00:00:00
[2026-05-16 17:35:11] Number of forecast images: 24
[2026-05-16 17:35:11] Using forecast run: 2021-11-02 18:00:00 UTC
[2026-05-16 17:35:11] Forecast Rain Available hours: [6, 7, 8, 9, 10, 11, 12, 13, 14, 15, 16, 17, 18, 19, 20, 21, 22, 23, 24, 25, 26, 27, 28, 29]
[2026-05-16 17:35:11] Valid hours for sum: [12, 18, 24, 29]
[2026-05-16 17:35:14] Drought composite end date: 2021-11-01 06:00:00
[2026-05-16 17:35:14] Land cover year: 2020
[2026-05-16 17:35:15] VIIRS Veg composite: 2021-10-08 → 2021-10-24
[2026-05-16 17:35:18] Started export task: fire_266_dynamic_2021-11-02
[2026-05-16 17:35:19] ------ Processing date=2021-11-03 ------
[2026-05-16 17:35:19] Using viirs_af_path: viirs_af_path
[2026-05-16 17:35:19] VIIRS Image Date: ['2021-11-03 00:00:00']
[2026-05-16 17:35:19] Weather image size: 1
[2026-05-16 17:35:19] Forecast duration: 2021-11-04 00:00:00 to 2021-11-05 00:00:00
[2026-05-16 17:35:20] Number of forecast images: 24
[2026-05-16 17:35:20] Using forecast run: 2021-11-03 18:00:00 UTC
[2026-05-16 17:35:20] Forecast Rain Available hours: [6, 7, 8, 9, 10, 11, 12, 13, 14, 15, 16, 17, 18, 19, 20, 21, 22, 23, 24, 25, 26, 27, 28, 29]
[2026-05-16 17:35:20] Valid hours for sum: [12, 18, 24, 29]
[2026-05-16 17:35:22] Drought composite end date: 2021-11-01 06:00:00
[2026-05-16 17:35:22] Land cover year: 2020
[2026-05-16 17:35:23] VIIRS Veg composite: 2021-10-08 → 2021-10-24
[2026-05-16 17:35:27] Started export task: fire_266_dynamic_2021-11-03
[2026-05-16 17:35:28] END: ----------Event fire_266----------- (Duration: 2.69m)
[2026-05-16 17:35:28] START: ----------Event fire_298-----------
[2026-05-16 17:35:28] ------ Processing date=2021-11-22 ------
[2026-05-16 17:35:28] Using viirs_af_path: viirs_af_path
[2026-05-16 17:35:28] VIIRS Image Date: ['2021-11-22 00:00:00']
[2026-05-16 17:35:28] Weather image size: 1
[2026-05-16 17:35:28] Forecast duration: 2021-11-23 00:00:00 to 2021-11-24 00:00:00
[2026-05-16 17:35:29] Number of forecast images: 24
[2026-05-16 17:35:29] Using forecast run: 2021-11-22 18:00:00 UTC
[2026-05-16 17:35:30] Forecast Rain Available hours: [6, 7, 8, 9, 10, 11, 12, 13, 14, 15, 16, 17, 18, 19, 20, 21, 22, 23, 24, 25, 26, 27, 28, 29]
[2026-05-16 17:35:30] Valid hours for sum: [12, 18, 24, 29]
[2026-05-16 17:35:33] Drought composite end date: 2021-11-21 06:00:00
[2026-05-16 17:35:33] Land cover year: 2020
[2026-05-16 17:35:33] VIIRS Veg composite: 2021-11-09 → 2021-11-25
[2026-05-16 17:35:38] Started export task: fire_298_static
[2026-05-16 17:35:39] Started export task: fire_298_dynamic_2021-11-22
[2026-05-16 17:35:40] ------ Processing date=2021-11-23 ------
[2026-05-16 17:35:40] Using viirs_af_path: viirs_af_path
[2026-05-16 17:35:40] VIIRS Image Date: ['2021-11-23 00:00:00']
[2026-05-16 17:35:40] Weather image size: 1
[2026-05-16 17:35:40] Forecast duration: 2021-11-24 00:00:00 to 2021-11-25 00:00:00
[2026-05-16 17:35:41] Number of forecast images: 24
[2026-05-16 17:35:41] Using forecast run: 2021-11-23 18:00:00 UTC
[2026-05-16 17:35:42] Forecast Rain Available hours: [6, 7, 8, 9, 10, 11, 12, 13, 14, 15, 16, 17, 18, 19, 20, 21, 22, 23, 24, 25, 26, 27, 28, 29]
[2026-05-16 17:35:42] Valid hours for sum: [12, 18, 24, 29]
[2026-05-16 17:35:44] Drought composite end date: 2021-11-21 06:00:00
[2026-05-16 17:35:44] Land cover year: 2020
[2026-05-16 17:35:45] VIIRS Veg composite: 2021-11-09 → 2021-11-25
[2026-05-16 17:35:50] Started export task: fire_298_dynamic_2021-11-23
[2026-05-16 17:35:54] ------ Processing date=2021-11-24 ------
[2026-05-16 17:35:54] Using viirs_af_path: viirs_af_path
[2026-05-16 17:35:54] VIIRS Image Date: ['2021-11-24 00:00:00']
[2026-05-16 17:35:55] Weather image size: 1
[2026-05-16 17:35:55] Forecast duration: 2021-11-25 00:00:00 to 2021-11-26 00:00:00
[2026-05-16 17:35:55] Number of forecast images: 24
[2026-05-16 17:35:55] Using forecast run: 2021-11-24 18:00:00 UTC
[2026-05-16 17:35:56] Forecast Rain Available hours: [6, 7, 8, 9, 10, 11, 12, 13, 14, 15, 16, 17, 18, 19, 20, 21, 22, 23, 24, 25, 26, 27, 28, 29]
[2026-05-16 17:35:56] Valid hours for sum: [12, 18, 24, 29]
[2026-05-16 17:35:58] Drought composite end date: 2021-11-21 06:00:00
[2026-05-16 17:35:58] Land cover year: 2020
[2026-05-16 17:35:59] VIIRS Veg composite: 2021-11-09 → 2021-11-25
[2026-05-16 17:36:03] Started export task: fire_298_dynamic_2021-11-24
[2026-05-16 17:36:03] ------ Processing date=2021-11-25 ------
[2026-05-16 17:36:03] Using viirs_af_path: viirs_af_path
[2026-05-16 17:36:04] VIIRS Image Date: ['2021-11-25 00:00:00']
[2026-05-16 17:36:04] Weather image size: 1
[2026-05-16 17:36:04] Forecast duration: 2021-11-26 00:00:00 to 2021-11-27 00:00:00
[2026-05-16 17:36:05] Number of forecast images: 24
[2026-05-16 17:36:05] Using forecast run: 2021-11-25 18:00:00 UTC
[2026-05-16 17:36:05] Forecast Rain Available hours: [6, 7, 8, 9, 10, 11, 12, 13, 14, 15, 16, 17, 18, 19, 20, 21, 22, 23, 24, 25, 26, 27, 28, 29]
[2026-05-16 17:36:05] Valid hours for sum: [12, 18, 24, 29]
[2026-05-16 17:36:08] Drought composite end date: 2021-11-21 06:00:00
[2026-05-16 17:36:08] Land cover year: 2020
[2026-05-16 17:36:09] VIIRS Veg composite: 2021-11-09 → 2021-11-25
[2026-05-16 17:36:11] Started export task: fire_298_dynamic_2021-11-25
[2026-05-16 17:36:12] ------ Processing date=2021-11-26 ------
[2026-05-16 17:36:12] Using viirs_af_path: viirs_af_path
[2026-05-16 17:36:12] VIIRS Image Date: ['2021-11-26 00:00:00']
[2026-05-16 17:36:13] Weather image size: 1
[2026-05-16 17:36:13] Forecast duration: 2021-11-27 00:00:00 to 2021-11-28 00:00:00
[2026-05-16 17:36:14] Number of forecast images: 24
[2026-05-16 17:36:14] Using forecast run: 2021-11-26 18:00:00 UTC
[2026-05-16 17:36:15] Forecast Rain Available hours: [6, 7, 8, 9, 10, 11, 12, 13, 14, 15, 16, 17, 18, 19, 20, 21, 22, 23, 24, 25, 26, 27, 28, 29]
[2026-05-16 17:36:15] Valid hours for sum: [12, 18, 24, 29]
[2026-05-16 17:36:17] Drought composite end date: 2021-11-21 06:00:00
[2026-05-16 17:36:18] Land cover year: 2020
[2026-05-16 17:36:19] VIIRS Veg composite: 2021-11-09 → 2021-11-25
[2026-05-16 17:36:23] Started export task: fire_298_dynamic_2021-11-26
[2026-05-16 17:36:24] ------ Processing date=2021-11-27 ------
[2026-05-16 17:36:24] Using viirs_af_path: viirs_af_path
[2026-05-16 17:36:24] VIIRS Image Date: ['2021-11-27 00:00:00']
[2026-05-16 17:36:24] Weather image size: 1
[2026-05-16 17:36:24] Forecast duration: 2021-11-28 00:00:00 to 2021-11-29 00:00:00
[2026-05-16 17:36:25] Number of forecast images: 24
[2026-05-16 17:36:25] Using forecast run: 2021-11-27 18:00:00 UTC
[2026-05-16 17:36:26] Forecast Rain Available hours: [6, 7, 8, 9, 10, 11, 12, 13, 14, 15, 16, 17, 18, 19, 20, 21, 22, 23, 24, 25, 26, 27, 28, 29]
[2026-05-16 17:36:26] Valid hours for sum: [12, 18, 24, 29]
[2026-05-16 17:36:27] Drought composite end date: 2021-11-26 06:00:00
[2026-05-16 17:36:28] Land cover year: 2020
[2026-05-16 17:36:30] VIIRS Veg composite: 2021-11-09 → 2021-11-25
[2026-05-16 17:36:35] Started export task: fire_298_dynamic_2021-11-27
[2026-05-16 17:36:35] ------ Processing date=2021-11-28 ------
[2026-05-16 17:36:35] Using viirs_af_path: viirs_af_path
[2026-05-16 17:36:36] VIIRS Image Date: ['2021-11-28 00:00:00']
[2026-05-16 17:36:36] Weather image size: 1
[2026-05-16 17:36:36] Forecast duration: 2021-11-29 00:00:00 to 2021-11-30 00:00:00
[2026-05-16 17:36:37] Number of forecast images: 24
[2026-05-16 17:36:37] Using forecast run: 2021-11-28 18:00:00 UTC
[2026-05-16 17:36:37] Forecast Rain Available hours: [6, 7, 8, 9, 10, 11, 12, 13, 14, 15, 16, 17, 18, 19, 20, 21, 22, 23, 24, 25, 26, 27, 28, 29]
[2026-05-16 17:36:37] Valid hours for sum: [12, 18, 24, 29]
[2026-05-16 17:36:39] Drought composite end date: 2021-11-26 06:00:00
[2026-05-16 17:36:39] Land cover year: 2020
[2026-05-16 17:36:40] VIIRS Veg composite: 2021-11-09 → 2021-11-25
[2026-05-16 17:36:45] Started export task: fire_298_dynamic_2021-11-28
[2026-05-16 17:36:45] ------ Processing date=2021-11-29 ------
[2026-05-16 17:36:45] Using viirs_af_path: viirs_af_path
[2026-05-16 17:36:45] VIIRS Image Date: ['2021-11-29 00:00:00']
[2026-05-16 17:36:45] Weather image size: 1
[2026-05-16 17:36:45] Forecast duration: 2021-11-30 00:00:00 to 2021-12-01 00:00:00
[2026-05-16 17:36:46] Number of forecast images: 24
[2026-05-16 17:36:46] Using forecast run: 2021-11-29 18:00:00 UTC
[2026-05-16 17:36:47] Forecast Rain Available hours: [6, 7, 8, 9, 10, 11, 12, 13, 14, 15, 16, 17, 18, 19, 20, 21, 22, 23, 24, 25, 26, 27, 28, 29]
[2026-05-16 17:36:47] Valid hours for sum: [12, 18, 24, 29]
[2026-05-16 17:36:50] Drought composite end date: 2021-11-26 06:00:00
[2026-05-16 17:36:50] Land cover year: 2020
[2026-05-16 17:36:51] VIIRS Veg composite: 2021-11-09 → 2021-11-25
[2026-05-16 17:36:55] Started export task: fire_298_dynamic_2021-11-29
[2026-05-16 17:36:56] ------ Processing date=2021-11-30 ------
[2026-05-16 17:36:56] Using viirs_af_path: viirs_af_path
[2026-05-16 17:36:56] VIIRS Image Date: ['2021-11-30 00:00:00']
[2026-05-16 17:36:56] Weather image size: 1
[2026-05-16 17:36:57] Forecast duration: 2021-12-01 00:00:00 to 2021-12-02 00:00:00
[2026-05-16 17:36:58] Number of forecast images: 24
[2026-05-16 17:36:58] Using forecast run: 2021-11-30 18:00:00 UTC
[2026-05-16 17:36:58] Forecast Rain Available hours: [6, 7, 8, 9, 10, 11, 12, 13, 14, 15, 16, 17, 18, 19, 20, 21, 22, 23, 24, 25, 26, 27, 28, 29]
[2026-05-16 17:36:58] Valid hours for sum: [12, 18, 24, 29]
[2026-05-16 17:37:00] Drought composite end date: 2021-11-26 06:00:00
[2026-05-16 17:37:00] Land cover year: 2020
[2026-05-16 17:37:01] VIIRS Veg composite: 2021-11-09 → 2021-11-25
[2026-05-16 17:37:05] Started export task: fire_298_dynamic_2021-11-30
[2026-05-16 17:37:05] ------ Processing date=2021-12-01 ------
[2026-05-16 17:37:05] Using viirs_af_path: viirs_af_path
[2026-05-16 17:37:06] VIIRS Image Date: ['2021-12-01 00:00:00']
[2026-05-16 17:37:06] Weather image size: 1
[2026-05-16 17:37:06] Forecast duration: 2021-12-02 00:00:00 to 2021-12-03 00:00:00
[2026-05-16 17:37:07] Number of forecast images: 24
[2026-05-16 17:37:07] Using forecast run: 2021-12-01 18:00:00 UTC
[2026-05-16 17:37:07] Forecast Rain Available hours: [6, 7, 8, 9, 10, 11, 12, 13, 14, 15, 16, 17, 18, 19, 20, 21, 22, 23, 24, 25, 26, 27, 28, 29]
[2026-05-16 17:37:07] Valid hours for sum: [12, 18, 24, 29]
[2026-05-16 17:37:09] Drought composite end date: 2021-11-26 06:00:00
[2026-05-16 17:37:10] Land cover year: 2020
[2026-05-16 17:37:11] VIIRS Veg composite: 2021-11-09 → 2021-11-25
[2026-05-16 17:37:15] Started export task: fire_298_dynamic_2021-12-01
[2026-05-16 17:37:15] ------ Processing date=2021-12-02 ------
[2026-05-16 17:37:15] Using viirs_af_path: viirs_af_path
[2026-05-16 17:37:16] VIIRS Image Date: ['2021-12-02 00:00:00']
[2026-05-16 17:37:16] Weather image size: 1
[2026-05-16 17:37:16] Forecast duration: 2021-12-03 00:00:00 to 2021-12-04 00:00:00
[2026-05-16 17:37:17] Number of forecast images: 24
[2026-05-16 17:37:17] Using forecast run: 2021-12-02 18:00:00 UTC
[2026-05-16 17:37:17] Forecast Rain Available hours: [6, 7, 8, 9, 10, 11, 12, 13, 14, 15, 16, 17, 18, 19, 20, 21, 22, 23, 24, 25, 26, 27, 28, 29]
[2026-05-16 17:37:17] Valid hours for sum: [12, 18, 24, 29]
[2026-05-16 17:37:20] Drought composite end date: 2021-12-01 06:00:00
[2026-05-16 17:37:20] Land cover year: 2020
[2026-05-16 17:37:22] VIIRS Veg composite: 2021-11-09 → 2021-11-25
[2026-05-16 17:37:26] Started export task: fire_298_dynamic_2021-12-02
[2026-05-16 17:37:27] ------ Processing date=2021-12-03 ------
[2026-05-16 17:37:27] Using viirs_af_path: viirs_af_path
[2026-05-16 17:37:28] VIIRS Image Date: ['2021-12-03 00:00:00']
[2026-05-16 17:37:28] Weather image size: 1
[2026-05-16 17:37:28] Forecast duration: 2021-12-04 00:00:00 to 2021-12-05 00:00:00
[2026-05-16 17:37:29] Number of forecast images: 24
[2026-05-16 17:37:29] Using forecast run: 2021-12-03 18:00:00 UTC
[2026-05-16 17:37:29] Forecast Rain Available hours: [6, 7, 8, 9, 10, 11, 12, 13, 14, 15, 16, 17, 18, 19, 20, 21, 22, 23, 24, 25, 26, 27, 28, 29]
[2026-05-16 17:37:29] Valid hours for sum: [12, 18, 24, 29]
[2026-05-16 17:37:31] Drought composite end date: 2021-12-01 06:00:00
[2026-05-16 17:37:32] Land cover year: 2020
[2026-05-16 17:37:33] VIIRS Veg composite: 2021-11-09 → 2021-11-25
[2026-05-16 17:37:36] Started export task: fire_298_dynamic_2021-12-03
[2026-05-16 17:37:36] ------ Processing date=2021-12-04 ------
[2026-05-16 17:37:36] Using viirs_af_path: viirs_af_path
[2026-05-16 17:37:36] VIIRS Image Date: ['2021-12-04 00:00:00']
[2026-05-16 17:37:36] Weather image size: 1
[2026-05-16 17:37:36] Forecast duration: 2021-12-05 00:00:00 to 2021-12-06 00:00:00
[2026-05-16 17:37:37] Number of forecast images: 24
[2026-05-16 17:37:37] Using forecast run: 2021-12-04 18:00:00 UTC
[2026-05-16 17:37:37] Forecast Rain Available hours: [6, 7, 8, 9, 10, 11, 12, 13, 14, 15, 16, 17, 18, 19, 20, 21, 22, 23, 24, 25, 26, 27, 28, 29]
[2026-05-16 17:37:37] Valid hours for sum: [12, 18, 24, 29]
[2026-05-16 17:37:40] Drought composite end date: 2021-12-01 06:00:00
[2026-05-16 17:37:40] Land cover year: 2020
[2026-05-16 17:37:41] VIIRS Veg composite: 2021-11-09 → 2021-11-25
[2026-05-16 17:41:13] Started export task: fire_298_dynamic_2021-12-04
[2026-05-16 17:41:14] ------ Processing date=2021-12-05 ------
[2026-05-16 17:41:14] Using viirs_af_path: viirs_af_path
[2026-05-16 17:41:14] VIIRS Image Date: ['2021-12-05 00:00:00']
[2026-05-16 17:41:14] Weather image size: 1
[2026-05-16 17:41:14] Forecast duration: 2021-12-06 00:00:00 to 2021-12-07 00:00:00
[2026-05-16 17:41:26] Number of forecast images: 24
[2026-05-16 17:41:26] Using forecast run: 2021-12-05 18:00:00 UTC
[2026-05-16 17:41:26] Forecast Rain Available hours: [6, 7, 8, 9, 10, 11, 12, 13, 14, 15, 16, 17, 18, 19, 20, 21, 22, 23, 24, 25, 26, 27, 28, 29]
[2026-05-16 17:41:26] Valid hours for sum: [12, 18, 24, 29]
[2026-05-16 17:41:28] Drought composite end date: 2021-12-01 06:00:00
[2026-05-16 17:41:28] Land cover year: 2020
[2026-05-16 17:41:30] VIIRS Veg composite: 2021-11-09 → 2021-11-25
[2026-05-16 17:41:34] Started export task: fire_298_dynamic_2021-12-05
[2026-05-16 17:41:34] ------ Processing date=2021-12-06 ------
[2026-05-16 17:41:34] Using viirs_af_path: viirs_af_path
[2026-05-16 17:41:35] VIIRS Image Date: ['2021-12-06 00:00:00']
[2026-05-16 17:41:35] Weather image size: 1
[2026-05-16 17:41:35] Forecast duration: 2021-12-07 00:00:00 to 2021-12-08 00:00:00
[2026-05-16 17:41:36] Number of forecast images: 24
[2026-05-16 17:41:36] Using forecast run: 2021-12-06 18:00:00 UTC
[2026-05-16 17:41:36] Forecast Rain Available hours: [6, 7, 8, 9, 10, 11, 12, 13, 14, 15, 16, 17, 18, 19, 20, 21, 22, 23, 24, 25, 26, 27, 28, 29]
[2026-05-16 17:41:36] Valid hours for sum: [12, 18, 24, 29]
[2026-05-16 17:41:38] Drought composite end date: 2021-12-01 06:00:00
[2026-05-16 17:41:39] Land cover year: 2020
[2026-05-16 17:41:40] VIIRS Veg composite: 2021-11-09 → 2021-11-25
[2026-05-16 17:42:02] Started export task: fire_298_dynamic_2021-12-06
[2026-05-16 17:42:03] ------ Processing date=2021-12-07 ------
[2026-05-16 17:42:03] Using viirs_af_path: viirs_af_path
[2026-05-16 17:42:04] VIIRS Image Date: ['2021-12-07 00:00:00']
[2026-05-16 17:42:04] Weather image size: 1
[2026-05-16 17:42:04] Forecast duration: 2021-12-08 00:00:00 to 2021-12-09 00:00:00
[2026-05-16 17:42:05] Number of forecast images: 24
[2026-05-16 17:42:05] Using forecast run: 2021-12-07 18:00:00 UTC
[2026-05-16 17:42:05] Forecast Rain Available hours: [6, 7, 8, 9, 10, 11, 12, 13, 14, 15, 16, 17, 18, 19, 20, 21, 22, 23, 24, 25, 26, 27, 28, 29]
[2026-05-16 17:42:05] Valid hours for sum: [12, 18, 24, 29]
[2026-05-16 17:42:07] Drought composite end date: 2021-12-06 06:00:00
[2026-05-16 17:42:07] Land cover year: 2020
[2026-05-16 17:42:08] VIIRS Veg composite: 2021-11-09 → 2021-11-25
[2026-05-16 17:42:12] Started export task: fire_298_dynamic_2021-12-07
[2026-05-16 17:42:12] END: ----------Event fire_298----------- (Duration: 6.74m)
[2026-05-16 17:42:12] ========= Run finished. ========= 

[2026-05-16 17:42:12] Success count: 21
[2026-05-16 17:42:12] Failure count: 0
[2026-05-16 17:42:12] END: Dataset Creation Run (Duration: 2.22h)