[2026-05-15 22:57:12] START: Dataset Creation Run
[2026-05-15 22:57:12] Loading config from /Users/rabinatwayana/2_CDE_MT/CL/CDE_Master_Thesis_Wildfire_CL/dataset_creation/output_events_yaml/manual_selected_events_2018.yaml
[2026-05-15 22:57:12] Using key file: key/gcloud_key_12.json
[2026-05-15 22:57:12] Using service account: None
[2026-05-15 22:57:12] Using VIIRS AF asset path: projects/wsts-dataset-creation/assets/viirs_snpp_fire_archive_jun2016_apr2026
[2026-05-15 22:57:12] START: Earth Engine Initialization
[2026-05-15 22:57:14] VIIRS AF asset accessible: projects/wsts-dataset-creation/assets/viirs_snpp_fire_archive_jun2016_apr2026
[2026-05-15 22:57:14] END: Earth Engine Initialization (Duration: 2.69s)
[2026-05-15 22:57:14] Total fire events to process: 39
[2026-05-15 22:57:14] =======Config=============
[2026-05-15 22:57:14] output_bucket: wsts_dataset_12
[2026-05-15 22:57:14] global_degree_bbox_size: 1.0
[2026-05-15 22:57:14] year: 2018
[2026-05-15 22:57:14] export_crs: EPSG:5070
[2026-05-15 22:57:14] export_resolution: 375
[2026-05-15 22:57:14] pre_buffer_days: 8
[2026-05-15 22:57:14] post_buffer_days: 2
[2026-05-15 22:57:14] START: ----------Event fire_216-----------
[2026-05-15 22:57:15] ------ Processing date=2018-07-22 ------
[2026-05-15 22:57:15] Using viirs_af_path: viirs_af_path
[2026-05-15 22:57:15] VIIRS Image Date: ['2018-07-22 00:00:00']
[2026-05-15 22:57:16] Weather image size: 1
[2026-05-15 22:57:16] Forecast duration: 2018-07-23 00:00:00 to 2018-07-24 00:00:00
[2026-05-15 22:57:17] Number of forecast images: 24
[2026-05-15 22:57:17] Using forecast run: 2018-07-22 18:00:00 UTC
[2026-05-15 22:57:17] Forecast Rain Available hours: [6, 7, 8, 9, 10, 11, 12, 13, 14, 15, 16, 17, 18, 19, 20, 21, 22, 23, 24, 25, 26, 27, 28, 29]
[2026-05-15 22:57:17] Valid hours for sum: [12, 18, 24, 29]
[2026-05-15 22:57:19] Drought composite end date: 2018-07-19 06:00:00
[2026-05-15 22:57:20] Land cover year: 2017
[2026-05-15 22:57:21] VIIRS Veg composite: 2018-07-12 → 2018-07-28
[2026-05-15 22:57:25] Started export task: fire_216_static
[2026-05-15 22:57:25] Started export task: fire_216_dynamic_2018-07-22
[2026-05-15 22:57:26] ------ Processing date=2018-07-23 ------
[2026-05-15 22:57:26] Using viirs_af_path: viirs_af_path
[2026-05-15 22:57:26] VIIRS Image Date: ['2018-07-23 00:00:00']
[2026-05-15 22:57:27] Weather image size: 1
[2026-05-15 22:57:27] Forecast duration: 2018-07-24 00:00:00 to 2018-07-25 00:00:00
[2026-05-15 22:57:27] Number of forecast images: 24
[2026-05-15 22:57:27] Using forecast run: 2018-07-23 18:00:00 UTC
[2026-05-15 22:57:28] Forecast Rain Available hours: [6, 7, 8, 9, 10, 11, 12, 13, 14, 15, 16, 17, 18, 19, 20, 21, 22, 23, 24, 25, 26, 27, 28, 29]
[2026-05-15 22:57:28] Valid hours for sum: [12, 18, 24, 29]
[2026-05-15 22:57:31] Drought composite end date: 2018-07-19 06:00:00
[2026-05-15 22:57:31] Land cover year: 2017
[2026-05-15 22:57:33] VIIRS Veg composite: 2018-07-12 → 2018-07-28
[2026-05-15 22:57:37] Started export task: fire_216_dynamic_2018-07-23
[2026-05-15 22:57:37] ------ Processing date=2018-07-24 ------
[2026-05-15 22:57:37] Using viirs_af_path: viirs_af_path
[2026-05-15 22:57:37] VIIRS Image Date: ['2018-07-24 00:00:00']
[2026-05-15 22:57:38] Weather image size: 1
[2026-05-15 22:57:38] Forecast duration: 2018-07-25 00:00:00 to 2018-07-26 00:00:00
[2026-05-15 22:57:39] Number of forecast images: 24
[2026-05-15 22:57:39] Using forecast run: 2018-07-24 18:00:00 UTC
[2026-05-15 22:57:39] Forecast Rain Available hours: [6, 7, 8, 9, 10, 11, 12, 13, 14, 15, 16, 17, 18, 19, 20, 21, 22, 23, 24, 25, 26, 27, 28, 29]
[2026-05-15 22:57:39] Valid hours for sum: [12, 18, 24, 29]
[2026-05-15 22:57:41] Drought composite end date: 2018-07-19 06:00:00
[2026-05-15 22:57:41] Land cover year: 2017
[2026-05-15 22:57:42] VIIRS Veg composite: 2018-07-12 → 2018-07-28
[2026-05-15 22:57:47] Started export task: fire_216_dynamic_2018-07-24
[2026-05-15 22:57:47] ------ Processing date=2018-07-25 ------
[2026-05-15 22:57:47] Using viirs_af_path: viirs_af_path
[2026-05-15 22:57:48] VIIRS Image Date: ['2018-07-25 00:00:00']
[2026-05-15 22:57:48] Weather image size: 1
[2026-05-15 22:57:48] Forecast duration: 2018-07-26 00:00:00 to 2018-07-27 00:00:00
[2026-05-15 22:57:50] Number of forecast images: 24
[2026-05-15 22:57:50] Using forecast run: 2018-07-25 18:00:00 UTC
[2026-05-15 22:57:50] Forecast Rain Available hours: [6, 7, 8, 9, 10, 11, 12, 13, 14, 15, 16, 17, 18, 19, 20, 21, 22, 23, 24, 25, 26, 27, 28, 29]
[2026-05-15 22:57:50] Valid hours for sum: [12, 18, 24, 29]
[2026-05-15 22:57:52] Drought composite end date: 2018-07-24 06:00:00
[2026-05-15 22:57:52] Land cover year: 2017
[2026-05-15 22:57:53] VIIRS Veg composite: 2018-07-12 → 2018-07-28
[2026-05-15 22:57:58] Started export task: fire_216_dynamic_2018-07-25
[2026-05-15 22:57:59] ------ Processing date=2018-07-26 ------
[2026-05-15 22:57:59] Using viirs_af_path: viirs_af_path
[2026-05-15 22:58:00] VIIRS Image Date: ['2018-07-26 00:00:00']
[2026-05-15 22:58:00] Weather image size: 1
[2026-05-15 22:58:00] Forecast duration: 2018-07-27 00:00:00 to 2018-07-28 00:00:00
[2026-05-15 22:58:01] Number of forecast images: 24
[2026-05-15 22:58:01] Using forecast run: 2018-07-26 18:00:00 UTC
[2026-05-15 22:58:02] Forecast Rain Available hours: [6, 7, 8, 9, 10, 11, 12, 13, 14, 15, 16, 17, 18, 19, 20, 21, 22, 23, 24, 25, 26, 27, 28, 29]
[2026-05-15 22:58:02] Valid hours for sum: [12, 18, 24, 29]
[2026-05-15 22:58:03] Drought composite end date: 2018-07-24 06:00:00
[2026-05-15 22:58:03] Land cover year: 2017
[2026-05-15 22:58:04] VIIRS Veg composite: 2018-07-12 → 2018-07-28
[2026-05-15 22:58:07] Started export task: fire_216_dynamic_2018-07-26
[2026-05-15 22:58:08] ------ Processing date=2018-07-27 ------
[2026-05-15 22:58:08] Using viirs_af_path: viirs_af_path
[2026-05-15 22:58:08] VIIRS Image Date: ['2018-07-27 00:00:00']
[2026-05-15 22:58:09] Weather image size: 1
[2026-05-15 22:58:09] Forecast duration: 2018-07-28 00:00:00 to 2018-07-29 00:00:00
[2026-05-15 22:58:10] Number of forecast images: 24
[2026-05-15 22:58:10] Using forecast run: 2018-07-27 18:00:00 UTC
[2026-05-15 22:58:10] Forecast Rain Available hours: [6, 7, 8, 9, 10, 11, 12, 13, 14, 15, 16, 17, 18, 19, 20, 21, 22, 23, 24, 25, 26, 27, 28, 29]
[2026-05-15 22:58:10] Valid hours for sum: [12, 18, 24, 29]
[2026-05-15 22:58:12] Drought composite end date: 2018-07-24 06:00:00
[2026-05-15 22:58:12] Land cover year: 2017
[2026-05-15 22:58:13] VIIRS Veg composite: 2018-07-12 → 2018-07-28
[2026-05-15 22:58:17] Started export task: fire_216_dynamic_2018-07-27
[2026-05-15 22:58:18] ------ Processing date=2018-07-28 ------
[2026-05-15 22:58:18] Using viirs_af_path: viirs_af_path
[2026-05-15 22:58:19] VIIRS Image Date: ['2018-07-28 00:00:00']
[2026-05-15 22:58:19] Weather image size: 1
[2026-05-15 22:58:19] Forecast duration: 2018-07-29 00:00:00 to 2018-07-30 00:00:00
[2026-05-15 22:58:20] Number of forecast images: 24
[2026-05-15 22:58:20] Using forecast run: 2018-07-28 18:00:00 UTC
[2026-05-15 22:58:20] Forecast Rain Available hours: [6, 7, 8, 9, 10, 11, 12, 13, 14, 15, 16, 17, 18, 19, 20, 21, 22, 23, 24, 25, 26, 27, 28, 29]
[2026-05-15 22:58:20] Valid hours for sum: [12, 18, 24, 29]
[2026-05-15 22:58:23] Drought composite end date: 2018-07-24 06:00:00
[2026-05-15 22:58:23] Land cover year: 2017
[2026-05-15 22:58:25] VIIRS Veg composite: 2018-07-12 → 2018-07-28
[2026-05-15 22:58:28] Started export task: fire_216_dynamic_2018-07-28
[2026-05-15 22:58:28] ------ Processing date=2018-07-29 ------
[2026-05-15 22:58:28] Using viirs_af_path: viirs_af_path
[2026-05-15 22:58:29] VIIRS Image Date: ['2018-07-29 00:00:00']
[2026-05-15 22:58:29] Weather image size: 1
[2026-05-15 22:58:29] Forecast duration: 2018-07-30 00:00:00 to 2018-07-31 00:00:00
[2026-05-15 22:58:31] Number of forecast images: 24
[2026-05-15 22:58:31] Using forecast run: 2018-07-29 18:00:00 UTC
[2026-05-15 22:58:31] Forecast Rain Available hours: [6, 7, 8, 9, 10, 11, 12, 13, 14, 15, 16, 17, 18, 19, 20, 21, 22, 23, 24, 25, 26, 27, 28, 29]
[2026-05-15 22:58:31] Valid hours for sum: [12, 18, 24, 29]
[2026-05-15 22:58:34] Drought composite end date: 2018-07-24 06:00:00
[2026-05-15 22:58:34] Land cover year: 2017
[2026-05-15 22:58:35] VIIRS Veg composite: 2018-07-12 → 2018-07-28
[2026-05-15 22:58:38] Started export task: fire_216_dynamic_2018-07-29
[2026-05-15 22:58:39] ------ Processing date=2018-07-30 ------
[2026-05-15 22:58:39] Using viirs_af_path: viirs_af_path
[2026-05-15 22:58:39] VIIRS Image Date: ['2018-07-30 00:00:00']
[2026-05-15 22:58:39] Weather image size: 1
[2026-05-15 22:58:39] Forecast duration: 2018-07-31 00:00:00 to 2018-08-01 00:00:00
[2026-05-15 22:58:40] Number of forecast images: 24
[2026-05-15 22:58:40] Using forecast run: 2018-07-30 18:00:00 UTC
[2026-05-15 22:58:40] Forecast Rain Available hours: [6, 7, 8, 9, 10, 11, 12, 13, 14, 15, 16, 17, 18, 19, 20, 21, 22, 23, 24, 25, 26, 27, 28, 29]
[2026-05-15 22:58:40] Valid hours for sum: [12, 18, 24, 29]
[2026-05-15 22:58:43] Drought composite end date: 2018-07-29 06:00:00
[2026-05-15 22:58:43] Land cover year: 2017
[2026-05-15 22:58:44] VIIRS Veg composite: 2018-07-12 → 2018-07-28
[2026-05-15 22:58:48] Started export task: fire_216_dynamic_2018-07-30
[2026-05-15 22:58:48] ------ Processing date=2018-07-31 ------
[2026-05-15 22:58:48] Using viirs_af_path: viirs_af_path
[2026-05-15 22:58:49] VIIRS Image Date: ['2018-07-31 00:00:00']
[2026-05-15 22:58:49] Weather image size: 1
[2026-05-15 22:58:49] Forecast duration: 2018-08-01 00:00:00 to 2018-08-02 00:00:00
[2026-05-15 22:58:50] Number of forecast images: 24
[2026-05-15 22:58:50] Using forecast run: 2018-07-31 18:00:00 UTC
[2026-05-15 22:58:51] Forecast Rain Available hours: [6, 7, 8, 9, 10, 11, 12, 13, 14, 15, 16, 17, 18, 19, 20, 21, 22, 23, 24, 25, 26, 27, 28, 29]
[2026-05-15 22:58:51] Valid hours for sum: [12, 18, 24, 29]
[2026-05-15 22:58:52] Drought composite end date: 2018-07-29 06:00:00
[2026-05-15 22:58:53] Land cover year: 2017
[2026-05-15 22:58:55] VIIRS Veg composite: 2018-07-12 → 2018-07-28
[2026-05-15 22:58:58] Started export task: fire_216_dynamic_2018-07-31
[2026-05-15 22:58:59] ------ Processing date=2018-08-01 ------
[2026-05-15 22:58:59] Using viirs_af_path: viirs_af_path
[2026-05-15 22:58:59] VIIRS Image Date: ['2018-08-01 00:00:00']
[2026-05-15 22:59:00] Weather image size: 1
[2026-05-15 22:59:00] Forecast duration: 2018-08-02 00:00:00 to 2018-08-03 00:00:00
[2026-05-15 22:59:01] Number of forecast images: 24
[2026-05-15 22:59:01] Using forecast run: 2018-08-01 18:00:00 UTC
[2026-05-15 22:59:02] Forecast Rain Available hours: [6, 7, 8, 9, 10, 11, 12, 13, 14, 15, 16, 17, 18, 19, 20, 21, 22, 23, 24, 25, 26, 27, 28, 29]
[2026-05-15 22:59:02] Valid hours for sum: [12, 18, 24, 29]
[2026-05-15 22:59:04] Drought composite end date: 2018-07-29 06:00:00
[2026-05-15 22:59:05] Land cover year: 2017
[2026-05-15 22:59:05] VIIRS Veg composite: 2018-07-12 → 2018-07-28
[2026-05-15 22:59:09] Started export task: fire_216_dynamic_2018-08-01
[2026-05-15 22:59:10] ------ Processing date=2018-08-02 ------
[2026-05-15 22:59:10] Using viirs_af_path: viirs_af_path
[2026-05-15 22:59:10] VIIRS Image Date: ['2018-08-02 00:00:00']
[2026-05-15 22:59:11] Weather image size: 1
[2026-05-15 22:59:11] Forecast duration: 2018-08-03 00:00:00 to 2018-08-04 00:00:00
[2026-05-15 22:59:11] Number of forecast images: 24
[2026-05-15 22:59:11] Using forecast run: 2018-08-02 18:00:00 UTC
[2026-05-15 22:59:12] Forecast Rain Available hours: [6, 7, 8, 9, 10, 11, 12, 13, 14, 15, 16, 17, 18, 19, 20, 21, 22, 23, 24, 25, 26, 27, 28, 29]
[2026-05-15 22:59:12] Valid hours for sum: [12, 18, 24, 29]
[2026-05-15 22:59:14] Drought composite end date: 2018-07-29 06:00:00
[2026-05-15 22:59:14] Land cover year: 2017
[2026-05-15 22:59:15] VIIRS Veg composite: 2018-07-12 → 2018-07-28
[2026-05-15 22:59:20] Started export task: fire_216_dynamic_2018-08-02
[2026-05-15 22:59:20] ------ Processing date=2018-08-03 ------
[2026-05-15 22:59:20] Using viirs_af_path: viirs_af_path
[2026-05-15 22:59:21] VIIRS Image Date: ['2018-08-03 00:00:00']
[2026-05-15 22:59:21] Weather image size: 1
[2026-05-15 22:59:21] Forecast duration: 2018-08-04 00:00:00 to 2018-08-05 00:00:00
[2026-05-15 22:59:22] Number of forecast images: 24
[2026-05-15 22:59:22] Using forecast run: 2018-08-03 18:00:00 UTC
[2026-05-15 22:59:22] Forecast Rain Available hours: [6, 7, 8, 9, 10, 11, 12, 13, 14, 15, 16, 17, 18, 19, 20, 21, 22, 23, 24, 25, 26, 27, 28, 29]
[2026-05-15 22:59:22] Valid hours for sum: [12, 18, 24, 29]
[2026-05-15 22:59:24] Drought composite end date: 2018-07-29 06:00:00
[2026-05-15 22:59:24] Land cover year: 2017
[2026-05-15 22:59:25] VIIRS Veg composite: 2018-07-12 → 2018-07-28
[2026-05-15 22:59:27] Started export task: fire_216_dynamic_2018-08-03
[2026-05-15 22:59:28] ------ Processing date=2018-08-04 ------
[2026-05-15 22:59:28] Using viirs_af_path: viirs_af_path
[2026-05-15 22:59:28] VIIRS Image Date: ['2018-08-04 00:00:00']
[2026-05-15 22:59:28] Weather image size: 1
[2026-05-15 22:59:28] Forecast duration: 2018-08-05 00:00:00 to 2018-08-06 00:00:00
[2026-05-15 22:59:29] Number of forecast images: 24
[2026-05-15 22:59:29] Using forecast run: 2018-08-04 18:00:00 UTC
[2026-05-15 22:59:30] Forecast Rain Available hours: [6, 7, 8, 9, 10, 11, 12, 13, 14, 15, 16, 17, 18, 19, 20, 21, 22, 23, 24, 25, 26, 27, 28, 29]
[2026-05-15 22:59:30] Valid hours for sum: [12, 18, 24, 29]
[2026-05-15 22:59:32] Drought composite end date: 2018-08-03 06:00:00
[2026-05-15 22:59:33] Land cover year: 2017
[2026-05-15 22:59:34] VIIRS Veg composite: 2018-07-12 → 2018-07-28
[2026-05-15 22:59:37] Started export task: fire_216_dynamic_2018-08-04
[2026-05-15 22:59:37] ------ Processing date=2018-08-05 ------
[2026-05-15 22:59:37] Using viirs_af_path: viirs_af_path
[2026-05-15 22:59:38] VIIRS Image Date: ['2018-08-05 00:00:00']
[2026-05-15 22:59:38] Weather image size: 1
[2026-05-15 22:59:38] Forecast duration: 2018-08-06 00:00:00 to 2018-08-07 00:00:00
[2026-05-15 22:59:38] Number of forecast images: 24
[2026-05-15 22:59:38] Using forecast run: 2018-08-05 18:00:00 UTC
[2026-05-15 22:59:39] Forecast Rain Available hours: [6, 7, 8, 9, 10, 11, 12, 13, 14, 15, 16, 17, 18, 19, 20, 21, 22, 23, 24, 25, 26, 27, 28, 29]
[2026-05-15 22:59:39] Valid hours for sum: [12, 18, 24, 29]
[2026-05-15 22:59:41] Drought composite end date: 2018-08-03 06:00:00
[2026-05-15 22:59:42] Land cover year: 2017
[2026-05-15 22:59:43] VIIRS Veg composite: 2018-07-12 → 2018-07-28
[2026-05-15 22:59:46] Started export task: fire_216_dynamic_2018-08-05
[2026-05-15 22:59:47] ------ Processing date=2018-08-06 ------
[2026-05-15 22:59:47] Using viirs_af_path: viirs_af_path
[2026-05-15 22:59:47] VIIRS Image Date: ['2018-08-06 00:00:00']
[2026-05-15 22:59:47] Weather image size: 1
[2026-05-15 22:59:47] Forecast duration: 2018-08-07 00:00:00 to 2018-08-08 00:00:00
[2026-05-15 22:59:48] Number of forecast images: 24
[2026-05-15 22:59:48] Using forecast run: 2018-08-06 18:00:00 UTC
[2026-05-15 22:59:49] Forecast Rain Available hours: [6, 7, 8, 9, 10, 11, 12, 13, 14, 15, 16, 17, 18, 19, 20, 21, 22, 23, 24, 25, 26, 27, 28, 29]
[2026-05-15 22:59:49] Valid hours for sum: [12, 18, 24, 29]
[2026-05-15 22:59:51] Drought composite end date: 2018-08-03 06:00:00
[2026-05-15 22:59:51] Land cover year: 2017
[2026-05-15 22:59:52] VIIRS Veg composite: 2018-07-12 → 2018-07-28
[2026-05-15 22:59:55] Started export task: fire_216_dynamic_2018-08-06
[2026-05-15 22:59:55] ------ Processing date=2018-08-07 ------
[2026-05-15 22:59:55] Using viirs_af_path: viirs_af_path
[2026-05-15 22:59:56] VIIRS Image Date: ['2018-08-07 00:00:00']
[2026-05-15 22:59:56] Weather image size: 1
[2026-05-15 22:59:56] Forecast duration: 2018-08-08 00:00:00 to 2018-08-09 00:00:00
[2026-05-15 22:59:57] Number of forecast images: 24
[2026-05-15 22:59:57] Using forecast run: 2018-08-07 18:00:00 UTC
[2026-05-15 22:59:57] Forecast Rain Available hours: [6, 7, 8, 9, 10, 11, 12, 13, 14, 15, 16, 17, 18, 19, 20, 21, 22, 23, 24, 25, 26, 27, 28, 29]
[2026-05-15 22:59:57] Valid hours for sum: [12, 18, 24, 29]
[2026-05-15 22:59:58] Drought composite end date: 2018-08-03 06:00:00
[2026-05-15 22:59:59] Land cover year: 2017
[2026-05-15 22:59:59] VIIRS Veg composite: 2018-07-12 → 2018-07-28
[2026-05-15 23:00:04] Started export task: fire_216_dynamic_2018-08-07
[2026-05-15 23:00:04] ------ Processing date=2018-08-08 ------
[2026-05-15 23:00:04] Using viirs_af_path: viirs_af_path
[2026-05-15 23:00:04] VIIRS Image Date: ['2018-08-08 00:00:00']
[2026-05-15 23:00:04] Weather image size: 1
[2026-05-15 23:00:04] Forecast duration: 2018-08-09 00:00:00 to 2018-08-10 00:00:00
[2026-05-15 23:00:05] Number of forecast images: 24
[2026-05-15 23:00:05] Using forecast run: 2018-08-08 18:00:00 UTC
[2026-05-15 23:00:06] Forecast Rain Available hours: [6, 7, 8, 9, 10, 11, 12, 13, 14, 15, 16, 17, 18, 19, 20, 21, 22, 23, 24, 25, 26, 27, 28, 29]
[2026-05-15 23:00:06] Valid hours for sum: [12, 18, 24, 29]
[2026-05-15 23:00:08] Drought composite end date: 2018-08-03 06:00:00
[2026-05-15 23:00:08] Land cover year: 2017
[2026-05-15 23:00:09] VIIRS Veg composite: 2018-07-12 → 2018-07-28
[2026-05-15 23:00:13] Started export task: fire_216_dynamic_2018-08-08
[2026-05-15 23:00:13] ------ Processing date=2018-08-09 ------
[2026-05-15 23:00:13] Using viirs_af_path: viirs_af_path
[2026-05-15 23:00:13] VIIRS Image Date: ['2018-08-09 00:00:00']
[2026-05-15 23:00:13] Weather image size: 1
[2026-05-15 23:00:13] Forecast duration: 2018-08-10 00:00:00 to 2018-08-11 00:00:00
[2026-05-15 23:00:14] Number of forecast images: 24
[2026-05-15 23:00:14] Using forecast run: 2018-08-09 18:00:00 UTC
[2026-05-15 23:00:15] Forecast Rain Available hours: [6, 7, 8, 9, 10, 11, 12, 13, 14, 15, 16, 17, 18, 19, 20, 21, 22, 23, 24, 25, 26, 27, 28, 29]
[2026-05-15 23:00:15] Valid hours for sum: [12, 18, 24, 29]
[2026-05-15 23:00:18] Drought composite end date: 2018-08-08 06:00:00
[2026-05-15 23:00:18] Land cover year: 2017
[2026-05-15 23:00:19] VIIRS Veg composite: 2018-07-12 → 2018-07-28
[2026-05-15 23:00:23] Started export task: fire_216_dynamic_2018-08-09
[2026-05-15 23:00:23] ------ Processing date=2018-08-10 ------
[2026-05-15 23:00:23] Using viirs_af_path: viirs_af_path
[2026-05-15 23:00:23] VIIRS Image Date: ['2018-08-10 00:00:00']
[2026-05-15 23:00:24] Weather image size: 1
[2026-05-15 23:00:24] Forecast duration: 2018-08-11 00:00:00 to 2018-08-12 00:00:00
[2026-05-15 23:00:25] Number of forecast images: 24
[2026-05-15 23:00:25] Using forecast run: 2018-08-10 18:00:00 UTC
[2026-05-15 23:00:25] Forecast Rain Available hours: [6, 7, 8, 9, 10, 11, 12, 13, 14, 15, 16, 17, 18, 19, 20, 21, 22, 23, 24, 25, 26, 27, 28, 29]
[2026-05-15 23:00:25] Valid hours for sum: [12, 18, 24, 29]
[2026-05-15 23:00:27] Drought composite end date: 2018-08-08 06:00:00
[2026-05-15 23:00:28] Land cover year: 2017
[2026-05-15 23:00:29] VIIRS Veg composite: 2018-07-12 → 2018-07-28
[2026-05-15 23:00:34] Started export task: fire_216_dynamic_2018-08-10
[2026-05-15 23:00:34] ------ Processing date=2018-08-11 ------
[2026-05-15 23:00:34] Using viirs_af_path: viirs_af_path
[2026-05-15 23:00:34] VIIRS Image Date: ['2018-08-11 00:00:00']
[2026-05-15 23:00:35] Weather image size: 1
[2026-05-15 23:00:35] Forecast duration: 2018-08-12 00:00:00 to 2018-08-13 00:00:00
[2026-05-15 23:00:35] Number of forecast images: 24
[2026-05-15 23:00:35] Using forecast run: 2018-08-11 18:00:00 UTC
[2026-05-15 23:00:36] Forecast Rain Available hours: [6, 7, 8, 9, 10, 11, 12, 13, 14, 15, 16, 17, 18, 19, 20, 21, 22, 23, 24, 25, 26, 27, 28, 29]
[2026-05-15 23:00:36] Valid hours for sum: [12, 18, 24, 29]
[2026-05-15 23:00:37] Drought composite end date: 2018-08-08 06:00:00
[2026-05-15 23:00:37] Land cover year: 2017
[2026-05-15 23:00:39] VIIRS Veg composite: 2018-07-12 → 2018-07-28
[2026-05-15 23:00:44] Started export task: fire_216_dynamic_2018-08-11
[2026-05-15 23:00:44] ------ Processing date=2018-08-12 ------
[2026-05-15 23:00:44] Using viirs_af_path: viirs_af_path
[2026-05-15 23:00:44] VIIRS Image Date: ['2018-08-12 00:00:00']
[2026-05-15 23:00:44] Weather image size: 1
[2026-05-15 23:00:44] Forecast duration: 2018-08-13 00:00:00 to 2018-08-14 00:00:00
[2026-05-15 23:00:45] Number of forecast images: 24
[2026-05-15 23:00:45] Using forecast run: 2018-08-12 18:00:00 UTC
[2026-05-15 23:00:46] Forecast Rain Available hours: [6, 7, 8, 9, 10, 11, 12, 13, 14, 15, 16, 17, 18, 19, 20, 21, 22, 23, 24, 25, 26, 27, 28, 29]
[2026-05-15 23:00:46] Valid hours for sum: [12, 18, 24, 29]
[2026-05-15 23:00:47] Drought composite end date: 2018-08-08 06:00:00
[2026-05-15 23:00:48] Land cover year: 2017
[2026-05-15 23:00:49] VIIRS Veg composite: 2018-07-12 → 2018-07-28
[2026-05-15 23:00:52] Started export task: fire_216_dynamic_2018-08-12
[2026-05-15 23:00:53] ------ Processing date=2018-08-13 ------
[2026-05-15 23:00:53] Using viirs_af_path: viirs_af_path
[2026-05-15 23:00:53] VIIRS Image Date: ['2018-08-13 00:00:00']
[2026-05-15 23:00:53] Weather image size: 1
[2026-05-15 23:00:53] Forecast duration: 2018-08-14 00:00:00 to 2018-08-15 00:00:00
[2026-05-15 23:00:54] Number of forecast images: 24
[2026-05-15 23:00:54] Using forecast run: 2018-08-13 18:00:00 UTC
[2026-05-15 23:00:55] Forecast Rain Available hours: [6, 7, 8, 9, 10, 11, 12, 13, 14, 15, 16, 17, 18, 19, 20, 21, 22, 23, 24, 25, 26, 27, 28, 29]
[2026-05-15 23:00:55] Valid hours for sum: [12, 18, 24, 29]
[2026-05-15 23:00:58] Drought composite end date: 2018-08-08 06:00:00
[2026-05-15 23:00:58] Land cover year: 2017
[2026-05-15 23:00:59] VIIRS Veg composite: 2018-07-12 → 2018-07-28
[2026-05-15 23:01:03] Started export task: fire_216_dynamic_2018-08-13
[2026-05-15 23:01:04] ------ Processing date=2018-08-14 ------
[2026-05-15 23:01:04] Using viirs_af_path: viirs_af_path
[2026-05-15 23:01:04] VIIRS Image Date: ['2018-08-14 00:00:00']
[2026-05-15 23:01:04] Weather image size: 1
[2026-05-15 23:01:04] Forecast duration: 2018-08-15 00:00:00 to 2018-08-16 00:00:00
[2026-05-15 23:01:05] Number of forecast images: 24
[2026-05-15 23:01:05] Using forecast run: 2018-08-14 18:00:00 UTC
[2026-05-15 23:01:06] Forecast Rain Available hours: [6, 7, 8, 9, 10, 11, 12, 13, 14, 15, 16, 17, 18, 19, 20, 21, 22, 23, 24, 25, 26, 27, 28, 29]
[2026-05-15 23:01:06] Valid hours for sum: [12, 18, 24, 29]
[2026-05-15 23:01:08] Drought composite end date: 2018-08-13 06:00:00
[2026-05-15 23:01:08] Land cover year: 2017
[2026-05-15 23:01:09] VIIRS Veg composite: 2018-07-12 → 2018-07-28
[2026-05-15 23:01:12] Started export task: fire_216_dynamic_2018-08-14
[2026-05-15 23:01:12] ------ Processing date=2018-08-15 ------
[2026-05-15 23:01:12] Using viirs_af_path: viirs_af_path
[2026-05-15 23:01:12] VIIRS Image Date: ['2018-08-15 00:00:00']
[2026-05-15 23:01:13] Weather image size: 1
[2026-05-15 23:01:13] Forecast duration: 2018-08-16 00:00:00 to 2018-08-17 00:00:00
[2026-05-15 23:01:13] Number of forecast images: 24
[2026-05-15 23:01:13] Using forecast run: 2018-08-15 18:00:00 UTC
[2026-05-15 23:01:14] Forecast Rain Available hours: [6, 7, 8, 9, 10, 11, 12, 13, 14, 15, 16, 17, 18, 19, 20, 21, 22, 23, 24, 25, 26, 27, 28, 29]
[2026-05-15 23:01:14] Valid hours for sum: [12, 18, 24, 29]
[2026-05-15 23:01:16] Drought composite end date: 2018-08-13 06:00:00
[2026-05-15 23:01:16] Land cover year: 2017
[2026-05-15 23:01:17] VIIRS Veg composite: 2018-07-12 → 2018-07-28
[2026-05-15 23:01:20] Started export task: fire_216_dynamic_2018-08-15
[2026-05-15 23:01:21] ------ Processing date=2018-08-16 ------
[2026-05-15 23:01:21] Using viirs_af_path: viirs_af_path
[2026-05-15 23:01:21] VIIRS Image Date: ['2018-08-16 00:00:00']
[2026-05-15 23:01:21] Weather image size: 1
[2026-05-15 23:01:21] Forecast duration: 2018-08-17 00:00:00 to 2018-08-18 00:00:00
[2026-05-15 23:01:22] Number of forecast images: 24
[2026-05-15 23:01:22] Using forecast run: 2018-08-16 18:00:00 UTC
[2026-05-15 23:01:22] Forecast Rain Available hours: [6, 7, 8, 9, 10, 11, 12, 13, 14, 15, 16, 17, 18, 19, 20, 21, 22, 23, 24, 25, 26, 27, 28, 29]
[2026-05-15 23:01:22] Valid hours for sum: [12, 18, 24, 29]
[2026-05-15 23:01:24] Drought composite end date: 2018-08-13 06:00:00
[2026-05-15 23:01:24] Land cover year: 2017
[2026-05-15 23:01:25] VIIRS Veg composite: 2018-07-12 → 2018-07-28
[2026-05-15 23:01:30] Started export task: fire_216_dynamic_2018-08-16
[2026-05-15 23:01:30] ------ Processing date=2018-08-17 ------
[2026-05-15 23:01:30] Using viirs_af_path: viirs_af_path
[2026-05-15 23:01:30] VIIRS Image Date: ['2018-08-17 00:00:00']
[2026-05-15 23:01:31] Weather image size: 1
[2026-05-15 23:01:31] Forecast duration: 2018-08-18 00:00:00 to 2018-08-19 00:00:00
[2026-05-15 23:01:32] Number of forecast images: 24
[2026-05-15 23:01:32] Using forecast run: 2018-08-17 18:00:00 UTC
[2026-05-15 23:01:32] Forecast Rain Available hours: [6, 7, 8, 9, 10, 11, 12, 13, 14, 15, 16, 17, 18, 19, 20, 21, 22, 23, 24, 25, 26, 27, 28, 29]
[2026-05-15 23:01:32] Valid hours for sum: [12, 18, 24, 29]
[2026-05-15 23:01:34] Drought composite end date: 2018-08-13 06:00:00
[2026-05-15 23:01:34] Land cover year: 2017
[2026-05-15 23:01:35] VIIRS Veg composite: 2018-07-12 → 2018-07-28
[2026-05-15 23:01:40] Started export task: fire_216_dynamic_2018-08-17
[2026-05-15 23:01:40] ------ Processing date=2018-08-18 ------
[2026-05-15 23:01:40] Using viirs_af_path: viirs_af_path
[2026-05-15 23:01:40] VIIRS Image Date: ['2018-08-18 00:00:00']
[2026-05-15 23:01:41] Weather image size: 1
[2026-05-15 23:01:41] Forecast duration: 2018-08-19 00:00:00 to 2018-08-20 00:00:00
[2026-05-15 23:01:41] Number of forecast images: 24
[2026-05-15 23:01:41] Using forecast run: 2018-08-18 18:00:00 UTC
[2026-05-15 23:01:42] Forecast Rain Available hours: [6, 7, 8, 9, 10, 11, 12, 13, 14, 15, 16, 17, 18, 19, 20, 21, 22, 23, 24, 25, 26, 27, 28, 29]
[2026-05-15 23:01:42] Valid hours for sum: [12, 18, 24, 29]
[2026-05-15 23:01:44] Drought composite end date: 2018-08-13 06:00:00
[2026-05-15 23:01:44] Land cover year: 2017
[2026-05-15 23:01:45] VIIRS Veg composite: 2018-07-12 → 2018-07-28
[2026-05-15 23:01:49] Started export task: fire_216_dynamic_2018-08-18
[2026-05-15 23:01:49] ------ Processing date=2018-08-19 ------
[2026-05-15 23:01:49] Using viirs_af_path: viirs_af_path
[2026-05-15 23:01:49] VIIRS Image Date: ['2018-08-19 00:00:00']
[2026-05-15 23:01:50] Weather image size: 1
[2026-05-15 23:01:50] Forecast duration: 2018-08-20 00:00:00 to 2018-08-21 00:00:00
[2026-05-15 23:01:51] Number of forecast images: 24
[2026-05-15 23:01:51] Using forecast run: 2018-08-19 18:00:00 UTC
[2026-05-15 23:01:52] Forecast Rain Available hours: [6, 7, 8, 9, 10, 11, 12, 13, 14, 15, 16, 17, 18, 19, 20, 21, 22, 23, 24, 25, 26, 27, 28, 29]
[2026-05-15 23:01:52] Valid hours for sum: [12, 18, 24, 29]
[2026-05-15 23:01:53] Drought composite end date: 2018-08-18 06:00:00
[2026-05-15 23:01:53] Land cover year: 2017
[2026-05-15 23:01:54] VIIRS Veg composite: 2018-07-12 → 2018-07-28
[2026-05-15 23:01:58] Started export task: fire_216_dynamic_2018-08-19
[2026-05-15 23:01:58] ------ Processing date=2018-08-20 ------
[2026-05-15 23:01:58] Using viirs_af_path: viirs_af_path
[2026-05-15 23:01:58] VIIRS Image Date: ['2018-08-20 00:00:00']
[2026-05-15 23:01:59] Weather image size: 1
[2026-05-15 23:01:59] Forecast duration: 2018-08-21 00:00:00 to 2018-08-22 00:00:00
[2026-05-15 23:01:59] Number of forecast images: 24
[2026-05-15 23:01:59] Using forecast run: 2018-08-20 18:00:00 UTC
[2026-05-15 23:02:00] Forecast Rain Available hours: [6, 7, 8, 9, 10, 11, 12, 13, 14, 15, 16, 17, 18, 19, 20, 21, 22, 23, 24, 25, 26, 27, 28, 29]
[2026-05-15 23:02:00] Valid hours for sum: [12, 18, 24, 29]
[2026-05-15 23:02:03] Drought composite end date: 2018-08-18 06:00:00
[2026-05-15 23:02:03] Land cover year: 2017
[2026-05-15 23:02:04] VIIRS Veg composite: 2018-07-12 → 2018-07-28
[2026-05-15 23:02:08] Started export task: fire_216_dynamic_2018-08-20
[2026-05-15 23:02:09] ------ Processing date=2018-08-21 ------
[2026-05-15 23:02:09] Using viirs_af_path: viirs_af_path
[2026-05-15 23:02:09] VIIRS Image Date: ['2018-08-21 00:00:00']
[2026-05-15 23:02:09] Weather image size: 1
[2026-05-15 23:02:09] Forecast duration: 2018-08-22 00:00:00 to 2018-08-23 00:00:00
[2026-05-15 23:02:10] Number of forecast images: 24
[2026-05-15 23:02:10] Using forecast run: 2018-08-21 18:00:00 UTC
[2026-05-15 23:02:10] Forecast Rain Available hours: [6, 7, 8, 9, 10, 11, 12, 13, 14, 15, 16, 17, 18, 19, 20, 21, 22, 23, 24, 25, 26, 27, 28, 29]
[2026-05-15 23:02:10] Valid hours for sum: [12, 18, 24, 29]
[2026-05-15 23:02:12] Drought composite end date: 2018-08-18 06:00:00
[2026-05-15 23:02:13] Land cover year: 2017
[2026-05-15 23:02:15] VIIRS Veg composite: 2018-07-12 → 2018-07-28
[2026-05-15 23:02:19] Started export task: fire_216_dynamic_2018-08-21
[2026-05-15 23:02:20] ------ Processing date=2018-08-22 ------
[2026-05-15 23:02:20] Using viirs_af_path: viirs_af_path
[2026-05-15 23:02:20] VIIRS Image Date: ['2018-08-22 00:00:00']
[2026-05-15 23:02:20] Weather image size: 1
[2026-05-15 23:02:20] Forecast duration: 2018-08-23 00:00:00 to 2018-08-24 00:00:00
[2026-05-15 23:02:21] Number of forecast images: 24
[2026-05-15 23:02:21] Using forecast run: 2018-08-22 18:00:00 UTC
[2026-05-15 23:02:21] Forecast Rain Available hours: [6, 7, 8, 9, 10, 11, 12, 13, 14, 15, 16, 17, 18, 19, 20, 21, 22, 23, 24, 25, 26, 27, 28, 29]
[2026-05-15 23:02:21] Valid hours for sum: [12, 18, 24, 29]
[2026-05-15 23:02:23] Drought composite end date: 2018-08-18 06:00:00
[2026-05-15 23:02:23] Land cover year: 2017
[2026-05-15 23:02:24] VIIRS Veg composite: 2018-07-12 → 2018-07-28
[2026-05-15 23:02:29] Started export task: fire_216_dynamic_2018-08-22
[2026-05-15 23:02:29] ------ Processing date=2018-08-23 ------
[2026-05-15 23:02:29] Using viirs_af_path: viirs_af_path
[2026-05-15 23:02:30] VIIRS Image Date: ['2018-08-23 00:00:00']
[2026-05-15 23:02:30] Weather image size: 1
[2026-05-15 23:02:30] Forecast duration: 2018-08-24 00:00:00 to 2018-08-25 00:00:00
[2026-05-15 23:02:31] Number of forecast images: 24
[2026-05-15 23:02:31] Using forecast run: 2018-08-23 18:00:00 UTC
[2026-05-15 23:02:31] Forecast Rain Available hours: [6, 7, 8, 9, 10, 11, 12, 13, 14, 15, 16, 17, 18, 19, 20, 21, 22, 23, 24, 25, 26, 27, 28, 29]
[2026-05-15 23:02:31] Valid hours for sum: [12, 18, 24, 29]
[2026-05-15 23:02:34] Drought composite end date: 2018-08-18 06:00:00
[2026-05-15 23:02:34] Land cover year: 2017
[2026-05-15 23:02:35] VIIRS Veg composite: 2018-07-12 → 2018-07-28
[2026-05-15 23:02:39] Started export task: fire_216_dynamic_2018-08-23
[2026-05-15 23:02:40] ------ Processing date=2018-08-24 ------
[2026-05-15 23:02:40] Using viirs_af_path: viirs_af_path
[2026-05-15 23:02:40] VIIRS Image Date: ['2018-08-24 00:00:00']
[2026-05-15 23:02:41] Weather image size: 1
[2026-05-15 23:02:41] Forecast duration: 2018-08-25 00:00:00 to 2018-08-26 00:00:00
[2026-05-15 23:02:42] Number of forecast images: 24
[2026-05-15 23:02:42] Using forecast run: 2018-08-24 18:00:00 UTC
[2026-05-15 23:02:42] Forecast Rain Available hours: [6, 7, 8, 9, 10, 11, 12, 13, 14, 15, 16, 17, 18, 19, 20, 21, 22, 23, 24, 25, 26, 27, 28, 29]
[2026-05-15 23:02:42] Valid hours for sum: [12, 18, 24, 29]
[2026-05-15 23:02:45] Drought composite end date: 2018-08-23 06:00:00
[2026-05-15 23:02:45] Land cover year: 2017
[2026-05-15 23:02:46] VIIRS Veg composite: 2018-07-12 → 2018-07-28
[2026-05-15 23:02:51] Started export task: fire_216_dynamic_2018-08-24
[2026-05-15 23:02:51] ------ Processing date=2018-08-25 ------
[2026-05-15 23:02:51] Using viirs_af_path: viirs_af_path
[2026-05-15 23:02:51] VIIRS Image Date: ['2018-08-25 00:00:00']
[2026-05-15 23:02:52] Weather image size: 1
[2026-05-15 23:02:52] Forecast duration: 2018-08-26 00:00:00 to 2018-08-27 00:00:00
[2026-05-15 23:02:53] Number of forecast images: 24
[2026-05-15 23:02:53] Using forecast run: 2018-08-25 18:00:00 UTC
[2026-05-15 23:02:53] Forecast Rain Available hours: [6, 7, 8, 9, 10, 11, 12, 13, 14, 15, 16, 17, 18, 19, 20, 21, 22, 23, 24, 25, 26, 27, 28, 29]
[2026-05-15 23:02:53] Valid hours for sum: [12, 18, 24, 29]
[2026-05-15 23:02:55] Drought composite end date: 2018-08-23 06:00:00
[2026-05-15 23:02:55] Land cover year: 2017
[2026-05-15 23:02:57] VIIRS Veg composite: 2018-07-12 → 2018-07-28
[2026-05-15 23:03:00] Started export task: fire_216_dynamic_2018-08-25
[2026-05-15 23:03:01] ------ Processing date=2018-08-26 ------
[2026-05-15 23:03:01] Using viirs_af_path: viirs_af_path
[2026-05-15 23:03:01] VIIRS Image Date: ['2018-08-26 00:00:00']
[2026-05-15 23:03:01] Weather image size: 1
[2026-05-15 23:03:01] Forecast duration: 2018-08-27 00:00:00 to 2018-08-28 00:00:00
[2026-05-15 23:03:02] Number of forecast images: 24
[2026-05-15 23:03:02] Using forecast run: 2018-08-26 18:00:00 UTC
[2026-05-15 23:03:02] Forecast Rain Available hours: [6, 7, 8, 9, 10, 11, 12, 13, 14, 15, 16, 17, 18, 19, 20, 21, 22, 23, 24, 25, 26, 27, 28, 29]
[2026-05-15 23:03:02] Valid hours for sum: [12, 18, 24, 29]
[2026-05-15 23:03:05] Drought composite end date: 2018-08-23 06:00:00
[2026-05-15 23:03:06] Land cover year: 2017
[2026-05-15 23:03:06] VIIRS Veg composite: 2018-07-12 → 2018-07-28
[2026-05-15 23:03:10] Started export task: fire_216_dynamic_2018-08-26
[2026-05-15 23:03:10] ------ Processing date=2018-08-27 ------
[2026-05-15 23:03:10] Using viirs_af_path: viirs_af_path
[2026-05-15 23:03:11] VIIRS Image Date: ['2018-08-27 00:00:00']
[2026-05-15 23:03:11] Weather image size: 1
[2026-05-15 23:03:11] Forecast duration: 2018-08-28 00:00:00 to 2018-08-29 00:00:00
[2026-05-15 23:03:12] Number of forecast images: 24
[2026-05-15 23:03:12] Using forecast run: 2018-08-27 18:00:00 UTC
[2026-05-15 23:03:12] Forecast Rain Available hours: [6, 7, 8, 9, 10, 11, 12, 13, 14, 15, 16, 17, 18, 19, 20, 21, 22, 23, 24, 25, 26, 27, 28, 29]
[2026-05-15 23:03:12] Valid hours for sum: [12, 18, 24, 29]
[2026-05-15 23:03:14] Drought composite end date: 2018-08-23 06:00:00
[2026-05-15 23:03:14] Land cover year: 2017
[2026-05-15 23:03:15] VIIRS Veg composite: 2018-07-12 → 2018-07-28
[2026-05-15 23:03:19] Started export task: fire_216_dynamic_2018-08-27
[2026-05-15 23:03:20] ------ Processing date=2018-08-28 ------
[2026-05-15 23:03:20] Using viirs_af_path: viirs_af_path
[2026-05-15 23:03:20] VIIRS Image Date: ['2018-08-28 00:00:00']
[2026-05-15 23:03:20] Weather image size: 1
[2026-05-15 23:03:20] Forecast duration: 2018-08-29 00:00:00 to 2018-08-30 00:00:00
[2026-05-15 23:03:22] Number of forecast images: 24
[2026-05-15 23:03:22] Using forecast run: 2018-08-28 18:00:00 UTC
[2026-05-15 23:03:22] Forecast Rain Available hours: [6, 7, 8, 9, 10, 11, 12, 13, 14, 15, 16, 17, 18, 19, 20, 21, 22, 23, 24, 25, 26, 27, 28, 29]
[2026-05-15 23:03:22] Valid hours for sum: [12, 18, 24, 29]
[2026-05-15 23:03:24] Drought composite end date: 2018-08-23 06:00:00
[2026-05-15 23:03:24] Land cover year: 2017
[2026-05-15 23:03:25] VIIRS Veg composite: 2018-07-12 → 2018-07-28
[2026-05-15 23:03:28] Started export task: fire_216_dynamic_2018-08-28
[2026-05-15 23:03:29] ------ Processing date=2018-08-29 ------
[2026-05-15 23:03:29] Using viirs_af_path: viirs_af_path
[2026-05-15 23:03:29] VIIRS Image Date: ['2018-08-29 00:00:00']
[2026-05-15 23:03:29] Weather image size: 1
[2026-05-15 23:03:29] Forecast duration: 2018-08-30 00:00:00 to 2018-08-31 00:00:00
[2026-05-15 23:03:30] Number of forecast images: 24
[2026-05-15 23:03:30] Using forecast run: 2018-08-29 18:00:00 UTC
[2026-05-15 23:03:31] Forecast Rain Available hours: [6, 7, 8, 9, 10, 11, 12, 13, 14, 15, 16, 17, 18, 19, 20, 21, 22, 23, 24, 25, 26, 27, 28, 29]
[2026-05-15 23:03:31] Valid hours for sum: [12, 18, 24, 29]
[2026-05-15 23:03:33] Drought composite end date: 2018-08-28 06:00:00
[2026-05-15 23:03:33] Land cover year: 2017
[2026-05-15 23:03:34] VIIRS Veg composite: 2018-07-12 → 2018-07-28
[2026-05-15 23:03:37] Started export task: fire_216_dynamic_2018-08-29
[2026-05-15 23:03:38] ------ Processing date=2018-08-30 ------
[2026-05-15 23:03:38] Using viirs_af_path: viirs_af_path
[2026-05-15 23:03:38] VIIRS Image Date: ['2018-08-30 00:00:00']
[2026-05-15 23:03:39] Weather image size: 1
[2026-05-15 23:03:39] Forecast duration: 2018-08-31 00:00:00 to 2018-09-01 00:00:00
[2026-05-15 23:03:40] Number of forecast images: 24
[2026-05-15 23:03:40] Using forecast run: 2018-08-30 18:00:00 UTC
[2026-05-15 23:03:41] Forecast Rain Available hours: [6, 7, 8, 9, 10, 11, 12, 13, 14, 15, 16, 17, 18, 19, 20, 21, 22, 23, 24, 25, 26, 27, 28, 29]
[2026-05-15 23:03:41] Valid hours for sum: [12, 18, 24, 29]
[2026-05-15 23:03:42] Drought composite end date: 2018-08-28 06:00:00
[2026-05-15 23:03:42] Land cover year: 2017
[2026-05-15 23:03:43] VIIRS Veg composite: 2018-07-12 → 2018-07-28
[2026-05-15 23:03:46] Started export task: fire_216_dynamic_2018-08-30
[2026-05-15 23:03:47] ------ Processing date=2018-08-31 ------
[2026-05-15 23:03:47] Using viirs_af_path: viirs_af_path
[2026-05-15 23:03:47] VIIRS Image Date: ['2018-08-31 00:00:00']
[2026-05-15 23:03:48] Weather image size: 1
[2026-05-15 23:03:48] Forecast duration: 2018-09-01 00:00:00 to 2018-09-02 00:00:00
[2026-05-15 23:03:49] Number of forecast images: 24
[2026-05-15 23:03:49] Using forecast run: 2018-08-31 18:00:00 UTC
[2026-05-15 23:03:49] Forecast Rain Available hours: [6, 7, 8, 9, 10, 11, 12, 13, 14, 15, 16, 17, 18, 19, 20, 21, 22, 23, 24, 25, 26, 27, 28, 29]
[2026-05-15 23:03:49] Valid hours for sum: [12, 18, 24, 29]
[2026-05-15 23:03:52] Drought composite end date: 2018-08-28 06:00:00
[2026-05-15 23:03:52] Land cover year: 2017
[2026-05-15 23:03:53] VIIRS Veg composite: 2018-07-12 → 2018-07-28
[2026-05-15 23:03:56] Started export task: fire_216_dynamic_2018-08-31
[2026-05-15 23:03:56] ------ Processing date=2018-09-01 ------
[2026-05-15 23:03:56] Using viirs_af_path: viirs_af_path
[2026-05-15 23:03:57] VIIRS Image Date: ['2018-09-01 00:00:00']
[2026-05-15 23:03:57] Weather image size: 1
[2026-05-15 23:03:57] Forecast duration: 2018-09-02 00:00:00 to 2018-09-03 00:00:00
[2026-05-15 23:03:58] Number of forecast images: 24
[2026-05-15 23:03:58] Using forecast run: 2018-09-01 18:00:00 UTC
[2026-05-15 23:03:58] Forecast Rain Available hours: [6, 7, 8, 9, 10, 11, 12, 13, 14, 15, 16, 17, 18, 19, 20, 21, 22, 23, 24, 25, 26, 27, 28, 29]
[2026-05-15 23:03:58] Valid hours for sum: [12, 18, 24, 29]
[2026-05-15 23:04:01] Drought composite end date: 2018-08-28 06:00:00
[2026-05-15 23:04:01] Land cover year: 2017
[2026-05-15 23:04:02] VIIRS Veg composite: 2018-07-12 → 2018-07-28
[2026-05-15 23:04:07] Started export task: fire_216_dynamic_2018-09-01
[2026-05-15 23:04:08] ------ Processing date=2018-09-02 ------
[2026-05-15 23:04:08] Using viirs_af_path: viirs_af_path
[2026-05-15 23:04:08] VIIRS Image Date: ['2018-09-02 00:00:00']
[2026-05-15 23:04:08] Weather image size: 1
[2026-05-15 23:04:08] Forecast duration: 2018-09-03 00:00:00 to 2018-09-04 00:00:00
[2026-05-15 23:04:10] Number of forecast images: 24
[2026-05-15 23:04:10] Using forecast run: 2018-09-02 18:00:00 UTC
[2026-05-15 23:04:11] Forecast Rain Available hours: [6, 7, 8, 9, 10, 11, 12, 13, 14, 15, 16, 17, 18, 19, 20, 21, 22, 23, 24, 25, 26, 27, 28, 29]
[2026-05-15 23:04:11] Valid hours for sum: [12, 18, 24, 29]
[2026-05-15 23:04:13] Drought composite end date: 2018-08-28 06:00:00
[2026-05-15 23:04:13] Land cover year: 2017
[2026-05-15 23:04:14] VIIRS Veg composite: 2018-07-12 → 2018-07-28
[2026-05-15 23:04:18] Started export task: fire_216_dynamic_2018-09-02
[2026-05-15 23:04:18] ------ Processing date=2018-09-03 ------
[2026-05-15 23:04:18] Using viirs_af_path: viirs_af_path
[2026-05-15 23:04:18] VIIRS Image Date: ['2018-09-03 00:00:00']
[2026-05-15 23:04:18] Weather image size: 1
[2026-05-15 23:04:18] Forecast duration: 2018-09-04 00:00:00 to 2018-09-05 00:00:00
[2026-05-15 23:04:19] Number of forecast images: 24
[2026-05-15 23:04:19] Using forecast run: 2018-09-03 18:00:00 UTC
[2026-05-15 23:04:20] Forecast Rain Available hours: [6, 7, 8, 9, 10, 11, 12, 13, 14, 15, 16, 17, 18, 19, 20, 21, 22, 23, 24, 25, 26, 27, 28, 29]
[2026-05-15 23:04:20] Valid hours for sum: [12, 18, 24, 29]
[2026-05-15 23:04:22] Drought composite end date: 2018-09-02 06:00:00
[2026-05-15 23:04:22] Land cover year: 2017
[2026-05-15 23:04:22] VIIRS Veg composite: 2018-07-12 → 2018-07-28
[2026-05-15 23:04:26] Started export task: fire_216_dynamic_2018-09-03
[2026-05-15 23:04:26] ------ Processing date=2018-09-04 ------
[2026-05-15 23:04:26] Using viirs_af_path: viirs_af_path
[2026-05-15 23:04:26] VIIRS Image Date: ['2018-09-04 00:00:00']
[2026-05-15 23:04:27] Weather image size: 1
[2026-05-15 23:04:27] Forecast duration: 2018-09-05 00:00:00 to 2018-09-06 00:00:00
[2026-05-15 23:04:28] Number of forecast images: 24
[2026-05-15 23:04:28] Using forecast run: 2018-09-04 18:00:00 UTC
[2026-05-15 23:04:28] Forecast Rain Available hours: [6, 7, 8, 9, 10, 11, 12, 13, 14, 15, 16, 17, 18, 19, 20, 21, 22, 23, 24, 25, 26, 27, 28, 29]
[2026-05-15 23:04:28] Valid hours for sum: [12, 18, 24, 29]
[2026-05-15 23:04:31] Drought composite end date: 2018-09-02 06:00:00
[2026-05-15 23:04:31] Land cover year: 2017
[2026-05-15 23:04:32] VIIRS Veg composite: 2018-07-12 → 2018-07-28
[2026-05-15 23:04:35] Started export task: fire_216_dynamic_2018-09-04
[2026-05-15 23:04:36] ------ Processing date=2018-09-05 ------
[2026-05-15 23:04:36] Using viirs_af_path: viirs_af_path
[2026-05-15 23:04:36] VIIRS Image Date: ['2018-09-05 00:00:00']
[2026-05-15 23:04:36] Weather image size: 1
[2026-05-15 23:04:36] Forecast duration: 2018-09-06 00:00:00 to 2018-09-07 00:00:00
[2026-05-15 23:04:37] Number of forecast images: 24
[2026-05-15 23:04:37] Using forecast run: 2018-09-05 18:00:00 UTC
[2026-05-15 23:04:37] Forecast Rain Available hours: [6, 7, 8, 9, 10, 11, 12, 13, 14, 15, 16, 17, 18, 19, 20, 21, 22, 23, 24, 25, 26, 27, 28, 29]
[2026-05-15 23:04:37] Valid hours for sum: [12, 18, 24, 29]
[2026-05-15 23:04:39] Drought composite end date: 2018-09-02 06:00:00
[2026-05-15 23:04:39] Land cover year: 2017
[2026-05-15 23:04:41] VIIRS Veg composite: 2018-07-12 → 2018-07-28
[2026-05-15 23:04:45] Started export task: fire_216_dynamic_2018-09-05
[2026-05-15 23:04:46] ------ Processing date=2018-09-06 ------
[2026-05-15 23:04:46] Using viirs_af_path: viirs_af_path
[2026-05-15 23:04:46] VIIRS Image Date: ['2018-09-06 00:00:00']
[2026-05-15 23:04:46] Weather image size: 1
[2026-05-15 23:04:46] Forecast duration: 2018-09-07 00:00:00 to 2018-09-08 00:00:00
[2026-05-15 23:04:48] Number of forecast images: 24
[2026-05-15 23:04:48] Using forecast run: 2018-09-06 18:00:00 UTC
[2026-05-15 23:04:48] Forecast Rain Available hours: [6, 7, 8, 9, 10, 11, 12, 13, 14, 15, 16, 17, 18, 19, 20, 21, 22, 23, 24, 25, 26, 27, 28, 29]
[2026-05-15 23:04:48] Valid hours for sum: [12, 18, 24, 29]
[2026-05-15 23:04:50] Drought composite end date: 2018-09-02 06:00:00
[2026-05-15 23:04:51] Land cover year: 2017
[2026-05-15 23:04:51] VIIRS Veg composite: 2018-07-12 → 2018-07-28
[2026-05-15 23:04:56] Started export task: fire_216_dynamic_2018-09-06
[2026-05-15 23:04:56] ------ Processing date=2018-09-07 ------
[2026-05-15 23:04:56] Using viirs_af_path: viirs_af_path
[2026-05-15 23:04:56] VIIRS Image Date: ['2018-09-07 00:00:00']
[2026-05-15 23:04:57] Weather image size: 1
[2026-05-15 23:04:57] Forecast duration: 2018-09-08 00:00:00 to 2018-09-09 00:00:00
[2026-05-15 23:04:57] Number of forecast images: 24
[2026-05-15 23:04:57] Using forecast run: 2018-09-07 18:00:00 UTC
[2026-05-15 23:04:58] Forecast Rain Available hours: [6, 7, 8, 9, 10, 11, 12, 13, 14, 15, 16, 17, 18, 19, 20, 21, 22, 23, 24, 25, 26, 27, 28, 29]
[2026-05-15 23:04:58] Valid hours for sum: [12, 18, 24, 29]
[2026-05-15 23:05:00] Drought composite end date: 2018-09-02 06:00:00
[2026-05-15 23:05:00] Land cover year: 2017
[2026-05-15 23:05:01] VIIRS Veg composite: 2018-07-12 → 2018-07-28
[2026-05-15 23:05:06] Started export task: fire_216_dynamic_2018-09-07
[2026-05-15 23:05:07] ------ Processing date=2018-09-08 ------
[2026-05-15 23:05:07] Using viirs_af_path: viirs_af_path
[2026-05-15 23:05:07] VIIRS Image Date: ['2018-09-08 00:00:00']
[2026-05-15 23:05:07] Weather image size: 1
[2026-05-15 23:05:07] Forecast duration: 2018-09-09 00:00:00 to 2018-09-10 00:00:00
[2026-05-15 23:05:08] Number of forecast images: 24
[2026-05-15 23:05:08] Using forecast run: 2018-09-08 18:00:00 UTC
[2026-05-15 23:05:09] Forecast Rain Available hours: [6, 7, 8, 9, 10, 11, 12, 13, 14, 15, 16, 17, 18, 19, 20, 21, 22, 23, 24, 25, 26, 27, 28, 29]
[2026-05-15 23:05:09] Valid hours for sum: [12, 18, 24, 29]
[2026-05-15 23:05:10] Drought composite end date: 2018-09-07 06:00:00
[2026-05-15 23:05:11] Land cover year: 2017
[2026-05-15 23:05:11] VIIRS Veg composite: 2018-07-12 → 2018-07-28
[2026-05-15 23:05:15] Started export task: fire_216_dynamic_2018-09-08
[2026-05-15 23:05:16] ------ Processing date=2018-09-09 ------
[2026-05-15 23:05:16] Using viirs_af_path: viirs_af_path
[2026-05-15 23:05:16] VIIRS Image Date: ['2018-09-09 00:00:00']
[2026-05-15 23:05:16] Weather image size: 1
[2026-05-15 23:05:16] Forecast duration: 2018-09-10 00:00:00 to 2018-09-11 00:00:00
[2026-05-15 23:05:18] Number of forecast images: 24
[2026-05-15 23:05:18] Using forecast run: 2018-09-09 18:00:00 UTC
[2026-05-15 23:05:18] Forecast Rain Available hours: [6, 7, 8, 9, 10, 11, 12, 13, 14, 15, 16, 17, 18, 19, 20, 21, 22, 23, 24, 25, 26, 27, 28, 29]
[2026-05-15 23:05:18] Valid hours for sum: [12, 18, 24, 29]
[2026-05-15 23:05:20] Drought composite end date: 2018-09-07 06:00:00
[2026-05-15 23:05:21] Land cover year: 2017
[2026-05-15 23:05:21] VIIRS Veg composite: 2018-07-12 → 2018-07-28
[2026-05-15 23:05:26] Started export task: fire_216_dynamic_2018-09-09
[2026-05-15 23:05:26] ------ Processing date=2018-09-10 ------
[2026-05-15 23:05:26] Using viirs_af_path: viirs_af_path
[2026-05-15 23:05:26] VIIRS Image Date: ['2018-09-10 00:00:00']
[2026-05-15 23:05:27] Weather image size: 1
[2026-05-15 23:05:27] Forecast duration: 2018-09-11 00:00:00 to 2018-09-12 00:00:00
[2026-05-15 23:05:28] Number of forecast images: 24
[2026-05-15 23:05:28] Using forecast run: 2018-09-10 18:00:00 UTC
[2026-05-15 23:05:28] Forecast Rain Available hours: [6, 7, 8, 9, 10, 11, 12, 13, 14, 15, 16, 17, 18, 19, 20, 21, 22, 23, 24, 25, 26, 27, 28, 29]
[2026-05-15 23:05:28] Valid hours for sum: [12, 18, 24, 29]
[2026-05-15 23:05:31] Drought composite end date: 2018-09-07 06:00:00
[2026-05-15 23:05:31] Land cover year: 2017
[2026-05-15 23:05:32] VIIRS Veg composite: 2018-07-12 → 2018-07-28
[2026-05-15 23:05:35] Started export task: fire_216_dynamic_2018-09-10
[2026-05-15 23:05:36] ------ Processing date=2018-09-11 ------
[2026-05-15 23:05:36] Using viirs_af_path: viirs_af_path
[2026-05-15 23:05:36] VIIRS Image Date: ['2018-09-11 00:00:00']
[2026-05-15 23:05:36] Weather image size: 1
[2026-05-15 23:05:36] Forecast duration: 2018-09-12 00:00:00 to 2018-09-13 00:00:00
[2026-05-15 23:05:37] Number of forecast images: 24
[2026-05-15 23:05:37] Using forecast run: 2018-09-11 18:00:00 UTC
[2026-05-15 23:05:38] Forecast Rain Available hours: [6, 7, 8, 9, 10, 11, 12, 13, 14, 15, 16, 17, 18, 19, 20, 21, 22, 23, 24, 25, 26, 27, 28, 29]
[2026-05-15 23:05:38] Valid hours for sum: [12, 18, 24, 29]
[2026-05-15 23:05:39] Drought composite end date: 2018-09-07 06:00:00
[2026-05-15 23:05:39] Land cover year: 2017
[2026-05-15 23:05:40] VIIRS Veg composite: 2018-07-12 → 2018-07-28
[2026-05-15 23:05:43] Started export task: fire_216_dynamic_2018-09-11
[2026-05-15 23:05:43] ------ Processing date=2018-09-12 ------
[2026-05-15 23:05:43] Using viirs_af_path: viirs_af_path
[2026-05-15 23:05:43] VIIRS Image Date: ['2018-09-12 00:00:00']
[2026-05-15 23:05:44] Weather image size: 1
[2026-05-15 23:05:44] Forecast duration: 2018-09-13 00:00:00 to 2018-09-14 00:00:00
[2026-05-15 23:05:45] Number of forecast images: 24
[2026-05-15 23:05:45] Using forecast run: 2018-09-12 18:00:00 UTC
[2026-05-15 23:05:45] Forecast Rain Available hours: [6, 7, 8, 9, 10, 11, 12, 13, 14, 15, 16, 17, 18, 19, 20, 21, 22, 23, 24, 25, 26, 27, 28, 29]
[2026-05-15 23:05:45] Valid hours for sum: [12, 18, 24, 29]
[2026-05-15 23:05:47] Drought composite end date: 2018-09-07 06:00:00
[2026-05-15 23:05:47] Land cover year: 2017
[2026-05-15 23:05:48] VIIRS Veg composite: 2018-07-12 → 2018-07-28
[2026-05-15 23:05:52] Started export task: fire_216_dynamic_2018-09-12
[2026-05-15 23:05:53] ------ Processing date=2018-09-13 ------
[2026-05-15 23:05:53] Using viirs_af_path: viirs_af_path
[2026-05-15 23:05:53] VIIRS Image Date: ['2018-09-13 00:00:00']
[2026-05-15 23:05:53] Weather image size: 1
[2026-05-15 23:05:53] Forecast duration: 2018-09-14 00:00:00 to 2018-09-15 00:00:00
[2026-05-15 23:05:54] Number of forecast images: 24
[2026-05-15 23:05:54] Using forecast run: 2018-09-13 18:00:00 UTC
[2026-05-15 23:05:54] Forecast Rain Available hours: [6, 7, 8, 9, 10, 11, 12, 13, 14, 15, 16, 17, 18, 19, 20, 21, 22, 23, 24, 25, 26, 27, 28, 29]
[2026-05-15 23:05:54] Valid hours for sum: [12, 18, 24, 29]
[2026-05-15 23:05:57] Drought composite end date: 2018-09-12 06:00:00
[2026-05-15 23:05:57] Land cover year: 2017
[2026-05-15 23:05:58] VIIRS Veg composite: 2018-07-12 → 2018-07-28
[2026-05-15 23:06:02] Started export task: fire_216_dynamic_2018-09-13
[2026-05-15 23:06:03] ------ Processing date=2018-09-14 ------
[2026-05-15 23:06:03] Using viirs_af_path: viirs_af_path
[2026-05-15 23:06:03] VIIRS Image Date: ['2018-09-14 00:00:00']
[2026-05-15 23:06:03] Weather image size: 1
[2026-05-15 23:06:03] Forecast duration: 2018-09-15 00:00:00 to 2018-09-16 00:00:00
[2026-05-15 23:06:05] Number of forecast images: 24
[2026-05-15 23:06:05] Using forecast run: 2018-09-14 18:00:00 UTC
[2026-05-15 23:06:05] Forecast Rain Available hours: [6, 7, 8, 9, 10, 11, 12, 13, 14, 15, 16, 17, 18, 19, 20, 21, 22, 23, 24, 25, 26, 27, 28, 29]
[2026-05-15 23:06:05] Valid hours for sum: [12, 18, 24, 29]
[2026-05-15 23:06:08] Drought composite end date: 2018-09-12 06:00:00
[2026-05-15 23:06:09] Land cover year: 2017
[2026-05-15 23:06:10] VIIRS Veg composite: 2018-07-12 → 2018-07-28
[2026-05-15 23:06:14] Started export task: fire_216_dynamic_2018-09-14
[2026-05-15 23:06:15] END: ----------Event fire_216----------- (Duration: 9.02m)
[2026-05-15 23:06:15] START: ----------Event fire_217-----------
[2026-05-15 23:06:16] ------ Processing date=2018-07-22 ------
[2026-05-15 23:06:16] Using viirs_af_path: viirs_af_path
[2026-05-15 23:06:17] VIIRS Image Date: ['2018-07-22 00:00:00']
[2026-05-15 23:06:17] Weather image size: 1
[2026-05-15 23:06:17] Forecast duration: 2018-07-23 00:00:00 to 2018-07-24 00:00:00
[2026-05-15 23:06:19] Number of forecast images: 24
[2026-05-15 23:06:19] Using forecast run: 2018-07-22 18:00:00 UTC
[2026-05-15 23:06:19] Forecast Rain Available hours: [6, 7, 8, 9, 10, 11, 12, 13, 14, 15, 16, 17, 18, 19, 20, 21, 22, 23, 24, 25, 26, 27, 28, 29]
[2026-05-15 23:06:19] Valid hours for sum: [12, 18, 24, 29]
[2026-05-15 23:06:21] Drought composite end date: 2018-07-19 06:00:00
[2026-05-15 23:06:22] Land cover year: 2017
[2026-05-15 23:06:23] VIIRS Veg composite: 2018-07-12 → 2018-07-28
[2026-05-15 23:06:26] Started export task: fire_217_static
[2026-05-15 23:06:26] Started export task: fire_217_dynamic_2018-07-22
[2026-05-15 23:06:27] ------ Processing date=2018-07-23 ------
[2026-05-15 23:06:27] Using viirs_af_path: viirs_af_path
[2026-05-15 23:06:27] VIIRS Image Date: ['2018-07-23 00:00:00']
[2026-05-15 23:06:27] Weather image size: 1
[2026-05-15 23:06:27] Forecast duration: 2018-07-24 00:00:00 to 2018-07-25 00:00:00
[2026-05-15 23:06:28] Number of forecast images: 24
[2026-05-15 23:06:28] Using forecast run: 2018-07-23 18:00:00 UTC
[2026-05-15 23:06:28] Forecast Rain Available hours: [6, 7, 8, 9, 10, 11, 12, 13, 14, 15, 16, 17, 18, 19, 20, 21, 22, 23, 24, 25, 26, 27, 28, 29]
[2026-05-15 23:06:28] Valid hours for sum: [12, 18, 24, 29]
[2026-05-15 23:06:31] Drought composite end date: 2018-07-19 06:00:00
[2026-05-15 23:06:31] Land cover year: 2017
[2026-05-15 23:06:31] VIIRS Veg composite: 2018-07-12 → 2018-07-28
[2026-05-15 23:06:35] Started export task: fire_217_dynamic_2018-07-23
[2026-05-15 23:06:35] ------ Processing date=2018-07-24 ------
[2026-05-15 23:06:35] Using viirs_af_path: viirs_af_path
[2026-05-15 23:06:35] VIIRS Image Date: ['2018-07-24 00:00:00']
[2026-05-15 23:06:35] Weather image size: 1
[2026-05-15 23:06:35] Forecast duration: 2018-07-25 00:00:00 to 2018-07-26 00:00:00
[2026-05-15 23:06:36] Number of forecast images: 24
[2026-05-15 23:06:36] Using forecast run: 2018-07-24 18:00:00 UTC
[2026-05-15 23:06:37] Forecast Rain Available hours: [6, 7, 8, 9, 10, 11, 12, 13, 14, 15, 16, 17, 18, 19, 20, 21, 22, 23, 24, 25, 26, 27, 28, 29]
[2026-05-15 23:06:37] Valid hours for sum: [12, 18, 24, 29]
[2026-05-15 23:06:38] Drought composite end date: 2018-07-19 06:00:00
[2026-05-15 23:06:39] Land cover year: 2017
[2026-05-15 23:06:39] VIIRS Veg composite: 2018-07-12 → 2018-07-28
[2026-05-15 23:06:43] Started export task: fire_217_dynamic_2018-07-24
[2026-05-15 23:06:43] ------ Processing date=2018-07-25 ------
[2026-05-15 23:06:43] Using viirs_af_path: viirs_af_path
[2026-05-15 23:06:43] VIIRS Image Date: ['2018-07-25 00:00:00']
[2026-05-15 23:06:43] Weather image size: 1
[2026-05-15 23:06:43] Forecast duration: 2018-07-26 00:00:00 to 2018-07-27 00:00:00
[2026-05-15 23:06:44] Number of forecast images: 24
[2026-05-15 23:06:44] Using forecast run: 2018-07-25 18:00:00 UTC
[2026-05-15 23:06:45] Forecast Rain Available hours: [6, 7, 8, 9, 10, 11, 12, 13, 14, 15, 16, 17, 18, 19, 20, 21, 22, 23, 24, 25, 26, 27, 28, 29]
[2026-05-15 23:06:45] Valid hours for sum: [12, 18, 24, 29]
[2026-05-15 23:06:46] Drought composite end date: 2018-07-24 06:00:00
[2026-05-15 23:06:46] Land cover year: 2017
[2026-05-15 23:06:47] VIIRS Veg composite: 2018-07-12 → 2018-07-28
[2026-05-15 23:06:50] Started export task: fire_217_dynamic_2018-07-25
[2026-05-15 23:06:51] ------ Processing date=2018-07-26 ------
[2026-05-15 23:06:51] Using viirs_af_path: viirs_af_path
[2026-05-15 23:06:51] VIIRS Image Date: ['2018-07-26 00:00:00']
[2026-05-15 23:06:51] Weather image size: 1
[2026-05-15 23:06:51] Forecast duration: 2018-07-27 00:00:00 to 2018-07-28 00:00:00
[2026-05-15 23:06:52] Number of forecast images: 24
[2026-05-15 23:06:52] Using forecast run: 2018-07-26 18:00:00 UTC
[2026-05-15 23:06:52] Forecast Rain Available hours: [6, 7, 8, 9, 10, 11, 12, 13, 14, 15, 16, 17, 18, 19, 20, 21, 22, 23, 24, 25, 26, 27, 28, 29]
[2026-05-15 23:06:52] Valid hours for sum: [12, 18, 24, 29]
[2026-05-15 23:06:55] Drought composite end date: 2018-07-24 06:00:00
[2026-05-15 23:06:55] Land cover year: 2017
[2026-05-15 23:06:56] VIIRS Veg composite: 2018-07-12 → 2018-07-28
[2026-05-15 23:06:58] Started export task: fire_217_dynamic_2018-07-26
[2026-05-15 23:06:59] ------ Processing date=2018-07-27 ------
[2026-05-15 23:06:59] Using viirs_af_path: viirs_af_path
[2026-05-15 23:06:59] VIIRS Image Date: ['2018-07-27 00:00:00']
[2026-05-15 23:06:59] Weather image size: 1
[2026-05-15 23:06:59] Forecast duration: 2018-07-28 00:00:00 to 2018-07-29 00:00:00
[2026-05-15 23:07:00] Number of forecast images: 24
[2026-05-15 23:07:00] Using forecast run: 2018-07-27 18:00:00 UTC
[2026-05-15 23:07:01] Forecast Rain Available hours: [6, 7, 8, 9, 10, 11, 12, 13, 14, 15, 16, 17, 18, 19, 20, 21, 22, 23, 24, 25, 26, 27, 28, 29]
[2026-05-15 23:07:01] Valid hours for sum: [12, 18, 24, 29]
[2026-05-15 23:07:03] Drought composite end date: 2018-07-24 06:00:00
[2026-05-15 23:07:03] Land cover year: 2017
[2026-05-15 23:07:04] VIIRS Veg composite: 2018-07-12 → 2018-07-28
[2026-05-15 23:07:07] Started export task: fire_217_dynamic_2018-07-27
[2026-05-15 23:07:07] ------ Processing date=2018-07-28 ------
[2026-05-15 23:07:07] Using viirs_af_path: viirs_af_path
[2026-05-15 23:07:08] VIIRS Image Date: ['2018-07-28 00:00:00']
[2026-05-15 23:07:08] Weather image size: 1
[2026-05-15 23:07:08] Forecast duration: 2018-07-29 00:00:00 to 2018-07-30 00:00:00
[2026-05-15 23:07:09] Number of forecast images: 24
[2026-05-15 23:07:09] Using forecast run: 2018-07-28 18:00:00 UTC
[2026-05-15 23:07:10] Forecast Rain Available hours: [6, 7, 8, 9, 10, 11, 12, 13, 14, 15, 16, 17, 18, 19, 20, 21, 22, 23, 24, 25, 26, 27, 28, 29]
[2026-05-15 23:07:10] Valid hours for sum: [12, 18, 24, 29]
[2026-05-15 23:07:12] Drought composite end date: 2018-07-24 06:00:00
[2026-05-15 23:07:12] Land cover year: 2017
[2026-05-15 23:07:13] VIIRS Veg composite: 2018-07-12 → 2018-07-28
[2026-05-15 23:07:18] Started export task: fire_217_dynamic_2018-07-28
[2026-05-15 23:07:18] ------ Processing date=2018-07-29 ------
[2026-05-15 23:07:18] Using viirs_af_path: viirs_af_path
[2026-05-15 23:07:18] VIIRS Image Date: ['2018-07-29 00:00:00']
[2026-05-15 23:07:19] Weather image size: 1
[2026-05-15 23:07:19] Forecast duration: 2018-07-30 00:00:00 to 2018-07-31 00:00:00
[2026-05-15 23:07:20] Number of forecast images: 24
[2026-05-15 23:07:20] Using forecast run: 2018-07-29 18:00:00 UTC
[2026-05-15 23:07:20] Forecast Rain Available hours: [6, 7, 8, 9, 10, 11, 12, 13, 14, 15, 16, 17, 18, 19, 20, 21, 22, 23, 24, 25, 26, 27, 28, 29]
[2026-05-15 23:07:20] Valid hours for sum: [12, 18, 24, 29]
[2026-05-15 23:07:22] Drought composite end date: 2018-07-24 06:00:00
[2026-05-15 23:07:22] Land cover year: 2017
[2026-05-15 23:07:23] VIIRS Veg composite: 2018-07-12 → 2018-07-28
[2026-05-15 23:07:27] Started export task: fire_217_dynamic_2018-07-29
[2026-05-15 23:07:28] ------ Processing date=2018-07-30 ------
[2026-05-15 23:07:28] Using viirs_af_path: viirs_af_path
[2026-05-15 23:07:28] VIIRS Image Date: ['2018-07-30 00:00:00']
[2026-05-15 23:07:28] Weather image size: 1
[2026-05-15 23:07:28] Forecast duration: 2018-07-31 00:00:00 to 2018-08-01 00:00:00
[2026-05-15 23:07:29] Number of forecast images: 24
[2026-05-15 23:07:29] Using forecast run: 2018-07-30 18:00:00 UTC
[2026-05-15 23:07:29] Forecast Rain Available hours: [6, 7, 8, 9, 10, 11, 12, 13, 14, 15, 16, 17, 18, 19, 20, 21, 22, 23, 24, 25, 26, 27, 28, 29]
[2026-05-15 23:07:29] Valid hours for sum: [12, 18, 24, 29]
[2026-05-15 23:07:32] Drought composite end date: 2018-07-29 06:00:00
[2026-05-15 23:07:33] Land cover year: 2017
[2026-05-15 23:07:34] VIIRS Veg composite: 2018-07-12 → 2018-07-28
[2026-05-15 23:07:37] Started export task: fire_217_dynamic_2018-07-30
[2026-05-15 23:07:38] ------ Processing date=2018-07-31 ------
[2026-05-15 23:07:38] Using viirs_af_path: viirs_af_path
[2026-05-15 23:07:38] VIIRS Image Date: ['2018-07-31 00:00:00']
[2026-05-15 23:07:38] Weather image size: 1
[2026-05-15 23:07:38] Forecast duration: 2018-08-01 00:00:00 to 2018-08-02 00:00:00
[2026-05-15 23:07:39] Number of forecast images: 24
[2026-05-15 23:07:39] Using forecast run: 2018-07-31 18:00:00 UTC
[2026-05-15 23:07:40] Forecast Rain Available hours: [6, 7, 8, 9, 10, 11, 12, 13, 14, 15, 16, 17, 18, 19, 20, 21, 22, 23, 24, 25, 26, 27, 28, 29]
[2026-05-15 23:07:40] Valid hours for sum: [12, 18, 24, 29]
[2026-05-15 23:07:42] Drought composite end date: 2018-07-29 06:00:00
[2026-05-15 23:07:43] Land cover year: 2017
[2026-05-15 23:07:43] VIIRS Veg composite: 2018-07-12 → 2018-07-28
[2026-05-15 23:07:48] Started export task: fire_217_dynamic_2018-07-31
[2026-05-15 23:07:48] ------ Processing date=2018-08-01 ------
[2026-05-15 23:07:48] Using viirs_af_path: viirs_af_path
[2026-05-15 23:07:48] VIIRS Image Date: ['2018-08-01 00:00:00']
[2026-05-15 23:07:48] Weather image size: 1
[2026-05-15 23:07:48] Forecast duration: 2018-08-02 00:00:00 to 2018-08-03 00:00:00
[2026-05-15 23:07:49] Number of forecast images: 24
[2026-05-15 23:07:49] Using forecast run: 2018-08-01 18:00:00 UTC
[2026-05-15 23:07:50] Forecast Rain Available hours: [6, 7, 8, 9, 10, 11, 12, 13, 14, 15, 16, 17, 18, 19, 20, 21, 22, 23, 24, 25, 26, 27, 28, 29]
[2026-05-15 23:07:50] Valid hours for sum: [12, 18, 24, 29]
[2026-05-15 23:07:52] Drought composite end date: 2018-07-29 06:00:00
[2026-05-15 23:07:52] Land cover year: 2017
[2026-05-15 23:07:53] VIIRS Veg composite: 2018-07-12 → 2018-07-28
[2026-05-15 23:07:56] Started export task: fire_217_dynamic_2018-08-01
[2026-05-15 23:07:56] ------ Processing date=2018-08-02 ------
[2026-05-15 23:07:56] Using viirs_af_path: viirs_af_path
[2026-05-15 23:07:57] VIIRS Image Date: ['2018-08-02 00:00:00']
[2026-05-15 23:07:57] Weather image size: 1
[2026-05-15 23:07:57] Forecast duration: 2018-08-03 00:00:00 to 2018-08-04 00:00:00
[2026-05-15 23:07:58] Number of forecast images: 24
[2026-05-15 23:07:58] Using forecast run: 2018-08-02 18:00:00 UTC
[2026-05-15 23:07:59] Forecast Rain Available hours: [6, 7, 8, 9, 10, 11, 12, 13, 14, 15, 16, 17, 18, 19, 20, 21, 22, 23, 24, 25, 26, 27, 28, 29]
[2026-05-15 23:07:59] Valid hours for sum: [12, 18, 24, 29]
[2026-05-15 23:08:01] Drought composite end date: 2018-07-29 06:00:00
[2026-05-15 23:08:01] Land cover year: 2017
[2026-05-15 23:08:02] VIIRS Veg composite: 2018-07-12 → 2018-07-28
[2026-05-15 23:08:05] Started export task: fire_217_dynamic_2018-08-02
[2026-05-15 23:08:06] ------ Processing date=2018-08-03 ------
[2026-05-15 23:08:06] Using viirs_af_path: viirs_af_path
[2026-05-15 23:08:06] VIIRS Image Date: ['2018-08-03 00:00:00']
[2026-05-15 23:08:06] Weather image size: 1
[2026-05-15 23:08:06] Forecast duration: 2018-08-04 00:00:00 to 2018-08-05 00:00:00
[2026-05-15 23:08:07] Number of forecast images: 24
[2026-05-15 23:08:07] Using forecast run: 2018-08-03 18:00:00 UTC
[2026-05-15 23:08:07] Forecast Rain Available hours: [6, 7, 8, 9, 10, 11, 12, 13, 14, 15, 16, 17, 18, 19, 20, 21, 22, 23, 24, 25, 26, 27, 28, 29]
[2026-05-15 23:08:07] Valid hours for sum: [12, 18, 24, 29]
[2026-05-15 23:08:09] Drought composite end date: 2018-07-29 06:00:00
[2026-05-15 23:08:10] Land cover year: 2017
[2026-05-15 23:08:11] VIIRS Veg composite: 2018-07-12 → 2018-07-28
[2026-05-15 23:08:14] Started export task: fire_217_dynamic_2018-08-03
[2026-05-15 23:08:14] ------ Processing date=2018-08-04 ------
[2026-05-15 23:08:14] Using viirs_af_path: viirs_af_path
[2026-05-15 23:08:15] VIIRS Image Date: ['2018-08-04 00:00:00']
[2026-05-15 23:08:15] Weather image size: 1
[2026-05-15 23:08:15] Forecast duration: 2018-08-05 00:00:00 to 2018-08-06 00:00:00
[2026-05-15 23:08:16] Number of forecast images: 24
[2026-05-15 23:08:16] Using forecast run: 2018-08-04 18:00:00 UTC
[2026-05-15 23:08:16] Forecast Rain Available hours: [6, 7, 8, 9, 10, 11, 12, 13, 14, 15, 16, 17, 18, 19, 20, 21, 22, 23, 24, 25, 26, 27, 28, 29]
[2026-05-15 23:08:16] Valid hours for sum: [12, 18, 24, 29]
[2026-05-15 23:08:18] Drought composite end date: 2018-08-03 06:00:00
[2026-05-15 23:08:18] Land cover year: 2017
[2026-05-15 23:08:19] VIIRS Veg composite: 2018-07-12 → 2018-07-28
[2026-05-15 23:08:23] Started export task: fire_217_dynamic_2018-08-04
[2026-05-15 23:08:23] ------ Processing date=2018-08-05 ------
[2026-05-15 23:08:23] Using viirs_af_path: viirs_af_path
[2026-05-15 23:08:23] VIIRS Image Date: ['2018-08-05 00:00:00']
[2026-05-15 23:08:24] Weather image size: 1
[2026-05-15 23:08:24] Forecast duration: 2018-08-06 00:00:00 to 2018-08-07 00:00:00
[2026-05-15 23:08:24] Number of forecast images: 24
[2026-05-15 23:08:24] Using forecast run: 2018-08-05 18:00:00 UTC
[2026-05-15 23:08:25] Forecast Rain Available hours: [6, 7, 8, 9, 10, 11, 12, 13, 14, 15, 16, 17, 18, 19, 20, 21, 22, 23, 24, 25, 26, 27, 28, 29]
[2026-05-15 23:08:25] Valid hours for sum: [12, 18, 24, 29]
[2026-05-15 23:08:27] Drought composite end date: 2018-08-03 06:00:00
[2026-05-15 23:08:28] Land cover year: 2017
[2026-05-15 23:08:29] VIIRS Veg composite: 2018-07-12 → 2018-07-28
[2026-05-15 23:08:33] Started export task: fire_217_dynamic_2018-08-05
[2026-05-15 23:08:33] ------ Processing date=2018-08-06 ------
[2026-05-15 23:08:33] Using viirs_af_path: viirs_af_path
[2026-05-15 23:08:34] VIIRS Image Date: ['2018-08-06 00:00:00']
[2026-05-15 23:08:34] Weather image size: 1
[2026-05-15 23:08:34] Forecast duration: 2018-08-07 00:00:00 to 2018-08-08 00:00:00
[2026-05-15 23:08:35] Number of forecast images: 24
[2026-05-15 23:08:35] Using forecast run: 2018-08-06 18:00:00 UTC
[2026-05-15 23:08:35] Forecast Rain Available hours: [6, 7, 8, 9, 10, 11, 12, 13, 14, 15, 16, 17, 18, 19, 20, 21, 22, 23, 24, 25, 26, 27, 28, 29]
[2026-05-15 23:08:35] Valid hours for sum: [12, 18, 24, 29]
[2026-05-15 23:08:38] Drought composite end date: 2018-08-03 06:00:00
[2026-05-15 23:08:38] Land cover year: 2017
[2026-05-15 23:08:39] VIIRS Veg composite: 2018-07-12 → 2018-07-28
[2026-05-15 23:08:43] Started export task: fire_217_dynamic_2018-08-06
[2026-05-15 23:08:43] ------ Processing date=2018-08-07 ------
[2026-05-15 23:08:43] Using viirs_af_path: viirs_af_path
[2026-05-15 23:08:43] VIIRS Image Date: ['2018-08-07 00:00:00']
[2026-05-15 23:08:44] Weather image size: 1
[2026-05-15 23:08:44] Forecast duration: 2018-08-08 00:00:00 to 2018-08-09 00:00:00
[2026-05-15 23:08:45] Number of forecast images: 24
[2026-05-15 23:08:45] Using forecast run: 2018-08-07 18:00:00 UTC
[2026-05-15 23:08:45] Forecast Rain Available hours: [6, 7, 8, 9, 10, 11, 12, 13, 14, 15, 16, 17, 18, 19, 20, 21, 22, 23, 24, 25, 26, 27, 28, 29]
[2026-05-15 23:08:45] Valid hours for sum: [12, 18, 24, 29]
[2026-05-15 23:08:47] Drought composite end date: 2018-08-03 06:00:00
[2026-05-15 23:08:47] Land cover year: 2017
[2026-05-15 23:08:48] VIIRS Veg composite: 2018-07-12 → 2018-07-28
[2026-05-15 23:08:52] Started export task: fire_217_dynamic_2018-08-07
[2026-05-15 23:08:52] ------ Processing date=2018-08-08 ------
[2026-05-15 23:08:52] Using viirs_af_path: viirs_af_path
[2026-05-15 23:08:52] VIIRS Image Date: ['2018-08-08 00:00:00']
[2026-05-15 23:08:53] Weather image size: 1
[2026-05-15 23:08:53] Forecast duration: 2018-08-09 00:00:00 to 2018-08-10 00:00:00
[2026-05-15 23:08:54] Number of forecast images: 24
[2026-05-15 23:08:54] Using forecast run: 2018-08-08 18:00:00 UTC
[2026-05-15 23:08:54] Forecast Rain Available hours: [6, 7, 8, 9, 10, 11, 12, 13, 14, 15, 16, 17, 18, 19, 20, 21, 22, 23, 24, 25, 26, 27, 28, 29]
[2026-05-15 23:08:54] Valid hours for sum: [12, 18, 24, 29]
[2026-05-15 23:08:56] Drought composite end date: 2018-08-03 06:00:00
[2026-05-15 23:08:57] Land cover year: 2017
[2026-05-15 23:08:58] VIIRS Veg composite: 2018-07-12 → 2018-07-28
[2026-05-15 23:09:02] Started export task: fire_217_dynamic_2018-08-08
[2026-05-15 23:09:02] ------ Processing date=2018-08-09 ------
[2026-05-15 23:09:02] Using viirs_af_path: viirs_af_path
[2026-05-15 23:09:03] VIIRS Image Date: ['2018-08-09 00:00:00']
[2026-05-15 23:09:03] Weather image size: 1
[2026-05-15 23:09:03] Forecast duration: 2018-08-10 00:00:00 to 2018-08-11 00:00:00
[2026-05-15 23:09:04] Number of forecast images: 24
[2026-05-15 23:09:04] Using forecast run: 2018-08-09 18:00:00 UTC
[2026-05-15 23:09:04] Forecast Rain Available hours: [6, 7, 8, 9, 10, 11, 12, 13, 14, 15, 16, 17, 18, 19, 20, 21, 22, 23, 24, 25, 26, 27, 28, 29]
[2026-05-15 23:09:04] Valid hours for sum: [12, 18, 24, 29]
[2026-05-15 23:09:06] Drought composite end date: 2018-08-08 06:00:00
[2026-05-15 23:09:06] Land cover year: 2017
[2026-05-15 23:09:07] VIIRS Veg composite: 2018-07-12 → 2018-07-28
[2026-05-15 23:09:11] Started export task: fire_217_dynamic_2018-08-09
[2026-05-15 23:09:11] ------ Processing date=2018-08-10 ------
[2026-05-15 23:09:11] Using viirs_af_path: viirs_af_path
[2026-05-15 23:09:11] VIIRS Image Date: ['2018-08-10 00:00:00']
[2026-05-15 23:09:12] Weather image size: 1
[2026-05-15 23:09:12] Forecast duration: 2018-08-11 00:00:00 to 2018-08-12 00:00:00
[2026-05-15 23:09:12] Number of forecast images: 24
[2026-05-15 23:09:12] Using forecast run: 2018-08-10 18:00:00 UTC
[2026-05-15 23:09:13] Forecast Rain Available hours: [6, 7, 8, 9, 10, 11, 12, 13, 14, 15, 16, 17, 18, 19, 20, 21, 22, 23, 24, 25, 26, 27, 28, 29]
[2026-05-15 23:09:13] Valid hours for sum: [12, 18, 24, 29]
[2026-05-15 23:09:15] Drought composite end date: 2018-08-08 06:00:00
[2026-05-15 23:09:15] Land cover year: 2017
[2026-05-15 23:09:16] VIIRS Veg composite: 2018-07-12 → 2018-07-28
[2026-05-15 23:09:18] Started export task: fire_217_dynamic_2018-08-10
[2026-05-15 23:09:19] ------ Processing date=2018-08-11 ------
[2026-05-15 23:09:19] Using viirs_af_path: viirs_af_path
[2026-05-15 23:09:19] VIIRS Image Date: ['2018-08-11 00:00:00']
[2026-05-15 23:09:20] Weather image size: 1
[2026-05-15 23:09:20] Forecast duration: 2018-08-12 00:00:00 to 2018-08-13 00:00:00
[2026-05-15 23:09:20] Number of forecast images: 24
[2026-05-15 23:09:20] Using forecast run: 2018-08-11 18:00:00 UTC
[2026-05-15 23:09:21] Forecast Rain Available hours: [6, 7, 8, 9, 10, 11, 12, 13, 14, 15, 16, 17, 18, 19, 20, 21, 22, 23, 24, 25, 26, 27, 28, 29]
[2026-05-15 23:09:21] Valid hours for sum: [12, 18, 24, 29]
[2026-05-15 23:09:23] Drought composite end date: 2018-08-08 06:00:00
[2026-05-15 23:09:23] Land cover year: 2017
[2026-05-15 23:09:24] VIIRS Veg composite: 2018-07-12 → 2018-07-28
[2026-05-15 23:09:26] Started export task: fire_217_dynamic_2018-08-11
[2026-05-15 23:09:27] ------ Processing date=2018-08-12 ------
[2026-05-15 23:09:27] Using viirs_af_path: viirs_af_path
[2026-05-15 23:09:27] VIIRS Image Date: ['2018-08-12 00:00:00']
[2026-05-15 23:09:27] Weather image size: 1
[2026-05-15 23:09:27] Forecast duration: 2018-08-13 00:00:00 to 2018-08-14 00:00:00
[2026-05-15 23:11:19] Number of forecast images: 24
[2026-05-15 23:11:19] Using forecast run: 2018-08-12 18:00:00 UTC
[2026-05-15 23:11:20] Forecast Rain Available hours: [6, 7, 8, 9, 10, 11, 12, 13, 14, 15, 16, 17, 18, 19, 20, 21, 22, 23, 24, 25, 26, 27, 28, 29]
[2026-05-15 23:11:20] Valid hours for sum: [12, 18, 24, 29]
[2026-05-15 23:11:22] Drought composite end date: 2018-08-08 06:00:00
[2026-05-15 23:11:22] Land cover year: 2017
[2026-05-15 23:11:23] VIIRS Veg composite: 2018-07-12 → 2018-07-28
[2026-05-15 23:11:28] Started export task: fire_217_dynamic_2018-08-12
[2026-05-15 23:11:29] ------ Processing date=2018-08-13 ------
[2026-05-15 23:11:29] Using viirs_af_path: viirs_af_path
[2026-05-15 23:11:30] VIIRS Image Date: ['2018-08-13 00:00:00']
[2026-05-15 23:11:30] Weather image size: 1
[2026-05-15 23:11:30] Forecast duration: 2018-08-14 00:00:00 to 2018-08-15 00:00:00
[2026-05-15 23:11:31] Number of forecast images: 24
[2026-05-15 23:11:31] Using forecast run: 2018-08-13 18:00:00 UTC
[2026-05-15 23:11:31] Forecast Rain Available hours: [6, 7, 8, 9, 10, 11, 12, 13, 14, 15, 16, 17, 18, 19, 20, 21, 22, 23, 24, 25, 26, 27, 28, 29]
[2026-05-15 23:11:31] Valid hours for sum: [12, 18, 24, 29]
[2026-05-15 23:11:34] Drought composite end date: 2018-08-08 06:00:00
[2026-05-15 23:11:35] Land cover year: 2017
[2026-05-15 23:11:36] VIIRS Veg composite: 2018-07-12 → 2018-07-28
[2026-05-15 23:11:41] Started export task: fire_217_dynamic_2018-08-13
[2026-05-15 23:11:42] ------ Processing date=2018-08-14 ------
[2026-05-15 23:11:42] Using viirs_af_path: viirs_af_path
[2026-05-15 23:11:42] VIIRS Image Date: ['2018-08-14 00:00:00']
[2026-05-15 23:11:43] Weather image size: 1
[2026-05-15 23:11:43] Forecast duration: 2018-08-15 00:00:00 to 2018-08-16 00:00:00
[2026-05-15 23:11:44] Number of forecast images: 24
[2026-05-15 23:11:44] Using forecast run: 2018-08-14 18:00:00 UTC
[2026-05-15 23:11:44] Forecast Rain Available hours: [6, 7, 8, 9, 10, 11, 12, 13, 14, 15, 16, 17, 18, 19, 20, 21, 22, 23, 24, 25, 26, 27, 28, 29]
[2026-05-15 23:11:44] Valid hours for sum: [12, 18, 24, 29]
[2026-05-15 23:11:46] Drought composite end date: 2018-08-13 06:00:00
[2026-05-15 23:11:46] Land cover year: 2017
[2026-05-15 23:11:47] VIIRS Veg composite: 2018-07-12 → 2018-07-28
[2026-05-15 23:11:51] Started export task: fire_217_dynamic_2018-08-14
[2026-05-15 23:11:51] ------ Processing date=2018-08-15 ------
[2026-05-15 23:11:51] Using viirs_af_path: viirs_af_path
[2026-05-15 23:11:51] VIIRS Image Date: ['2018-08-15 00:00:00']
[2026-05-15 23:11:52] Weather image size: 1
[2026-05-15 23:11:52] Forecast duration: 2018-08-16 00:00:00 to 2018-08-17 00:00:00
[2026-05-15 23:11:53] Number of forecast images: 24
[2026-05-15 23:11:53] Using forecast run: 2018-08-15 18:00:00 UTC
[2026-05-15 23:11:53] Forecast Rain Available hours: [6, 7, 8, 9, 10, 11, 12, 13, 14, 15, 16, 17, 18, 19, 20, 21, 22, 23, 24, 25, 26, 27, 28, 29]
[2026-05-15 23:11:53] Valid hours for sum: [12, 18, 24, 29]
[2026-05-15 23:11:55] Drought composite end date: 2018-08-13 06:00:00
[2026-05-15 23:11:56] Land cover year: 2017
[2026-05-15 23:11:57] VIIRS Veg composite: 2018-07-12 → 2018-07-28
[2026-05-15 23:12:01] Started export task: fire_217_dynamic_2018-08-15
[2026-05-15 23:12:02] ------ Processing date=2018-08-16 ------
[2026-05-15 23:12:02] Using viirs_af_path: viirs_af_path
[2026-05-15 23:12:02] VIIRS Image Date: ['2018-08-16 00:00:00']
[2026-05-15 23:12:02] Weather image size: 1
[2026-05-15 23:12:02] Forecast duration: 2018-08-17 00:00:00 to 2018-08-18 00:00:00
[2026-05-15 23:12:03] Number of forecast images: 24
[2026-05-15 23:12:03] Using forecast run: 2018-08-16 18:00:00 UTC
[2026-05-15 23:12:04] Forecast Rain Available hours: [6, 7, 8, 9, 10, 11, 12, 13, 14, 15, 16, 17, 18, 19, 20, 21, 22, 23, 24, 25, 26, 27, 28, 29]
[2026-05-15 23:12:04] Valid hours for sum: [12, 18, 24, 29]
[2026-05-15 23:12:06] Drought composite end date: 2018-08-13 06:00:00
[2026-05-15 23:12:06] Land cover year: 2017
[2026-05-15 23:12:07] VIIRS Veg composite: 2018-07-12 → 2018-07-28
[2026-05-15 23:12:10] Started export task: fire_217_dynamic_2018-08-16
[2026-05-15 23:12:10] ------ Processing date=2018-08-17 ------
[2026-05-15 23:12:10] Using viirs_af_path: viirs_af_path
[2026-05-15 23:12:11] VIIRS Image Date: ['2018-08-17 00:00:00']
[2026-05-15 23:12:11] Weather image size: 1
[2026-05-15 23:12:11] Forecast duration: 2018-08-18 00:00:00 to 2018-08-19 00:00:00
[2026-05-15 23:12:12] Number of forecast images: 24
[2026-05-15 23:12:12] Using forecast run: 2018-08-17 18:00:00 UTC
[2026-05-15 23:12:13] Forecast Rain Available hours: [6, 7, 8, 9, 10, 11, 12, 13, 14, 15, 16, 17, 18, 19, 20, 21, 22, 23, 24, 25, 26, 27, 28, 29]
[2026-05-15 23:12:13] Valid hours for sum: [12, 18, 24, 29]
[2026-05-15 23:12:15] Drought composite end date: 2018-08-13 06:00:00
[2026-05-15 23:12:15] Land cover year: 2017
[2026-05-15 23:12:16] VIIRS Veg composite: 2018-07-12 → 2018-07-28
[2026-05-15 23:12:20] Started export task: fire_217_dynamic_2018-08-17
[2026-05-15 23:12:21] ------ Processing date=2018-08-18 ------
[2026-05-15 23:12:21] Using viirs_af_path: viirs_af_path
[2026-05-15 23:12:21] VIIRS Image Date: ['2018-08-18 00:00:00']
[2026-05-15 23:12:21] Weather image size: 1
[2026-05-15 23:12:21] Forecast duration: 2018-08-19 00:00:00 to 2018-08-20 00:00:00
[2026-05-15 23:12:22] Number of forecast images: 24
[2026-05-15 23:12:22] Using forecast run: 2018-08-18 18:00:00 UTC
[2026-05-15 23:12:23] Forecast Rain Available hours: [6, 7, 8, 9, 10, 11, 12, 13, 14, 15, 16, 17, 18, 19, 20, 21, 22, 23, 24, 25, 26, 27, 28, 29]
[2026-05-15 23:12:23] Valid hours for sum: [12, 18, 24, 29]
[2026-05-15 23:12:26] Drought composite end date: 2018-08-13 06:00:00
[2026-05-15 23:12:26] Land cover year: 2017
[2026-05-15 23:12:28] VIIRS Veg composite: 2018-07-12 → 2018-07-28
[2026-05-15 23:12:33] Started export task: fire_217_dynamic_2018-08-18
[2026-05-15 23:12:33] ------ Processing date=2018-08-19 ------
[2026-05-15 23:12:33] Using viirs_af_path: viirs_af_path
[2026-05-15 23:12:33] VIIRS Image Date: ['2018-08-19 00:00:00']
[2026-05-15 23:12:34] Weather image size: 1
[2026-05-15 23:12:34] Forecast duration: 2018-08-20 00:00:00 to 2018-08-21 00:00:00
[2026-05-15 23:12:35] Number of forecast images: 24
[2026-05-15 23:12:35] Using forecast run: 2018-08-19 18:00:00 UTC
[2026-05-15 23:12:35] Forecast Rain Available hours: [6, 7, 8, 9, 10, 11, 12, 13, 14, 15, 16, 17, 18, 19, 20, 21, 22, 23, 24, 25, 26, 27, 28, 29]
[2026-05-15 23:12:35] Valid hours for sum: [12, 18, 24, 29]
[2026-05-15 23:12:37] Drought composite end date: 2018-08-18 06:00:00
[2026-05-15 23:12:37] Land cover year: 2017
[2026-05-15 23:12:39] VIIRS Veg composite: 2018-07-12 → 2018-07-28
[2026-05-15 23:12:43] Started export task: fire_217_dynamic_2018-08-19
[2026-05-15 23:12:43] ------ Processing date=2018-08-20 ------
[2026-05-15 23:12:43] Using viirs_af_path: viirs_af_path
[2026-05-15 23:12:43] VIIRS Image Date: ['2018-08-20 00:00:00']
[2026-05-15 23:12:44] Weather image size: 1
[2026-05-15 23:12:44] Forecast duration: 2018-08-21 00:00:00 to 2018-08-22 00:00:00
[2026-05-15 23:12:44] Number of forecast images: 24
[2026-05-15 23:12:44] Using forecast run: 2018-08-20 18:00:00 UTC
[2026-05-15 23:12:45] Forecast Rain Available hours: [6, 7, 8, 9, 10, 11, 12, 13, 14, 15, 16, 17, 18, 19, 20, 21, 22, 23, 24, 25, 26, 27, 28, 29]
[2026-05-15 23:12:45] Valid hours for sum: [12, 18, 24, 29]
[2026-05-15 23:12:47] Drought composite end date: 2018-08-18 06:00:00
[2026-05-15 23:12:48] Land cover year: 2017
[2026-05-15 23:12:49] VIIRS Veg composite: 2018-07-12 → 2018-07-28
[2026-05-15 23:12:52] Started export task: fire_217_dynamic_2018-08-20
[2026-05-15 23:12:52] ------ Processing date=2018-08-21 ------
[2026-05-15 23:12:52] Using viirs_af_path: viirs_af_path
[2026-05-15 23:12:53] VIIRS Image Date: ['2018-08-21 00:00:00']
[2026-05-15 23:12:53] Weather image size: 1
[2026-05-15 23:12:53] Forecast duration: 2018-08-22 00:00:00 to 2018-08-23 00:00:00
[2026-05-15 23:12:54] Number of forecast images: 24
[2026-05-15 23:12:54] Using forecast run: 2018-08-21 18:00:00 UTC
[2026-05-15 23:12:55] Forecast Rain Available hours: [6, 7, 8, 9, 10, 11, 12, 13, 14, 15, 16, 17, 18, 19, 20, 21, 22, 23, 24, 25, 26, 27, 28, 29]
[2026-05-15 23:12:55] Valid hours for sum: [12, 18, 24, 29]
[2026-05-15 23:12:57] Drought composite end date: 2018-08-18 06:00:00
[2026-05-15 23:12:57] Land cover year: 2017
[2026-05-15 23:12:58] VIIRS Veg composite: 2018-07-12 → 2018-07-28
[2026-05-15 23:13:02] Started export task: fire_217_dynamic_2018-08-21
[2026-05-15 23:13:02] ------ Processing date=2018-08-22 ------
[2026-05-15 23:13:02] Using viirs_af_path: viirs_af_path
[2026-05-15 23:13:02] VIIRS Image Date: ['2018-08-22 00:00:00']
[2026-05-15 23:13:03] Weather image size: 1
[2026-05-15 23:13:03] Forecast duration: 2018-08-23 00:00:00 to 2018-08-24 00:00:00
[2026-05-15 23:13:03] Number of forecast images: 24
[2026-05-15 23:13:03] Using forecast run: 2018-08-22 18:00:00 UTC
[2026-05-15 23:13:04] Forecast Rain Available hours: [6, 7, 8, 9, 10, 11, 12, 13, 14, 15, 16, 17, 18, 19, 20, 21, 22, 23, 24, 25, 26, 27, 28, 29]
[2026-05-15 23:13:04] Valid hours for sum: [12, 18, 24, 29]
[2026-05-15 23:13:07] Drought composite end date: 2018-08-18 06:00:00
[2026-05-15 23:13:07] Land cover year: 2017
[2026-05-15 23:13:08] VIIRS Veg composite: 2018-07-12 → 2018-07-28
[2026-05-15 23:13:11] Started export task: fire_217_dynamic_2018-08-22
[2026-05-15 23:13:11] END: ----------Event fire_217----------- (Duration: 6.93m)
[2026-05-15 23:13:11] START: ----------Event fire_219-----------
[2026-05-15 23:13:12] ------ Processing date=2018-07-24 ------
[2026-05-15 23:13:12] Using viirs_af_path: viirs_af_path
[2026-05-15 23:13:12] VIIRS Image Date: ['2018-07-24 00:00:00']
[2026-05-15 23:13:13] Weather image size: 1
[2026-05-15 23:13:13] Forecast duration: 2018-07-25 00:00:00 to 2018-07-26 00:00:00
[2026-05-15 23:13:13] Number of forecast images: 24
[2026-05-15 23:13:13] Using forecast run: 2018-07-24 18:00:00 UTC
[2026-05-15 23:13:14] Forecast Rain Available hours: [6, 7, 8, 9, 10, 11, 12, 13, 14, 15, 16, 17, 18, 19, 20, 21, 22, 23, 24, 25, 26, 27, 28, 29]
[2026-05-15 23:13:14] Valid hours for sum: [12, 18, 24, 29]
[2026-05-15 23:13:16] Drought composite end date: 2018-07-19 06:00:00
[2026-05-15 23:13:16] Land cover year: 2017
[2026-05-15 23:13:18] VIIRS Veg composite: 2018-07-12 → 2018-07-28
[2026-05-15 23:13:22] Started export task: fire_219_static
[2026-05-15 23:13:22] Started export task: fire_219_dynamic_2018-07-24
[2026-05-15 23:13:23] ------ Processing date=2018-07-25 ------
[2026-05-15 23:13:23] Using viirs_af_path: viirs_af_path
[2026-05-15 23:13:23] VIIRS Image Date: ['2018-07-25 00:00:00']
[2026-05-15 23:13:23] Weather image size: 1
[2026-05-15 23:13:23] Forecast duration: 2018-07-26 00:00:00 to 2018-07-27 00:00:00
[2026-05-15 23:13:24] Number of forecast images: 24
[2026-05-15 23:13:24] Using forecast run: 2018-07-25 18:00:00 UTC
[2026-05-15 23:13:25] Forecast Rain Available hours: [6, 7, 8, 9, 10, 11, 12, 13, 14, 15, 16, 17, 18, 19, 20, 21, 22, 23, 24, 25, 26, 27, 28, 29]
[2026-05-15 23:13:25] Valid hours for sum: [12, 18, 24, 29]
[2026-05-15 23:13:26] Drought composite end date: 2018-07-24 06:00:00
[2026-05-15 23:13:26] Land cover year: 2017
[2026-05-15 23:13:27] VIIRS Veg composite: 2018-07-12 → 2018-07-28
[2026-05-15 23:13:30] Started export task: fire_219_dynamic_2018-07-25
[2026-05-15 23:13:31] ------ Processing date=2018-07-26 ------
[2026-05-15 23:13:31] Using viirs_af_path: viirs_af_path
[2026-05-15 23:13:32] VIIRS Image Date: ['2018-07-26 00:00:00']
[2026-05-15 23:13:32] Weather image size: 1
[2026-05-15 23:13:32] Forecast duration: 2018-07-27 00:00:00 to 2018-07-28 00:00:00
[2026-05-15 23:13:33] Number of forecast images: 24
[2026-05-15 23:13:33] Using forecast run: 2018-07-26 18:00:00 UTC
[2026-05-15 23:13:34] Forecast Rain Available hours: [6, 7, 8, 9, 10, 11, 12, 13, 14, 15, 16, 17, 18, 19, 20, 21, 22, 23, 24, 25, 26, 27, 28, 29]
[2026-05-15 23:13:34] Valid hours for sum: [12, 18, 24, 29]
[2026-05-15 23:13:35] Drought composite end date: 2018-07-24 06:00:00
[2026-05-15 23:13:35] Land cover year: 2017
[2026-05-15 23:13:36] VIIRS Veg composite: 2018-07-12 → 2018-07-28
[2026-05-15 23:13:40] Started export task: fire_219_dynamic_2018-07-26
[2026-05-15 23:13:40] ------ Processing date=2018-07-27 ------
[2026-05-15 23:13:40] Using viirs_af_path: viirs_af_path
[2026-05-15 23:13:40] VIIRS Image Date: ['2018-07-27 00:00:00']
[2026-05-15 23:13:41] Weather image size: 1
[2026-05-15 23:13:41] Forecast duration: 2018-07-28 00:00:00 to 2018-07-29 00:00:00
[2026-05-15 23:13:42] Number of forecast images: 24
[2026-05-15 23:13:42] Using forecast run: 2018-07-27 18:00:00 UTC
[2026-05-15 23:13:42] Forecast Rain Available hours: [6, 7, 8, 9, 10, 11, 12, 13, 14, 15, 16, 17, 18, 19, 20, 21, 22, 23, 24, 25, 26, 27, 28, 29]
[2026-05-15 23:13:42] Valid hours for sum: [12, 18, 24, 29]
[2026-05-15 23:13:44] Drought composite end date: 2018-07-24 06:00:00
[2026-05-15 23:13:45] Land cover year: 2017
[2026-05-15 23:13:45] VIIRS Veg composite: 2018-07-12 → 2018-07-28
[2026-05-15 23:13:49] Started export task: fire_219_dynamic_2018-07-27
[2026-05-15 23:13:49] ------ Processing date=2018-07-28 ------
[2026-05-15 23:13:49] Using viirs_af_path: viirs_af_path
[2026-05-15 23:13:50] VIIRS Image Date: ['2018-07-28 00:00:00']
[2026-05-15 23:13:50] Weather image size: 1
[2026-05-15 23:13:50] Forecast duration: 2018-07-29 00:00:00 to 2018-07-30 00:00:00
[2026-05-15 23:13:51] Number of forecast images: 24
[2026-05-15 23:13:51] Using forecast run: 2018-07-28 18:00:00 UTC
[2026-05-15 23:13:51] Forecast Rain Available hours: [6, 7, 8, 9, 10, 11, 12, 13, 14, 15, 16, 17, 18, 19, 20, 21, 22, 23, 24, 25, 26, 27, 28, 29]
[2026-05-15 23:13:51] Valid hours for sum: [12, 18, 24, 29]
[2026-05-15 23:13:52] Drought composite end date: 2018-07-24 06:00:00
[2026-05-15 23:13:53] Land cover year: 2017
[2026-05-15 23:13:53] VIIRS Veg composite: 2018-07-12 → 2018-07-28
[2026-05-15 23:13:56] Started export task: fire_219_dynamic_2018-07-28
[2026-05-15 23:13:57] ------ Processing date=2018-07-29 ------
[2026-05-15 23:13:57] Using viirs_af_path: viirs_af_path
[2026-05-15 23:13:57] VIIRS Image Date: ['2018-07-29 00:00:00']
[2026-05-15 23:13:57] Weather image size: 1
[2026-05-15 23:13:57] Forecast duration: 2018-07-30 00:00:00 to 2018-07-31 00:00:00
[2026-05-15 23:13:58] Number of forecast images: 24
[2026-05-15 23:13:58] Using forecast run: 2018-07-29 18:00:00 UTC
[2026-05-15 23:13:58] Forecast Rain Available hours: [6, 7, 8, 9, 10, 11, 12, 13, 14, 15, 16, 17, 18, 19, 20, 21, 22, 23, 24, 25, 26, 27, 28, 29]
[2026-05-15 23:13:58] Valid hours for sum: [12, 18, 24, 29]
[2026-05-15 23:14:00] Drought composite end date: 2018-07-24 06:00:00
[2026-05-15 23:14:00] Land cover year: 2017
[2026-05-15 23:14:01] VIIRS Veg composite: 2018-07-12 → 2018-07-28
[2026-05-15 23:14:04] Started export task: fire_219_dynamic_2018-07-29
[2026-05-15 23:14:05] ------ Processing date=2018-07-30 ------
[2026-05-15 23:14:05] Using viirs_af_path: viirs_af_path
[2026-05-15 23:14:05] VIIRS Image Date: ['2018-07-30 00:00:00']
[2026-05-15 23:14:05] Weather image size: 1
[2026-05-15 23:14:05] Forecast duration: 2018-07-31 00:00:00 to 2018-08-01 00:00:00
[2026-05-15 23:14:06] Number of forecast images: 24
[2026-05-15 23:14:06] Using forecast run: 2018-07-30 18:00:00 UTC
[2026-05-15 23:14:06] Forecast Rain Available hours: [6, 7, 8, 9, 10, 11, 12, 13, 14, 15, 16, 17, 18, 19, 20, 21, 22, 23, 24, 25, 26, 27, 28, 29]
[2026-05-15 23:14:06] Valid hours for sum: [12, 18, 24, 29]
[2026-05-15 23:14:08] Drought composite end date: 2018-07-29 06:00:00
[2026-05-15 23:14:08] Land cover year: 2017
[2026-05-15 23:14:09] VIIRS Veg composite: 2018-07-12 → 2018-07-28
[2026-05-15 23:14:13] Started export task: fire_219_dynamic_2018-07-30
[2026-05-15 23:14:13] ------ Processing date=2018-07-31 ------
[2026-05-15 23:14:13] Using viirs_af_path: viirs_af_path
[2026-05-15 23:14:14] VIIRS Image Date: ['2018-07-31 00:00:00']
[2026-05-15 23:14:14] Weather image size: 1
[2026-05-15 23:14:14] Forecast duration: 2018-08-01 00:00:00 to 2018-08-02 00:00:00
[2026-05-15 23:14:15] Number of forecast images: 24
[2026-05-15 23:14:15] Using forecast run: 2018-07-31 18:00:00 UTC
[2026-05-15 23:14:15] Forecast Rain Available hours: [6, 7, 8, 9, 10, 11, 12, 13, 14, 15, 16, 17, 18, 19, 20, 21, 22, 23, 24, 25, 26, 27, 28, 29]
[2026-05-15 23:14:15] Valid hours for sum: [12, 18, 24, 29]
[2026-05-15 23:14:18] Drought composite end date: 2018-07-29 06:00:00
[2026-05-15 23:14:18] Land cover year: 2017
[2026-05-15 23:14:20] VIIRS Veg composite: 2018-07-12 → 2018-07-28
[2026-05-15 23:14:24] Started export task: fire_219_dynamic_2018-07-31
[2026-05-15 23:14:24] ------ Processing date=2018-08-01 ------
[2026-05-15 23:14:24] Using viirs_af_path: viirs_af_path
[2026-05-15 23:14:24] VIIRS Image Date: ['2018-08-01 00:00:00']
[2026-05-15 23:14:25] Weather image size: 1
[2026-05-15 23:14:25] Forecast duration: 2018-08-02 00:00:00 to 2018-08-03 00:00:00
[2026-05-15 23:14:26] Number of forecast images: 24
[2026-05-15 23:14:26] Using forecast run: 2018-08-01 18:00:00 UTC
[2026-05-15 23:14:26] Forecast Rain Available hours: [6, 7, 8, 9, 10, 11, 12, 13, 14, 15, 16, 17, 18, 19, 20, 21, 22, 23, 24, 25, 26, 27, 28, 29]
[2026-05-15 23:14:26] Valid hours for sum: [12, 18, 24, 29]
[2026-05-15 23:14:28] Drought composite end date: 2018-07-29 06:00:00
[2026-05-15 23:14:28] Land cover year: 2017
[2026-05-15 23:14:29] VIIRS Veg composite: 2018-07-12 → 2018-07-28
[2026-05-15 23:14:33] Started export task: fire_219_dynamic_2018-08-01
[2026-05-15 23:14:33] ------ Processing date=2018-08-02 ------
[2026-05-15 23:14:33] Using viirs_af_path: viirs_af_path
[2026-05-15 23:14:34] VIIRS Image Date: ['2018-08-02 00:00:00']
[2026-05-15 23:14:35] Weather image size: 1
[2026-05-15 23:14:35] Forecast duration: 2018-08-03 00:00:00 to 2018-08-04 00:00:00
[2026-05-15 23:14:35] Number of forecast images: 24
[2026-05-15 23:14:35] Using forecast run: 2018-08-02 18:00:00 UTC
[2026-05-15 23:14:36] Forecast Rain Available hours: [6, 7, 8, 9, 10, 11, 12, 13, 14, 15, 16, 17, 18, 19, 20, 21, 22, 23, 24, 25, 26, 27, 28, 29]
[2026-05-15 23:14:36] Valid hours for sum: [12, 18, 24, 29]
[2026-05-15 23:14:37] Drought composite end date: 2018-07-29 06:00:00
[2026-05-15 23:14:37] Land cover year: 2017
[2026-05-15 23:14:38] VIIRS Veg composite: 2018-07-12 → 2018-07-28
[2026-05-15 23:14:41] Started export task: fire_219_dynamic_2018-08-02
[2026-05-15 23:14:42] ------ Processing date=2018-08-03 ------
[2026-05-15 23:14:42] Using viirs_af_path: viirs_af_path
[2026-05-15 23:14:42] VIIRS Image Date: ['2018-08-03 00:00:00']
[2026-05-15 23:14:42] Weather image size: 1
[2026-05-15 23:14:42] Forecast duration: 2018-08-04 00:00:00 to 2018-08-05 00:00:00
[2026-05-15 23:14:43] Number of forecast images: 24
[2026-05-15 23:14:43] Using forecast run: 2018-08-03 18:00:00 UTC
[2026-05-15 23:14:43] Forecast Rain Available hours: [6, 7, 8, 9, 10, 11, 12, 13, 14, 15, 16, 17, 18, 19, 20, 21, 22, 23, 24, 25, 26, 27, 28, 29]
[2026-05-15 23:14:43] Valid hours for sum: [12, 18, 24, 29]
[2026-05-15 23:14:46] Drought composite end date: 2018-07-29 06:00:00
[2026-05-15 23:14:46] Land cover year: 2017
[2026-05-15 23:14:47] VIIRS Veg composite: 2018-07-12 → 2018-07-28
[2026-05-15 23:14:50] Started export task: fire_219_dynamic_2018-08-03
[2026-05-15 23:14:50] ------ Processing date=2018-08-04 ------
[2026-05-15 23:14:50] Using viirs_af_path: viirs_af_path
[2026-05-15 23:14:50] VIIRS Image Date: ['2018-08-04 00:00:00']
[2026-05-15 23:14:51] Weather image size: 1
[2026-05-15 23:14:51] Forecast duration: 2018-08-05 00:00:00 to 2018-08-06 00:00:00
[2026-05-15 23:14:51] Number of forecast images: 24
[2026-05-15 23:14:51] Using forecast run: 2018-08-04 18:00:00 UTC
[2026-05-15 23:14:52] Forecast Rain Available hours: [6, 7, 8, 9, 10, 11, 12, 13, 14, 15, 16, 17, 18, 19, 20, 21, 22, 23, 24, 25, 26, 27, 28, 29]
[2026-05-15 23:14:52] Valid hours for sum: [12, 18, 24, 29]
[2026-05-15 23:14:54] Drought composite end date: 2018-08-03 06:00:00
[2026-05-15 23:14:54] Land cover year: 2017
[2026-05-15 23:14:55] VIIRS Veg composite: 2018-07-12 → 2018-07-28
[2026-05-15 23:14:59] Started export task: fire_219_dynamic_2018-08-04
[2026-05-15 23:15:00] ------ Processing date=2018-08-05 ------
[2026-05-15 23:15:00] Using viirs_af_path: viirs_af_path
[2026-05-15 23:15:00] VIIRS Image Date: ['2018-08-05 00:00:00']
[2026-05-15 23:15:00] Weather image size: 1
[2026-05-15 23:15:00] Forecast duration: 2018-08-06 00:00:00 to 2018-08-07 00:00:00
[2026-05-15 23:15:01] Number of forecast images: 24
[2026-05-15 23:15:01] Using forecast run: 2018-08-05 18:00:00 UTC
[2026-05-15 23:15:02] Forecast Rain Available hours: [6, 7, 8, 9, 10, 11, 12, 13, 14, 15, 16, 17, 18, 19, 20, 21, 22, 23, 24, 25, 26, 27, 28, 29]
[2026-05-15 23:15:02] Valid hours for sum: [12, 18, 24, 29]
[2026-05-15 23:15:04] Drought composite end date: 2018-08-03 06:00:00
[2026-05-15 23:15:04] Land cover year: 2017
[2026-05-15 23:15:05] VIIRS Veg composite: 2018-07-12 → 2018-07-28
[2026-05-15 23:15:08] Started export task: fire_219_dynamic_2018-08-05
[2026-05-15 23:15:08] ------ Processing date=2018-08-06 ------
[2026-05-15 23:15:08] Using viirs_af_path: viirs_af_path
[2026-05-15 23:15:09] VIIRS Image Date: ['2018-08-06 00:00:00']
[2026-05-15 23:15:09] Weather image size: 1
[2026-05-15 23:15:09] Forecast duration: 2018-08-07 00:00:00 to 2018-08-08 00:00:00
[2026-05-15 23:15:10] Number of forecast images: 24
[2026-05-15 23:15:10] Using forecast run: 2018-08-06 18:00:00 UTC
[2026-05-15 23:15:10] Forecast Rain Available hours: [6, 7, 8, 9, 10, 11, 12, 13, 14, 15, 16, 17, 18, 19, 20, 21, 22, 23, 24, 25, 26, 27, 28, 29]
[2026-05-15 23:15:10] Valid hours for sum: [12, 18, 24, 29]
[2026-05-15 23:15:12] Drought composite end date: 2018-08-03 06:00:00
[2026-05-15 23:15:12] Land cover year: 2017
[2026-05-15 23:15:13] VIIRS Veg composite: 2018-07-12 → 2018-07-28
[2026-05-15 23:15:17] Started export task: fire_219_dynamic_2018-08-06
[2026-05-15 23:15:17] ------ Processing date=2018-08-07 ------
[2026-05-15 23:15:17] Using viirs_af_path: viirs_af_path
[2026-05-15 23:15:17] VIIRS Image Date: ['2018-08-07 00:00:00']
[2026-05-15 23:15:18] Weather image size: 1
[2026-05-15 23:15:18] Forecast duration: 2018-08-08 00:00:00 to 2018-08-09 00:00:00
[2026-05-15 23:15:19] Number of forecast images: 24
[2026-05-15 23:15:19] Using forecast run: 2018-08-07 18:00:00 UTC
[2026-05-15 23:15:19] Forecast Rain Available hours: [6, 7, 8, 9, 10, 11, 12, 13, 14, 15, 16, 17, 18, 19, 20, 21, 22, 23, 24, 25, 26, 27, 28, 29]
[2026-05-15 23:15:19] Valid hours for sum: [12, 18, 24, 29]
[2026-05-15 23:15:22] Drought composite end date: 2018-08-03 06:00:00
[2026-05-15 23:15:22] Land cover year: 2017
[2026-05-15 23:15:23] VIIRS Veg composite: 2018-07-12 → 2018-07-28
[2026-05-15 23:15:26] Started export task: fire_219_dynamic_2018-08-07
[2026-05-15 23:15:27] ------ Processing date=2018-08-08 ------
[2026-05-15 23:15:27] Using viirs_af_path: viirs_af_path
[2026-05-15 23:15:27] VIIRS Image Date: ['2018-08-08 00:00:00']
[2026-05-15 23:15:27] Weather image size: 1
[2026-05-15 23:15:27] Forecast duration: 2018-08-09 00:00:00 to 2018-08-10 00:00:00
[2026-05-15 23:15:28] Number of forecast images: 24
[2026-05-15 23:15:28] Using forecast run: 2018-08-08 18:00:00 UTC
[2026-05-15 23:15:28] Forecast Rain Available hours: [6, 7, 8, 9, 10, 11, 12, 13, 14, 15, 16, 17, 18, 19, 20, 21, 22, 23, 24, 25, 26, 27, 28, 29]
[2026-05-15 23:15:28] Valid hours for sum: [12, 18, 24, 29]
[2026-05-15 23:15:31] Drought composite end date: 2018-08-03 06:00:00
[2026-05-15 23:15:31] Land cover year: 2017
[2026-05-15 23:15:32] VIIRS Veg composite: 2018-07-12 → 2018-07-28
[2026-05-15 23:15:36] Started export task: fire_219_dynamic_2018-08-08
[2026-05-15 23:15:37] ------ Processing date=2018-08-09 ------
[2026-05-15 23:15:37] Using viirs_af_path: viirs_af_path
[2026-05-15 23:15:37] VIIRS Image Date: ['2018-08-09 00:00:00']
[2026-05-15 23:15:37] Weather image size: 1
[2026-05-15 23:15:37] Forecast duration: 2018-08-10 00:00:00 to 2018-08-11 00:00:00
[2026-05-15 23:15:38] Number of forecast images: 24
[2026-05-15 23:15:38] Using forecast run: 2018-08-09 18:00:00 UTC
[2026-05-15 23:15:39] Forecast Rain Available hours: [6, 7, 8, 9, 10, 11, 12, 13, 14, 15, 16, 17, 18, 19, 20, 21, 22, 23, 24, 25, 26, 27, 28, 29]
[2026-05-15 23:15:39] Valid hours for sum: [12, 18, 24, 29]
[2026-05-15 23:15:41] Drought composite end date: 2018-08-08 06:00:00
[2026-05-15 23:15:41] Land cover year: 2017
[2026-05-15 23:15:42] VIIRS Veg composite: 2018-07-12 → 2018-07-28
[2026-05-15 23:15:46] Started export task: fire_219_dynamic_2018-08-09
[2026-05-15 23:15:46] ------ Processing date=2018-08-10 ------
[2026-05-15 23:15:46] Using viirs_af_path: viirs_af_path
[2026-05-15 23:15:46] VIIRS Image Date: ['2018-08-10 00:00:00']
[2026-05-15 23:15:47] Weather image size: 1
[2026-05-15 23:15:47] Forecast duration: 2018-08-11 00:00:00 to 2018-08-12 00:00:00
[2026-05-15 23:15:48] Number of forecast images: 24
[2026-05-15 23:15:48] Using forecast run: 2018-08-10 18:00:00 UTC
[2026-05-15 23:15:48] Forecast Rain Available hours: [6, 7, 8, 9, 10, 11, 12, 13, 14, 15, 16, 17, 18, 19, 20, 21, 22, 23, 24, 25, 26, 27, 28, 29]
[2026-05-15 23:15:48] Valid hours for sum: [12, 18, 24, 29]
[2026-05-15 23:15:50] Drought composite end date: 2018-08-08 06:00:00
[2026-05-15 23:15:50] Land cover year: 2017
[2026-05-15 23:15:51] VIIRS Veg composite: 2018-07-12 → 2018-07-28
[2026-05-15 23:15:54] Started export task: fire_219_dynamic_2018-08-10
[2026-05-15 23:15:55] ------ Processing date=2018-08-11 ------
[2026-05-15 23:15:55] Using viirs_af_path: viirs_af_path
[2026-05-15 23:15:55] VIIRS Image Date: ['2018-08-11 00:00:00']
[2026-05-15 23:15:55] Weather image size: 1
[2026-05-15 23:15:55] Forecast duration: 2018-08-12 00:00:00 to 2018-08-13 00:00:00
[2026-05-15 23:15:56] Number of forecast images: 24
[2026-05-15 23:15:56] Using forecast run: 2018-08-11 18:00:00 UTC
[2026-05-15 23:15:56] Forecast Rain Available hours: [6, 7, 8, 9, 10, 11, 12, 13, 14, 15, 16, 17, 18, 19, 20, 21, 22, 23, 24, 25, 26, 27, 28, 29]
[2026-05-15 23:15:56] Valid hours for sum: [12, 18, 24, 29]
[2026-05-15 23:15:58] Drought composite end date: 2018-08-08 06:00:00
[2026-05-15 23:15:58] Land cover year: 2017
[2026-05-15 23:15:59] VIIRS Veg composite: 2018-07-12 → 2018-07-28
[2026-05-15 23:16:03] Started export task: fire_219_dynamic_2018-08-11
[2026-05-15 23:16:04] ------ Processing date=2018-08-12 ------
[2026-05-15 23:16:04] Using viirs_af_path: viirs_af_path
[2026-05-15 23:16:04] VIIRS Image Date: ['2018-08-12 00:00:00']
[2026-05-15 23:16:04] Weather image size: 1
[2026-05-15 23:16:04] Forecast duration: 2018-08-13 00:00:00 to 2018-08-14 00:00:00
[2026-05-15 23:16:05] Number of forecast images: 24
[2026-05-15 23:16:05] Using forecast run: 2018-08-12 18:00:00 UTC
[2026-05-15 23:16:06] Forecast Rain Available hours: [6, 7, 8, 9, 10, 11, 12, 13, 14, 15, 16, 17, 18, 19, 20, 21, 22, 23, 24, 25, 26, 27, 28, 29]
[2026-05-15 23:16:06] Valid hours for sum: [12, 18, 24, 29]
[2026-05-15 23:16:08] Drought composite end date: 2018-08-08 06:00:00
[2026-05-15 23:16:08] Land cover year: 2017
[2026-05-15 23:16:09] VIIRS Veg composite: 2018-07-12 → 2018-07-28
[2026-05-15 23:16:13] Started export task: fire_219_dynamic_2018-08-12
[2026-05-15 23:16:13] ------ Processing date=2018-08-13 ------
[2026-05-15 23:16:13] Using viirs_af_path: viirs_af_path
[2026-05-15 23:16:13] VIIRS Image Date: ['2018-08-13 00:00:00']
[2026-05-15 23:16:14] Weather image size: 1
[2026-05-15 23:16:14] Forecast duration: 2018-08-14 00:00:00 to 2018-08-15 00:00:00
[2026-05-15 23:16:15] Number of forecast images: 24
[2026-05-15 23:16:15] Using forecast run: 2018-08-13 18:00:00 UTC
[2026-05-15 23:16:16] Forecast Rain Available hours: [6, 7, 8, 9, 10, 11, 12, 13, 14, 15, 16, 17, 18, 19, 20, 21, 22, 23, 24, 25, 26, 27, 28, 29]
[2026-05-15 23:16:16] Valid hours for sum: [12, 18, 24, 29]
[2026-05-15 23:16:18] Drought composite end date: 2018-08-08 06:00:00
[2026-05-15 23:16:18] Land cover year: 2017
[2026-05-15 23:16:19] VIIRS Veg composite: 2018-07-12 → 2018-07-28
[2026-05-15 23:16:23] Started export task: fire_219_dynamic_2018-08-13
[2026-05-15 23:16:24] ------ Processing date=2018-08-14 ------
[2026-05-15 23:16:24] Using viirs_af_path: viirs_af_path
[2026-05-15 23:16:24] VIIRS Image Date: ['2018-08-14 00:00:00']
[2026-05-15 23:16:24] Weather image size: 1
[2026-05-15 23:16:24] Forecast duration: 2018-08-15 00:00:00 to 2018-08-16 00:00:00
[2026-05-15 23:16:25] Number of forecast images: 24
[2026-05-15 23:16:25] Using forecast run: 2018-08-14 18:00:00 UTC
[2026-05-15 23:16:26] Forecast Rain Available hours: [6, 7, 8, 9, 10, 11, 12, 13, 14, 15, 16, 17, 18, 19, 20, 21, 22, 23, 24, 25, 26, 27, 28, 29]
[2026-05-15 23:16:26] Valid hours for sum: [12, 18, 24, 29]
[2026-05-15 23:16:28] Drought composite end date: 2018-08-13 06:00:00
[2026-05-15 23:16:28] Land cover year: 2017
[2026-05-15 23:16:29] VIIRS Veg composite: 2018-07-12 → 2018-07-28
[2026-05-15 23:16:31] Started export task: fire_219_dynamic_2018-08-14
[2026-05-15 23:16:32] ------ Processing date=2018-08-15 ------
[2026-05-15 23:16:32] Using viirs_af_path: viirs_af_path
[2026-05-15 23:16:32] VIIRS Image Date: ['2018-08-15 00:00:00']
[2026-05-15 23:16:32] Weather image size: 1
[2026-05-15 23:16:32] Forecast duration: 2018-08-16 00:00:00 to 2018-08-17 00:00:00
[2026-05-15 23:16:33] Number of forecast images: 24
[2026-05-15 23:16:33] Using forecast run: 2018-08-15 18:00:00 UTC
[2026-05-15 23:16:33] Forecast Rain Available hours: [6, 7, 8, 9, 10, 11, 12, 13, 14, 15, 16, 17, 18, 19, 20, 21, 22, 23, 24, 25, 26, 27, 28, 29]
[2026-05-15 23:16:33] Valid hours for sum: [12, 18, 24, 29]
[2026-05-15 23:16:36] Drought composite end date: 2018-08-13 06:00:00
[2026-05-15 23:16:36] Land cover year: 2017
[2026-05-15 23:16:37] VIIRS Veg composite: 2018-07-12 → 2018-07-28
[2026-05-15 23:16:41] Started export task: fire_219_dynamic_2018-08-15
[2026-05-15 23:16:41] ------ Processing date=2018-08-16 ------
[2026-05-15 23:16:41] Using viirs_af_path: viirs_af_path
[2026-05-15 23:16:42] VIIRS Image Date: ['2018-08-16 00:00:00']
[2026-05-15 23:16:42] Weather image size: 1
[2026-05-15 23:16:42] Forecast duration: 2018-08-17 00:00:00 to 2018-08-18 00:00:00
[2026-05-15 23:16:45] Number of forecast images: 24
[2026-05-15 23:16:45] Using forecast run: 2018-08-16 18:00:00 UTC
[2026-05-15 23:16:45] Forecast Rain Available hours: [6, 7, 8, 9, 10, 11, 12, 13, 14, 15, 16, 17, 18, 19, 20, 21, 22, 23, 24, 25, 26, 27, 28, 29]
[2026-05-15 23:16:45] Valid hours for sum: [12, 18, 24, 29]
[2026-05-15 23:16:46] Drought composite end date: 2018-08-13 06:00:00
[2026-05-15 23:16:46] Land cover year: 2017
[2026-05-15 23:16:47] VIIRS Veg composite: 2018-07-12 → 2018-07-28
[2026-05-15 23:16:51] Started export task: fire_219_dynamic_2018-08-16
[2026-05-15 23:16:51] ------ Processing date=2018-08-17 ------
[2026-05-15 23:16:51] Using viirs_af_path: viirs_af_path
[2026-05-15 23:16:52] VIIRS Image Date: ['2018-08-17 00:00:00']
[2026-05-15 23:16:52] Weather image size: 1
[2026-05-15 23:16:52] Forecast duration: 2018-08-18 00:00:00 to 2018-08-19 00:00:00
[2026-05-15 23:16:53] Number of forecast images: 24
[2026-05-15 23:16:53] Using forecast run: 2018-08-17 18:00:00 UTC
[2026-05-15 23:16:53] Forecast Rain Available hours: [6, 7, 8, 9, 10, 11, 12, 13, 14, 15, 16, 17, 18, 19, 20, 21, 22, 23, 24, 25, 26, 27, 28, 29]
[2026-05-15 23:16:53] Valid hours for sum: [12, 18, 24, 29]
[2026-05-15 23:16:55] Drought composite end date: 2018-08-13 06:00:00
[2026-05-15 23:16:56] Land cover year: 2017
[2026-05-15 23:16:57] VIIRS Veg composite: 2018-07-12 → 2018-07-28
[2026-05-15 23:17:01] Started export task: fire_219_dynamic_2018-08-17
[2026-05-15 23:17:01] ------ Processing date=2018-08-18 ------
[2026-05-15 23:17:01] Using viirs_af_path: viirs_af_path
[2026-05-15 23:17:02] VIIRS Image Date: ['2018-08-18 00:00:00']
[2026-05-15 23:17:02] Weather image size: 1
[2026-05-15 23:17:02] Forecast duration: 2018-08-19 00:00:00 to 2018-08-20 00:00:00
[2026-05-15 23:17:03] Number of forecast images: 24
[2026-05-15 23:17:03] Using forecast run: 2018-08-18 18:00:00 UTC
[2026-05-15 23:17:03] Forecast Rain Available hours: [6, 7, 8, 9, 10, 11, 12, 13, 14, 15, 16, 17, 18, 19, 20, 21, 22, 23, 24, 25, 26, 27, 28, 29]
[2026-05-15 23:17:03] Valid hours for sum: [12, 18, 24, 29]
[2026-05-15 23:17:05] Drought composite end date: 2018-08-13 06:00:00
[2026-05-15 23:17:05] Land cover year: 2017
[2026-05-15 23:17:06] VIIRS Veg composite: 2018-07-12 → 2018-07-28
[2026-05-15 23:17:09] Started export task: fire_219_dynamic_2018-08-18
[2026-05-15 23:17:10] ------ Processing date=2018-08-19 ------
[2026-05-15 23:17:10] Using viirs_af_path: viirs_af_path
[2026-05-15 23:17:10] VIIRS Image Date: ['2018-08-19 00:00:00']
[2026-05-15 23:17:10] Weather image size: 1
[2026-05-15 23:17:10] Forecast duration: 2018-08-20 00:00:00 to 2018-08-21 00:00:00
[2026-05-15 23:17:11] Number of forecast images: 24
[2026-05-15 23:17:11] Using forecast run: 2018-08-19 18:00:00 UTC
[2026-05-15 23:17:11] Forecast Rain Available hours: [6, 7, 8, 9, 10, 11, 12, 13, 14, 15, 16, 17, 18, 19, 20, 21, 22, 23, 24, 25, 26, 27, 28, 29]
[2026-05-15 23:17:11] Valid hours for sum: [12, 18, 24, 29]
[2026-05-15 23:17:13] Drought composite end date: 2018-08-18 06:00:00
[2026-05-15 23:17:13] Land cover year: 2017
[2026-05-15 23:17:14] VIIRS Veg composite: 2018-07-12 → 2018-07-28
[2026-05-15 23:17:17] Started export task: fire_219_dynamic_2018-08-19
[2026-05-15 23:17:17] ------ Processing date=2018-08-20 ------
[2026-05-15 23:17:17] Using viirs_af_path: viirs_af_path
[2026-05-15 23:17:17] VIIRS Image Date: ['2018-08-20 00:00:00']
[2026-05-15 23:17:18] Weather image size: 1
[2026-05-15 23:17:18] Forecast duration: 2018-08-21 00:00:00 to 2018-08-22 00:00:00
[2026-05-15 23:17:19] Number of forecast images: 24
[2026-05-15 23:17:19] Using forecast run: 2018-08-20 18:00:00 UTC
[2026-05-15 23:17:19] Forecast Rain Available hours: [6, 7, 8, 9, 10, 11, 12, 13, 14, 15, 16, 17, 18, 19, 20, 21, 22, 23, 24, 25, 26, 27, 28, 29]
[2026-05-15 23:17:19] Valid hours for sum: [12, 18, 24, 29]
[2026-05-15 23:17:21] Drought composite end date: 2018-08-18 06:00:00
[2026-05-15 23:17:22] Land cover year: 2017
[2026-05-15 23:17:22] VIIRS Veg composite: 2018-07-12 → 2018-07-28
[2026-05-15 23:17:26] Started export task: fire_219_dynamic_2018-08-20
[2026-05-15 23:17:27] ------ Processing date=2018-08-21 ------
[2026-05-15 23:17:27] Using viirs_af_path: viirs_af_path
[2026-05-15 23:17:28] VIIRS Image Date: ['2018-08-21 00:00:00']
[2026-05-15 23:17:28] Weather image size: 1
[2026-05-15 23:17:28] Forecast duration: 2018-08-22 00:00:00 to 2018-08-23 00:00:00
[2026-05-15 23:17:29] Number of forecast images: 24
[2026-05-15 23:17:29] Using forecast run: 2018-08-21 18:00:00 UTC
[2026-05-15 23:17:29] Forecast Rain Available hours: [6, 7, 8, 9, 10, 11, 12, 13, 14, 15, 16, 17, 18, 19, 20, 21, 22, 23, 24, 25, 26, 27, 28, 29]
[2026-05-15 23:17:29] Valid hours for sum: [12, 18, 24, 29]
[2026-05-15 23:17:31] Drought composite end date: 2018-08-18 06:00:00
[2026-05-15 23:17:31] Land cover year: 2017
[2026-05-15 23:17:32] VIIRS Veg composite: 2018-07-12 → 2018-07-28
[2026-05-15 23:17:36] Started export task: fire_219_dynamic_2018-08-21
[2026-05-15 23:17:37] ------ Processing date=2018-08-22 ------
[2026-05-15 23:17:37] Using viirs_af_path: viirs_af_path
[2026-05-15 23:17:37] VIIRS Image Date: ['2018-08-22 00:00:00']
[2026-05-15 23:17:37] Weather image size: 1
[2026-05-15 23:17:37] Forecast duration: 2018-08-23 00:00:00 to 2018-08-24 00:00:00
[2026-05-15 23:17:39] Number of forecast images: 24
[2026-05-15 23:17:39] Using forecast run: 2018-08-22 18:00:00 UTC
[2026-05-15 23:17:39] Forecast Rain Available hours: [6, 7, 8, 9, 10, 11, 12, 13, 14, 15, 16, 17, 18, 19, 20, 21, 22, 23, 24, 25, 26, 27, 28, 29]
[2026-05-15 23:17:39] Valid hours for sum: [12, 18, 24, 29]
[2026-05-15 23:17:41] Drought composite end date: 2018-08-18 06:00:00
[2026-05-15 23:17:41] Land cover year: 2017
[2026-05-15 23:17:42] VIIRS Veg composite: 2018-07-12 → 2018-07-28
[2026-05-15 23:17:46] Started export task: fire_219_dynamic_2018-08-22
[2026-05-15 23:17:46] END: ----------Event fire_219----------- (Duration: 4.58m)
[2026-05-15 23:17:46] START: ----------Event fire_221-----------
[2026-05-15 23:17:46] ------ Processing date=2018-07-25 ------
[2026-05-15 23:17:46] Using viirs_af_path: viirs_af_path
[2026-05-15 23:17:47] VIIRS Image Date: ['2018-07-25 00:00:00']
[2026-05-15 23:17:47] Weather image size: 1
[2026-05-15 23:17:47] Forecast duration: 2018-07-26 00:00:00 to 2018-07-27 00:00:00
[2026-05-15 23:17:48] Number of forecast images: 24
[2026-05-15 23:17:48] Using forecast run: 2018-07-25 18:00:00 UTC
[2026-05-15 23:17:48] Forecast Rain Available hours: [6, 7, 8, 9, 10, 11, 12, 13, 14, 15, 16, 17, 18, 19, 20, 21, 22, 23, 24, 25, 26, 27, 28, 29]
[2026-05-15 23:17:48] Valid hours for sum: [12, 18, 24, 29]
[2026-05-15 23:17:50] Drought composite end date: 2018-07-24 06:00:00
[2026-05-15 23:17:50] Land cover year: 2017
[2026-05-15 23:17:51] VIIRS Veg composite: 2018-07-12 → 2018-07-28
[2026-05-15 23:17:56] Started export task: fire_221_static
[2026-05-15 23:17:56] Started export task: fire_221_dynamic_2018-07-25
[2026-05-15 23:17:57] ------ Processing date=2018-07-26 ------
[2026-05-15 23:17:57] Using viirs_af_path: viirs_af_path
[2026-05-15 23:17:57] VIIRS Image Date: ['2018-07-26 00:00:00']
[2026-05-15 23:17:57] Weather image size: 1
[2026-05-15 23:17:57] Forecast duration: 2018-07-27 00:00:00 to 2018-07-28 00:00:00
[2026-05-15 23:17:58] Number of forecast images: 24
[2026-05-15 23:17:58] Using forecast run: 2018-07-26 18:00:00 UTC
[2026-05-15 23:17:59] Forecast Rain Available hours: [6, 7, 8, 9, 10, 11, 12, 13, 14, 15, 16, 17, 18, 19, 20, 21, 22, 23, 24, 25, 26, 27, 28, 29]
[2026-05-15 23:17:59] Valid hours for sum: [12, 18, 24, 29]
[2026-05-15 23:18:00] Drought composite end date: 2018-07-24 06:00:00
[2026-05-15 23:18:01] Land cover year: 2017
[2026-05-15 23:18:01] VIIRS Veg composite: 2018-07-12 → 2018-07-28
[2026-05-15 23:18:05] Started export task: fire_221_dynamic_2018-07-26
[2026-05-15 23:18:05] ------ Processing date=2018-07-27 ------
[2026-05-15 23:18:05] Using viirs_af_path: viirs_af_path
[2026-05-15 23:18:05] VIIRS Image Date: ['2018-07-27 00:00:00']
[2026-05-15 23:18:06] Weather image size: 1
[2026-05-15 23:18:06] Forecast duration: 2018-07-28 00:00:00 to 2018-07-29 00:00:00
[2026-05-15 23:18:07] Number of forecast images: 24
[2026-05-15 23:18:07] Using forecast run: 2018-07-27 18:00:00 UTC
[2026-05-15 23:18:07] Forecast Rain Available hours: [6, 7, 8, 9, 10, 11, 12, 13, 14, 15, 16, 17, 18, 19, 20, 21, 22, 23, 24, 25, 26, 27, 28, 29]
[2026-05-15 23:18:07] Valid hours for sum: [12, 18, 24, 29]
[2026-05-15 23:18:09] Drought composite end date: 2018-07-24 06:00:00
[2026-05-15 23:18:09] Land cover year: 2017
[2026-05-15 23:18:10] VIIRS Veg composite: 2018-07-12 → 2018-07-28
[2026-05-15 23:18:14] Started export task: fire_221_dynamic_2018-07-27
[2026-05-15 23:18:15] ------ Processing date=2018-07-28 ------
[2026-05-15 23:18:15] Using viirs_af_path: viirs_af_path
[2026-05-15 23:18:15] VIIRS Image Date: ['2018-07-28 00:00:00']
[2026-05-15 23:18:15] Weather image size: 1
[2026-05-15 23:18:15] Forecast duration: 2018-07-29 00:00:00 to 2018-07-30 00:00:00
[2026-05-15 23:18:16] Number of forecast images: 24
[2026-05-15 23:18:16] Using forecast run: 2018-07-28 18:00:00 UTC
[2026-05-15 23:18:17] Forecast Rain Available hours: [6, 7, 8, 9, 10, 11, 12, 13, 14, 15, 16, 17, 18, 19, 20, 21, 22, 23, 24, 25, 26, 27, 28, 29]
[2026-05-15 23:18:17] Valid hours for sum: [12, 18, 24, 29]
[2026-05-15 23:18:19] Drought composite end date: 2018-07-24 06:00:00
[2026-05-15 23:18:19] Land cover year: 2017
[2026-05-15 23:18:19] VIIRS Veg composite: 2018-07-12 → 2018-07-28
[2026-05-15 23:18:23] Started export task: fire_221_dynamic_2018-07-28
[2026-05-15 23:18:24] ------ Processing date=2018-07-29 ------
[2026-05-15 23:18:24] Using viirs_af_path: viirs_af_path
[2026-05-15 23:18:24] VIIRS Image Date: ['2018-07-29 00:00:00']
[2026-05-15 23:18:24] Weather image size: 1
[2026-05-15 23:18:24] Forecast duration: 2018-07-30 00:00:00 to 2018-07-31 00:00:00
[2026-05-15 23:18:25] Number of forecast images: 24
[2026-05-15 23:18:25] Using forecast run: 2018-07-29 18:00:00 UTC
[2026-05-15 23:18:25] Forecast Rain Available hours: [6, 7, 8, 9, 10, 11, 12, 13, 14, 15, 16, 17, 18, 19, 20, 21, 22, 23, 24, 25, 26, 27, 28, 29]
[2026-05-15 23:18:25] Valid hours for sum: [12, 18, 24, 29]
[2026-05-15 23:18:28] Drought composite end date: 2018-07-24 06:00:00
[2026-05-15 23:18:28] Land cover year: 2017
[2026-05-15 23:18:29] VIIRS Veg composite: 2018-07-12 → 2018-07-28
[2026-05-15 23:18:34] Started export task: fire_221_dynamic_2018-07-29
[2026-05-15 23:18:34] ------ Processing date=2018-07-30 ------
[2026-05-15 23:18:34] Using viirs_af_path: viirs_af_path
[2026-05-15 23:18:34] VIIRS Image Date: ['2018-07-30 00:00:00']
[2026-05-15 23:18:35] Weather image size: 1
[2026-05-15 23:18:35] Forecast duration: 2018-07-31 00:00:00 to 2018-08-01 00:00:00
[2026-05-15 23:18:36] Number of forecast images: 24
[2026-05-15 23:18:36] Using forecast run: 2018-07-30 18:00:00 UTC
[2026-05-15 23:18:36] Forecast Rain Available hours: [6, 7, 8, 9, 10, 11, 12, 13, 14, 15, 16, 17, 18, 19, 20, 21, 22, 23, 24, 25, 26, 27, 28, 29]
[2026-05-15 23:18:36] Valid hours for sum: [12, 18, 24, 29]
[2026-05-15 23:18:39] Drought composite end date: 2018-07-29 06:00:00
[2026-05-15 23:18:39] Land cover year: 2017
[2026-05-15 23:18:40] VIIRS Veg composite: 2018-07-12 → 2018-07-28
[2026-05-15 23:18:43] Started export task: fire_221_dynamic_2018-07-30
[2026-05-15 23:18:43] ------ Processing date=2018-07-31 ------
[2026-05-15 23:18:43] Using viirs_af_path: viirs_af_path
[2026-05-15 23:18:44] VIIRS Image Date: ['2018-07-31 00:00:00']
[2026-05-15 23:18:44] Weather image size: 1
[2026-05-15 23:18:44] Forecast duration: 2018-08-01 00:00:00 to 2018-08-02 00:00:00
[2026-05-15 23:18:45] Number of forecast images: 24
[2026-05-15 23:18:45] Using forecast run: 2018-07-31 18:00:00 UTC
[2026-05-15 23:18:45] Forecast Rain Available hours: [6, 7, 8, 9, 10, 11, 12, 13, 14, 15, 16, 17, 18, 19, 20, 21, 22, 23, 24, 25, 26, 27, 28, 29]
[2026-05-15 23:18:45] Valid hours for sum: [12, 18, 24, 29]
[2026-05-15 23:18:47] Drought composite end date: 2018-07-29 06:00:00
[2026-05-15 23:18:48] Land cover year: 2017
[2026-05-15 23:18:49] VIIRS Veg composite: 2018-07-12 → 2018-07-28
[2026-05-15 23:18:52] Started export task: fire_221_dynamic_2018-07-31
[2026-05-15 23:18:52] ------ Processing date=2018-08-01 ------
[2026-05-15 23:18:52] Using viirs_af_path: viirs_af_path
[2026-05-15 23:18:53] VIIRS Image Date: ['2018-08-01 00:00:00']
[2026-05-15 23:18:53] Weather image size: 1
[2026-05-15 23:18:53] Forecast duration: 2018-08-02 00:00:00 to 2018-08-03 00:00:00
[2026-05-15 23:18:54] Number of forecast images: 24
[2026-05-15 23:18:54] Using forecast run: 2018-08-01 18:00:00 UTC
[2026-05-15 23:18:54] Forecast Rain Available hours: [6, 7, 8, 9, 10, 11, 12, 13, 14, 15, 16, 17, 18, 19, 20, 21, 22, 23, 24, 25, 26, 27, 28, 29]
[2026-05-15 23:18:54] Valid hours for sum: [12, 18, 24, 29]
[2026-05-15 23:18:57] Drought composite end date: 2018-07-29 06:00:00
[2026-05-15 23:18:57] Land cover year: 2017
[2026-05-15 23:18:58] VIIRS Veg composite: 2018-07-12 → 2018-07-28
[2026-05-15 23:19:02] Started export task: fire_221_dynamic_2018-08-01
[2026-05-15 23:19:03] ------ Processing date=2018-08-02 ------
[2026-05-15 23:19:03] Using viirs_af_path: viirs_af_path
[2026-05-15 23:19:03] VIIRS Image Date: ['2018-08-02 00:00:00']
[2026-05-15 23:19:03] Weather image size: 1
[2026-05-15 23:19:03] Forecast duration: 2018-08-03 00:00:00 to 2018-08-04 00:00:00
[2026-05-15 23:19:04] Number of forecast images: 24
[2026-05-15 23:19:04] Using forecast run: 2018-08-02 18:00:00 UTC
[2026-05-15 23:19:04] Forecast Rain Available hours: [6, 7, 8, 9, 10, 11, 12, 13, 14, 15, 16, 17, 18, 19, 20, 21, 22, 23, 24, 25, 26, 27, 28, 29]
[2026-05-15 23:19:04] Valid hours for sum: [12, 18, 24, 29]
[2026-05-15 23:19:07] Drought composite end date: 2018-07-29 06:00:00
[2026-05-15 23:19:07] Land cover year: 2017
[2026-05-15 23:19:08] VIIRS Veg composite: 2018-07-12 → 2018-07-28
[2026-05-15 23:19:12] Started export task: fire_221_dynamic_2018-08-02
[2026-05-15 23:19:12] ------ Processing date=2018-08-03 ------
[2026-05-15 23:19:12] Using viirs_af_path: viirs_af_path
[2026-05-15 23:19:12] VIIRS Image Date: ['2018-08-03 00:00:00']
[2026-05-15 23:19:13] Weather image size: 1
[2026-05-15 23:19:13] Forecast duration: 2018-08-04 00:00:00 to 2018-08-05 00:00:00
[2026-05-15 23:19:13] Number of forecast images: 24
[2026-05-15 23:19:13] Using forecast run: 2018-08-03 18:00:00 UTC
[2026-05-15 23:19:14] Forecast Rain Available hours: [6, 7, 8, 9, 10, 11, 12, 13, 14, 15, 16, 17, 18, 19, 20, 21, 22, 23, 24, 25, 26, 27, 28, 29]
[2026-05-15 23:19:14] Valid hours for sum: [12, 18, 24, 29]
[2026-05-15 23:19:16] Drought composite end date: 2018-07-29 06:00:00
[2026-05-15 23:19:16] Land cover year: 2017
[2026-05-15 23:19:17] VIIRS Veg composite: 2018-07-12 → 2018-07-28
[2026-05-15 23:19:23] Started export task: fire_221_dynamic_2018-08-03
[2026-05-15 23:19:23] ------ Processing date=2018-08-04 ------
[2026-05-15 23:19:23] Using viirs_af_path: viirs_af_path
[2026-05-15 23:19:23] VIIRS Image Date: ['2018-08-04 00:00:00']
[2026-05-15 23:19:23] Weather image size: 1
[2026-05-15 23:19:23] Forecast duration: 2018-08-05 00:00:00 to 2018-08-06 00:00:00
[2026-05-15 23:19:25] Number of forecast images: 24
[2026-05-15 23:19:25] Using forecast run: 2018-08-04 18:00:00 UTC
[2026-05-15 23:19:25] Forecast Rain Available hours: [6, 7, 8, 9, 10, 11, 12, 13, 14, 15, 16, 17, 18, 19, 20, 21, 22, 23, 24, 25, 26, 27, 28, 29]
[2026-05-15 23:19:25] Valid hours for sum: [12, 18, 24, 29]
[2026-05-15 23:19:26] Drought composite end date: 2018-08-03 06:00:00
[2026-05-15 23:19:27] Land cover year: 2017
[2026-05-15 23:19:28] VIIRS Veg composite: 2018-07-12 → 2018-07-28
[2026-05-15 23:19:31] Started export task: fire_221_dynamic_2018-08-04
[2026-05-15 23:19:32] ------ Processing date=2018-08-05 ------
[2026-05-15 23:19:32] Using viirs_af_path: viirs_af_path
[2026-05-15 23:19:32] VIIRS Image Date: ['2018-08-05 00:00:00']
[2026-05-15 23:19:32] Weather image size: 1
[2026-05-15 23:19:32] Forecast duration: 2018-08-06 00:00:00 to 2018-08-07 00:00:00
[2026-05-15 23:19:33] Number of forecast images: 24
[2026-05-15 23:19:33] Using forecast run: 2018-08-05 18:00:00 UTC
[2026-05-15 23:19:34] Forecast Rain Available hours: [6, 7, 8, 9, 10, 11, 12, 13, 14, 15, 16, 17, 18, 19, 20, 21, 22, 23, 24, 25, 26, 27, 28, 29]
[2026-05-15 23:19:34] Valid hours for sum: [12, 18, 24, 29]
[2026-05-15 23:19:36] Drought composite end date: 2018-08-03 06:00:00
[2026-05-15 23:19:37] Land cover year: 2017
[2026-05-15 23:19:37] VIIRS Veg composite: 2018-07-12 → 2018-07-28
[2026-05-15 23:19:42] Started export task: fire_221_dynamic_2018-08-05
[2026-05-15 23:19:42] ------ Processing date=2018-08-06 ------
[2026-05-15 23:19:42] Using viirs_af_path: viirs_af_path
[2026-05-15 23:19:42] VIIRS Image Date: ['2018-08-06 00:00:00']
[2026-05-15 23:19:42] Weather image size: 1
[2026-05-15 23:19:42] Forecast duration: 2018-08-07 00:00:00 to 2018-08-08 00:00:00
[2026-05-15 23:19:43] Number of forecast images: 24
[2026-05-15 23:19:43] Using forecast run: 2018-08-06 18:00:00 UTC
[2026-05-15 23:19:44] Forecast Rain Available hours: [6, 7, 8, 9, 10, 11, 12, 13, 14, 15, 16, 17, 18, 19, 20, 21, 22, 23, 24, 25, 26, 27, 28, 29]
[2026-05-15 23:19:44] Valid hours for sum: [12, 18, 24, 29]
[2026-05-15 23:19:46] Drought composite end date: 2018-08-03 06:00:00
[2026-05-15 23:19:47] Land cover year: 2017
[2026-05-15 23:19:47] VIIRS Veg composite: 2018-07-12 → 2018-07-28
[2026-05-15 23:19:50] Started export task: fire_221_dynamic_2018-08-06
[2026-05-15 23:19:51] ------ Processing date=2018-08-07 ------
[2026-05-15 23:19:51] Using viirs_af_path: viirs_af_path
[2026-05-15 23:19:51] VIIRS Image Date: ['2018-08-07 00:00:00']
[2026-05-15 23:19:51] Weather image size: 1
[2026-05-15 23:19:51] Forecast duration: 2018-08-08 00:00:00 to 2018-08-09 00:00:00
[2026-05-15 23:19:52] Number of forecast images: 24
[2026-05-15 23:19:52] Using forecast run: 2018-08-07 18:00:00 UTC
[2026-05-15 23:19:52] Forecast Rain Available hours: [6, 7, 8, 9, 10, 11, 12, 13, 14, 15, 16, 17, 18, 19, 20, 21, 22, 23, 24, 25, 26, 27, 28, 29]
[2026-05-15 23:19:52] Valid hours for sum: [12, 18, 24, 29]
[2026-05-15 23:19:54] Drought composite end date: 2018-08-03 06:00:00
[2026-05-15 23:19:55] Land cover year: 2017
[2026-05-15 23:19:55] VIIRS Veg composite: 2018-07-12 → 2018-07-28
[2026-05-15 23:19:59] Started export task: fire_221_dynamic_2018-08-07
[2026-05-15 23:19:59] ------ Processing date=2018-08-08 ------
[2026-05-15 23:19:59] Using viirs_af_path: viirs_af_path
[2026-05-15 23:20:00] VIIRS Image Date: ['2018-08-08 00:00:00']
[2026-05-15 23:20:00] Weather image size: 1
[2026-05-15 23:20:00] Forecast duration: 2018-08-09 00:00:00 to 2018-08-10 00:00:00
[2026-05-15 23:20:01] Number of forecast images: 24
[2026-05-15 23:20:01] Using forecast run: 2018-08-08 18:00:00 UTC
[2026-05-15 23:20:01] Forecast Rain Available hours: [6, 7, 8, 9, 10, 11, 12, 13, 14, 15, 16, 17, 18, 19, 20, 21, 22, 23, 24, 25, 26, 27, 28, 29]
[2026-05-15 23:20:01] Valid hours for sum: [12, 18, 24, 29]
[2026-05-15 23:20:03] Drought composite end date: 2018-08-03 06:00:00
[2026-05-15 23:20:03] Land cover year: 2017
[2026-05-15 23:20:04] VIIRS Veg composite: 2018-07-12 → 2018-07-28
[2026-05-15 23:20:07] Started export task: fire_221_dynamic_2018-08-08
[2026-05-15 23:20:07] ------ Processing date=2018-08-09 ------
[2026-05-15 23:20:07] Using viirs_af_path: viirs_af_path
[2026-05-15 23:20:07] VIIRS Image Date: ['2018-08-09 00:00:00']
[2026-05-15 23:20:08] Weather image size: 1
[2026-05-15 23:20:08] Forecast duration: 2018-08-10 00:00:00 to 2018-08-11 00:00:00
[2026-05-15 23:20:08] Number of forecast images: 24
[2026-05-15 23:20:08] Using forecast run: 2018-08-09 18:00:00 UTC
[2026-05-15 23:20:09] Forecast Rain Available hours: [6, 7, 8, 9, 10, 11, 12, 13, 14, 15, 16, 17, 18, 19, 20, 21, 22, 23, 24, 25, 26, 27, 28, 29]
[2026-05-15 23:20:09] Valid hours for sum: [12, 18, 24, 29]
[2026-05-15 23:20:11] Drought composite end date: 2018-08-08 06:00:00
[2026-05-15 23:20:11] Land cover year: 2017
[2026-05-15 23:20:12] VIIRS Veg composite: 2018-07-12 → 2018-07-28
[2026-05-15 23:20:16] Started export task: fire_221_dynamic_2018-08-09
[2026-05-15 23:20:16] ------ Processing date=2018-08-10 ------
[2026-05-15 23:20:16] Using viirs_af_path: viirs_af_path
[2026-05-15 23:20:17] VIIRS Image Date: ['2018-08-10 00:00:00']
[2026-05-15 23:20:17] Weather image size: 1
[2026-05-15 23:20:17] Forecast duration: 2018-08-11 00:00:00 to 2018-08-12 00:00:00
[2026-05-15 23:20:18] Number of forecast images: 24
[2026-05-15 23:20:18] Using forecast run: 2018-08-10 18:00:00 UTC
[2026-05-15 23:20:18] Forecast Rain Available hours: [6, 7, 8, 9, 10, 11, 12, 13, 14, 15, 16, 17, 18, 19, 20, 21, 22, 23, 24, 25, 26, 27, 28, 29]
[2026-05-15 23:20:18] Valid hours for sum: [12, 18, 24, 29]
[2026-05-15 23:20:21] Drought composite end date: 2018-08-08 06:00:00
[2026-05-15 23:20:21] Land cover year: 2017
[2026-05-15 23:20:22] VIIRS Veg composite: 2018-07-12 → 2018-07-28
[2026-05-15 23:20:26] Started export task: fire_221_dynamic_2018-08-10
[2026-05-15 23:20:26] ------ Processing date=2018-08-11 ------
[2026-05-15 23:20:26] Using viirs_af_path: viirs_af_path
[2026-05-15 23:20:26] VIIRS Image Date: ['2018-08-11 00:00:00']
[2026-05-15 23:20:26] Weather image size: 1
[2026-05-15 23:20:26] Forecast duration: 2018-08-12 00:00:00 to 2018-08-13 00:00:00
[2026-05-15 23:20:27] Number of forecast images: 24
[2026-05-15 23:20:27] Using forecast run: 2018-08-11 18:00:00 UTC
[2026-05-15 23:20:28] Forecast Rain Available hours: [6, 7, 8, 9, 10, 11, 12, 13, 14, 15, 16, 17, 18, 19, 20, 21, 22, 23, 24, 25, 26, 27, 28, 29]
[2026-05-15 23:20:28] Valid hours for sum: [12, 18, 24, 29]
[2026-05-15 23:20:30] Drought composite end date: 2018-08-08 06:00:00
[2026-05-15 23:20:30] Land cover year: 2017
[2026-05-15 23:20:32] VIIRS Veg composite: 2018-07-12 → 2018-07-28
[2026-05-15 23:20:36] Started export task: fire_221_dynamic_2018-08-11
[2026-05-15 23:20:36] ------ Processing date=2018-08-12 ------
[2026-05-15 23:20:36] Using viirs_af_path: viirs_af_path
[2026-05-15 23:20:37] VIIRS Image Date: ['2018-08-12 00:00:00']
[2026-05-15 23:20:37] Weather image size: 1
[2026-05-15 23:20:37] Forecast duration: 2018-08-13 00:00:00 to 2018-08-14 00:00:00
[2026-05-15 23:20:38] Number of forecast images: 24
[2026-05-15 23:20:38] Using forecast run: 2018-08-12 18:00:00 UTC
[2026-05-15 23:20:38] Forecast Rain Available hours: [6, 7, 8, 9, 10, 11, 12, 13, 14, 15, 16, 17, 18, 19, 20, 21, 22, 23, 24, 25, 26, 27, 28, 29]
[2026-05-15 23:20:38] Valid hours for sum: [12, 18, 24, 29]
[2026-05-15 23:20:41] Drought composite end date: 2018-08-08 06:00:00
[2026-05-15 23:20:41] Land cover year: 2017
[2026-05-15 23:20:42] VIIRS Veg composite: 2018-07-12 → 2018-07-28
[2026-05-15 23:20:45] Started export task: fire_221_dynamic_2018-08-12
[2026-05-15 23:20:46] ------ Processing date=2018-08-13 ------
[2026-05-15 23:20:46] Using viirs_af_path: viirs_af_path
[2026-05-15 23:20:46] VIIRS Image Date: ['2018-08-13 00:00:00']
[2026-05-15 23:20:46] Weather image size: 1
[2026-05-15 23:20:46] Forecast duration: 2018-08-14 00:00:00 to 2018-08-15 00:00:00
[2026-05-15 23:20:47] Number of forecast images: 24
[2026-05-15 23:20:47] Using forecast run: 2018-08-13 18:00:00 UTC
[2026-05-15 23:20:47] Forecast Rain Available hours: [6, 7, 8, 9, 10, 11, 12, 13, 14, 15, 16, 17, 18, 19, 20, 21, 22, 23, 24, 25, 26, 27, 28, 29]
[2026-05-15 23:20:47] Valid hours for sum: [12, 18, 24, 29]
[2026-05-15 23:20:49] Drought composite end date: 2018-08-08 06:00:00
[2026-05-15 23:20:49] Land cover year: 2017
[2026-05-15 23:20:50] VIIRS Veg composite: 2018-07-12 → 2018-07-28
[2026-05-15 23:20:53] Started export task: fire_221_dynamic_2018-08-13
[2026-05-15 23:20:54] ------ Processing date=2018-08-14 ------
[2026-05-15 23:20:54] Using viirs_af_path: viirs_af_path
[2026-05-15 23:20:54] VIIRS Image Date: ['2018-08-14 00:00:00']
[2026-05-15 23:20:54] Weather image size: 1
[2026-05-15 23:20:54] Forecast duration: 2018-08-15 00:00:00 to 2018-08-16 00:00:00
[2026-05-15 23:20:55] Number of forecast images: 24
[2026-05-15 23:20:55] Using forecast run: 2018-08-14 18:00:00 UTC
[2026-05-15 23:20:55] Forecast Rain Available hours: [6, 7, 8, 9, 10, 11, 12, 13, 14, 15, 16, 17, 18, 19, 20, 21, 22, 23, 24, 25, 26, 27, 28, 29]
[2026-05-15 23:20:55] Valid hours for sum: [12, 18, 24, 29]
[2026-05-15 23:20:57] Drought composite end date: 2018-08-13 06:00:00
[2026-05-15 23:20:58] Land cover year: 2017
[2026-05-15 23:20:59] VIIRS Veg composite: 2018-07-12 → 2018-07-28
[2026-05-15 23:21:02] Started export task: fire_221_dynamic_2018-08-14
[2026-05-15 23:21:02] ------ Processing date=2018-08-15 ------
[2026-05-15 23:21:02] Using viirs_af_path: viirs_af_path
[2026-05-15 23:21:02] VIIRS Image Date: ['2018-08-15 00:00:00']
[2026-05-15 23:21:03] Weather image size: 1
[2026-05-15 23:21:03] Forecast duration: 2018-08-16 00:00:00 to 2018-08-17 00:00:00
[2026-05-15 23:21:04] Number of forecast images: 24
[2026-05-15 23:21:04] Using forecast run: 2018-08-15 18:00:00 UTC
[2026-05-15 23:21:04] Forecast Rain Available hours: [6, 7, 8, 9, 10, 11, 12, 13, 14, 15, 16, 17, 18, 19, 20, 21, 22, 23, 24, 25, 26, 27, 28, 29]
[2026-05-15 23:21:04] Valid hours for sum: [12, 18, 24, 29]
[2026-05-15 23:21:07] Drought composite end date: 2018-08-13 06:00:00
[2026-05-15 23:21:07] Land cover year: 2017
[2026-05-15 23:21:08] VIIRS Veg composite: 2018-07-12 → 2018-07-28
[2026-05-15 23:21:11] Started export task: fire_221_dynamic_2018-08-15
[2026-05-15 23:21:11] ------ Processing date=2018-08-16 ------
[2026-05-15 23:21:11] Using viirs_af_path: viirs_af_path
[2026-05-15 23:21:12] VIIRS Image Date: ['2018-08-16 00:00:00']
[2026-05-15 23:21:12] Weather image size: 1
[2026-05-15 23:21:12] Forecast duration: 2018-08-17 00:00:00 to 2018-08-18 00:00:00
[2026-05-15 23:21:13] Number of forecast images: 24
[2026-05-15 23:21:13] Using forecast run: 2018-08-16 18:00:00 UTC
[2026-05-15 23:21:13] Forecast Rain Available hours: [6, 7, 8, 9, 10, 11, 12, 13, 14, 15, 16, 17, 18, 19, 20, 21, 22, 23, 24, 25, 26, 27, 28, 29]
[2026-05-15 23:21:13] Valid hours for sum: [12, 18, 24, 29]
[2026-05-15 23:21:15] Drought composite end date: 2018-08-13 06:00:00
[2026-05-15 23:21:15] Land cover year: 2017
[2026-05-15 23:21:16] VIIRS Veg composite: 2018-07-12 → 2018-07-28
[2026-05-15 23:21:21] Started export task: fire_221_dynamic_2018-08-16
[2026-05-15 23:21:21] ------ Processing date=2018-08-17 ------
[2026-05-15 23:21:21] Using viirs_af_path: viirs_af_path
[2026-05-15 23:21:21] VIIRS Image Date: ['2018-08-17 00:00:00']
[2026-05-15 23:21:21] Weather image size: 1
[2026-05-15 23:21:21] Forecast duration: 2018-08-18 00:00:00 to 2018-08-19 00:00:00
[2026-05-15 23:21:23] Number of forecast images: 24
[2026-05-15 23:21:23] Using forecast run: 2018-08-17 18:00:00 UTC
[2026-05-15 23:21:23] Forecast Rain Available hours: [6, 7, 8, 9, 10, 11, 12, 13, 14, 15, 16, 17, 18, 19, 20, 21, 22, 23, 24, 25, 26, 27, 28, 29]
[2026-05-15 23:21:23] Valid hours for sum: [12, 18, 24, 29]
[2026-05-15 23:21:25] Drought composite end date: 2018-08-13 06:00:00
[2026-05-15 23:21:25] Land cover year: 2017
[2026-05-15 23:21:26] VIIRS Veg composite: 2018-07-12 → 2018-07-28
[2026-05-15 23:21:30] Started export task: fire_221_dynamic_2018-08-17
[2026-05-15 23:21:30] ------ Processing date=2018-08-18 ------
[2026-05-15 23:21:30] Using viirs_af_path: viirs_af_path
[2026-05-15 23:21:31] VIIRS Image Date: ['2018-08-18 00:00:00']
[2026-05-15 23:21:31] Weather image size: 1
[2026-05-15 23:21:31] Forecast duration: 2018-08-19 00:00:00 to 2018-08-20 00:00:00
[2026-05-15 23:21:32] Number of forecast images: 24
[2026-05-15 23:21:32] Using forecast run: 2018-08-18 18:00:00 UTC
[2026-05-15 23:21:32] Forecast Rain Available hours: [6, 7, 8, 9, 10, 11, 12, 13, 14, 15, 16, 17, 18, 19, 20, 21, 22, 23, 24, 25, 26, 27, 28, 29]
[2026-05-15 23:21:32] Valid hours for sum: [12, 18, 24, 29]
[2026-05-15 23:21:35] Drought composite end date: 2018-08-13 06:00:00
[2026-05-15 23:21:35] Land cover year: 2017
[2026-05-15 23:21:36] VIIRS Veg composite: 2018-07-12 → 2018-07-28
[2026-05-15 23:21:41] Started export task: fire_221_dynamic_2018-08-18
[2026-05-15 23:21:41] ------ Processing date=2018-08-19 ------
[2026-05-15 23:21:41] Using viirs_af_path: viirs_af_path
[2026-05-15 23:21:42] VIIRS Image Date: ['2018-08-19 00:00:00']
[2026-05-15 23:21:42] Weather image size: 1
[2026-05-15 23:21:42] Forecast duration: 2018-08-20 00:00:00 to 2018-08-21 00:00:00
[2026-05-15 23:21:43] Number of forecast images: 24
[2026-05-15 23:21:43] Using forecast run: 2018-08-19 18:00:00 UTC
[2026-05-15 23:21:43] Forecast Rain Available hours: [6, 7, 8, 9, 10, 11, 12, 13, 14, 15, 16, 17, 18, 19, 20, 21, 22, 23, 24, 25, 26, 27, 28, 29]
[2026-05-15 23:21:43] Valid hours for sum: [12, 18, 24, 29]
[2026-05-15 23:21:45] Drought composite end date: 2018-08-18 06:00:00
[2026-05-15 23:21:45] Land cover year: 2017
[2026-05-15 23:21:45] VIIRS Veg composite: 2018-07-12 → 2018-07-28
[2026-05-15 23:21:49] Started export task: fire_221_dynamic_2018-08-19
[2026-05-15 23:21:49] ------ Processing date=2018-08-20 ------
[2026-05-15 23:21:49] Using viirs_af_path: viirs_af_path
[2026-05-15 23:21:50] VIIRS Image Date: ['2018-08-20 00:00:00']
[2026-05-15 23:21:50] Weather image size: 1
[2026-05-15 23:21:50] Forecast duration: 2018-08-21 00:00:00 to 2018-08-22 00:00:00
[2026-05-15 23:21:51] Number of forecast images: 24
[2026-05-15 23:21:51] Using forecast run: 2018-08-20 18:00:00 UTC
[2026-05-15 23:21:51] Forecast Rain Available hours: [6, 7, 8, 9, 10, 11, 12, 13, 14, 15, 16, 17, 18, 19, 20, 21, 22, 23, 24, 25, 26, 27, 28, 29]
[2026-05-15 23:21:51] Valid hours for sum: [12, 18, 24, 29]
[2026-05-15 23:21:54] Drought composite end date: 2018-08-18 06:00:00
[2026-05-15 23:21:54] Land cover year: 2017
[2026-05-15 23:21:55] VIIRS Veg composite: 2018-07-12 → 2018-07-28
[2026-05-15 23:21:59] Started export task: fire_221_dynamic_2018-08-20
[2026-05-15 23:22:00] ------ Processing date=2018-08-21 ------
[2026-05-15 23:22:00] Using viirs_af_path: viirs_af_path
[2026-05-15 23:22:01] VIIRS Image Date: ['2018-08-21 00:00:00']
[2026-05-15 23:22:01] Weather image size: 1
[2026-05-15 23:22:01] Forecast duration: 2018-08-22 00:00:00 to 2018-08-23 00:00:00
[2026-05-15 23:22:02] Number of forecast images: 24
[2026-05-15 23:22:02] Using forecast run: 2018-08-21 18:00:00 UTC
[2026-05-15 23:22:02] Forecast Rain Available hours: [6, 7, 8, 9, 10, 11, 12, 13, 14, 15, 16, 17, 18, 19, 20, 21, 22, 23, 24, 25, 26, 27, 28, 29]
[2026-05-15 23:22:02] Valid hours for sum: [12, 18, 24, 29]
[2026-05-15 23:22:04] Drought composite end date: 2018-08-18 06:00:00
[2026-05-15 23:22:04] Land cover year: 2017
[2026-05-15 23:22:05] VIIRS Veg composite: 2018-07-12 → 2018-07-28
[2026-05-15 23:22:08] Started export task: fire_221_dynamic_2018-08-21
[2026-05-15 23:22:08] ------ Processing date=2018-08-22 ------
[2026-05-15 23:22:08] Using viirs_af_path: viirs_af_path
[2026-05-15 23:22:08] VIIRS Image Date: ['2018-08-22 00:00:00']
[2026-05-15 23:22:09] Weather image size: 1
[2026-05-15 23:22:09] Forecast duration: 2018-08-23 00:00:00 to 2018-08-24 00:00:00
[2026-05-15 23:22:10] Number of forecast images: 24
[2026-05-15 23:22:10] Using forecast run: 2018-08-22 18:00:00 UTC
[2026-05-15 23:22:11] Forecast Rain Available hours: [6, 7, 8, 9, 10, 11, 12, 13, 14, 15, 16, 17, 18, 19, 20, 21, 22, 23, 24, 25, 26, 27, 28, 29]
[2026-05-15 23:22:11] Valid hours for sum: [12, 18, 24, 29]
[2026-05-15 23:22:12] Drought composite end date: 2018-08-18 06:00:00
[2026-05-15 23:22:13] Land cover year: 2017
[2026-05-15 23:22:13] VIIRS Veg composite: 2018-07-12 → 2018-07-28
[2026-05-15 23:22:17] Started export task: fire_221_dynamic_2018-08-22
[2026-05-15 23:22:19] ------ Processing date=2018-08-23 ------
[2026-05-15 23:22:19] Using viirs_af_path: viirs_af_path
[2026-05-15 23:22:19] VIIRS Image Date: ['2018-08-23 00:00:00']
[2026-05-15 23:22:19] Weather image size: 1
[2026-05-15 23:22:19] Forecast duration: 2018-08-24 00:00:00 to 2018-08-25 00:00:00
[2026-05-15 23:22:20] Number of forecast images: 24
[2026-05-15 23:22:20] Using forecast run: 2018-08-23 18:00:00 UTC
[2026-05-15 23:22:21] Forecast Rain Available hours: [6, 7, 8, 9, 10, 11, 12, 13, 14, 15, 16, 17, 18, 19, 20, 21, 22, 23, 24, 25, 26, 27, 28, 29]
[2026-05-15 23:22:21] Valid hours for sum: [12, 18, 24, 29]
[2026-05-15 23:22:23] Drought composite end date: 2018-08-18 06:00:00
[2026-05-15 23:22:23] Land cover year: 2017
[2026-05-15 23:22:24] VIIRS Veg composite: 2018-07-12 → 2018-07-28
[2026-05-15 23:22:28] Started export task: fire_221_dynamic_2018-08-23
[2026-05-15 23:22:28] ------ Processing date=2018-08-24 ------
[2026-05-15 23:22:28] Using viirs_af_path: viirs_af_path
[2026-05-15 23:22:28] VIIRS Image Date: ['2018-08-24 00:00:00']
[2026-05-15 23:22:28] Weather image size: 1
[2026-05-15 23:22:28] Forecast duration: 2018-08-25 00:00:00 to 2018-08-26 00:00:00
[2026-05-15 23:22:30] Number of forecast images: 24
[2026-05-15 23:22:30] Using forecast run: 2018-08-24 18:00:00 UTC
[2026-05-15 23:22:30] Forecast Rain Available hours: [6, 7, 8, 9, 10, 11, 12, 13, 14, 15, 16, 17, 18, 19, 20, 21, 22, 23, 24, 25, 26, 27, 28, 29]
[2026-05-15 23:22:30] Valid hours for sum: [12, 18, 24, 29]
[2026-05-15 23:22:33] Drought composite end date: 2018-08-23 06:00:00
[2026-05-15 23:22:33] Land cover year: 2017
[2026-05-15 23:22:34] VIIRS Veg composite: 2018-07-12 → 2018-07-28
[2026-05-15 23:22:38] Started export task: fire_221_dynamic_2018-08-24
[2026-05-15 23:22:38] ------ Processing date=2018-08-25 ------
[2026-05-15 23:22:38] Using viirs_af_path: viirs_af_path
[2026-05-15 23:22:38] VIIRS Image Date: ['2018-08-25 00:00:00']
[2026-05-15 23:22:39] Weather image size: 1
[2026-05-15 23:22:39] Forecast duration: 2018-08-26 00:00:00 to 2018-08-27 00:00:00
[2026-05-15 23:22:39] Number of forecast images: 24
[2026-05-15 23:22:39] Using forecast run: 2018-08-25 18:00:00 UTC
[2026-05-15 23:22:40] Forecast Rain Available hours: [6, 7, 8, 9, 10, 11, 12, 13, 14, 15, 16, 17, 18, 19, 20, 21, 22, 23, 24, 25, 26, 27, 28, 29]
[2026-05-15 23:22:40] Valid hours for sum: [12, 18, 24, 29]
[2026-05-15 23:22:42] Drought composite end date: 2018-08-23 06:00:00
[2026-05-15 23:22:42] Land cover year: 2017
[2026-05-15 23:22:42] VIIRS Veg composite: 2018-07-12 → 2018-07-28
[2026-05-15 23:22:45] Started export task: fire_221_dynamic_2018-08-25
[2026-05-15 23:22:46] ------ Processing date=2018-08-26 ------
[2026-05-15 23:22:46] Using viirs_af_path: viirs_af_path
[2026-05-15 23:22:46] VIIRS Image Date: ['2018-08-26 00:00:00']
[2026-05-15 23:22:46] Weather image size: 1
[2026-05-15 23:22:46] Forecast duration: 2018-08-27 00:00:00 to 2018-08-28 00:00:00
[2026-05-15 23:22:47] Number of forecast images: 24
[2026-05-15 23:22:47] Using forecast run: 2018-08-26 18:00:00 UTC
[2026-05-15 23:22:47] Forecast Rain Available hours: [6, 7, 8, 9, 10, 11, 12, 13, 14, 15, 16, 17, 18, 19, 20, 21, 22, 23, 24, 25, 26, 27, 28, 29]
[2026-05-15 23:22:47] Valid hours for sum: [12, 18, 24, 29]
[2026-05-15 23:22:49] Drought composite end date: 2018-08-23 06:00:00
[2026-05-15 23:22:50] Land cover year: 2017
[2026-05-15 23:22:55] VIIRS Veg composite: 2018-07-12 → 2018-07-28
[2026-05-15 23:23:00] Started export task: fire_221_dynamic_2018-08-26
[2026-05-15 23:23:00] ------ Processing date=2018-08-27 ------
[2026-05-15 23:23:00] Using viirs_af_path: viirs_af_path
[2026-05-15 23:23:00] VIIRS Image Date: ['2018-08-27 00:00:00']
[2026-05-15 23:23:00] Weather image size: 1
[2026-05-15 23:23:00] Forecast duration: 2018-08-28 00:00:00 to 2018-08-29 00:00:00
[2026-05-15 23:23:01] Number of forecast images: 24
[2026-05-15 23:23:01] Using forecast run: 2018-08-27 18:00:00 UTC
[2026-05-15 23:23:02] Forecast Rain Available hours: [6, 7, 8, 9, 10, 11, 12, 13, 14, 15, 16, 17, 18, 19, 20, 21, 22, 23, 24, 25, 26, 27, 28, 29]
[2026-05-15 23:23:02] Valid hours for sum: [12, 18, 24, 29]
[2026-05-15 23:23:04] Drought composite end date: 2018-08-23 06:00:00
[2026-05-15 23:23:05] Land cover year: 2017
[2026-05-15 23:23:06] VIIRS Veg composite: 2018-07-12 → 2018-07-28
[2026-05-15 23:23:08] Started export task: fire_221_dynamic_2018-08-27
[2026-05-15 23:23:09] ------ Processing date=2018-08-28 ------
[2026-05-15 23:23:09] Using viirs_af_path: viirs_af_path
[2026-05-15 23:23:09] VIIRS Image Date: ['2018-08-28 00:00:00']
[2026-05-15 23:23:09] Weather image size: 1
[2026-05-15 23:23:09] Forecast duration: 2018-08-29 00:00:00 to 2018-08-30 00:00:00
[2026-05-15 23:23:10] Number of forecast images: 24
[2026-05-15 23:23:10] Using forecast run: 2018-08-28 18:00:00 UTC
[2026-05-15 23:23:11] Forecast Rain Available hours: [6, 7, 8, 9, 10, 11, 12, 13, 14, 15, 16, 17, 18, 19, 20, 21, 22, 23, 24, 25, 26, 27, 28, 29]
[2026-05-15 23:23:11] Valid hours for sum: [12, 18, 24, 29]
[2026-05-15 23:23:12] Drought composite end date: 2018-08-23 06:00:00
[2026-05-15 23:23:12] Land cover year: 2017
[2026-05-15 23:23:13] VIIRS Veg composite: 2018-07-12 → 2018-07-28
[2026-05-15 23:23:16] Started export task: fire_221_dynamic_2018-08-28
[2026-05-15 23:23:17] ------ Processing date=2018-08-29 ------
[2026-05-15 23:23:17] Using viirs_af_path: viirs_af_path
[2026-05-15 23:23:17] VIIRS Image Date: ['2018-08-29 00:00:00']
[2026-05-15 23:23:17] Weather image size: 1
[2026-05-15 23:23:17] Forecast duration: 2018-08-30 00:00:00 to 2018-08-31 00:00:00
[2026-05-15 23:23:18] Number of forecast images: 24
[2026-05-15 23:23:18] Using forecast run: 2018-08-29 18:00:00 UTC
[2026-05-15 23:23:18] Forecast Rain Available hours: [6, 7, 8, 9, 10, 11, 12, 13, 14, 15, 16, 17, 18, 19, 20, 21, 22, 23, 24, 25, 26, 27, 28, 29]
[2026-05-15 23:23:18] Valid hours for sum: [12, 18, 24, 29]
[2026-05-15 23:23:21] Drought composite end date: 2018-08-28 06:00:00
[2026-05-15 23:23:21] Land cover year: 2017
[2026-05-15 23:23:23] VIIRS Veg composite: 2018-07-12 → 2018-07-28
[2026-05-15 23:23:28] Started export task: fire_221_dynamic_2018-08-29
[2026-05-15 23:23:28] ------ Processing date=2018-08-30 ------
[2026-05-15 23:23:28] Using viirs_af_path: viirs_af_path
[2026-05-15 23:23:28] VIIRS Image Date: ['2018-08-30 00:00:00']
[2026-05-15 23:23:28] Weather image size: 1
[2026-05-15 23:23:28] Forecast duration: 2018-08-31 00:00:00 to 2018-09-01 00:00:00
[2026-05-15 23:23:29] Number of forecast images: 24
[2026-05-15 23:23:29] Using forecast run: 2018-08-30 18:00:00 UTC
[2026-05-15 23:23:29] Forecast Rain Available hours: [6, 7, 8, 9, 10, 11, 12, 13, 14, 15, 16, 17, 18, 19, 20, 21, 22, 23, 24, 25, 26, 27, 28, 29]
[2026-05-15 23:23:29] Valid hours for sum: [12, 18, 24, 29]
[2026-05-15 23:23:32] Drought composite end date: 2018-08-28 06:00:00
[2026-05-15 23:23:32] Land cover year: 2017
[2026-05-15 23:23:33] VIIRS Veg composite: 2018-07-12 → 2018-07-28
[2026-05-15 23:23:37] Started export task: fire_221_dynamic_2018-08-30
[2026-05-15 23:23:38] ------ Processing date=2018-08-31 ------
[2026-05-15 23:23:38] Using viirs_af_path: viirs_af_path
[2026-05-15 23:23:38] VIIRS Image Date: ['2018-08-31 00:00:00']
[2026-05-15 23:23:38] Weather image size: 1
[2026-05-15 23:23:38] Forecast duration: 2018-09-01 00:00:00 to 2018-09-02 00:00:00
[2026-05-15 23:23:39] Number of forecast images: 24
[2026-05-15 23:23:39] Using forecast run: 2018-08-31 18:00:00 UTC
[2026-05-15 23:23:39] Forecast Rain Available hours: [6, 7, 8, 9, 10, 11, 12, 13, 14, 15, 16, 17, 18, 19, 20, 21, 22, 23, 24, 25, 26, 27, 28, 29]
[2026-05-15 23:23:39] Valid hours for sum: [12, 18, 24, 29]
[2026-05-15 23:23:42] Drought composite end date: 2018-08-28 06:00:00
[2026-05-15 23:23:42] Land cover year: 2017
[2026-05-15 23:23:45] VIIRS Veg composite: 2018-07-12 → 2018-07-28
[2026-05-15 23:23:49] Started export task: fire_221_dynamic_2018-08-31
[2026-05-15 23:23:50] ------ Processing date=2018-09-01 ------
[2026-05-15 23:23:50] Using viirs_af_path: viirs_af_path
[2026-05-15 23:23:51] VIIRS Image Date: ['2018-09-01 00:00:00']
[2026-05-15 23:23:51] Weather image size: 1
[2026-05-15 23:23:51] Forecast duration: 2018-09-02 00:00:00 to 2018-09-03 00:00:00
[2026-05-15 23:23:52] Number of forecast images: 24
[2026-05-15 23:23:52] Using forecast run: 2018-09-01 18:00:00 UTC
[2026-05-15 23:23:52] Forecast Rain Available hours: [6, 7, 8, 9, 10, 11, 12, 13, 14, 15, 16, 17, 18, 19, 20, 21, 22, 23, 24, 25, 26, 27, 28, 29]
[2026-05-15 23:23:52] Valid hours for sum: [12, 18, 24, 29]
[2026-05-15 23:23:55] Drought composite end date: 2018-08-28 06:00:00
[2026-05-15 23:23:55] Land cover year: 2017
[2026-05-15 23:23:56] VIIRS Veg composite: 2018-07-12 → 2018-07-28
[2026-05-15 23:24:00] Started export task: fire_221_dynamic_2018-09-01
[2026-05-15 23:24:00] ------ Processing date=2018-09-02 ------
[2026-05-15 23:24:00] Using viirs_af_path: viirs_af_path
[2026-05-15 23:24:01] VIIRS Image Date: ['2018-09-02 00:00:00']
[2026-05-15 23:24:01] Weather image size: 1
[2026-05-15 23:24:01] Forecast duration: 2018-09-03 00:00:00 to 2018-09-04 00:00:00
[2026-05-15 23:24:02] Number of forecast images: 24
[2026-05-15 23:24:02] Using forecast run: 2018-09-02 18:00:00 UTC
[2026-05-15 23:24:02] Forecast Rain Available hours: [6, 7, 8, 9, 10, 11, 12, 13, 14, 15, 16, 17, 18, 19, 20, 21, 22, 23, 24, 25, 26, 27, 28, 29]
[2026-05-15 23:24:02] Valid hours for sum: [12, 18, 24, 29]
[2026-05-15 23:24:04] Drought composite end date: 2018-08-28 06:00:00
[2026-05-15 23:24:04] Land cover year: 2017
[2026-05-15 23:24:05] VIIRS Veg composite: 2018-07-12 → 2018-07-28
[2026-05-15 23:24:08] Started export task: fire_221_dynamic_2018-09-02
[2026-05-15 23:24:08] ------ Processing date=2018-09-03 ------
[2026-05-15 23:24:08] Using viirs_af_path: viirs_af_path
[2026-05-15 23:24:08] VIIRS Image Date: ['2018-09-03 00:00:00']
[2026-05-15 23:24:09] Weather image size: 1
[2026-05-15 23:24:09] Forecast duration: 2018-09-04 00:00:00 to 2018-09-05 00:00:00
[2026-05-15 23:24:09] Number of forecast images: 24
[2026-05-15 23:24:09] Using forecast run: 2018-09-03 18:00:00 UTC
[2026-05-15 23:24:10] Forecast Rain Available hours: [6, 7, 8, 9, 10, 11, 12, 13, 14, 15, 16, 17, 18, 19, 20, 21, 22, 23, 24, 25, 26, 27, 28, 29]
[2026-05-15 23:24:10] Valid hours for sum: [12, 18, 24, 29]
[2026-05-15 23:24:12] Drought composite end date: 2018-09-02 06:00:00
[2026-05-15 23:24:12] Land cover year: 2017
[2026-05-15 23:24:13] VIIRS Veg composite: 2018-07-12 → 2018-07-28
[2026-05-15 23:24:16] Started export task: fire_221_dynamic_2018-09-03
[2026-05-15 23:24:16] ------ Processing date=2018-09-04 ------
[2026-05-15 23:24:16] Using viirs_af_path: viirs_af_path
[2026-05-15 23:24:16] VIIRS Image Date: ['2018-09-04 00:00:00']
[2026-05-15 23:24:17] Weather image size: 1
[2026-05-15 23:24:17] Forecast duration: 2018-09-05 00:00:00 to 2018-09-06 00:00:00
[2026-05-15 23:24:18] Number of forecast images: 24
[2026-05-15 23:24:18] Using forecast run: 2018-09-04 18:00:00 UTC
[2026-05-15 23:24:19] Forecast Rain Available hours: [6, 7, 8, 9, 10, 11, 12, 13, 14, 15, 16, 17, 18, 19, 20, 21, 22, 23, 24, 25, 26, 27, 28, 29]
[2026-05-15 23:24:19] Valid hours for sum: [12, 18, 24, 29]
[2026-05-15 23:24:20] Drought composite end date: 2018-09-02 06:00:00
[2026-05-15 23:24:21] Land cover year: 2017
[2026-05-15 23:24:22] VIIRS Veg composite: 2018-07-12 → 2018-07-28
[2026-05-15 23:24:27] Started export task: fire_221_dynamic_2018-09-04
[2026-05-15 23:24:28] ------ Processing date=2018-09-05 ------
[2026-05-15 23:24:28] Using viirs_af_path: viirs_af_path
[2026-05-15 23:24:28] VIIRS Image Date: ['2018-09-05 00:00:00']
[2026-05-15 23:24:28] Weather image size: 1
[2026-05-15 23:24:28] Forecast duration: 2018-09-06 00:00:00 to 2018-09-07 00:00:00
[2026-05-15 23:24:29] Number of forecast images: 24
[2026-05-15 23:24:29] Using forecast run: 2018-09-05 18:00:00 UTC
[2026-05-15 23:24:29] Forecast Rain Available hours: [6, 7, 8, 9, 10, 11, 12, 13, 14, 15, 16, 17, 18, 19, 20, 21, 22, 23, 24, 25, 26, 27, 28, 29]
[2026-05-15 23:24:29] Valid hours for sum: [12, 18, 24, 29]
[2026-05-15 23:24:31] Drought composite end date: 2018-09-02 06:00:00
[2026-05-15 23:24:31] Land cover year: 2017
[2026-05-15 23:24:32] VIIRS Veg composite: 2018-07-12 → 2018-07-28
[2026-05-15 23:24:36] Started export task: fire_221_dynamic_2018-09-05
[2026-05-15 23:24:36] ------ Processing date=2018-09-06 ------
[2026-05-15 23:24:36] Using viirs_af_path: viirs_af_path
[2026-05-15 23:24:37] VIIRS Image Date: ['2018-09-06 00:00:00']
[2026-05-15 23:24:37] Weather image size: 1
[2026-05-15 23:24:37] Forecast duration: 2018-09-07 00:00:00 to 2018-09-08 00:00:00
[2026-05-15 23:24:38] Number of forecast images: 24
[2026-05-15 23:24:38] Using forecast run: 2018-09-06 18:00:00 UTC
[2026-05-15 23:24:38] Forecast Rain Available hours: [6, 7, 8, 9, 10, 11, 12, 13, 14, 15, 16, 17, 18, 19, 20, 21, 22, 23, 24, 25, 26, 27, 28, 29]
[2026-05-15 23:24:38] Valid hours for sum: [12, 18, 24, 29]
[2026-05-15 23:24:40] Drought composite end date: 2018-09-02 06:00:00
[2026-05-15 23:24:40] Land cover year: 2017
[2026-05-15 23:24:41] VIIRS Veg composite: 2018-07-12 → 2018-07-28
[2026-05-15 23:24:45] Started export task: fire_221_dynamic_2018-09-06
[2026-05-15 23:24:45] ------ Processing date=2018-09-07 ------
[2026-05-15 23:24:45] Using viirs_af_path: viirs_af_path
[2026-05-15 23:24:45] VIIRS Image Date: ['2018-09-07 00:00:00']
[2026-05-15 23:24:45] Weather image size: 1
[2026-05-15 23:24:45] Forecast duration: 2018-09-08 00:00:00 to 2018-09-09 00:00:00
[2026-05-15 23:24:47] Number of forecast images: 24
[2026-05-15 23:24:47] Using forecast run: 2018-09-07 18:00:00 UTC
[2026-05-15 23:24:47] Forecast Rain Available hours: [6, 7, 8, 9, 10, 11, 12, 13, 14, 15, 16, 17, 18, 19, 20, 21, 22, 23, 24, 25, 26, 27, 28, 29]
[2026-05-15 23:24:47] Valid hours for sum: [12, 18, 24, 29]
[2026-05-15 23:24:49] Drought composite end date: 2018-09-02 06:00:00
[2026-05-15 23:24:49] Land cover year: 2017
[2026-05-15 23:24:50] VIIRS Veg composite: 2018-07-12 → 2018-07-28
[2026-05-15 23:24:53] Started export task: fire_221_dynamic_2018-09-07
[2026-05-15 23:24:53] ------ Processing date=2018-09-08 ------
[2026-05-15 23:24:53] Using viirs_af_path: viirs_af_path
[2026-05-15 23:24:54] VIIRS Image Date: ['2018-09-08 00:00:00']
[2026-05-15 23:24:54] Weather image size: 1
[2026-05-15 23:24:54] Forecast duration: 2018-09-09 00:00:00 to 2018-09-10 00:00:00
[2026-05-15 23:24:55] Number of forecast images: 24
[2026-05-15 23:24:55] Using forecast run: 2018-09-08 18:00:00 UTC
[2026-05-15 23:24:55] Forecast Rain Available hours: [6, 7, 8, 9, 10, 11, 12, 13, 14, 15, 16, 17, 18, 19, 20, 21, 22, 23, 24, 25, 26, 27, 28, 29]
[2026-05-15 23:24:55] Valid hours for sum: [12, 18, 24, 29]
[2026-05-15 23:24:57] Drought composite end date: 2018-09-07 06:00:00
[2026-05-15 23:24:57] Land cover year: 2017
[2026-05-15 23:24:58] VIIRS Veg composite: 2018-07-12 → 2018-07-28
[2026-05-15 23:25:01] Started export task: fire_221_dynamic_2018-09-08
[2026-05-15 23:25:02] ------ Processing date=2018-09-09 ------
[2026-05-15 23:25:02] Using viirs_af_path: viirs_af_path
[2026-05-15 23:25:02] VIIRS Image Date: ['2018-09-09 00:00:00']
[2026-05-15 23:25:02] Weather image size: 1
[2026-05-15 23:25:02] Forecast duration: 2018-09-10 00:00:00 to 2018-09-11 00:00:00
[2026-05-15 23:25:03] Number of forecast images: 24
[2026-05-15 23:25:03] Using forecast run: 2018-09-09 18:00:00 UTC
[2026-05-15 23:25:03] Forecast Rain Available hours: [6, 7, 8, 9, 10, 11, 12, 13, 14, 15, 16, 17, 18, 19, 20, 21, 22, 23, 24, 25, 26, 27, 28, 29]
[2026-05-15 23:25:03] Valid hours for sum: [12, 18, 24, 29]
[2026-05-15 23:25:05] Drought composite end date: 2018-09-07 06:00:00
[2026-05-15 23:25:06] Land cover year: 2017
[2026-05-15 23:25:07] VIIRS Veg composite: 2018-07-12 → 2018-07-28
[2026-05-15 23:25:12] Started export task: fire_221_dynamic_2018-09-09
[2026-05-15 23:25:12] ------ Processing date=2018-09-10 ------
[2026-05-15 23:25:12] Using viirs_af_path: viirs_af_path
[2026-05-15 23:25:12] VIIRS Image Date: ['2018-09-10 00:00:00']
[2026-05-15 23:25:12] Weather image size: 1
[2026-05-15 23:25:12] Forecast duration: 2018-09-11 00:00:00 to 2018-09-12 00:00:00
[2026-05-15 23:25:13] Number of forecast images: 24
[2026-05-15 23:25:13] Using forecast run: 2018-09-10 18:00:00 UTC
[2026-05-15 23:25:14] Forecast Rain Available hours: [6, 7, 8, 9, 10, 11, 12, 13, 14, 15, 16, 17, 18, 19, 20, 21, 22, 23, 24, 25, 26, 27, 28, 29]
[2026-05-15 23:25:14] Valid hours for sum: [12, 18, 24, 29]
[2026-05-15 23:25:15] Drought composite end date: 2018-09-07 06:00:00
[2026-05-15 23:25:16] Land cover year: 2017
[2026-05-15 23:25:17] VIIRS Veg composite: 2018-07-12 → 2018-07-28
[2026-05-15 23:25:21] Started export task: fire_221_dynamic_2018-09-10
[2026-05-15 23:25:21] ------ Processing date=2018-09-11 ------
[2026-05-15 23:25:21] Using viirs_af_path: viirs_af_path
[2026-05-15 23:25:22] VIIRS Image Date: ['2018-09-11 00:00:00']
[2026-05-15 23:25:22] Weather image size: 1
[2026-05-15 23:25:22] Forecast duration: 2018-09-12 00:00:00 to 2018-09-13 00:00:00
[2026-05-15 23:25:23] Number of forecast images: 24
[2026-05-15 23:25:23] Using forecast run: 2018-09-11 18:00:00 UTC
[2026-05-15 23:25:23] Forecast Rain Available hours: [6, 7, 8, 9, 10, 11, 12, 13, 14, 15, 16, 17, 18, 19, 20, 21, 22, 23, 24, 25, 26, 27, 28, 29]
[2026-05-15 23:25:23] Valid hours for sum: [12, 18, 24, 29]
[2026-05-15 23:25:25] Drought composite end date: 2018-09-07 06:00:00
[2026-05-15 23:25:26] Land cover year: 2017
[2026-05-15 23:25:26] VIIRS Veg composite: 2018-07-12 → 2018-07-28
[2026-05-15 23:25:30] Started export task: fire_221_dynamic_2018-09-11
[2026-05-15 23:25:31] ------ Processing date=2018-09-12 ------
[2026-05-15 23:25:31] Using viirs_af_path: viirs_af_path
[2026-05-15 23:25:31] VIIRS Image Date: ['2018-09-12 00:00:00']
[2026-05-15 23:25:31] Weather image size: 1
[2026-05-15 23:25:31] Forecast duration: 2018-09-13 00:00:00 to 2018-09-14 00:00:00
[2026-05-15 23:25:33] Number of forecast images: 24
[2026-05-15 23:25:33] Using forecast run: 2018-09-12 18:00:00 UTC
[2026-05-15 23:25:33] Forecast Rain Available hours: [6, 7, 8, 9, 10, 11, 12, 13, 14, 15, 16, 17, 18, 19, 20, 21, 22, 23, 24, 25, 26, 27, 28, 29]
[2026-05-15 23:25:33] Valid hours for sum: [12, 18, 24, 29]
[2026-05-15 23:25:35] Drought composite end date: 2018-09-07 06:00:00
[2026-05-15 23:25:35] Land cover year: 2017
[2026-05-15 23:25:36] VIIRS Veg composite: 2018-07-12 → 2018-07-28
[2026-05-15 23:25:39] Started export task: fire_221_dynamic_2018-09-12
[2026-05-15 23:25:39] END: ----------Event fire_221----------- (Duration: 7.89m)
[2026-05-15 23:25:39] START: ----------Event fire_222-----------
[2026-05-15 23:25:40] ------ Processing date=2018-07-25 ------
[2026-05-15 23:25:40] Using viirs_af_path: viirs_af_path
[2026-05-15 23:25:40] VIIRS Image Date: ['2018-07-25 00:00:00']
[2026-05-15 23:25:40] Weather image size: 1
[2026-05-15 23:25:40] Forecast duration: 2018-07-26 00:00:00 to 2018-07-27 00:00:00
[2026-05-15 23:25:41] Number of forecast images: 24
[2026-05-15 23:25:41] Using forecast run: 2018-07-25 18:00:00 UTC
[2026-05-15 23:25:41] Forecast Rain Available hours: [6, 7, 8, 9, 10, 11, 12, 13, 14, 15, 16, 17, 18, 19, 20, 21, 22, 23, 24, 25, 26, 27, 28, 29]
[2026-05-15 23:25:41] Valid hours for sum: [12, 18, 24, 29]
[2026-05-15 23:25:43] Drought composite end date: 2018-07-24 06:00:00
[2026-05-15 23:25:44] Land cover year: 2017
[2026-05-15 23:25:45] VIIRS Veg composite: 2018-07-12 → 2018-07-28
[2026-05-15 23:25:49] Started export task: fire_222_static
[2026-05-15 23:25:49] Started export task: fire_222_dynamic_2018-07-25
[2026-05-15 23:25:50] ------ Processing date=2018-07-26 ------
[2026-05-15 23:25:50] Using viirs_af_path: viirs_af_path
[2026-05-15 23:25:50] VIIRS Image Date: ['2018-07-26 00:00:00']
[2026-05-15 23:25:50] Weather image size: 1
[2026-05-15 23:25:50] Forecast duration: 2018-07-27 00:00:00 to 2018-07-28 00:00:00
[2026-05-15 23:25:51] Number of forecast images: 24
[2026-05-15 23:25:51] Using forecast run: 2018-07-26 18:00:00 UTC
[2026-05-15 23:25:52] Forecast Rain Available hours: [6, 7, 8, 9, 10, 11, 12, 13, 14, 15, 16, 17, 18, 19, 20, 21, 22, 23, 24, 25, 26, 27, 28, 29]
[2026-05-15 23:25:52] Valid hours for sum: [12, 18, 24, 29]
[2026-05-15 23:25:55] Drought composite end date: 2018-07-24 06:00:00
[2026-05-15 23:25:55] Land cover year: 2017
[2026-05-15 23:25:56] VIIRS Veg composite: 2018-07-12 → 2018-07-28
[2026-05-15 23:25:59] Started export task: fire_222_dynamic_2018-07-26
[2026-05-15 23:26:00] ------ Processing date=2018-07-27 ------
[2026-05-15 23:26:00] Using viirs_af_path: viirs_af_path
[2026-05-15 23:26:00] VIIRS Image Date: ['2018-07-27 00:00:00']
[2026-05-15 23:26:00] Weather image size: 1
[2026-05-15 23:26:00] Forecast duration: 2018-07-28 00:00:00 to 2018-07-29 00:00:00
[2026-05-15 23:26:01] Number of forecast images: 24
[2026-05-15 23:26:01] Using forecast run: 2018-07-27 18:00:00 UTC
[2026-05-15 23:26:01] Forecast Rain Available hours: [6, 7, 8, 9, 10, 11, 12, 13, 14, 15, 16, 17, 18, 19, 20, 21, 22, 23, 24, 25, 26, 27, 28, 29]
[2026-05-15 23:26:01] Valid hours for sum: [12, 18, 24, 29]
[2026-05-15 23:26:04] Drought composite end date: 2018-07-24 06:00:00
[2026-05-15 23:26:04] Land cover year: 2017
[2026-05-15 23:26:05] VIIRS Veg composite: 2018-07-12 → 2018-07-28
[2026-05-15 23:26:08] Started export task: fire_222_dynamic_2018-07-27
[2026-05-15 23:26:08] ------ Processing date=2018-07-28 ------
[2026-05-15 23:26:08] Using viirs_af_path: viirs_af_path
[2026-05-15 23:26:08] VIIRS Image Date: ['2018-07-28 00:00:00']
[2026-05-15 23:26:08] Weather image size: 1
[2026-05-15 23:26:08] Forecast duration: 2018-07-29 00:00:00 to 2018-07-30 00:00:00
[2026-05-15 23:26:10] Number of forecast images: 24
[2026-05-15 23:26:10] Using forecast run: 2018-07-28 18:00:00 UTC
[2026-05-15 23:26:10] Forecast Rain Available hours: [6, 7, 8, 9, 10, 11, 12, 13, 14, 15, 16, 17, 18, 19, 20, 21, 22, 23, 24, 25, 26, 27, 28, 29]
[2026-05-15 23:26:10] Valid hours for sum: [12, 18, 24, 29]
[2026-05-15 23:26:13] Drought composite end date: 2018-07-24 06:00:00
[2026-05-15 23:26:13] Land cover year: 2017
[2026-05-15 23:26:14] VIIRS Veg composite: 2018-07-12 → 2018-07-28
[2026-05-15 23:26:18] Started export task: fire_222_dynamic_2018-07-28
[2026-05-15 23:26:19] ------ Processing date=2018-07-29 ------
[2026-05-15 23:26:19] Using viirs_af_path: viirs_af_path
[2026-05-15 23:26:19] VIIRS Image Date: ['2018-07-29 00:00:00']
[2026-05-15 23:26:19] Weather image size: 1
[2026-05-15 23:26:19] Forecast duration: 2018-07-30 00:00:00 to 2018-07-31 00:00:00
[2026-05-15 23:26:20] Number of forecast images: 24
[2026-05-15 23:26:20] Using forecast run: 2018-07-29 18:00:00 UTC
[2026-05-15 23:26:20] Forecast Rain Available hours: [6, 7, 8, 9, 10, 11, 12, 13, 14, 15, 16, 17, 18, 19, 20, 21, 22, 23, 24, 25, 26, 27, 28, 29]
[2026-05-15 23:26:20] Valid hours for sum: [12, 18, 24, 29]
[2026-05-15 23:26:22] Drought composite end date: 2018-07-24 06:00:00
[2026-05-15 23:26:23] Land cover year: 2017
[2026-05-15 23:26:23] VIIRS Veg composite: 2018-07-12 → 2018-07-28
[2026-05-15 23:26:27] Started export task: fire_222_dynamic_2018-07-29
[2026-05-15 23:26:28] ------ Processing date=2018-07-30 ------
[2026-05-15 23:26:28] Using viirs_af_path: viirs_af_path
[2026-05-15 23:26:28] VIIRS Image Date: ['2018-07-30 00:00:00']
[2026-05-15 23:26:28] Weather image size: 1
[2026-05-15 23:26:28] Forecast duration: 2018-07-31 00:00:00 to 2018-08-01 00:00:00
[2026-05-15 23:26:29] Number of forecast images: 24
[2026-05-15 23:26:29] Using forecast run: 2018-07-30 18:00:00 UTC
[2026-05-15 23:26:29] Forecast Rain Available hours: [6, 7, 8, 9, 10, 11, 12, 13, 14, 15, 16, 17, 18, 19, 20, 21, 22, 23, 24, 25, 26, 27, 28, 29]
[2026-05-15 23:26:29] Valid hours for sum: [12, 18, 24, 29]
[2026-05-15 23:26:31] Drought composite end date: 2018-07-29 06:00:00
[2026-05-15 23:26:32] Land cover year: 2017
[2026-05-15 23:26:32] VIIRS Veg composite: 2018-07-12 → 2018-07-28
[2026-05-15 23:26:36] Started export task: fire_222_dynamic_2018-07-30
[2026-05-15 23:26:37] ------ Processing date=2018-07-31 ------
[2026-05-15 23:26:37] Using viirs_af_path: viirs_af_path
[2026-05-15 23:26:37] VIIRS Image Date: ['2018-07-31 00:00:00']
[2026-05-15 23:26:37] Weather image size: 1
[2026-05-15 23:26:37] Forecast duration: 2018-08-01 00:00:00 to 2018-08-02 00:00:00
[2026-05-15 23:26:38] Number of forecast images: 24
[2026-05-15 23:26:38] Using forecast run: 2018-07-31 18:00:00 UTC
[2026-05-15 23:26:38] Forecast Rain Available hours: [6, 7, 8, 9, 10, 11, 12, 13, 14, 15, 16, 17, 18, 19, 20, 21, 22, 23, 24, 25, 26, 27, 28, 29]
[2026-05-15 23:26:38] Valid hours for sum: [12, 18, 24, 29]
[2026-05-15 23:26:40] Drought composite end date: 2018-07-29 06:00:00
[2026-05-15 23:26:40] Land cover year: 2017
[2026-05-15 23:26:41] VIIRS Veg composite: 2018-07-12 → 2018-07-28
[2026-05-15 23:26:45] Started export task: fire_222_dynamic_2018-07-31
[2026-05-15 23:26:45] ------ Processing date=2018-08-01 ------
[2026-05-15 23:26:45] Using viirs_af_path: viirs_af_path
[2026-05-15 23:26:46] VIIRS Image Date: ['2018-08-01 00:00:00']
[2026-05-15 23:26:46] Weather image size: 1
[2026-05-15 23:26:46] Forecast duration: 2018-08-02 00:00:00 to 2018-08-03 00:00:00
[2026-05-15 23:26:46] Number of forecast images: 24
[2026-05-15 23:26:46] Using forecast run: 2018-08-01 18:00:00 UTC
[2026-05-15 23:26:47] Forecast Rain Available hours: [6, 7, 8, 9, 10, 11, 12, 13, 14, 15, 16, 17, 18, 19, 20, 21, 22, 23, 24, 25, 26, 27, 28, 29]
[2026-05-15 23:26:47] Valid hours for sum: [12, 18, 24, 29]
[2026-05-15 23:26:48] Drought composite end date: 2018-07-29 06:00:00
[2026-05-15 23:26:48] Land cover year: 2017
[2026-05-15 23:26:49] VIIRS Veg composite: 2018-07-12 → 2018-07-28
[2026-05-15 23:26:52] Started export task: fire_222_dynamic_2018-08-01
[2026-05-15 23:26:53] ------ Processing date=2018-08-02 ------
[2026-05-15 23:26:53] Using viirs_af_path: viirs_af_path
[2026-05-15 23:26:53] VIIRS Image Date: ['2018-08-02 00:00:00']
[2026-05-15 23:26:53] Weather image size: 1
[2026-05-15 23:26:53] Forecast duration: 2018-08-03 00:00:00 to 2018-08-04 00:00:00
[2026-05-15 23:26:54] Number of forecast images: 24
[2026-05-15 23:26:54] Using forecast run: 2018-08-02 18:00:00 UTC
[2026-05-15 23:26:55] Forecast Rain Available hours: [6, 7, 8, 9, 10, 11, 12, 13, 14, 15, 16, 17, 18, 19, 20, 21, 22, 23, 24, 25, 26, 27, 28, 29]
[2026-05-15 23:26:55] Valid hours for sum: [12, 18, 24, 29]
[2026-05-15 23:26:59] Drought composite end date: 2018-07-29 06:00:00
[2026-05-15 23:26:59] Land cover year: 2017
[2026-05-15 23:27:00] VIIRS Veg composite: 2018-07-12 → 2018-07-28
[2026-05-15 23:27:02] Started export task: fire_222_dynamic_2018-08-02
[2026-05-15 23:27:03] ------ Processing date=2018-08-03 ------
[2026-05-15 23:27:03] Using viirs_af_path: viirs_af_path
[2026-05-15 23:27:03] VIIRS Image Date: ['2018-08-03 00:00:00']
[2026-05-15 23:27:04] Weather image size: 1
[2026-05-15 23:27:04] Forecast duration: 2018-08-04 00:00:00 to 2018-08-05 00:00:00
[2026-05-15 23:27:05] Number of forecast images: 24
[2026-05-15 23:27:05] Using forecast run: 2018-08-03 18:00:00 UTC
[2026-05-15 23:27:05] Forecast Rain Available hours: [6, 7, 8, 9, 10, 11, 12, 13, 14, 15, 16, 17, 18, 19, 20, 21, 22, 23, 24, 25, 26, 27, 28, 29]
[2026-05-15 23:27:05] Valid hours for sum: [12, 18, 24, 29]
[2026-05-15 23:27:08] Drought composite end date: 2018-07-29 06:00:00
[2026-05-15 23:27:08] Land cover year: 2017
[2026-05-15 23:27:09] VIIRS Veg composite: 2018-07-12 → 2018-07-28
[2026-05-15 23:27:13] Started export task: fire_222_dynamic_2018-08-03
[2026-05-15 23:27:14] ------ Processing date=2018-08-04 ------
[2026-05-15 23:27:14] Using viirs_af_path: viirs_af_path
[2026-05-15 23:27:14] VIIRS Image Date: ['2018-08-04 00:00:00']
[2026-05-15 23:27:14] Weather image size: 1
[2026-05-15 23:27:14] Forecast duration: 2018-08-05 00:00:00 to 2018-08-06 00:00:00
[2026-05-15 23:27:15] Number of forecast images: 24
[2026-05-15 23:27:15] Using forecast run: 2018-08-04 18:00:00 UTC
[2026-05-15 23:27:15] Forecast Rain Available hours: [6, 7, 8, 9, 10, 11, 12, 13, 14, 15, 16, 17, 18, 19, 20, 21, 22, 23, 24, 25, 26, 27, 28, 29]
[2026-05-15 23:27:15] Valid hours for sum: [12, 18, 24, 29]
[2026-05-15 23:27:16] Drought composite end date: 2018-08-03 06:00:00
[2026-05-15 23:27:17] Land cover year: 2017
[2026-05-15 23:27:18] VIIRS Veg composite: 2018-07-12 → 2018-07-28
[2026-05-15 23:27:22] Started export task: fire_222_dynamic_2018-08-04
[2026-05-15 23:27:22] ------ Processing date=2018-08-05 ------
[2026-05-15 23:27:22] Using viirs_af_path: viirs_af_path
[2026-05-15 23:27:23] VIIRS Image Date: ['2018-08-05 00:00:00']
[2026-05-15 23:27:23] Weather image size: 1
[2026-05-15 23:27:23] Forecast duration: 2018-08-06 00:00:00 to 2018-08-07 00:00:00
[2026-05-15 23:27:24] Number of forecast images: 24
[2026-05-15 23:27:24] Using forecast run: 2018-08-05 18:00:00 UTC
[2026-05-15 23:27:24] Forecast Rain Available hours: [6, 7, 8, 9, 10, 11, 12, 13, 14, 15, 16, 17, 18, 19, 20, 21, 22, 23, 24, 25, 26, 27, 28, 29]
[2026-05-15 23:27:24] Valid hours for sum: [12, 18, 24, 29]
[2026-05-15 23:27:28] Drought composite end date: 2018-08-03 06:00:00
[2026-05-15 23:27:28] Land cover year: 2017
[2026-05-15 23:27:29] VIIRS Veg composite: 2018-07-12 → 2018-07-28
[2026-05-15 23:27:33] Started export task: fire_222_dynamic_2018-08-05
[2026-05-15 23:27:34] ------ Processing date=2018-08-06 ------
[2026-05-15 23:27:34] Using viirs_af_path: viirs_af_path
[2026-05-15 23:27:34] VIIRS Image Date: ['2018-08-06 00:00:00']
[2026-05-15 23:27:35] Weather image size: 1
[2026-05-15 23:27:35] Forecast duration: 2018-08-07 00:00:00 to 2018-08-08 00:00:00
[2026-05-15 23:27:36] Number of forecast images: 24
[2026-05-15 23:27:36] Using forecast run: 2018-08-06 18:00:00 UTC
[2026-05-15 23:27:36] Forecast Rain Available hours: [6, 7, 8, 9, 10, 11, 12, 13, 14, 15, 16, 17, 18, 19, 20, 21, 22, 23, 24, 25, 26, 27, 28, 29]
[2026-05-15 23:27:36] Valid hours for sum: [12, 18, 24, 29]
[2026-05-15 23:27:38] Drought composite end date: 2018-08-03 06:00:00
[2026-05-15 23:27:38] Land cover year: 2017
[2026-05-15 23:27:39] VIIRS Veg composite: 2018-07-12 → 2018-07-28
[2026-05-15 23:27:42] Started export task: fire_222_dynamic_2018-08-06
[2026-05-15 23:27:43] ------ Processing date=2018-08-07 ------
[2026-05-15 23:27:43] Using viirs_af_path: viirs_af_path
[2026-05-15 23:27:43] VIIRS Image Date: ['2018-08-07 00:00:00']
[2026-05-15 23:27:43] Weather image size: 1
[2026-05-15 23:27:43] Forecast duration: 2018-08-08 00:00:00 to 2018-08-09 00:00:00
[2026-05-15 23:27:44] Number of forecast images: 24
[2026-05-15 23:27:44] Using forecast run: 2018-08-07 18:00:00 UTC
[2026-05-15 23:27:44] Forecast Rain Available hours: [6, 7, 8, 9, 10, 11, 12, 13, 14, 15, 16, 17, 18, 19, 20, 21, 22, 23, 24, 25, 26, 27, 28, 29]
[2026-05-15 23:27:44] Valid hours for sum: [12, 18, 24, 29]
[2026-05-15 23:27:47] Drought composite end date: 2018-08-03 06:00:00
[2026-05-15 23:27:47] Land cover year: 2017
[2026-05-15 23:27:48] VIIRS Veg composite: 2018-07-12 → 2018-07-28
[2026-05-15 23:27:52] Started export task: fire_222_dynamic_2018-08-07
[2026-05-15 23:27:53] ------ Processing date=2018-08-08 ------
[2026-05-15 23:27:53] Using viirs_af_path: viirs_af_path
[2026-05-15 23:27:53] VIIRS Image Date: ['2018-08-08 00:00:00']
[2026-05-15 23:27:53] Weather image size: 1
[2026-05-15 23:27:53] Forecast duration: 2018-08-09 00:00:00 to 2018-08-10 00:00:00
[2026-05-15 23:27:54] Number of forecast images: 24
[2026-05-15 23:27:54] Using forecast run: 2018-08-08 18:00:00 UTC
[2026-05-15 23:27:54] Forecast Rain Available hours: [6, 7, 8, 9, 10, 11, 12, 13, 14, 15, 16, 17, 18, 19, 20, 21, 22, 23, 24, 25, 26, 27, 28, 29]
[2026-05-15 23:27:54] Valid hours for sum: [12, 18, 24, 29]
[2026-05-15 23:27:56] Drought composite end date: 2018-08-03 06:00:00
[2026-05-15 23:27:56] Land cover year: 2017
[2026-05-15 23:27:57] VIIRS Veg composite: 2018-07-12 → 2018-07-28
[2026-05-15 23:27:59] Started export task: fire_222_dynamic_2018-08-08
[2026-05-15 23:27:59] ------ Processing date=2018-08-09 ------
[2026-05-15 23:27:59] Using viirs_af_path: viirs_af_path
[2026-05-15 23:28:00] VIIRS Image Date: ['2018-08-09 00:00:00']
[2026-05-15 23:28:00] Weather image size: 1
[2026-05-15 23:28:00] Forecast duration: 2018-08-10 00:00:00 to 2018-08-11 00:00:00
[2026-05-15 23:28:01] Number of forecast images: 24
[2026-05-15 23:28:01] Using forecast run: 2018-08-09 18:00:00 UTC
[2026-05-15 23:28:01] Forecast Rain Available hours: [6, 7, 8, 9, 10, 11, 12, 13, 14, 15, 16, 17, 18, 19, 20, 21, 22, 23, 24, 25, 26, 27, 28, 29]
[2026-05-15 23:28:01] Valid hours for sum: [12, 18, 24, 29]
[2026-05-15 23:28:03] Drought composite end date: 2018-08-08 06:00:00
[2026-05-15 23:28:04] Land cover year: 2017
[2026-05-15 23:28:05] VIIRS Veg composite: 2018-07-12 → 2018-07-28
[2026-05-15 23:28:09] Started export task: fire_222_dynamic_2018-08-09
[2026-05-15 23:28:09] ------ Processing date=2018-08-10 ------
[2026-05-15 23:28:09] Using viirs_af_path: viirs_af_path
[2026-05-15 23:28:09] VIIRS Image Date: ['2018-08-10 00:00:00']
[2026-05-15 23:28:10] Weather image size: 1
[2026-05-15 23:28:10] Forecast duration: 2018-08-11 00:00:00 to 2018-08-12 00:00:00
[2026-05-15 23:28:11] Number of forecast images: 24
[2026-05-15 23:28:11] Using forecast run: 2018-08-10 18:00:00 UTC
[2026-05-15 23:28:11] Forecast Rain Available hours: [6, 7, 8, 9, 10, 11, 12, 13, 14, 15, 16, 17, 18, 19, 20, 21, 22, 23, 24, 25, 26, 27, 28, 29]
[2026-05-15 23:28:11] Valid hours for sum: [12, 18, 24, 29]
[2026-05-15 23:28:13] Drought composite end date: 2018-08-08 06:00:00
[2026-05-15 23:28:14] Land cover year: 2017
[2026-05-15 23:28:14] VIIRS Veg composite: 2018-07-12 → 2018-07-28
[2026-05-15 23:28:19] Started export task: fire_222_dynamic_2018-08-10
[2026-05-15 23:28:19] ------ Processing date=2018-08-11 ------
[2026-05-15 23:28:19] Using viirs_af_path: viirs_af_path
[2026-05-15 23:28:19] VIIRS Image Date: ['2018-08-11 00:00:00']
[2026-05-15 23:28:20] Weather image size: 1
[2026-05-15 23:28:20] Forecast duration: 2018-08-12 00:00:00 to 2018-08-13 00:00:00
[2026-05-15 23:28:21] Number of forecast images: 24
[2026-05-15 23:28:21] Using forecast run: 2018-08-11 18:00:00 UTC
[2026-05-15 23:28:21] Forecast Rain Available hours: [6, 7, 8, 9, 10, 11, 12, 13, 14, 15, 16, 17, 18, 19, 20, 21, 22, 23, 24, 25, 26, 27, 28, 29]
[2026-05-15 23:28:21] Valid hours for sum: [12, 18, 24, 29]
[2026-05-15 23:28:24] Drought composite end date: 2018-08-08 06:00:00
[2026-05-15 23:28:24] Land cover year: 2017
[2026-05-15 23:28:25] VIIRS Veg composite: 2018-07-12 → 2018-07-28
[2026-05-15 23:28:29] Started export task: fire_222_dynamic_2018-08-11
[2026-05-15 23:28:29] ------ Processing date=2018-08-12 ------
[2026-05-15 23:28:29] Using viirs_af_path: viirs_af_path
[2026-05-15 23:28:30] VIIRS Image Date: ['2018-08-12 00:00:00']
[2026-05-15 23:28:30] Weather image size: 1
[2026-05-15 23:28:30] Forecast duration: 2018-08-13 00:00:00 to 2018-08-14 00:00:00
[2026-05-15 23:28:31] Number of forecast images: 24
[2026-05-15 23:28:31] Using forecast run: 2018-08-12 18:00:00 UTC
[2026-05-15 23:28:32] Forecast Rain Available hours: [6, 7, 8, 9, 10, 11, 12, 13, 14, 15, 16, 17, 18, 19, 20, 21, 22, 23, 24, 25, 26, 27, 28, 29]
[2026-05-15 23:28:32] Valid hours for sum: [12, 18, 24, 29]
[2026-05-15 23:28:34] Drought composite end date: 2018-08-08 06:00:00
[2026-05-15 23:28:34] Land cover year: 2017
[2026-05-15 23:28:35] VIIRS Veg composite: 2018-07-12 → 2018-07-28
[2026-05-15 23:28:40] Started export task: fire_222_dynamic_2018-08-12
[2026-05-15 23:28:40] ------ Processing date=2018-08-13 ------
[2026-05-15 23:28:40] Using viirs_af_path: viirs_af_path
[2026-05-15 23:28:40] VIIRS Image Date: ['2018-08-13 00:00:00']
[2026-05-15 23:28:41] Weather image size: 1
[2026-05-15 23:28:41] Forecast duration: 2018-08-14 00:00:00 to 2018-08-15 00:00:00
[2026-05-15 23:28:41] Number of forecast images: 24
[2026-05-15 23:28:41] Using forecast run: 2018-08-13 18:00:00 UTC
[2026-05-15 23:28:42] Forecast Rain Available hours: [6, 7, 8, 9, 10, 11, 12, 13, 14, 15, 16, 17, 18, 19, 20, 21, 22, 23, 24, 25, 26, 27, 28, 29]
[2026-05-15 23:28:42] Valid hours for sum: [12, 18, 24, 29]
[2026-05-15 23:28:44] Drought composite end date: 2018-08-08 06:00:00
[2026-05-15 23:28:44] Land cover year: 2017
[2026-05-15 23:28:45] VIIRS Veg composite: 2018-07-12 → 2018-07-28
[2026-05-15 23:28:48] Started export task: fire_222_dynamic_2018-08-13
[2026-05-15 23:28:48] ------ Processing date=2018-08-14 ------
[2026-05-15 23:28:48] Using viirs_af_path: viirs_af_path
[2026-05-15 23:28:48] VIIRS Image Date: ['2018-08-14 00:00:00']
[2026-05-15 23:28:49] Weather image size: 1
[2026-05-15 23:28:49] Forecast duration: 2018-08-15 00:00:00 to 2018-08-16 00:00:00
[2026-05-15 23:28:49] Number of forecast images: 24
[2026-05-15 23:28:49] Using forecast run: 2018-08-14 18:00:00 UTC
[2026-05-15 23:28:50] Forecast Rain Available hours: [6, 7, 8, 9, 10, 11, 12, 13, 14, 15, 16, 17, 18, 19, 20, 21, 22, 23, 24, 25, 26, 27, 28, 29]
[2026-05-15 23:28:50] Valid hours for sum: [12, 18, 24, 29]
[2026-05-15 23:28:51] Drought composite end date: 2018-08-13 06:00:00
[2026-05-15 23:28:51] Land cover year: 2017
[2026-05-15 23:28:52] VIIRS Veg composite: 2018-07-12 → 2018-07-28
[2026-05-15 23:28:55] Started export task: fire_222_dynamic_2018-08-14
[2026-05-15 23:28:55] ------ Processing date=2018-08-15 ------
[2026-05-15 23:28:55] Using viirs_af_path: viirs_af_path
[2026-05-15 23:28:55] VIIRS Image Date: ['2018-08-15 00:00:00']
[2026-05-15 23:28:56] Weather image size: 1
[2026-05-15 23:28:56] Forecast duration: 2018-08-16 00:00:00 to 2018-08-17 00:00:00
[2026-05-15 23:28:57] Number of forecast images: 24
[2026-05-15 23:28:57] Using forecast run: 2018-08-15 18:00:00 UTC
[2026-05-15 23:28:57] Forecast Rain Available hours: [6, 7, 8, 9, 10, 11, 12, 13, 14, 15, 16, 17, 18, 19, 20, 21, 22, 23, 24, 25, 26, 27, 28, 29]
[2026-05-15 23:28:57] Valid hours for sum: [12, 18, 24, 29]
[2026-05-15 23:29:00] Drought composite end date: 2018-08-13 06:00:00
[2026-05-15 23:29:00] Land cover year: 2017
[2026-05-15 23:29:01] VIIRS Veg composite: 2018-07-12 → 2018-07-28
[2026-05-15 23:29:06] Started export task: fire_222_dynamic_2018-08-15
[2026-05-15 23:29:06] ------ Processing date=2018-08-16 ------
[2026-05-15 23:29:06] Using viirs_af_path: viirs_af_path
[2026-05-15 23:29:07] VIIRS Image Date: ['2018-08-16 00:00:00']
[2026-05-15 23:29:07] Weather image size: 1
[2026-05-15 23:29:07] Forecast duration: 2018-08-17 00:00:00 to 2018-08-18 00:00:00
[2026-05-15 23:29:08] Number of forecast images: 24
[2026-05-15 23:29:08] Using forecast run: 2018-08-16 18:00:00 UTC
[2026-05-15 23:29:09] Forecast Rain Available hours: [6, 7, 8, 9, 10, 11, 12, 13, 14, 15, 16, 17, 18, 19, 20, 21, 22, 23, 24, 25, 26, 27, 28, 29]
[2026-05-15 23:29:09] Valid hours for sum: [12, 18, 24, 29]
[2026-05-15 23:29:10] Drought composite end date: 2018-08-13 06:00:00
[2026-05-15 23:29:11] Land cover year: 2017
[2026-05-15 23:29:12] VIIRS Veg composite: 2018-07-12 → 2018-07-28
[2026-05-15 23:29:16] Started export task: fire_222_dynamic_2018-08-16
[2026-05-15 23:29:17] ------ Processing date=2018-08-17 ------
[2026-05-15 23:29:17] Using viirs_af_path: viirs_af_path
[2026-05-15 23:29:17] VIIRS Image Date: ['2018-08-17 00:00:00']
[2026-05-15 23:29:18] Weather image size: 1
[2026-05-15 23:29:18] Forecast duration: 2018-08-18 00:00:00 to 2018-08-19 00:00:00
[2026-05-15 23:29:18] Number of forecast images: 24
[2026-05-15 23:29:18] Using forecast run: 2018-08-17 18:00:00 UTC
[2026-05-15 23:29:19] Forecast Rain Available hours: [6, 7, 8, 9, 10, 11, 12, 13, 14, 15, 16, 17, 18, 19, 20, 21, 22, 23, 24, 25, 26, 27, 28, 29]
[2026-05-15 23:29:19] Valid hours for sum: [12, 18, 24, 29]
[2026-05-15 23:29:20] Drought composite end date: 2018-08-13 06:00:00
[2026-05-15 23:29:21] Land cover year: 2017
[2026-05-15 23:29:22] VIIRS Veg composite: 2018-07-12 → 2018-07-28
[2026-05-15 23:29:26] Started export task: fire_222_dynamic_2018-08-17
[2026-05-15 23:29:26] ------ Processing date=2018-08-18 ------
[2026-05-15 23:29:26] Using viirs_af_path: viirs_af_path
[2026-05-15 23:29:27] VIIRS Image Date: ['2018-08-18 00:00:00']
[2026-05-15 23:29:27] Weather image size: 1
[2026-05-15 23:29:27] Forecast duration: 2018-08-19 00:00:00 to 2018-08-20 00:00:00
[2026-05-15 23:29:28] Number of forecast images: 24
[2026-05-15 23:29:28] Using forecast run: 2018-08-18 18:00:00 UTC
[2026-05-15 23:29:28] Forecast Rain Available hours: [6, 7, 8, 9, 10, 11, 12, 13, 14, 15, 16, 17, 18, 19, 20, 21, 22, 23, 24, 25, 26, 27, 28, 29]
[2026-05-15 23:29:28] Valid hours for sum: [12, 18, 24, 29]
[2026-05-15 23:29:30] Drought composite end date: 2018-08-13 06:00:00
[2026-05-15 23:29:30] Land cover year: 2017
[2026-05-15 23:29:31] VIIRS Veg composite: 2018-07-12 → 2018-07-28
[2026-05-15 23:29:34] Started export task: fire_222_dynamic_2018-08-18
[2026-05-15 23:29:35] ------ Processing date=2018-08-19 ------
[2026-05-15 23:29:35] Using viirs_af_path: viirs_af_path
[2026-05-15 23:29:35] VIIRS Image Date: ['2018-08-19 00:00:00']
[2026-05-15 23:29:36] Weather image size: 1
[2026-05-15 23:29:36] Forecast duration: 2018-08-20 00:00:00 to 2018-08-21 00:00:00
[2026-05-15 23:29:36] Number of forecast images: 24
[2026-05-15 23:29:36] Using forecast run: 2018-08-19 18:00:00 UTC
[2026-05-15 23:29:37] Forecast Rain Available hours: [6, 7, 8, 9, 10, 11, 12, 13, 14, 15, 16, 17, 18, 19, 20, 21, 22, 23, 24, 25, 26, 27, 28, 29]
[2026-05-15 23:29:37] Valid hours for sum: [12, 18, 24, 29]
[2026-05-15 23:29:39] Drought composite end date: 2018-08-18 06:00:00
[2026-05-15 23:29:39] Land cover year: 2017
[2026-05-15 23:29:40] VIIRS Veg composite: 2018-07-12 → 2018-07-28
[2026-05-15 23:29:43] Started export task: fire_222_dynamic_2018-08-19
[2026-05-15 23:29:44] ------ Processing date=2018-08-20 ------
[2026-05-15 23:29:44] Using viirs_af_path: viirs_af_path
[2026-05-15 23:29:44] VIIRS Image Date: ['2018-08-20 00:00:00']
[2026-05-15 23:29:44] Weather image size: 1
[2026-05-15 23:29:44] Forecast duration: 2018-08-21 00:00:00 to 2018-08-22 00:00:00
[2026-05-15 23:29:45] Number of forecast images: 24
[2026-05-15 23:29:45] Using forecast run: 2018-08-20 18:00:00 UTC
[2026-05-15 23:29:45] Forecast Rain Available hours: [6, 7, 8, 9, 10, 11, 12, 13, 14, 15, 16, 17, 18, 19, 20, 21, 22, 23, 24, 25, 26, 27, 28, 29]
[2026-05-15 23:29:45] Valid hours for sum: [12, 18, 24, 29]
[2026-05-15 23:29:47] Drought composite end date: 2018-08-18 06:00:00
[2026-05-15 23:29:47] Land cover year: 2017
[2026-05-15 23:29:48] VIIRS Veg composite: 2018-07-12 → 2018-07-28
[2026-05-15 23:29:51] Started export task: fire_222_dynamic_2018-08-20
[2026-05-15 23:29:51] ------ Processing date=2018-08-21 ------
[2026-05-15 23:29:51] Using viirs_af_path: viirs_af_path
[2026-05-15 23:29:51] VIIRS Image Date: ['2018-08-21 00:00:00']
[2026-05-15 23:29:52] Weather image size: 1
[2026-05-15 23:29:52] Forecast duration: 2018-08-22 00:00:00 to 2018-08-23 00:00:00
[2026-05-15 23:29:53] Number of forecast images: 24
[2026-05-15 23:29:53] Using forecast run: 2018-08-21 18:00:00 UTC
[2026-05-15 23:29:53] Forecast Rain Available hours: [6, 7, 8, 9, 10, 11, 12, 13, 14, 15, 16, 17, 18, 19, 20, 21, 22, 23, 24, 25, 26, 27, 28, 29]
[2026-05-15 23:29:53] Valid hours for sum: [12, 18, 24, 29]
[2026-05-15 23:29:56] Drought composite end date: 2018-08-18 06:00:00
[2026-05-15 23:29:56] Land cover year: 2017
[2026-05-15 23:29:57] VIIRS Veg composite: 2018-07-12 → 2018-07-28
[2026-05-15 23:30:01] Started export task: fire_222_dynamic_2018-08-21
[2026-05-15 23:30:01] ------ Processing date=2018-08-22 ------
[2026-05-15 23:30:01] Using viirs_af_path: viirs_af_path
[2026-05-15 23:30:01] VIIRS Image Date: ['2018-08-22 00:00:00']
[2026-05-15 23:30:02] Weather image size: 1
[2026-05-15 23:30:02] Forecast duration: 2018-08-23 00:00:00 to 2018-08-24 00:00:00
[2026-05-15 23:30:03] Number of forecast images: 24
[2026-05-15 23:30:03] Using forecast run: 2018-08-22 18:00:00 UTC
[2026-05-15 23:30:03] Forecast Rain Available hours: [6, 7, 8, 9, 10, 11, 12, 13, 14, 15, 16, 17, 18, 19, 20, 21, 22, 23, 24, 25, 26, 27, 28, 29]
[2026-05-15 23:30:03] Valid hours for sum: [12, 18, 24, 29]
[2026-05-15 23:30:06] Drought composite end date: 2018-08-18 06:00:00
[2026-05-15 23:30:06] Land cover year: 2017
[2026-05-15 23:30:07] VIIRS Veg composite: 2018-07-12 → 2018-07-28
[2026-05-15 23:30:10] Started export task: fire_222_dynamic_2018-08-22
[2026-05-15 23:30:10] ------ Processing date=2018-08-23 ------
[2026-05-15 23:30:10] Using viirs_af_path: viirs_af_path
[2026-05-15 23:30:11] VIIRS Image Date: ['2018-08-23 00:00:00']
[2026-05-15 23:30:11] Weather image size: 1
[2026-05-15 23:30:11] Forecast duration: 2018-08-24 00:00:00 to 2018-08-25 00:00:00
[2026-05-15 23:30:12] Number of forecast images: 24
[2026-05-15 23:30:12] Using forecast run: 2018-08-23 18:00:00 UTC
[2026-05-15 23:30:13] Forecast Rain Available hours: [6, 7, 8, 9, 10, 11, 12, 13, 14, 15, 16, 17, 18, 19, 20, 21, 22, 23, 24, 25, 26, 27, 28, 29]
[2026-05-15 23:30:13] Valid hours for sum: [12, 18, 24, 29]
[2026-05-15 23:30:14] Drought composite end date: 2018-08-18 06:00:00
[2026-05-15 23:30:14] Land cover year: 2017
[2026-05-15 23:30:15] VIIRS Veg composite: 2018-07-12 → 2018-07-28
[2026-05-15 23:30:21] Started export task: fire_222_dynamic_2018-08-23
[2026-05-15 23:30:21] ------ Processing date=2018-08-24 ------
[2026-05-15 23:30:21] Using viirs_af_path: viirs_af_path
[2026-05-15 23:30:22] VIIRS Image Date: ['2018-08-24 00:00:00']
[2026-05-15 23:30:22] Weather image size: 1
[2026-05-15 23:30:22] Forecast duration: 2018-08-25 00:00:00 to 2018-08-26 00:00:00
[2026-05-15 23:30:23] Number of forecast images: 24
[2026-05-15 23:30:23] Using forecast run: 2018-08-24 18:00:00 UTC
[2026-05-15 23:30:24] Forecast Rain Available hours: [6, 7, 8, 9, 10, 11, 12, 13, 14, 15, 16, 17, 18, 19, 20, 21, 22, 23, 24, 25, 26, 27, 28, 29]
[2026-05-15 23:30:24] Valid hours for sum: [12, 18, 24, 29]
[2026-05-15 23:30:26] Drought composite end date: 2018-08-23 06:00:00
[2026-05-15 23:30:26] Land cover year: 2017
[2026-05-15 23:30:28] VIIRS Veg composite: 2018-07-12 → 2018-07-28
[2026-05-15 23:30:32] Started export task: fire_222_dynamic_2018-08-24
[2026-05-15 23:30:33] ------ Processing date=2018-08-25 ------
[2026-05-15 23:30:33] Using viirs_af_path: viirs_af_path
[2026-05-15 23:30:33] VIIRS Image Date: ['2018-08-25 00:00:00']
[2026-05-15 23:30:33] Weather image size: 1
[2026-05-15 23:30:33] Forecast duration: 2018-08-26 00:00:00 to 2018-08-27 00:00:00
[2026-05-15 23:30:34] Number of forecast images: 24
[2026-05-15 23:30:34] Using forecast run: 2018-08-25 18:00:00 UTC
[2026-05-15 23:30:34] Forecast Rain Available hours: [6, 7, 8, 9, 10, 11, 12, 13, 14, 15, 16, 17, 18, 19, 20, 21, 22, 23, 24, 25, 26, 27, 28, 29]
[2026-05-15 23:30:34] Valid hours for sum: [12, 18, 24, 29]
[2026-05-15 23:30:37] Drought composite end date: 2018-08-23 06:00:00
[2026-05-15 23:30:37] Land cover year: 2017
[2026-05-15 23:30:38] VIIRS Veg composite: 2018-07-12 → 2018-07-28
[2026-05-15 23:30:43] Started export task: fire_222_dynamic_2018-08-25
[2026-05-15 23:30:43] ------ Processing date=2018-08-26 ------
[2026-05-15 23:30:43] Using viirs_af_path: viirs_af_path
[2026-05-15 23:30:43] VIIRS Image Date: ['2018-08-26 00:00:00']
[2026-05-15 23:30:44] Weather image size: 1
[2026-05-15 23:30:44] Forecast duration: 2018-08-27 00:00:00 to 2018-08-28 00:00:00
[2026-05-15 23:30:44] Number of forecast images: 24
[2026-05-15 23:30:44] Using forecast run: 2018-08-26 18:00:00 UTC
[2026-05-15 23:30:45] Forecast Rain Available hours: [6, 7, 8, 9, 10, 11, 12, 13, 14, 15, 16, 17, 18, 19, 20, 21, 22, 23, 24, 25, 26, 27, 28, 29]
[2026-05-15 23:30:45] Valid hours for sum: [12, 18, 24, 29]
[2026-05-15 23:30:47] Drought composite end date: 2018-08-23 06:00:00
[2026-05-15 23:30:47] Land cover year: 2017
[2026-05-15 23:30:48] VIIRS Veg composite: 2018-07-12 → 2018-07-28
[2026-05-15 23:30:50] Started export task: fire_222_dynamic_2018-08-26
[2026-05-15 23:30:51] ------ Processing date=2018-08-27 ------
[2026-05-15 23:30:51] Using viirs_af_path: viirs_af_path
[2026-05-15 23:30:51] VIIRS Image Date: ['2018-08-27 00:00:00']
[2026-05-15 23:30:51] Weather image size: 1
[2026-05-15 23:30:51] Forecast duration: 2018-08-28 00:00:00 to 2018-08-29 00:00:00
[2026-05-15 23:30:52] Number of forecast images: 24
[2026-05-15 23:30:52] Using forecast run: 2018-08-27 18:00:00 UTC
[2026-05-15 23:30:52] Forecast Rain Available hours: [6, 7, 8, 9, 10, 11, 12, 13, 14, 15, 16, 17, 18, 19, 20, 21, 22, 23, 24, 25, 26, 27, 28, 29]
[2026-05-15 23:30:52] Valid hours for sum: [12, 18, 24, 29]
[2026-05-15 23:30:54] Drought composite end date: 2018-08-23 06:00:00
[2026-05-15 23:30:55] Land cover year: 2017
[2026-05-15 23:30:56] VIIRS Veg composite: 2018-07-12 → 2018-07-28
[2026-05-15 23:30:59] Started export task: fire_222_dynamic_2018-08-27
[2026-05-15 23:31:00] ------ Processing date=2018-08-28 ------
[2026-05-15 23:31:00] Using viirs_af_path: viirs_af_path
[2026-05-15 23:31:01] VIIRS Image Date: ['2018-08-28 00:00:00']
[2026-05-15 23:31:01] Weather image size: 1
[2026-05-15 23:31:01] Forecast duration: 2018-08-29 00:00:00 to 2018-08-30 00:00:00
[2026-05-15 23:31:02] Number of forecast images: 24
[2026-05-15 23:31:02] Using forecast run: 2018-08-28 18:00:00 UTC
[2026-05-15 23:31:03] Forecast Rain Available hours: [6, 7, 8, 9, 10, 11, 12, 13, 14, 15, 16, 17, 18, 19, 20, 21, 22, 23, 24, 25, 26, 27, 28, 29]
[2026-05-15 23:31:03] Valid hours for sum: [12, 18, 24, 29]
[2026-05-15 23:31:05] Drought composite end date: 2018-08-23 06:00:00
[2026-05-15 23:31:05] Land cover year: 2017
[2026-05-15 23:31:07] VIIRS Veg composite: 2018-07-12 → 2018-07-28
[2026-05-15 23:31:10] Started export task: fire_222_dynamic_2018-08-28
[2026-05-15 23:31:11] ------ Processing date=2018-08-29 ------
[2026-05-15 23:31:11] Using viirs_af_path: viirs_af_path
[2026-05-15 23:31:11] VIIRS Image Date: ['2018-08-29 00:00:00']
[2026-05-15 23:31:11] Weather image size: 1
[2026-05-15 23:31:11] Forecast duration: 2018-08-30 00:00:00 to 2018-08-31 00:00:00
[2026-05-15 23:31:12] Number of forecast images: 24
[2026-05-15 23:31:12] Using forecast run: 2018-08-29 18:00:00 UTC
[2026-05-15 23:31:12] Forecast Rain Available hours: [6, 7, 8, 9, 10, 11, 12, 13, 14, 15, 16, 17, 18, 19, 20, 21, 22, 23, 24, 25, 26, 27, 28, 29]
[2026-05-15 23:31:12] Valid hours for sum: [12, 18, 24, 29]
[2026-05-15 23:31:14] Drought composite end date: 2018-08-28 06:00:00
[2026-05-15 23:31:15] Land cover year: 2017
[2026-05-15 23:31:15] VIIRS Veg composite: 2018-07-12 → 2018-07-28
[2026-05-15 23:31:20] Started export task: fire_222_dynamic_2018-08-29
[2026-05-15 23:31:20] ------ Processing date=2018-08-30 ------
[2026-05-15 23:31:20] Using viirs_af_path: viirs_af_path
[2026-05-15 23:31:20] VIIRS Image Date: ['2018-08-30 00:00:00']
[2026-05-15 23:31:20] Weather image size: 1
[2026-05-15 23:31:20] Forecast duration: 2018-08-31 00:00:00 to 2018-09-01 00:00:00
[2026-05-15 23:31:21] Number of forecast images: 24
[2026-05-15 23:31:21] Using forecast run: 2018-08-30 18:00:00 UTC
[2026-05-15 23:31:22] Forecast Rain Available hours: [6, 7, 8, 9, 10, 11, 12, 13, 14, 15, 16, 17, 18, 19, 20, 21, 22, 23, 24, 25, 26, 27, 28, 29]
[2026-05-15 23:31:22] Valid hours for sum: [12, 18, 24, 29]
[2026-05-15 23:31:24] Drought composite end date: 2018-08-28 06:00:00
[2026-05-15 23:31:24] Land cover year: 2017
[2026-05-15 23:31:25] VIIRS Veg composite: 2018-07-12 → 2018-07-28
[2026-05-15 23:31:28] Started export task: fire_222_dynamic_2018-08-30
[2026-05-15 23:31:28] ------ Processing date=2018-08-31 ------
[2026-05-15 23:31:28] Using viirs_af_path: viirs_af_path
[2026-05-15 23:31:29] VIIRS Image Date: ['2018-08-31 00:00:00']
[2026-05-15 23:31:29] Weather image size: 1
[2026-05-15 23:31:29] Forecast duration: 2018-09-01 00:00:00 to 2018-09-02 00:00:00
[2026-05-15 23:31:30] Number of forecast images: 24
[2026-05-15 23:31:30] Using forecast run: 2018-08-31 18:00:00 UTC
[2026-05-15 23:31:30] Forecast Rain Available hours: [6, 7, 8, 9, 10, 11, 12, 13, 14, 15, 16, 17, 18, 19, 20, 21, 22, 23, 24, 25, 26, 27, 28, 29]
[2026-05-15 23:31:30] Valid hours for sum: [12, 18, 24, 29]
[2026-05-15 23:31:33] Drought composite end date: 2018-08-28 06:00:00
[2026-05-15 23:31:33] Land cover year: 2017
[2026-05-15 23:31:34] VIIRS Veg composite: 2018-07-12 → 2018-07-28
[2026-05-15 23:31:38] Started export task: fire_222_dynamic_2018-08-31
[2026-05-15 23:31:39] ------ Processing date=2018-09-01 ------
[2026-05-15 23:31:39] Using viirs_af_path: viirs_af_path
[2026-05-15 23:31:39] VIIRS Image Date: ['2018-09-01 00:00:00']
[2026-05-15 23:31:39] Weather image size: 1
[2026-05-15 23:31:39] Forecast duration: 2018-09-02 00:00:00 to 2018-09-03 00:00:00
[2026-05-15 23:31:41] Number of forecast images: 24
[2026-05-15 23:31:41] Using forecast run: 2018-09-01 18:00:00 UTC
[2026-05-15 23:31:41] Forecast Rain Available hours: [6, 7, 8, 9, 10, 11, 12, 13, 14, 15, 16, 17, 18, 19, 20, 21, 22, 23, 24, 25, 26, 27, 28, 29]
[2026-05-15 23:31:41] Valid hours for sum: [12, 18, 24, 29]
[2026-05-15 23:31:44] Drought composite end date: 2018-08-28 06:00:00
[2026-05-15 23:31:44] Land cover year: 2017
[2026-05-15 23:31:45] VIIRS Veg composite: 2018-07-12 → 2018-07-28
[2026-05-15 23:31:47] Started export task: fire_222_dynamic_2018-09-01
[2026-05-15 23:31:48] ------ Processing date=2018-09-02 ------
[2026-05-15 23:31:48] Using viirs_af_path: viirs_af_path
[2026-05-15 23:31:48] VIIRS Image Date: ['2018-09-02 00:00:00']
[2026-05-15 23:31:49] Weather image size: 1
[2026-05-15 23:31:49] Forecast duration: 2018-09-03 00:00:00 to 2018-09-04 00:00:00
[2026-05-15 23:31:50] Number of forecast images: 24
[2026-05-15 23:31:50] Using forecast run: 2018-09-02 18:00:00 UTC
[2026-05-15 23:31:50] Forecast Rain Available hours: [6, 7, 8, 9, 10, 11, 12, 13, 14, 15, 16, 17, 18, 19, 20, 21, 22, 23, 24, 25, 26, 27, 28, 29]
[2026-05-15 23:31:50] Valid hours for sum: [12, 18, 24, 29]
[2026-05-15 23:31:52] Drought composite end date: 2018-08-28 06:00:00
[2026-05-15 23:31:52] Land cover year: 2017
[2026-05-15 23:31:53] VIIRS Veg composite: 2018-07-12 → 2018-07-28
[2026-05-15 23:31:56] Started export task: fire_222_dynamic_2018-09-02
[2026-05-15 23:31:56] ------ Processing date=2018-09-03 ------
[2026-05-15 23:31:56] Using viirs_af_path: viirs_af_path
[2026-05-15 23:31:57] VIIRS Image Date: ['2018-09-03 00:00:00']
[2026-05-15 23:31:57] Weather image size: 1
[2026-05-15 23:31:57] Forecast duration: 2018-09-04 00:00:00 to 2018-09-05 00:00:00
[2026-05-15 23:31:58] Number of forecast images: 24
[2026-05-15 23:31:58] Using forecast run: 2018-09-03 18:00:00 UTC
[2026-05-15 23:31:59] Forecast Rain Available hours: [6, 7, 8, 9, 10, 11, 12, 13, 14, 15, 16, 17, 18, 19, 20, 21, 22, 23, 24, 25, 26, 27, 28, 29]
[2026-05-15 23:31:59] Valid hours for sum: [12, 18, 24, 29]
[2026-05-15 23:32:01] Drought composite end date: 2018-09-02 06:00:00
[2026-05-15 23:32:01] Land cover year: 2017
[2026-05-15 23:32:02] VIIRS Veg composite: 2018-07-12 → 2018-07-28
[2026-05-15 23:32:06] Started export task: fire_222_dynamic_2018-09-03
[2026-05-15 23:32:06] ------ Processing date=2018-09-04 ------
[2026-05-15 23:32:06] Using viirs_af_path: viirs_af_path
[2026-05-15 23:32:06] VIIRS Image Date: ['2018-09-04 00:00:00']
[2026-05-15 23:32:06] Weather image size: 1
[2026-05-15 23:32:06] Forecast duration: 2018-09-05 00:00:00 to 2018-09-06 00:00:00
[2026-05-15 23:32:08] Number of forecast images: 24
[2026-05-15 23:32:08] Using forecast run: 2018-09-04 18:00:00 UTC
[2026-05-15 23:32:08] Forecast Rain Available hours: [6, 7, 8, 9, 10, 11, 12, 13, 14, 15, 16, 17, 18, 19, 20, 21, 22, 23, 24, 25, 26, 27, 28, 29]
[2026-05-15 23:32:08] Valid hours for sum: [12, 18, 24, 29]
[2026-05-15 23:32:10] Drought composite end date: 2018-09-02 06:00:00
[2026-05-15 23:32:10] Land cover year: 2017
[2026-05-15 23:32:11] VIIRS Veg composite: 2018-07-12 → 2018-07-28
[2026-05-15 23:32:13] Started export task: fire_222_dynamic_2018-09-04
[2026-05-15 23:32:14] ------ Processing date=2018-09-05 ------
[2026-05-15 23:32:14] Using viirs_af_path: viirs_af_path
[2026-05-15 23:32:14] VIIRS Image Date: ['2018-09-05 00:00:00']
[2026-05-15 23:32:14] Weather image size: 1
[2026-05-15 23:32:14] Forecast duration: 2018-09-06 00:00:00 to 2018-09-07 00:00:00
[2026-05-15 23:32:15] Number of forecast images: 24
[2026-05-15 23:32:15] Using forecast run: 2018-09-05 18:00:00 UTC
[2026-05-15 23:32:16] Forecast Rain Available hours: [6, 7, 8, 9, 10, 11, 12, 13, 14, 15, 16, 17, 18, 19, 20, 21, 22, 23, 24, 25, 26, 27, 28, 29]
[2026-05-15 23:32:16] Valid hours for sum: [12, 18, 24, 29]
[2026-05-15 23:32:18] Drought composite end date: 2018-09-02 06:00:00
[2026-05-15 23:32:18] Land cover year: 2017
[2026-05-15 23:32:19] VIIRS Veg composite: 2018-07-12 → 2018-07-28
[2026-05-15 23:32:23] Started export task: fire_222_dynamic_2018-09-05
[2026-05-15 23:32:23] ------ Processing date=2018-09-06 ------
[2026-05-15 23:32:23] Using viirs_af_path: viirs_af_path
[2026-05-15 23:32:24] VIIRS Image Date: ['2018-09-06 00:00:00']
[2026-05-15 23:32:24] Weather image size: 1
[2026-05-15 23:32:24] Forecast duration: 2018-09-07 00:00:00 to 2018-09-08 00:00:00
[2026-05-15 23:32:25] Number of forecast images: 24
[2026-05-15 23:32:25] Using forecast run: 2018-09-06 18:00:00 UTC
[2026-05-15 23:32:25] Forecast Rain Available hours: [6, 7, 8, 9, 10, 11, 12, 13, 14, 15, 16, 17, 18, 19, 20, 21, 22, 23, 24, 25, 26, 27, 28, 29]
[2026-05-15 23:32:25] Valid hours for sum: [12, 18, 24, 29]
[2026-05-15 23:32:28] Drought composite end date: 2018-09-02 06:00:00
[2026-05-15 23:32:28] Land cover year: 2017
[2026-05-15 23:32:29] VIIRS Veg composite: 2018-07-12 → 2018-07-28
[2026-05-15 23:32:32] Started export task: fire_222_dynamic_2018-09-06
[2026-05-15 23:32:32] ------ Processing date=2018-09-07 ------
[2026-05-15 23:32:32] Using viirs_af_path: viirs_af_path
[2026-05-15 23:32:33] VIIRS Image Date: ['2018-09-07 00:00:00']
[2026-05-15 23:32:33] Weather image size: 1
[2026-05-15 23:32:33] Forecast duration: 2018-09-08 00:00:00 to 2018-09-09 00:00:00
[2026-05-15 23:32:34] Number of forecast images: 24
[2026-05-15 23:32:34] Using forecast run: 2018-09-07 18:00:00 UTC
[2026-05-15 23:32:34] Forecast Rain Available hours: [6, 7, 8, 9, 10, 11, 12, 13, 14, 15, 16, 17, 18, 19, 20, 21, 22, 23, 24, 25, 26, 27, 28, 29]
[2026-05-15 23:32:34] Valid hours for sum: [12, 18, 24, 29]
[2026-05-15 23:32:37] Drought composite end date: 2018-09-02 06:00:00
[2026-05-15 23:32:37] Land cover year: 2017
[2026-05-15 23:32:38] VIIRS Veg composite: 2018-07-12 → 2018-07-28
[2026-05-15 23:32:42] Started export task: fire_222_dynamic_2018-09-07
[2026-05-15 23:32:42] ------ Processing date=2018-09-08 ------
[2026-05-15 23:32:42] Using viirs_af_path: viirs_af_path
[2026-05-15 23:32:42] VIIRS Image Date: ['2018-09-08 00:00:00']
[2026-05-15 23:32:43] Weather image size: 1
[2026-05-15 23:32:43] Forecast duration: 2018-09-09 00:00:00 to 2018-09-10 00:00:00
[2026-05-15 23:32:44] Number of forecast images: 24
[2026-05-15 23:32:44] Using forecast run: 2018-09-08 18:00:00 UTC
[2026-05-15 23:32:44] Forecast Rain Available hours: [6, 7, 8, 9, 10, 11, 12, 13, 14, 15, 16, 17, 18, 19, 20, 21, 22, 23, 24, 25, 26, 27, 28, 29]
[2026-05-15 23:32:44] Valid hours for sum: [12, 18, 24, 29]
[2026-05-15 23:32:47] Drought composite end date: 2018-09-07 06:00:00
[2026-05-15 23:32:47] Land cover year: 2017
[2026-05-15 23:32:48] VIIRS Veg composite: 2018-07-12 → 2018-07-28
[2026-05-15 23:32:52] Started export task: fire_222_dynamic_2018-09-08
[2026-05-15 23:32:52] ------ Processing date=2018-09-09 ------
[2026-05-15 23:32:52] Using viirs_af_path: viirs_af_path
[2026-05-15 23:32:53] VIIRS Image Date: ['2018-09-09 00:00:00']
[2026-05-15 23:32:53] Weather image size: 1
[2026-05-15 23:32:53] Forecast duration: 2018-09-10 00:00:00 to 2018-09-11 00:00:00
[2026-05-15 23:32:54] Number of forecast images: 24
[2026-05-15 23:32:54] Using forecast run: 2018-09-09 18:00:00 UTC
[2026-05-15 23:32:55] Forecast Rain Available hours: [6, 7, 8, 9, 10, 11, 12, 13, 14, 15, 16, 17, 18, 19, 20, 21, 22, 23, 24, 25, 26, 27, 28, 29]
[2026-05-15 23:32:55] Valid hours for sum: [12, 18, 24, 29]
[2026-05-15 23:32:57] Drought composite end date: 2018-09-07 06:00:00
[2026-05-15 23:32:57] Land cover year: 2017
[2026-05-15 23:32:58] VIIRS Veg composite: 2018-07-12 → 2018-07-28
[2026-05-15 23:33:02] Started export task: fire_222_dynamic_2018-09-09
[2026-05-15 23:33:02] ------ Processing date=2018-09-10 ------
[2026-05-15 23:33:02] Using viirs_af_path: viirs_af_path
[2026-05-15 23:33:02] VIIRS Image Date: ['2018-09-10 00:00:00']
[2026-05-15 23:33:03] Weather image size: 1
[2026-05-15 23:33:03] Forecast duration: 2018-09-11 00:00:00 to 2018-09-12 00:00:00
[2026-05-15 23:33:04] Number of forecast images: 24
[2026-05-15 23:33:04] Using forecast run: 2018-09-10 18:00:00 UTC
[2026-05-15 23:33:04] Forecast Rain Available hours: [6, 7, 8, 9, 10, 11, 12, 13, 14, 15, 16, 17, 18, 19, 20, 21, 22, 23, 24, 25, 26, 27, 28, 29]
[2026-05-15 23:33:04] Valid hours for sum: [12, 18, 24, 29]
[2026-05-15 23:33:06] Drought composite end date: 2018-09-07 06:00:00
[2026-05-15 23:33:06] Land cover year: 2017
[2026-05-15 23:33:07] VIIRS Veg composite: 2018-07-12 → 2018-07-28
[2026-05-15 23:33:12] Started export task: fire_222_dynamic_2018-09-10
[2026-05-15 23:33:12] ------ Processing date=2018-09-11 ------
[2026-05-15 23:33:12] Using viirs_af_path: viirs_af_path
[2026-05-15 23:33:12] VIIRS Image Date: ['2018-09-11 00:00:00']
[2026-05-15 23:33:12] Weather image size: 1
[2026-05-15 23:33:12] Forecast duration: 2018-09-12 00:00:00 to 2018-09-13 00:00:00
[2026-05-15 23:33:13] Number of forecast images: 24
[2026-05-15 23:33:13] Using forecast run: 2018-09-11 18:00:00 UTC
[2026-05-15 23:33:13] Forecast Rain Available hours: [6, 7, 8, 9, 10, 11, 12, 13, 14, 15, 16, 17, 18, 19, 20, 21, 22, 23, 24, 25, 26, 27, 28, 29]
[2026-05-15 23:33:13] Valid hours for sum: [12, 18, 24, 29]
[2026-05-15 23:33:15] Drought composite end date: 2018-09-07 06:00:00
[2026-05-15 23:33:16] Land cover year: 2017
[2026-05-15 23:33:16] VIIRS Veg composite: 2018-07-12 → 2018-07-28
[2026-05-15 23:33:19] Started export task: fire_222_dynamic_2018-09-11
[2026-05-15 23:33:20] ------ Processing date=2018-09-12 ------
[2026-05-15 23:33:20] Using viirs_af_path: viirs_af_path
[2026-05-15 23:33:20] VIIRS Image Date: ['2018-09-12 00:00:00']
[2026-05-15 23:33:20] Weather image size: 1
[2026-05-15 23:33:20] Forecast duration: 2018-09-13 00:00:00 to 2018-09-14 00:00:00
[2026-05-15 23:33:21] Number of forecast images: 24
[2026-05-15 23:33:21] Using forecast run: 2018-09-12 18:00:00 UTC
[2026-05-15 23:33:22] Forecast Rain Available hours: [6, 7, 8, 9, 10, 11, 12, 13, 14, 15, 16, 17, 18, 19, 20, 21, 22, 23, 24, 25, 26, 27, 28, 29]
[2026-05-15 23:33:22] Valid hours for sum: [12, 18, 24, 29]
[2026-05-15 23:33:23] Drought composite end date: 2018-09-07 06:00:00
[2026-05-15 23:33:23] Land cover year: 2017
[2026-05-15 23:33:24] VIIRS Veg composite: 2018-07-12 → 2018-07-28
[2026-05-15 23:33:27] Started export task: fire_222_dynamic_2018-09-12
[2026-05-15 23:33:28] ------ Processing date=2018-09-13 ------
[2026-05-15 23:33:28] Using viirs_af_path: viirs_af_path
[2026-05-15 23:33:28] VIIRS Image Date: ['2018-09-13 00:00:00']
[2026-05-15 23:33:28] Weather image size: 1
[2026-05-15 23:33:28] Forecast duration: 2018-09-14 00:00:00 to 2018-09-15 00:00:00
[2026-05-15 23:33:30] Number of forecast images: 24
[2026-05-15 23:33:30] Using forecast run: 2018-09-13 18:00:00 UTC
[2026-05-15 23:33:30] Forecast Rain Available hours: [6, 7, 8, 9, 10, 11, 12, 13, 14, 15, 16, 17, 18, 19, 20, 21, 22, 23, 24, 25, 26, 27, 28, 29]
[2026-05-15 23:33:30] Valid hours for sum: [12, 18, 24, 29]
[2026-05-15 23:33:32] Drought composite end date: 2018-09-12 06:00:00
[2026-05-15 23:33:32] Land cover year: 2017
[2026-05-15 23:33:33] VIIRS Veg composite: 2018-07-12 → 2018-07-28
[2026-05-15 23:33:36] Started export task: fire_222_dynamic_2018-09-13
[2026-05-15 23:33:36] ------ Processing date=2018-09-14 ------
[2026-05-15 23:33:36] Using viirs_af_path: viirs_af_path
[2026-05-15 23:33:37] VIIRS Image Date: ['2018-09-14 00:00:00']
[2026-05-15 23:33:37] Weather image size: 1
[2026-05-15 23:33:37] Forecast duration: 2018-09-15 00:00:00 to 2018-09-16 00:00:00
[2026-05-15 23:33:37] Number of forecast images: 24
[2026-05-15 23:33:37] Using forecast run: 2018-09-14 18:00:00 UTC
[2026-05-15 23:33:38] Forecast Rain Available hours: [6, 7, 8, 9, 10, 11, 12, 13, 14, 15, 16, 17, 18, 19, 20, 21, 22, 23, 24, 25, 26, 27, 28, 29]
[2026-05-15 23:33:38] Valid hours for sum: [12, 18, 24, 29]
[2026-05-15 23:33:41] Drought composite end date: 2018-09-12 06:00:00
[2026-05-15 23:33:41] Land cover year: 2017
[2026-05-15 23:33:42] VIIRS Veg composite: 2018-07-12 → 2018-07-28
[2026-05-15 23:33:46] Started export task: fire_222_dynamic_2018-09-14
[2026-05-15 23:33:46] ------ Processing date=2018-09-15 ------
[2026-05-15 23:33:46] Using viirs_af_path: viirs_af_path
[2026-05-15 23:33:47] VIIRS Image Date: ['2018-09-15 00:00:00']
[2026-05-15 23:33:47] Weather image size: 1
[2026-05-15 23:33:47] Forecast duration: 2018-09-16 00:00:00 to 2018-09-17 00:00:00
[2026-05-15 23:33:48] Number of forecast images: 24
[2026-05-15 23:33:48] Using forecast run: 2018-09-15 18:00:00 UTC
[2026-05-15 23:33:48] Forecast Rain Available hours: [6, 7, 8, 9, 10, 11, 12, 13, 14, 15, 16, 17, 18, 19, 20, 21, 22, 23, 24, 25, 26, 27, 28, 29]
[2026-05-15 23:33:48] Valid hours for sum: [12, 18, 24, 29]
[2026-05-15 23:33:50] Drought composite end date: 2018-09-12 06:00:00
[2026-05-15 23:33:50] Land cover year: 2017
[2026-05-15 23:33:51] VIIRS Veg composite: 2018-07-12 → 2018-07-28
[2026-05-15 23:33:55] Started export task: fire_222_dynamic_2018-09-15
[2026-05-15 23:33:56] ------ Processing date=2018-09-16 ------
[2026-05-15 23:33:56] Using viirs_af_path: viirs_af_path
[2026-05-15 23:33:56] VIIRS Image Date: ['2018-09-16 00:00:00']
[2026-05-15 23:33:57] Weather image size: 1
[2026-05-15 23:33:57] Forecast duration: 2018-09-17 00:00:00 to 2018-09-18 00:00:00
[2026-05-15 23:33:58] Number of forecast images: 24
[2026-05-15 23:33:58] Using forecast run: 2018-09-16 18:00:00 UTC
[2026-05-15 23:33:58] Forecast Rain Available hours: [6, 7, 8, 9, 10, 11, 12, 13, 14, 15, 16, 17, 18, 19, 20, 21, 22, 23, 24, 25, 26, 27, 28, 29]
[2026-05-15 23:33:58] Valid hours for sum: [12, 18, 24, 29]
[2026-05-15 23:34:02] Drought composite end date: 2018-09-12 06:00:00
[2026-05-15 23:34:02] Land cover year: 2017
[2026-05-15 23:34:03] VIIRS Veg composite: 2018-07-12 → 2018-07-28
[2026-05-15 23:34:07] Started export task: fire_222_dynamic_2018-09-16
[2026-05-15 23:34:07] ------ Processing date=2018-09-17 ------
[2026-05-15 23:34:07] Using viirs_af_path: viirs_af_path
[2026-05-15 23:34:08] VIIRS Image Date: ['2018-09-17 00:00:00']
[2026-05-15 23:34:08] Weather image size: 1
[2026-05-15 23:34:08] Forecast duration: 2018-09-18 00:00:00 to 2018-09-19 00:00:00
[2026-05-15 23:34:09] Number of forecast images: 24
[2026-05-15 23:34:09] Using forecast run: 2018-09-17 18:00:00 UTC
[2026-05-15 23:34:10] Forecast Rain Available hours: [6, 7, 8, 9, 10, 11, 12, 13, 14, 15, 16, 17, 18, 19, 20, 21, 22, 23, 24, 25, 26, 27, 28, 29]
[2026-05-15 23:34:10] Valid hours for sum: [12, 18, 24, 29]
[2026-05-15 23:34:12] Drought composite end date: 2018-09-12 06:00:00
[2026-05-15 23:34:13] Land cover year: 2017
[2026-05-15 23:34:14] VIIRS Veg composite: 2018-07-12 → 2018-07-28
[2026-05-15 23:34:17] Started export task: fire_222_dynamic_2018-09-17
[2026-05-15 23:34:17] ------ Processing date=2018-09-18 ------
[2026-05-15 23:34:17] Using viirs_af_path: viirs_af_path
[2026-05-15 23:34:17] VIIRS Image Date: ['2018-09-18 00:00:00']
[2026-05-15 23:34:17] Weather image size: 1
[2026-05-15 23:34:17] Forecast duration: 2018-09-19 00:00:00 to 2018-09-20 00:00:00
[2026-05-15 23:34:19] Number of forecast images: 24
[2026-05-15 23:34:19] Using forecast run: 2018-09-18 18:00:00 UTC
[2026-05-15 23:34:19] Forecast Rain Available hours: [6, 7, 8, 9, 10, 11, 12, 13, 14, 15, 16, 17, 18, 19, 20, 21, 22, 23, 24, 25, 26, 27, 28, 29]
[2026-05-15 23:34:19] Valid hours for sum: [12, 18, 24, 29]
[2026-05-15 23:34:21] Drought composite end date: 2018-09-17 06:00:00
[2026-05-15 23:34:22] Land cover year: 2017
[2026-05-15 23:34:22] VIIRS Veg composite: 2018-07-12 → 2018-07-28
[2026-05-15 23:34:27] Started export task: fire_222_dynamic_2018-09-18
[2026-05-15 23:34:28] ------ Processing date=2018-09-19 ------
[2026-05-15 23:34:28] Using viirs_af_path: viirs_af_path
[2026-05-15 23:34:28] VIIRS Image Date: ['2018-09-19 00:00:00']
[2026-05-15 23:34:28] Weather image size: 1
[2026-05-15 23:34:28] Forecast duration: 2018-09-20 00:00:00 to 2018-09-21 00:00:00
[2026-05-15 23:34:29] Number of forecast images: 24
[2026-05-15 23:34:29] Using forecast run: 2018-09-19 18:00:00 UTC
[2026-05-15 23:34:29] Forecast Rain Available hours: [6, 7, 8, 9, 10, 11, 12, 13, 14, 15, 16, 17, 18, 19, 20, 21, 22, 23, 24, 25, 26, 27, 28, 29]
[2026-05-15 23:34:29] Valid hours for sum: [12, 18, 24, 29]
[2026-05-15 23:34:31] Drought composite end date: 2018-09-17 06:00:00
[2026-05-15 23:34:32] Land cover year: 2017
[2026-05-15 23:34:33] VIIRS Veg composite: 2018-07-12 → 2018-07-28
[2026-05-15 23:34:36] Started export task: fire_222_dynamic_2018-09-19
[2026-05-15 23:34:36] ------ Processing date=2018-09-20 ------
[2026-05-15 23:34:36] Using viirs_af_path: viirs_af_path
[2026-05-15 23:34:36] VIIRS Image Date: ['2018-09-20 00:00:00']
[2026-05-15 23:34:37] Weather image size: 1
[2026-05-15 23:34:37] Forecast duration: 2018-09-21 00:00:00 to 2018-09-22 00:00:00
[2026-05-15 23:34:38] Number of forecast images: 24
[2026-05-15 23:34:38] Using forecast run: 2018-09-20 18:00:00 UTC
[2026-05-15 23:34:38] Forecast Rain Available hours: [6, 7, 8, 9, 10, 11, 12, 13, 14, 15, 16, 17, 18, 19, 20, 21, 22, 23, 24, 25, 26, 27, 28, 29]
[2026-05-15 23:34:38] Valid hours for sum: [12, 18, 24, 29]
[2026-05-15 23:34:40] Drought composite end date: 2018-09-17 06:00:00
[2026-05-15 23:34:40] Land cover year: 2017
[2026-05-15 23:34:41] VIIRS Veg composite: 2018-07-12 → 2018-07-28
[2026-05-15 23:34:45] Started export task: fire_222_dynamic_2018-09-20
[2026-05-15 23:34:45] ------ Processing date=2018-09-21 ------
[2026-05-15 23:34:45] Using viirs_af_path: viirs_af_path
[2026-05-15 23:34:45] VIIRS Image Date: ['2018-09-21 00:00:00']
[2026-05-15 23:34:46] Weather image size: 1
[2026-05-15 23:34:46] Forecast duration: 2018-09-22 00:00:00 to 2018-09-23 00:00:00
[2026-05-15 23:34:47] Number of forecast images: 24
[2026-05-15 23:34:47] Using forecast run: 2018-09-21 18:00:00 UTC
[2026-05-15 23:34:47] Forecast Rain Available hours: [6, 7, 8, 9, 10, 11, 12, 13, 14, 15, 16, 17, 18, 19, 20, 21, 22, 23, 24, 25, 26, 27, 28, 29]
[2026-05-15 23:34:47] Valid hours for sum: [12, 18, 24, 29]
[2026-05-15 23:34:49] Drought composite end date: 2018-09-17 06:00:00
[2026-05-15 23:34:49] Land cover year: 2017
[2026-05-15 23:34:50] VIIRS Veg composite: 2018-07-12 → 2018-07-28
[2026-05-15 23:34:54] Started export task: fire_222_dynamic_2018-09-21
[2026-05-15 23:34:54] ------ Processing date=2018-09-22 ------
[2026-05-15 23:34:54] Using viirs_af_path: viirs_af_path
[2026-05-15 23:34:54] VIIRS Image Date: ['2018-09-22 00:00:00']
[2026-05-15 23:34:55] Weather image size: 1
[2026-05-15 23:34:55] Forecast duration: 2018-09-23 00:00:00 to 2018-09-24 00:00:00
[2026-05-15 23:34:56] Number of forecast images: 24
[2026-05-15 23:34:56] Using forecast run: 2018-09-22 18:00:00 UTC
[2026-05-15 23:34:56] Forecast Rain Available hours: [6, 7, 8, 9, 10, 11, 12, 13, 14, 15, 16, 17, 18, 19, 20, 21, 22, 23, 24, 25, 26, 27, 28, 29]
[2026-05-15 23:34:56] Valid hours for sum: [12, 18, 24, 29]
[2026-05-15 23:34:58] Drought composite end date: 2018-09-17 06:00:00
[2026-05-15 23:34:59] Land cover year: 2017
[2026-05-15 23:35:00] VIIRS Veg composite: 2018-07-12 → 2018-07-28
[2026-05-15 23:35:04] Started export task: fire_222_dynamic_2018-09-22
[2026-05-15 23:35:04] END: ----------Event fire_222----------- (Duration: 9.41m)
[2026-05-15 23:35:04] START: ----------Event fire_225-----------
[2026-05-15 23:35:05] ------ Processing date=2018-07-26 ------
[2026-05-15 23:35:05] Using viirs_af_path: viirs_af_path
[2026-05-15 23:35:05] VIIRS Image Date: ['2018-07-26 00:00:00']
[2026-05-15 23:35:05] Weather image size: 1
[2026-05-15 23:35:05] Forecast duration: 2018-07-27 00:00:00 to 2018-07-28 00:00:00
[2026-05-15 23:35:06] Number of forecast images: 24
[2026-05-15 23:35:06] Using forecast run: 2018-07-26 18:00:00 UTC
[2026-05-15 23:35:06] Forecast Rain Available hours: [6, 7, 8, 9, 10, 11, 12, 13, 14, 15, 16, 17, 18, 19, 20, 21, 22, 23, 24, 25, 26, 27, 28, 29]
[2026-05-15 23:35:06] Valid hours for sum: [12, 18, 24, 29]
[2026-05-15 23:35:08] Drought composite end date: 2018-07-24 06:00:00
[2026-05-15 23:35:08] Land cover year: 2017
[2026-05-15 23:35:09] VIIRS Veg composite: 2018-07-12 → 2018-07-28
[2026-05-15 23:35:14] Started export task: fire_225_static
[2026-05-15 23:35:14] Started export task: fire_225_dynamic_2018-07-26
[2026-05-15 23:35:14] ------ Processing date=2018-07-27 ------
[2026-05-15 23:35:14] Using viirs_af_path: viirs_af_path
[2026-05-15 23:35:15] VIIRS Image Date: ['2018-07-27 00:00:00']
[2026-05-15 23:35:15] Weather image size: 1
[2026-05-15 23:35:15] Forecast duration: 2018-07-28 00:00:00 to 2018-07-29 00:00:00
[2026-05-15 23:35:16] Number of forecast images: 24
[2026-05-15 23:35:16] Using forecast run: 2018-07-27 18:00:00 UTC
[2026-05-15 23:35:16] Forecast Rain Available hours: [6, 7, 8, 9, 10, 11, 12, 13, 14, 15, 16, 17, 18, 19, 20, 21, 22, 23, 24, 25, 26, 27, 28, 29]
[2026-05-15 23:35:16] Valid hours for sum: [12, 18, 24, 29]
[2026-05-15 23:35:18] Drought composite end date: 2018-07-24 06:00:00
[2026-05-15 23:35:18] Land cover year: 2017
[2026-05-15 23:35:19] VIIRS Veg composite: 2018-07-12 → 2018-07-28
[2026-05-15 23:35:23] Started export task: fire_225_dynamic_2018-07-27
[2026-05-15 23:35:24] ------ Processing date=2018-07-28 ------
[2026-05-15 23:35:24] Using viirs_af_path: viirs_af_path
[2026-05-15 23:35:24] VIIRS Image Date: ['2018-07-28 00:00:00']
[2026-05-15 23:35:24] Weather image size: 1
[2026-05-15 23:35:24] Forecast duration: 2018-07-29 00:00:00 to 2018-07-30 00:00:00
[2026-05-15 23:35:25] Number of forecast images: 24
[2026-05-15 23:35:25] Using forecast run: 2018-07-28 18:00:00 UTC
[2026-05-15 23:35:25] Forecast Rain Available hours: [6, 7, 8, 9, 10, 11, 12, 13, 14, 15, 16, 17, 18, 19, 20, 21, 22, 23, 24, 25, 26, 27, 28, 29]
[2026-05-15 23:35:25] Valid hours for sum: [12, 18, 24, 29]
[2026-05-15 23:35:27] Drought composite end date: 2018-07-24 06:00:00
[2026-05-15 23:35:27] Land cover year: 2017
[2026-05-15 23:35:28] VIIRS Veg composite: 2018-07-12 → 2018-07-28
[2026-05-15 23:35:31] Started export task: fire_225_dynamic_2018-07-28
[2026-05-15 23:35:32] ------ Processing date=2018-07-29 ------
[2026-05-15 23:35:32] Using viirs_af_path: viirs_af_path
[2026-05-15 23:35:32] VIIRS Image Date: ['2018-07-29 00:00:00']
[2026-05-15 23:35:33] Weather image size: 1
[2026-05-15 23:35:33] Forecast duration: 2018-07-30 00:00:00 to 2018-07-31 00:00:00
[2026-05-15 23:35:34] Number of forecast images: 24
[2026-05-15 23:35:34] Using forecast run: 2018-07-29 18:00:00 UTC
[2026-05-15 23:35:34] Forecast Rain Available hours: [6, 7, 8, 9, 10, 11, 12, 13, 14, 15, 16, 17, 18, 19, 20, 21, 22, 23, 24, 25, 26, 27, 28, 29]
[2026-05-15 23:35:34] Valid hours for sum: [12, 18, 24, 29]
[2026-05-15 23:35:36] Drought composite end date: 2018-07-24 06:00:00
[2026-05-15 23:35:36] Land cover year: 2017
[2026-05-15 23:35:38] VIIRS Veg composite: 2018-07-12 → 2018-07-28
[2026-05-15 23:35:43] Started export task: fire_225_dynamic_2018-07-29
[2026-05-15 23:35:43] ------ Processing date=2018-07-30 ------
[2026-05-15 23:35:43] Using viirs_af_path: viirs_af_path
[2026-05-15 23:35:43] VIIRS Image Date: ['2018-07-30 00:00:00']
[2026-05-15 23:35:44] Weather image size: 1
[2026-05-15 23:35:44] Forecast duration: 2018-07-31 00:00:00 to 2018-08-01 00:00:00
[2026-05-15 23:35:44] Number of forecast images: 24
[2026-05-15 23:35:44] Using forecast run: 2018-07-30 18:00:00 UTC
[2026-05-15 23:35:45] Forecast Rain Available hours: [6, 7, 8, 9, 10, 11, 12, 13, 14, 15, 16, 17, 18, 19, 20, 21, 22, 23, 24, 25, 26, 27, 28, 29]
[2026-05-15 23:35:45] Valid hours for sum: [12, 18, 24, 29]
[2026-05-15 23:35:48] Drought composite end date: 2018-07-29 06:00:00
[2026-05-15 23:35:48] Land cover year: 2017
[2026-05-15 23:35:49] VIIRS Veg composite: 2018-07-12 → 2018-07-28
[2026-05-15 23:35:52] Started export task: fire_225_dynamic_2018-07-30
[2026-05-15 23:35:53] ------ Processing date=2018-07-31 ------
[2026-05-15 23:35:53] Using viirs_af_path: viirs_af_path
[2026-05-15 23:35:53] VIIRS Image Date: ['2018-07-31 00:00:00']
[2026-05-15 23:35:53] Weather image size: 1
[2026-05-15 23:35:53] Forecast duration: 2018-08-01 00:00:00 to 2018-08-02 00:00:00
[2026-05-15 23:35:54] Number of forecast images: 24
[2026-05-15 23:35:54] Using forecast run: 2018-07-31 18:00:00 UTC
[2026-05-15 23:35:55] Forecast Rain Available hours: [6, 7, 8, 9, 10, 11, 12, 13, 14, 15, 16, 17, 18, 19, 20, 21, 22, 23, 24, 25, 26, 27, 28, 29]
[2026-05-15 23:35:55] Valid hours for sum: [12, 18, 24, 29]
[2026-05-15 23:35:57] Drought composite end date: 2018-07-29 06:00:00
[2026-05-15 23:35:57] Land cover year: 2017
[2026-05-15 23:35:58] VIIRS Veg composite: 2018-07-12 → 2018-07-28
[2026-05-15 23:36:02] Started export task: fire_225_dynamic_2018-07-31
[2026-05-15 23:36:03] ------ Processing date=2018-08-01 ------
[2026-05-15 23:36:03] Using viirs_af_path: viirs_af_path
[2026-05-15 23:36:03] VIIRS Image Date: ['2018-08-01 00:00:00']
[2026-05-15 23:36:03] Weather image size: 1
[2026-05-15 23:36:03] Forecast duration: 2018-08-02 00:00:00 to 2018-08-03 00:00:00
[2026-05-15 23:36:05] Number of forecast images: 24
[2026-05-15 23:36:05] Using forecast run: 2018-08-01 18:00:00 UTC
[2026-05-15 23:36:05] Forecast Rain Available hours: [6, 7, 8, 9, 10, 11, 12, 13, 14, 15, 16, 17, 18, 19, 20, 21, 22, 23, 24, 25, 26, 27, 28, 29]
[2026-05-15 23:36:05] Valid hours for sum: [12, 18, 24, 29]
[2026-05-15 23:36:07] Drought composite end date: 2018-07-29 06:00:00
[2026-05-15 23:36:07] Land cover year: 2017
[2026-05-15 23:36:08] VIIRS Veg composite: 2018-07-12 → 2018-07-28
[2026-05-15 23:36:13] Started export task: fire_225_dynamic_2018-08-01
[2026-05-15 23:36:13] ------ Processing date=2018-08-02 ------
[2026-05-15 23:36:13] Using viirs_af_path: viirs_af_path
[2026-05-15 23:36:14] VIIRS Image Date: ['2018-08-02 00:00:00']
[2026-05-15 23:36:14] Weather image size: 1
[2026-05-15 23:36:14] Forecast duration: 2018-08-03 00:00:00 to 2018-08-04 00:00:00
[2026-05-15 23:36:15] Number of forecast images: 24
[2026-05-15 23:36:15] Using forecast run: 2018-08-02 18:00:00 UTC
[2026-05-15 23:36:15] Forecast Rain Available hours: [6, 7, 8, 9, 10, 11, 12, 13, 14, 15, 16, 17, 18, 19, 20, 21, 22, 23, 24, 25, 26, 27, 28, 29]
[2026-05-15 23:36:15] Valid hours for sum: [12, 18, 24, 29]
[2026-05-15 23:36:17] Drought composite end date: 2018-07-29 06:00:00
[2026-05-15 23:36:18] Land cover year: 2017
[2026-05-15 23:36:18] VIIRS Veg composite: 2018-07-12 → 2018-07-28
[2026-05-15 23:36:21] Started export task: fire_225_dynamic_2018-08-02
[2026-05-15 23:36:22] ------ Processing date=2018-08-03 ------
[2026-05-15 23:36:22] Using viirs_af_path: viirs_af_path
[2026-05-15 23:36:23] VIIRS Image Date: ['2018-08-03 00:00:00']
[2026-05-15 23:36:23] Weather image size: 1
[2026-05-15 23:36:23] Forecast duration: 2018-08-04 00:00:00 to 2018-08-05 00:00:00
[2026-05-15 23:36:24] Number of forecast images: 24
[2026-05-15 23:36:24] Using forecast run: 2018-08-03 18:00:00 UTC
[2026-05-15 23:36:24] Forecast Rain Available hours: [6, 7, 8, 9, 10, 11, 12, 13, 14, 15, 16, 17, 18, 19, 20, 21, 22, 23, 24, 25, 26, 27, 28, 29]
[2026-05-15 23:36:24] Valid hours for sum: [12, 18, 24, 29]
[2026-05-15 23:36:26] Drought composite end date: 2018-07-29 06:00:00
[2026-05-15 23:36:26] Land cover year: 2017
[2026-05-15 23:36:27] VIIRS Veg composite: 2018-07-12 → 2018-07-28
[2026-05-15 23:36:31] Started export task: fire_225_dynamic_2018-08-03
[2026-05-15 23:36:31] ------ Processing date=2018-08-04 ------
[2026-05-15 23:36:31] Using viirs_af_path: viirs_af_path
[2026-05-15 23:36:31] VIIRS Image Date: ['2018-08-04 00:00:00']
[2026-05-15 23:36:32] Weather image size: 1
[2026-05-15 23:36:32] Forecast duration: 2018-08-05 00:00:00 to 2018-08-06 00:00:00
[2026-05-15 23:36:32] Number of forecast images: 24
[2026-05-15 23:36:32] Using forecast run: 2018-08-04 18:00:00 UTC
[2026-05-15 23:36:33] Forecast Rain Available hours: [6, 7, 8, 9, 10, 11, 12, 13, 14, 15, 16, 17, 18, 19, 20, 21, 22, 23, 24, 25, 26, 27, 28, 29]
[2026-05-15 23:36:33] Valid hours for sum: [12, 18, 24, 29]
[2026-05-15 23:36:35] Drought composite end date: 2018-08-03 06:00:00
[2026-05-15 23:36:35] Land cover year: 2017
[2026-05-15 23:36:36] VIIRS Veg composite: 2018-07-12 → 2018-07-28
[2026-05-15 23:36:41] Started export task: fire_225_dynamic_2018-08-04
[2026-05-15 23:36:41] ------ Processing date=2018-08-05 ------
[2026-05-15 23:36:41] Using viirs_af_path: viirs_af_path
[2026-05-15 23:36:41] VIIRS Image Date: ['2018-08-05 00:00:00']
[2026-05-15 23:36:42] Weather image size: 1
[2026-05-15 23:36:42] Forecast duration: 2018-08-06 00:00:00 to 2018-08-07 00:00:00
[2026-05-15 23:36:43] Number of forecast images: 24
[2026-05-15 23:36:43] Using forecast run: 2018-08-05 18:00:00 UTC
[2026-05-15 23:36:43] Forecast Rain Available hours: [6, 7, 8, 9, 10, 11, 12, 13, 14, 15, 16, 17, 18, 19, 20, 21, 22, 23, 24, 25, 26, 27, 28, 29]
[2026-05-15 23:36:43] Valid hours for sum: [12, 18, 24, 29]
[2026-05-15 23:36:46] Drought composite end date: 2018-08-03 06:00:00
[2026-05-15 23:36:46] Land cover year: 2017
[2026-05-15 23:36:47] VIIRS Veg composite: 2018-07-12 → 2018-07-28
[2026-05-15 23:36:52] Started export task: fire_225_dynamic_2018-08-05
[2026-05-15 23:36:52] ------ Processing date=2018-08-06 ------
[2026-05-15 23:36:52] Using viirs_af_path: viirs_af_path
[2026-05-15 23:36:52] VIIRS Image Date: ['2018-08-06 00:00:00']
[2026-05-15 23:36:53] Weather image size: 1
[2026-05-15 23:36:53] Forecast duration: 2018-08-07 00:00:00 to 2018-08-08 00:00:00
[2026-05-15 23:36:54] Number of forecast images: 24
[2026-05-15 23:36:54] Using forecast run: 2018-08-06 18:00:00 UTC
[2026-05-15 23:36:54] Forecast Rain Available hours: [6, 7, 8, 9, 10, 11, 12, 13, 14, 15, 16, 17, 18, 19, 20, 21, 22, 23, 24, 25, 26, 27, 28, 29]
[2026-05-15 23:36:54] Valid hours for sum: [12, 18, 24, 29]
[2026-05-15 23:36:56] Drought composite end date: 2018-08-03 06:00:00
[2026-05-15 23:36:56] Land cover year: 2017
[2026-05-15 23:36:57] VIIRS Veg composite: 2018-07-12 → 2018-07-28
[2026-05-15 23:37:00] Started export task: fire_225_dynamic_2018-08-06
[2026-05-15 23:37:01] ------ Processing date=2018-08-07 ------
[2026-05-15 23:37:01] Using viirs_af_path: viirs_af_path
[2026-05-15 23:37:01] VIIRS Image Date: ['2018-08-07 00:00:00']
[2026-05-15 23:37:02] Weather image size: 1
[2026-05-15 23:37:02] Forecast duration: 2018-08-08 00:00:00 to 2018-08-09 00:00:00
[2026-05-15 23:37:03] Number of forecast images: 24
[2026-05-15 23:37:03] Using forecast run: 2018-08-07 18:00:00 UTC
[2026-05-15 23:37:03] Forecast Rain Available hours: [6, 7, 8, 9, 10, 11, 12, 13, 14, 15, 16, 17, 18, 19, 20, 21, 22, 23, 24, 25, 26, 27, 28, 29]
[2026-05-15 23:37:03] Valid hours for sum: [12, 18, 24, 29]
[2026-05-15 23:37:05] Drought composite end date: 2018-08-03 06:00:00
[2026-05-15 23:37:06] Land cover year: 2017
[2026-05-15 23:37:06] VIIRS Veg composite: 2018-07-12 → 2018-07-28
[2026-05-15 23:37:11] Started export task: fire_225_dynamic_2018-08-07
[2026-05-15 23:37:11] ------ Processing date=2018-08-08 ------
[2026-05-15 23:37:11] Using viirs_af_path: viirs_af_path
[2026-05-15 23:37:11] VIIRS Image Date: ['2018-08-08 00:00:00']
[2026-05-15 23:37:12] Weather image size: 1
[2026-05-15 23:37:12] Forecast duration: 2018-08-09 00:00:00 to 2018-08-10 00:00:00
[2026-05-15 23:37:13] Number of forecast images: 24
[2026-05-15 23:37:13] Using forecast run: 2018-08-08 18:00:00 UTC
[2026-05-15 23:37:14] Forecast Rain Available hours: [6, 7, 8, 9, 10, 11, 12, 13, 14, 15, 16, 17, 18, 19, 20, 21, 22, 23, 24, 25, 26, 27, 28, 29]
[2026-05-15 23:37:14] Valid hours for sum: [12, 18, 24, 29]
[2026-05-15 23:37:15] Drought composite end date: 2018-08-03 06:00:00
[2026-05-15 23:37:15] Land cover year: 2017
[2026-05-15 23:37:16] VIIRS Veg composite: 2018-07-12 → 2018-07-28
[2026-05-15 23:37:20] Started export task: fire_225_dynamic_2018-08-08
[2026-05-15 23:37:20] ------ Processing date=2018-08-09 ------
[2026-05-15 23:37:20] Using viirs_af_path: viirs_af_path
[2026-05-15 23:37:21] VIIRS Image Date: ['2018-08-09 00:00:00']
[2026-05-15 23:37:21] Weather image size: 1
[2026-05-15 23:37:21] Forecast duration: 2018-08-10 00:00:00 to 2018-08-11 00:00:00
[2026-05-15 23:37:23] Number of forecast images: 24
[2026-05-15 23:37:23] Using forecast run: 2018-08-09 18:00:00 UTC
[2026-05-15 23:37:24] Forecast Rain Available hours: [6, 7, 8, 9, 10, 11, 12, 13, 14, 15, 16, 17, 18, 19, 20, 21, 22, 23, 24, 25, 26, 27, 28, 29]
[2026-05-15 23:37:24] Valid hours for sum: [12, 18, 24, 29]
[2026-05-15 23:37:25] Drought composite end date: 2018-08-08 06:00:00
[2026-05-15 23:37:26] Land cover year: 2017
[2026-05-15 23:37:27] VIIRS Veg composite: 2018-07-12 → 2018-07-28
[2026-05-15 23:37:29] Started export task: fire_225_dynamic_2018-08-09
[2026-05-15 23:37:30] ------ Processing date=2018-08-10 ------
[2026-05-15 23:37:30] Using viirs_af_path: viirs_af_path
[2026-05-15 23:37:30] VIIRS Image Date: ['2018-08-10 00:00:00']
[2026-05-15 23:37:30] Weather image size: 1
[2026-05-15 23:37:30] Forecast duration: 2018-08-11 00:00:00 to 2018-08-12 00:00:00
[2026-05-15 23:37:32] Number of forecast images: 24
[2026-05-15 23:37:32] Using forecast run: 2018-08-10 18:00:00 UTC
[2026-05-15 23:37:32] Forecast Rain Available hours: [6, 7, 8, 9, 10, 11, 12, 13, 14, 15, 16, 17, 18, 19, 20, 21, 22, 23, 24, 25, 26, 27, 28, 29]
[2026-05-15 23:37:32] Valid hours for sum: [12, 18, 24, 29]
[2026-05-15 23:37:34] Drought composite end date: 2018-08-08 06:00:00
[2026-05-15 23:37:34] Land cover year: 2017
[2026-05-15 23:37:35] VIIRS Veg composite: 2018-07-12 → 2018-07-28
[2026-05-15 23:37:39] Started export task: fire_225_dynamic_2018-08-10
[2026-05-15 23:37:39] ------ Processing date=2018-08-11 ------
[2026-05-15 23:37:39] Using viirs_af_path: viirs_af_path
[2026-05-15 23:37:39] VIIRS Image Date: ['2018-08-11 00:00:00']
[2026-05-15 23:37:40] Weather image size: 1
[2026-05-15 23:37:40] Forecast duration: 2018-08-12 00:00:00 to 2018-08-13 00:00:00
[2026-05-15 23:37:40] Number of forecast images: 24
[2026-05-15 23:37:40] Using forecast run: 2018-08-11 18:00:00 UTC
[2026-05-15 23:37:41] Forecast Rain Available hours: [6, 7, 8, 9, 10, 11, 12, 13, 14, 15, 16, 17, 18, 19, 20, 21, 22, 23, 24, 25, 26, 27, 28, 29]
[2026-05-15 23:37:41] Valid hours for sum: [12, 18, 24, 29]
[2026-05-15 23:37:43] Drought composite end date: 2018-08-08 06:00:00
[2026-05-15 23:37:43] Land cover year: 2017
[2026-05-15 23:37:44] VIIRS Veg composite: 2018-07-12 → 2018-07-28
[2026-05-15 23:37:47] Started export task: fire_225_dynamic_2018-08-11
[2026-05-15 23:37:48] ------ Processing date=2018-08-12 ------
[2026-05-15 23:37:48] Using viirs_af_path: viirs_af_path
[2026-05-15 23:37:48] VIIRS Image Date: ['2018-08-12 00:00:00']
[2026-05-15 23:37:48] Weather image size: 1
[2026-05-15 23:37:48] Forecast duration: 2018-08-13 00:00:00 to 2018-08-14 00:00:00
[2026-05-15 23:37:49] Number of forecast images: 24
[2026-05-15 23:37:49] Using forecast run: 2018-08-12 18:00:00 UTC
[2026-05-15 23:37:50] Forecast Rain Available hours: [6, 7, 8, 9, 10, 11, 12, 13, 14, 15, 16, 17, 18, 19, 20, 21, 22, 23, 24, 25, 26, 27, 28, 29]
[2026-05-15 23:37:50] Valid hours for sum: [12, 18, 24, 29]
[2026-05-15 23:37:52] Drought composite end date: 2018-08-08 06:00:00
[2026-05-15 23:37:52] Land cover year: 2017
[2026-05-15 23:37:53] VIIRS Veg composite: 2018-07-12 → 2018-07-28
[2026-05-15 23:37:57] Started export task: fire_225_dynamic_2018-08-12
[2026-05-15 23:37:57] ------ Processing date=2018-08-13 ------
[2026-05-15 23:37:57] Using viirs_af_path: viirs_af_path
[2026-05-15 23:37:57] VIIRS Image Date: ['2018-08-13 00:00:00']
[2026-05-15 23:37:58] Weather image size: 1
[2026-05-15 23:37:58] Forecast duration: 2018-08-14 00:00:00 to 2018-08-15 00:00:00
[2026-05-15 23:37:59] Number of forecast images: 24
[2026-05-15 23:37:59] Using forecast run: 2018-08-13 18:00:00 UTC
[2026-05-15 23:37:59] Forecast Rain Available hours: [6, 7, 8, 9, 10, 11, 12, 13, 14, 15, 16, 17, 18, 19, 20, 21, 22, 23, 24, 25, 26, 27, 28, 29]
[2026-05-15 23:37:59] Valid hours for sum: [12, 18, 24, 29]
[2026-05-15 23:38:02] Drought composite end date: 2018-08-08 06:00:00
[2026-05-15 23:38:02] Land cover year: 2017
[2026-05-15 23:38:03] VIIRS Veg composite: 2018-07-12 → 2018-07-28
[2026-05-15 23:38:06] Started export task: fire_225_dynamic_2018-08-13
[2026-05-15 23:38:07] ------ Processing date=2018-08-14 ------
[2026-05-15 23:38:07] Using viirs_af_path: viirs_af_path
[2026-05-15 23:38:07] VIIRS Image Date: ['2018-08-14 00:00:00']
[2026-05-15 23:38:07] Weather image size: 1
[2026-05-15 23:38:07] Forecast duration: 2018-08-15 00:00:00 to 2018-08-16 00:00:00
[2026-05-15 23:38:08] Number of forecast images: 24
[2026-05-15 23:38:08] Using forecast run: 2018-08-14 18:00:00 UTC
[2026-05-15 23:38:08] Forecast Rain Available hours: [6, 7, 8, 9, 10, 11, 12, 13, 14, 15, 16, 17, 18, 19, 20, 21, 22, 23, 24, 25, 26, 27, 28, 29]
[2026-05-15 23:38:08] Valid hours for sum: [12, 18, 24, 29]
[2026-05-15 23:38:10] Drought composite end date: 2018-08-13 06:00:00
[2026-05-15 23:38:11] Land cover year: 2017
[2026-05-15 23:38:13] VIIRS Veg composite: 2018-07-12 → 2018-07-28
[2026-05-15 23:38:18] Started export task: fire_225_dynamic_2018-08-14
[2026-05-15 23:38:18] ------ Processing date=2018-08-15 ------
[2026-05-15 23:38:18] Using viirs_af_path: viirs_af_path
[2026-05-15 23:38:18] VIIRS Image Date: ['2018-08-15 00:00:00']
[2026-05-15 23:38:19] Weather image size: 1
[2026-05-15 23:38:19] Forecast duration: 2018-08-16 00:00:00 to 2018-08-17 00:00:00
[2026-05-15 23:38:19] Number of forecast images: 24
[2026-05-15 23:38:19] Using forecast run: 2018-08-15 18:00:00 UTC
[2026-05-15 23:38:20] Forecast Rain Available hours: [6, 7, 8, 9, 10, 11, 12, 13, 14, 15, 16, 17, 18, 19, 20, 21, 22, 23, 24, 25, 26, 27, 28, 29]
[2026-05-15 23:38:20] Valid hours for sum: [12, 18, 24, 29]
[2026-05-15 23:38:22] Drought composite end date: 2018-08-13 06:00:00
[2026-05-15 23:38:23] Land cover year: 2017
[2026-05-15 23:38:24] VIIRS Veg composite: 2018-07-12 → 2018-07-28
[2026-05-15 23:38:28] Started export task: fire_225_dynamic_2018-08-15
[2026-05-15 23:38:28] ------ Processing date=2018-08-16 ------
[2026-05-15 23:38:28] Using viirs_af_path: viirs_af_path
[2026-05-15 23:38:28] VIIRS Image Date: ['2018-08-16 00:00:00']
[2026-05-15 23:38:28] Weather image size: 1
[2026-05-15 23:38:28] Forecast duration: 2018-08-17 00:00:00 to 2018-08-18 00:00:00
[2026-05-15 23:38:29] Number of forecast images: 24
[2026-05-15 23:38:29] Using forecast run: 2018-08-16 18:00:00 UTC
[2026-05-15 23:38:30] Forecast Rain Available hours: [6, 7, 8, 9, 10, 11, 12, 13, 14, 15, 16, 17, 18, 19, 20, 21, 22, 23, 24, 25, 26, 27, 28, 29]
[2026-05-15 23:38:30] Valid hours for sum: [12, 18, 24, 29]
[2026-05-15 23:38:32] Drought composite end date: 2018-08-13 06:00:00
[2026-05-15 23:38:33] Land cover year: 2017
[2026-05-15 23:38:34] VIIRS Veg composite: 2018-07-12 → 2018-07-28
[2026-05-15 23:38:38] Started export task: fire_225_dynamic_2018-08-16
[2026-05-15 23:38:38] ------ Processing date=2018-08-17 ------
[2026-05-15 23:38:38] Using viirs_af_path: viirs_af_path
[2026-05-15 23:38:38] VIIRS Image Date: ['2018-08-17 00:00:00']
[2026-05-15 23:38:39] Weather image size: 1
[2026-05-15 23:38:39] Forecast duration: 2018-08-18 00:00:00 to 2018-08-19 00:00:00
[2026-05-15 23:38:39] Number of forecast images: 24
[2026-05-15 23:38:39] Using forecast run: 2018-08-17 18:00:00 UTC
[2026-05-15 23:38:40] Forecast Rain Available hours: [6, 7, 8, 9, 10, 11, 12, 13, 14, 15, 16, 17, 18, 19, 20, 21, 22, 23, 24, 25, 26, 27, 28, 29]
[2026-05-15 23:38:40] Valid hours for sum: [12, 18, 24, 29]
[2026-05-15 23:38:42] Drought composite end date: 2018-08-13 06:00:00
[2026-05-15 23:38:42] Land cover year: 2017
[2026-05-15 23:38:42] VIIRS Veg composite: 2018-07-12 → 2018-07-28
[2026-05-15 23:38:46] Started export task: fire_225_dynamic_2018-08-17
[2026-05-15 23:38:47] ------ Processing date=2018-08-18 ------
[2026-05-15 23:38:47] Using viirs_af_path: viirs_af_path
[2026-05-15 23:38:47] VIIRS Image Date: ['2018-08-18 00:00:00']
[2026-05-15 23:38:47] Weather image size: 1
[2026-05-15 23:38:47] Forecast duration: 2018-08-19 00:00:00 to 2018-08-20 00:00:00
[2026-05-15 23:38:48] Number of forecast images: 24
[2026-05-15 23:38:48] Using forecast run: 2018-08-18 18:00:00 UTC
[2026-05-15 23:38:49] Forecast Rain Available hours: [6, 7, 8, 9, 10, 11, 12, 13, 14, 15, 16, 17, 18, 19, 20, 21, 22, 23, 24, 25, 26, 27, 28, 29]
[2026-05-15 23:38:49] Valid hours for sum: [12, 18, 24, 29]
[2026-05-15 23:38:51] Drought composite end date: 2018-08-13 06:00:00
[2026-05-15 23:38:51] Land cover year: 2017
[2026-05-15 23:38:52] VIIRS Veg composite: 2018-07-12 → 2018-07-28
[2026-05-15 23:38:55] Started export task: fire_225_dynamic_2018-08-18
[2026-05-15 23:38:55] ------ Processing date=2018-08-19 ------
[2026-05-15 23:38:55] Using viirs_af_path: viirs_af_path
[2026-05-15 23:38:56] VIIRS Image Date: ['2018-08-19 00:00:00']
[2026-05-15 23:38:56] Weather image size: 1
[2026-05-15 23:38:56] Forecast duration: 2018-08-20 00:00:00 to 2018-08-21 00:00:00
[2026-05-15 23:38:57] Number of forecast images: 24
[2026-05-15 23:38:57] Using forecast run: 2018-08-19 18:00:00 UTC
[2026-05-15 23:38:57] Forecast Rain Available hours: [6, 7, 8, 9, 10, 11, 12, 13, 14, 15, 16, 17, 18, 19, 20, 21, 22, 23, 24, 25, 26, 27, 28, 29]
[2026-05-15 23:38:57] Valid hours for sum: [12, 18, 24, 29]
[2026-05-15 23:39:00] Drought composite end date: 2018-08-18 06:00:00
[2026-05-15 23:39:00] Land cover year: 2017
[2026-05-15 23:39:01] VIIRS Veg composite: 2018-07-12 → 2018-07-28
[2026-05-15 23:39:05] Started export task: fire_225_dynamic_2018-08-19
[2026-05-15 23:39:05] ------ Processing date=2018-08-20 ------
[2026-05-15 23:39:05] Using viirs_af_path: viirs_af_path
[2026-05-15 23:39:06] VIIRS Image Date: ['2018-08-20 00:00:00']
[2026-05-15 23:39:06] Weather image size: 1
[2026-05-15 23:39:06] Forecast duration: 2018-08-21 00:00:00 to 2018-08-22 00:00:00
[2026-05-15 23:39:07] Number of forecast images: 24
[2026-05-15 23:39:07] Using forecast run: 2018-08-20 18:00:00 UTC
[2026-05-15 23:39:07] Forecast Rain Available hours: [6, 7, 8, 9, 10, 11, 12, 13, 14, 15, 16, 17, 18, 19, 20, 21, 22, 23, 24, 25, 26, 27, 28, 29]
[2026-05-15 23:39:07] Valid hours for sum: [12, 18, 24, 29]
[2026-05-15 23:39:09] Drought composite end date: 2018-08-18 06:00:00
[2026-05-15 23:39:10] Land cover year: 2017
[2026-05-15 23:39:11] VIIRS Veg composite: 2018-07-12 → 2018-07-28
[2026-05-15 23:39:16] Started export task: fire_225_dynamic_2018-08-20
[2026-05-15 23:39:16] ------ Processing date=2018-08-21 ------
[2026-05-15 23:39:16] Using viirs_af_path: viirs_af_path
[2026-05-15 23:39:16] VIIRS Image Date: ['2018-08-21 00:00:00']
[2026-05-15 23:39:17] Weather image size: 1
[2026-05-15 23:39:17] Forecast duration: 2018-08-22 00:00:00 to 2018-08-23 00:00:00
[2026-05-15 23:39:17] Number of forecast images: 24
[2026-05-15 23:39:17] Using forecast run: 2018-08-21 18:00:00 UTC
[2026-05-15 23:39:18] Forecast Rain Available hours: [6, 7, 8, 9, 10, 11, 12, 13, 14, 15, 16, 17, 18, 19, 20, 21, 22, 23, 24, 25, 26, 27, 28, 29]
[2026-05-15 23:39:18] Valid hours for sum: [12, 18, 24, 29]
[2026-05-15 23:39:20] Drought composite end date: 2018-08-18 06:00:00
[2026-05-15 23:39:20] Land cover year: 2017
[2026-05-15 23:39:22] VIIRS Veg composite: 2018-07-12 → 2018-07-28
[2026-05-15 23:39:27] Started export task: fire_225_dynamic_2018-08-21
[2026-05-15 23:39:27] ------ Processing date=2018-08-22 ------
[2026-05-15 23:39:27] Using viirs_af_path: viirs_af_path
[2026-05-15 23:39:28] VIIRS Image Date: ['2018-08-22 00:00:00']
[2026-05-15 23:39:28] Weather image size: 1
[2026-05-15 23:39:28] Forecast duration: 2018-08-23 00:00:00 to 2018-08-24 00:00:00
[2026-05-15 23:39:29] Number of forecast images: 24
[2026-05-15 23:39:29] Using forecast run: 2018-08-22 18:00:00 UTC
[2026-05-15 23:39:30] Forecast Rain Available hours: [6, 7, 8, 9, 10, 11, 12, 13, 14, 15, 16, 17, 18, 19, 20, 21, 22, 23, 24, 25, 26, 27, 28, 29]
[2026-05-15 23:39:30] Valid hours for sum: [12, 18, 24, 29]
[2026-05-15 23:39:33] Drought composite end date: 2018-08-18 06:00:00
[2026-05-15 23:39:33] Land cover year: 2017
[2026-05-15 23:39:34] VIIRS Veg composite: 2018-07-12 → 2018-07-28
[2026-05-15 23:39:38] Started export task: fire_225_dynamic_2018-08-22
[2026-05-15 23:39:38] ------ Processing date=2018-08-23 ------
[2026-05-15 23:39:38] Using viirs_af_path: viirs_af_path
[2026-05-15 23:39:39] VIIRS Image Date: ['2018-08-23 00:00:00']
[2026-05-15 23:39:39] Weather image size: 1
[2026-05-15 23:39:39] Forecast duration: 2018-08-24 00:00:00 to 2018-08-25 00:00:00
[2026-05-15 23:39:40] Number of forecast images: 24
[2026-05-15 23:39:40] Using forecast run: 2018-08-23 18:00:00 UTC
[2026-05-15 23:39:40] Forecast Rain Available hours: [6, 7, 8, 9, 10, 11, 12, 13, 14, 15, 16, 17, 18, 19, 20, 21, 22, 23, 24, 25, 26, 27, 28, 29]
[2026-05-15 23:39:40] Valid hours for sum: [12, 18, 24, 29]
[2026-05-15 23:39:41] Drought composite end date: 2018-08-18 06:00:00
[2026-05-15 23:39:42] Land cover year: 2017
[2026-05-15 23:39:42] VIIRS Veg composite: 2018-07-12 → 2018-07-28
[2026-05-15 23:39:47] Started export task: fire_225_dynamic_2018-08-23
[2026-05-15 23:39:47] ------ Processing date=2018-08-24 ------
[2026-05-15 23:39:47] Using viirs_af_path: viirs_af_path
[2026-05-15 23:39:48] VIIRS Image Date: ['2018-08-24 00:00:00']
[2026-05-15 23:39:48] Weather image size: 1
[2026-05-15 23:39:48] Forecast duration: 2018-08-25 00:00:00 to 2018-08-26 00:00:00
[2026-05-15 23:39:49] Number of forecast images: 24
[2026-05-15 23:39:49] Using forecast run: 2018-08-24 18:00:00 UTC
[2026-05-15 23:39:49] Forecast Rain Available hours: [6, 7, 8, 9, 10, 11, 12, 13, 14, 15, 16, 17, 18, 19, 20, 21, 22, 23, 24, 25, 26, 27, 28, 29]
[2026-05-15 23:39:49] Valid hours for sum: [12, 18, 24, 29]
[2026-05-15 23:39:51] Drought composite end date: 2018-08-23 06:00:00
[2026-05-15 23:39:51] Land cover year: 2017
[2026-05-15 23:39:53] VIIRS Veg composite: 2018-07-12 → 2018-07-28
[2026-05-15 23:39:57] Started export task: fire_225_dynamic_2018-08-24
[2026-05-15 23:39:58] ------ Processing date=2018-08-25 ------
[2026-05-15 23:39:58] Using viirs_af_path: viirs_af_path
[2026-05-15 23:39:58] VIIRS Image Date: ['2018-08-25 00:00:00']
[2026-05-15 23:39:58] Weather image size: 1
[2026-05-15 23:39:58] Forecast duration: 2018-08-26 00:00:00 to 2018-08-27 00:00:00
[2026-05-15 23:40:00] Number of forecast images: 24
[2026-05-15 23:40:00] Using forecast run: 2018-08-25 18:00:00 UTC
[2026-05-15 23:40:00] Forecast Rain Available hours: [6, 7, 8, 9, 10, 11, 12, 13, 14, 15, 16, 17, 18, 19, 20, 21, 22, 23, 24, 25, 26, 27, 28, 29]
[2026-05-15 23:40:00] Valid hours for sum: [12, 18, 24, 29]
[2026-05-15 23:40:02] Drought composite end date: 2018-08-23 06:00:00
[2026-05-15 23:40:03] Land cover year: 2017
[2026-05-15 23:40:03] VIIRS Veg composite: 2018-07-12 → 2018-07-28
[2026-05-15 23:40:08] Started export task: fire_225_dynamic_2018-08-25
[2026-05-15 23:40:08] ------ Processing date=2018-08-26 ------
[2026-05-15 23:40:08] Using viirs_af_path: viirs_af_path
[2026-05-15 23:40:08] VIIRS Image Date: ['2018-08-26 00:00:00']
[2026-05-15 23:40:09] Weather image size: 1
[2026-05-15 23:40:09] Forecast duration: 2018-08-27 00:00:00 to 2018-08-28 00:00:00
[2026-05-15 23:40:10] Number of forecast images: 24
[2026-05-15 23:40:10] Using forecast run: 2018-08-26 18:00:00 UTC
[2026-05-15 23:40:11] Forecast Rain Available hours: [6, 7, 8, 9, 10, 11, 12, 13, 14, 15, 16, 17, 18, 19, 20, 21, 22, 23, 24, 25, 26, 27, 28, 29]
[2026-05-15 23:40:11] Valid hours for sum: [12, 18, 24, 29]
[2026-05-15 23:40:13] Drought composite end date: 2018-08-23 06:00:00
[2026-05-15 23:40:13] Land cover year: 2017
[2026-05-15 23:40:14] VIIRS Veg composite: 2018-07-12 → 2018-07-28
[2026-05-15 23:40:17] Started export task: fire_225_dynamic_2018-08-26
[2026-05-15 23:40:17] END: ----------Event fire_225----------- (Duration: 5.22m)
[2026-05-15 23:40:17] START: ----------Event fire_226-----------
[2026-05-15 23:40:18] ------ Processing date=2018-07-26 ------
[2026-05-15 23:40:18] Using viirs_af_path: viirs_af_path
[2026-05-15 23:40:18] VIIRS Image Date: ['2018-07-26 00:00:00']
[2026-05-15 23:40:18] Weather image size: 1
[2026-05-15 23:40:18] Forecast duration: 2018-07-27 00:00:00 to 2018-07-28 00:00:00
[2026-05-15 23:40:19] Number of forecast images: 24
[2026-05-15 23:40:19] Using forecast run: 2018-07-26 18:00:00 UTC
[2026-05-15 23:40:19] Forecast Rain Available hours: [6, 7, 8, 9, 10, 11, 12, 13, 14, 15, 16, 17, 18, 19, 20, 21, 22, 23, 24, 25, 26, 27, 28, 29]
[2026-05-15 23:40:19] Valid hours for sum: [12, 18, 24, 29]
[2026-05-15 23:40:20] Drought composite end date: 2018-07-24 06:00:00
[2026-05-15 23:40:21] Land cover year: 2017
[2026-05-15 23:40:22] VIIRS Veg composite: 2018-07-12 → 2018-07-28
[2026-05-15 23:40:26] Started export task: fire_226_static
[2026-05-15 23:40:27] Started export task: fire_226_dynamic_2018-07-26
[2026-05-15 23:40:27] ------ Processing date=2018-07-27 ------
[2026-05-15 23:40:27] Using viirs_af_path: viirs_af_path
[2026-05-15 23:40:27] VIIRS Image Date: ['2018-07-27 00:00:00']
[2026-05-15 23:40:28] Weather image size: 1
[2026-05-15 23:40:28] Forecast duration: 2018-07-28 00:00:00 to 2018-07-29 00:00:00
[2026-05-15 23:40:28] Number of forecast images: 24
[2026-05-15 23:40:28] Using forecast run: 2018-07-27 18:00:00 UTC
[2026-05-15 23:40:29] Forecast Rain Available hours: [6, 7, 8, 9, 10, 11, 12, 13, 14, 15, 16, 17, 18, 19, 20, 21, 22, 23, 24, 25, 26, 27, 28, 29]
[2026-05-15 23:40:29] Valid hours for sum: [12, 18, 24, 29]
[2026-05-15 23:40:31] Drought composite end date: 2018-07-24 06:00:00
[2026-05-15 23:40:31] Land cover year: 2017
[2026-05-15 23:40:32] VIIRS Veg composite: 2018-07-12 → 2018-07-28
[2026-05-15 23:40:35] Started export task: fire_226_dynamic_2018-07-27
[2026-05-15 23:40:36] ------ Processing date=2018-07-28 ------
[2026-05-15 23:40:36] Using viirs_af_path: viirs_af_path
[2026-05-15 23:40:36] VIIRS Image Date: ['2018-07-28 00:00:00']
[2026-05-15 23:40:36] Weather image size: 1
[2026-05-15 23:40:36] Forecast duration: 2018-07-29 00:00:00 to 2018-07-30 00:00:00
[2026-05-15 23:40:37] Number of forecast images: 24
[2026-05-15 23:40:37] Using forecast run: 2018-07-28 18:00:00 UTC
[2026-05-15 23:40:37] Forecast Rain Available hours: [6, 7, 8, 9, 10, 11, 12, 13, 14, 15, 16, 17, 18, 19, 20, 21, 22, 23, 24, 25, 26, 27, 28, 29]
[2026-05-15 23:40:37] Valid hours for sum: [12, 18, 24, 29]
[2026-05-15 23:40:40] Drought composite end date: 2018-07-24 06:00:00
[2026-05-15 23:40:40] Land cover year: 2017
[2026-05-15 23:40:41] VIIRS Veg composite: 2018-07-12 → 2018-07-28
[2026-05-15 23:40:45] Started export task: fire_226_dynamic_2018-07-28
[2026-05-15 23:40:45] ------ Processing date=2018-07-29 ------
[2026-05-15 23:40:45] Using viirs_af_path: viirs_af_path
[2026-05-15 23:40:45] VIIRS Image Date: ['2018-07-29 00:00:00']
[2026-05-15 23:40:45] Weather image size: 1
[2026-05-15 23:40:45] Forecast duration: 2018-07-30 00:00:00 to 2018-07-31 00:00:00
[2026-05-15 23:40:46] Number of forecast images: 24
[2026-05-15 23:40:46] Using forecast run: 2018-07-29 18:00:00 UTC
[2026-05-15 23:40:47] Forecast Rain Available hours: [6, 7, 8, 9, 10, 11, 12, 13, 14, 15, 16, 17, 18, 19, 20, 21, 22, 23, 24, 25, 26, 27, 28, 29]
[2026-05-15 23:40:47] Valid hours for sum: [12, 18, 24, 29]
[2026-05-15 23:40:50] Drought composite end date: 2018-07-24 06:00:00
[2026-05-15 23:40:50] Land cover year: 2017
[2026-05-15 23:40:51] VIIRS Veg composite: 2018-07-12 → 2018-07-28
[2026-05-15 23:40:54] Started export task: fire_226_dynamic_2018-07-29
[2026-05-15 23:40:54] ------ Processing date=2018-07-30 ------
[2026-05-15 23:40:54] Using viirs_af_path: viirs_af_path
[2026-05-15 23:40:55] VIIRS Image Date: ['2018-07-30 00:00:00']
[2026-05-15 23:40:55] Weather image size: 1
[2026-05-15 23:40:55] Forecast duration: 2018-07-31 00:00:00 to 2018-08-01 00:00:00
[2026-05-15 23:40:56] Number of forecast images: 24
[2026-05-15 23:40:56] Using forecast run: 2018-07-30 18:00:00 UTC
[2026-05-15 23:40:56] Forecast Rain Available hours: [6, 7, 8, 9, 10, 11, 12, 13, 14, 15, 16, 17, 18, 19, 20, 21, 22, 23, 24, 25, 26, 27, 28, 29]
[2026-05-15 23:40:56] Valid hours for sum: [12, 18, 24, 29]
[2026-05-15 23:40:58] Drought composite end date: 2018-07-29 06:00:00
[2026-05-15 23:40:58] Land cover year: 2017
[2026-05-15 23:40:59] VIIRS Veg composite: 2018-07-12 → 2018-07-28
[2026-05-15 23:41:02] Started export task: fire_226_dynamic_2018-07-30
[2026-05-15 23:41:03] ------ Processing date=2018-07-31 ------
[2026-05-15 23:41:03] Using viirs_af_path: viirs_af_path
[2026-05-15 23:41:03] VIIRS Image Date: ['2018-07-31 00:00:00']
[2026-05-15 23:41:03] Weather image size: 1
[2026-05-15 23:41:03] Forecast duration: 2018-08-01 00:00:00 to 2018-08-02 00:00:00
[2026-05-15 23:41:04] Number of forecast images: 24
[2026-05-15 23:41:04] Using forecast run: 2018-07-31 18:00:00 UTC
[2026-05-15 23:41:04] Forecast Rain Available hours: [6, 7, 8, 9, 10, 11, 12, 13, 14, 15, 16, 17, 18, 19, 20, 21, 22, 23, 24, 25, 26, 27, 28, 29]
[2026-05-15 23:41:04] Valid hours for sum: [12, 18, 24, 29]
[2026-05-15 23:41:07] Drought composite end date: 2018-07-29 06:00:00
[2026-05-15 23:41:07] Land cover year: 2017
[2026-05-15 23:41:08] VIIRS Veg composite: 2018-07-12 → 2018-07-28
[2026-05-15 23:41:11] Started export task: fire_226_dynamic_2018-07-31
[2026-05-15 23:41:12] ------ Processing date=2018-08-01 ------
[2026-05-15 23:41:12] Using viirs_af_path: viirs_af_path
[2026-05-15 23:41:12] VIIRS Image Date: ['2018-08-01 00:00:00']
[2026-05-15 23:41:12] Weather image size: 1
[2026-05-15 23:41:12] Forecast duration: 2018-08-02 00:00:00 to 2018-08-03 00:00:00
[2026-05-15 23:41:13] Number of forecast images: 24
[2026-05-15 23:41:13] Using forecast run: 2018-08-01 18:00:00 UTC
[2026-05-15 23:41:13] Forecast Rain Available hours: [6, 7, 8, 9, 10, 11, 12, 13, 14, 15, 16, 17, 18, 19, 20, 21, 22, 23, 24, 25, 26, 27, 28, 29]
[2026-05-15 23:41:13] Valid hours for sum: [12, 18, 24, 29]
[2026-05-15 23:41:15] Drought composite end date: 2018-07-29 06:00:00
[2026-05-15 23:41:15] Land cover year: 2017
[2026-05-15 23:41:16] VIIRS Veg composite: 2018-07-12 → 2018-07-28
[2026-05-15 23:41:19] Started export task: fire_226_dynamic_2018-08-01
[2026-05-15 23:41:19] ------ Processing date=2018-08-02 ------
[2026-05-15 23:41:19] Using viirs_af_path: viirs_af_path
[2026-05-15 23:41:20] VIIRS Image Date: ['2018-08-02 00:00:00']
[2026-05-15 23:41:20] Weather image size: 1
[2026-05-15 23:41:20] Forecast duration: 2018-08-03 00:00:00 to 2018-08-04 00:00:00
[2026-05-15 23:41:21] Number of forecast images: 24
[2026-05-15 23:41:21] Using forecast run: 2018-08-02 18:00:00 UTC
[2026-05-15 23:41:22] Forecast Rain Available hours: [6, 7, 8, 9, 10, 11, 12, 13, 14, 15, 16, 17, 18, 19, 20, 21, 22, 23, 24, 25, 26, 27, 28, 29]
[2026-05-15 23:41:22] Valid hours for sum: [12, 18, 24, 29]
[2026-05-15 23:41:23] Drought composite end date: 2018-07-29 06:00:00
[2026-05-15 23:41:23] Land cover year: 2017
[2026-05-15 23:41:24] VIIRS Veg composite: 2018-07-12 → 2018-07-28
[2026-05-15 23:41:31] Started export task: fire_226_dynamic_2018-08-02
[2026-05-15 23:41:31] ------ Processing date=2018-08-03 ------
[2026-05-15 23:41:31] Using viirs_af_path: viirs_af_path
[2026-05-15 23:41:31] VIIRS Image Date: ['2018-08-03 00:00:00']
[2026-05-15 23:41:32] Weather image size: 1
[2026-05-15 23:41:32] Forecast duration: 2018-08-04 00:00:00 to 2018-08-05 00:00:00
[2026-05-15 23:41:33] Number of forecast images: 24
[2026-05-15 23:41:33] Using forecast run: 2018-08-03 18:00:00 UTC
[2026-05-15 23:41:33] Forecast Rain Available hours: [6, 7, 8, 9, 10, 11, 12, 13, 14, 15, 16, 17, 18, 19, 20, 21, 22, 23, 24, 25, 26, 27, 28, 29]
[2026-05-15 23:41:33] Valid hours for sum: [12, 18, 24, 29]
[2026-05-15 23:41:35] Drought composite end date: 2018-07-29 06:00:00
[2026-05-15 23:41:35] Land cover year: 2017
[2026-05-15 23:41:36] VIIRS Veg composite: 2018-07-12 → 2018-07-28
[2026-05-15 23:41:40] Started export task: fire_226_dynamic_2018-08-03
[2026-05-15 23:41:41] ------ Processing date=2018-08-04 ------
[2026-05-15 23:41:41] Using viirs_af_path: viirs_af_path
[2026-05-15 23:41:41] VIIRS Image Date: ['2018-08-04 00:00:00']
[2026-05-15 23:41:41] Weather image size: 1
[2026-05-15 23:41:41] Forecast duration: 2018-08-05 00:00:00 to 2018-08-06 00:00:00
[2026-05-15 23:41:42] Number of forecast images: 24
[2026-05-15 23:41:42] Using forecast run: 2018-08-04 18:00:00 UTC
[2026-05-15 23:41:42] Forecast Rain Available hours: [6, 7, 8, 9, 10, 11, 12, 13, 14, 15, 16, 17, 18, 19, 20, 21, 22, 23, 24, 25, 26, 27, 28, 29]
[2026-05-15 23:41:42] Valid hours for sum: [12, 18, 24, 29]
[2026-05-15 23:41:45] Drought composite end date: 2018-08-03 06:00:00
[2026-05-15 23:41:45] Land cover year: 2017
[2026-05-15 23:41:46] VIIRS Veg composite: 2018-07-12 → 2018-07-28
[2026-05-15 23:41:49] Started export task: fire_226_dynamic_2018-08-04
[2026-05-15 23:41:49] ------ Processing date=2018-08-05 ------
[2026-05-15 23:41:49] Using viirs_af_path: viirs_af_path
[2026-05-15 23:41:50] VIIRS Image Date: ['2018-08-05 00:00:00']
[2026-05-15 23:41:50] Weather image size: 1
[2026-05-15 23:41:50] Forecast duration: 2018-08-06 00:00:00 to 2018-08-07 00:00:00
[2026-05-15 23:41:51] Number of forecast images: 24
[2026-05-15 23:41:51] Using forecast run: 2018-08-05 18:00:00 UTC
[2026-05-15 23:41:52] Forecast Rain Available hours: [6, 7, 8, 9, 10, 11, 12, 13, 14, 15, 16, 17, 18, 19, 20, 21, 22, 23, 24, 25, 26, 27, 28, 29]
[2026-05-15 23:41:52] Valid hours for sum: [12, 18, 24, 29]
[2026-05-15 23:41:54] Drought composite end date: 2018-08-03 06:00:00
[2026-05-15 23:41:54] Land cover year: 2017
[2026-05-15 23:41:55] VIIRS Veg composite: 2018-07-12 → 2018-07-28
[2026-05-15 23:41:59] Started export task: fire_226_dynamic_2018-08-05
[2026-05-15 23:41:59] ------ Processing date=2018-08-06 ------
[2026-05-15 23:41:59] Using viirs_af_path: viirs_af_path
[2026-05-15 23:41:59] VIIRS Image Date: ['2018-08-06 00:00:00']
[2026-05-15 23:42:00] Weather image size: 1
[2026-05-15 23:42:00] Forecast duration: 2018-08-07 00:00:00 to 2018-08-08 00:00:00
[2026-05-15 23:42:01] Number of forecast images: 24
[2026-05-15 23:42:01] Using forecast run: 2018-08-06 18:00:00 UTC
[2026-05-15 23:42:01] Forecast Rain Available hours: [6, 7, 8, 9, 10, 11, 12, 13, 14, 15, 16, 17, 18, 19, 20, 21, 22, 23, 24, 25, 26, 27, 28, 29]
[2026-05-15 23:42:01] Valid hours for sum: [12, 18, 24, 29]
[2026-05-15 23:42:04] Drought composite end date: 2018-08-03 06:00:00
[2026-05-15 23:42:04] Land cover year: 2017
[2026-05-15 23:42:05] VIIRS Veg composite: 2018-07-12 → 2018-07-28
[2026-05-15 23:42:09] Started export task: fire_226_dynamic_2018-08-06
[2026-05-15 23:42:10] ------ Processing date=2018-08-07 ------
[2026-05-15 23:42:10] Using viirs_af_path: viirs_af_path
[2026-05-15 23:42:10] VIIRS Image Date: ['2018-08-07 00:00:00']
[2026-05-15 23:42:11] Weather image size: 1
[2026-05-15 23:42:11] Forecast duration: 2018-08-08 00:00:00 to 2018-08-09 00:00:00
[2026-05-15 23:42:12] Number of forecast images: 24
[2026-05-15 23:42:12] Using forecast run: 2018-08-07 18:00:00 UTC
[2026-05-15 23:42:13] Forecast Rain Available hours: [6, 7, 8, 9, 10, 11, 12, 13, 14, 15, 16, 17, 18, 19, 20, 21, 22, 23, 24, 25, 26, 27, 28, 29]
[2026-05-15 23:42:13] Valid hours for sum: [12, 18, 24, 29]
[2026-05-15 23:42:15] Drought composite end date: 2018-08-03 06:00:00
[2026-05-15 23:42:15] Land cover year: 2017
[2026-05-15 23:42:16] VIIRS Veg composite: 2018-07-12 → 2018-07-28
[2026-05-15 23:42:19] Started export task: fire_226_dynamic_2018-08-07
[2026-05-15 23:42:19] ------ Processing date=2018-08-08 ------
[2026-05-15 23:42:19] Using viirs_af_path: viirs_af_path
[2026-05-15 23:42:19] VIIRS Image Date: ['2018-08-08 00:00:00']
[2026-05-15 23:42:19] Weather image size: 1
[2026-05-15 23:42:19] Forecast duration: 2018-08-09 00:00:00 to 2018-08-10 00:00:00
[2026-05-15 23:42:20] Number of forecast images: 24
[2026-05-15 23:42:20] Using forecast run: 2018-08-08 18:00:00 UTC
[2026-05-15 23:42:21] Forecast Rain Available hours: [6, 7, 8, 9, 10, 11, 12, 13, 14, 15, 16, 17, 18, 19, 20, 21, 22, 23, 24, 25, 26, 27, 28, 29]
[2026-05-15 23:42:21] Valid hours for sum: [12, 18, 24, 29]
[2026-05-15 23:42:23] Drought composite end date: 2018-08-03 06:00:00
[2026-05-15 23:42:23] Land cover year: 2017
[2026-05-15 23:42:24] VIIRS Veg composite: 2018-07-12 → 2018-07-28
[2026-05-15 23:42:29] Started export task: fire_226_dynamic_2018-08-08
[2026-05-15 23:42:29] ------ Processing date=2018-08-09 ------
[2026-05-15 23:42:29] Using viirs_af_path: viirs_af_path
[2026-05-15 23:42:29] VIIRS Image Date: ['2018-08-09 00:00:00']
[2026-05-15 23:42:30] Weather image size: 1
[2026-05-15 23:42:30] Forecast duration: 2018-08-10 00:00:00 to 2018-08-11 00:00:00
[2026-05-15 23:42:31] Number of forecast images: 24
[2026-05-15 23:42:31] Using forecast run: 2018-08-09 18:00:00 UTC
[2026-05-15 23:42:31] Forecast Rain Available hours: [6, 7, 8, 9, 10, 11, 12, 13, 14, 15, 16, 17, 18, 19, 20, 21, 22, 23, 24, 25, 26, 27, 28, 29]
[2026-05-15 23:42:31] Valid hours for sum: [12, 18, 24, 29]
[2026-05-15 23:42:33] Drought composite end date: 2018-08-08 06:00:00
[2026-05-15 23:42:33] Land cover year: 2017
[2026-05-15 23:42:35] VIIRS Veg composite: 2018-07-12 → 2018-07-28
[2026-05-15 23:42:39] Started export task: fire_226_dynamic_2018-08-09
[2026-05-15 23:42:39] ------ Processing date=2018-08-10 ------
[2026-05-15 23:42:39] Using viirs_af_path: viirs_af_path
[2026-05-15 23:42:39] VIIRS Image Date: ['2018-08-10 00:00:00']
[2026-05-15 23:42:40] Weather image size: 1
[2026-05-15 23:42:40] Forecast duration: 2018-08-11 00:00:00 to 2018-08-12 00:00:00
[2026-05-15 23:42:41] Number of forecast images: 24
[2026-05-15 23:42:41] Using forecast run: 2018-08-10 18:00:00 UTC
[2026-05-15 23:42:41] Forecast Rain Available hours: [6, 7, 8, 9, 10, 11, 12, 13, 14, 15, 16, 17, 18, 19, 20, 21, 22, 23, 24, 25, 26, 27, 28, 29]
[2026-05-15 23:42:41] Valid hours for sum: [12, 18, 24, 29]
[2026-05-15 23:42:43] Drought composite end date: 2018-08-08 06:00:00
[2026-05-15 23:42:43] Land cover year: 2017
[2026-05-15 23:42:44] VIIRS Veg composite: 2018-07-12 → 2018-07-28
[2026-05-15 23:42:48] Started export task: fire_226_dynamic_2018-08-10
[2026-05-15 23:42:48] ------ Processing date=2018-08-11 ------
[2026-05-15 23:42:48] Using viirs_af_path: viirs_af_path
[2026-05-15 23:42:48] VIIRS Image Date: ['2018-08-11 00:00:00']
[2026-05-15 23:42:48] Weather image size: 1
[2026-05-15 23:42:48] Forecast duration: 2018-08-12 00:00:00 to 2018-08-13 00:00:00
[2026-05-15 23:42:49] Number of forecast images: 24
[2026-05-15 23:42:49] Using forecast run: 2018-08-11 18:00:00 UTC
[2026-05-15 23:42:50] Forecast Rain Available hours: [6, 7, 8, 9, 10, 11, 12, 13, 14, 15, 16, 17, 18, 19, 20, 21, 22, 23, 24, 25, 26, 27, 28, 29]
[2026-05-15 23:42:50] Valid hours for sum: [12, 18, 24, 29]
[2026-05-15 23:42:52] Drought composite end date: 2018-08-08 06:00:00
[2026-05-15 23:42:52] Land cover year: 2017
[2026-05-15 23:42:53] VIIRS Veg composite: 2018-07-12 → 2018-07-28
[2026-05-15 23:42:58] Started export task: fire_226_dynamic_2018-08-11
[2026-05-15 23:42:58] ------ Processing date=2018-08-12 ------
[2026-05-15 23:42:58] Using viirs_af_path: viirs_af_path
[2026-05-15 23:42:58] VIIRS Image Date: ['2018-08-12 00:00:00']
[2026-05-15 23:42:59] Weather image size: 1
[2026-05-15 23:42:59] Forecast duration: 2018-08-13 00:00:00 to 2018-08-14 00:00:00
[2026-05-15 23:43:00] Number of forecast images: 24
[2026-05-15 23:43:00] Using forecast run: 2018-08-12 18:00:00 UTC
[2026-05-15 23:43:00] Forecast Rain Available hours: [6, 7, 8, 9, 10, 11, 12, 13, 14, 15, 16, 17, 18, 19, 20, 21, 22, 23, 24, 25, 26, 27, 28, 29]
[2026-05-15 23:43:00] Valid hours for sum: [12, 18, 24, 29]
[2026-05-15 23:43:03] Drought composite end date: 2018-08-08 06:00:00
[2026-05-15 23:43:03] Land cover year: 2017
[2026-05-15 23:43:04] VIIRS Veg composite: 2018-07-12 → 2018-07-28
[2026-05-15 23:43:08] Started export task: fire_226_dynamic_2018-08-12
[2026-05-15 23:43:08] ------ Processing date=2018-08-13 ------
[2026-05-15 23:43:08] Using viirs_af_path: viirs_af_path
[2026-05-15 23:43:09] VIIRS Image Date: ['2018-08-13 00:00:00']
[2026-05-15 23:43:09] Weather image size: 1
[2026-05-15 23:43:09] Forecast duration: 2018-08-14 00:00:00 to 2018-08-15 00:00:00
[2026-05-15 23:43:10] Number of forecast images: 24
[2026-05-15 23:43:10] Using forecast run: 2018-08-13 18:00:00 UTC
[2026-05-15 23:43:10] Forecast Rain Available hours: [6, 7, 8, 9, 10, 11, 12, 13, 14, 15, 16, 17, 18, 19, 20, 21, 22, 23, 24, 25, 26, 27, 28, 29]
[2026-05-15 23:43:10] Valid hours for sum: [12, 18, 24, 29]
[2026-05-15 23:43:13] Drought composite end date: 2018-08-08 06:00:00
[2026-05-15 23:43:13] Land cover year: 2017
[2026-05-15 23:43:14] VIIRS Veg composite: 2018-07-12 → 2018-07-28
[2026-05-15 23:43:18] Started export task: fire_226_dynamic_2018-08-13
[2026-05-15 23:43:19] ------ Processing date=2018-08-14 ------
[2026-05-15 23:43:19] Using viirs_af_path: viirs_af_path
[2026-05-15 23:43:20] VIIRS Image Date: ['2018-08-14 00:00:00']
[2026-05-15 23:43:20] Weather image size: 1
[2026-05-15 23:43:20] Forecast duration: 2018-08-15 00:00:00 to 2018-08-16 00:00:00
[2026-05-15 23:43:21] Number of forecast images: 24
[2026-05-15 23:43:21] Using forecast run: 2018-08-14 18:00:00 UTC
[2026-05-15 23:43:21] Forecast Rain Available hours: [6, 7, 8, 9, 10, 11, 12, 13, 14, 15, 16, 17, 18, 19, 20, 21, 22, 23, 24, 25, 26, 27, 28, 29]
[2026-05-15 23:43:21] Valid hours for sum: [12, 18, 24, 29]
[2026-05-15 23:43:24] Drought composite end date: 2018-08-13 06:00:00
[2026-05-15 23:43:24] Land cover year: 2017
[2026-05-15 23:43:25] VIIRS Veg composite: 2018-07-12 → 2018-07-28
[2026-05-15 23:43:29] Started export task: fire_226_dynamic_2018-08-14
[2026-05-15 23:43:30] ------ Processing date=2018-08-15 ------
[2026-05-15 23:43:30] Using viirs_af_path: viirs_af_path
[2026-05-15 23:43:30] VIIRS Image Date: ['2018-08-15 00:00:00']
[2026-05-15 23:43:31] Weather image size: 1
[2026-05-15 23:43:31] Forecast duration: 2018-08-16 00:00:00 to 2018-08-17 00:00:00
[2026-05-15 23:43:31] Number of forecast images: 24
[2026-05-15 23:43:31] Using forecast run: 2018-08-15 18:00:00 UTC
[2026-05-15 23:43:32] Forecast Rain Available hours: [6, 7, 8, 9, 10, 11, 12, 13, 14, 15, 16, 17, 18, 19, 20, 21, 22, 23, 24, 25, 26, 27, 28, 29]
[2026-05-15 23:43:32] Valid hours for sum: [12, 18, 24, 29]
[2026-05-15 23:43:34] Drought composite end date: 2018-08-13 06:00:00
[2026-05-15 23:43:34] Land cover year: 2017
[2026-05-15 23:43:35] VIIRS Veg composite: 2018-07-12 → 2018-07-28
[2026-05-15 23:43:39] Started export task: fire_226_dynamic_2018-08-15
[2026-05-15 23:43:40] ------ Processing date=2018-08-16 ------
[2026-05-15 23:43:40] Using viirs_af_path: viirs_af_path
[2026-05-15 23:43:40] VIIRS Image Date: ['2018-08-16 00:00:00']
[2026-05-15 23:43:40] Weather image size: 1
[2026-05-15 23:43:40] Forecast duration: 2018-08-17 00:00:00 to 2018-08-18 00:00:00
[2026-05-15 23:43:41] Number of forecast images: 24
[2026-05-15 23:43:41] Using forecast run: 2018-08-16 18:00:00 UTC
[2026-05-15 23:43:41] Forecast Rain Available hours: [6, 7, 8, 9, 10, 11, 12, 13, 14, 15, 16, 17, 18, 19, 20, 21, 22, 23, 24, 25, 26, 27, 28, 29]
[2026-05-15 23:43:41] Valid hours for sum: [12, 18, 24, 29]
[2026-05-15 23:43:43] Drought composite end date: 2018-08-13 06:00:00
[2026-05-15 23:43:43] Land cover year: 2017
[2026-05-15 23:43:44] VIIRS Veg composite: 2018-07-12 → 2018-07-28
[2026-05-15 23:43:48] Started export task: fire_226_dynamic_2018-08-16
[2026-05-15 23:43:48] ------ Processing date=2018-08-17 ------
[2026-05-15 23:43:48] Using viirs_af_path: viirs_af_path
[2026-05-15 23:43:49] VIIRS Image Date: ['2018-08-17 00:00:00']
[2026-05-15 23:43:49] Weather image size: 1
[2026-05-15 23:43:49] Forecast duration: 2018-08-18 00:00:00 to 2018-08-19 00:00:00
[2026-05-15 23:43:50] Number of forecast images: 24
[2026-05-15 23:43:50] Using forecast run: 2018-08-17 18:00:00 UTC
[2026-05-15 23:43:50] Forecast Rain Available hours: [6, 7, 8, 9, 10, 11, 12, 13, 14, 15, 16, 17, 18, 19, 20, 21, 22, 23, 24, 25, 26, 27, 28, 29]
[2026-05-15 23:43:50] Valid hours for sum: [12, 18, 24, 29]
[2026-05-15 23:43:52] Drought composite end date: 2018-08-13 06:00:00
[2026-05-15 23:43:52] Land cover year: 2017
[2026-05-15 23:43:53] VIIRS Veg composite: 2018-07-12 → 2018-07-28
[2026-05-15 23:43:58] Started export task: fire_226_dynamic_2018-08-17
[2026-05-15 23:43:58] ------ Processing date=2018-08-18 ------
[2026-05-15 23:43:58] Using viirs_af_path: viirs_af_path
[2026-05-15 23:43:58] VIIRS Image Date: ['2018-08-18 00:00:00']
[2026-05-15 23:43:59] Weather image size: 1
[2026-05-15 23:43:59] Forecast duration: 2018-08-19 00:00:00 to 2018-08-20 00:00:00
[2026-05-15 23:43:59] Number of forecast images: 24
[2026-05-15 23:43:59] Using forecast run: 2018-08-18 18:00:00 UTC
[2026-05-15 23:44:00] Forecast Rain Available hours: [6, 7, 8, 9, 10, 11, 12, 13, 14, 15, 16, 17, 18, 19, 20, 21, 22, 23, 24, 25, 26, 27, 28, 29]
[2026-05-15 23:44:00] Valid hours for sum: [12, 18, 24, 29]
[2026-05-15 23:44:02] Drought composite end date: 2018-08-13 06:00:00
[2026-05-15 23:44:02] Land cover year: 2017
[2026-05-15 23:44:03] VIIRS Veg composite: 2018-07-12 → 2018-07-28
[2026-05-15 23:44:06] Started export task: fire_226_dynamic_2018-08-18
[2026-05-15 23:44:07] ------ Processing date=2018-08-19 ------
[2026-05-15 23:44:07] Using viirs_af_path: viirs_af_path
[2026-05-15 23:44:07] VIIRS Image Date: ['2018-08-19 00:00:00']
[2026-05-15 23:44:07] Weather image size: 1
[2026-05-15 23:44:07] Forecast duration: 2018-08-20 00:00:00 to 2018-08-21 00:00:00
[2026-05-15 23:44:08] Number of forecast images: 24
[2026-05-15 23:44:08] Using forecast run: 2018-08-19 18:00:00 UTC
[2026-05-15 23:44:09] Forecast Rain Available hours: [6, 7, 8, 9, 10, 11, 12, 13, 14, 15, 16, 17, 18, 19, 20, 21, 22, 23, 24, 25, 26, 27, 28, 29]
[2026-05-15 23:44:09] Valid hours for sum: [12, 18, 24, 29]
[2026-05-15 23:44:11] Drought composite end date: 2018-08-18 06:00:00
[2026-05-15 23:44:11] Land cover year: 2017
[2026-05-15 23:44:12] VIIRS Veg composite: 2018-07-12 → 2018-07-28
[2026-05-15 23:44:15] Started export task: fire_226_dynamic_2018-08-19
[2026-05-15 23:44:16] ------ Processing date=2018-08-20 ------
[2026-05-15 23:44:16] Using viirs_af_path: viirs_af_path
[2026-05-15 23:44:16] VIIRS Image Date: ['2018-08-20 00:00:00']
[2026-05-15 23:44:16] Weather image size: 1
[2026-05-15 23:44:16] Forecast duration: 2018-08-21 00:00:00 to 2018-08-22 00:00:00
[2026-05-15 23:44:17] Number of forecast images: 24
[2026-05-15 23:44:17] Using forecast run: 2018-08-20 18:00:00 UTC
[2026-05-15 23:44:17] Forecast Rain Available hours: [6, 7, 8, 9, 10, 11, 12, 13, 14, 15, 16, 17, 18, 19, 20, 21, 22, 23, 24, 25, 26, 27, 28, 29]
[2026-05-15 23:44:17] Valid hours for sum: [12, 18, 24, 29]
[2026-05-15 23:44:18] Drought composite end date: 2018-08-18 06:00:00
[2026-05-15 23:44:19] Land cover year: 2017
[2026-05-15 23:44:20] VIIRS Veg composite: 2018-07-12 → 2018-07-28
[2026-05-15 23:44:23] Started export task: fire_226_dynamic_2018-08-20
[2026-05-15 23:44:23] ------ Processing date=2018-08-21 ------
[2026-05-15 23:44:23] Using viirs_af_path: viirs_af_path
[2026-05-15 23:44:23] VIIRS Image Date: ['2018-08-21 00:00:00']
[2026-05-15 23:44:25] Weather image size: 1
[2026-05-15 23:44:25] Forecast duration: 2018-08-22 00:00:00 to 2018-08-23 00:00:00
[2026-05-15 23:44:26] Number of forecast images: 24
[2026-05-15 23:44:26] Using forecast run: 2018-08-21 18:00:00 UTC
[2026-05-15 23:44:27] Forecast Rain Available hours: [6, 7, 8, 9, 10, 11, 12, 13, 14, 15, 16, 17, 18, 19, 20, 21, 22, 23, 24, 25, 26, 27, 28, 29]
[2026-05-15 23:44:27] Valid hours for sum: [12, 18, 24, 29]
[2026-05-15 23:44:29] Drought composite end date: 2018-08-18 06:00:00
[2026-05-15 23:44:29] Land cover year: 2017
[2026-05-15 23:44:30] VIIRS Veg composite: 2018-07-12 → 2018-07-28
[2026-05-15 23:44:33] Started export task: fire_226_dynamic_2018-08-21
[2026-05-15 23:44:34] ------ Processing date=2018-08-22 ------
[2026-05-15 23:44:34] Using viirs_af_path: viirs_af_path
[2026-05-15 23:44:34] VIIRS Image Date: ['2018-08-22 00:00:00']
[2026-05-15 23:44:34] Weather image size: 1
[2026-05-15 23:44:34] Forecast duration: 2018-08-23 00:00:00 to 2018-08-24 00:00:00
[2026-05-15 23:44:35] Number of forecast images: 24
[2026-05-15 23:44:35] Using forecast run: 2018-08-22 18:00:00 UTC
[2026-05-15 23:44:36] Forecast Rain Available hours: [6, 7, 8, 9, 10, 11, 12, 13, 14, 15, 16, 17, 18, 19, 20, 21, 22, 23, 24, 25, 26, 27, 28, 29]
[2026-05-15 23:44:36] Valid hours for sum: [12, 18, 24, 29]
[2026-05-15 23:44:37] Drought composite end date: 2018-08-18 06:00:00
[2026-05-15 23:44:37] Land cover year: 2017
[2026-05-15 23:44:38] VIIRS Veg composite: 2018-07-12 → 2018-07-28
[2026-05-15 23:44:42] Started export task: fire_226_dynamic_2018-08-22
[2026-05-15 23:44:42] ------ Processing date=2018-08-23 ------
[2026-05-15 23:44:42] Using viirs_af_path: viirs_af_path
[2026-05-15 23:44:43] VIIRS Image Date: ['2018-08-23 00:00:00']
[2026-05-15 23:44:43] Weather image size: 1
[2026-05-15 23:44:43] Forecast duration: 2018-08-24 00:00:00 to 2018-08-25 00:00:00
[2026-05-15 23:44:44] Number of forecast images: 24
[2026-05-15 23:44:44] Using forecast run: 2018-08-23 18:00:00 UTC
[2026-05-15 23:44:44] Forecast Rain Available hours: [6, 7, 8, 9, 10, 11, 12, 13, 14, 15, 16, 17, 18, 19, 20, 21, 22, 23, 24, 25, 26, 27, 28, 29]
[2026-05-15 23:44:44] Valid hours for sum: [12, 18, 24, 29]
[2026-05-15 23:44:47] Drought composite end date: 2018-08-18 06:00:00
[2026-05-15 23:44:47] Land cover year: 2017
[2026-05-15 23:44:49] VIIRS Veg composite: 2018-07-12 → 2018-07-28
[2026-05-15 23:44:52] Started export task: fire_226_dynamic_2018-08-23
[2026-05-15 23:44:53] ------ Processing date=2018-08-24 ------
[2026-05-15 23:44:53] Using viirs_af_path: viirs_af_path
[2026-05-15 23:44:53] VIIRS Image Date: ['2018-08-24 00:00:00']
[2026-05-15 23:44:53] Weather image size: 1
[2026-05-15 23:44:53] Forecast duration: 2018-08-25 00:00:00 to 2018-08-26 00:00:00
[2026-05-15 23:44:54] Number of forecast images: 24
[2026-05-15 23:44:54] Using forecast run: 2018-08-24 18:00:00 UTC
[2026-05-15 23:44:54] Forecast Rain Available hours: [6, 7, 8, 9, 10, 11, 12, 13, 14, 15, 16, 17, 18, 19, 20, 21, 22, 23, 24, 25, 26, 27, 28, 29]
[2026-05-15 23:44:54] Valid hours for sum: [12, 18, 24, 29]
[2026-05-15 23:44:56] Drought composite end date: 2018-08-23 06:00:00
[2026-05-15 23:45:05] Land cover year: 2017
[2026-05-15 23:45:05] VIIRS Veg composite: 2018-07-12 → 2018-07-28
[2026-05-15 23:45:10] Started export task: fire_226_dynamic_2018-08-24
[2026-05-15 23:45:11] ------ Processing date=2018-08-25 ------
[2026-05-15 23:45:11] Using viirs_af_path: viirs_af_path
[2026-05-15 23:45:11] VIIRS Image Date: ['2018-08-25 00:00:00']
[2026-05-15 23:45:11] Weather image size: 1
[2026-05-15 23:45:11] Forecast duration: 2018-08-26 00:00:00 to 2018-08-27 00:00:00
[2026-05-15 23:45:12] Number of forecast images: 24
[2026-05-15 23:45:12] Using forecast run: 2018-08-25 18:00:00 UTC
[2026-05-15 23:45:13] Forecast Rain Available hours: [6, 7, 8, 9, 10, 11, 12, 13, 14, 15, 16, 17, 18, 19, 20, 21, 22, 23, 24, 25, 26, 27, 28, 29]
[2026-05-15 23:45:13] Valid hours for sum: [12, 18, 24, 29]
[2026-05-15 23:45:15] Drought composite end date: 2018-08-23 06:00:00
[2026-05-15 23:45:16] Land cover year: 2017
[2026-05-15 23:45:17] VIIRS Veg composite: 2018-07-12 → 2018-07-28
[2026-05-15 23:45:21] Started export task: fire_226_dynamic_2018-08-25
[2026-05-15 23:45:21] ------ Processing date=2018-08-26 ------
[2026-05-15 23:45:21] Using viirs_af_path: viirs_af_path
[2026-05-15 23:45:22] VIIRS Image Date: ['2018-08-26 00:00:00']
[2026-05-15 23:45:22] Weather image size: 1
[2026-05-15 23:45:22] Forecast duration: 2018-08-27 00:00:00 to 2018-08-28 00:00:00
[2026-05-15 23:45:23] Number of forecast images: 24
[2026-05-15 23:45:23] Using forecast run: 2018-08-26 18:00:00 UTC
[2026-05-15 23:45:23] Forecast Rain Available hours: [6, 7, 8, 9, 10, 11, 12, 13, 14, 15, 16, 17, 18, 19, 20, 21, 22, 23, 24, 25, 26, 27, 28, 29]
[2026-05-15 23:45:23] Valid hours for sum: [12, 18, 24, 29]
[2026-05-15 23:45:25] Drought composite end date: 2018-08-23 06:00:00
[2026-05-15 23:45:25] Land cover year: 2017
[2026-05-15 23:45:26] VIIRS Veg composite: 2018-07-12 → 2018-07-28
[2026-05-15 23:45:29] Started export task: fire_226_dynamic_2018-08-26
[2026-05-15 23:45:29] ------ Processing date=2018-08-27 ------
[2026-05-15 23:45:29] Using viirs_af_path: viirs_af_path
[2026-05-15 23:45:30] VIIRS Image Date: ['2018-08-27 00:00:00']
[2026-05-15 23:45:30] Weather image size: 1
[2026-05-15 23:45:30] Forecast duration: 2018-08-28 00:00:00 to 2018-08-29 00:00:00
[2026-05-15 23:45:31] Number of forecast images: 24
[2026-05-15 23:45:31] Using forecast run: 2018-08-27 18:00:00 UTC
[2026-05-15 23:45:31] Forecast Rain Available hours: [6, 7, 8, 9, 10, 11, 12, 13, 14, 15, 16, 17, 18, 19, 20, 21, 22, 23, 24, 25, 26, 27, 28, 29]
[2026-05-15 23:45:31] Valid hours for sum: [12, 18, 24, 29]
[2026-05-15 23:45:33] Drought composite end date: 2018-08-23 06:00:00
[2026-05-15 23:45:34] Land cover year: 2017
[2026-05-15 23:45:35] VIIRS Veg composite: 2018-07-12 → 2018-07-28
[2026-05-15 23:45:40] Started export task: fire_226_dynamic_2018-08-27
[2026-05-15 23:45:40] END: ----------Event fire_226----------- (Duration: 5.38m)
[2026-05-15 23:45:40] START: ----------Event fire_227-----------
[2026-05-15 23:45:40] ------ Processing date=2018-07-26 ------
[2026-05-15 23:45:40] Using viirs_af_path: viirs_af_path
[2026-05-15 23:45:41] VIIRS Image Date: ['2018-07-26 00:00:00']
[2026-05-15 23:45:41] Weather image size: 1
[2026-05-15 23:45:41] Forecast duration: 2018-07-27 00:00:00 to 2018-07-28 00:00:00
[2026-05-15 23:45:42] Number of forecast images: 24
[2026-05-15 23:45:42] Using forecast run: 2018-07-26 18:00:00 UTC
[2026-05-15 23:45:42] Forecast Rain Available hours: [6, 7, 8, 9, 10, 11, 12, 13, 14, 15, 16, 17, 18, 19, 20, 21, 22, 23, 24, 25, 26, 27, 28, 29]
[2026-05-15 23:45:42] Valid hours for sum: [12, 18, 24, 29]
[2026-05-15 23:45:44] Drought composite end date: 2018-07-24 06:00:00
[2026-05-15 23:45:45] Land cover year: 2017
[2026-05-15 23:45:46] VIIRS Veg composite: 2018-07-12 → 2018-07-28
[2026-05-15 23:45:48] Started export task: fire_227_static
[2026-05-15 23:45:49] Started export task: fire_227_dynamic_2018-07-26
[2026-05-15 23:45:49] ------ Processing date=2018-07-27 ------
[2026-05-15 23:45:49] Using viirs_af_path: viirs_af_path
[2026-05-15 23:45:49] VIIRS Image Date: ['2018-07-27 00:00:00']
[2026-05-15 23:45:49] Weather image size: 1
[2026-05-15 23:45:49] Forecast duration: 2018-07-28 00:00:00 to 2018-07-29 00:00:00
[2026-05-15 23:45:50] Number of forecast images: 24
[2026-05-15 23:45:50] Using forecast run: 2018-07-27 18:00:00 UTC
[2026-05-15 23:45:51] Forecast Rain Available hours: [6, 7, 8, 9, 10, 11, 12, 13, 14, 15, 16, 17, 18, 19, 20, 21, 22, 23, 24, 25, 26, 27, 28, 29]
[2026-05-15 23:45:51] Valid hours for sum: [12, 18, 24, 29]
[2026-05-15 23:45:53] Drought composite end date: 2018-07-24 06:00:00
[2026-05-15 23:45:53] Land cover year: 2017
[2026-05-15 23:45:54] VIIRS Veg composite: 2018-07-12 → 2018-07-28
[2026-05-15 23:45:57] Started export task: fire_227_dynamic_2018-07-27
[2026-05-15 23:45:57] ------ Processing date=2018-07-28 ------
[2026-05-15 23:45:57] Using viirs_af_path: viirs_af_path
[2026-05-15 23:45:58] VIIRS Image Date: ['2018-07-28 00:00:00']
[2026-05-15 23:45:58] Weather image size: 1
[2026-05-15 23:45:58] Forecast duration: 2018-07-29 00:00:00 to 2018-07-30 00:00:00
[2026-05-15 23:45:59] Number of forecast images: 24
[2026-05-15 23:45:59] Using forecast run: 2018-07-28 18:00:00 UTC
[2026-05-15 23:45:59] Forecast Rain Available hours: [6, 7, 8, 9, 10, 11, 12, 13, 14, 15, 16, 17, 18, 19, 20, 21, 22, 23, 24, 25, 26, 27, 28, 29]
[2026-05-15 23:45:59] Valid hours for sum: [12, 18, 24, 29]
[2026-05-15 23:46:01] Drought composite end date: 2018-07-24 06:00:00
[2026-05-15 23:46:01] Land cover year: 2017
[2026-05-15 23:46:02] VIIRS Veg composite: 2018-07-12 → 2018-07-28
[2026-05-15 23:46:05] Started export task: fire_227_dynamic_2018-07-28
[2026-05-15 23:46:06] ------ Processing date=2018-07-29 ------
[2026-05-15 23:46:06] Using viirs_af_path: viirs_af_path
[2026-05-15 23:46:06] VIIRS Image Date: ['2018-07-29 00:00:00']
[2026-05-15 23:46:06] Weather image size: 1
[2026-05-15 23:46:06] Forecast duration: 2018-07-30 00:00:00 to 2018-07-31 00:00:00
[2026-05-15 23:46:07] Number of forecast images: 24
[2026-05-15 23:46:07] Using forecast run: 2018-07-29 18:00:00 UTC
[2026-05-15 23:46:08] Forecast Rain Available hours: [6, 7, 8, 9, 10, 11, 12, 13, 14, 15, 16, 17, 18, 19, 20, 21, 22, 23, 24, 25, 26, 27, 28, 29]
[2026-05-15 23:46:08] Valid hours for sum: [12, 18, 24, 29]
[2026-05-15 23:46:09] Drought composite end date: 2018-07-24 06:00:00
[2026-05-15 23:46:09] Land cover year: 2017
[2026-05-15 23:46:10] VIIRS Veg composite: 2018-07-12 → 2018-07-28
[2026-05-15 23:46:15] Started export task: fire_227_dynamic_2018-07-29
[2026-05-15 23:46:15] ------ Processing date=2018-07-30 ------
[2026-05-15 23:46:15] Using viirs_af_path: viirs_af_path
[2026-05-15 23:46:15] VIIRS Image Date: ['2018-07-30 00:00:00']
[2026-05-15 23:46:16] Weather image size: 1
[2026-05-15 23:46:16] Forecast duration: 2018-07-31 00:00:00 to 2018-08-01 00:00:00
[2026-05-15 23:46:16] Number of forecast images: 24
[2026-05-15 23:46:16] Using forecast run: 2018-07-30 18:00:00 UTC
[2026-05-15 23:46:17] Forecast Rain Available hours: [6, 7, 8, 9, 10, 11, 12, 13, 14, 15, 16, 17, 18, 19, 20, 21, 22, 23, 24, 25, 26, 27, 28, 29]
[2026-05-15 23:46:17] Valid hours for sum: [12, 18, 24, 29]
[2026-05-15 23:46:18] Drought composite end date: 2018-07-29 06:00:00
[2026-05-15 23:46:18] Land cover year: 2017
[2026-05-15 23:46:19] VIIRS Veg composite: 2018-07-12 → 2018-07-28
[2026-05-15 23:46:24] Started export task: fire_227_dynamic_2018-07-30
[2026-05-15 23:46:24] ------ Processing date=2018-07-31 ------
[2026-05-15 23:46:24] Using viirs_af_path: viirs_af_path
[2026-05-15 23:46:24] VIIRS Image Date: ['2018-07-31 00:00:00']
[2026-05-15 23:46:25] Weather image size: 1
[2026-05-15 23:46:25] Forecast duration: 2018-08-01 00:00:00 to 2018-08-02 00:00:00
[2026-05-15 23:46:25] Number of forecast images: 24
[2026-05-15 23:46:25] Using forecast run: 2018-07-31 18:00:00 UTC
[2026-05-15 23:46:26] Forecast Rain Available hours: [6, 7, 8, 9, 10, 11, 12, 13, 14, 15, 16, 17, 18, 19, 20, 21, 22, 23, 24, 25, 26, 27, 28, 29]
[2026-05-15 23:46:26] Valid hours for sum: [12, 18, 24, 29]
[2026-05-15 23:46:29] Drought composite end date: 2018-07-29 06:00:00
[2026-05-15 23:46:29] Land cover year: 2017
[2026-05-15 23:46:31] VIIRS Veg composite: 2018-07-12 → 2018-07-28
[2026-05-15 23:46:34] Started export task: fire_227_dynamic_2018-07-31
[2026-05-15 23:46:34] ------ Processing date=2018-08-01 ------
[2026-05-15 23:46:34] Using viirs_af_path: viirs_af_path
[2026-05-15 23:46:34] VIIRS Image Date: ['2018-08-01 00:00:00']
[2026-05-15 23:46:35] Weather image size: 1
[2026-05-15 23:46:35] Forecast duration: 2018-08-02 00:00:00 to 2018-08-03 00:00:00
[2026-05-15 23:46:36] Number of forecast images: 24
[2026-05-15 23:46:36] Using forecast run: 2018-08-01 18:00:00 UTC
[2026-05-15 23:46:36] Forecast Rain Available hours: [6, 7, 8, 9, 10, 11, 12, 13, 14, 15, 16, 17, 18, 19, 20, 21, 22, 23, 24, 25, 26, 27, 28, 29]
[2026-05-15 23:46:36] Valid hours for sum: [12, 18, 24, 29]
[2026-05-15 23:46:38] Drought composite end date: 2018-07-29 06:00:00
[2026-05-15 23:46:38] Land cover year: 2017
[2026-05-15 23:46:39] VIIRS Veg composite: 2018-07-12 → 2018-07-28
[2026-05-15 23:46:44] Started export task: fire_227_dynamic_2018-08-01
[2026-05-15 23:46:44] ------ Processing date=2018-08-02 ------
[2026-05-15 23:46:44] Using viirs_af_path: viirs_af_path
[2026-05-15 23:46:45] VIIRS Image Date: ['2018-08-02 00:00:00']
[2026-05-15 23:46:45] Weather image size: 1
[2026-05-15 23:46:45] Forecast duration: 2018-08-03 00:00:00 to 2018-08-04 00:00:00
[2026-05-15 23:46:46] Number of forecast images: 24
[2026-05-15 23:46:46] Using forecast run: 2018-08-02 18:00:00 UTC
[2026-05-15 23:46:46] Forecast Rain Available hours: [6, 7, 8, 9, 10, 11, 12, 13, 14, 15, 16, 17, 18, 19, 20, 21, 22, 23, 24, 25, 26, 27, 28, 29]
[2026-05-15 23:46:46] Valid hours for sum: [12, 18, 24, 29]
[2026-05-15 23:46:49] Drought composite end date: 2018-07-29 06:00:00
[2026-05-15 23:46:49] Land cover year: 2017
[2026-05-15 23:46:50] VIIRS Veg composite: 2018-07-12 → 2018-07-28
[2026-05-15 23:46:53] Started export task: fire_227_dynamic_2018-08-02
[2026-05-15 23:46:54] ------ Processing date=2018-08-03 ------
[2026-05-15 23:46:54] Using viirs_af_path: viirs_af_path
[2026-05-15 23:46:54] VIIRS Image Date: ['2018-08-03 00:00:00']
[2026-05-15 23:46:54] Weather image size: 1
[2026-05-15 23:46:54] Forecast duration: 2018-08-04 00:00:00 to 2018-08-05 00:00:00
[2026-05-15 23:46:55] Number of forecast images: 24
[2026-05-15 23:46:55] Using forecast run: 2018-08-03 18:00:00 UTC
[2026-05-15 23:46:56] Forecast Rain Available hours: [6, 7, 8, 9, 10, 11, 12, 13, 14, 15, 16, 17, 18, 19, 20, 21, 22, 23, 24, 25, 26, 27, 28, 29]
[2026-05-15 23:46:56] Valid hours for sum: [12, 18, 24, 29]
[2026-05-15 23:46:58] Drought composite end date: 2018-07-29 06:00:00
[2026-05-15 23:46:58] Land cover year: 2017
[2026-05-15 23:46:59] VIIRS Veg composite: 2018-07-12 → 2018-07-28
[2026-05-15 23:47:04] Started export task: fire_227_dynamic_2018-08-03
[2026-05-15 23:47:05] ------ Processing date=2018-08-04 ------
[2026-05-15 23:47:05] Using viirs_af_path: viirs_af_path
[2026-05-15 23:47:05] VIIRS Image Date: ['2018-08-04 00:00:00']
[2026-05-15 23:47:05] Weather image size: 1
[2026-05-15 23:47:05] Forecast duration: 2018-08-05 00:00:00 to 2018-08-06 00:00:00
[2026-05-15 23:47:06] Number of forecast images: 24
[2026-05-15 23:47:06] Using forecast run: 2018-08-04 18:00:00 UTC
[2026-05-15 23:47:07] Forecast Rain Available hours: [6, 7, 8, 9, 10, 11, 12, 13, 14, 15, 16, 17, 18, 19, 20, 21, 22, 23, 24, 25, 26, 27, 28, 29]
[2026-05-15 23:47:07] Valid hours for sum: [12, 18, 24, 29]
[2026-05-15 23:47:09] Drought composite end date: 2018-08-03 06:00:00
[2026-05-15 23:47:09] Land cover year: 2017
[2026-05-15 23:47:11] VIIRS Veg composite: 2018-07-12 → 2018-07-28
[2026-05-15 23:47:14] Started export task: fire_227_dynamic_2018-08-04
[2026-05-15 23:47:15] ------ Processing date=2018-08-05 ------
[2026-05-15 23:47:15] Using viirs_af_path: viirs_af_path
[2026-05-15 23:47:15] VIIRS Image Date: ['2018-08-05 00:00:00']
[2026-05-15 23:47:15] Weather image size: 1
[2026-05-15 23:47:15] Forecast duration: 2018-08-06 00:00:00 to 2018-08-07 00:00:00
[2026-05-15 23:47:16] Number of forecast images: 24
[2026-05-15 23:47:16] Using forecast run: 2018-08-05 18:00:00 UTC
[2026-05-15 23:47:16] Forecast Rain Available hours: [6, 7, 8, 9, 10, 11, 12, 13, 14, 15, 16, 17, 18, 19, 20, 21, 22, 23, 24, 25, 26, 27, 28, 29]
[2026-05-15 23:47:16] Valid hours for sum: [12, 18, 24, 29]
[2026-05-15 23:47:19] Drought composite end date: 2018-08-03 06:00:00
[2026-05-15 23:47:19] Land cover year: 2017
[2026-05-15 23:47:20] VIIRS Veg composite: 2018-07-12 → 2018-07-28
[2026-05-15 23:47:26] Started export task: fire_227_dynamic_2018-08-05
[2026-05-15 23:47:26] ------ Processing date=2018-08-06 ------
[2026-05-15 23:47:26] Using viirs_af_path: viirs_af_path
[2026-05-15 23:47:26] VIIRS Image Date: ['2018-08-06 00:00:00']
[2026-05-15 23:47:27] Weather image size: 1
[2026-05-15 23:47:27] Forecast duration: 2018-08-07 00:00:00 to 2018-08-08 00:00:00
[2026-05-15 23:47:28] Number of forecast images: 24
[2026-05-15 23:47:28] Using forecast run: 2018-08-06 18:00:00 UTC
[2026-05-15 23:47:29] Forecast Rain Available hours: [6, 7, 8, 9, 10, 11, 12, 13, 14, 15, 16, 17, 18, 19, 20, 21, 22, 23, 24, 25, 26, 27, 28, 29]
[2026-05-15 23:47:29] Valid hours for sum: [12, 18, 24, 29]
[2026-05-15 23:47:31] Drought composite end date: 2018-08-03 06:00:00
[2026-05-15 23:47:31] Land cover year: 2017
[2026-05-15 23:47:32] VIIRS Veg composite: 2018-07-12 → 2018-07-28
[2026-05-15 23:47:35] Started export task: fire_227_dynamic_2018-08-06
[2026-05-15 23:47:35] ------ Processing date=2018-08-07 ------
[2026-05-15 23:47:35] Using viirs_af_path: viirs_af_path
[2026-05-15 23:47:36] VIIRS Image Date: ['2018-08-07 00:00:00']
[2026-05-15 23:47:36] Weather image size: 1
[2026-05-15 23:47:36] Forecast duration: 2018-08-08 00:00:00 to 2018-08-09 00:00:00
[2026-05-15 23:47:37] Number of forecast images: 24
[2026-05-15 23:47:37] Using forecast run: 2018-08-07 18:00:00 UTC
[2026-05-15 23:47:37] Forecast Rain Available hours: [6, 7, 8, 9, 10, 11, 12, 13, 14, 15, 16, 17, 18, 19, 20, 21, 22, 23, 24, 25, 26, 27, 28, 29]
[2026-05-15 23:47:37] Valid hours for sum: [12, 18, 24, 29]
[2026-05-15 23:47:41] Drought composite end date: 2018-08-03 06:00:00
[2026-05-15 23:47:41] Land cover year: 2017
[2026-05-15 23:47:42] VIIRS Veg composite: 2018-07-12 → 2018-07-28
[2026-05-15 23:47:46] Started export task: fire_227_dynamic_2018-08-07
[2026-05-15 23:47:46] ------ Processing date=2018-08-08 ------
[2026-05-15 23:47:46] Using viirs_af_path: viirs_af_path
[2026-05-15 23:47:46] VIIRS Image Date: ['2018-08-08 00:00:00']
[2026-05-15 23:47:46] Weather image size: 1
[2026-05-15 23:47:46] Forecast duration: 2018-08-09 00:00:00 to 2018-08-10 00:00:00
[2026-05-15 23:47:47] Number of forecast images: 24
[2026-05-15 23:47:47] Using forecast run: 2018-08-08 18:00:00 UTC
[2026-05-15 23:47:48] Forecast Rain Available hours: [6, 7, 8, 9, 10, 11, 12, 13, 14, 15, 16, 17, 18, 19, 20, 21, 22, 23, 24, 25, 26, 27, 28, 29]
[2026-05-15 23:47:48] Valid hours for sum: [12, 18, 24, 29]
[2026-05-15 23:47:50] Drought composite end date: 2018-08-03 06:00:00
[2026-05-15 23:47:50] Land cover year: 2017
[2026-05-15 23:47:51] VIIRS Veg composite: 2018-07-12 → 2018-07-28
[2026-05-15 23:47:55] Started export task: fire_227_dynamic_2018-08-08
[2026-05-15 23:47:55] ------ Processing date=2018-08-09 ------
[2026-05-15 23:47:55] Using viirs_af_path: viirs_af_path
[2026-05-15 23:47:56] VIIRS Image Date: ['2018-08-09 00:00:00']
[2026-05-15 23:47:56] Weather image size: 1
[2026-05-15 23:47:56] Forecast duration: 2018-08-10 00:00:00 to 2018-08-11 00:00:00
[2026-05-15 23:47:57] Number of forecast images: 24
[2026-05-15 23:47:57] Using forecast run: 2018-08-09 18:00:00 UTC
[2026-05-15 23:47:57] Forecast Rain Available hours: [6, 7, 8, 9, 10, 11, 12, 13, 14, 15, 16, 17, 18, 19, 20, 21, 22, 23, 24, 25, 26, 27, 28, 29]
[2026-05-15 23:47:57] Valid hours for sum: [12, 18, 24, 29]
[2026-05-15 23:47:59] Drought composite end date: 2018-08-08 06:00:00
[2026-05-15 23:47:59] Land cover year: 2017
[2026-05-15 23:48:01] VIIRS Veg composite: 2018-07-12 → 2018-07-28
[2026-05-15 23:48:05] Started export task: fire_227_dynamic_2018-08-09
[2026-05-15 23:48:06] ------ Processing date=2018-08-10 ------
[2026-05-15 23:48:06] Using viirs_af_path: viirs_af_path
[2026-05-15 23:48:06] VIIRS Image Date: ['2018-08-10 00:00:00']
[2026-05-15 23:48:06] Weather image size: 1
[2026-05-15 23:48:06] Forecast duration: 2018-08-11 00:00:00 to 2018-08-12 00:00:00
[2026-05-15 23:48:07] Number of forecast images: 24
[2026-05-15 23:48:07] Using forecast run: 2018-08-10 18:00:00 UTC
[2026-05-15 23:48:08] Forecast Rain Available hours: [6, 7, 8, 9, 10, 11, 12, 13, 14, 15, 16, 17, 18, 19, 20, 21, 22, 23, 24, 25, 26, 27, 28, 29]
[2026-05-15 23:48:08] Valid hours for sum: [12, 18, 24, 29]
[2026-05-15 23:48:10] Drought composite end date: 2018-08-08 06:00:00
[2026-05-15 23:48:10] Land cover year: 2017
[2026-05-15 23:48:10] VIIRS Veg composite: 2018-07-12 → 2018-07-28
[2026-05-15 23:48:14] Started export task: fire_227_dynamic_2018-08-10
[2026-05-15 23:48:14] ------ Processing date=2018-08-11 ------
[2026-05-15 23:48:14] Using viirs_af_path: viirs_af_path
[2026-05-15 23:48:14] VIIRS Image Date: ['2018-08-11 00:00:00']
[2026-05-15 23:48:15] Weather image size: 1
[2026-05-15 23:48:15] Forecast duration: 2018-08-12 00:00:00 to 2018-08-13 00:00:00
[2026-05-15 23:48:16] Number of forecast images: 24
[2026-05-15 23:48:16] Using forecast run: 2018-08-11 18:00:00 UTC
[2026-05-15 23:48:16] Forecast Rain Available hours: [6, 7, 8, 9, 10, 11, 12, 13, 14, 15, 16, 17, 18, 19, 20, 21, 22, 23, 24, 25, 26, 27, 28, 29]
[2026-05-15 23:48:16] Valid hours for sum: [12, 18, 24, 29]
[2026-05-15 23:48:18] Drought composite end date: 2018-08-08 06:00:00
[2026-05-15 23:48:18] Land cover year: 2017
[2026-05-15 23:48:19] VIIRS Veg composite: 2018-07-12 → 2018-07-28
[2026-05-15 23:48:23] Started export task: fire_227_dynamic_2018-08-11
[2026-05-15 23:48:23] ------ Processing date=2018-08-12 ------
[2026-05-15 23:48:23] Using viirs_af_path: viirs_af_path
[2026-05-15 23:48:23] VIIRS Image Date: ['2018-08-12 00:00:00']
[2026-05-15 23:48:24] Weather image size: 1
[2026-05-15 23:48:24] Forecast duration: 2018-08-13 00:00:00 to 2018-08-14 00:00:00
[2026-05-15 23:48:25] Number of forecast images: 24
[2026-05-15 23:48:25] Using forecast run: 2018-08-12 18:00:00 UTC
[2026-05-15 23:48:25] Forecast Rain Available hours: [6, 7, 8, 9, 10, 11, 12, 13, 14, 15, 16, 17, 18, 19, 20, 21, 22, 23, 24, 25, 26, 27, 28, 29]
[2026-05-15 23:48:25] Valid hours for sum: [12, 18, 24, 29]
[2026-05-15 23:48:28] Drought composite end date: 2018-08-08 06:00:00
[2026-05-15 23:48:29] Land cover year: 2017
[2026-05-15 23:48:29] VIIRS Veg composite: 2018-07-12 → 2018-07-28
[2026-05-15 23:48:32] Started export task: fire_227_dynamic_2018-08-12
[2026-05-15 23:48:33] END: ----------Event fire_227----------- (Duration: 2.88m)
[2026-05-15 23:48:33] START: ----------Event fire_228-----------
[2026-05-15 23:48:33] ------ Processing date=2018-07-28 ------
[2026-05-15 23:48:33] Using viirs_af_path: viirs_af_path
[2026-05-15 23:48:33] VIIRS Image Date: ['2018-07-28 00:00:00']
[2026-05-15 23:48:33] Weather image size: 1
[2026-05-15 23:48:33] Forecast duration: 2018-07-29 00:00:00 to 2018-07-30 00:00:00
[2026-05-15 23:48:34] Number of forecast images: 24
[2026-05-15 23:48:34] Using forecast run: 2018-07-28 18:00:00 UTC
[2026-05-15 23:48:34] Forecast Rain Available hours: [6, 7, 8, 9, 10, 11, 12, 13, 14, 15, 16, 17, 18, 19, 20, 21, 22, 23, 24, 25, 26, 27, 28, 29]
[2026-05-15 23:48:34] Valid hours for sum: [12, 18, 24, 29]
[2026-05-15 23:48:37] Drought composite end date: 2018-07-24 06:00:00
[2026-05-15 23:48:37] Land cover year: 2017
[2026-05-15 23:48:38] VIIRS Veg composite: 2018-07-12 → 2018-07-28
[2026-05-15 23:48:42] Started export task: fire_228_static
[2026-05-15 23:48:43] Started export task: fire_228_dynamic_2018-07-28
[2026-05-15 23:48:43] ------ Processing date=2018-07-29 ------
[2026-05-15 23:48:43] Using viirs_af_path: viirs_af_path
[2026-05-15 23:48:43] VIIRS Image Date: ['2018-07-29 00:00:00']
[2026-05-15 23:48:44] Weather image size: 1
[2026-05-15 23:48:44] Forecast duration: 2018-07-30 00:00:00 to 2018-07-31 00:00:00
[2026-05-15 23:48:45] Number of forecast images: 24
[2026-05-15 23:48:45] Using forecast run: 2018-07-29 18:00:00 UTC
[2026-05-15 23:48:45] Forecast Rain Available hours: [6, 7, 8, 9, 10, 11, 12, 13, 14, 15, 16, 17, 18, 19, 20, 21, 22, 23, 24, 25, 26, 27, 28, 29]
[2026-05-15 23:48:45] Valid hours for sum: [12, 18, 24, 29]
[2026-05-15 23:48:48] Drought composite end date: 2018-07-24 06:00:00
[2026-05-15 23:48:48] Land cover year: 2017
[2026-05-15 23:48:50] VIIRS Veg composite: 2018-07-12 → 2018-07-28
[2026-05-15 23:48:55] Started export task: fire_228_dynamic_2018-07-29
[2026-05-15 23:48:55] ------ Processing date=2018-07-30 ------
[2026-05-15 23:48:55] Using viirs_af_path: viirs_af_path
[2026-05-15 23:48:56] VIIRS Image Date: ['2018-07-30 00:00:00']
[2026-05-15 23:48:56] Weather image size: 1
[2026-05-15 23:48:56] Forecast duration: 2018-07-31 00:00:00 to 2018-08-01 00:00:00
[2026-05-15 23:48:57] Number of forecast images: 24
[2026-05-15 23:48:57] Using forecast run: 2018-07-30 18:00:00 UTC
[2026-05-15 23:48:57] Forecast Rain Available hours: [6, 7, 8, 9, 10, 11, 12, 13, 14, 15, 16, 17, 18, 19, 20, 21, 22, 23, 24, 25, 26, 27, 28, 29]
[2026-05-15 23:48:57] Valid hours for sum: [12, 18, 24, 29]
[2026-05-15 23:48:59] Drought composite end date: 2018-07-29 06:00:00
[2026-05-15 23:48:59] Land cover year: 2017
[2026-05-15 23:49:01] VIIRS Veg composite: 2018-07-12 → 2018-07-28
[2026-05-15 23:49:04] Started export task: fire_228_dynamic_2018-07-30
[2026-05-15 23:49:04] ------ Processing date=2018-07-31 ------
[2026-05-15 23:49:04] Using viirs_af_path: viirs_af_path
[2026-05-15 23:49:04] VIIRS Image Date: ['2018-07-31 00:00:00']
[2026-05-15 23:49:05] Weather image size: 1
[2026-05-15 23:49:05] Forecast duration: 2018-08-01 00:00:00 to 2018-08-02 00:00:00
[2026-05-15 23:49:06] Number of forecast images: 24
[2026-05-15 23:49:06] Using forecast run: 2018-07-31 18:00:00 UTC
[2026-05-15 23:49:06] Forecast Rain Available hours: [6, 7, 8, 9, 10, 11, 12, 13, 14, 15, 16, 17, 18, 19, 20, 21, 22, 23, 24, 25, 26, 27, 28, 29]
[2026-05-15 23:49:06] Valid hours for sum: [12, 18, 24, 29]
[2026-05-15 23:49:08] Drought composite end date: 2018-07-29 06:00:00
[2026-05-15 23:49:08] Land cover year: 2017
[2026-05-15 23:49:09] VIIRS Veg composite: 2018-07-12 → 2018-07-28
[2026-05-15 23:49:12] Started export task: fire_228_dynamic_2018-07-31
[2026-05-15 23:49:13] ------ Processing date=2018-08-01 ------
[2026-05-15 23:49:13] Using viirs_af_path: viirs_af_path
[2026-05-15 23:49:25] VIIRS Image Date: ['2018-08-01 00:00:00']
[2026-05-15 23:49:25] Weather image size: 1
[2026-05-15 23:49:25] Forecast duration: 2018-08-02 00:00:00 to 2018-08-03 00:00:00
[2026-05-15 23:49:26] Number of forecast images: 24
[2026-05-15 23:49:26] Using forecast run: 2018-08-01 18:00:00 UTC
[2026-05-15 23:49:26] Forecast Rain Available hours: [6, 7, 8, 9, 10, 11, 12, 13, 14, 15, 16, 17, 18, 19, 20, 21, 22, 23, 24, 25, 26, 27, 28, 29]
[2026-05-15 23:49:26] Valid hours for sum: [12, 18, 24, 29]
[2026-05-15 23:49:29] Drought composite end date: 2018-07-29 06:00:00
[2026-05-15 23:49:29] Land cover year: 2017
[2026-05-15 23:49:31] VIIRS Veg composite: 2018-07-12 → 2018-07-28
[2026-05-15 23:49:34] Started export task: fire_228_dynamic_2018-08-01
[2026-05-15 23:49:34] ------ Processing date=2018-08-02 ------
[2026-05-15 23:49:34] Using viirs_af_path: viirs_af_path
[2026-05-15 23:49:35] VIIRS Image Date: ['2018-08-02 00:00:00']
[2026-05-15 23:49:35] Weather image size: 1
[2026-05-15 23:49:35] Forecast duration: 2018-08-03 00:00:00 to 2018-08-04 00:00:00
[2026-05-15 23:49:36] Number of forecast images: 24
[2026-05-15 23:49:36] Using forecast run: 2018-08-02 18:00:00 UTC
[2026-05-15 23:49:36] Forecast Rain Available hours: [6, 7, 8, 9, 10, 11, 12, 13, 14, 15, 16, 17, 18, 19, 20, 21, 22, 23, 24, 25, 26, 27, 28, 29]
[2026-05-15 23:49:36] Valid hours for sum: [12, 18, 24, 29]
[2026-05-15 23:49:38] Drought composite end date: 2018-07-29 06:00:00
[2026-05-15 23:49:38] Land cover year: 2017
[2026-05-15 23:49:39] VIIRS Veg composite: 2018-07-12 → 2018-07-28
[2026-05-15 23:49:42] Started export task: fire_228_dynamic_2018-08-02
[2026-05-15 23:49:42] ------ Processing date=2018-08-03 ------
[2026-05-15 23:49:42] Using viirs_af_path: viirs_af_path
[2026-05-15 23:49:42] VIIRS Image Date: ['2018-08-03 00:00:00']
[2026-05-15 23:49:43] Weather image size: 1
[2026-05-15 23:49:43] Forecast duration: 2018-08-04 00:00:00 to 2018-08-05 00:00:00
[2026-05-15 23:49:44] Number of forecast images: 24
[2026-05-15 23:49:44] Using forecast run: 2018-08-03 18:00:00 UTC
[2026-05-15 23:49:44] Forecast Rain Available hours: [6, 7, 8, 9, 10, 11, 12, 13, 14, 15, 16, 17, 18, 19, 20, 21, 22, 23, 24, 25, 26, 27, 28, 29]
[2026-05-15 23:49:44] Valid hours for sum: [12, 18, 24, 29]
[2026-05-15 23:49:46] Drought composite end date: 2018-07-29 06:00:00
[2026-05-15 23:49:46] Land cover year: 2017
[2026-05-15 23:49:47] VIIRS Veg composite: 2018-07-12 → 2018-07-28
[2026-05-15 23:49:50] Started export task: fire_228_dynamic_2018-08-03
[2026-05-15 23:49:50] ------ Processing date=2018-08-04 ------
[2026-05-15 23:49:50] Using viirs_af_path: viirs_af_path
[2026-05-15 23:49:51] VIIRS Image Date: ['2018-08-04 00:00:00']
[2026-05-15 23:49:51] Weather image size: 1
[2026-05-15 23:49:51] Forecast duration: 2018-08-05 00:00:00 to 2018-08-06 00:00:00
[2026-05-15 23:49:52] Number of forecast images: 24
[2026-05-15 23:49:52] Using forecast run: 2018-08-04 18:00:00 UTC
[2026-05-15 23:49:53] Forecast Rain Available hours: [6, 7, 8, 9, 10, 11, 12, 13, 14, 15, 16, 17, 18, 19, 20, 21, 22, 23, 24, 25, 26, 27, 28, 29]
[2026-05-15 23:49:53] Valid hours for sum: [12, 18, 24, 29]
[2026-05-15 23:49:55] Drought composite end date: 2018-08-03 06:00:00
[2026-05-15 23:49:56] Land cover year: 2017
[2026-05-15 23:49:56] VIIRS Veg composite: 2018-07-12 → 2018-07-28
[2026-05-15 23:50:01] Started export task: fire_228_dynamic_2018-08-04
[2026-05-15 23:50:01] ------ Processing date=2018-08-05 ------
[2026-05-15 23:50:01] Using viirs_af_path: viirs_af_path
[2026-05-15 23:50:02] VIIRS Image Date: ['2018-08-05 00:00:00']
[2026-05-15 23:50:02] Weather image size: 1
[2026-05-15 23:50:02] Forecast duration: 2018-08-06 00:00:00 to 2018-08-07 00:00:00
[2026-05-15 23:50:03] Number of forecast images: 24
[2026-05-15 23:50:03] Using forecast run: 2018-08-05 18:00:00 UTC
[2026-05-15 23:50:03] Forecast Rain Available hours: [6, 7, 8, 9, 10, 11, 12, 13, 14, 15, 16, 17, 18, 19, 20, 21, 22, 23, 24, 25, 26, 27, 28, 29]
[2026-05-15 23:50:03] Valid hours for sum: [12, 18, 24, 29]
[2026-05-15 23:50:05] Drought composite end date: 2018-08-03 06:00:00
[2026-05-15 23:50:05] Land cover year: 2017
[2026-05-15 23:50:06] VIIRS Veg composite: 2018-07-12 → 2018-07-28
[2026-05-15 23:50:10] Started export task: fire_228_dynamic_2018-08-05
[2026-05-15 23:53:26] ------ Processing date=2018-08-06 ------
[2026-05-15 23:53:26] Using viirs_af_path: viirs_af_path
[2026-05-15 23:53:26] VIIRS Image Date: ['2018-08-06 00:00:00']
[2026-05-15 23:53:26] Weather image size: 1
[2026-05-15 23:53:26] Forecast duration: 2018-08-07 00:00:00 to 2018-08-08 00:00:00
[2026-05-15 23:53:27] Number of forecast images: 24
[2026-05-15 23:53:27] Using forecast run: 2018-08-06 18:00:00 UTC
[2026-05-15 23:53:28] Forecast Rain Available hours: [6, 7, 8, 9, 10, 11, 12, 13, 14, 15, 16, 17, 18, 19, 20, 21, 22, 23, 24, 25, 26, 27, 28, 29]
[2026-05-15 23:53:28] Valid hours for sum: [12, 18, 24, 29]
[2026-05-15 23:53:30] Drought composite end date: 2018-08-03 06:00:00
[2026-05-15 23:53:30] Land cover year: 2017
[2026-05-15 23:53:32] VIIRS Veg composite: 2018-07-12 → 2018-07-28
[2026-05-15 23:53:37] Started export task: fire_228_dynamic_2018-08-06
[2026-05-15 23:53:37] ------ Processing date=2018-08-07 ------
[2026-05-15 23:53:37] Using viirs_af_path: viirs_af_path
[2026-05-15 23:53:37] VIIRS Image Date: ['2018-08-07 00:00:00']
[2026-05-15 23:53:38] Weather image size: 1
[2026-05-15 23:53:38] Forecast duration: 2018-08-08 00:00:00 to 2018-08-09 00:00:00
[2026-05-15 23:54:38] Number of forecast images: 24
[2026-05-15 23:54:38] Using forecast run: 2018-08-07 18:00:00 UTC
[2026-05-15 23:54:39] Forecast Rain Available hours: [6, 7, 8, 9, 10, 11, 12, 13, 14, 15, 16, 17, 18, 19, 20, 21, 22, 23, 24, 25, 26, 27, 28, 29]
[2026-05-15 23:54:39] Valid hours for sum: [12, 18, 24, 29]
[2026-05-15 23:54:42] Drought composite end date: 2018-08-03 06:00:00
[2026-05-15 23:54:42] Land cover year: 2017
[2026-05-15 23:54:43] VIIRS Veg composite: 2018-07-12 → 2018-07-28
[2026-05-15 23:54:46] Started export task: fire_228_dynamic_2018-08-07
[2026-05-15 23:54:47] ------ Processing date=2018-08-08 ------
[2026-05-15 23:54:47] Using viirs_af_path: viirs_af_path
[2026-05-15 23:54:47] VIIRS Image Date: ['2018-08-08 00:00:00']
[2026-05-15 23:54:47] Weather image size: 1
[2026-05-15 23:54:47] Forecast duration: 2018-08-09 00:00:00 to 2018-08-10 00:00:00
[2026-05-15 23:54:48] Number of forecast images: 24
[2026-05-15 23:54:48] Using forecast run: 2018-08-08 18:00:00 UTC
[2026-05-15 23:54:49] Forecast Rain Available hours: [6, 7, 8, 9, 10, 11, 12, 13, 14, 15, 16, 17, 18, 19, 20, 21, 22, 23, 24, 25, 26, 27, 28, 29]
[2026-05-15 23:54:49] Valid hours for sum: [12, 18, 24, 29]
[2026-05-15 23:54:51] Drought composite end date: 2018-08-03 06:00:00
[2026-05-15 23:54:51] Land cover year: 2017
[2026-05-15 23:54:52] VIIRS Veg composite: 2018-07-12 → 2018-07-28
[2026-05-15 23:54:57] Started export task: fire_228_dynamic_2018-08-08
[2026-05-15 23:54:58] ------ Processing date=2018-08-09 ------
[2026-05-15 23:54:58] Using viirs_af_path: viirs_af_path
[2026-05-15 23:54:58] VIIRS Image Date: ['2018-08-09 00:00:00']
[2026-05-15 23:54:59] Weather image size: 1
[2026-05-15 23:54:59] Forecast duration: 2018-08-10 00:00:00 to 2018-08-11 00:00:00
[2026-05-15 23:54:59] Number of forecast images: 24
[2026-05-15 23:54:59] Using forecast run: 2018-08-09 18:00:00 UTC
[2026-05-15 23:55:00] Forecast Rain Available hours: [6, 7, 8, 9, 10, 11, 12, 13, 14, 15, 16, 17, 18, 19, 20, 21, 22, 23, 24, 25, 26, 27, 28, 29]
[2026-05-15 23:55:00] Valid hours for sum: [12, 18, 24, 29]
[2026-05-15 23:55:02] Drought composite end date: 2018-08-08 06:00:00
[2026-05-15 23:55:02] Land cover year: 2017
[2026-05-15 23:55:03] VIIRS Veg composite: 2018-07-12 → 2018-07-28
[2026-05-15 23:55:06] Started export task: fire_228_dynamic_2018-08-09
[2026-05-15 23:55:07] ------ Processing date=2018-08-10 ------
[2026-05-15 23:55:07] Using viirs_af_path: viirs_af_path
[2026-05-15 23:55:07] VIIRS Image Date: ['2018-08-10 00:00:00']
[2026-05-15 23:55:07] Weather image size: 1
[2026-05-15 23:55:07] Forecast duration: 2018-08-11 00:00:00 to 2018-08-12 00:00:00
[2026-05-15 23:55:08] Number of forecast images: 24
[2026-05-15 23:55:08] Using forecast run: 2018-08-10 18:00:00 UTC
[2026-05-15 23:55:09] Forecast Rain Available hours: [6, 7, 8, 9, 10, 11, 12, 13, 14, 15, 16, 17, 18, 19, 20, 21, 22, 23, 24, 25, 26, 27, 28, 29]
[2026-05-15 23:55:09] Valid hours for sum: [12, 18, 24, 29]
[2026-05-15 23:55:10] Drought composite end date: 2018-08-08 06:00:00
[2026-05-15 23:55:10] Land cover year: 2017
[2026-05-15 23:55:11] VIIRS Veg composite: 2018-07-12 → 2018-07-28
[2026-05-15 23:55:16] Started export task: fire_228_dynamic_2018-08-10
[2026-05-15 23:55:16] ------ Processing date=2018-08-11 ------
[2026-05-15 23:55:16] Using viirs_af_path: viirs_af_path
[2026-05-15 23:55:16] VIIRS Image Date: ['2018-08-11 00:00:00']
[2026-05-15 23:55:17] Weather image size: 1
[2026-05-15 23:55:17] Forecast duration: 2018-08-12 00:00:00 to 2018-08-13 00:00:00
[2026-05-15 23:55:18] Number of forecast images: 24
[2026-05-15 23:55:18] Using forecast run: 2018-08-11 18:00:00 UTC
[2026-05-15 23:55:19] Forecast Rain Available hours: [6, 7, 8, 9, 10, 11, 12, 13, 14, 15, 16, 17, 18, 19, 20, 21, 22, 23, 24, 25, 26, 27, 28, 29]
[2026-05-15 23:55:19] Valid hours for sum: [12, 18, 24, 29]
[2026-05-15 23:55:21] Drought composite end date: 2018-08-08 06:00:00
[2026-05-15 23:55:22] Land cover year: 2017
[2026-05-15 23:55:24] VIIRS Veg composite: 2018-07-12 → 2018-07-28
[2026-05-15 23:55:27] Started export task: fire_228_dynamic_2018-08-11
[2026-05-15 23:55:28] ------ Processing date=2018-08-12 ------
[2026-05-15 23:55:28] Using viirs_af_path: viirs_af_path
[2026-05-15 23:55:28] VIIRS Image Date: ['2018-08-12 00:00:00']
[2026-05-15 23:55:28] Weather image size: 1
[2026-05-15 23:55:28] Forecast duration: 2018-08-13 00:00:00 to 2018-08-14 00:00:00
[2026-05-15 23:55:29] Number of forecast images: 24
[2026-05-15 23:55:29] Using forecast run: 2018-08-12 18:00:00 UTC
[2026-05-15 23:55:29] Forecast Rain Available hours: [6, 7, 8, 9, 10, 11, 12, 13, 14, 15, 16, 17, 18, 19, 20, 21, 22, 23, 24, 25, 26, 27, 28, 29]
[2026-05-15 23:55:29] Valid hours for sum: [12, 18, 24, 29]
[2026-05-15 23:55:31] Drought composite end date: 2018-08-08 06:00:00
[2026-05-15 23:55:31] Land cover year: 2017
[2026-05-15 23:55:32] VIIRS Veg composite: 2018-07-12 → 2018-07-28
[2026-05-15 23:55:36] Started export task: fire_228_dynamic_2018-08-12
[2026-05-15 23:55:37] ------ Processing date=2018-08-13 ------
[2026-05-15 23:55:37] Using viirs_af_path: viirs_af_path
[2026-05-15 23:55:37] VIIRS Image Date: ['2018-08-13 00:00:00']
[2026-05-15 23:55:37] Weather image size: 1
[2026-05-15 23:55:37] Forecast duration: 2018-08-14 00:00:00 to 2018-08-15 00:00:00
[2026-05-15 23:55:38] Number of forecast images: 24
[2026-05-15 23:55:38] Using forecast run: 2018-08-13 18:00:00 UTC
[2026-05-15 23:55:39] Forecast Rain Available hours: [6, 7, 8, 9, 10, 11, 12, 13, 14, 15, 16, 17, 18, 19, 20, 21, 22, 23, 24, 25, 26, 27, 28, 29]
[2026-05-15 23:55:39] Valid hours for sum: [12, 18, 24, 29]
[2026-05-15 23:55:42] Drought composite end date: 2018-08-08 06:00:00
[2026-05-15 23:55:43] Land cover year: 2017
[2026-05-15 23:55:46] VIIRS Veg composite: 2018-07-12 → 2018-07-28
[2026-05-15 23:55:54] Started export task: fire_228_dynamic_2018-08-13
[2026-05-15 23:55:57] ------ Processing date=2018-08-14 ------
[2026-05-15 23:55:57] Using viirs_af_path: viirs_af_path
[2026-05-15 23:55:57] VIIRS Image Date: ['2018-08-14 00:00:00']
[2026-05-15 23:55:58] Weather image size: 1
[2026-05-15 23:55:58] Forecast duration: 2018-08-15 00:00:00 to 2018-08-16 00:00:00
[2026-05-15 23:55:59] Number of forecast images: 24
[2026-05-15 23:55:59] Using forecast run: 2018-08-14 18:00:00 UTC
[2026-05-15 23:55:59] Forecast Rain Available hours: [6, 7, 8, 9, 10, 11, 12, 13, 14, 15, 16, 17, 18, 19, 20, 21, 22, 23, 24, 25, 26, 27, 28, 29]
[2026-05-15 23:55:59] Valid hours for sum: [12, 18, 24, 29]
[2026-05-15 23:56:01] Drought composite end date: 2018-08-13 06:00:00
[2026-05-15 23:56:01] Land cover year: 2017
[2026-05-15 23:56:02] VIIRS Veg composite: 2018-07-12 → 2018-07-28
[2026-05-15 23:56:05] Started export task: fire_228_dynamic_2018-08-14
[2026-05-15 23:56:05] ------ Processing date=2018-08-15 ------
[2026-05-15 23:56:05] Using viirs_af_path: viirs_af_path
[2026-05-15 23:56:06] VIIRS Image Date: ['2018-08-15 00:00:00']
[2026-05-15 23:56:06] Weather image size: 1
[2026-05-15 23:56:06] Forecast duration: 2018-08-16 00:00:00 to 2018-08-17 00:00:00
[2026-05-15 23:56:07] Number of forecast images: 24
[2026-05-15 23:56:07] Using forecast run: 2018-08-15 18:00:00 UTC
[2026-05-15 23:56:07] Forecast Rain Available hours: [6, 7, 8, 9, 10, 11, 12, 13, 14, 15, 16, 17, 18, 19, 20, 21, 22, 23, 24, 25, 26, 27, 28, 29]
[2026-05-15 23:56:07] Valid hours for sum: [12, 18, 24, 29]
[2026-05-15 23:56:09] Drought composite end date: 2018-08-13 06:00:00
[2026-05-15 23:56:09] Land cover year: 2017
[2026-05-15 23:56:10] VIIRS Veg composite: 2018-07-12 → 2018-07-28
[2026-05-15 23:56:14] Started export task: fire_228_dynamic_2018-08-15
[2026-05-15 23:56:15] ------ Processing date=2018-08-16 ------
[2026-05-15 23:56:15] Using viirs_af_path: viirs_af_path
[2026-05-15 23:56:15] VIIRS Image Date: ['2018-08-16 00:00:00']
[2026-05-15 23:56:15] Weather image size: 1
[2026-05-15 23:56:15] Forecast duration: 2018-08-17 00:00:00 to 2018-08-18 00:00:00
[2026-05-15 23:56:16] Number of forecast images: 24
[2026-05-15 23:56:16] Using forecast run: 2018-08-16 18:00:00 UTC
[2026-05-15 23:56:17] Forecast Rain Available hours: [6, 7, 8, 9, 10, 11, 12, 13, 14, 15, 16, 17, 18, 19, 20, 21, 22, 23, 24, 25, 26, 27, 28, 29]
[2026-05-15 23:56:17] Valid hours for sum: [12, 18, 24, 29]
[2026-05-15 23:56:19] Drought composite end date: 2018-08-13 06:00:00
[2026-05-15 23:56:19] Land cover year: 2017
[2026-05-15 23:56:20] VIIRS Veg composite: 2018-07-12 → 2018-07-28
[2026-05-15 23:56:23] Started export task: fire_228_dynamic_2018-08-16
[2026-05-15 23:56:24] ------ Processing date=2018-08-17 ------
[2026-05-15 23:56:24] Using viirs_af_path: viirs_af_path
[2026-05-15 23:56:24] VIIRS Image Date: ['2018-08-17 00:00:00']
[2026-05-15 23:56:24] Weather image size: 1
[2026-05-15 23:56:24] Forecast duration: 2018-08-18 00:00:00 to 2018-08-19 00:00:00
[2026-05-15 23:56:25] Number of forecast images: 24
[2026-05-15 23:56:25] Using forecast run: 2018-08-17 18:00:00 UTC
[2026-05-15 23:56:26] Forecast Rain Available hours: [6, 7, 8, 9, 10, 11, 12, 13, 14, 15, 16, 17, 18, 19, 20, 21, 22, 23, 24, 25, 26, 27, 28, 29]
[2026-05-15 23:56:26] Valid hours for sum: [12, 18, 24, 29]
[2026-05-15 23:56:29] Drought composite end date: 2018-08-13 06:00:00
[2026-05-15 23:56:29] Land cover year: 2017
[2026-05-15 23:56:30] VIIRS Veg composite: 2018-07-12 → 2018-07-28
[2026-05-15 23:56:35] Started export task: fire_228_dynamic_2018-08-17
[2026-05-15 23:56:35] ------ Processing date=2018-08-18 ------
[2026-05-15 23:56:35] Using viirs_af_path: viirs_af_path
[2026-05-15 23:56:36] VIIRS Image Date: ['2018-08-18 00:00:00']
[2026-05-15 23:56:36] Weather image size: 1
[2026-05-15 23:56:36] Forecast duration: 2018-08-19 00:00:00 to 2018-08-20 00:00:00
[2026-05-15 23:56:37] Number of forecast images: 24
[2026-05-15 23:56:37] Using forecast run: 2018-08-18 18:00:00 UTC
[2026-05-15 23:56:37] Forecast Rain Available hours: [6, 7, 8, 9, 10, 11, 12, 13, 14, 15, 16, 17, 18, 19, 20, 21, 22, 23, 24, 25, 26, 27, 28, 29]
[2026-05-15 23:56:37] Valid hours for sum: [12, 18, 24, 29]
[2026-05-15 23:56:39] Drought composite end date: 2018-08-13 06:00:00
[2026-05-15 23:56:39] Land cover year: 2017
[2026-05-15 23:56:40] VIIRS Veg composite: 2018-07-12 → 2018-07-28
[2026-05-15 23:56:43] Started export task: fire_228_dynamic_2018-08-18
[2026-05-15 23:56:43] ------ Processing date=2018-08-19 ------
[2026-05-15 23:56:43] Using viirs_af_path: viirs_af_path
[2026-05-15 23:56:44] VIIRS Image Date: ['2018-08-19 00:00:00']
[2026-05-15 23:56:44] Weather image size: 1
[2026-05-15 23:56:44] Forecast duration: 2018-08-20 00:00:00 to 2018-08-21 00:00:00
[2026-05-15 23:56:46] Number of forecast images: 24
[2026-05-15 23:56:46] Using forecast run: 2018-08-19 18:00:00 UTC
[2026-05-15 23:56:46] Forecast Rain Available hours: [6, 7, 8, 9, 10, 11, 12, 13, 14, 15, 16, 17, 18, 19, 20, 21, 22, 23, 24, 25, 26, 27, 28, 29]
[2026-05-15 23:56:46] Valid hours for sum: [12, 18, 24, 29]
[2026-05-15 23:56:49] Drought composite end date: 2018-08-18 06:00:00
[2026-05-15 23:56:49] Land cover year: 2017
[2026-05-15 23:56:50] VIIRS Veg composite: 2018-07-12 → 2018-07-28
[2026-05-15 23:56:54] Started export task: fire_228_dynamic_2018-08-19
[2026-05-15 23:56:54] ------ Processing date=2018-08-20 ------
[2026-05-15 23:56:54] Using viirs_af_path: viirs_af_path
[2026-05-15 23:56:54] VIIRS Image Date: ['2018-08-20 00:00:00']
[2026-05-15 23:56:55] Weather image size: 1
[2026-05-15 23:56:55] Forecast duration: 2018-08-21 00:00:00 to 2018-08-22 00:00:00
[2026-05-15 23:56:56] Number of forecast images: 24
[2026-05-15 23:56:56] Using forecast run: 2018-08-20 18:00:00 UTC
[2026-05-15 23:56:56] Forecast Rain Available hours: [6, 7, 8, 9, 10, 11, 12, 13, 14, 15, 16, 17, 18, 19, 20, 21, 22, 23, 24, 25, 26, 27, 28, 29]
[2026-05-15 23:56:56] Valid hours for sum: [12, 18, 24, 29]
[2026-05-15 23:56:58] Drought composite end date: 2018-08-18 06:00:00
[2026-05-15 23:56:59] Land cover year: 2017
[2026-05-15 23:57:00] VIIRS Veg composite: 2018-07-12 → 2018-07-28
[2026-05-15 23:57:03] Started export task: fire_228_dynamic_2018-08-20
[2026-05-15 23:57:04] ------ Processing date=2018-08-21 ------
[2026-05-15 23:57:04] Using viirs_af_path: viirs_af_path
[2026-05-15 23:57:04] VIIRS Image Date: ['2018-08-21 00:00:00']
[2026-05-15 23:57:04] Weather image size: 1
[2026-05-15 23:57:04] Forecast duration: 2018-08-22 00:00:00 to 2018-08-23 00:00:00
[2026-05-15 23:57:05] Number of forecast images: 24
[2026-05-15 23:57:05] Using forecast run: 2018-08-21 18:00:00 UTC
[2026-05-15 23:57:05] Forecast Rain Available hours: [6, 7, 8, 9, 10, 11, 12, 13, 14, 15, 16, 17, 18, 19, 20, 21, 22, 23, 24, 25, 26, 27, 28, 29]
[2026-05-15 23:57:05] Valid hours for sum: [12, 18, 24, 29]
[2026-05-15 23:57:08] Drought composite end date: 2018-08-18 06:00:00
[2026-05-15 23:57:08] Land cover year: 2017
[2026-05-15 23:57:09] VIIRS Veg composite: 2018-07-12 → 2018-07-28
[2026-05-15 23:57:14] Started export task: fire_228_dynamic_2018-08-21
[2026-05-15 23:57:14] ------ Processing date=2018-08-22 ------
[2026-05-15 23:57:14] Using viirs_af_path: viirs_af_path
[2026-05-15 23:57:15] VIIRS Image Date: ['2018-08-22 00:00:00']
[2026-05-15 23:57:15] Weather image size: 1
[2026-05-15 23:57:15] Forecast duration: 2018-08-23 00:00:00 to 2018-08-24 00:00:00
[2026-05-15 23:57:16] Number of forecast images: 24
[2026-05-15 23:57:16] Using forecast run: 2018-08-22 18:00:00 UTC
[2026-05-15 23:57:17] Forecast Rain Available hours: [6, 7, 8, 9, 10, 11, 12, 13, 14, 15, 16, 17, 18, 19, 20, 21, 22, 23, 24, 25, 26, 27, 28, 29]
[2026-05-15 23:57:17] Valid hours for sum: [12, 18, 24, 29]
[2026-05-15 23:57:19] Drought composite end date: 2018-08-18 06:00:00
[2026-05-15 23:57:20] Land cover year: 2017
[2026-05-15 23:57:21] VIIRS Veg composite: 2018-07-12 → 2018-07-28
[2026-05-15 23:57:25] Started export task: fire_228_dynamic_2018-08-22
[2026-05-15 23:57:25] ------ Processing date=2018-08-23 ------
[2026-05-15 23:57:25] Using viirs_af_path: viirs_af_path
[2026-05-15 23:57:26] VIIRS Image Date: ['2018-08-23 00:00:00']
[2026-05-15 23:57:28] Weather image size: 1
[2026-05-15 23:57:28] Forecast duration: 2018-08-24 00:00:00 to 2018-08-25 00:00:00
[2026-05-15 23:57:29] Number of forecast images: 24
[2026-05-15 23:57:29] Using forecast run: 2018-08-23 18:00:00 UTC
[2026-05-15 23:57:30] Forecast Rain Available hours: [6, 7, 8, 9, 10, 11, 12, 13, 14, 15, 16, 17, 18, 19, 20, 21, 22, 23, 24, 25, 26, 27, 28, 29]
[2026-05-15 23:57:30] Valid hours for sum: [12, 18, 24, 29]
[2026-05-15 23:57:32] Drought composite end date: 2018-08-18 06:00:00
[2026-05-15 23:57:33] Land cover year: 2017
[2026-05-15 23:57:35] VIIRS Veg composite: 2018-07-12 → 2018-07-28
[2026-05-15 23:57:38] Started export task: fire_228_dynamic_2018-08-23
[2026-05-15 23:57:39] ------ Processing date=2018-08-24 ------
[2026-05-15 23:57:39] Using viirs_af_path: viirs_af_path
[2026-05-15 23:57:40] VIIRS Image Date: ['2018-08-24 00:00:00']
[2026-05-15 23:57:40] Weather image size: 1
[2026-05-15 23:57:40] Forecast duration: 2018-08-25 00:00:00 to 2018-08-26 00:00:00
[2026-05-15 23:57:41] Number of forecast images: 24
[2026-05-15 23:57:41] Using forecast run: 2018-08-24 18:00:00 UTC
[2026-05-15 23:57:42] Forecast Rain Available hours: [6, 7, 8, 9, 10, 11, 12, 13, 14, 15, 16, 17, 18, 19, 20, 21, 22, 23, 24, 25, 26, 27, 28, 29]
[2026-05-15 23:57:42] Valid hours for sum: [12, 18, 24, 29]
[2026-05-15 23:57:44] Drought composite end date: 2018-08-23 06:00:00
[2026-05-15 23:57:44] Land cover year: 2017
[2026-05-15 23:57:45] VIIRS Veg composite: 2018-07-12 → 2018-07-28
[2026-05-15 23:57:49] Started export task: fire_228_dynamic_2018-08-24
[2026-05-15 23:57:50] ------ Processing date=2018-08-25 ------
[2026-05-15 23:57:50] Using viirs_af_path: viirs_af_path
[2026-05-15 23:57:50] VIIRS Image Date: ['2018-08-25 00:00:00']
[2026-05-15 23:57:50] Weather image size: 1
[2026-05-15 23:57:50] Forecast duration: 2018-08-26 00:00:00 to 2018-08-27 00:00:00
[2026-05-15 23:57:52] Number of forecast images: 24
[2026-05-15 23:57:52] Using forecast run: 2018-08-25 18:00:00 UTC
[2026-05-15 23:57:52] Forecast Rain Available hours: [6, 7, 8, 9, 10, 11, 12, 13, 14, 15, 16, 17, 18, 19, 20, 21, 22, 23, 24, 25, 26, 27, 28, 29]
[2026-05-15 23:57:52] Valid hours for sum: [12, 18, 24, 29]
[2026-05-15 23:57:55] Drought composite end date: 2018-08-23 06:00:00
[2026-05-15 23:57:56] Land cover year: 2017
[2026-05-15 23:57:57] VIIRS Veg composite: 2018-07-12 → 2018-07-28
[2026-05-15 23:58:01] Started export task: fire_228_dynamic_2018-08-25
[2026-05-15 23:58:02] END: ----------Event fire_228----------- (Duration: 9.49m)
[2026-05-15 23:58:02] START: ----------Event fire_229-----------
[2026-05-15 23:58:02] ------ Processing date=2018-07-24 ------
[2026-05-15 23:58:02] Using viirs_af_path: viirs_af_path
[2026-05-15 23:58:02] VIIRS Image Date: ['2018-07-24 00:00:00']
[2026-05-15 23:58:03] Weather image size: 1
[2026-05-15 23:58:03] Forecast duration: 2018-07-25 00:00:00 to 2018-07-26 00:00:00
[2026-05-15 23:58:05] Number of forecast images: 24
[2026-05-15 23:58:05] Using forecast run: 2018-07-24 18:00:00 UTC
[2026-05-15 23:58:06] Forecast Rain Available hours: [6, 7, 8, 9, 10, 11, 12, 13, 14, 15, 16, 17, 18, 19, 20, 21, 22, 23, 24, 25, 26, 27, 28, 29]
[2026-05-15 23:58:06] Valid hours for sum: [12, 18, 24, 29]
[2026-05-15 23:58:07] Drought composite end date: 2018-07-19 06:00:00
[2026-05-15 23:58:07] Land cover year: 2017
[2026-05-15 23:58:09] VIIRS Veg composite: 2018-07-12 → 2018-07-28
[2026-05-15 23:58:13] Started export task: fire_229_static
[2026-05-15 23:58:14] Started export task: fire_229_dynamic_2018-07-24
[2026-05-15 23:58:15] ------ Processing date=2018-07-25 ------
[2026-05-15 23:58:15] Using viirs_af_path: viirs_af_path
[2026-05-15 23:58:15] VIIRS Image Date: ['2018-07-25 00:00:00']
[2026-05-15 23:58:15] Weather image size: 1
[2026-05-15 23:58:15] Forecast duration: 2018-07-26 00:00:00 to 2018-07-27 00:00:00
[2026-05-15 23:58:16] Number of forecast images: 24
[2026-05-15 23:58:16] Using forecast run: 2018-07-25 18:00:00 UTC
[2026-05-15 23:58:17] Forecast Rain Available hours: [6, 7, 8, 9, 10, 11, 12, 13, 14, 15, 16, 17, 18, 19, 20, 21, 22, 23, 24, 25, 26, 27, 28, 29]
[2026-05-15 23:58:17] Valid hours for sum: [12, 18, 24, 29]
[2026-05-15 23:58:20] Drought composite end date: 2018-07-24 06:00:00
[2026-05-15 23:58:21] Land cover year: 2017
[2026-05-15 23:58:21] VIIRS Veg composite: 2018-07-12 → 2018-07-28
[2026-05-15 23:58:26] Started export task: fire_229_dynamic_2018-07-25
[2026-05-15 23:58:26] ------ Processing date=2018-07-26 ------
[2026-05-15 23:58:26] Using viirs_af_path: viirs_af_path
[2026-05-15 23:58:26] VIIRS Image Date: ['2018-07-26 00:00:00']
[2026-05-15 23:58:27] Weather image size: 1
[2026-05-15 23:58:27] Forecast duration: 2018-07-27 00:00:00 to 2018-07-28 00:00:00
[2026-05-15 23:58:29] Number of forecast images: 24
[2026-05-15 23:58:29] Using forecast run: 2018-07-26 18:00:00 UTC
[2026-05-15 23:58:29] Forecast Rain Available hours: [6, 7, 8, 9, 10, 11, 12, 13, 14, 15, 16, 17, 18, 19, 20, 21, 22, 23, 24, 25, 26, 27, 28, 29]
[2026-05-15 23:58:29] Valid hours for sum: [12, 18, 24, 29]
[2026-05-15 23:58:31] Drought composite end date: 2018-07-24 06:00:00
[2026-05-15 23:58:31] Land cover year: 2017
[2026-05-15 23:58:33] VIIRS Veg composite: 2018-07-12 → 2018-07-28
[2026-05-15 23:58:36] Started export task: fire_229_dynamic_2018-07-26
[2026-05-15 23:58:36] ------ Processing date=2018-07-27 ------
[2026-05-15 23:58:36] Using viirs_af_path: viirs_af_path
[2026-05-15 23:58:37] VIIRS Image Date: ['2018-07-27 00:00:00']
[2026-05-15 23:58:37] Weather image size: 1
[2026-05-15 23:58:37] Forecast duration: 2018-07-28 00:00:00 to 2018-07-29 00:00:00
[2026-05-15 23:58:38] Number of forecast images: 24
[2026-05-15 23:58:38] Using forecast run: 2018-07-27 18:00:00 UTC
[2026-05-15 23:58:39] Forecast Rain Available hours: [6, 7, 8, 9, 10, 11, 12, 13, 14, 15, 16, 17, 18, 19, 20, 21, 22, 23, 24, 25, 26, 27, 28, 29]
[2026-05-15 23:58:39] Valid hours for sum: [12, 18, 24, 29]
[2026-05-15 23:58:41] Drought composite end date: 2018-07-24 06:00:00
[2026-05-15 23:58:41] Land cover year: 2017
[2026-05-15 23:58:43] VIIRS Veg composite: 2018-07-12 → 2018-07-28
[2026-05-15 23:58:47] Started export task: fire_229_dynamic_2018-07-27
[2026-05-15 23:58:47] ------ Processing date=2018-07-28 ------
[2026-05-15 23:58:47] Using viirs_af_path: viirs_af_path
[2026-05-15 23:58:47] VIIRS Image Date: ['2018-07-28 00:00:00']
[2026-05-15 23:58:48] Weather image size: 1
[2026-05-15 23:58:48] Forecast duration: 2018-07-29 00:00:00 to 2018-07-30 00:00:00
[2026-05-15 23:58:49] Number of forecast images: 24
[2026-05-15 23:58:49] Using forecast run: 2018-07-28 18:00:00 UTC
[2026-05-15 23:58:50] Forecast Rain Available hours: [6, 7, 8, 9, 10, 11, 12, 13, 14, 15, 16, 17, 18, 19, 20, 21, 22, 23, 24, 25, 26, 27, 28, 29]
[2026-05-15 23:58:50] Valid hours for sum: [12, 18, 24, 29]
[2026-05-15 23:58:53] Drought composite end date: 2018-07-24 06:00:00
[2026-05-15 23:58:53] Land cover year: 2017
[2026-05-15 23:58:55] VIIRS Veg composite: 2018-07-12 → 2018-07-28
[2026-05-15 23:59:00] Started export task: fire_229_dynamic_2018-07-28
[2026-05-15 23:59:00] ------ Processing date=2018-07-29 ------
[2026-05-15 23:59:00] Using viirs_af_path: viirs_af_path
[2026-05-15 23:59:01] VIIRS Image Date: ['2018-07-29 00:00:00']
[2026-05-15 23:59:01] Weather image size: 1
[2026-05-15 23:59:01] Forecast duration: 2018-07-30 00:00:00 to 2018-07-31 00:00:00
[2026-05-15 23:59:02] Number of forecast images: 24
[2026-05-15 23:59:02] Using forecast run: 2018-07-29 18:00:00 UTC
[2026-05-15 23:59:03] Forecast Rain Available hours: [6, 7, 8, 9, 10, 11, 12, 13, 14, 15, 16, 17, 18, 19, 20, 21, 22, 23, 24, 25, 26, 27, 28, 29]
[2026-05-15 23:59:03] Valid hours for sum: [12, 18, 24, 29]
[2026-05-15 23:59:06] Drought composite end date: 2018-07-24 06:00:00
[2026-05-15 23:59:06] Land cover year: 2017
[2026-05-15 23:59:07] VIIRS Veg composite: 2018-07-12 → 2018-07-28
[2026-05-15 23:59:13] Started export task: fire_229_dynamic_2018-07-29
[2026-05-15 23:59:14] ------ Processing date=2018-07-30 ------
[2026-05-15 23:59:14] Using viirs_af_path: viirs_af_path
[2026-05-15 23:59:14] VIIRS Image Date: ['2018-07-30 00:00:00']
[2026-05-15 23:59:15] Weather image size: 1
[2026-05-15 23:59:15] Forecast duration: 2018-07-31 00:00:00 to 2018-08-01 00:00:00
[2026-05-15 23:59:15] Number of forecast images: 24
[2026-05-15 23:59:15] Using forecast run: 2018-07-30 18:00:00 UTC
[2026-05-15 23:59:16] Forecast Rain Available hours: [6, 7, 8, 9, 10, 11, 12, 13, 14, 15, 16, 17, 18, 19, 20, 21, 22, 23, 24, 25, 26, 27, 28, 29]
[2026-05-15 23:59:16] Valid hours for sum: [12, 18, 24, 29]
[2026-05-15 23:59:18] Drought composite end date: 2018-07-29 06:00:00
[2026-05-15 23:59:18] Land cover year: 2017
[2026-05-15 23:59:19] VIIRS Veg composite: 2018-07-12 → 2018-07-28
[2026-05-15 23:59:24] Started export task: fire_229_dynamic_2018-07-30
[2026-05-15 23:59:25] ------ Processing date=2018-07-31 ------
[2026-05-15 23:59:25] Using viirs_af_path: viirs_af_path
[2026-05-15 23:59:25] VIIRS Image Date: ['2018-07-31 00:00:00']
[2026-05-15 23:59:25] Weather image size: 1
[2026-05-15 23:59:25] Forecast duration: 2018-08-01 00:00:00 to 2018-08-02 00:00:00
[2026-05-15 23:59:27] Number of forecast images: 24
[2026-05-15 23:59:27] Using forecast run: 2018-07-31 18:00:00 UTC
[2026-05-15 23:59:27] Forecast Rain Available hours: [6, 7, 8, 9, 10, 11, 12, 13, 14, 15, 16, 17, 18, 19, 20, 21, 22, 23, 24, 25, 26, 27, 28, 29]
[2026-05-15 23:59:27] Valid hours for sum: [12, 18, 24, 29]
[2026-05-15 23:59:30] Drought composite end date: 2018-07-29 06:00:00
[2026-05-15 23:59:31] Land cover year: 2017
[2026-05-15 23:59:31] VIIRS Veg composite: 2018-07-12 → 2018-07-28
[2026-05-15 23:59:35] Started export task: fire_229_dynamic_2018-07-31
[2026-05-15 23:59:35] ------ Processing date=2018-08-01 ------
[2026-05-15 23:59:35] Using viirs_af_path: viirs_af_path
[2026-05-15 23:59:36] VIIRS Image Date: ['2018-08-01 00:00:00']
[2026-05-15 23:59:36] Weather image size: 1
[2026-05-15 23:59:36] Forecast duration: 2018-08-02 00:00:00 to 2018-08-03 00:00:00
[2026-05-15 23:59:38] Number of forecast images: 24
[2026-05-15 23:59:38] Using forecast run: 2018-08-01 18:00:00 UTC
[2026-05-15 23:59:39] Forecast Rain Available hours: [6, 7, 8, 9, 10, 11, 12, 13, 14, 15, 16, 17, 18, 19, 20, 21, 22, 23, 24, 25, 26, 27, 28, 29]
[2026-05-15 23:59:39] Valid hours for sum: [12, 18, 24, 29]
[2026-05-15 23:59:41] Drought composite end date: 2018-07-29 06:00:00
[2026-05-15 23:59:42] Land cover year: 2017
[2026-05-15 23:59:44] VIIRS Veg composite: 2018-07-12 → 2018-07-28
[2026-05-15 23:59:47] Started export task: fire_229_dynamic_2018-08-01
[2026-05-15 23:59:47] ------ Processing date=2018-08-02 ------
[2026-05-15 23:59:47] Using viirs_af_path: viirs_af_path
[2026-05-15 23:59:48] VIIRS Image Date: ['2018-08-02 00:00:00']
[2026-05-15 23:59:48] Weather image size: 1
[2026-05-15 23:59:48] Forecast duration: 2018-08-03 00:00:00 to 2018-08-04 00:00:00
[2026-05-15 23:59:49] Number of forecast images: 24
[2026-05-15 23:59:49] Using forecast run: 2018-08-02 18:00:00 UTC
[2026-05-15 23:59:50] Forecast Rain Available hours: [6, 7, 8, 9, 10, 11, 12, 13, 14, 15, 16, 17, 18, 19, 20, 21, 22, 23, 24, 25, 26, 27, 28, 29]
[2026-05-15 23:59:50] Valid hours for sum: [12, 18, 24, 29]
[2026-05-15 23:59:52] Drought composite end date: 2018-07-29 06:00:00
[2026-05-15 23:59:52] Land cover year: 2017
[2026-05-15 23:59:54] VIIRS Veg composite: 2018-07-12 → 2018-07-28
[2026-05-15 23:59:57] Started export task: fire_229_dynamic_2018-08-02
[2026-05-15 23:59:58] ------ Processing date=2018-08-03 ------
[2026-05-15 23:59:58] Using viirs_af_path: viirs_af_path
[2026-05-15 23:59:58] VIIRS Image Date: ['2018-08-03 00:00:00']
[2026-05-15 23:59:58] Weather image size: 1
[2026-05-15 23:59:58] Forecast duration: 2018-08-04 00:00:00 to 2018-08-05 00:00:00
[2026-05-16 00:00:00] Number of forecast images: 24
[2026-05-16 00:00:00] Using forecast run: 2018-08-03 18:00:00 UTC
[2026-05-16 00:00:00] Forecast Rain Available hours: [6, 7, 8, 9, 10, 11, 12, 13, 14, 15, 16, 17, 18, 19, 20, 21, 22, 23, 24, 25, 26, 27, 28, 29]
[2026-05-16 00:00:00] Valid hours for sum: [12, 18, 24, 29]
[2026-05-16 00:00:03] Drought composite end date: 2018-07-29 06:00:00
[2026-05-16 00:00:03] Land cover year: 2017
[2026-05-16 00:00:04] VIIRS Veg composite: 2018-07-12 → 2018-07-28
[2026-05-16 00:00:07] Started export task: fire_229_dynamic_2018-08-03
[2026-05-16 00:00:09] ------ Processing date=2018-08-04 ------
[2026-05-16 00:00:09] Using viirs_af_path: viirs_af_path
[2026-05-16 00:00:09] VIIRS Image Date: ['2018-08-04 00:00:00']
[2026-05-16 00:00:10] Weather image size: 1
[2026-05-16 00:00:10] Forecast duration: 2018-08-05 00:00:00 to 2018-08-06 00:00:00
[2026-05-16 00:00:12] Number of forecast images: 24
[2026-05-16 00:00:12] Using forecast run: 2018-08-04 18:00:00 UTC
[2026-05-16 00:00:12] Forecast Rain Available hours: [6, 7, 8, 9, 10, 11, 12, 13, 14, 15, 16, 17, 18, 19, 20, 21, 22, 23, 24, 25, 26, 27, 28, 29]
[2026-05-16 00:00:12] Valid hours for sum: [12, 18, 24, 29]
[2026-05-16 00:00:15] Drought composite end date: 2018-08-03 06:00:00
[2026-05-16 00:00:15] Land cover year: 2017
[2026-05-16 00:00:16] VIIRS Veg composite: 2018-07-12 → 2018-07-28
[2026-05-16 00:00:21] Started export task: fire_229_dynamic_2018-08-04
[2026-05-16 00:00:22] ------ Processing date=2018-08-05 ------
[2026-05-16 00:00:22] Using viirs_af_path: viirs_af_path
[2026-05-16 00:00:23] VIIRS Image Date: ['2018-08-05 00:00:00']
[2026-05-16 00:00:23] Weather image size: 1
[2026-05-16 00:00:23] Forecast duration: 2018-08-06 00:00:00 to 2018-08-07 00:00:00
[2026-05-16 00:00:24] Number of forecast images: 24
[2026-05-16 00:00:24] Using forecast run: 2018-08-05 18:00:00 UTC
[2026-05-16 00:00:24] Forecast Rain Available hours: [6, 7, 8, 9, 10, 11, 12, 13, 14, 15, 16, 17, 18, 19, 20, 21, 22, 23, 24, 25, 26, 27, 28, 29]
[2026-05-16 00:00:24] Valid hours for sum: [12, 18, 24, 29]
[2026-05-16 00:00:27] Drought composite end date: 2018-08-03 06:00:00
[2026-05-16 00:00:28] Land cover year: 2017
[2026-05-16 00:00:30] VIIRS Veg composite: 2018-07-12 → 2018-07-28
[2026-05-16 00:00:34] Started export task: fire_229_dynamic_2018-08-05
[2026-05-16 00:00:34] ------ Processing date=2018-08-06 ------
[2026-05-16 00:00:34] Using viirs_af_path: viirs_af_path
[2026-05-16 00:00:35] VIIRS Image Date: ['2018-08-06 00:00:00']
[2026-05-16 00:00:35] Weather image size: 1
[2026-05-16 00:00:35] Forecast duration: 2018-08-07 00:00:00 to 2018-08-08 00:00:00
[2026-05-16 00:00:36] Number of forecast images: 24
[2026-05-16 00:00:36] Using forecast run: 2018-08-06 18:00:00 UTC
[2026-05-16 00:00:36] Forecast Rain Available hours: [6, 7, 8, 9, 10, 11, 12, 13, 14, 15, 16, 17, 18, 19, 20, 21, 22, 23, 24, 25, 26, 27, 28, 29]
[2026-05-16 00:00:36] Valid hours for sum: [12, 18, 24, 29]
[2026-05-16 00:00:39] Drought composite end date: 2018-08-03 06:00:00
[2026-05-16 00:00:39] Land cover year: 2017
[2026-05-16 00:00:41] VIIRS Veg composite: 2018-07-12 → 2018-07-28
[2026-05-16 00:00:46] Started export task: fire_229_dynamic_2018-08-06
[2026-05-16 00:00:47] ------ Processing date=2018-08-07 ------
[2026-05-16 00:00:47] Using viirs_af_path: viirs_af_path
[2026-05-16 00:00:47] VIIRS Image Date: ['2018-08-07 00:00:00']
[2026-05-16 00:00:48] Weather image size: 1
[2026-05-16 00:00:48] Forecast duration: 2018-08-08 00:00:00 to 2018-08-09 00:00:00
[2026-05-16 00:00:50] Number of forecast images: 24
[2026-05-16 00:00:50] Using forecast run: 2018-08-07 18:00:00 UTC
[2026-05-16 00:00:50] Forecast Rain Available hours: [6, 7, 8, 9, 10, 11, 12, 13, 14, 15, 16, 17, 18, 19, 20, 21, 22, 23, 24, 25, 26, 27, 28, 29]
[2026-05-16 00:00:50] Valid hours for sum: [12, 18, 24, 29]
[2026-05-16 00:00:52] Drought composite end date: 2018-08-03 06:00:00
[2026-05-16 00:00:52] Land cover year: 2017
[2026-05-16 00:00:53] VIIRS Veg composite: 2018-07-12 → 2018-07-28
[2026-05-16 00:01:02] Started export task: fire_229_dynamic_2018-08-07
[2026-05-16 00:01:02] ------ Processing date=2018-08-08 ------
[2026-05-16 00:01:02] Using viirs_af_path: viirs_af_path
[2026-05-16 00:01:02] VIIRS Image Date: ['2018-08-08 00:00:00']
[2026-05-16 00:01:03] Weather image size: 1
[2026-05-16 00:01:03] Forecast duration: 2018-08-09 00:00:00 to 2018-08-10 00:00:00
[2026-05-16 00:01:05] Number of forecast images: 24
[2026-05-16 00:01:05] Using forecast run: 2018-08-08 18:00:00 UTC
[2026-05-16 00:01:05] Forecast Rain Available hours: [6, 7, 8, 9, 10, 11, 12, 13, 14, 15, 16, 17, 18, 19, 20, 21, 22, 23, 24, 25, 26, 27, 28, 29]
[2026-05-16 00:01:05] Valid hours for sum: [12, 18, 24, 29]
[2026-05-16 00:01:08] Drought composite end date: 2018-08-03 06:00:00
[2026-05-16 00:01:09] Land cover year: 2017
[2026-05-16 00:01:10] VIIRS Veg composite: 2018-07-12 → 2018-07-28
[2026-05-16 00:01:15] Started export task: fire_229_dynamic_2018-08-08
[2026-05-16 00:01:15] ------ Processing date=2018-08-09 ------
[2026-05-16 00:01:15] Using viirs_af_path: viirs_af_path
[2026-05-16 00:01:15] VIIRS Image Date: ['2018-08-09 00:00:00']
[2026-05-16 00:01:16] Weather image size: 1
[2026-05-16 00:01:16] Forecast duration: 2018-08-10 00:00:00 to 2018-08-11 00:00:00
[2026-05-16 00:01:17] Number of forecast images: 24
[2026-05-16 00:01:17] Using forecast run: 2018-08-09 18:00:00 UTC
[2026-05-16 00:01:18] Forecast Rain Available hours: [6, 7, 8, 9, 10, 11, 12, 13, 14, 15, 16, 17, 18, 19, 20, 21, 22, 23, 24, 25, 26, 27, 28, 29]
[2026-05-16 00:01:18] Valid hours for sum: [12, 18, 24, 29]
[2026-05-16 00:01:20] Drought composite end date: 2018-08-08 06:00:00
[2026-05-16 00:01:21] Land cover year: 2017
[2026-05-16 00:01:22] VIIRS Veg composite: 2018-07-12 → 2018-07-28
[2026-05-16 00:01:25] Started export task: fire_229_dynamic_2018-08-09
[2026-05-16 00:01:25] ------ Processing date=2018-08-10 ------
[2026-05-16 00:01:25] Using viirs_af_path: viirs_af_path
[2026-05-16 00:01:26] VIIRS Image Date: ['2018-08-10 00:00:00']
[2026-05-16 00:01:27] Weather image size: 1
[2026-05-16 00:01:27] Forecast duration: 2018-08-11 00:00:00 to 2018-08-12 00:00:00
[2026-05-16 00:01:28] Number of forecast images: 24
[2026-05-16 00:01:28] Using forecast run: 2018-08-10 18:00:00 UTC
[2026-05-16 00:01:28] Forecast Rain Available hours: [6, 7, 8, 9, 10, 11, 12, 13, 14, 15, 16, 17, 18, 19, 20, 21, 22, 23, 24, 25, 26, 27, 28, 29]
[2026-05-16 00:01:28] Valid hours for sum: [12, 18, 24, 29]
[2026-05-16 00:01:30] Drought composite end date: 2018-08-08 06:00:00
[2026-05-16 00:01:31] Land cover year: 2017
[2026-05-16 00:01:32] VIIRS Veg composite: 2018-07-12 → 2018-07-28
[2026-05-16 00:01:38] Started export task: fire_229_dynamic_2018-08-10
[2026-05-16 00:01:38] END: ----------Event fire_229----------- (Duration: 3.60m)
[2026-05-16 00:01:38] START: ----------Event fire_230-----------
[2026-05-16 00:01:38] ------ Processing date=2018-07-29 ------
[2026-05-16 00:01:38] Using viirs_af_path: viirs_af_path
[2026-05-16 00:01:39] VIIRS Image Date: ['2018-07-29 00:00:00']
[2026-05-16 00:01:39] Weather image size: 1
[2026-05-16 00:01:39] Forecast duration: 2018-07-30 00:00:00 to 2018-07-31 00:00:00
[2026-05-16 00:01:40] Number of forecast images: 24
[2026-05-16 00:01:40] Using forecast run: 2018-07-29 18:00:00 UTC
[2026-05-16 00:01:40] Forecast Rain Available hours: [6, 7, 8, 9, 10, 11, 12, 13, 14, 15, 16, 17, 18, 19, 20, 21, 22, 23, 24, 25, 26, 27, 28, 29]
[2026-05-16 00:01:40] Valid hours for sum: [12, 18, 24, 29]
[2026-05-16 00:01:42] Drought composite end date: 2018-07-24 06:00:00
[2026-05-16 00:01:42] Land cover year: 2017
[2026-05-16 00:01:44] VIIRS Veg composite: 2018-07-20 → 2018-08-05
[2026-05-16 00:01:48] Started export task: fire_230_static
[2026-05-16 00:01:48] Started export task: fire_230_dynamic_2018-07-29
[2026-05-16 00:01:48] ------ Processing date=2018-07-30 ------
[2026-05-16 00:01:48] Using viirs_af_path: viirs_af_path
[2026-05-16 00:01:49] VIIRS Image Date: ['2018-07-30 00:00:00']
[2026-05-16 00:01:49] Weather image size: 1
[2026-05-16 00:01:49] Forecast duration: 2018-07-31 00:00:00 to 2018-08-01 00:00:00
[2026-05-16 00:01:50] Number of forecast images: 24
[2026-05-16 00:01:50] Using forecast run: 2018-07-30 18:00:00 UTC
[2026-05-16 00:01:51] Forecast Rain Available hours: [6, 7, 8, 9, 10, 11, 12, 13, 14, 15, 16, 17, 18, 19, 20, 21, 22, 23, 24, 25, 26, 27, 28, 29]
[2026-05-16 00:01:51] Valid hours for sum: [12, 18, 24, 29]
[2026-05-16 00:01:52] Drought composite end date: 2018-07-29 06:00:00
[2026-05-16 00:01:52] Land cover year: 2017
[2026-05-16 00:01:56] VIIRS Veg composite: 2018-07-20 → 2018-08-05
[2026-05-16 00:02:00] Started export task: fire_230_dynamic_2018-07-30
[2026-05-16 00:02:01] ------ Processing date=2018-07-31 ------
[2026-05-16 00:02:01] Using viirs_af_path: viirs_af_path
[2026-05-16 00:02:01] VIIRS Image Date: ['2018-07-31 00:00:00']
[2026-05-16 00:02:01] Weather image size: 1
[2026-05-16 00:02:01] Forecast duration: 2018-08-01 00:00:00 to 2018-08-02 00:00:00
[2026-05-16 00:02:03] Number of forecast images: 24
[2026-05-16 00:02:03] Using forecast run: 2018-07-31 18:00:00 UTC
[2026-05-16 00:02:03] Forecast Rain Available hours: [6, 7, 8, 9, 10, 11, 12, 13, 14, 15, 16, 17, 18, 19, 20, 21, 22, 23, 24, 25, 26, 27, 28, 29]
[2026-05-16 00:02:03] Valid hours for sum: [12, 18, 24, 29]
[2026-05-16 00:02:05] Drought composite end date: 2018-07-29 06:00:00
[2026-05-16 00:02:07] Land cover year: 2017
[2026-05-16 00:02:08] VIIRS Veg composite: 2018-07-20 → 2018-08-05
[2026-05-16 00:02:11] Started export task: fire_230_dynamic_2018-07-31
[2026-05-16 00:02:12] ------ Processing date=2018-08-01 ------
[2026-05-16 00:02:12] Using viirs_af_path: viirs_af_path
[2026-05-16 00:02:12] VIIRS Image Date: ['2018-08-01 00:00:00']
[2026-05-16 00:02:12] Weather image size: 1
[2026-05-16 00:02:12] Forecast duration: 2018-08-02 00:00:00 to 2018-08-03 00:00:00
[2026-05-16 00:02:14] Number of forecast images: 24
[2026-05-16 00:02:14] Using forecast run: 2018-08-01 18:00:00 UTC
[2026-05-16 00:02:14] Forecast Rain Available hours: [6, 7, 8, 9, 10, 11, 12, 13, 14, 15, 16, 17, 18, 19, 20, 21, 22, 23, 24, 25, 26, 27, 28, 29]
[2026-05-16 00:02:14] Valid hours for sum: [12, 18, 24, 29]
[2026-05-16 00:02:18] Drought composite end date: 2018-07-29 06:00:00
[2026-05-16 00:02:19] Land cover year: 2017
[2026-05-16 00:02:20] VIIRS Veg composite: 2018-07-20 → 2018-08-05
[2026-05-16 00:02:24] Started export task: fire_230_dynamic_2018-08-01
[2026-05-16 00:02:24] ------ Processing date=2018-08-02 ------
[2026-05-16 00:02:24] Using viirs_af_path: viirs_af_path
[2026-05-16 00:02:25] VIIRS Image Date: ['2018-08-02 00:00:00']
[2026-05-16 00:02:25] Weather image size: 1
[2026-05-16 00:02:25] Forecast duration: 2018-08-03 00:00:00 to 2018-08-04 00:00:00
[2026-05-16 00:02:26] Number of forecast images: 24
[2026-05-16 00:02:26] Using forecast run: 2018-08-02 18:00:00 UTC
[2026-05-16 00:02:26] Forecast Rain Available hours: [6, 7, 8, 9, 10, 11, 12, 13, 14, 15, 16, 17, 18, 19, 20, 21, 22, 23, 24, 25, 26, 27, 28, 29]
[2026-05-16 00:02:26] Valid hours for sum: [12, 18, 24, 29]
[2026-05-16 00:02:29] Drought composite end date: 2018-07-29 06:00:00
[2026-05-16 00:02:29] Land cover year: 2017
[2026-05-16 00:02:30] VIIRS Veg composite: 2018-07-20 → 2018-08-05
[2026-05-16 00:02:34] Started export task: fire_230_dynamic_2018-08-02
[2026-05-16 00:02:35] ------ Processing date=2018-08-03 ------
[2026-05-16 00:02:35] Using viirs_af_path: viirs_af_path
[2026-05-16 00:02:35] VIIRS Image Date: ['2018-08-03 00:00:00']
[2026-05-16 00:02:35] Weather image size: 1
[2026-05-16 00:02:35] Forecast duration: 2018-08-04 00:00:00 to 2018-08-05 00:00:00
[2026-05-16 00:02:36] Number of forecast images: 24
[2026-05-16 00:02:36] Using forecast run: 2018-08-03 18:00:00 UTC
[2026-05-16 00:02:37] Forecast Rain Available hours: [6, 7, 8, 9, 10, 11, 12, 13, 14, 15, 16, 17, 18, 19, 20, 21, 22, 23, 24, 25, 26, 27, 28, 29]
[2026-05-16 00:02:37] Valid hours for sum: [12, 18, 24, 29]
[2026-05-16 00:02:39] Drought composite end date: 2018-07-29 06:00:00
[2026-05-16 00:02:39] Land cover year: 2017
[2026-05-16 00:02:41] VIIRS Veg composite: 2018-07-20 → 2018-08-05
[2026-05-16 00:02:44] Started export task: fire_230_dynamic_2018-08-03
[2026-05-16 00:02:46] ------ Processing date=2018-08-04 ------
[2026-05-16 00:02:46] Using viirs_af_path: viirs_af_path
[2026-05-16 00:02:46] VIIRS Image Date: ['2018-08-04 00:00:00']
[2026-05-16 00:02:46] Weather image size: 1
[2026-05-16 00:02:46] Forecast duration: 2018-08-05 00:00:00 to 2018-08-06 00:00:00
[2026-05-16 00:02:47] Number of forecast images: 24
[2026-05-16 00:02:47] Using forecast run: 2018-08-04 18:00:00 UTC
[2026-05-16 00:02:48] Forecast Rain Available hours: [6, 7, 8, 9, 10, 11, 12, 13, 14, 15, 16, 17, 18, 19, 20, 21, 22, 23, 24, 25, 26, 27, 28, 29]
[2026-05-16 00:02:48] Valid hours for sum: [12, 18, 24, 29]
[2026-05-16 00:02:50] Drought composite end date: 2018-08-03 06:00:00
[2026-05-16 00:02:50] Land cover year: 2017
[2026-05-16 00:02:51] VIIRS Veg composite: 2018-07-20 → 2018-08-05
[2026-05-16 00:02:56] Started export task: fire_230_dynamic_2018-08-04
[2026-05-16 00:02:57] ------ Processing date=2018-08-05 ------
[2026-05-16 00:02:57] Using viirs_af_path: viirs_af_path
[2026-05-16 00:02:57] VIIRS Image Date: ['2018-08-05 00:00:00']
[2026-05-16 00:02:57] Weather image size: 1
[2026-05-16 00:02:57] Forecast duration: 2018-08-06 00:00:00 to 2018-08-07 00:00:00
[2026-05-16 00:02:58] Number of forecast images: 24
[2026-05-16 00:02:58] Using forecast run: 2018-08-05 18:00:00 UTC
[2026-05-16 00:02:59] Forecast Rain Available hours: [6, 7, 8, 9, 10, 11, 12, 13, 14, 15, 16, 17, 18, 19, 20, 21, 22, 23, 24, 25, 26, 27, 28, 29]
[2026-05-16 00:02:59] Valid hours for sum: [12, 18, 24, 29]
[2026-05-16 00:03:02] Drought composite end date: 2018-08-03 06:00:00
[2026-05-16 00:03:02] Land cover year: 2017
[2026-05-16 00:03:03] VIIRS Veg composite: 2018-07-20 → 2018-08-05
[2026-05-16 00:03:07] Started export task: fire_230_dynamic_2018-08-05
[2026-05-16 00:03:07] ------ Processing date=2018-08-06 ------
[2026-05-16 00:03:07] Using viirs_af_path: viirs_af_path
[2026-05-16 00:03:08] VIIRS Image Date: ['2018-08-06 00:00:00']
[2026-05-16 00:03:08] Weather image size: 1
[2026-05-16 00:03:08] Forecast duration: 2018-08-07 00:00:00 to 2018-08-08 00:00:00
[2026-05-16 00:03:09] Number of forecast images: 24
[2026-05-16 00:03:09] Using forecast run: 2018-08-06 18:00:00 UTC
[2026-05-16 00:03:09] Forecast Rain Available hours: [6, 7, 8, 9, 10, 11, 12, 13, 14, 15, 16, 17, 18, 19, 20, 21, 22, 23, 24, 25, 26, 27, 28, 29]
[2026-05-16 00:03:09] Valid hours for sum: [12, 18, 24, 29]
[2026-05-16 00:03:13] Drought composite end date: 2018-08-03 06:00:00
[2026-05-16 00:03:13] Land cover year: 2017
[2026-05-16 00:03:14] VIIRS Veg composite: 2018-07-20 → 2018-08-05
[2026-05-16 00:03:18] Started export task: fire_230_dynamic_2018-08-06
[2026-05-16 00:03:19] ------ Processing date=2018-08-07 ------
[2026-05-16 00:03:19] Using viirs_af_path: viirs_af_path
[2026-05-16 00:03:20] VIIRS Image Date: ['2018-08-07 00:00:00']
[2026-05-16 00:03:20] Weather image size: 1
[2026-05-16 00:03:20] Forecast duration: 2018-08-08 00:00:00 to 2018-08-09 00:00:00
[2026-05-16 00:03:22] Number of forecast images: 24
[2026-05-16 00:03:22] Using forecast run: 2018-08-07 18:00:00 UTC
[2026-05-16 00:03:23] Forecast Rain Available hours: [6, 7, 8, 9, 10, 11, 12, 13, 14, 15, 16, 17, 18, 19, 20, 21, 22, 23, 24, 25, 26, 27, 28, 29]
[2026-05-16 00:03:23] Valid hours for sum: [12, 18, 24, 29]
[2026-05-16 00:03:25] Drought composite end date: 2018-08-03 06:00:00
[2026-05-16 00:03:25] Land cover year: 2017
[2026-05-16 00:03:26] VIIRS Veg composite: 2018-07-20 → 2018-08-05
[2026-05-16 00:03:29] Started export task: fire_230_dynamic_2018-08-07
[2026-05-16 00:03:29] ------ Processing date=2018-08-08 ------
[2026-05-16 00:03:29] Using viirs_af_path: viirs_af_path
[2026-05-16 00:03:30] VIIRS Image Date: ['2018-08-08 00:00:00']
[2026-05-16 00:03:30] Weather image size: 1
[2026-05-16 00:03:30] Forecast duration: 2018-08-09 00:00:00 to 2018-08-10 00:00:00
[2026-05-16 00:03:31] Number of forecast images: 24
[2026-05-16 00:03:31] Using forecast run: 2018-08-08 18:00:00 UTC
[2026-05-16 00:03:32] Forecast Rain Available hours: [6, 7, 8, 9, 10, 11, 12, 13, 14, 15, 16, 17, 18, 19, 20, 21, 22, 23, 24, 25, 26, 27, 28, 29]
[2026-05-16 00:03:32] Valid hours for sum: [12, 18, 24, 29]
[2026-05-16 00:03:34] Drought composite end date: 2018-08-03 06:00:00
[2026-05-16 00:03:34] Land cover year: 2017
[2026-05-16 00:03:35] VIIRS Veg composite: 2018-07-20 → 2018-08-05
[2026-05-16 00:03:44] Started export task: fire_230_dynamic_2018-08-08
[2026-05-16 00:03:44] ------ Processing date=2018-08-09 ------
[2026-05-16 00:03:44] Using viirs_af_path: viirs_af_path
[2026-05-16 00:03:44] VIIRS Image Date: ['2018-08-09 00:00:00']
[2026-05-16 00:03:45] Weather image size: 1
[2026-05-16 00:03:45] Forecast duration: 2018-08-10 00:00:00 to 2018-08-11 00:00:00
[2026-05-16 00:03:46] Number of forecast images: 24
[2026-05-16 00:03:46] Using forecast run: 2018-08-09 18:00:00 UTC
[2026-05-16 00:03:46] Forecast Rain Available hours: [6, 7, 8, 9, 10, 11, 12, 13, 14, 15, 16, 17, 18, 19, 20, 21, 22, 23, 24, 25, 26, 27, 28, 29]
[2026-05-16 00:03:46] Valid hours for sum: [12, 18, 24, 29]
[2026-05-16 00:03:47] Drought composite end date: 2018-08-08 06:00:00
[2026-05-16 00:03:48] Land cover year: 2017
[2026-05-16 00:03:49] VIIRS Veg composite: 2018-07-20 → 2018-08-05
[2026-05-16 00:03:53] Started export task: fire_230_dynamic_2018-08-09
[2026-05-16 00:03:54] ------ Processing date=2018-08-10 ------
[2026-05-16 00:03:54] Using viirs_af_path: viirs_af_path
[2026-05-16 00:03:54] VIIRS Image Date: ['2018-08-10 00:00:00']
[2026-05-16 00:03:54] Weather image size: 1
[2026-05-16 00:03:54] Forecast duration: 2018-08-11 00:00:00 to 2018-08-12 00:00:00
[2026-05-16 00:03:55] Number of forecast images: 24
[2026-05-16 00:03:55] Using forecast run: 2018-08-10 18:00:00 UTC
[2026-05-16 00:03:55] Forecast Rain Available hours: [6, 7, 8, 9, 10, 11, 12, 13, 14, 15, 16, 17, 18, 19, 20, 21, 22, 23, 24, 25, 26, 27, 28, 29]
[2026-05-16 00:03:55] Valid hours for sum: [12, 18, 24, 29]
[2026-05-16 00:03:58] Drought composite end date: 2018-08-08 06:00:00
[2026-05-16 00:03:58] Land cover year: 2017
[2026-05-16 00:04:00] VIIRS Veg composite: 2018-07-20 → 2018-08-05
[2026-05-16 00:04:04] Started export task: fire_230_dynamic_2018-08-10
[2026-05-16 00:04:05] ------ Processing date=2018-08-11 ------
[2026-05-16 00:04:05] Using viirs_af_path: viirs_af_path
[2026-05-16 00:04:05] VIIRS Image Date: ['2018-08-11 00:00:00']
[2026-05-16 00:04:05] Weather image size: 1
[2026-05-16 00:04:05] Forecast duration: 2018-08-12 00:00:00 to 2018-08-13 00:00:00
[2026-05-16 00:04:06] Number of forecast images: 24
[2026-05-16 00:04:06] Using forecast run: 2018-08-11 18:00:00 UTC
[2026-05-16 00:04:07] Forecast Rain Available hours: [6, 7, 8, 9, 10, 11, 12, 13, 14, 15, 16, 17, 18, 19, 20, 21, 22, 23, 24, 25, 26, 27, 28, 29]
[2026-05-16 00:04:07] Valid hours for sum: [12, 18, 24, 29]
[2026-05-16 00:04:09] Drought composite end date: 2018-08-08 06:00:00
[2026-05-16 00:04:09] Land cover year: 2017
[2026-05-16 00:04:10] VIIRS Veg composite: 2018-07-20 → 2018-08-05
[2026-05-16 00:04:14] Started export task: fire_230_dynamic_2018-08-11
[2026-05-16 00:04:14] ------ Processing date=2018-08-12 ------
[2026-05-16 00:04:14] Using viirs_af_path: viirs_af_path
[2026-05-16 00:04:15] VIIRS Image Date: ['2018-08-12 00:00:00']
[2026-05-16 00:04:15] Weather image size: 1
[2026-05-16 00:04:15] Forecast duration: 2018-08-13 00:00:00 to 2018-08-14 00:00:00
[2026-05-16 00:04:16] Number of forecast images: 24
[2026-05-16 00:04:16] Using forecast run: 2018-08-12 18:00:00 UTC
[2026-05-16 00:04:17] Forecast Rain Available hours: [6, 7, 8, 9, 10, 11, 12, 13, 14, 15, 16, 17, 18, 19, 20, 21, 22, 23, 24, 25, 26, 27, 28, 29]
[2026-05-16 00:04:17] Valid hours for sum: [12, 18, 24, 29]
[2026-05-16 00:04:18] Drought composite end date: 2018-08-08 06:00:00
[2026-05-16 00:04:18] Land cover year: 2017
[2026-05-16 00:04:19] VIIRS Veg composite: 2018-07-20 → 2018-08-05
[2026-05-16 00:04:23] Started export task: fire_230_dynamic_2018-08-12
[2026-05-16 00:04:23] ------ Processing date=2018-08-13 ------
[2026-05-16 00:04:23] Using viirs_af_path: viirs_af_path
[2026-05-16 00:04:23] VIIRS Image Date: ['2018-08-13 00:00:00']
[2026-05-16 00:04:24] Weather image size: 1
[2026-05-16 00:04:24] Forecast duration: 2018-08-14 00:00:00 to 2018-08-15 00:00:00
[2026-05-16 00:04:25] Number of forecast images: 24
[2026-05-16 00:04:25] Using forecast run: 2018-08-13 18:00:00 UTC
[2026-05-16 00:04:25] Forecast Rain Available hours: [6, 7, 8, 9, 10, 11, 12, 13, 14, 15, 16, 17, 18, 19, 20, 21, 22, 23, 24, 25, 26, 27, 28, 29]
[2026-05-16 00:04:25] Valid hours for sum: [12, 18, 24, 29]
[2026-05-16 00:04:27] Drought composite end date: 2018-08-08 06:00:00
[2026-05-16 00:04:27] Land cover year: 2017
[2026-05-16 00:04:28] VIIRS Veg composite: 2018-07-20 → 2018-08-05
[2026-05-16 00:04:32] Started export task: fire_230_dynamic_2018-08-13
[2026-05-16 00:04:32] ------ Processing date=2018-08-14 ------
[2026-05-16 00:04:32] Using viirs_af_path: viirs_af_path
[2026-05-16 00:04:32] VIIRS Image Date: ['2018-08-14 00:00:00']
[2026-05-16 00:04:32] Weather image size: 1
[2026-05-16 00:04:32] Forecast duration: 2018-08-15 00:00:00 to 2018-08-16 00:00:00
[2026-05-16 00:04:33] Number of forecast images: 24
[2026-05-16 00:04:33] Using forecast run: 2018-08-14 18:00:00 UTC
[2026-05-16 00:04:34] Forecast Rain Available hours: [6, 7, 8, 9, 10, 11, 12, 13, 14, 15, 16, 17, 18, 19, 20, 21, 22, 23, 24, 25, 26, 27, 28, 29]
[2026-05-16 00:04:34] Valid hours for sum: [12, 18, 24, 29]
[2026-05-16 00:04:37] Drought composite end date: 2018-08-13 06:00:00
[2026-05-16 00:04:37] Land cover year: 2017
[2026-05-16 00:04:38] VIIRS Veg composite: 2018-07-20 → 2018-08-05
[2026-05-16 00:04:41] Started export task: fire_230_dynamic_2018-08-14
[2026-05-16 00:04:41] ------ Processing date=2018-08-15 ------
[2026-05-16 00:04:41] Using viirs_af_path: viirs_af_path
[2026-05-16 00:04:42] VIIRS Image Date: ['2018-08-15 00:00:00']
[2026-05-16 00:04:42] Weather image size: 1
[2026-05-16 00:04:42] Forecast duration: 2018-08-16 00:00:00 to 2018-08-17 00:00:00
[2026-05-16 00:04:43] Number of forecast images: 24
[2026-05-16 00:04:43] Using forecast run: 2018-08-15 18:00:00 UTC
[2026-05-16 00:04:43] Forecast Rain Available hours: [6, 7, 8, 9, 10, 11, 12, 13, 14, 15, 16, 17, 18, 19, 20, 21, 22, 23, 24, 25, 26, 27, 28, 29]
[2026-05-16 00:04:43] Valid hours for sum: [12, 18, 24, 29]
[2026-05-16 00:04:45] Drought composite end date: 2018-08-13 06:00:00
[2026-05-16 00:04:46] Land cover year: 2017
[2026-05-16 00:04:46] VIIRS Veg composite: 2018-07-20 → 2018-08-05
[2026-05-16 00:04:50] Started export task: fire_230_dynamic_2018-08-15
[2026-05-16 00:04:51] END: ----------Event fire_230----------- (Duration: 3.21m)
[2026-05-16 00:04:51] START: ----------Event fire_231-----------
[2026-05-16 00:04:51] ------ Processing date=2018-08-03 ------
[2026-05-16 00:04:51] Using viirs_af_path: viirs_af_path
[2026-05-16 00:04:51] VIIRS Image Date: ['2018-08-03 00:00:00']
[2026-05-16 00:04:51] Weather image size: 1
[2026-05-16 00:04:51] Forecast duration: 2018-08-04 00:00:00 to 2018-08-05 00:00:00
[2026-05-16 00:04:53] Number of forecast images: 24
[2026-05-16 00:04:53] Using forecast run: 2018-08-03 18:00:00 UTC
[2026-05-16 00:04:53] Forecast Rain Available hours: [6, 7, 8, 9, 10, 11, 12, 13, 14, 15, 16, 17, 18, 19, 20, 21, 22, 23, 24, 25, 26, 27, 28, 29]
[2026-05-16 00:04:53] Valid hours for sum: [12, 18, 24, 29]
[2026-05-16 00:04:55] Drought composite end date: 2018-07-29 06:00:00
[2026-05-16 00:04:55] Land cover year: 2017
[2026-05-16 00:04:57] VIIRS Veg composite: 2018-07-20 → 2018-08-05
[2026-05-16 00:05:01] Started export task: fire_231_static
[2026-05-16 00:05:02] Started export task: fire_231_dynamic_2018-08-03
[2026-05-16 00:05:02] ------ Processing date=2018-08-04 ------
[2026-05-16 00:05:02] Using viirs_af_path: viirs_af_path
[2026-05-16 00:05:02] VIIRS Image Date: ['2018-08-04 00:00:00']
[2026-05-16 00:05:03] Weather image size: 1
[2026-05-16 00:05:03] Forecast duration: 2018-08-05 00:00:00 to 2018-08-06 00:00:00
[2026-05-16 00:05:03] Number of forecast images: 24
[2026-05-16 00:05:03] Using forecast run: 2018-08-04 18:00:00 UTC
[2026-05-16 00:05:04] Forecast Rain Available hours: [6, 7, 8, 9, 10, 11, 12, 13, 14, 15, 16, 17, 18, 19, 20, 21, 22, 23, 24, 25, 26, 27, 28, 29]
[2026-05-16 00:05:04] Valid hours for sum: [12, 18, 24, 29]
[2026-05-16 00:05:06] Drought composite end date: 2018-08-03 06:00:00
[2026-05-16 00:05:07] Land cover year: 2017
[2026-05-16 00:05:07] VIIRS Veg composite: 2018-07-20 → 2018-08-05
[2026-05-16 00:05:11] Started export task: fire_231_dynamic_2018-08-04
[2026-05-16 00:05:11] ------ Processing date=2018-08-05 ------
[2026-05-16 00:05:11] Using viirs_af_path: viirs_af_path
[2026-05-16 00:05:12] VIIRS Image Date: ['2018-08-05 00:00:00']
[2026-05-16 00:05:12] Weather image size: 1
[2026-05-16 00:05:12] Forecast duration: 2018-08-06 00:00:00 to 2018-08-07 00:00:00
[2026-05-16 00:05:13] Number of forecast images: 24
[2026-05-16 00:05:13] Using forecast run: 2018-08-05 18:00:00 UTC
[2026-05-16 00:05:13] Forecast Rain Available hours: [6, 7, 8, 9, 10, 11, 12, 13, 14, 15, 16, 17, 18, 19, 20, 21, 22, 23, 24, 25, 26, 27, 28, 29]
[2026-05-16 00:05:13] Valid hours for sum: [12, 18, 24, 29]
[2026-05-16 00:05:14] Drought composite end date: 2018-08-03 06:00:00
[2026-05-16 00:05:15] Land cover year: 2017
[2026-05-16 00:05:17] VIIRS Veg composite: 2018-07-20 → 2018-08-05
[2026-05-16 00:05:20] Started export task: fire_231_dynamic_2018-08-05
[2026-05-16 00:05:20] ------ Processing date=2018-08-06 ------
[2026-05-16 00:05:20] Using viirs_af_path: viirs_af_path
[2026-05-16 00:05:21] VIIRS Image Date: ['2018-08-06 00:00:00']
[2026-05-16 00:05:21] Weather image size: 1
[2026-05-16 00:05:21] Forecast duration: 2018-08-07 00:00:00 to 2018-08-08 00:00:00
[2026-05-16 00:05:22] Number of forecast images: 24
[2026-05-16 00:05:22] Using forecast run: 2018-08-06 18:00:00 UTC
[2026-05-16 00:05:23] Forecast Rain Available hours: [6, 7, 8, 9, 10, 11, 12, 13, 14, 15, 16, 17, 18, 19, 20, 21, 22, 23, 24, 25, 26, 27, 28, 29]
[2026-05-16 00:05:23] Valid hours for sum: [12, 18, 24, 29]
[2026-05-16 00:05:24] Drought composite end date: 2018-08-03 06:00:00
[2026-05-16 00:05:25] Land cover year: 2017
[2026-05-16 00:05:26] VIIRS Veg composite: 2018-07-20 → 2018-08-05
[2026-05-16 00:05:30] Started export task: fire_231_dynamic_2018-08-06
[2026-05-16 00:05:30] ------ Processing date=2018-08-07 ------
[2026-05-16 00:05:30] Using viirs_af_path: viirs_af_path
[2026-05-16 00:05:31] VIIRS Image Date: ['2018-08-07 00:00:00']
[2026-05-16 00:05:31] Weather image size: 1
[2026-05-16 00:05:31] Forecast duration: 2018-08-08 00:00:00 to 2018-08-09 00:00:00
[2026-05-16 00:05:32] Number of forecast images: 24
[2026-05-16 00:05:32] Using forecast run: 2018-08-07 18:00:00 UTC
[2026-05-16 00:05:32] Forecast Rain Available hours: [6, 7, 8, 9, 10, 11, 12, 13, 14, 15, 16, 17, 18, 19, 20, 21, 22, 23, 24, 25, 26, 27, 28, 29]
[2026-05-16 00:05:32] Valid hours for sum: [12, 18, 24, 29]
[2026-05-16 00:05:41] Drought composite end date: 2018-08-03 06:00:00
[2026-05-16 00:05:41] Land cover year: 2017
[2026-05-16 00:05:42] VIIRS Veg composite: 2018-07-20 → 2018-08-05
[2026-05-16 00:05:47] Started export task: fire_231_dynamic_2018-08-07
[2026-05-16 00:05:47] ------ Processing date=2018-08-08 ------
[2026-05-16 00:05:47] Using viirs_af_path: viirs_af_path
[2026-05-16 00:05:47] VIIRS Image Date: ['2018-08-08 00:00:00']
[2026-05-16 00:05:48] Weather image size: 1
[2026-05-16 00:05:48] Forecast duration: 2018-08-09 00:00:00 to 2018-08-10 00:00:00
[2026-05-16 00:05:49] Number of forecast images: 24
[2026-05-16 00:05:49] Using forecast run: 2018-08-08 18:00:00 UTC
[2026-05-16 00:05:49] Forecast Rain Available hours: [6, 7, 8, 9, 10, 11, 12, 13, 14, 15, 16, 17, 18, 19, 20, 21, 22, 23, 24, 25, 26, 27, 28, 29]
[2026-05-16 00:05:49] Valid hours for sum: [12, 18, 24, 29]
[2026-05-16 00:05:51] Drought composite end date: 2018-08-03 06:00:00
[2026-05-16 00:05:51] Land cover year: 2017
[2026-05-16 00:05:52] VIIRS Veg composite: 2018-07-20 → 2018-08-05
[2026-05-16 00:05:56] Started export task: fire_231_dynamic_2018-08-08
[2026-05-16 00:05:56] ------ Processing date=2018-08-09 ------
[2026-05-16 00:05:56] Using viirs_af_path: viirs_af_path
[2026-05-16 00:05:56] VIIRS Image Date: ['2018-08-09 00:00:00']
[2026-05-16 00:05:57] Weather image size: 1
[2026-05-16 00:05:57] Forecast duration: 2018-08-10 00:00:00 to 2018-08-11 00:00:00
[2026-05-16 00:05:57] Number of forecast images: 24
[2026-05-16 00:05:57] Using forecast run: 2018-08-09 18:00:00 UTC
[2026-05-16 00:05:58] Forecast Rain Available hours: [6, 7, 8, 9, 10, 11, 12, 13, 14, 15, 16, 17, 18, 19, 20, 21, 22, 23, 24, 25, 26, 27, 28, 29]
[2026-05-16 00:05:58] Valid hours for sum: [12, 18, 24, 29]
[2026-05-16 00:06:01] Drought composite end date: 2018-08-08 06:00:00
[2026-05-16 00:06:01] Land cover year: 2017
[2026-05-16 00:06:02] VIIRS Veg composite: 2018-07-20 → 2018-08-05
[2026-05-16 00:06:05] Started export task: fire_231_dynamic_2018-08-09
[2026-05-16 00:06:06] ------ Processing date=2018-08-10 ------
[2026-05-16 00:06:06] Using viirs_af_path: viirs_af_path
[2026-05-16 00:06:06] VIIRS Image Date: ['2018-08-10 00:00:00']
[2026-05-16 00:06:06] Weather image size: 1
[2026-05-16 00:06:06] Forecast duration: 2018-08-11 00:00:00 to 2018-08-12 00:00:00
[2026-05-16 00:06:07] Number of forecast images: 24
[2026-05-16 00:06:07] Using forecast run: 2018-08-10 18:00:00 UTC
[2026-05-16 00:06:08] Forecast Rain Available hours: [6, 7, 8, 9, 10, 11, 12, 13, 14, 15, 16, 17, 18, 19, 20, 21, 22, 23, 24, 25, 26, 27, 28, 29]
[2026-05-16 00:06:08] Valid hours for sum: [12, 18, 24, 29]
[2026-05-16 00:06:10] Drought composite end date: 2018-08-08 06:00:00
[2026-05-16 00:06:10] Land cover year: 2017
[2026-05-16 00:06:11] VIIRS Veg composite: 2018-07-20 → 2018-08-05
[2026-05-16 00:06:15] Started export task: fire_231_dynamic_2018-08-10
[2026-05-16 00:06:15] ------ Processing date=2018-08-11 ------
[2026-05-16 00:06:15] Using viirs_af_path: viirs_af_path
[2026-05-16 00:06:16] VIIRS Image Date: ['2018-08-11 00:00:00']
[2026-05-16 00:06:16] Weather image size: 1
[2026-05-16 00:06:16] Forecast duration: 2018-08-12 00:00:00 to 2018-08-13 00:00:00
[2026-05-16 00:06:17] Number of forecast images: 24
[2026-05-16 00:06:17] Using forecast run: 2018-08-11 18:00:00 UTC
[2026-05-16 00:06:17] Forecast Rain Available hours: [6, 7, 8, 9, 10, 11, 12, 13, 14, 15, 16, 17, 18, 19, 20, 21, 22, 23, 24, 25, 26, 27, 28, 29]
[2026-05-16 00:06:17] Valid hours for sum: [12, 18, 24, 29]
[2026-05-16 00:06:19] Drought composite end date: 2018-08-08 06:00:00
[2026-05-16 00:06:19] Land cover year: 2017
[2026-05-16 00:06:20] VIIRS Veg composite: 2018-07-20 → 2018-08-05
[2026-05-16 00:06:23] Started export task: fire_231_dynamic_2018-08-11
[2026-05-16 00:06:23] ------ Processing date=2018-08-12 ------
[2026-05-16 00:06:23] Using viirs_af_path: viirs_af_path
[2026-05-16 00:06:24] VIIRS Image Date: ['2018-08-12 00:00:00']
[2026-05-16 00:06:24] Weather image size: 1
[2026-05-16 00:06:24] Forecast duration: 2018-08-13 00:00:00 to 2018-08-14 00:00:00
[2026-05-16 00:06:25] Number of forecast images: 24
[2026-05-16 00:06:25] Using forecast run: 2018-08-12 18:00:00 UTC
[2026-05-16 00:06:25] Forecast Rain Available hours: [6, 7, 8, 9, 10, 11, 12, 13, 14, 15, 16, 17, 18, 19, 20, 21, 22, 23, 24, 25, 26, 27, 28, 29]
[2026-05-16 00:06:25] Valid hours for sum: [12, 18, 24, 29]
[2026-05-16 00:06:27] Drought composite end date: 2018-08-08 06:00:00
[2026-05-16 00:06:28] Land cover year: 2017
[2026-05-16 00:06:28] VIIRS Veg composite: 2018-07-20 → 2018-08-05
[2026-05-16 00:06:33] Started export task: fire_231_dynamic_2018-08-12
[2026-05-16 00:06:33] ------ Processing date=2018-08-13 ------
[2026-05-16 00:06:33] Using viirs_af_path: viirs_af_path
[2026-05-16 00:06:33] VIIRS Image Date: ['2018-08-13 00:00:00']
[2026-05-16 00:06:33] Weather image size: 1
[2026-05-16 00:06:33] Forecast duration: 2018-08-14 00:00:00 to 2018-08-15 00:00:00
[2026-05-16 00:06:35] Number of forecast images: 24
[2026-05-16 00:06:35] Using forecast run: 2018-08-13 18:00:00 UTC
[2026-05-16 00:06:35] Forecast Rain Available hours: [6, 7, 8, 9, 10, 11, 12, 13, 14, 15, 16, 17, 18, 19, 20, 21, 22, 23, 24, 25, 26, 27, 28, 29]
[2026-05-16 00:06:35] Valid hours for sum: [12, 18, 24, 29]
[2026-05-16 00:06:38] Drought composite end date: 2018-08-08 06:00:00
[2026-05-16 00:06:38] Land cover year: 2017
[2026-05-16 00:06:39] VIIRS Veg composite: 2018-07-20 → 2018-08-05
[2026-05-16 00:06:43] Started export task: fire_231_dynamic_2018-08-13
[2026-05-16 00:06:43] ------ Processing date=2018-08-14 ------
[2026-05-16 00:06:43] Using viirs_af_path: viirs_af_path
[2026-05-16 00:06:43] VIIRS Image Date: ['2018-08-14 00:00:00']
[2026-05-16 00:06:44] Weather image size: 1
[2026-05-16 00:06:44] Forecast duration: 2018-08-15 00:00:00 to 2018-08-16 00:00:00
[2026-05-16 00:06:45] Number of forecast images: 24
[2026-05-16 00:06:45] Using forecast run: 2018-08-14 18:00:00 UTC
[2026-05-16 00:06:45] Forecast Rain Available hours: [6, 7, 8, 9, 10, 11, 12, 13, 14, 15, 16, 17, 18, 19, 20, 21, 22, 23, 24, 25, 26, 27, 28, 29]
[2026-05-16 00:06:45] Valid hours for sum: [12, 18, 24, 29]
[2026-05-16 00:06:47] Drought composite end date: 2018-08-13 06:00:00
[2026-05-16 00:06:48] Land cover year: 2017
[2026-05-16 00:06:48] VIIRS Veg composite: 2018-07-20 → 2018-08-05
[2026-05-16 00:06:53] Started export task: fire_231_dynamic_2018-08-14
[2026-05-16 00:06:54] ------ Processing date=2018-08-15 ------
[2026-05-16 00:06:54] Using viirs_af_path: viirs_af_path
[2026-05-16 00:06:54] VIIRS Image Date: ['2018-08-15 00:00:00']
[2026-05-16 00:06:54] Weather image size: 1
[2026-05-16 00:06:54] Forecast duration: 2018-08-16 00:00:00 to 2018-08-17 00:00:00
[2026-05-16 00:06:55] Number of forecast images: 24
[2026-05-16 00:06:55] Using forecast run: 2018-08-15 18:00:00 UTC
[2026-05-16 00:06:56] Forecast Rain Available hours: [6, 7, 8, 9, 10, 11, 12, 13, 14, 15, 16, 17, 18, 19, 20, 21, 22, 23, 24, 25, 26, 27, 28, 29]
[2026-05-16 00:06:56] Valid hours for sum: [12, 18, 24, 29]
[2026-05-16 00:06:58] Drought composite end date: 2018-08-13 06:00:00
[2026-05-16 00:06:59] Land cover year: 2017
[2026-05-16 00:06:59] VIIRS Veg composite: 2018-07-20 → 2018-08-05
[2026-05-16 00:07:03] Started export task: fire_231_dynamic_2018-08-15
[2026-05-16 00:07:03] ------ Processing date=2018-08-16 ------
[2026-05-16 00:07:03] Using viirs_af_path: viirs_af_path
[2026-05-16 00:07:04] VIIRS Image Date: ['2018-08-16 00:00:00']
[2026-05-16 00:07:04] Weather image size: 1
[2026-05-16 00:07:04] Forecast duration: 2018-08-17 00:00:00 to 2018-08-18 00:00:00
[2026-05-16 00:07:05] Number of forecast images: 24
[2026-05-16 00:07:05] Using forecast run: 2018-08-16 18:00:00 UTC
[2026-05-16 00:07:05] Forecast Rain Available hours: [6, 7, 8, 9, 10, 11, 12, 13, 14, 15, 16, 17, 18, 19, 20, 21, 22, 23, 24, 25, 26, 27, 28, 29]
[2026-05-16 00:07:05] Valid hours for sum: [12, 18, 24, 29]
[2026-05-16 00:07:09] Drought composite end date: 2018-08-13 06:00:00
[2026-05-16 00:07:09] Land cover year: 2017
[2026-05-16 00:07:10] VIIRS Veg composite: 2018-07-20 → 2018-08-05
[2026-05-16 00:07:14] Started export task: fire_231_dynamic_2018-08-16
[2026-05-16 00:07:15] ------ Processing date=2018-08-17 ------
[2026-05-16 00:07:15] Using viirs_af_path: viirs_af_path
[2026-05-16 00:07:15] VIIRS Image Date: ['2018-08-17 00:00:00']
[2026-05-16 00:07:15] Weather image size: 1
[2026-05-16 00:07:15] Forecast duration: 2018-08-18 00:00:00 to 2018-08-19 00:00:00
[2026-05-16 00:07:16] Number of forecast images: 24
[2026-05-16 00:07:16] Using forecast run: 2018-08-17 18:00:00 UTC
[2026-05-16 00:07:17] Forecast Rain Available hours: [6, 7, 8, 9, 10, 11, 12, 13, 14, 15, 16, 17, 18, 19, 20, 21, 22, 23, 24, 25, 26, 27, 28, 29]
[2026-05-16 00:07:17] Valid hours for sum: [12, 18, 24, 29]
[2026-05-16 00:07:20] Drought composite end date: 2018-08-13 06:00:00
[2026-05-16 00:07:21] Land cover year: 2017
[2026-05-16 00:07:21] VIIRS Veg composite: 2018-07-20 → 2018-08-05
[2026-05-16 00:07:24] Started export task: fire_231_dynamic_2018-08-17
[2026-05-16 00:07:24] ------ Processing date=2018-08-18 ------
[2026-05-16 00:07:24] Using viirs_af_path: viirs_af_path
[2026-05-16 00:07:25] VIIRS Image Date: ['2018-08-18 00:00:00']
[2026-05-16 00:07:25] Weather image size: 1
[2026-05-16 00:07:25] Forecast duration: 2018-08-19 00:00:00 to 2018-08-20 00:00:00
[2026-05-16 00:07:26] Number of forecast images: 24
[2026-05-16 00:07:26] Using forecast run: 2018-08-18 18:00:00 UTC
[2026-05-16 00:07:27] Forecast Rain Available hours: [6, 7, 8, 9, 10, 11, 12, 13, 14, 15, 16, 17, 18, 19, 20, 21, 22, 23, 24, 25, 26, 27, 28, 29]
[2026-05-16 00:07:27] Valid hours for sum: [12, 18, 24, 29]
[2026-05-16 00:07:29] Drought composite end date: 2018-08-13 06:00:00
[2026-05-16 00:07:29] Land cover year: 2017
[2026-05-16 00:07:30] VIIRS Veg composite: 2018-07-20 → 2018-08-05
[2026-05-16 00:07:34] Started export task: fire_231_dynamic_2018-08-18
[2026-05-16 00:07:34] ------ Processing date=2018-08-19 ------
[2026-05-16 00:07:34] Using viirs_af_path: viirs_af_path
[2026-05-16 00:07:34] VIIRS Image Date: ['2018-08-19 00:00:00']
[2026-05-16 00:08:17] Weather image size: 1
[2026-05-16 00:08:17] Forecast duration: 2018-08-20 00:00:00 to 2018-08-21 00:00:00
[2026-05-16 00:08:18] Number of forecast images: 24
[2026-05-16 00:08:18] Using forecast run: 2018-08-19 18:00:00 UTC
[2026-05-16 00:08:19] Forecast Rain Available hours: [6, 7, 8, 9, 10, 11, 12, 13, 14, 15, 16, 17, 18, 19, 20, 21, 22, 23, 24, 25, 26, 27, 28, 29]
[2026-05-16 00:08:19] Valid hours for sum: [12, 18, 24, 29]
[2026-05-16 00:08:20] Drought composite end date: 2018-08-18 06:00:00
[2026-05-16 00:08:20] Land cover year: 2017
[2026-05-16 00:08:21] VIIRS Veg composite: 2018-07-20 → 2018-08-05
[2026-05-16 00:08:24] Started export task: fire_231_dynamic_2018-08-19
[2026-05-16 00:08:25] ------ Processing date=2018-08-20 ------
[2026-05-16 00:08:25] Using viirs_af_path: viirs_af_path
[2026-05-16 00:08:25] VIIRS Image Date: ['2018-08-20 00:00:00']
[2026-05-16 00:08:25] Weather image size: 1
[2026-05-16 00:08:25] Forecast duration: 2018-08-21 00:00:00 to 2018-08-22 00:00:00
[2026-05-16 00:08:26] Number of forecast images: 24
[2026-05-16 00:08:26] Using forecast run: 2018-08-20 18:00:00 UTC
[2026-05-16 00:08:27] Forecast Rain Available hours: [6, 7, 8, 9, 10, 11, 12, 13, 14, 15, 16, 17, 18, 19, 20, 21, 22, 23, 24, 25, 26, 27, 28, 29]
[2026-05-16 00:08:27] Valid hours for sum: [12, 18, 24, 29]
[2026-05-16 00:08:29] Drought composite end date: 2018-08-18 06:00:00
[2026-05-16 00:08:29] Land cover year: 2017
[2026-05-16 00:08:30] VIIRS Veg composite: 2018-07-20 → 2018-08-05
[2026-05-16 00:08:33] Started export task: fire_231_dynamic_2018-08-20
[2026-05-16 00:08:34] ------ Processing date=2018-08-21 ------
[2026-05-16 00:08:34] Using viirs_af_path: viirs_af_path
[2026-05-16 00:08:34] VIIRS Image Date: ['2018-08-21 00:00:00']
[2026-05-16 00:08:35] Weather image size: 1
[2026-05-16 00:08:35] Forecast duration: 2018-08-22 00:00:00 to 2018-08-23 00:00:00
[2026-05-16 00:08:36] Number of forecast images: 24
[2026-05-16 00:08:36] Using forecast run: 2018-08-21 18:00:00 UTC
[2026-05-16 00:08:36] Forecast Rain Available hours: [6, 7, 8, 9, 10, 11, 12, 13, 14, 15, 16, 17, 18, 19, 20, 21, 22, 23, 24, 25, 26, 27, 28, 29]
[2026-05-16 00:08:36] Valid hours for sum: [12, 18, 24, 29]
[2026-05-16 00:08:38] Drought composite end date: 2018-08-18 06:00:00
[2026-05-16 00:08:38] Land cover year: 2017
[2026-05-16 00:08:39] VIIRS Veg composite: 2018-07-20 → 2018-08-05
[2026-05-16 00:08:44] Started export task: fire_231_dynamic_2018-08-21
[2026-05-16 00:08:44] END: ----------Event fire_231----------- (Duration: 3.89m)
[2026-05-16 00:08:44] START: ----------Event fire_232-----------
[2026-05-16 00:08:44] ------ Processing date=2018-08-04 ------
[2026-05-16 00:08:44] Using viirs_af_path: viirs_af_path
[2026-05-16 00:08:45] VIIRS Image Date: ['2018-08-04 00:00:00']
[2026-05-16 00:08:45] Weather image size: 1
[2026-05-16 00:08:45] Forecast duration: 2018-08-05 00:00:00 to 2018-08-06 00:00:00
[2026-05-16 00:08:46] Number of forecast images: 24
[2026-05-16 00:08:46] Using forecast run: 2018-08-04 18:00:00 UTC
[2026-05-16 00:08:46] Forecast Rain Available hours: [6, 7, 8, 9, 10, 11, 12, 13, 14, 15, 16, 17, 18, 19, 20, 21, 22, 23, 24, 25, 26, 27, 28, 29]
[2026-05-16 00:08:46] Valid hours for sum: [12, 18, 24, 29]
[2026-05-16 00:08:48] Drought composite end date: 2018-08-03 06:00:00
[2026-05-16 00:08:48] Land cover year: 2017
[2026-05-16 00:08:50] VIIRS Veg composite: 2018-07-20 → 2018-08-05
[2026-05-16 00:08:53] Started export task: fire_232_static
[2026-05-16 00:08:53] Started export task: fire_232_dynamic_2018-08-04
[2026-05-16 00:08:54] ------ Processing date=2018-08-05 ------
[2026-05-16 00:08:54] Using viirs_af_path: viirs_af_path
[2026-05-16 00:08:54] VIIRS Image Date: ['2018-08-05 00:00:00']
[2026-05-16 00:08:54] Weather image size: 1
[2026-05-16 00:08:54] Forecast duration: 2018-08-06 00:00:00 to 2018-08-07 00:00:00
[2026-05-16 00:08:55] Number of forecast images: 24
[2026-05-16 00:08:55] Using forecast run: 2018-08-05 18:00:00 UTC
[2026-05-16 00:08:56] Forecast Rain Available hours: [6, 7, 8, 9, 10, 11, 12, 13, 14, 15, 16, 17, 18, 19, 20, 21, 22, 23, 24, 25, 26, 27, 28, 29]
[2026-05-16 00:08:56] Valid hours for sum: [12, 18, 24, 29]
[2026-05-16 00:08:58] Drought composite end date: 2018-08-03 06:00:00
[2026-05-16 00:08:58] Land cover year: 2017
[2026-05-16 00:08:59] VIIRS Veg composite: 2018-07-20 → 2018-08-05
[2026-05-16 00:09:02] Started export task: fire_232_dynamic_2018-08-05
[2026-05-16 00:09:02] ------ Processing date=2018-08-06 ------
[2026-05-16 00:09:02] Using viirs_af_path: viirs_af_path
[2026-05-16 00:09:03] VIIRS Image Date: ['2018-08-06 00:00:00']
[2026-05-16 00:09:03] Weather image size: 1
[2026-05-16 00:09:03] Forecast duration: 2018-08-07 00:00:00 to 2018-08-08 00:00:00
[2026-05-16 00:09:05] Number of forecast images: 24
[2026-05-16 00:09:05] Using forecast run: 2018-08-06 18:00:00 UTC
[2026-05-16 00:09:05] Forecast Rain Available hours: [6, 7, 8, 9, 10, 11, 12, 13, 14, 15, 16, 17, 18, 19, 20, 21, 22, 23, 24, 25, 26, 27, 28, 29]
[2026-05-16 00:09:05] Valid hours for sum: [12, 18, 24, 29]
[2026-05-16 00:09:08] Drought composite end date: 2018-08-03 06:00:00
[2026-05-16 00:09:08] Land cover year: 2017
[2026-05-16 00:09:09] VIIRS Veg composite: 2018-07-20 → 2018-08-05
[2026-05-16 00:09:14] Started export task: fire_232_dynamic_2018-08-06
[2026-05-16 00:09:14] ------ Processing date=2018-08-07 ------
[2026-05-16 00:09:14] Using viirs_af_path: viirs_af_path
[2026-05-16 00:09:15] VIIRS Image Date: ['2018-08-07 00:00:00']
[2026-05-16 00:09:15] Weather image size: 1
[2026-05-16 00:09:15] Forecast duration: 2018-08-08 00:00:00 to 2018-08-09 00:00:00
[2026-05-16 00:09:16] Number of forecast images: 24
[2026-05-16 00:09:16] Using forecast run: 2018-08-07 18:00:00 UTC
[2026-05-16 00:09:16] Forecast Rain Available hours: [6, 7, 8, 9, 10, 11, 12, 13, 14, 15, 16, 17, 18, 19, 20, 21, 22, 23, 24, 25, 26, 27, 28, 29]
[2026-05-16 00:09:16] Valid hours for sum: [12, 18, 24, 29]
[2026-05-16 00:09:18] Drought composite end date: 2018-08-03 06:00:00
[2026-05-16 00:09:18] Land cover year: 2017
[2026-05-16 00:09:19] VIIRS Veg composite: 2018-07-20 → 2018-08-05
[2026-05-16 00:09:23] Started export task: fire_232_dynamic_2018-08-07
[2026-05-16 00:09:24] ------ Processing date=2018-08-08 ------
[2026-05-16 00:09:24] Using viirs_af_path: viirs_af_path
[2026-05-16 00:09:25] VIIRS Image Date: ['2018-08-08 00:00:00']
[2026-05-16 00:09:26] Weather image size: 1
[2026-05-16 00:09:26] Forecast duration: 2018-08-09 00:00:00 to 2018-08-10 00:00:00
[2026-05-16 00:09:27] Number of forecast images: 24
[2026-05-16 00:09:27] Using forecast run: 2018-08-08 18:00:00 UTC
[2026-05-16 00:09:28] Forecast Rain Available hours: [6, 7, 8, 9, 10, 11, 12, 13, 14, 15, 16, 17, 18, 19, 20, 21, 22, 23, 24, 25, 26, 27, 28, 29]
[2026-05-16 00:09:28] Valid hours for sum: [12, 18, 24, 29]
[2026-05-16 00:09:30] Drought composite end date: 2018-08-03 06:00:00
[2026-05-16 00:09:31] Land cover year: 2017
[2026-05-16 00:09:32] VIIRS Veg composite: 2018-07-20 → 2018-08-05
[2026-05-16 00:09:35] Started export task: fire_232_dynamic_2018-08-08
[2026-05-16 00:09:36] ------ Processing date=2018-08-09 ------
[2026-05-16 00:09:36] Using viirs_af_path: viirs_af_path
[2026-05-16 00:09:36] VIIRS Image Date: ['2018-08-09 00:00:00']
[2026-05-16 00:09:36] Weather image size: 1
[2026-05-16 00:09:36] Forecast duration: 2018-08-10 00:00:00 to 2018-08-11 00:00:00
[2026-05-16 00:09:37] Number of forecast images: 24
[2026-05-16 00:09:37] Using forecast run: 2018-08-09 18:00:00 UTC
[2026-05-16 00:09:38] Forecast Rain Available hours: [6, 7, 8, 9, 10, 11, 12, 13, 14, 15, 16, 17, 18, 19, 20, 21, 22, 23, 24, 25, 26, 27, 28, 29]
[2026-05-16 00:09:38] Valid hours for sum: [12, 18, 24, 29]
[2026-05-16 00:09:40] Drought composite end date: 2018-08-08 06:00:00
[2026-05-16 00:09:40] Land cover year: 2017
[2026-05-16 00:09:41] VIIRS Veg composite: 2018-07-20 → 2018-08-05
[2026-05-16 00:09:45] Started export task: fire_232_dynamic_2018-08-09
[2026-05-16 00:09:45] ------ Processing date=2018-08-10 ------
[2026-05-16 00:09:45] Using viirs_af_path: viirs_af_path
[2026-05-16 00:09:45] VIIRS Image Date: ['2018-08-10 00:00:00']
[2026-05-16 00:09:46] Weather image size: 1
[2026-05-16 00:09:46] Forecast duration: 2018-08-11 00:00:00 to 2018-08-12 00:00:00
[2026-05-16 00:09:46] Number of forecast images: 24
[2026-05-16 00:09:46] Using forecast run: 2018-08-10 18:00:00 UTC
[2026-05-16 00:09:47] Forecast Rain Available hours: [6, 7, 8, 9, 10, 11, 12, 13, 14, 15, 16, 17, 18, 19, 20, 21, 22, 23, 24, 25, 26, 27, 28, 29]
[2026-05-16 00:09:47] Valid hours for sum: [12, 18, 24, 29]
[2026-05-16 00:09:50] Drought composite end date: 2018-08-08 06:00:00
[2026-05-16 00:09:50] Land cover year: 2017
[2026-05-16 00:09:51] VIIRS Veg composite: 2018-07-20 → 2018-08-05
[2026-05-16 00:09:55] Started export task: fire_232_dynamic_2018-08-10
[2026-05-16 00:09:56] ------ Processing date=2018-08-11 ------
[2026-05-16 00:09:56] Using viirs_af_path: viirs_af_path
[2026-05-16 00:09:56] VIIRS Image Date: ['2018-08-11 00:00:00']
[2026-05-16 00:09:57] Weather image size: 1
[2026-05-16 00:09:57] Forecast duration: 2018-08-12 00:00:00 to 2018-08-13 00:00:00
[2026-05-16 00:09:57] Number of forecast images: 24
[2026-05-16 00:09:57] Using forecast run: 2018-08-11 18:00:00 UTC
[2026-05-16 00:09:58] Forecast Rain Available hours: [6, 7, 8, 9, 10, 11, 12, 13, 14, 15, 16, 17, 18, 19, 20, 21, 22, 23, 24, 25, 26, 27, 28, 29]
[2026-05-16 00:09:58] Valid hours for sum: [12, 18, 24, 29]
[2026-05-16 00:10:01] Drought composite end date: 2018-08-08 06:00:00
[2026-05-16 00:10:01] Land cover year: 2017
[2026-05-16 00:10:02] VIIRS Veg composite: 2018-07-20 → 2018-08-05
[2026-05-16 00:10:04] Started export task: fire_232_dynamic_2018-08-11
[2026-05-16 00:10:05] ------ Processing date=2018-08-12 ------
[2026-05-16 00:10:05] Using viirs_af_path: viirs_af_path
[2026-05-16 00:10:05] VIIRS Image Date: ['2018-08-12 00:00:00']
[2026-05-16 00:10:05] Weather image size: 1
[2026-05-16 00:10:05] Forecast duration: 2018-08-13 00:00:00 to 2018-08-14 00:00:00
[2026-05-16 00:10:06] Number of forecast images: 24
[2026-05-16 00:10:06] Using forecast run: 2018-08-12 18:00:00 UTC
[2026-05-16 00:10:06] Forecast Rain Available hours: [6, 7, 8, 9, 10, 11, 12, 13, 14, 15, 16, 17, 18, 19, 20, 21, 22, 23, 24, 25, 26, 27, 28, 29]
[2026-05-16 00:10:06] Valid hours for sum: [12, 18, 24, 29]
[2026-05-16 00:10:09] Drought composite end date: 2018-08-08 06:00:00
[2026-05-16 00:10:09] Land cover year: 2017
[2026-05-16 00:10:10] VIIRS Veg composite: 2018-07-20 → 2018-08-05
[2026-05-16 00:10:14] Started export task: fire_232_dynamic_2018-08-12
[2026-05-16 00:10:15] ------ Processing date=2018-08-13 ------
[2026-05-16 00:10:15] Using viirs_af_path: viirs_af_path
[2026-05-16 00:10:15] VIIRS Image Date: ['2018-08-13 00:00:00']
[2026-05-16 00:10:15] Weather image size: 1
[2026-05-16 00:10:15] Forecast duration: 2018-08-14 00:00:00 to 2018-08-15 00:00:00
[2026-05-16 00:10:16] Number of forecast images: 24
[2026-05-16 00:10:16] Using forecast run: 2018-08-13 18:00:00 UTC
[2026-05-16 00:10:17] Forecast Rain Available hours: [6, 7, 8, 9, 10, 11, 12, 13, 14, 15, 16, 17, 18, 19, 20, 21, 22, 23, 24, 25, 26, 27, 28, 29]
[2026-05-16 00:10:17] Valid hours for sum: [12, 18, 24, 29]
[2026-05-16 00:10:20] Drought composite end date: 2018-08-08 06:00:00
[2026-05-16 00:10:20] Land cover year: 2017
[2026-05-16 00:10:21] VIIRS Veg composite: 2018-07-20 → 2018-08-05
[2026-05-16 00:10:24] Started export task: fire_232_dynamic_2018-08-13
[2026-05-16 00:10:25] ------ Processing date=2018-08-14 ------
[2026-05-16 00:10:25] Using viirs_af_path: viirs_af_path
[2026-05-16 00:10:25] VIIRS Image Date: ['2018-08-14 00:00:00']
[2026-05-16 00:10:25] Weather image size: 1
[2026-05-16 00:10:25] Forecast duration: 2018-08-15 00:00:00 to 2018-08-16 00:00:00
[2026-05-16 00:10:27] Number of forecast images: 24
[2026-05-16 00:10:27] Using forecast run: 2018-08-14 18:00:00 UTC
[2026-05-16 00:10:27] Forecast Rain Available hours: [6, 7, 8, 9, 10, 11, 12, 13, 14, 15, 16, 17, 18, 19, 20, 21, 22, 23, 24, 25, 26, 27, 28, 29]
[2026-05-16 00:10:27] Valid hours for sum: [12, 18, 24, 29]
[2026-05-16 00:10:30] Drought composite end date: 2018-08-13 06:00:00
[2026-05-16 00:10:30] Land cover year: 2017
[2026-05-16 00:10:32] VIIRS Veg composite: 2018-07-20 → 2018-08-05
[2026-05-16 00:10:36] Started export task: fire_232_dynamic_2018-08-14
[2026-05-16 00:10:37] ------ Processing date=2018-08-15 ------
[2026-05-16 00:10:37] Using viirs_af_path: viirs_af_path
[2026-05-16 00:10:37] VIIRS Image Date: ['2018-08-15 00:00:00']
[2026-05-16 00:10:38] Weather image size: 1
[2026-05-16 00:10:38] Forecast duration: 2018-08-16 00:00:00 to 2018-08-17 00:00:00
[2026-05-16 00:10:39] Number of forecast images: 24
[2026-05-16 00:10:39] Using forecast run: 2018-08-15 18:00:00 UTC
[2026-05-16 00:10:40] Forecast Rain Available hours: [6, 7, 8, 9, 10, 11, 12, 13, 14, 15, 16, 17, 18, 19, 20, 21, 22, 23, 24, 25, 26, 27, 28, 29]
[2026-05-16 00:10:40] Valid hours for sum: [12, 18, 24, 29]
[2026-05-16 00:10:42] Drought composite end date: 2018-08-13 06:00:00
[2026-05-16 00:10:42] Land cover year: 2017
[2026-05-16 00:10:44] VIIRS Veg composite: 2018-07-20 → 2018-08-05
[2026-05-16 00:10:46] Started export task: fire_232_dynamic_2018-08-15
[2026-05-16 00:10:47] ------ Processing date=2018-08-16 ------
[2026-05-16 00:10:47] Using viirs_af_path: viirs_af_path
[2026-05-16 00:10:47] VIIRS Image Date: ['2018-08-16 00:00:00']
[2026-05-16 00:10:47] Weather image size: 1
[2026-05-16 00:10:47] Forecast duration: 2018-08-17 00:00:00 to 2018-08-18 00:00:00
[2026-05-16 00:10:48] Number of forecast images: 24
[2026-05-16 00:10:48] Using forecast run: 2018-08-16 18:00:00 UTC
[2026-05-16 00:10:49] Forecast Rain Available hours: [6, 7, 8, 9, 10, 11, 12, 13, 14, 15, 16, 17, 18, 19, 20, 21, 22, 23, 24, 25, 26, 27, 28, 29]
[2026-05-16 00:10:49] Valid hours for sum: [12, 18, 24, 29]
[2026-05-16 00:10:52] Drought composite end date: 2018-08-13 06:00:00
[2026-05-16 00:10:52] Land cover year: 2017
[2026-05-16 00:10:53] VIIRS Veg composite: 2018-07-20 → 2018-08-05
[2026-05-16 00:10:56] Started export task: fire_232_dynamic_2018-08-16
[2026-05-16 00:10:57] ------ Processing date=2018-08-17 ------
[2026-05-16 00:10:57] Using viirs_af_path: viirs_af_path
[2026-05-16 00:10:57] VIIRS Image Date: ['2018-08-17 00:00:00']
[2026-05-16 00:10:57] Weather image size: 1
[2026-05-16 00:10:57] Forecast duration: 2018-08-18 00:00:00 to 2018-08-19 00:00:00
[2026-05-16 00:10:58] Number of forecast images: 24
[2026-05-16 00:10:58] Using forecast run: 2018-08-17 18:00:00 UTC
[2026-05-16 00:10:58] Forecast Rain Available hours: [6, 7, 8, 9, 10, 11, 12, 13, 14, 15, 16, 17, 18, 19, 20, 21, 22, 23, 24, 25, 26, 27, 28, 29]
[2026-05-16 00:10:58] Valid hours for sum: [12, 18, 24, 29]
[2026-05-16 00:11:01] Drought composite end date: 2018-08-13 06:00:00
[2026-05-16 00:11:01] Land cover year: 2017
[2026-05-16 00:11:02] VIIRS Veg composite: 2018-07-20 → 2018-08-05
[2026-05-16 00:11:06] Started export task: fire_232_dynamic_2018-08-17
[2026-05-16 00:11:07] ------ Processing date=2018-08-18 ------
[2026-05-16 00:11:07] Using viirs_af_path: viirs_af_path
[2026-05-16 00:11:07] VIIRS Image Date: ['2018-08-18 00:00:00']
[2026-05-16 00:11:07] Weather image size: 1
[2026-05-16 00:11:07] Forecast duration: 2018-08-19 00:00:00 to 2018-08-20 00:00:00
[2026-05-16 00:11:08] Number of forecast images: 24
[2026-05-16 00:11:08] Using forecast run: 2018-08-18 18:00:00 UTC
[2026-05-16 00:11:09] Forecast Rain Available hours: [6, 7, 8, 9, 10, 11, 12, 13, 14, 15, 16, 17, 18, 19, 20, 21, 22, 23, 24, 25, 26, 27, 28, 29]
[2026-05-16 00:11:09] Valid hours for sum: [12, 18, 24, 29]
[2026-05-16 00:11:11] Drought composite end date: 2018-08-13 06:00:00
[2026-05-16 00:11:11] Land cover year: 2017
[2026-05-16 00:11:12] VIIRS Veg composite: 2018-07-20 → 2018-08-05
[2026-05-16 00:11:16] Started export task: fire_232_dynamic_2018-08-18
[2026-05-16 00:11:17] ------ Processing date=2018-08-19 ------
[2026-05-16 00:11:17] Using viirs_af_path: viirs_af_path
[2026-05-16 00:11:17] VIIRS Image Date: ['2018-08-19 00:00:00']
[2026-05-16 00:11:17] Weather image size: 1
[2026-05-16 00:11:17] Forecast duration: 2018-08-20 00:00:00 to 2018-08-21 00:00:00
[2026-05-16 00:11:18] Number of forecast images: 24
[2026-05-16 00:11:18] Using forecast run: 2018-08-19 18:00:00 UTC
[2026-05-16 00:11:19] Forecast Rain Available hours: [6, 7, 8, 9, 10, 11, 12, 13, 14, 15, 16, 17, 18, 19, 20, 21, 22, 23, 24, 25, 26, 27, 28, 29]
[2026-05-16 00:11:19] Valid hours for sum: [12, 18, 24, 29]
[2026-05-16 00:11:21] Drought composite end date: 2018-08-18 06:00:00
[2026-05-16 00:11:21] Land cover year: 2017
[2026-05-16 00:11:22] VIIRS Veg composite: 2018-07-20 → 2018-08-05
[2026-05-16 00:11:25] Started export task: fire_232_dynamic_2018-08-19
[2026-05-16 00:11:25] ------ Processing date=2018-08-20 ------
[2026-05-16 00:11:25] Using viirs_af_path: viirs_af_path
[2026-05-16 00:11:25] VIIRS Image Date: ['2018-08-20 00:00:00']
[2026-05-16 00:11:26] Weather image size: 1
[2026-05-16 00:11:26] Forecast duration: 2018-08-21 00:00:00 to 2018-08-22 00:00:00
[2026-05-16 00:11:27] Number of forecast images: 24
[2026-05-16 00:11:27] Using forecast run: 2018-08-20 18:00:00 UTC
[2026-05-16 00:11:27] Forecast Rain Available hours: [6, 7, 8, 9, 10, 11, 12, 13, 14, 15, 16, 17, 18, 19, 20, 21, 22, 23, 24, 25, 26, 27, 28, 29]
[2026-05-16 00:11:27] Valid hours for sum: [12, 18, 24, 29]
[2026-05-16 00:11:30] Drought composite end date: 2018-08-18 06:00:00
[2026-05-16 00:11:31] Land cover year: 2017
[2026-05-16 00:11:31] VIIRS Veg composite: 2018-07-20 → 2018-08-05
[2026-05-16 00:11:35] Started export task: fire_232_dynamic_2018-08-20
[2026-05-16 00:11:36] ------ Processing date=2018-08-21 ------
[2026-05-16 00:11:36] Using viirs_af_path: viirs_af_path
[2026-05-16 00:11:36] VIIRS Image Date: ['2018-08-21 00:00:00']
[2026-05-16 00:11:36] Weather image size: 1
[2026-05-16 00:11:36] Forecast duration: 2018-08-22 00:00:00 to 2018-08-23 00:00:00
[2026-05-16 00:11:37] Number of forecast images: 24
[2026-05-16 00:11:37] Using forecast run: 2018-08-21 18:00:00 UTC
[2026-05-16 00:11:37] Forecast Rain Available hours: [6, 7, 8, 9, 10, 11, 12, 13, 14, 15, 16, 17, 18, 19, 20, 21, 22, 23, 24, 25, 26, 27, 28, 29]
[2026-05-16 00:11:37] Valid hours for sum: [12, 18, 24, 29]
[2026-05-16 00:11:40] Drought composite end date: 2018-08-18 06:00:00
[2026-05-16 00:11:40] Land cover year: 2017
[2026-05-16 00:11:41] VIIRS Veg composite: 2018-07-20 → 2018-08-05
[2026-05-16 00:11:45] Started export task: fire_232_dynamic_2018-08-21
[2026-05-16 00:11:46] ------ Processing date=2018-08-22 ------
[2026-05-16 00:11:46] Using viirs_af_path: viirs_af_path
[2026-05-16 00:11:46] VIIRS Image Date: ['2018-08-22 00:00:00']
[2026-05-16 00:11:46] Weather image size: 1
[2026-05-16 00:11:46] Forecast duration: 2018-08-23 00:00:00 to 2018-08-24 00:00:00
[2026-05-16 00:11:47] Number of forecast images: 24
[2026-05-16 00:11:47] Using forecast run: 2018-08-22 18:00:00 UTC
[2026-05-16 00:11:48] Forecast Rain Available hours: [6, 7, 8, 9, 10, 11, 12, 13, 14, 15, 16, 17, 18, 19, 20, 21, 22, 23, 24, 25, 26, 27, 28, 29]
[2026-05-16 00:11:48] Valid hours for sum: [12, 18, 24, 29]
[2026-05-16 00:11:50] Drought composite end date: 2018-08-18 06:00:00
[2026-05-16 00:11:51] Land cover year: 2017
[2026-05-16 00:11:52] VIIRS Veg composite: 2018-07-20 → 2018-08-05
[2026-05-16 00:11:54] Started export task: fire_232_dynamic_2018-08-22
[2026-05-16 00:11:55] ------ Processing date=2018-08-23 ------
[2026-05-16 00:11:55] Using viirs_af_path: viirs_af_path
[2026-05-16 00:11:55] VIIRS Image Date: ['2018-08-23 00:00:00']
[2026-05-16 00:11:55] Weather image size: 1
[2026-05-16 00:11:55] Forecast duration: 2018-08-24 00:00:00 to 2018-08-25 00:00:00
[2026-05-16 00:11:57] Number of forecast images: 24
[2026-05-16 00:11:57] Using forecast run: 2018-08-23 18:00:00 UTC
[2026-05-16 00:11:57] Forecast Rain Available hours: [6, 7, 8, 9, 10, 11, 12, 13, 14, 15, 16, 17, 18, 19, 20, 21, 22, 23, 24, 25, 26, 27, 28, 29]
[2026-05-16 00:11:57] Valid hours for sum: [12, 18, 24, 29]
[2026-05-16 00:12:00] Drought composite end date: 2018-08-18 06:00:00
[2026-05-16 00:12:00] Land cover year: 2017
[2026-05-16 00:12:01] VIIRS Veg composite: 2018-07-20 → 2018-08-05
[2026-05-16 00:12:03] Started export task: fire_232_dynamic_2018-08-23
[2026-05-16 00:12:06] ------ Processing date=2018-08-24 ------
[2026-05-16 00:12:06] Using viirs_af_path: viirs_af_path
[2026-05-16 00:12:06] VIIRS Image Date: ['2018-08-24 00:00:00']
[2026-05-16 00:12:06] Weather image size: 1
[2026-05-16 00:12:06] Forecast duration: 2018-08-25 00:00:00 to 2018-08-26 00:00:00
[2026-05-16 00:12:07] Number of forecast images: 24
[2026-05-16 00:12:07] Using forecast run: 2018-08-24 18:00:00 UTC
[2026-05-16 00:12:08] Forecast Rain Available hours: [6, 7, 8, 9, 10, 11, 12, 13, 14, 15, 16, 17, 18, 19, 20, 21, 22, 23, 24, 25, 26, 27, 28, 29]
[2026-05-16 00:12:08] Valid hours for sum: [12, 18, 24, 29]
[2026-05-16 00:12:10] Drought composite end date: 2018-08-23 06:00:00
[2026-05-16 00:12:10] Land cover year: 2017
[2026-05-16 00:12:11] VIIRS Veg composite: 2018-07-20 → 2018-08-05
[2026-05-16 00:12:15] Started export task: fire_232_dynamic_2018-08-24
[2026-05-16 00:12:15] ------ Processing date=2018-08-25 ------
[2026-05-16 00:12:15] Using viirs_af_path: viirs_af_path
[2026-05-16 00:12:15] VIIRS Image Date: ['2018-08-25 00:00:00']
[2026-05-16 00:12:16] Weather image size: 1
[2026-05-16 00:12:16] Forecast duration: 2018-08-26 00:00:00 to 2018-08-27 00:00:00
[2026-05-16 00:12:17] Number of forecast images: 24
[2026-05-16 00:12:17] Using forecast run: 2018-08-25 18:00:00 UTC
[2026-05-16 00:12:18] Forecast Rain Available hours: [6, 7, 8, 9, 10, 11, 12, 13, 14, 15, 16, 17, 18, 19, 20, 21, 22, 23, 24, 25, 26, 27, 28, 29]
[2026-05-16 00:12:18] Valid hours for sum: [12, 18, 24, 29]
[2026-05-16 00:12:19] Drought composite end date: 2018-08-23 06:00:00
[2026-05-16 00:12:20] Land cover year: 2017
[2026-05-16 00:12:20] VIIRS Veg composite: 2018-07-20 → 2018-08-05
[2026-05-16 00:12:24] Started export task: fire_232_dynamic_2018-08-25
[2026-05-16 00:12:24] ------ Processing date=2018-08-26 ------
[2026-05-16 00:12:24] Using viirs_af_path: viirs_af_path
[2026-05-16 00:12:25] VIIRS Image Date: ['2018-08-26 00:00:00']
[2026-05-16 00:12:25] Weather image size: 1
[2026-05-16 00:12:25] Forecast duration: 2018-08-27 00:00:00 to 2018-08-28 00:00:00
[2026-05-16 00:12:26] Number of forecast images: 24
[2026-05-16 00:12:26] Using forecast run: 2018-08-26 18:00:00 UTC
[2026-05-16 00:12:27] Forecast Rain Available hours: [6, 7, 8, 9, 10, 11, 12, 13, 14, 15, 16, 17, 18, 19, 20, 21, 22, 23, 24, 25, 26, 27, 28, 29]
[2026-05-16 00:12:27] Valid hours for sum: [12, 18, 24, 29]
[2026-05-16 00:12:29] Drought composite end date: 2018-08-23 06:00:00
[2026-05-16 00:12:29] Land cover year: 2017
[2026-05-16 00:12:30] VIIRS Veg composite: 2018-07-20 → 2018-08-05
[2026-05-16 00:12:32] Started export task: fire_232_dynamic_2018-08-26
[2026-05-16 00:12:33] ------ Processing date=2018-08-27 ------
[2026-05-16 00:12:33] Using viirs_af_path: viirs_af_path
[2026-05-16 00:12:33] VIIRS Image Date: ['2018-08-27 00:00:00']
[2026-05-16 00:12:34] Weather image size: 1
[2026-05-16 00:12:34] Forecast duration: 2018-08-28 00:00:00 to 2018-08-29 00:00:00
[2026-05-16 00:12:34] Number of forecast images: 24
[2026-05-16 00:12:34] Using forecast run: 2018-08-27 18:00:00 UTC
[2026-05-16 00:12:35] Forecast Rain Available hours: [6, 7, 8, 9, 10, 11, 12, 13, 14, 15, 16, 17, 18, 19, 20, 21, 22, 23, 24, 25, 26, 27, 28, 29]
[2026-05-16 00:12:35] Valid hours for sum: [12, 18, 24, 29]
[2026-05-16 00:12:37] Drought composite end date: 2018-08-23 06:00:00
[2026-05-16 00:12:37] Land cover year: 2017
[2026-05-16 00:12:38] VIIRS Veg composite: 2018-07-20 → 2018-08-05
[2026-05-16 00:12:41] Started export task: fire_232_dynamic_2018-08-27
[2026-05-16 00:12:41] ------ Processing date=2018-08-28 ------
[2026-05-16 00:12:41] Using viirs_af_path: viirs_af_path
[2026-05-16 00:12:42] VIIRS Image Date: ['2018-08-28 00:00:00']
[2026-05-16 00:12:42] Weather image size: 1
[2026-05-16 00:12:42] Forecast duration: 2018-08-29 00:00:00 to 2018-08-30 00:00:00
[2026-05-16 00:12:42] Number of forecast images: 24
[2026-05-16 00:12:42] Using forecast run: 2018-08-28 18:00:00 UTC
[2026-05-16 00:12:43] Forecast Rain Available hours: [6, 7, 8, 9, 10, 11, 12, 13, 14, 15, 16, 17, 18, 19, 20, 21, 22, 23, 24, 25, 26, 27, 28, 29]
[2026-05-16 00:12:43] Valid hours for sum: [12, 18, 24, 29]
[2026-05-16 00:12:45] Drought composite end date: 2018-08-23 06:00:00
[2026-05-16 00:12:46] Land cover year: 2017
[2026-05-16 00:12:47] VIIRS Veg composite: 2018-07-20 → 2018-08-05
[2026-05-16 00:12:52] Started export task: fire_232_dynamic_2018-08-28
[2026-05-16 00:12:52] END: ----------Event fire_232----------- (Duration: 4.13m)
[2026-05-16 00:12:52] START: ----------Event fire_233-----------
[2026-05-16 00:12:53] ------ Processing date=2018-08-04 ------
[2026-05-16 00:12:53] Using viirs_af_path: viirs_af_path
[2026-05-16 00:12:53] VIIRS Image Date: ['2018-08-04 00:00:00']
[2026-05-16 00:12:53] Weather image size: 1
[2026-05-16 00:12:53] Forecast duration: 2018-08-05 00:00:00 to 2018-08-06 00:00:00
[2026-05-16 00:12:55] Number of forecast images: 24
[2026-05-16 00:12:55] Using forecast run: 2018-08-04 18:00:00 UTC
[2026-05-16 00:12:55] Forecast Rain Available hours: [6, 7, 8, 9, 10, 11, 12, 13, 14, 15, 16, 17, 18, 19, 20, 21, 22, 23, 24, 25, 26, 27, 28, 29]
[2026-05-16 00:12:55] Valid hours for sum: [12, 18, 24, 29]
[2026-05-16 00:12:58] Drought composite end date: 2018-08-03 06:00:00
[2026-05-16 00:12:58] Land cover year: 2017
[2026-05-16 00:12:59] VIIRS Veg composite: 2018-07-20 → 2018-08-05
[2026-05-16 00:13:04] Started export task: fire_233_static
[2026-05-16 00:13:04] Started export task: fire_233_dynamic_2018-08-04
[2026-05-16 00:13:05] ------ Processing date=2018-08-05 ------
[2026-05-16 00:13:05] Using viirs_af_path: viirs_af_path
[2026-05-16 00:13:05] VIIRS Image Date: ['2018-08-05 00:00:00']
[2026-05-16 00:13:05] Weather image size: 1
[2026-05-16 00:13:05] Forecast duration: 2018-08-06 00:00:00 to 2018-08-07 00:00:00
[2026-05-16 00:13:06] Number of forecast images: 24
[2026-05-16 00:13:06] Using forecast run: 2018-08-05 18:00:00 UTC
[2026-05-16 00:13:06] Forecast Rain Available hours: [6, 7, 8, 9, 10, 11, 12, 13, 14, 15, 16, 17, 18, 19, 20, 21, 22, 23, 24, 25, 26, 27, 28, 29]
[2026-05-16 00:13:06] Valid hours for sum: [12, 18, 24, 29]
[2026-05-16 00:13:09] Drought composite end date: 2018-08-03 06:00:00
[2026-05-16 00:13:09] Land cover year: 2017
[2026-05-16 00:13:10] VIIRS Veg composite: 2018-07-20 → 2018-08-05
[2026-05-16 00:13:13] Started export task: fire_233_dynamic_2018-08-05
[2026-05-16 00:13:14] ------ Processing date=2018-08-06 ------
[2026-05-16 00:13:14] Using viirs_af_path: viirs_af_path
[2026-05-16 00:13:14] VIIRS Image Date: ['2018-08-06 00:00:00']
[2026-05-16 00:13:14] Weather image size: 1
[2026-05-16 00:13:14] Forecast duration: 2018-08-07 00:00:00 to 2018-08-08 00:00:00
[2026-05-16 00:13:15] Number of forecast images: 24
[2026-05-16 00:13:15] Using forecast run: 2018-08-06 18:00:00 UTC
[2026-05-16 00:13:16] Forecast Rain Available hours: [6, 7, 8, 9, 10, 11, 12, 13, 14, 15, 16, 17, 18, 19, 20, 21, 22, 23, 24, 25, 26, 27, 28, 29]
[2026-05-16 00:13:16] Valid hours for sum: [12, 18, 24, 29]
[2026-05-16 00:13:18] Drought composite end date: 2018-08-03 06:00:00
[2026-05-16 00:13:18] Land cover year: 2017
[2026-05-16 00:13:19] VIIRS Veg composite: 2018-07-20 → 2018-08-05
[2026-05-16 00:13:23] Started export task: fire_233_dynamic_2018-08-06
[2026-05-16 00:13:24] ------ Processing date=2018-08-07 ------
[2026-05-16 00:13:24] Using viirs_af_path: viirs_af_path
[2026-05-16 00:13:24] VIIRS Image Date: ['2018-08-07 00:00:00']
[2026-05-16 00:13:24] Weather image size: 1
[2026-05-16 00:13:24] Forecast duration: 2018-08-08 00:00:00 to 2018-08-09 00:00:00
[2026-05-16 00:13:25] Number of forecast images: 24
[2026-05-16 00:13:25] Using forecast run: 2018-08-07 18:00:00 UTC
[2026-05-16 00:13:25] Forecast Rain Available hours: [6, 7, 8, 9, 10, 11, 12, 13, 14, 15, 16, 17, 18, 19, 20, 21, 22, 23, 24, 25, 26, 27, 28, 29]
[2026-05-16 00:13:25] Valid hours for sum: [12, 18, 24, 29]
[2026-05-16 00:13:28] Drought composite end date: 2018-08-03 06:00:00
[2026-05-16 00:13:28] Land cover year: 2017
[2026-05-16 00:13:29] VIIRS Veg composite: 2018-07-20 → 2018-08-05
[2026-05-16 00:13:32] Started export task: fire_233_dynamic_2018-08-07
[2026-05-16 00:13:33] ------ Processing date=2018-08-08 ------
[2026-05-16 00:13:33] Using viirs_af_path: viirs_af_path
[2026-05-16 00:13:33] VIIRS Image Date: ['2018-08-08 00:00:00']
[2026-05-16 00:13:33] Weather image size: 1
[2026-05-16 00:13:33] Forecast duration: 2018-08-09 00:00:00 to 2018-08-10 00:00:00
[2026-05-16 00:13:34] Number of forecast images: 24
[2026-05-16 00:13:34] Using forecast run: 2018-08-08 18:00:00 UTC
[2026-05-16 00:13:35] Forecast Rain Available hours: [6, 7, 8, 9, 10, 11, 12, 13, 14, 15, 16, 17, 18, 19, 20, 21, 22, 23, 24, 25, 26, 27, 28, 29]
[2026-05-16 00:13:35] Valid hours for sum: [12, 18, 24, 29]
[2026-05-16 00:13:37] Drought composite end date: 2018-08-03 06:00:00
[2026-05-16 00:13:37] Land cover year: 2017
[2026-05-16 00:13:38] VIIRS Veg composite: 2018-07-20 → 2018-08-05
[2026-05-16 00:13:41] Started export task: fire_233_dynamic_2018-08-08
[2026-05-16 00:13:42] ------ Processing date=2018-08-09 ------
[2026-05-16 00:13:42] Using viirs_af_path: viirs_af_path
[2026-05-16 00:13:42] VIIRS Image Date: ['2018-08-09 00:00:00']
[2026-05-16 00:13:43] Weather image size: 1
[2026-05-16 00:13:43] Forecast duration: 2018-08-10 00:00:00 to 2018-08-11 00:00:00
[2026-05-16 00:13:44] Number of forecast images: 24
[2026-05-16 00:13:44] Using forecast run: 2018-08-09 18:00:00 UTC
[2026-05-16 00:13:44] Forecast Rain Available hours: [6, 7, 8, 9, 10, 11, 12, 13, 14, 15, 16, 17, 18, 19, 20, 21, 22, 23, 24, 25, 26, 27, 28, 29]
[2026-05-16 00:13:44] Valid hours for sum: [12, 18, 24, 29]
[2026-05-16 00:13:46] Drought composite end date: 2018-08-08 06:00:00
[2026-05-16 00:13:46] Land cover year: 2017
[2026-05-16 00:13:47] VIIRS Veg composite: 2018-07-20 → 2018-08-05
[2026-05-16 00:13:50] Started export task: fire_233_dynamic_2018-08-09
[2026-05-16 00:13:50] ------ Processing date=2018-08-10 ------
[2026-05-16 00:13:50] Using viirs_af_path: viirs_af_path
[2026-05-16 00:13:50] VIIRS Image Date: ['2018-08-10 00:00:00']
[2026-05-16 00:13:51] Weather image size: 1
[2026-05-16 00:13:51] Forecast duration: 2018-08-11 00:00:00 to 2018-08-12 00:00:00
[2026-05-16 00:13:52] Number of forecast images: 24
[2026-05-16 00:13:52] Using forecast run: 2018-08-10 18:00:00 UTC
[2026-05-16 00:13:52] Forecast Rain Available hours: [6, 7, 8, 9, 10, 11, 12, 13, 14, 15, 16, 17, 18, 19, 20, 21, 22, 23, 24, 25, 26, 27, 28, 29]
[2026-05-16 00:13:52] Valid hours for sum: [12, 18, 24, 29]
[2026-05-16 00:13:54] Drought composite end date: 2018-08-08 06:00:00
[2026-05-16 00:13:54] Land cover year: 2017
[2026-05-16 00:13:55] VIIRS Veg composite: 2018-07-20 → 2018-08-05
[2026-05-16 00:14:00] Started export task: fire_233_dynamic_2018-08-10
[2026-05-16 00:14:00] ------ Processing date=2018-08-11 ------
[2026-05-16 00:14:00] Using viirs_af_path: viirs_af_path
[2026-05-16 00:14:00] VIIRS Image Date: ['2018-08-11 00:00:00']
[2026-05-16 00:14:01] Weather image size: 1
[2026-05-16 00:14:01] Forecast duration: 2018-08-12 00:00:00 to 2018-08-13 00:00:00
[2026-05-16 00:14:01] Number of forecast images: 24
[2026-05-16 00:14:01] Using forecast run: 2018-08-11 18:00:00 UTC
[2026-05-16 00:14:02] Forecast Rain Available hours: [6, 7, 8, 9, 10, 11, 12, 13, 14, 15, 16, 17, 18, 19, 20, 21, 22, 23, 24, 25, 26, 27, 28, 29]
[2026-05-16 00:14:02] Valid hours for sum: [12, 18, 24, 29]
[2026-05-16 00:14:04] Drought composite end date: 2018-08-08 06:00:00
[2026-05-16 00:14:05] Land cover year: 2017
[2026-05-16 00:14:06] VIIRS Veg composite: 2018-07-20 → 2018-08-05
[2026-05-16 00:14:08] Started export task: fire_233_dynamic_2018-08-11
[2026-05-16 00:14:08] ------ Processing date=2018-08-12 ------
[2026-05-16 00:14:08] Using viirs_af_path: viirs_af_path
[2026-05-16 00:14:09] VIIRS Image Date: ['2018-08-12 00:00:00']
[2026-05-16 00:14:09] Weather image size: 1
[2026-05-16 00:14:09] Forecast duration: 2018-08-13 00:00:00 to 2018-08-14 00:00:00
[2026-05-16 00:14:10] Number of forecast images: 24
[2026-05-16 00:14:10] Using forecast run: 2018-08-12 18:00:00 UTC
[2026-05-16 00:14:10] Forecast Rain Available hours: [6, 7, 8, 9, 10, 11, 12, 13, 14, 15, 16, 17, 18, 19, 20, 21, 22, 23, 24, 25, 26, 27, 28, 29]
[2026-05-16 00:14:10] Valid hours for sum: [12, 18, 24, 29]
[2026-05-16 00:14:12] Drought composite end date: 2018-08-08 06:00:00
[2026-05-16 00:14:13] Land cover year: 2017
[2026-05-16 00:14:13] VIIRS Veg composite: 2018-07-20 → 2018-08-05
[2026-05-16 00:14:17] Started export task: fire_233_dynamic_2018-08-12
[2026-05-16 00:14:17] ------ Processing date=2018-08-13 ------
[2026-05-16 00:14:17] Using viirs_af_path: viirs_af_path
[2026-05-16 00:14:17] VIIRS Image Date: ['2018-08-13 00:00:00']
[2026-05-16 00:14:18] Weather image size: 1
[2026-05-16 00:14:18] Forecast duration: 2018-08-14 00:00:00 to 2018-08-15 00:00:00
[2026-05-16 00:14:19] Number of forecast images: 24
[2026-05-16 00:14:19] Using forecast run: 2018-08-13 18:00:00 UTC
[2026-05-16 00:14:19] Forecast Rain Available hours: [6, 7, 8, 9, 10, 11, 12, 13, 14, 15, 16, 17, 18, 19, 20, 21, 22, 23, 24, 25, 26, 27, 28, 29]
[2026-05-16 00:14:19] Valid hours for sum: [12, 18, 24, 29]
[2026-05-16 00:14:21] Drought composite end date: 2018-08-08 06:00:00
[2026-05-16 00:14:22] Land cover year: 2017
[2026-05-16 00:14:23] VIIRS Veg composite: 2018-07-20 → 2018-08-05
[2026-05-16 00:14:27] Started export task: fire_233_dynamic_2018-08-13
[2026-05-16 00:14:28] ------ Processing date=2018-08-14 ------
[2026-05-16 00:14:28] Using viirs_af_path: viirs_af_path
[2026-05-16 00:14:28] VIIRS Image Date: ['2018-08-14 00:00:00']
[2026-05-16 00:14:28] Weather image size: 1
[2026-05-16 00:14:28] Forecast duration: 2018-08-15 00:00:00 to 2018-08-16 00:00:00
[2026-05-16 00:14:29] Number of forecast images: 24
[2026-05-16 00:14:29] Using forecast run: 2018-08-14 18:00:00 UTC
[2026-05-16 00:14:29] Forecast Rain Available hours: [6, 7, 8, 9, 10, 11, 12, 13, 14, 15, 16, 17, 18, 19, 20, 21, 22, 23, 24, 25, 26, 27, 28, 29]
[2026-05-16 00:14:29] Valid hours for sum: [12, 18, 24, 29]
[2026-05-16 00:14:31] Drought composite end date: 2018-08-13 06:00:00
[2026-05-16 00:14:32] Land cover year: 2017
[2026-05-16 00:14:32] VIIRS Veg composite: 2018-07-20 → 2018-08-05
[2026-05-16 00:14:35] Started export task: fire_233_dynamic_2018-08-14
[2026-05-16 00:14:36] ------ Processing date=2018-08-15 ------
[2026-05-16 00:14:36] Using viirs_af_path: viirs_af_path
[2026-05-16 00:14:36] VIIRS Image Date: ['2018-08-15 00:00:00']
[2026-05-16 00:14:36] Weather image size: 1
[2026-05-16 00:14:36] Forecast duration: 2018-08-16 00:00:00 to 2018-08-17 00:00:00
[2026-05-16 00:14:37] Number of forecast images: 24
[2026-05-16 00:14:37] Using forecast run: 2018-08-15 18:00:00 UTC
[2026-05-16 00:14:37] Forecast Rain Available hours: [6, 7, 8, 9, 10, 11, 12, 13, 14, 15, 16, 17, 18, 19, 20, 21, 22, 23, 24, 25, 26, 27, 28, 29]
[2026-05-16 00:14:37] Valid hours for sum: [12, 18, 24, 29]
[2026-05-16 00:14:39] Drought composite end date: 2018-08-13 06:00:00
[2026-05-16 00:14:39] Land cover year: 2017
[2026-05-16 00:14:41] VIIRS Veg composite: 2018-07-20 → 2018-08-05
[2026-05-16 00:14:44] Started export task: fire_233_dynamic_2018-08-15
[2026-05-16 00:14:44] ------ Processing date=2018-08-16 ------
[2026-05-16 00:14:44] Using viirs_af_path: viirs_af_path
[2026-05-16 00:14:44] VIIRS Image Date: ['2018-08-16 00:00:00']
[2026-05-16 00:14:45] Weather image size: 1
[2026-05-16 00:14:45] Forecast duration: 2018-08-17 00:00:00 to 2018-08-18 00:00:00
[2026-05-16 00:14:45] Number of forecast images: 24
[2026-05-16 00:14:45] Using forecast run: 2018-08-16 18:00:00 UTC
[2026-05-16 00:14:46] Forecast Rain Available hours: [6, 7, 8, 9, 10, 11, 12, 13, 14, 15, 16, 17, 18, 19, 20, 21, 22, 23, 24, 25, 26, 27, 28, 29]
[2026-05-16 00:14:46] Valid hours for sum: [12, 18, 24, 29]
[2026-05-16 00:14:47] Drought composite end date: 2018-08-13 06:00:00
[2026-05-16 00:14:47] Land cover year: 2017
[2026-05-16 00:14:48] VIIRS Veg composite: 2018-07-20 → 2018-08-05
[2026-05-16 00:14:53] Started export task: fire_233_dynamic_2018-08-16
[2026-05-16 00:14:53] ------ Processing date=2018-08-17 ------
[2026-05-16 00:14:53] Using viirs_af_path: viirs_af_path
[2026-05-16 00:14:53] VIIRS Image Date: ['2018-08-17 00:00:00']
[2026-05-16 00:14:54] Weather image size: 1
[2026-05-16 00:14:54] Forecast duration: 2018-08-18 00:00:00 to 2018-08-19 00:00:00
[2026-05-16 00:14:54] Number of forecast images: 24
[2026-05-16 00:14:54] Using forecast run: 2018-08-17 18:00:00 UTC
[2026-05-16 00:14:55] Forecast Rain Available hours: [6, 7, 8, 9, 10, 11, 12, 13, 14, 15, 16, 17, 18, 19, 20, 21, 22, 23, 24, 25, 26, 27, 28, 29]
[2026-05-16 00:14:55] Valid hours for sum: [12, 18, 24, 29]
[2026-05-16 00:14:57] Drought composite end date: 2018-08-13 06:00:00
[2026-05-16 00:14:57] Land cover year: 2017
[2026-05-16 00:14:58] VIIRS Veg composite: 2018-07-20 → 2018-08-05
[2026-05-16 00:15:02] Started export task: fire_233_dynamic_2018-08-17
[2026-05-16 00:15:02] ------ Processing date=2018-08-18 ------
[2026-05-16 00:15:02] Using viirs_af_path: viirs_af_path
[2026-05-16 00:15:03] VIIRS Image Date: ['2018-08-18 00:00:00']
[2026-05-16 00:15:03] Weather image size: 1
[2026-05-16 00:15:03] Forecast duration: 2018-08-19 00:00:00 to 2018-08-20 00:00:00
[2026-05-16 00:15:04] Number of forecast images: 24
[2026-05-16 00:15:04] Using forecast run: 2018-08-18 18:00:00 UTC
[2026-05-16 00:15:04] Forecast Rain Available hours: [6, 7, 8, 9, 10, 11, 12, 13, 14, 15, 16, 17, 18, 19, 20, 21, 22, 23, 24, 25, 26, 27, 28, 29]
[2026-05-16 00:15:04] Valid hours for sum: [12, 18, 24, 29]
[2026-05-16 00:15:06] Drought composite end date: 2018-08-13 06:00:00
[2026-05-16 00:15:06] Land cover year: 2017
[2026-05-16 00:15:07] VIIRS Veg composite: 2018-07-20 → 2018-08-05
[2026-05-16 00:15:11] Started export task: fire_233_dynamic_2018-08-18
[2026-05-16 00:15:12] ------ Processing date=2018-08-19 ------
[2026-05-16 00:15:12] Using viirs_af_path: viirs_af_path
[2026-05-16 00:15:12] VIIRS Image Date: ['2018-08-19 00:00:00']
[2026-05-16 00:15:12] Weather image size: 1
[2026-05-16 00:15:12] Forecast duration: 2018-08-20 00:00:00 to 2018-08-21 00:00:00
[2026-05-16 00:15:13] Number of forecast images: 24
[2026-05-16 00:15:13] Using forecast run: 2018-08-19 18:00:00 UTC
[2026-05-16 00:15:13] Forecast Rain Available hours: [6, 7, 8, 9, 10, 11, 12, 13, 14, 15, 16, 17, 18, 19, 20, 21, 22, 23, 24, 25, 26, 27, 28, 29]
[2026-05-16 00:15:13] Valid hours for sum: [12, 18, 24, 29]
[2026-05-16 00:15:15] Drought composite end date: 2018-08-18 06:00:00
[2026-05-16 00:15:15] Land cover year: 2017
[2026-05-16 00:15:16] VIIRS Veg composite: 2018-07-20 → 2018-08-05
[2026-05-16 00:15:19] Started export task: fire_233_dynamic_2018-08-19
[2026-05-16 00:15:20] ------ Processing date=2018-08-20 ------
[2026-05-16 00:15:20] Using viirs_af_path: viirs_af_path
[2026-05-16 00:15:20] VIIRS Image Date: ['2018-08-20 00:00:00']
[2026-05-16 00:15:20] Weather image size: 1
[2026-05-16 00:15:20] Forecast duration: 2018-08-21 00:00:00 to 2018-08-22 00:00:00
[2026-05-16 00:15:21] Number of forecast images: 24
[2026-05-16 00:15:21] Using forecast run: 2018-08-20 18:00:00 UTC
[2026-05-16 00:15:22] Forecast Rain Available hours: [6, 7, 8, 9, 10, 11, 12, 13, 14, 15, 16, 17, 18, 19, 20, 21, 22, 23, 24, 25, 26, 27, 28, 29]
[2026-05-16 00:15:22] Valid hours for sum: [12, 18, 24, 29]
[2026-05-16 00:15:25] Drought composite end date: 2018-08-18 06:00:00
[2026-05-16 00:15:25] Land cover year: 2017
[2026-05-16 00:15:26] VIIRS Veg composite: 2018-07-20 → 2018-08-05
[2026-05-16 00:15:30] Started export task: fire_233_dynamic_2018-08-20
[2026-05-16 00:17:33] ------ Processing date=2018-08-21 ------
[2026-05-16 00:17:33] Using viirs_af_path: viirs_af_path
[2026-05-16 00:17:34] VIIRS Image Date: ['2018-08-21 00:00:00']
[2026-05-16 00:17:34] Weather image size: 1
[2026-05-16 00:17:34] Forecast duration: 2018-08-22 00:00:00 to 2018-08-23 00:00:00
[2026-05-16 00:17:36] Number of forecast images: 24
[2026-05-16 00:17:36] Using forecast run: 2018-08-21 18:00:00 UTC
[2026-05-16 00:17:36] Forecast Rain Available hours: [6, 7, 8, 9, 10, 11, 12, 13, 14, 15, 16, 17, 18, 19, 20, 21, 22, 23, 24, 25, 26, 27, 28, 29]
[2026-05-16 00:17:36] Valid hours for sum: [12, 18, 24, 29]
[2026-05-16 00:17:38] Drought composite end date: 2018-08-18 06:00:00
[2026-05-16 00:17:38] Land cover year: 2017
[2026-05-16 00:17:39] VIIRS Veg composite: 2018-07-20 → 2018-08-05
[2026-05-16 00:17:43] Started export task: fire_233_dynamic_2018-08-21
[2026-05-16 00:17:44] ------ Processing date=2018-08-22 ------
[2026-05-16 00:17:44] Using viirs_af_path: viirs_af_path
[2026-05-16 00:17:44] VIIRS Image Date: ['2018-08-22 00:00:00']
[2026-05-16 00:17:44] Weather image size: 1
[2026-05-16 00:17:44] Forecast duration: 2018-08-23 00:00:00 to 2018-08-24 00:00:00
[2026-05-16 00:17:45] Number of forecast images: 24
[2026-05-16 00:17:45] Using forecast run: 2018-08-22 18:00:00 UTC
[2026-05-16 00:17:45] Forecast Rain Available hours: [6, 7, 8, 9, 10, 11, 12, 13, 14, 15, 16, 17, 18, 19, 20, 21, 22, 23, 24, 25, 26, 27, 28, 29]
[2026-05-16 00:17:45] Valid hours for sum: [12, 18, 24, 29]
[2026-05-16 00:17:47] Drought composite end date: 2018-08-18 06:00:00
[2026-05-16 00:17:47] Land cover year: 2017
[2026-05-16 00:17:48] VIIRS Veg composite: 2018-07-20 → 2018-08-05
[2026-05-16 00:17:52] Started export task: fire_233_dynamic_2018-08-22
[2026-05-16 00:17:53] ------ Processing date=2018-08-23 ------
[2026-05-16 00:17:53] Using viirs_af_path: viirs_af_path
[2026-05-16 00:17:53] VIIRS Image Date: ['2018-08-23 00:00:00']
[2026-05-16 00:17:53] Weather image size: 1
[2026-05-16 00:17:53] Forecast duration: 2018-08-24 00:00:00 to 2018-08-25 00:00:00
[2026-05-16 00:17:54] Number of forecast images: 24
[2026-05-16 00:17:54] Using forecast run: 2018-08-23 18:00:00 UTC
[2026-05-16 00:17:54] Forecast Rain Available hours: [6, 7, 8, 9, 10, 11, 12, 13, 14, 15, 16, 17, 18, 19, 20, 21, 22, 23, 24, 25, 26, 27, 28, 29]
[2026-05-16 00:17:54] Valid hours for sum: [12, 18, 24, 29]
[2026-05-16 00:17:57] Drought composite end date: 2018-08-18 06:00:00
[2026-05-16 00:17:57] Land cover year: 2017
[2026-05-16 00:17:58] VIIRS Veg composite: 2018-07-20 → 2018-08-05
[2026-05-16 00:18:01] Started export task: fire_233_dynamic_2018-08-23
[2026-05-16 00:18:02] ------ Processing date=2018-08-24 ------
[2026-05-16 00:18:02] Using viirs_af_path: viirs_af_path
[2026-05-16 00:18:02] VIIRS Image Date: ['2018-08-24 00:00:00']
[2026-05-16 00:18:03] Weather image size: 1
[2026-05-16 00:18:03] Forecast duration: 2018-08-25 00:00:00 to 2018-08-26 00:00:00
[2026-05-16 00:18:03] Number of forecast images: 24
[2026-05-16 00:18:03] Using forecast run: 2018-08-24 18:00:00 UTC
[2026-05-16 00:18:04] Forecast Rain Available hours: [6, 7, 8, 9, 10, 11, 12, 13, 14, 15, 16, 17, 18, 19, 20, 21, 22, 23, 24, 25, 26, 27, 28, 29]
[2026-05-16 00:18:04] Valid hours for sum: [12, 18, 24, 29]
[2026-05-16 00:18:06] Drought composite end date: 2018-08-23 06:00:00
[2026-05-16 00:18:06] Land cover year: 2017
[2026-05-16 00:18:07] VIIRS Veg composite: 2018-07-20 → 2018-08-05
[2026-05-16 00:18:11] Started export task: fire_233_dynamic_2018-08-24
[2026-05-16 00:18:11] ------ Processing date=2018-08-25 ------
[2026-05-16 00:18:11] Using viirs_af_path: viirs_af_path
[2026-05-16 00:18:12] VIIRS Image Date: ['2018-08-25 00:00:00']
[2026-05-16 00:18:12] Weather image size: 1
[2026-05-16 00:18:12] Forecast duration: 2018-08-26 00:00:00 to 2018-08-27 00:00:00
[2026-05-16 00:18:13] Number of forecast images: 24
[2026-05-16 00:18:13] Using forecast run: 2018-08-25 18:00:00 UTC
[2026-05-16 00:18:13] Forecast Rain Available hours: [6, 7, 8, 9, 10, 11, 12, 13, 14, 15, 16, 17, 18, 19, 20, 21, 22, 23, 24, 25, 26, 27, 28, 29]
[2026-05-16 00:18:13] Valid hours for sum: [12, 18, 24, 29]
[2026-05-16 00:18:16] Drought composite end date: 2018-08-23 06:00:00
[2026-05-16 00:18:16] Land cover year: 2017
[2026-05-16 00:18:17] VIIRS Veg composite: 2018-07-20 → 2018-08-05
[2026-05-16 00:18:20] Started export task: fire_233_dynamic_2018-08-25
[2026-05-16 00:18:20] ------ Processing date=2018-08-26 ------
[2026-05-16 00:18:20] Using viirs_af_path: viirs_af_path
[2026-05-16 00:18:21] VIIRS Image Date: ['2018-08-26 00:00:00']
[2026-05-16 00:18:21] Weather image size: 1
[2026-05-16 00:18:21] Forecast duration: 2018-08-27 00:00:00 to 2018-08-28 00:00:00
[2026-05-16 00:18:22] Number of forecast images: 24
[2026-05-16 00:18:22] Using forecast run: 2018-08-26 18:00:00 UTC
[2026-05-16 00:18:22] Forecast Rain Available hours: [6, 7, 8, 9, 10, 11, 12, 13, 14, 15, 16, 17, 18, 19, 20, 21, 22, 23, 24, 25, 26, 27, 28, 29]
[2026-05-16 00:18:22] Valid hours for sum: [12, 18, 24, 29]
[2026-05-16 00:18:24] Drought composite end date: 2018-08-23 06:00:00
[2026-05-16 00:18:24] Land cover year: 2017
[2026-05-16 00:18:26] VIIRS Veg composite: 2018-07-20 → 2018-08-05
[2026-05-16 00:18:30] Started export task: fire_233_dynamic_2018-08-26
[2026-05-16 00:18:31] ------ Processing date=2018-08-27 ------
[2026-05-16 00:18:31] Using viirs_af_path: viirs_af_path
[2026-05-16 00:18:32] VIIRS Image Date: ['2018-08-27 00:00:00']
[2026-05-16 00:18:32] Weather image size: 1
[2026-05-16 00:18:32] Forecast duration: 2018-08-28 00:00:00 to 2018-08-29 00:00:00
[2026-05-16 00:18:33] Number of forecast images: 24
[2026-05-16 00:18:33] Using forecast run: 2018-08-27 18:00:00 UTC
[2026-05-16 00:18:34] Forecast Rain Available hours: [6, 7, 8, 9, 10, 11, 12, 13, 14, 15, 16, 17, 18, 19, 20, 21, 22, 23, 24, 25, 26, 27, 28, 29]
[2026-05-16 00:18:34] Valid hours for sum: [12, 18, 24, 29]
[2026-05-16 00:18:36] Drought composite end date: 2018-08-23 06:00:00
[2026-05-16 00:18:37] Land cover year: 2017
[2026-05-16 00:18:38] VIIRS Veg composite: 2018-07-20 → 2018-08-05
[2026-05-16 00:18:42] Started export task: fire_233_dynamic_2018-08-27
[2026-05-16 00:18:43] ------ Processing date=2018-08-28 ------
[2026-05-16 00:18:43] Using viirs_af_path: viirs_af_path
[2026-05-16 00:18:43] VIIRS Image Date: ['2018-08-28 00:00:00']
[2026-05-16 00:18:43] Weather image size: 1
[2026-05-16 00:18:43] Forecast duration: 2018-08-29 00:00:00 to 2018-08-30 00:00:00
[2026-05-16 00:18:44] Number of forecast images: 24
[2026-05-16 00:18:44] Using forecast run: 2018-08-28 18:00:00 UTC
[2026-05-16 00:18:44] Forecast Rain Available hours: [6, 7, 8, 9, 10, 11, 12, 13, 14, 15, 16, 17, 18, 19, 20, 21, 22, 23, 24, 25, 26, 27, 28, 29]
[2026-05-16 00:18:44] Valid hours for sum: [12, 18, 24, 29]
[2026-05-16 00:18:47] Drought composite end date: 2018-08-23 06:00:00
[2026-05-16 00:18:47] Land cover year: 2017
[2026-05-16 00:18:48] VIIRS Veg composite: 2018-07-20 → 2018-08-05
[2026-05-16 00:18:51] Started export task: fire_233_dynamic_2018-08-28
[2026-05-16 00:18:52] ------ Processing date=2018-08-29 ------
[2026-05-16 00:18:52] Using viirs_af_path: viirs_af_path
[2026-05-16 00:18:52] VIIRS Image Date: ['2018-08-29 00:00:00']
[2026-05-16 00:18:52] Weather image size: 1
[2026-05-16 00:18:52] Forecast duration: 2018-08-30 00:00:00 to 2018-08-31 00:00:00
[2026-05-16 00:18:53] Number of forecast images: 24
[2026-05-16 00:18:53] Using forecast run: 2018-08-29 18:00:00 UTC
[2026-05-16 00:18:53] Forecast Rain Available hours: [6, 7, 8, 9, 10, 11, 12, 13, 14, 15, 16, 17, 18, 19, 20, 21, 22, 23, 24, 25, 26, 27, 28, 29]
[2026-05-16 00:18:53] Valid hours for sum: [12, 18, 24, 29]
[2026-05-16 00:18:56] Drought composite end date: 2018-08-28 06:00:00
[2026-05-16 00:18:56] Land cover year: 2017
[2026-05-16 00:18:57] VIIRS Veg composite: 2018-07-20 → 2018-08-05
[2026-05-16 00:19:01] Started export task: fire_233_dynamic_2018-08-29
[2026-05-16 00:19:01] ------ Processing date=2018-08-30 ------
[2026-05-16 00:19:01] Using viirs_af_path: viirs_af_path
[2026-05-16 00:19:01] VIIRS Image Date: ['2018-08-30 00:00:00']
[2026-05-16 00:19:02] Weather image size: 1
[2026-05-16 00:19:02] Forecast duration: 2018-08-31 00:00:00 to 2018-09-01 00:00:00
[2026-05-16 00:19:03] Number of forecast images: 24
[2026-05-16 00:19:03] Using forecast run: 2018-08-30 18:00:00 UTC
[2026-05-16 00:19:03] Forecast Rain Available hours: [6, 7, 8, 9, 10, 11, 12, 13, 14, 15, 16, 17, 18, 19, 20, 21, 22, 23, 24, 25, 26, 27, 28, 29]
[2026-05-16 00:19:03] Valid hours for sum: [12, 18, 24, 29]
[2026-05-16 00:19:05] Drought composite end date: 2018-08-28 06:00:00
[2026-05-16 00:19:05] Land cover year: 2017
[2026-05-16 00:19:06] VIIRS Veg composite: 2018-07-20 → 2018-08-05
[2026-05-16 00:19:09] Started export task: fire_233_dynamic_2018-08-30
[2026-05-16 00:19:09] ------ Processing date=2018-08-31 ------
[2026-05-16 00:19:09] Using viirs_af_path: viirs_af_path
[2026-05-16 00:19:09] VIIRS Image Date: ['2018-08-31 00:00:00']
[2026-05-16 00:19:10] Weather image size: 1
[2026-05-16 00:19:10] Forecast duration: 2018-09-01 00:00:00 to 2018-09-02 00:00:00
[2026-05-16 00:19:10] Number of forecast images: 24
[2026-05-16 00:19:10] Using forecast run: 2018-08-31 18:00:00 UTC
[2026-05-16 00:19:11] Forecast Rain Available hours: [6, 7, 8, 9, 10, 11, 12, 13, 14, 15, 16, 17, 18, 19, 20, 21, 22, 23, 24, 25, 26, 27, 28, 29]
[2026-05-16 00:19:11] Valid hours for sum: [12, 18, 24, 29]
[2026-05-16 00:19:13] Drought composite end date: 2018-08-28 06:00:00
[2026-05-16 00:19:13] Land cover year: 2017
[2026-05-16 00:19:14] VIIRS Veg composite: 2018-07-20 → 2018-08-05
[2026-05-16 00:19:18] Started export task: fire_233_dynamic_2018-08-31
[2026-05-16 00:19:18] ------ Processing date=2018-09-01 ------
[2026-05-16 00:19:18] Using viirs_af_path: viirs_af_path
[2026-05-16 00:19:19] VIIRS Image Date: ['2018-09-01 00:00:00']
[2026-05-16 00:19:19] Weather image size: 1
[2026-05-16 00:19:19] Forecast duration: 2018-09-02 00:00:00 to 2018-09-03 00:00:00
[2026-05-16 00:19:20] Number of forecast images: 24
[2026-05-16 00:19:20] Using forecast run: 2018-09-01 18:00:00 UTC
[2026-05-16 00:19:20] Forecast Rain Available hours: [6, 7, 8, 9, 10, 11, 12, 13, 14, 15, 16, 17, 18, 19, 20, 21, 22, 23, 24, 25, 26, 27, 28, 29]
[2026-05-16 00:19:20] Valid hours for sum: [12, 18, 24, 29]
[2026-05-16 00:19:22] Drought composite end date: 2018-08-28 06:00:00
[2026-05-16 00:19:22] Land cover year: 2017
[2026-05-16 00:19:23] VIIRS Veg composite: 2018-07-20 → 2018-08-05
[2026-05-16 00:19:28] Started export task: fire_233_dynamic_2018-09-01
[2026-05-16 00:19:28] ------ Processing date=2018-09-02 ------
[2026-05-16 00:19:28] Using viirs_af_path: viirs_af_path
[2026-05-16 00:19:28] VIIRS Image Date: ['2018-09-02 00:00:00']
[2026-05-16 00:19:28] Weather image size: 1
[2026-05-16 00:19:28] Forecast duration: 2018-09-03 00:00:00 to 2018-09-04 00:00:00
[2026-05-16 00:19:29] Number of forecast images: 24
[2026-05-16 00:19:29] Using forecast run: 2018-09-02 18:00:00 UTC
[2026-05-16 00:19:29] Forecast Rain Available hours: [6, 7, 8, 9, 10, 11, 12, 13, 14, 15, 16, 17, 18, 19, 20, 21, 22, 23, 24, 25, 26, 27, 28, 29]
[2026-05-16 00:19:29] Valid hours for sum: [12, 18, 24, 29]
[2026-05-16 00:19:32] Drought composite end date: 2018-08-28 06:00:00
[2026-05-16 00:19:32] Land cover year: 2017
[2026-05-16 00:19:34] VIIRS Veg composite: 2018-07-20 → 2018-08-05
[2026-05-16 00:19:38] Started export task: fire_233_dynamic_2018-09-02
[2026-05-16 00:19:38] ------ Processing date=2018-09-03 ------
[2026-05-16 00:19:38] Using viirs_af_path: viirs_af_path
[2026-05-16 00:19:38] VIIRS Image Date: ['2018-09-03 00:00:00']
[2026-05-16 00:19:39] Weather image size: 1
[2026-05-16 00:19:39] Forecast duration: 2018-09-04 00:00:00 to 2018-09-05 00:00:00
[2026-05-16 00:19:39] Number of forecast images: 24
[2026-05-16 00:19:39] Using forecast run: 2018-09-03 18:00:00 UTC
[2026-05-16 00:19:40] Forecast Rain Available hours: [6, 7, 8, 9, 10, 11, 12, 13, 14, 15, 16, 17, 18, 19, 20, 21, 22, 23, 24, 25, 26, 27, 28, 29]
[2026-05-16 00:19:40] Valid hours for sum: [12, 18, 24, 29]
[2026-05-16 00:19:42] Drought composite end date: 2018-09-02 06:00:00
[2026-05-16 00:19:43] Land cover year: 2017
[2026-05-16 00:19:43] VIIRS Veg composite: 2018-07-20 → 2018-08-05
[2026-05-16 00:19:47] Started export task: fire_233_dynamic_2018-09-03
[2026-05-16 00:19:47] ------ Processing date=2018-09-04 ------
[2026-05-16 00:19:47] Using viirs_af_path: viirs_af_path
[2026-05-16 00:19:47] VIIRS Image Date: ['2018-09-04 00:00:00']
[2026-05-16 00:19:47] Weather image size: 1
[2026-05-16 00:19:47] Forecast duration: 2018-09-05 00:00:00 to 2018-09-06 00:00:00
[2026-05-16 00:19:48] Number of forecast images: 24
[2026-05-16 00:19:48] Using forecast run: 2018-09-04 18:00:00 UTC
[2026-05-16 00:19:49] Forecast Rain Available hours: [6, 7, 8, 9, 10, 11, 12, 13, 14, 15, 16, 17, 18, 19, 20, 21, 22, 23, 24, 25, 26, 27, 28, 29]
[2026-05-16 00:19:49] Valid hours for sum: [12, 18, 24, 29]
[2026-05-16 00:19:51] Drought composite end date: 2018-09-02 06:00:00
[2026-05-16 00:19:51] Land cover year: 2017
[2026-05-16 00:19:51] VIIRS Veg composite: 2018-07-20 → 2018-08-05
[2026-05-16 00:19:55] Started export task: fire_233_dynamic_2018-09-04
[2026-05-16 00:19:56] ------ Processing date=2018-09-05 ------
[2026-05-16 00:19:56] Using viirs_af_path: viirs_af_path
[2026-05-16 00:19:56] VIIRS Image Date: ['2018-09-05 00:00:00']
[2026-05-16 00:19:56] Weather image size: 1
[2026-05-16 00:19:56] Forecast duration: 2018-09-06 00:00:00 to 2018-09-07 00:00:00
[2026-05-16 00:19:57] Number of forecast images: 24
[2026-05-16 00:19:57] Using forecast run: 2018-09-05 18:00:00 UTC
[2026-05-16 00:19:57] Forecast Rain Available hours: [6, 7, 8, 9, 10, 11, 12, 13, 14, 15, 16, 17, 18, 19, 20, 21, 22, 23, 24, 25, 26, 27, 28, 29]
[2026-05-16 00:19:57] Valid hours for sum: [12, 18, 24, 29]
[2026-05-16 00:20:00] Drought composite end date: 2018-09-02 06:00:00
[2026-05-16 00:20:01] Land cover year: 2017
[2026-05-16 00:20:01] VIIRS Veg composite: 2018-07-20 → 2018-08-05
[2026-05-16 00:20:05] Started export task: fire_233_dynamic_2018-09-05
[2026-05-16 00:20:06] ------ Processing date=2018-09-06 ------
[2026-05-16 00:20:06] Using viirs_af_path: viirs_af_path
[2026-05-16 00:20:06] VIIRS Image Date: ['2018-09-06 00:00:00']
[2026-05-16 00:20:06] Weather image size: 1
[2026-05-16 00:20:06] Forecast duration: 2018-09-07 00:00:00 to 2018-09-08 00:00:00
[2026-05-16 00:20:07] Number of forecast images: 24
[2026-05-16 00:20:07] Using forecast run: 2018-09-06 18:00:00 UTC
[2026-05-16 00:20:07] Forecast Rain Available hours: [6, 7, 8, 9, 10, 11, 12, 13, 14, 15, 16, 17, 18, 19, 20, 21, 22, 23, 24, 25, 26, 27, 28, 29]
[2026-05-16 00:20:07] Valid hours for sum: [12, 18, 24, 29]
[2026-05-16 00:20:09] Drought composite end date: 2018-09-02 06:00:00
[2026-05-16 00:20:10] Land cover year: 2017
[2026-05-16 00:20:11] VIIRS Veg composite: 2018-07-20 → 2018-08-05
[2026-05-16 00:20:15] Started export task: fire_233_dynamic_2018-09-06
[2026-05-16 00:20:16] ------ Processing date=2018-09-07 ------
[2026-05-16 00:20:16] Using viirs_af_path: viirs_af_path
[2026-05-16 00:20:16] VIIRS Image Date: ['2018-09-07 00:00:00']
[2026-05-16 00:20:17] Weather image size: 1
[2026-05-16 00:20:17] Forecast duration: 2018-09-08 00:00:00 to 2018-09-09 00:00:00
[2026-05-16 00:20:18] Number of forecast images: 24
[2026-05-16 00:20:18] Using forecast run: 2018-09-07 18:00:00 UTC
[2026-05-16 00:20:18] Forecast Rain Available hours: [6, 7, 8, 9, 10, 11, 12, 13, 14, 15, 16, 17, 18, 19, 20, 21, 22, 23, 24, 25, 26, 27, 28, 29]
[2026-05-16 00:20:18] Valid hours for sum: [12, 18, 24, 29]
[2026-05-16 00:20:20] Drought composite end date: 2018-09-02 06:00:00
[2026-05-16 00:20:20] Land cover year: 2017
[2026-05-16 00:20:21] VIIRS Veg composite: 2018-07-20 → 2018-08-05
[2026-05-16 00:20:26] Started export task: fire_233_dynamic_2018-09-07
[2026-05-16 00:20:26] ------ Processing date=2018-09-08 ------
[2026-05-16 00:20:26] Using viirs_af_path: viirs_af_path
[2026-05-16 00:20:27] VIIRS Image Date: ['2018-09-08 00:00:00']
[2026-05-16 00:20:27] Weather image size: 1
[2026-05-16 00:20:27] Forecast duration: 2018-09-09 00:00:00 to 2018-09-10 00:00:00
[2026-05-16 00:20:28] Number of forecast images: 24
[2026-05-16 00:20:28] Using forecast run: 2018-09-08 18:00:00 UTC
[2026-05-16 00:20:28] Forecast Rain Available hours: [6, 7, 8, 9, 10, 11, 12, 13, 14, 15, 16, 17, 18, 19, 20, 21, 22, 23, 24, 25, 26, 27, 28, 29]
[2026-05-16 00:20:28] Valid hours for sum: [12, 18, 24, 29]
[2026-05-16 00:20:30] Drought composite end date: 2018-09-07 06:00:00
[2026-05-16 00:20:31] Land cover year: 2017
[2026-05-16 00:20:31] VIIRS Veg composite: 2018-07-20 → 2018-08-05
[2026-05-16 00:20:35] Started export task: fire_233_dynamic_2018-09-08
[2026-05-16 00:20:36] ------ Processing date=2018-09-09 ------
[2026-05-16 00:20:36] Using viirs_af_path: viirs_af_path
[2026-05-16 00:20:36] VIIRS Image Date: ['2018-09-09 00:00:00']
[2026-05-16 00:20:36] Weather image size: 1
[2026-05-16 00:20:36] Forecast duration: 2018-09-10 00:00:00 to 2018-09-11 00:00:00
[2026-05-16 00:20:37] Number of forecast images: 24
[2026-05-16 00:20:37] Using forecast run: 2018-09-09 18:00:00 UTC
[2026-05-16 00:20:37] Forecast Rain Available hours: [6, 7, 8, 9, 10, 11, 12, 13, 14, 15, 16, 17, 18, 19, 20, 21, 22, 23, 24, 25, 26, 27, 28, 29]
[2026-05-16 00:20:37] Valid hours for sum: [12, 18, 24, 29]
[2026-05-16 00:20:40] Drought composite end date: 2018-09-07 06:00:00
[2026-05-16 00:20:40] Land cover year: 2017
[2026-05-16 00:20:41] VIIRS Veg composite: 2018-07-20 → 2018-08-05
[2026-05-16 00:20:45] Started export task: fire_233_dynamic_2018-09-09
[2026-05-16 00:20:46] ------ Processing date=2018-09-10 ------
[2026-05-16 00:20:46] Using viirs_af_path: viirs_af_path
[2026-05-16 00:20:46] VIIRS Image Date: ['2018-09-10 00:00:00']
[2026-05-16 00:20:46] Weather image size: 1
[2026-05-16 00:20:46] Forecast duration: 2018-09-11 00:00:00 to 2018-09-12 00:00:00
[2026-05-16 00:20:47] Number of forecast images: 24
[2026-05-16 00:20:47] Using forecast run: 2018-09-10 18:00:00 UTC
[2026-05-16 00:20:48] Forecast Rain Available hours: [6, 7, 8, 9, 10, 11, 12, 13, 14, 15, 16, 17, 18, 19, 20, 21, 22, 23, 24, 25, 26, 27, 28, 29]
[2026-05-16 00:20:48] Valid hours for sum: [12, 18, 24, 29]
[2026-05-16 00:20:50] Drought composite end date: 2018-09-07 06:00:00
[2026-05-16 00:20:50] Land cover year: 2017
[2026-05-16 00:20:51] VIIRS Veg composite: 2018-07-20 → 2018-08-05
[2026-05-16 00:20:56] Started export task: fire_233_dynamic_2018-09-10
[2026-05-16 00:20:56] ------ Processing date=2018-09-11 ------
[2026-05-16 00:20:56] Using viirs_af_path: viirs_af_path
[2026-05-16 00:20:56] VIIRS Image Date: ['2018-09-11 00:00:00']
[2026-05-16 00:20:57] Weather image size: 1
[2026-05-16 00:20:57] Forecast duration: 2018-09-12 00:00:00 to 2018-09-13 00:00:00
[2026-05-16 00:20:58] Number of forecast images: 24
[2026-05-16 00:20:58] Using forecast run: 2018-09-11 18:00:00 UTC
[2026-05-16 00:20:58] Forecast Rain Available hours: [6, 7, 8, 9, 10, 11, 12, 13, 14, 15, 16, 17, 18, 19, 20, 21, 22, 23, 24, 25, 26, 27, 28, 29]
[2026-05-16 00:20:58] Valid hours for sum: [12, 18, 24, 29]
[2026-05-16 00:21:00] Drought composite end date: 2018-09-07 06:00:00
[2026-05-16 00:21:01] Land cover year: 2017
[2026-05-16 00:21:01] VIIRS Veg composite: 2018-07-20 → 2018-08-05
[2026-05-16 00:21:06] Started export task: fire_233_dynamic_2018-09-11
[2026-05-16 00:21:06] ------ Processing date=2018-09-12 ------
[2026-05-16 00:21:06] Using viirs_af_path: viirs_af_path
[2026-05-16 00:21:07] VIIRS Image Date: ['2018-09-12 00:00:00']
[2026-05-16 00:21:07] Weather image size: 1
[2026-05-16 00:21:07] Forecast duration: 2018-09-13 00:00:00 to 2018-09-14 00:00:00
[2026-05-16 00:21:08] Number of forecast images: 24
[2026-05-16 00:21:08] Using forecast run: 2018-09-12 18:00:00 UTC
[2026-05-16 00:21:08] Forecast Rain Available hours: [6, 7, 8, 9, 10, 11, 12, 13, 14, 15, 16, 17, 18, 19, 20, 21, 22, 23, 24, 25, 26, 27, 28, 29]
[2026-05-16 00:21:08] Valid hours for sum: [12, 18, 24, 29]
[2026-05-16 00:21:11] Drought composite end date: 2018-09-07 06:00:00
[2026-05-16 00:21:11] Land cover year: 2017
[2026-05-16 00:21:12] VIIRS Veg composite: 2018-07-20 → 2018-08-05
[2026-05-16 00:21:16] Started export task: fire_233_dynamic_2018-09-12
[2026-05-16 00:21:17] ------ Processing date=2018-09-13 ------
[2026-05-16 00:21:17] Using viirs_af_path: viirs_af_path
[2026-05-16 00:21:17] VIIRS Image Date: ['2018-09-13 00:00:00']
[2026-05-16 00:21:18] Weather image size: 1
[2026-05-16 00:21:18] Forecast duration: 2018-09-14 00:00:00 to 2018-09-15 00:00:00
[2026-05-16 00:21:18] Number of forecast images: 24
[2026-05-16 00:21:18] Using forecast run: 2018-09-13 18:00:00 UTC
[2026-05-16 00:21:19] Forecast Rain Available hours: [6, 7, 8, 9, 10, 11, 12, 13, 14, 15, 16, 17, 18, 19, 20, 21, 22, 23, 24, 25, 26, 27, 28, 29]
[2026-05-16 00:21:19] Valid hours for sum: [12, 18, 24, 29]
[2026-05-16 00:21:21] Drought composite end date: 2018-09-12 06:00:00
[2026-05-16 00:21:21] Land cover year: 2017
[2026-05-16 00:21:22] VIIRS Veg composite: 2018-07-20 → 2018-08-05
[2026-05-16 00:21:26] Started export task: fire_233_dynamic_2018-09-13
[2026-05-16 00:21:26] ------ Processing date=2018-09-14 ------
[2026-05-16 00:21:26] Using viirs_af_path: viirs_af_path
[2026-05-16 00:21:26] VIIRS Image Date: ['2018-09-14 00:00:00']
[2026-05-16 00:21:26] Weather image size: 1
[2026-05-16 00:21:26] Forecast duration: 2018-09-15 00:00:00 to 2018-09-16 00:00:00
[2026-05-16 00:21:27] Number of forecast images: 24
[2026-05-16 00:21:27] Using forecast run: 2018-09-14 18:00:00 UTC
[2026-05-16 00:21:28] Forecast Rain Available hours: [6, 7, 8, 9, 10, 11, 12, 13, 14, 15, 16, 17, 18, 19, 20, 21, 22, 23, 24, 25, 26, 27, 28, 29]
[2026-05-16 00:21:28] Valid hours for sum: [12, 18, 24, 29]
[2026-05-16 00:21:30] Drought composite end date: 2018-09-12 06:00:00
[2026-05-16 00:21:30] Land cover year: 2017
[2026-05-16 00:21:31] VIIRS Veg composite: 2018-07-20 → 2018-08-05
[2026-05-16 00:21:35] Started export task: fire_233_dynamic_2018-09-14
[2026-05-16 00:21:36] END: ----------Event fire_233----------- (Duration: 8.73m)
[2026-05-16 00:21:36] START: ----------Event fire_234-----------
[2026-05-16 00:21:36] ------ Processing date=2018-08-04 ------
[2026-05-16 00:21:36] Using viirs_af_path: viirs_af_path
[2026-05-16 00:21:36] VIIRS Image Date: ['2018-08-04 00:00:00']
[2026-05-16 00:21:36] Weather image size: 1
[2026-05-16 00:21:36] Forecast duration: 2018-08-05 00:00:00 to 2018-08-06 00:00:00
[2026-05-16 00:21:37] Number of forecast images: 24
[2026-05-16 00:21:37] Using forecast run: 2018-08-04 18:00:00 UTC
[2026-05-16 00:21:38] Forecast Rain Available hours: [6, 7, 8, 9, 10, 11, 12, 13, 14, 15, 16, 17, 18, 19, 20, 21, 22, 23, 24, 25, 26, 27, 28, 29]
[2026-05-16 00:21:38] Valid hours for sum: [12, 18, 24, 29]
[2026-05-16 00:21:39] Drought composite end date: 2018-08-03 06:00:00
[2026-05-16 00:21:39] Land cover year: 2017
[2026-05-16 00:21:40] VIIRS Veg composite: 2018-07-20 → 2018-08-05
[2026-05-16 00:21:44] Started export task: fire_234_static
[2026-05-16 00:21:44] Started export task: fire_234_dynamic_2018-08-04
[2026-05-16 00:21:44] ------ Processing date=2018-08-05 ------
[2026-05-16 00:21:44] Using viirs_af_path: viirs_af_path
[2026-05-16 00:21:45] VIIRS Image Date: ['2018-08-05 00:00:00']
[2026-05-16 00:21:45] Weather image size: 1
[2026-05-16 00:21:45] Forecast duration: 2018-08-06 00:00:00 to 2018-08-07 00:00:00
[2026-05-16 00:21:46] Number of forecast images: 24
[2026-05-16 00:21:46] Using forecast run: 2018-08-05 18:00:00 UTC
[2026-05-16 00:21:46] Forecast Rain Available hours: [6, 7, 8, 9, 10, 11, 12, 13, 14, 15, 16, 17, 18, 19, 20, 21, 22, 23, 24, 25, 26, 27, 28, 29]
[2026-05-16 00:21:46] Valid hours for sum: [12, 18, 24, 29]
[2026-05-16 00:21:49] Drought composite end date: 2018-08-03 06:00:00
[2026-05-16 00:21:49] Land cover year: 2017
[2026-05-16 00:21:50] VIIRS Veg composite: 2018-07-20 → 2018-08-05
[2026-05-16 00:21:54] Started export task: fire_234_dynamic_2018-08-05
[2026-05-16 00:21:54] ------ Processing date=2018-08-06 ------
[2026-05-16 00:21:54] Using viirs_af_path: viirs_af_path
[2026-05-16 00:21:54] VIIRS Image Date: ['2018-08-06 00:00:00']
[2026-05-16 00:21:54] Weather image size: 1
[2026-05-16 00:21:54] Forecast duration: 2018-08-07 00:00:00 to 2018-08-08 00:00:00
[2026-05-16 00:21:56] Number of forecast images: 24
[2026-05-16 00:21:56] Using forecast run: 2018-08-06 18:00:00 UTC
[2026-05-16 00:21:56] Forecast Rain Available hours: [6, 7, 8, 9, 10, 11, 12, 13, 14, 15, 16, 17, 18, 19, 20, 21, 22, 23, 24, 25, 26, 27, 28, 29]
[2026-05-16 00:21:56] Valid hours for sum: [12, 18, 24, 29]
[2026-05-16 00:21:59] Drought composite end date: 2018-08-03 06:00:00
[2026-05-16 00:21:59] Land cover year: 2017
[2026-05-16 00:22:00] VIIRS Veg composite: 2018-07-20 → 2018-08-05
[2026-05-16 00:22:04] Started export task: fire_234_dynamic_2018-08-06
[2026-05-16 00:22:04] ------ Processing date=2018-08-07 ------
[2026-05-16 00:22:04] Using viirs_af_path: viirs_af_path
[2026-05-16 00:22:04] VIIRS Image Date: ['2018-08-07 00:00:00']
[2026-05-16 00:22:04] Weather image size: 1
[2026-05-16 00:22:04] Forecast duration: 2018-08-08 00:00:00 to 2018-08-09 00:00:00
[2026-05-16 00:22:05] Number of forecast images: 24
[2026-05-16 00:22:05] Using forecast run: 2018-08-07 18:00:00 UTC
[2026-05-16 00:22:06] Forecast Rain Available hours: [6, 7, 8, 9, 10, 11, 12, 13, 14, 15, 16, 17, 18, 19, 20, 21, 22, 23, 24, 25, 26, 27, 28, 29]
[2026-05-16 00:22:06] Valid hours for sum: [12, 18, 24, 29]
[2026-05-16 00:22:08] Drought composite end date: 2018-08-03 06:00:00
[2026-05-16 00:22:08] Land cover year: 2017
[2026-05-16 00:22:09] VIIRS Veg composite: 2018-07-20 → 2018-08-05
[2026-05-16 00:22:13] Started export task: fire_234_dynamic_2018-08-07
[2026-05-16 00:22:13] ------ Processing date=2018-08-08 ------
[2026-05-16 00:22:13] Using viirs_af_path: viirs_af_path
[2026-05-16 00:22:13] VIIRS Image Date: ['2018-08-08 00:00:00']
[2026-05-16 00:22:14] Weather image size: 1
[2026-05-16 00:22:14] Forecast duration: 2018-08-09 00:00:00 to 2018-08-10 00:00:00
[2026-05-16 00:22:17] Number of forecast images: 24
[2026-05-16 00:22:17] Using forecast run: 2018-08-08 18:00:00 UTC
[2026-05-16 00:22:18] Forecast Rain Available hours: [6, 7, 8, 9, 10, 11, 12, 13, 14, 15, 16, 17, 18, 19, 20, 21, 22, 23, 24, 25, 26, 27, 28, 29]
[2026-05-16 00:22:18] Valid hours for sum: [12, 18, 24, 29]
[2026-05-16 00:22:19] Drought composite end date: 2018-08-03 06:00:00
[2026-05-16 00:22:20] Land cover year: 2017
[2026-05-16 00:22:20] VIIRS Veg composite: 2018-07-20 → 2018-08-05
[2026-05-16 00:22:24] Started export task: fire_234_dynamic_2018-08-08
[2026-05-16 00:22:25] ------ Processing date=2018-08-09 ------
[2026-05-16 00:22:25] Using viirs_af_path: viirs_af_path
[2026-05-16 00:22:25] VIIRS Image Date: ['2018-08-09 00:00:00']
[2026-05-16 00:22:25] Weather image size: 1
[2026-05-16 00:22:25] Forecast duration: 2018-08-10 00:00:00 to 2018-08-11 00:00:00
[2026-05-16 00:22:26] Number of forecast images: 24
[2026-05-16 00:22:26] Using forecast run: 2018-08-09 18:00:00 UTC
[2026-05-16 00:22:26] Forecast Rain Available hours: [6, 7, 8, 9, 10, 11, 12, 13, 14, 15, 16, 17, 18, 19, 20, 21, 22, 23, 24, 25, 26, 27, 28, 29]
[2026-05-16 00:22:26] Valid hours for sum: [12, 18, 24, 29]
[2026-05-16 00:22:29] Drought composite end date: 2018-08-08 06:00:00
[2026-05-16 00:22:30] Land cover year: 2017
[2026-05-16 00:22:30] VIIRS Veg composite: 2018-07-20 → 2018-08-05
[2026-05-16 00:22:35] Started export task: fire_234_dynamic_2018-08-09
[2026-05-16 00:22:35] ------ Processing date=2018-08-10 ------
[2026-05-16 00:22:35] Using viirs_af_path: viirs_af_path
[2026-05-16 00:22:35] VIIRS Image Date: ['2018-08-10 00:00:00']
[2026-05-16 00:22:36] Weather image size: 1
[2026-05-16 00:22:36] Forecast duration: 2018-08-11 00:00:00 to 2018-08-12 00:00:00
[2026-05-16 00:22:37] Number of forecast images: 24
[2026-05-16 00:22:37] Using forecast run: 2018-08-10 18:00:00 UTC
[2026-05-16 00:22:37] Forecast Rain Available hours: [6, 7, 8, 9, 10, 11, 12, 13, 14, 15, 16, 17, 18, 19, 20, 21, 22, 23, 24, 25, 26, 27, 28, 29]
[2026-05-16 00:22:37] Valid hours for sum: [12, 18, 24, 29]
[2026-05-16 00:22:40] Drought composite end date: 2018-08-08 06:00:00
[2026-05-16 00:22:40] Land cover year: 2017
[2026-05-16 00:22:41] VIIRS Veg composite: 2018-07-20 → 2018-08-05
[2026-05-16 00:22:45] Started export task: fire_234_dynamic_2018-08-10
[2026-05-16 00:22:45] ------ Processing date=2018-08-11 ------
[2026-05-16 00:22:45] Using viirs_af_path: viirs_af_path
[2026-05-16 00:22:45] VIIRS Image Date: ['2018-08-11 00:00:00']
[2026-05-16 00:22:46] Weather image size: 1
[2026-05-16 00:22:46] Forecast duration: 2018-08-12 00:00:00 to 2018-08-13 00:00:00
[2026-05-16 00:22:47] Number of forecast images: 24
[2026-05-16 00:22:47] Using forecast run: 2018-08-11 18:00:00 UTC
[2026-05-16 00:22:47] Forecast Rain Available hours: [6, 7, 8, 9, 10, 11, 12, 13, 14, 15, 16, 17, 18, 19, 20, 21, 22, 23, 24, 25, 26, 27, 28, 29]
[2026-05-16 00:22:47] Valid hours for sum: [12, 18, 24, 29]
[2026-05-16 00:22:50] Drought composite end date: 2018-08-08 06:00:00
[2026-05-16 00:22:50] Land cover year: 2017
[2026-05-16 00:27:37] VIIRS Veg composite: 2018-07-20 → 2018-08-05
[2026-05-16 00:27:41] Started export task: fire_234_dynamic_2018-08-11
[2026-05-16 00:27:42] ------ Processing date=2018-08-12 ------
[2026-05-16 00:27:42] Using viirs_af_path: viirs_af_path
[2026-05-16 00:27:42] VIIRS Image Date: ['2018-08-12 00:00:00']
[2026-05-16 00:27:43] Weather image size: 1
[2026-05-16 00:27:43] Forecast duration: 2018-08-13 00:00:00 to 2018-08-14 00:00:00
[2026-05-16 00:27:44] Number of forecast images: 24
[2026-05-16 00:27:44] Using forecast run: 2018-08-12 18:00:00 UTC
[2026-05-16 00:27:44] Forecast Rain Available hours: [6, 7, 8, 9, 10, 11, 12, 13, 14, 15, 16, 17, 18, 19, 20, 21, 22, 23, 24, 25, 26, 27, 28, 29]
[2026-05-16 00:27:44] Valid hours for sum: [12, 18, 24, 29]
[2026-05-16 00:27:47] Drought composite end date: 2018-08-08 06:00:00
[2026-05-16 00:27:47] Land cover year: 2017
[2026-05-16 00:27:48] VIIRS Veg composite: 2018-07-20 → 2018-08-05
[2026-05-16 00:27:53] Started export task: fire_234_dynamic_2018-08-12
[2026-05-16 00:27:53] ------ Processing date=2018-08-13 ------
[2026-05-16 00:27:53] Using viirs_af_path: viirs_af_path
[2026-05-16 00:27:54] VIIRS Image Date: ['2018-08-13 00:00:00']
[2026-05-16 00:27:54] Weather image size: 1
[2026-05-16 00:27:54] Forecast duration: 2018-08-14 00:00:00 to 2018-08-15 00:00:00
[2026-05-16 00:27:55] Number of forecast images: 24
[2026-05-16 00:27:55] Using forecast run: 2018-08-13 18:00:00 UTC
[2026-05-16 00:27:56] Forecast Rain Available hours: [6, 7, 8, 9, 10, 11, 12, 13, 14, 15, 16, 17, 18, 19, 20, 21, 22, 23, 24, 25, 26, 27, 28, 29]
[2026-05-16 00:27:56] Valid hours for sum: [12, 18, 24, 29]
[2026-05-16 00:27:58] Drought composite end date: 2018-08-08 06:00:00
[2026-05-16 00:27:59] Land cover year: 2017
[2026-05-16 00:28:00] VIIRS Veg composite: 2018-07-20 → 2018-08-05
[2026-05-16 00:28:04] Started export task: fire_234_dynamic_2018-08-13
[2026-05-16 00:28:05] ------ Processing date=2018-08-14 ------
[2026-05-16 00:28:05] Using viirs_af_path: viirs_af_path
[2026-05-16 00:28:05] VIIRS Image Date: ['2018-08-14 00:00:00']
[2026-05-16 00:28:05] Weather image size: 1
[2026-05-16 00:28:05] Forecast duration: 2018-08-15 00:00:00 to 2018-08-16 00:00:00
[2026-05-16 00:28:06] Number of forecast images: 24
[2026-05-16 00:28:06] Using forecast run: 2018-08-14 18:00:00 UTC
[2026-05-16 00:28:07] Forecast Rain Available hours: [6, 7, 8, 9, 10, 11, 12, 13, 14, 15, 16, 17, 18, 19, 20, 21, 22, 23, 24, 25, 26, 27, 28, 29]
[2026-05-16 00:28:07] Valid hours for sum: [12, 18, 24, 29]
[2026-05-16 00:28:08] Drought composite end date: 2018-08-13 06:00:00
[2026-05-16 00:28:08] Land cover year: 2017
[2026-05-16 00:28:10] VIIRS Veg composite: 2018-07-20 → 2018-08-05
[2026-05-16 00:28:14] Started export task: fire_234_dynamic_2018-08-14
[2026-05-16 00:28:14] ------ Processing date=2018-08-15 ------
[2026-05-16 00:28:14] Using viirs_af_path: viirs_af_path
[2026-05-16 00:28:14] VIIRS Image Date: ['2018-08-15 00:00:00']
[2026-05-16 00:28:15] Weather image size: 1
[2026-05-16 00:28:15] Forecast duration: 2018-08-16 00:00:00 to 2018-08-17 00:00:00
[2026-05-16 00:28:16] Number of forecast images: 24
[2026-05-16 00:28:16] Using forecast run: 2018-08-15 18:00:00 UTC
[2026-05-16 00:28:17] Forecast Rain Available hours: [6, 7, 8, 9, 10, 11, 12, 13, 14, 15, 16, 17, 18, 19, 20, 21, 22, 23, 24, 25, 26, 27, 28, 29]
[2026-05-16 00:28:17] Valid hours for sum: [12, 18, 24, 29]
[2026-05-16 00:28:20] Drought composite end date: 2018-08-13 06:00:00
[2026-05-16 00:28:20] Land cover year: 2017
[2026-05-16 00:28:21] VIIRS Veg composite: 2018-07-20 → 2018-08-05
[2026-05-16 00:28:25] Started export task: fire_234_dynamic_2018-08-15
[2026-05-16 00:28:25] ------ Processing date=2018-08-16 ------
[2026-05-16 00:28:25] Using viirs_af_path: viirs_af_path
[2026-05-16 00:28:25] VIIRS Image Date: ['2018-08-16 00:00:00']
[2026-05-16 00:28:26] Weather image size: 1
[2026-05-16 00:28:26] Forecast duration: 2018-08-17 00:00:00 to 2018-08-18 00:00:00
[2026-05-16 00:28:27] Number of forecast images: 24
[2026-05-16 00:28:27] Using forecast run: 2018-08-16 18:00:00 UTC
[2026-05-16 00:28:27] Forecast Rain Available hours: [6, 7, 8, 9, 10, 11, 12, 13, 14, 15, 16, 17, 18, 19, 20, 21, 22, 23, 24, 25, 26, 27, 28, 29]
[2026-05-16 00:28:27] Valid hours for sum: [12, 18, 24, 29]
[2026-05-16 00:28:30] Drought composite end date: 2018-08-13 06:00:00
[2026-05-16 00:28:30] Land cover year: 2017
[2026-05-16 00:28:31] VIIRS Veg composite: 2018-07-20 → 2018-08-05
[2026-05-16 00:28:35] Started export task: fire_234_dynamic_2018-08-16
[2026-05-16 00:28:36] ------ Processing date=2018-08-17 ------
[2026-05-16 00:28:36] Using viirs_af_path: viirs_af_path
[2026-05-16 00:28:36] VIIRS Image Date: ['2018-08-17 00:00:00']
[2026-05-16 00:28:36] Weather image size: 1
[2026-05-16 00:28:36] Forecast duration: 2018-08-18 00:00:00 to 2018-08-19 00:00:00
[2026-05-16 00:28:37] Number of forecast images: 24
[2026-05-16 00:28:37] Using forecast run: 2018-08-17 18:00:00 UTC
[2026-05-16 00:28:38] Forecast Rain Available hours: [6, 7, 8, 9, 10, 11, 12, 13, 14, 15, 16, 17, 18, 19, 20, 21, 22, 23, 24, 25, 26, 27, 28, 29]
[2026-05-16 00:28:38] Valid hours for sum: [12, 18, 24, 29]
[2026-05-16 00:28:41] Drought composite end date: 2018-08-13 06:00:00
[2026-05-16 00:28:41] Land cover year: 2017
[2026-05-16 00:28:42] VIIRS Veg composite: 2018-07-20 → 2018-08-05
[2026-05-16 00:28:45] Started export task: fire_234_dynamic_2018-08-17
[2026-05-16 00:28:45] ------ Processing date=2018-08-18 ------
[2026-05-16 00:28:45] Using viirs_af_path: viirs_af_path
[2026-05-16 00:28:45] VIIRS Image Date: ['2018-08-18 00:00:00']
[2026-05-16 00:28:46] Weather image size: 1
[2026-05-16 00:28:46] Forecast duration: 2018-08-19 00:00:00 to 2018-08-20 00:00:00
[2026-05-16 00:28:47] Number of forecast images: 24
[2026-05-16 00:28:47] Using forecast run: 2018-08-18 18:00:00 UTC
[2026-05-16 00:28:47] Forecast Rain Available hours: [6, 7, 8, 9, 10, 11, 12, 13, 14, 15, 16, 17, 18, 19, 20, 21, 22, 23, 24, 25, 26, 27, 28, 29]
[2026-05-16 00:28:47] Valid hours for sum: [12, 18, 24, 29]
[2026-05-16 00:28:49] Drought composite end date: 2018-08-13 06:00:00
[2026-05-16 00:28:49] Land cover year: 2017
[2026-05-16 00:28:50] VIIRS Veg composite: 2018-07-20 → 2018-08-05
[2026-05-16 00:28:55] Started export task: fire_234_dynamic_2018-08-18
[2026-05-16 00:28:56] ------ Processing date=2018-08-19 ------
[2026-05-16 00:28:56] Using viirs_af_path: viirs_af_path
[2026-05-16 00:28:56] VIIRS Image Date: ['2018-08-19 00:00:00']
[2026-05-16 00:28:56] Weather image size: 1
[2026-05-16 00:28:56] Forecast duration: 2018-08-20 00:00:00 to 2018-08-21 00:00:00
[2026-05-16 00:28:57] Number of forecast images: 24
[2026-05-16 00:28:57] Using forecast run: 2018-08-19 18:00:00 UTC
[2026-05-16 00:28:57] Forecast Rain Available hours: [6, 7, 8, 9, 10, 11, 12, 13, 14, 15, 16, 17, 18, 19, 20, 21, 22, 23, 24, 25, 26, 27, 28, 29]
[2026-05-16 00:28:57] Valid hours for sum: [12, 18, 24, 29]
[2026-05-16 00:28:59] Drought composite end date: 2018-08-18 06:00:00
[2026-05-16 00:29:00] Land cover year: 2017
[2026-05-16 00:29:01] VIIRS Veg composite: 2018-07-20 → 2018-08-05
[2026-05-16 00:29:04] Started export task: fire_234_dynamic_2018-08-19
[2026-05-16 00:29:04] END: ----------Event fire_234----------- (Duration: 7.48m)
[2026-05-16 00:29:04] START: ----------Event fire_235-----------
[2026-05-16 00:29:05] ------ Processing date=2018-08-06 ------
[2026-05-16 00:29:05] Using viirs_af_path: viirs_af_path
[2026-05-16 00:29:05] VIIRS Image Date: ['2018-08-06 00:00:00']
[2026-05-16 00:29:05] Weather image size: 1
[2026-05-16 00:29:05] Forecast duration: 2018-08-07 00:00:00 to 2018-08-08 00:00:00
[2026-05-16 00:29:06] Number of forecast images: 24
[2026-05-16 00:29:06] Using forecast run: 2018-08-06 18:00:00 UTC
[2026-05-16 00:29:07] Forecast Rain Available hours: [6, 7, 8, 9, 10, 11, 12, 13, 14, 15, 16, 17, 18, 19, 20, 21, 22, 23, 24, 25, 26, 27, 28, 29]
[2026-05-16 00:29:07] Valid hours for sum: [12, 18, 24, 29]
[2026-05-16 00:29:08] Drought composite end date: 2018-08-03 06:00:00
[2026-05-16 00:29:08] Land cover year: 2017
[2026-05-16 00:29:09] VIIRS Veg composite: 2018-07-28 → 2018-08-13
[2026-05-16 00:29:12] Started export task: fire_235_static
[2026-05-16 00:29:13] Started export task: fire_235_dynamic_2018-08-06
[2026-05-16 00:29:14] ------ Processing date=2018-08-07 ------
[2026-05-16 00:29:14] Using viirs_af_path: viirs_af_path
[2026-05-16 00:29:14] VIIRS Image Date: ['2018-08-07 00:00:00']
[2026-05-16 00:29:14] Weather image size: 1
[2026-05-16 00:29:14] Forecast duration: 2018-08-08 00:00:00 to 2018-08-09 00:00:00
[2026-05-16 00:29:15] Number of forecast images: 24
[2026-05-16 00:29:15] Using forecast run: 2018-08-07 18:00:00 UTC
[2026-05-16 00:29:16] Forecast Rain Available hours: [6, 7, 8, 9, 10, 11, 12, 13, 14, 15, 16, 17, 18, 19, 20, 21, 22, 23, 24, 25, 26, 27, 28, 29]
[2026-05-16 00:29:16] Valid hours for sum: [12, 18, 24, 29]
[2026-05-16 00:29:18] Drought composite end date: 2018-08-03 06:00:00
[2026-05-16 00:29:18] Land cover year: 2017
[2026-05-16 00:29:19] VIIRS Veg composite: 2018-07-28 → 2018-08-13
[2026-05-16 00:29:23] Started export task: fire_235_dynamic_2018-08-07
[2026-05-16 00:29:23] ------ Processing date=2018-08-08 ------
[2026-05-16 00:29:23] Using viirs_af_path: viirs_af_path
[2026-05-16 00:29:24] VIIRS Image Date: ['2018-08-08 00:00:00']
[2026-05-16 00:29:25] Weather image size: 1
[2026-05-16 00:29:25] Forecast duration: 2018-08-09 00:00:00 to 2018-08-10 00:00:00
[2026-05-16 00:29:25] Number of forecast images: 24
[2026-05-16 00:29:25] Using forecast run: 2018-08-08 18:00:00 UTC
[2026-05-16 00:29:26] Forecast Rain Available hours: [6, 7, 8, 9, 10, 11, 12, 13, 14, 15, 16, 17, 18, 19, 20, 21, 22, 23, 24, 25, 26, 27, 28, 29]
[2026-05-16 00:29:26] Valid hours for sum: [12, 18, 24, 29]
[2026-05-16 00:29:28] Drought composite end date: 2018-08-03 06:00:00
[2026-05-16 00:29:29] Land cover year: 2017
[2026-05-16 00:29:30] VIIRS Veg composite: 2018-07-28 → 2018-08-13
[2026-05-16 00:29:34] Started export task: fire_235_dynamic_2018-08-08
[2026-05-16 00:29:35] ------ Processing date=2018-08-09 ------
[2026-05-16 00:29:35] Using viirs_af_path: viirs_af_path
[2026-05-16 00:29:36] VIIRS Image Date: ['2018-08-09 00:00:00']
[2026-05-16 00:29:36] Weather image size: 1
[2026-05-16 00:29:36] Forecast duration: 2018-08-10 00:00:00 to 2018-08-11 00:00:00
[2026-05-16 00:29:37] Number of forecast images: 24
[2026-05-16 00:29:37] Using forecast run: 2018-08-09 18:00:00 UTC
[2026-05-16 00:29:37] Forecast Rain Available hours: [6, 7, 8, 9, 10, 11, 12, 13, 14, 15, 16, 17, 18, 19, 20, 21, 22, 23, 24, 25, 26, 27, 28, 29]
[2026-05-16 00:29:37] Valid hours for sum: [12, 18, 24, 29]
[2026-05-16 00:29:39] Drought composite end date: 2018-08-08 06:00:00
[2026-05-16 00:29:39] Land cover year: 2017
[2026-05-16 00:29:40] VIIRS Veg composite: 2018-07-28 → 2018-08-13
[2026-05-16 00:29:45] Started export task: fire_235_dynamic_2018-08-09
[2026-05-16 00:29:45] ------ Processing date=2018-08-10 ------
[2026-05-16 00:29:45] Using viirs_af_path: viirs_af_path
[2026-05-16 00:29:45] VIIRS Image Date: ['2018-08-10 00:00:00']
[2026-05-16 00:29:46] Weather image size: 1
[2026-05-16 00:29:46] Forecast duration: 2018-08-11 00:00:00 to 2018-08-12 00:00:00
[2026-05-16 00:29:47] Number of forecast images: 24
[2026-05-16 00:29:47] Using forecast run: 2018-08-10 18:00:00 UTC
[2026-05-16 00:29:48] Forecast Rain Available hours: [6, 7, 8, 9, 10, 11, 12, 13, 14, 15, 16, 17, 18, 19, 20, 21, 22, 23, 24, 25, 26, 27, 28, 29]
[2026-05-16 00:29:48] Valid hours for sum: [12, 18, 24, 29]
[2026-05-16 00:29:49] Drought composite end date: 2018-08-08 06:00:00
[2026-05-16 00:29:50] Land cover year: 2017
[2026-05-16 00:29:51] VIIRS Veg composite: 2018-07-28 → 2018-08-13
[2026-05-16 00:29:53] Started export task: fire_235_dynamic_2018-08-10
[2026-05-16 00:29:54] ------ Processing date=2018-08-11 ------
[2026-05-16 00:29:54] Using viirs_af_path: viirs_af_path
[2026-05-16 00:29:54] VIIRS Image Date: ['2018-08-11 00:00:00']
[2026-05-16 00:29:54] Weather image size: 1
[2026-05-16 00:29:54] Forecast duration: 2018-08-12 00:00:00 to 2018-08-13 00:00:00
[2026-05-16 00:29:55] Number of forecast images: 24
[2026-05-16 00:29:55] Using forecast run: 2018-08-11 18:00:00 UTC
[2026-05-16 00:29:56] Forecast Rain Available hours: [6, 7, 8, 9, 10, 11, 12, 13, 14, 15, 16, 17, 18, 19, 20, 21, 22, 23, 24, 25, 26, 27, 28, 29]
[2026-05-16 00:29:56] Valid hours for sum: [12, 18, 24, 29]
[2026-05-16 00:29:58] Drought composite end date: 2018-08-08 06:00:00
[2026-05-16 00:29:58] Land cover year: 2017
[2026-05-16 00:29:59] VIIRS Veg composite: 2018-07-28 → 2018-08-13
[2026-05-16 00:30:03] Started export task: fire_235_dynamic_2018-08-11
[2026-05-16 00:30:04] ------ Processing date=2018-08-12 ------
[2026-05-16 00:30:04] Using viirs_af_path: viirs_af_path
[2026-05-16 00:30:04] VIIRS Image Date: ['2018-08-12 00:00:00']
[2026-05-16 00:30:04] Weather image size: 1
[2026-05-16 00:30:04] Forecast duration: 2018-08-13 00:00:00 to 2018-08-14 00:00:00
[2026-05-16 00:30:05] Number of forecast images: 24
[2026-05-16 00:30:05] Using forecast run: 2018-08-12 18:00:00 UTC
[2026-05-16 00:30:05] Forecast Rain Available hours: [6, 7, 8, 9, 10, 11, 12, 13, 14, 15, 16, 17, 18, 19, 20, 21, 22, 23, 24, 25, 26, 27, 28, 29]
[2026-05-16 00:30:05] Valid hours for sum: [12, 18, 24, 29]
[2026-05-16 00:30:08] Drought composite end date: 2018-08-08 06:00:00
[2026-05-16 00:30:09] Land cover year: 2017
[2026-05-16 00:30:09] VIIRS Veg composite: 2018-07-28 → 2018-08-13
[2026-05-16 00:30:13] Started export task: fire_235_dynamic_2018-08-12
[2026-05-16 00:30:13] ------ Processing date=2018-08-13 ------
[2026-05-16 00:30:13] Using viirs_af_path: viirs_af_path
[2026-05-16 00:30:13] VIIRS Image Date: ['2018-08-13 00:00:00']
[2026-05-16 00:30:14] Weather image size: 1
[2026-05-16 00:30:14] Forecast duration: 2018-08-14 00:00:00 to 2018-08-15 00:00:00
[2026-05-16 00:30:15] Number of forecast images: 24
[2026-05-16 00:30:15] Using forecast run: 2018-08-13 18:00:00 UTC
[2026-05-16 00:30:15] Forecast Rain Available hours: [6, 7, 8, 9, 10, 11, 12, 13, 14, 15, 16, 17, 18, 19, 20, 21, 22, 23, 24, 25, 26, 27, 28, 29]
[2026-05-16 00:30:15] Valid hours for sum: [12, 18, 24, 29]
[2026-05-16 00:30:18] Drought composite end date: 2018-08-08 06:00:00
[2026-05-16 00:30:18] Land cover year: 2017
[2026-05-16 00:30:19] VIIRS Veg composite: 2018-07-28 → 2018-08-13
[2026-05-16 00:30:24] Started export task: fire_235_dynamic_2018-08-13
[2026-05-16 00:30:24] ------ Processing date=2018-08-14 ------
[2026-05-16 00:30:24] Using viirs_af_path: viirs_af_path
[2026-05-16 00:30:24] VIIRS Image Date: ['2018-08-14 00:00:00']
[2026-05-16 00:30:24] Weather image size: 1
[2026-05-16 00:30:24] Forecast duration: 2018-08-15 00:00:00 to 2018-08-16 00:00:00
[2026-05-16 00:30:25] Number of forecast images: 24
[2026-05-16 00:30:25] Using forecast run: 2018-08-14 18:00:00 UTC
[2026-05-16 00:30:26] Forecast Rain Available hours: [6, 7, 8, 9, 10, 11, 12, 13, 14, 15, 16, 17, 18, 19, 20, 21, 22, 23, 24, 25, 26, 27, 28, 29]
[2026-05-16 00:30:26] Valid hours for sum: [12, 18, 24, 29]
[2026-05-16 00:30:29] Drought composite end date: 2018-08-13 06:00:00
[2026-05-16 00:30:29] Land cover year: 2017
[2026-05-16 00:30:30] VIIRS Veg composite: 2018-07-28 → 2018-08-13
[2026-05-16 00:30:33] Started export task: fire_235_dynamic_2018-08-14
[2026-05-16 00:30:33] ------ Processing date=2018-08-15 ------
[2026-05-16 00:30:33] Using viirs_af_path: viirs_af_path
[2026-05-16 00:30:33] VIIRS Image Date: ['2018-08-15 00:00:00']
[2026-05-16 00:30:33] Weather image size: 1
[2026-05-16 00:30:33] Forecast duration: 2018-08-16 00:00:00 to 2018-08-17 00:00:00
[2026-05-16 00:30:34] Number of forecast images: 24
[2026-05-16 00:30:34] Using forecast run: 2018-08-15 18:00:00 UTC
[2026-05-16 00:30:35] Forecast Rain Available hours: [6, 7, 8, 9, 10, 11, 12, 13, 14, 15, 16, 17, 18, 19, 20, 21, 22, 23, 24, 25, 26, 27, 28, 29]
[2026-05-16 00:30:35] Valid hours for sum: [12, 18, 24, 29]
[2026-05-16 00:30:37] Drought composite end date: 2018-08-13 06:00:00
[2026-05-16 00:30:37] Land cover year: 2017
[2026-05-16 00:30:38] VIIRS Veg composite: 2018-07-28 → 2018-08-13
[2026-05-16 00:30:41] Started export task: fire_235_dynamic_2018-08-15
[2026-05-16 00:30:42] ------ Processing date=2018-08-16 ------
[2026-05-16 00:30:42] Using viirs_af_path: viirs_af_path
[2026-05-16 00:30:42] VIIRS Image Date: ['2018-08-16 00:00:00']
[2026-05-16 00:30:42] Weather image size: 1
[2026-05-16 00:30:42] Forecast duration: 2018-08-17 00:00:00 to 2018-08-18 00:00:00
[2026-05-16 00:30:43] Number of forecast images: 24
[2026-05-16 00:30:43] Using forecast run: 2018-08-16 18:00:00 UTC
[2026-05-16 00:30:43] Forecast Rain Available hours: [6, 7, 8, 9, 10, 11, 12, 13, 14, 15, 16, 17, 18, 19, 20, 21, 22, 23, 24, 25, 26, 27, 28, 29]
[2026-05-16 00:30:43] Valid hours for sum: [12, 18, 24, 29]
[2026-05-16 00:30:46] Drought composite end date: 2018-08-13 06:00:00
[2026-05-16 00:30:46] Land cover year: 2017
[2026-05-16 00:30:47] VIIRS Veg composite: 2018-07-28 → 2018-08-13
[2026-05-16 00:30:52] Started export task: fire_235_dynamic_2018-08-16
[2026-05-16 00:30:52] ------ Processing date=2018-08-17 ------
[2026-05-16 00:30:52] Using viirs_af_path: viirs_af_path
[2026-05-16 00:30:52] VIIRS Image Date: ['2018-08-17 00:00:00']
[2026-05-16 00:30:53] Weather image size: 1
[2026-05-16 00:30:53] Forecast duration: 2018-08-18 00:00:00 to 2018-08-19 00:00:00
[2026-05-16 00:30:54] Number of forecast images: 24
[2026-05-16 00:30:54] Using forecast run: 2018-08-17 18:00:00 UTC
[2026-05-16 00:30:54] Forecast Rain Available hours: [6, 7, 8, 9, 10, 11, 12, 13, 14, 15, 16, 17, 18, 19, 20, 21, 22, 23, 24, 25, 26, 27, 28, 29]
[2026-05-16 00:30:54] Valid hours for sum: [12, 18, 24, 29]
[2026-05-16 00:30:56] Drought composite end date: 2018-08-13 06:00:00
[2026-05-16 00:30:56] Land cover year: 2017
[2026-05-16 00:30:57] VIIRS Veg composite: 2018-07-28 → 2018-08-13
[2026-05-16 00:31:00] Started export task: fire_235_dynamic_2018-08-17
[2026-05-16 00:31:01] ------ Processing date=2018-08-18 ------
[2026-05-16 00:31:01] Using viirs_af_path: viirs_af_path
[2026-05-16 00:31:01] VIIRS Image Date: ['2018-08-18 00:00:00']
[2026-05-16 00:31:01] Weather image size: 1
[2026-05-16 00:31:01] Forecast duration: 2018-08-19 00:00:00 to 2018-08-20 00:00:00
[2026-05-16 00:31:02] Number of forecast images: 24
[2026-05-16 00:31:02] Using forecast run: 2018-08-18 18:00:00 UTC
[2026-05-16 00:31:02] Forecast Rain Available hours: [6, 7, 8, 9, 10, 11, 12, 13, 14, 15, 16, 17, 18, 19, 20, 21, 22, 23, 24, 25, 26, 27, 28, 29]
[2026-05-16 00:31:02] Valid hours for sum: [12, 18, 24, 29]
[2026-05-16 00:31:05] Drought composite end date: 2018-08-13 06:00:00
[2026-05-16 00:31:05] Land cover year: 2017
[2026-05-16 00:31:06] VIIRS Veg composite: 2018-07-28 → 2018-08-13
[2026-05-16 00:31:09] Started export task: fire_235_dynamic_2018-08-18
[2026-05-16 00:31:09] ------ Processing date=2018-08-19 ------
[2026-05-16 00:31:09] Using viirs_af_path: viirs_af_path
[2026-05-16 00:31:10] VIIRS Image Date: ['2018-08-19 00:00:00']
[2026-05-16 00:31:10] Weather image size: 1
[2026-05-16 00:31:10] Forecast duration: 2018-08-20 00:00:00 to 2018-08-21 00:00:00
[2026-05-16 00:31:12] Number of forecast images: 24
[2026-05-16 00:31:12] Using forecast run: 2018-08-19 18:00:00 UTC
[2026-05-16 00:31:12] Forecast Rain Available hours: [6, 7, 8, 9, 10, 11, 12, 13, 14, 15, 16, 17, 18, 19, 20, 21, 22, 23, 24, 25, 26, 27, 28, 29]
[2026-05-16 00:31:12] Valid hours for sum: [12, 18, 24, 29]
[2026-05-16 00:31:13] Drought composite end date: 2018-08-18 06:00:00
[2026-05-16 00:31:14] Land cover year: 2017
[2026-05-16 00:31:15] VIIRS Veg composite: 2018-07-28 → 2018-08-13
[2026-05-16 00:31:18] Started export task: fire_235_dynamic_2018-08-19
[2026-05-16 00:31:19] ------ Processing date=2018-08-20 ------
[2026-05-16 00:31:19] Using viirs_af_path: viirs_af_path
[2026-05-16 00:31:19] VIIRS Image Date: ['2018-08-20 00:00:00']
[2026-05-16 00:31:19] Weather image size: 1
[2026-05-16 00:31:19] Forecast duration: 2018-08-21 00:00:00 to 2018-08-22 00:00:00
[2026-05-16 00:31:20] Number of forecast images: 24
[2026-05-16 00:31:20] Using forecast run: 2018-08-20 18:00:00 UTC
[2026-05-16 00:31:21] Forecast Rain Available hours: [6, 7, 8, 9, 10, 11, 12, 13, 14, 15, 16, 17, 18, 19, 20, 21, 22, 23, 24, 25, 26, 27, 28, 29]
[2026-05-16 00:31:21] Valid hours for sum: [12, 18, 24, 29]
[2026-05-16 00:31:22] Drought composite end date: 2018-08-18 06:00:00
[2026-05-16 00:31:23] Land cover year: 2017
[2026-05-16 00:31:23] VIIRS Veg composite: 2018-07-28 → 2018-08-13
[2026-05-16 00:31:26] Started export task: fire_235_dynamic_2018-08-20
[2026-05-16 00:31:27] ------ Processing date=2018-08-21 ------
[2026-05-16 00:31:27] Using viirs_af_path: viirs_af_path
[2026-05-16 00:31:27] VIIRS Image Date: ['2018-08-21 00:00:00']
[2026-05-16 00:31:28] Weather image size: 1
[2026-05-16 00:31:28] Forecast duration: 2018-08-22 00:00:00 to 2018-08-23 00:00:00
[2026-05-16 00:31:29] Number of forecast images: 24
[2026-05-16 00:31:29] Using forecast run: 2018-08-21 18:00:00 UTC
[2026-05-16 00:31:30] Forecast Rain Available hours: [6, 7, 8, 9, 10, 11, 12, 13, 14, 15, 16, 17, 18, 19, 20, 21, 22, 23, 24, 25, 26, 27, 28, 29]
[2026-05-16 00:31:30] Valid hours for sum: [12, 18, 24, 29]
[2026-05-16 00:31:32] Drought composite end date: 2018-08-18 06:00:00
[2026-05-16 00:31:32] Land cover year: 2017
[2026-05-16 00:31:33] VIIRS Veg composite: 2018-07-28 → 2018-08-13
[2026-05-16 00:31:35] Started export task: fire_235_dynamic_2018-08-21
[2026-05-16 00:31:36] ------ Processing date=2018-08-22 ------
[2026-05-16 00:31:36] Using viirs_af_path: viirs_af_path
[2026-05-16 00:31:36] VIIRS Image Date: ['2018-08-22 00:00:00']
[2026-05-16 00:31:36] Weather image size: 1
[2026-05-16 00:31:36] Forecast duration: 2018-08-23 00:00:00 to 2018-08-24 00:00:00
[2026-05-16 00:31:37] Number of forecast images: 24
[2026-05-16 00:31:37] Using forecast run: 2018-08-22 18:00:00 UTC
[2026-05-16 00:31:39] Forecast Rain Available hours: [6, 7, 8, 9, 10, 11, 12, 13, 14, 15, 16, 17, 18, 19, 20, 21, 22, 23, 24, 25, 26, 27, 28, 29]
[2026-05-16 00:31:39] Valid hours for sum: [12, 18, 24, 29]
[2026-05-16 00:31:41] Drought composite end date: 2018-08-18 06:00:00
[2026-05-16 00:31:41] Land cover year: 2017
[2026-05-16 00:31:42] VIIRS Veg composite: 2018-07-28 → 2018-08-13
[2026-05-16 00:31:46] Started export task: fire_235_dynamic_2018-08-22
[2026-05-16 00:31:46] ------ Processing date=2018-08-23 ------
[2026-05-16 00:31:46] Using viirs_af_path: viirs_af_path
[2026-05-16 00:31:47] VIIRS Image Date: ['2018-08-23 00:00:00']
[2026-05-16 00:31:47] Weather image size: 1
[2026-05-16 00:31:47] Forecast duration: 2018-08-24 00:00:00 to 2018-08-25 00:00:00
[2026-05-16 00:31:49] Number of forecast images: 24
[2026-05-16 00:31:49] Using forecast run: 2018-08-23 18:00:00 UTC
[2026-05-16 00:31:49] Forecast Rain Available hours: [6, 7, 8, 9, 10, 11, 12, 13, 14, 15, 16, 17, 18, 19, 20, 21, 22, 23, 24, 25, 26, 27, 28, 29]
[2026-05-16 00:31:49] Valid hours for sum: [12, 18, 24, 29]
[2026-05-16 00:31:52] Drought composite end date: 2018-08-18 06:00:00
[2026-05-16 00:31:52] Land cover year: 2017
[2026-05-16 00:31:53] VIIRS Veg composite: 2018-07-28 → 2018-08-13
[2026-05-16 00:31:56] Started export task: fire_235_dynamic_2018-08-23
[2026-05-16 00:31:56] ------ Processing date=2018-08-24 ------
[2026-05-16 00:31:56] Using viirs_af_path: viirs_af_path
[2026-05-16 00:31:56] VIIRS Image Date: ['2018-08-24 00:00:00']
[2026-05-16 00:31:57] Weather image size: 1
[2026-05-16 00:31:57] Forecast duration: 2018-08-25 00:00:00 to 2018-08-26 00:00:00
[2026-05-16 00:31:57] Number of forecast images: 24
[2026-05-16 00:31:57] Using forecast run: 2018-08-24 18:00:00 UTC
[2026-05-16 00:31:58] Forecast Rain Available hours: [6, 7, 8, 9, 10, 11, 12, 13, 14, 15, 16, 17, 18, 19, 20, 21, 22, 23, 24, 25, 26, 27, 28, 29]
[2026-05-16 00:31:58] Valid hours for sum: [12, 18, 24, 29]
[2026-05-16 00:32:00] Drought composite end date: 2018-08-23 06:00:00
[2026-05-16 00:32:00] Land cover year: 2017
[2026-05-16 00:32:01] VIIRS Veg composite: 2018-07-28 → 2018-08-13
[2026-05-16 00:32:04] Started export task: fire_235_dynamic_2018-08-24
[2026-05-16 00:32:04] ------ Processing date=2018-08-25 ------
[2026-05-16 00:32:04] Using viirs_af_path: viirs_af_path
[2026-05-16 00:32:04] VIIRS Image Date: ['2018-08-25 00:00:00']
[2026-05-16 00:32:05] Weather image size: 1
[2026-05-16 00:32:05] Forecast duration: 2018-08-26 00:00:00 to 2018-08-27 00:00:00
[2026-05-16 00:32:05] Number of forecast images: 24
[2026-05-16 00:32:05] Using forecast run: 2018-08-25 18:00:00 UTC
[2026-05-16 00:32:06] Forecast Rain Available hours: [6, 7, 8, 9, 10, 11, 12, 13, 14, 15, 16, 17, 18, 19, 20, 21, 22, 23, 24, 25, 26, 27, 28, 29]
[2026-05-16 00:32:06] Valid hours for sum: [12, 18, 24, 29]
[2026-05-16 00:32:08] Drought composite end date: 2018-08-23 06:00:00
[2026-05-16 00:32:08] Land cover year: 2017
[2026-05-16 00:32:09] VIIRS Veg composite: 2018-07-28 → 2018-08-13
[2026-05-16 00:32:13] Started export task: fire_235_dynamic_2018-08-25
[2026-05-16 00:32:13] ------ Processing date=2018-08-26 ------
[2026-05-16 00:32:13] Using viirs_af_path: viirs_af_path
[2026-05-16 00:32:13] VIIRS Image Date: ['2018-08-26 00:00:00']
[2026-05-16 00:32:14] Weather image size: 1
[2026-05-16 00:32:14] Forecast duration: 2018-08-27 00:00:00 to 2018-08-28 00:00:00
[2026-05-16 00:32:14] Number of forecast images: 24
[2026-05-16 00:32:14] Using forecast run: 2018-08-26 18:00:00 UTC
[2026-05-16 00:32:15] Forecast Rain Available hours: [6, 7, 8, 9, 10, 11, 12, 13, 14, 15, 16, 17, 18, 19, 20, 21, 22, 23, 24, 25, 26, 27, 28, 29]
[2026-05-16 00:32:15] Valid hours for sum: [12, 18, 24, 29]
[2026-05-16 00:32:17] Drought composite end date: 2018-08-23 06:00:00
[2026-05-16 00:32:17] Land cover year: 2017
[2026-05-16 00:32:18] VIIRS Veg composite: 2018-07-28 → 2018-08-13
[2026-05-16 00:32:22] Started export task: fire_235_dynamic_2018-08-26
[2026-05-16 00:32:23] ------ Processing date=2018-08-27 ------
[2026-05-16 00:32:23] Using viirs_af_path: viirs_af_path
[2026-05-16 00:32:23] VIIRS Image Date: ['2018-08-27 00:00:00']
[2026-05-16 00:32:23] Weather image size: 1
[2026-05-16 00:32:23] Forecast duration: 2018-08-28 00:00:00 to 2018-08-29 00:00:00
[2026-05-16 00:32:24] Number of forecast images: 24
[2026-05-16 00:32:24] Using forecast run: 2018-08-27 18:00:00 UTC
[2026-05-16 00:32:25] Forecast Rain Available hours: [6, 7, 8, 9, 10, 11, 12, 13, 14, 15, 16, 17, 18, 19, 20, 21, 22, 23, 24, 25, 26, 27, 28, 29]
[2026-05-16 00:32:25] Valid hours for sum: [12, 18, 24, 29]
[2026-05-16 00:32:27] Drought composite end date: 2018-08-23 06:00:00
[2026-05-16 00:32:27] Land cover year: 2017
[2026-05-16 00:32:28] VIIRS Veg composite: 2018-07-28 → 2018-08-13
[2026-05-16 00:32:32] Started export task: fire_235_dynamic_2018-08-27
[2026-05-16 00:32:32] ------ Processing date=2018-08-28 ------
[2026-05-16 00:32:32] Using viirs_af_path: viirs_af_path
[2026-05-16 00:32:33] VIIRS Image Date: ['2018-08-28 00:00:00']
[2026-05-16 00:32:33] Weather image size: 1
[2026-05-16 00:32:33] Forecast duration: 2018-08-29 00:00:00 to 2018-08-30 00:00:00
[2026-05-16 00:32:34] Number of forecast images: 24
[2026-05-16 00:32:34] Using forecast run: 2018-08-28 18:00:00 UTC
[2026-05-16 00:32:34] Forecast Rain Available hours: [6, 7, 8, 9, 10, 11, 12, 13, 14, 15, 16, 17, 18, 19, 20, 21, 22, 23, 24, 25, 26, 27, 28, 29]
[2026-05-16 00:32:34] Valid hours for sum: [12, 18, 24, 29]
[2026-05-16 00:32:36] Drought composite end date: 2018-08-23 06:00:00
[2026-05-16 00:32:37] Land cover year: 2017
[2026-05-16 00:32:38] VIIRS Veg composite: 2018-07-28 → 2018-08-13
[2026-05-16 00:32:41] Started export task: fire_235_dynamic_2018-08-28
[2026-05-16 00:32:41] ------ Processing date=2018-08-29 ------
[2026-05-16 00:32:41] Using viirs_af_path: viirs_af_path
[2026-05-16 00:32:41] VIIRS Image Date: ['2018-08-29 00:00:00']
[2026-05-16 00:32:42] Weather image size: 1
[2026-05-16 00:32:42] Forecast duration: 2018-08-30 00:00:00 to 2018-08-31 00:00:00
[2026-05-16 00:32:43] Number of forecast images: 24
[2026-05-16 00:32:43] Using forecast run: 2018-08-29 18:00:00 UTC
[2026-05-16 00:32:44] Forecast Rain Available hours: [6, 7, 8, 9, 10, 11, 12, 13, 14, 15, 16, 17, 18, 19, 20, 21, 22, 23, 24, 25, 26, 27, 28, 29]
[2026-05-16 00:32:44] Valid hours for sum: [12, 18, 24, 29]
[2026-05-16 00:32:46] Drought composite end date: 2018-08-28 06:00:00
[2026-05-16 00:32:47] Land cover year: 2017
[2026-05-16 00:32:48] VIIRS Veg composite: 2018-07-28 → 2018-08-13
[2026-05-16 00:32:52] Started export task: fire_235_dynamic_2018-08-29
[2026-05-16 00:32:52] ------ Processing date=2018-08-30 ------
[2026-05-16 00:32:52] Using viirs_af_path: viirs_af_path
[2026-05-16 00:32:53] VIIRS Image Date: ['2018-08-30 00:00:00']
[2026-05-16 00:32:53] Weather image size: 1
[2026-05-16 00:32:53] Forecast duration: 2018-08-31 00:00:00 to 2018-09-01 00:00:00
[2026-05-16 00:32:54] Number of forecast images: 24
[2026-05-16 00:32:54] Using forecast run: 2018-08-30 18:00:00 UTC
[2026-05-16 00:32:54] Forecast Rain Available hours: [6, 7, 8, 9, 10, 11, 12, 13, 14, 15, 16, 17, 18, 19, 20, 21, 22, 23, 24, 25, 26, 27, 28, 29]
[2026-05-16 00:32:54] Valid hours for sum: [12, 18, 24, 29]
[2026-05-16 00:32:56] Drought composite end date: 2018-08-28 06:00:00
[2026-05-16 00:32:57] Land cover year: 2017
[2026-05-16 00:32:58] VIIRS Veg composite: 2018-07-28 → 2018-08-13
[2026-05-16 00:33:01] Started export task: fire_235_dynamic_2018-08-30
[2026-05-16 00:33:02] ------ Processing date=2018-08-31 ------
[2026-05-16 00:33:02] Using viirs_af_path: viirs_af_path
[2026-05-16 00:33:02] VIIRS Image Date: ['2018-08-31 00:00:00']
[2026-05-16 00:33:02] Weather image size: 1
[2026-05-16 00:33:02] Forecast duration: 2018-09-01 00:00:00 to 2018-09-02 00:00:00
[2026-05-16 00:33:03] Number of forecast images: 24
[2026-05-16 00:33:03] Using forecast run: 2018-08-31 18:00:00 UTC
[2026-05-16 00:33:04] Forecast Rain Available hours: [6, 7, 8, 9, 10, 11, 12, 13, 14, 15, 16, 17, 18, 19, 20, 21, 22, 23, 24, 25, 26, 27, 28, 29]
[2026-05-16 00:33:04] Valid hours for sum: [12, 18, 24, 29]
[2026-05-16 00:33:06] Drought composite end date: 2018-08-28 06:00:00
[2026-05-16 00:33:07] Land cover year: 2017
[2026-05-16 00:33:08] VIIRS Veg composite: 2018-07-28 → 2018-08-13
[2026-05-16 00:33:11] Started export task: fire_235_dynamic_2018-08-31
[2026-05-16 00:33:12] ------ Processing date=2018-09-01 ------
[2026-05-16 00:33:12] Using viirs_af_path: viirs_af_path
[2026-05-16 00:33:12] VIIRS Image Date: ['2018-09-01 00:00:00']
[2026-05-16 00:33:12] Weather image size: 1
[2026-05-16 00:33:12] Forecast duration: 2018-09-02 00:00:00 to 2018-09-03 00:00:00
[2026-05-16 00:33:13] Number of forecast images: 24
[2026-05-16 00:33:13] Using forecast run: 2018-09-01 18:00:00 UTC
[2026-05-16 00:33:13] Forecast Rain Available hours: [6, 7, 8, 9, 10, 11, 12, 13, 14, 15, 16, 17, 18, 19, 20, 21, 22, 23, 24, 25, 26, 27, 28, 29]
[2026-05-16 00:33:13] Valid hours for sum: [12, 18, 24, 29]
[2026-05-16 00:33:15] Drought composite end date: 2018-08-28 06:00:00
[2026-05-16 00:33:15] Land cover year: 2017
[2026-05-16 00:33:16] VIIRS Veg composite: 2018-07-28 → 2018-08-13
[2026-05-16 00:33:20] Started export task: fire_235_dynamic_2018-09-01
[2026-05-16 00:33:20] ------ Processing date=2018-09-02 ------
[2026-05-16 00:33:20] Using viirs_af_path: viirs_af_path
[2026-05-16 00:33:21] VIIRS Image Date: ['2018-09-02 00:00:00']
[2026-05-16 00:33:21] Weather image size: 1
[2026-05-16 00:33:21] Forecast duration: 2018-09-03 00:00:00 to 2018-09-04 00:00:00
[2026-05-16 00:33:22] Number of forecast images: 24
[2026-05-16 00:33:22] Using forecast run: 2018-09-02 18:00:00 UTC
[2026-05-16 00:33:22] Forecast Rain Available hours: [6, 7, 8, 9, 10, 11, 12, 13, 14, 15, 16, 17, 18, 19, 20, 21, 22, 23, 24, 25, 26, 27, 28, 29]
[2026-05-16 00:33:22] Valid hours for sum: [12, 18, 24, 29]
[2026-05-16 00:33:24] Drought composite end date: 2018-08-28 06:00:00
[2026-05-16 00:33:24] Land cover year: 2017
[2026-05-16 00:33:25] VIIRS Veg composite: 2018-07-28 → 2018-08-13
[2026-05-16 00:33:30] Started export task: fire_235_dynamic_2018-09-02
[2026-05-16 00:33:30] ------ Processing date=2018-09-03 ------
[2026-05-16 00:33:30] Using viirs_af_path: viirs_af_path
[2026-05-16 00:33:30] VIIRS Image Date: ['2018-09-03 00:00:00']
[2026-05-16 00:33:31] Weather image size: 1
[2026-05-16 00:33:31] Forecast duration: 2018-09-04 00:00:00 to 2018-09-05 00:00:00
[2026-05-16 00:33:36] Number of forecast images: 24
[2026-05-16 00:33:36] Using forecast run: 2018-09-03 18:00:00 UTC
[2026-05-16 00:33:37] Forecast Rain Available hours: [6, 7, 8, 9, 10, 11, 12, 13, 14, 15, 16, 17, 18, 19, 20, 21, 22, 23, 24, 25, 26, 27, 28, 29]
[2026-05-16 00:33:37] Valid hours for sum: [12, 18, 24, 29]
[2026-05-16 00:33:39] Drought composite end date: 2018-09-02 06:00:00
[2026-05-16 00:33:39] Land cover year: 2017
[2026-05-16 00:33:40] VIIRS Veg composite: 2018-07-28 → 2018-08-13
[2026-05-16 00:33:43] Started export task: fire_235_dynamic_2018-09-03
[2026-05-16 00:33:44] ------ Processing date=2018-09-04 ------
[2026-05-16 00:33:44] Using viirs_af_path: viirs_af_path
[2026-05-16 00:33:44] VIIRS Image Date: ['2018-09-04 00:00:00']
[2026-05-16 00:33:44] Weather image size: 1
[2026-05-16 00:33:44] Forecast duration: 2018-09-05 00:00:00 to 2018-09-06 00:00:00
[2026-05-16 00:33:46] Number of forecast images: 24
[2026-05-16 00:33:46] Using forecast run: 2018-09-04 18:00:00 UTC
[2026-05-16 00:33:46] Forecast Rain Available hours: [6, 7, 8, 9, 10, 11, 12, 13, 14, 15, 16, 17, 18, 19, 20, 21, 22, 23, 24, 25, 26, 27, 28, 29]
[2026-05-16 00:33:46] Valid hours for sum: [12, 18, 24, 29]
[2026-05-16 00:33:48] Drought composite end date: 2018-09-02 06:00:00
[2026-05-16 00:33:48] Land cover year: 2017
[2026-05-16 00:33:49] VIIRS Veg composite: 2018-07-28 → 2018-08-13
[2026-05-16 00:33:52] Started export task: fire_235_dynamic_2018-09-04
[2026-05-16 00:33:53] ------ Processing date=2018-09-05 ------
[2026-05-16 00:33:53] Using viirs_af_path: viirs_af_path
[2026-05-16 00:33:53] VIIRS Image Date: ['2018-09-05 00:00:00']
[2026-05-16 00:33:53] Weather image size: 1
[2026-05-16 00:33:53] Forecast duration: 2018-09-06 00:00:00 to 2018-09-07 00:00:00
[2026-05-16 00:33:54] Number of forecast images: 24
[2026-05-16 00:33:54] Using forecast run: 2018-09-05 18:00:00 UTC
[2026-05-16 00:33:54] Forecast Rain Available hours: [6, 7, 8, 9, 10, 11, 12, 13, 14, 15, 16, 17, 18, 19, 20, 21, 22, 23, 24, 25, 26, 27, 28, 29]
[2026-05-16 00:33:54] Valid hours for sum: [12, 18, 24, 29]
[2026-05-16 00:33:56] Drought composite end date: 2018-09-02 06:00:00
[2026-05-16 00:33:56] Land cover year: 2017
[2026-05-16 00:33:57] VIIRS Veg composite: 2018-07-28 → 2018-08-13
[2026-05-16 00:34:01] Started export task: fire_235_dynamic_2018-09-05
[2026-05-16 00:34:01] ------ Processing date=2018-09-06 ------
[2026-05-16 00:34:01] Using viirs_af_path: viirs_af_path
[2026-05-16 00:34:02] VIIRS Image Date: ['2018-09-06 00:00:00']
[2026-05-16 00:34:02] Weather image size: 1
[2026-05-16 00:34:02] Forecast duration: 2018-09-07 00:00:00 to 2018-09-08 00:00:00
[2026-05-16 00:34:03] Number of forecast images: 24
[2026-05-16 00:34:03] Using forecast run: 2018-09-06 18:00:00 UTC
[2026-05-16 00:34:04] Forecast Rain Available hours: [6, 7, 8, 9, 10, 11, 12, 13, 14, 15, 16, 17, 18, 19, 20, 21, 22, 23, 24, 25, 26, 27, 28, 29]
[2026-05-16 00:34:04] Valid hours for sum: [12, 18, 24, 29]
[2026-05-16 00:34:06] Drought composite end date: 2018-09-02 06:00:00
[2026-05-16 00:34:06] Land cover year: 2017
[2026-05-16 00:34:08] VIIRS Veg composite: 2018-07-28 → 2018-08-13
[2026-05-16 00:34:12] Started export task: fire_235_dynamic_2018-09-06
[2026-05-16 00:34:12] ------ Processing date=2018-09-07 ------
[2026-05-16 00:34:12] Using viirs_af_path: viirs_af_path
[2026-05-16 00:34:13] VIIRS Image Date: ['2018-09-07 00:00:00']
[2026-05-16 00:34:13] Weather image size: 1
[2026-05-16 00:34:13] Forecast duration: 2018-09-08 00:00:00 to 2018-09-09 00:00:00
[2026-05-16 00:34:14] Number of forecast images: 24
[2026-05-16 00:34:14] Using forecast run: 2018-09-07 18:00:00 UTC
[2026-05-16 00:34:15] Forecast Rain Available hours: [6, 7, 8, 9, 10, 11, 12, 13, 14, 15, 16, 17, 18, 19, 20, 21, 22, 23, 24, 25, 26, 27, 28, 29]
[2026-05-16 00:34:15] Valid hours for sum: [12, 18, 24, 29]
[2026-05-16 00:34:16] Drought composite end date: 2018-09-02 06:00:00
[2026-05-16 00:34:17] Land cover year: 2017
[2026-05-16 00:34:17] VIIRS Veg composite: 2018-07-28 → 2018-08-13
[2026-05-16 00:34:21] Started export task: fire_235_dynamic_2018-09-07
[2026-05-16 00:34:21] ------ Processing date=2018-09-08 ------
[2026-05-16 00:34:21] Using viirs_af_path: viirs_af_path
[2026-05-16 00:34:22] VIIRS Image Date: ['2018-09-08 00:00:00']
[2026-05-16 00:34:22] Weather image size: 1
[2026-05-16 00:34:22] Forecast duration: 2018-09-09 00:00:00 to 2018-09-10 00:00:00
[2026-05-16 00:34:23] Number of forecast images: 24
[2026-05-16 00:34:23] Using forecast run: 2018-09-08 18:00:00 UTC
[2026-05-16 00:34:24] Forecast Rain Available hours: [6, 7, 8, 9, 10, 11, 12, 13, 14, 15, 16, 17, 18, 19, 20, 21, 22, 23, 24, 25, 26, 27, 28, 29]
[2026-05-16 00:34:24] Valid hours for sum: [12, 18, 24, 29]
[2026-05-16 00:34:26] Drought composite end date: 2018-09-07 06:00:00
[2026-05-16 00:34:27] Land cover year: 2017
[2026-05-16 00:34:28] VIIRS Veg composite: 2018-07-28 → 2018-08-13
[2026-05-16 00:34:31] Started export task: fire_235_dynamic_2018-09-08
[2026-05-16 00:34:31] ------ Processing date=2018-09-09 ------
[2026-05-16 00:34:31] Using viirs_af_path: viirs_af_path
[2026-05-16 00:34:32] VIIRS Image Date: ['2018-09-09 00:00:00']
[2026-05-16 00:34:32] Weather image size: 1
[2026-05-16 00:34:32] Forecast duration: 2018-09-10 00:00:00 to 2018-09-11 00:00:00
[2026-05-16 00:34:32] Number of forecast images: 24
[2026-05-16 00:34:32] Using forecast run: 2018-09-09 18:00:00 UTC
[2026-05-16 00:34:33] Forecast Rain Available hours: [6, 7, 8, 9, 10, 11, 12, 13, 14, 15, 16, 17, 18, 19, 20, 21, 22, 23, 24, 25, 26, 27, 28, 29]
[2026-05-16 00:34:33] Valid hours for sum: [12, 18, 24, 29]
[2026-05-16 00:34:35] Drought composite end date: 2018-09-07 06:00:00
[2026-05-16 00:34:36] Land cover year: 2017
[2026-05-16 00:34:36] VIIRS Veg composite: 2018-07-28 → 2018-08-13
[2026-05-16 00:34:41] Started export task: fire_235_dynamic_2018-09-09
[2026-05-16 00:34:42] ------ Processing date=2018-09-10 ------
[2026-05-16 00:34:42] Using viirs_af_path: viirs_af_path
[2026-05-16 00:34:42] VIIRS Image Date: ['2018-09-10 00:00:00']
[2026-05-16 00:34:43] Weather image size: 1
[2026-05-16 00:34:43] Forecast duration: 2018-09-11 00:00:00 to 2018-09-12 00:00:00
[2026-05-16 00:34:44] Number of forecast images: 24
[2026-05-16 00:34:44] Using forecast run: 2018-09-10 18:00:00 UTC
[2026-05-16 00:34:44] Forecast Rain Available hours: [6, 7, 8, 9, 10, 11, 12, 13, 14, 15, 16, 17, 18, 19, 20, 21, 22, 23, 24, 25, 26, 27, 28, 29]
[2026-05-16 00:34:44] Valid hours for sum: [12, 18, 24, 29]
[2026-05-16 00:34:45] Drought composite end date: 2018-09-07 06:00:00
[2026-05-16 00:34:46] Land cover year: 2017
[2026-05-16 00:34:47] VIIRS Veg composite: 2018-07-28 → 2018-08-13
[2026-05-16 00:34:52] Started export task: fire_235_dynamic_2018-09-10
[2026-05-16 00:34:53] ------ Processing date=2018-09-11 ------
[2026-05-16 00:34:53] Using viirs_af_path: viirs_af_path
[2026-05-16 00:34:53] VIIRS Image Date: ['2018-09-11 00:00:00']
[2026-05-16 00:38:48] Weather image size: 1
[2026-05-16 00:38:48] Forecast duration: 2018-09-12 00:00:00 to 2018-09-13 00:00:00
[2026-05-16 00:38:49] Number of forecast images: 24
[2026-05-16 00:38:49] Using forecast run: 2018-09-11 18:00:00 UTC
[2026-05-16 00:38:50] Forecast Rain Available hours: [6, 7, 8, 9, 10, 11, 12, 13, 14, 15, 16, 17, 18, 19, 20, 21, 22, 23, 24, 25, 26, 27, 28, 29]
[2026-05-16 00:38:50] Valid hours for sum: [12, 18, 24, 29]
[2026-05-16 00:38:51] Drought composite end date: 2018-09-07 06:00:00
[2026-05-16 00:38:51] Land cover year: 2017
[2026-05-16 00:38:52] VIIRS Veg composite: 2018-07-28 → 2018-08-13
[2026-05-16 00:38:55] Started export task: fire_235_dynamic_2018-09-11
[2026-05-16 00:38:55] ------ Processing date=2018-09-12 ------
[2026-05-16 00:38:55] Using viirs_af_path: viirs_af_path
[2026-05-16 00:38:56] VIIRS Image Date: ['2018-09-12 00:00:00']
[2026-05-16 00:38:56] Weather image size: 1
[2026-05-16 00:38:56] Forecast duration: 2018-09-13 00:00:00 to 2018-09-14 00:00:00
[2026-05-16 00:38:58] Number of forecast images: 24
[2026-05-16 00:38:58] Using forecast run: 2018-09-12 18:00:00 UTC
[2026-05-16 00:38:59] Forecast Rain Available hours: [6, 7, 8, 9, 10, 11, 12, 13, 14, 15, 16, 17, 18, 19, 20, 21, 22, 23, 24, 25, 26, 27, 28, 29]
[2026-05-16 00:38:59] Valid hours for sum: [12, 18, 24, 29]
[2026-05-16 00:39:01] Drought composite end date: 2018-09-07 06:00:00
[2026-05-16 00:39:01] Land cover year: 2017
[2026-05-16 00:39:02] VIIRS Veg composite: 2018-07-28 → 2018-08-13
[2026-05-16 00:39:06] Started export task: fire_235_dynamic_2018-09-12
[2026-05-16 00:39:07] ------ Processing date=2018-09-13 ------
[2026-05-16 00:39:07] Using viirs_af_path: viirs_af_path
[2026-05-16 00:39:07] VIIRS Image Date: ['2018-09-13 00:00:00']
[2026-05-16 00:39:07] Weather image size: 1
[2026-05-16 00:39:07] Forecast duration: 2018-09-14 00:00:00 to 2018-09-15 00:00:00
[2026-05-16 00:39:08] Number of forecast images: 24
[2026-05-16 00:39:08] Using forecast run: 2018-09-13 18:00:00 UTC
[2026-05-16 00:39:09] Forecast Rain Available hours: [6, 7, 8, 9, 10, 11, 12, 13, 14, 15, 16, 17, 18, 19, 20, 21, 22, 23, 24, 25, 26, 27, 28, 29]
[2026-05-16 00:39:09] Valid hours for sum: [12, 18, 24, 29]
[2026-05-16 00:39:11] Drought composite end date: 2018-09-12 06:00:00
[2026-05-16 00:39:11] Land cover year: 2017
[2026-05-16 00:39:12] VIIRS Veg composite: 2018-07-28 → 2018-08-13
[2026-05-16 00:39:15] Started export task: fire_235_dynamic_2018-09-13
[2026-05-16 00:39:16] ------ Processing date=2018-09-14 ------
[2026-05-16 00:39:16] Using viirs_af_path: viirs_af_path
[2026-05-16 00:39:16] VIIRS Image Date: ['2018-09-14 00:00:00']
[2026-05-16 00:39:17] Weather image size: 1
[2026-05-16 00:39:17] Forecast duration: 2018-09-15 00:00:00 to 2018-09-16 00:00:00
[2026-05-16 00:39:18] Number of forecast images: 24
[2026-05-16 00:39:18] Using forecast run: 2018-09-14 18:00:00 UTC
[2026-05-16 00:39:18] Forecast Rain Available hours: [6, 7, 8, 9, 10, 11, 12, 13, 14, 15, 16, 17, 18, 19, 20, 21, 22, 23, 24, 25, 26, 27, 28, 29]
[2026-05-16 00:39:18] Valid hours for sum: [12, 18, 24, 29]
[2026-05-16 00:39:20] Drought composite end date: 2018-09-12 06:00:00
[2026-05-16 00:39:21] Land cover year: 2017
[2026-05-16 00:39:22] VIIRS Veg composite: 2018-07-28 → 2018-08-13
[2026-05-16 00:39:27] Started export task: fire_235_dynamic_2018-09-14
[2026-05-16 00:39:28] ------ Processing date=2018-09-15 ------
[2026-05-16 00:39:28] Using viirs_af_path: viirs_af_path
[2026-05-16 00:39:28] VIIRS Image Date: ['2018-09-15 00:00:00']
[2026-05-16 00:39:28] Weather image size: 1
[2026-05-16 00:39:28] Forecast duration: 2018-09-16 00:00:00 to 2018-09-17 00:00:00
[2026-05-16 00:39:29] Number of forecast images: 24
[2026-05-16 00:39:29] Using forecast run: 2018-09-15 18:00:00 UTC
[2026-05-16 00:39:30] Forecast Rain Available hours: [6, 7, 8, 9, 10, 11, 12, 13, 14, 15, 16, 17, 18, 19, 20, 21, 22, 23, 24, 25, 26, 27, 28, 29]
[2026-05-16 00:39:30] Valid hours for sum: [12, 18, 24, 29]
[2026-05-16 00:39:31] Drought composite end date: 2018-09-12 06:00:00
[2026-05-16 00:39:31] Land cover year: 2017
[2026-05-16 00:39:32] VIIRS Veg composite: 2018-07-28 → 2018-08-13
[2026-05-16 00:39:36] Started export task: fire_235_dynamic_2018-09-15
[2026-05-16 00:39:36] END: ----------Event fire_235----------- (Duration: 10.53m)
[2026-05-16 00:39:36] START: ----------Event fire_236-----------
[2026-05-16 00:39:36] ------ Processing date=2018-08-08 ------
[2026-05-16 00:39:36] Using viirs_af_path: viirs_af_path
[2026-05-16 00:39:37] VIIRS Image Date: ['2018-08-08 00:00:00']
[2026-05-16 00:39:37] Weather image size: 1
[2026-05-16 00:39:37] Forecast duration: 2018-08-09 00:00:00 to 2018-08-10 00:00:00
[2026-05-16 00:39:39] Number of forecast images: 24
[2026-05-16 00:39:39] Using forecast run: 2018-08-08 18:00:00 UTC
[2026-05-16 00:39:39] Forecast Rain Available hours: [6, 7, 8, 9, 10, 11, 12, 13, 14, 15, 16, 17, 18, 19, 20, 21, 22, 23, 24, 25, 26, 27, 28, 29]
[2026-05-16 00:39:39] Valid hours for sum: [12, 18, 24, 29]
[2026-05-16 00:39:41] Drought composite end date: 2018-08-03 06:00:00
[2026-05-16 00:39:41] Land cover year: 2017
[2026-05-16 00:39:42] VIIRS Veg composite: 2018-07-28 → 2018-08-13
[2026-05-16 00:39:45] Started export task: fire_236_static
[2026-05-16 00:39:45] Started export task: fire_236_dynamic_2018-08-08
[2026-05-16 00:39:45] ------ Processing date=2018-08-09 ------
[2026-05-16 00:39:45] Using viirs_af_path: viirs_af_path
[2026-05-16 00:39:46] VIIRS Image Date: ['2018-08-09 00:00:00']
[2026-05-16 00:39:46] Weather image size: 1
[2026-05-16 00:39:46] Forecast duration: 2018-08-10 00:00:00 to 2018-08-11 00:00:00
[2026-05-16 00:39:47] Number of forecast images: 24
[2026-05-16 00:39:47] Using forecast run: 2018-08-09 18:00:00 UTC
[2026-05-16 00:39:47] Forecast Rain Available hours: [6, 7, 8, 9, 10, 11, 12, 13, 14, 15, 16, 17, 18, 19, 20, 21, 22, 23, 24, 25, 26, 27, 28, 29]
[2026-05-16 00:39:47] Valid hours for sum: [12, 18, 24, 29]
[2026-05-16 00:39:49] Drought composite end date: 2018-08-08 06:00:00
[2026-05-16 00:39:50] Land cover year: 2017
[2026-05-16 00:39:51] VIIRS Veg composite: 2018-07-28 → 2018-08-13
[2026-05-16 00:39:54] Started export task: fire_236_dynamic_2018-08-09
[2026-05-16 00:39:55] ------ Processing date=2018-08-10 ------
[2026-05-16 00:39:55] Using viirs_af_path: viirs_af_path
[2026-05-16 00:39:55] VIIRS Image Date: ['2018-08-10 00:00:00']
[2026-05-16 00:39:55] Weather image size: 1
[2026-05-16 00:39:56] Forecast duration: 2018-08-11 00:00:00 to 2018-08-12 00:00:00
[2026-05-16 00:39:56] Number of forecast images: 24
[2026-05-16 00:39:56] Using forecast run: 2018-08-10 18:00:00 UTC
[2026-05-16 00:39:57] Forecast Rain Available hours: [6, 7, 8, 9, 10, 11, 12, 13, 14, 15, 16, 17, 18, 19, 20, 21, 22, 23, 24, 25, 26, 27, 28, 29]
[2026-05-16 00:39:57] Valid hours for sum: [12, 18, 24, 29]
[2026-05-16 00:39:59] Drought composite end date: 2018-08-08 06:00:00
[2026-05-16 00:39:59] Land cover year: 2017
[2026-05-16 00:40:00] VIIRS Veg composite: 2018-07-28 → 2018-08-13
[2026-05-16 00:40:02] Started export task: fire_236_dynamic_2018-08-10
[2026-05-16 00:40:03] ------ Processing date=2018-08-11 ------
[2026-05-16 00:40:03] Using viirs_af_path: viirs_af_path
[2026-05-16 00:40:03] VIIRS Image Date: ['2018-08-11 00:00:00']
[2026-05-16 00:40:03] Weather image size: 1
[2026-05-16 00:40:03] Forecast duration: 2018-08-12 00:00:00 to 2018-08-13 00:00:00
[2026-05-16 00:40:04] Number of forecast images: 24
[2026-05-16 00:40:04] Using forecast run: 2018-08-11 18:00:00 UTC
[2026-05-16 00:40:05] Forecast Rain Available hours: [6, 7, 8, 9, 10, 11, 12, 13, 14, 15, 16, 17, 18, 19, 20, 21, 22, 23, 24, 25, 26, 27, 28, 29]
[2026-05-16 00:40:05] Valid hours for sum: [12, 18, 24, 29]
[2026-05-16 00:40:06] Drought composite end date: 2018-08-08 06:00:00
[2026-05-16 00:40:07] Land cover year: 2017
[2026-05-16 00:40:08] VIIRS Veg composite: 2018-07-28 → 2018-08-13
[2026-05-16 00:40:12] Started export task: fire_236_dynamic_2018-08-11
[2026-05-16 00:40:13] ------ Processing date=2018-08-12 ------
[2026-05-16 00:40:13] Using viirs_af_path: viirs_af_path
[2026-05-16 00:40:13] VIIRS Image Date: ['2018-08-12 00:00:00']
[2026-05-16 00:40:14] Weather image size: 1
[2026-05-16 00:40:14] Forecast duration: 2018-08-13 00:00:00 to 2018-08-14 00:00:00
[2026-05-16 00:40:14] Number of forecast images: 24
[2026-05-16 00:40:14] Using forecast run: 2018-08-12 18:00:00 UTC
[2026-05-16 00:40:15] Forecast Rain Available hours: [6, 7, 8, 9, 10, 11, 12, 13, 14, 15, 16, 17, 18, 19, 20, 21, 22, 23, 24, 25, 26, 27, 28, 29]
[2026-05-16 00:40:15] Valid hours for sum: [12, 18, 24, 29]
[2026-05-16 00:40:16] Drought composite end date: 2018-08-08 06:00:00
[2026-05-16 00:40:17] Land cover year: 2017
[2026-05-16 00:40:18] VIIRS Veg composite: 2018-07-28 → 2018-08-13
[2026-05-16 00:40:22] Started export task: fire_236_dynamic_2018-08-12
[2026-05-16 00:40:23] ------ Processing date=2018-08-13 ------
[2026-05-16 00:40:23] Using viirs_af_path: viirs_af_path
[2026-05-16 00:40:23] VIIRS Image Date: ['2018-08-13 00:00:00']
[2026-05-16 00:40:23] Weather image size: 1
[2026-05-16 00:40:23] Forecast duration: 2018-08-14 00:00:00 to 2018-08-15 00:00:00
[2026-05-16 00:40:24] Number of forecast images: 24
[2026-05-16 00:40:24] Using forecast run: 2018-08-13 18:00:00 UTC
[2026-05-16 00:40:25] Forecast Rain Available hours: [6, 7, 8, 9, 10, 11, 12, 13, 14, 15, 16, 17, 18, 19, 20, 21, 22, 23, 24, 25, 26, 27, 28, 29]
[2026-05-16 00:40:25] Valid hours for sum: [12, 18, 24, 29]
[2026-05-16 00:40:27] Drought composite end date: 2018-08-08 06:00:00
[2026-05-16 00:40:27] Land cover year: 2017
[2026-05-16 00:40:29] VIIRS Veg composite: 2018-07-28 → 2018-08-13
[2026-05-16 00:40:33] Started export task: fire_236_dynamic_2018-08-13
[2026-05-16 00:40:33] ------ Processing date=2018-08-14 ------
[2026-05-16 00:40:33] Using viirs_af_path: viirs_af_path
[2026-05-16 00:40:33] VIIRS Image Date: ['2018-08-14 00:00:00']
[2026-05-16 00:40:33] Weather image size: 1
[2026-05-16 00:40:33] Forecast duration: 2018-08-15 00:00:00 to 2018-08-16 00:00:00
[2026-05-16 00:40:34] Number of forecast images: 24
[2026-05-16 00:40:34] Using forecast run: 2018-08-14 18:00:00 UTC
[2026-05-16 00:40:35] Forecast Rain Available hours: [6, 7, 8, 9, 10, 11, 12, 13, 14, 15, 16, 17, 18, 19, 20, 21, 22, 23, 24, 25, 26, 27, 28, 29]
[2026-05-16 00:40:35] Valid hours for sum: [12, 18, 24, 29]
[2026-05-16 00:40:36] Drought composite end date: 2018-08-13 06:00:00
[2026-05-16 00:40:36] Land cover year: 2017
[2026-05-16 00:40:37] VIIRS Veg composite: 2018-07-28 → 2018-08-13
[2026-05-16 00:40:41] Started export task: fire_236_dynamic_2018-08-14
[2026-05-16 00:40:42] ------ Processing date=2018-08-15 ------
[2026-05-16 00:40:42] Using viirs_af_path: viirs_af_path
[2026-05-16 00:40:42] VIIRS Image Date: ['2018-08-15 00:00:00']
[2026-05-16 00:40:43] Weather image size: 1
[2026-05-16 00:40:43] Forecast duration: 2018-08-16 00:00:00 to 2018-08-17 00:00:00
[2026-05-16 00:40:43] Number of forecast images: 24
[2026-05-16 00:40:43] Using forecast run: 2018-08-15 18:00:00 UTC
[2026-05-16 00:40:44] Forecast Rain Available hours: [6, 7, 8, 9, 10, 11, 12, 13, 14, 15, 16, 17, 18, 19, 20, 21, 22, 23, 24, 25, 26, 27, 28, 29]
[2026-05-16 00:40:44] Valid hours for sum: [12, 18, 24, 29]
[2026-05-16 00:40:46] Drought composite end date: 2018-08-13 06:00:00
[2026-05-16 00:40:46] Land cover year: 2017
[2026-05-16 00:40:47] VIIRS Veg composite: 2018-07-28 → 2018-08-13
[2026-05-16 00:40:52] Started export task: fire_236_dynamic_2018-08-15
[2026-05-16 00:40:52] ------ Processing date=2018-08-16 ------
[2026-05-16 00:40:52] Using viirs_af_path: viirs_af_path
[2026-05-16 00:40:53] VIIRS Image Date: ['2018-08-16 00:00:00']
[2026-05-16 00:40:53] Weather image size: 1
[2026-05-16 00:40:53] Forecast duration: 2018-08-17 00:00:00 to 2018-08-18 00:00:00
[2026-05-16 00:40:54] Number of forecast images: 24
[2026-05-16 00:40:54] Using forecast run: 2018-08-16 18:00:00 UTC
[2026-05-16 00:40:55] Forecast Rain Available hours: [6, 7, 8, 9, 10, 11, 12, 13, 14, 15, 16, 17, 18, 19, 20, 21, 22, 23, 24, 25, 26, 27, 28, 29]
[2026-05-16 00:40:55] Valid hours for sum: [12, 18, 24, 29]
[2026-05-16 00:40:57] Drought composite end date: 2018-08-13 06:00:00
[2026-05-16 00:40:57] Land cover year: 2017
[2026-05-16 00:40:58] VIIRS Veg composite: 2018-07-28 → 2018-08-13
[2026-05-16 00:41:02] Started export task: fire_236_dynamic_2018-08-16
[2026-05-16 00:41:03] ------ Processing date=2018-08-17 ------
[2026-05-16 00:41:03] Using viirs_af_path: viirs_af_path
[2026-05-16 00:41:03] VIIRS Image Date: ['2018-08-17 00:00:00']
[2026-05-16 00:41:03] Weather image size: 1
[2026-05-16 00:41:03] Forecast duration: 2018-08-18 00:00:00 to 2018-08-19 00:00:00
[2026-05-16 00:41:04] Number of forecast images: 24
[2026-05-16 00:41:04] Using forecast run: 2018-08-17 18:00:00 UTC
[2026-05-16 00:41:04] Forecast Rain Available hours: [6, 7, 8, 9, 10, 11, 12, 13, 14, 15, 16, 17, 18, 19, 20, 21, 22, 23, 24, 25, 26, 27, 28, 29]
[2026-05-16 00:41:04] Valid hours for sum: [12, 18, 24, 29]
[2026-05-16 00:41:06] Drought composite end date: 2018-08-13 06:00:00
[2026-05-16 00:41:07] Land cover year: 2017
[2026-05-16 00:41:07] VIIRS Veg composite: 2018-07-28 → 2018-08-13
[2026-05-16 00:41:11] Started export task: fire_236_dynamic_2018-08-17
[2026-05-16 00:41:11] ------ Processing date=2018-08-18 ------
[2026-05-16 00:41:11] Using viirs_af_path: viirs_af_path
[2026-05-16 00:41:12] VIIRS Image Date: ['2018-08-18 00:00:00']
[2026-05-16 00:41:12] Weather image size: 1
[2026-05-16 00:41:12] Forecast duration: 2018-08-19 00:00:00 to 2018-08-20 00:00:00
[2026-05-16 00:41:13] Number of forecast images: 24
[2026-05-16 00:41:13] Using forecast run: 2018-08-18 18:00:00 UTC
[2026-05-16 00:41:13] Forecast Rain Available hours: [6, 7, 8, 9, 10, 11, 12, 13, 14, 15, 16, 17, 18, 19, 20, 21, 22, 23, 24, 25, 26, 27, 28, 29]
[2026-05-16 00:41:13] Valid hours for sum: [12, 18, 24, 29]
[2026-05-16 00:41:15] Drought composite end date: 2018-08-13 06:00:00
[2026-05-16 00:41:15] Land cover year: 2017
[2026-05-16 00:41:17] VIIRS Veg composite: 2018-07-28 → 2018-08-13
[2026-05-16 00:41:21] Started export task: fire_236_dynamic_2018-08-18
[2026-05-16 00:41:22] ------ Processing date=2018-08-19 ------
[2026-05-16 00:41:22] Using viirs_af_path: viirs_af_path
[2026-05-16 00:41:22] VIIRS Image Date: ['2018-08-19 00:00:00']
[2026-05-16 00:41:22] Weather image size: 1
[2026-05-16 00:41:22] Forecast duration: 2018-08-20 00:00:00 to 2018-08-21 00:00:00
[2026-05-16 00:41:24] Number of forecast images: 24
[2026-05-16 00:41:24] Using forecast run: 2018-08-19 18:00:00 UTC
[2026-05-16 00:41:24] Forecast Rain Available hours: [6, 7, 8, 9, 10, 11, 12, 13, 14, 15, 16, 17, 18, 19, 20, 21, 22, 23, 24, 25, 26, 27, 28, 29]
[2026-05-16 00:41:24] Valid hours for sum: [12, 18, 24, 29]
[2026-05-16 00:41:25] Drought composite end date: 2018-08-18 06:00:00
[2026-05-16 00:41:26] Land cover year: 2017
[2026-05-16 00:41:26] VIIRS Veg composite: 2018-07-28 → 2018-08-13
[2026-05-16 00:41:30] Started export task: fire_236_dynamic_2018-08-19
[2026-05-16 00:41:31] ------ Processing date=2018-08-20 ------
[2026-05-16 00:41:31] Using viirs_af_path: viirs_af_path
[2026-05-16 00:41:31] VIIRS Image Date: ['2018-08-20 00:00:00']
[2026-05-16 00:41:31] Weather image size: 1
[2026-05-16 00:41:31] Forecast duration: 2018-08-21 00:00:00 to 2018-08-22 00:00:00
[2026-05-16 00:41:32] Number of forecast images: 24
[2026-05-16 00:41:32] Using forecast run: 2018-08-20 18:00:00 UTC
[2026-05-16 00:41:32] Forecast Rain Available hours: [6, 7, 8, 9, 10, 11, 12, 13, 14, 15, 16, 17, 18, 19, 20, 21, 22, 23, 24, 25, 26, 27, 28, 29]
[2026-05-16 00:41:32] Valid hours for sum: [12, 18, 24, 29]
[2026-05-16 00:41:35] Drought composite end date: 2018-08-18 06:00:00
[2026-05-16 00:41:35] Land cover year: 2017
[2026-05-16 00:41:36] VIIRS Veg composite: 2018-07-28 → 2018-08-13
[2026-05-16 00:41:40] Started export task: fire_236_dynamic_2018-08-20
[2026-05-16 00:41:41] ------ Processing date=2018-08-21 ------
[2026-05-16 00:41:41] Using viirs_af_path: viirs_af_path
[2026-05-16 00:41:41] VIIRS Image Date: ['2018-08-21 00:00:00']
[2026-05-16 00:41:41] Weather image size: 1
[2026-05-16 00:41:41] Forecast duration: 2018-08-22 00:00:00 to 2018-08-23 00:00:00
[2026-05-16 00:41:42] Number of forecast images: 24
[2026-05-16 00:41:42] Using forecast run: 2018-08-21 18:00:00 UTC
[2026-05-16 00:41:42] Forecast Rain Available hours: [6, 7, 8, 9, 10, 11, 12, 13, 14, 15, 16, 17, 18, 19, 20, 21, 22, 23, 24, 25, 26, 27, 28, 29]
[2026-05-16 00:41:42] Valid hours for sum: [12, 18, 24, 29]
[2026-05-16 00:41:45] Drought composite end date: 2018-08-18 06:00:00
[2026-05-16 00:41:45] Land cover year: 2017
[2026-05-16 00:41:47] VIIRS Veg composite: 2018-07-28 → 2018-08-13
[2026-05-16 00:41:51] Started export task: fire_236_dynamic_2018-08-21
[2026-05-16 00:41:51] ------ Processing date=2018-08-22 ------
[2026-05-16 00:41:51] Using viirs_af_path: viirs_af_path
[2026-05-16 00:41:51] VIIRS Image Date: ['2018-08-22 00:00:00']
[2026-05-16 00:41:52] Weather image size: 1
[2026-05-16 00:41:52] Forecast duration: 2018-08-23 00:00:00 to 2018-08-24 00:00:00
[2026-05-16 00:41:52] Number of forecast images: 24
[2026-05-16 00:41:52] Using forecast run: 2018-08-22 18:00:00 UTC
[2026-05-16 00:41:53] Forecast Rain Available hours: [6, 7, 8, 9, 10, 11, 12, 13, 14, 15, 16, 17, 18, 19, 20, 21, 22, 23, 24, 25, 26, 27, 28, 29]
[2026-05-16 00:41:53] Valid hours for sum: [12, 18, 24, 29]
[2026-05-16 00:41:55] Drought composite end date: 2018-08-18 06:00:00
[2026-05-16 00:41:55] Land cover year: 2017
[2026-05-16 00:41:57] VIIRS Veg composite: 2018-07-28 → 2018-08-13
[2026-05-16 00:42:00] Started export task: fire_236_dynamic_2018-08-22
[2026-05-16 00:42:01] ------ Processing date=2018-08-23 ------
[2026-05-16 00:42:01] Using viirs_af_path: viirs_af_path
[2026-05-16 00:42:01] VIIRS Image Date: ['2018-08-23 00:00:00']
[2026-05-16 00:42:01] Weather image size: 1
[2026-05-16 00:42:01] Forecast duration: 2018-08-24 00:00:00 to 2018-08-25 00:00:00
[2026-05-16 00:42:02] Number of forecast images: 24
[2026-05-16 00:42:02] Using forecast run: 2018-08-23 18:00:00 UTC
[2026-05-16 00:42:02] Forecast Rain Available hours: [6, 7, 8, 9, 10, 11, 12, 13, 14, 15, 16, 17, 18, 19, 20, 21, 22, 23, 24, 25, 26, 27, 28, 29]
[2026-05-16 00:42:02] Valid hours for sum: [12, 18, 24, 29]
[2026-05-16 00:42:05] Drought composite end date: 2018-08-18 06:00:00
[2026-05-16 00:42:05] Land cover year: 2017
[2026-05-16 00:42:06] VIIRS Veg composite: 2018-07-28 → 2018-08-13
[2026-05-16 00:42:10] Started export task: fire_236_dynamic_2018-08-23
[2026-05-16 00:42:11] ------ Processing date=2018-08-24 ------
[2026-05-16 00:42:11] Using viirs_af_path: viirs_af_path
[2026-05-16 00:42:11] VIIRS Image Date: ['2018-08-24 00:00:00']
[2026-05-16 00:42:11] Weather image size: 1
[2026-05-16 00:42:11] Forecast duration: 2018-08-25 00:00:00 to 2018-08-26 00:00:00
[2026-05-16 00:42:12] Number of forecast images: 24
[2026-05-16 00:42:12] Using forecast run: 2018-08-24 18:00:00 UTC
[2026-05-16 00:42:12] Forecast Rain Available hours: [6, 7, 8, 9, 10, 11, 12, 13, 14, 15, 16, 17, 18, 19, 20, 21, 22, 23, 24, 25, 26, 27, 28, 29]
[2026-05-16 00:42:12] Valid hours for sum: [12, 18, 24, 29]
[2026-05-16 00:42:15] Drought composite end date: 2018-08-23 06:00:00
[2026-05-16 00:42:15] Land cover year: 2017
[2026-05-16 00:42:16] VIIRS Veg composite: 2018-07-28 → 2018-08-13
[2026-05-16 00:42:21] Started export task: fire_236_dynamic_2018-08-24
[2026-05-16 00:42:21] ------ Processing date=2018-08-25 ------
[2026-05-16 00:42:21] Using viirs_af_path: viirs_af_path
[2026-05-16 00:42:21] VIIRS Image Date: ['2018-08-25 00:00:00']
[2026-05-16 00:42:22] Weather image size: 1
[2026-05-16 00:42:22] Forecast duration: 2018-08-26 00:00:00 to 2018-08-27 00:00:00
[2026-05-16 00:42:23] Number of forecast images: 24
[2026-05-16 00:42:23] Using forecast run: 2018-08-25 18:00:00 UTC
[2026-05-16 00:42:23] Forecast Rain Available hours: [6, 7, 8, 9, 10, 11, 12, 13, 14, 15, 16, 17, 18, 19, 20, 21, 22, 23, 24, 25, 26, 27, 28, 29]
[2026-05-16 00:42:23] Valid hours for sum: [12, 18, 24, 29]
[2026-05-16 00:42:25] Drought composite end date: 2018-08-23 06:00:00
[2026-05-16 00:42:25] Land cover year: 2017
[2026-05-16 00:42:26] VIIRS Veg composite: 2018-07-28 → 2018-08-13
[2026-05-16 00:42:30] Started export task: fire_236_dynamic_2018-08-25
[2026-05-16 00:42:30] ------ Processing date=2018-08-26 ------
[2026-05-16 00:42:30] Using viirs_af_path: viirs_af_path
[2026-05-16 00:42:31] VIIRS Image Date: ['2018-08-26 00:00:00']
[2026-05-16 00:42:32] Weather image size: 1
[2026-05-16 00:42:32] Forecast duration: 2018-08-27 00:00:00 to 2018-08-28 00:00:00
[2026-05-16 00:42:33] Number of forecast images: 24
[2026-05-16 00:42:33] Using forecast run: 2018-08-26 18:00:00 UTC
[2026-05-16 00:42:34] Forecast Rain Available hours: [6, 7, 8, 9, 10, 11, 12, 13, 14, 15, 16, 17, 18, 19, 20, 21, 22, 23, 24, 25, 26, 27, 28, 29]
[2026-05-16 00:42:34] Valid hours for sum: [12, 18, 24, 29]
[2026-05-16 00:42:37] Drought composite end date: 2018-08-23 06:00:00
[2026-05-16 00:42:38] Land cover year: 2017
[2026-05-16 00:42:39] VIIRS Veg composite: 2018-07-28 → 2018-08-13
[2026-05-16 00:42:42] Started export task: fire_236_dynamic_2018-08-26
[2026-05-16 00:42:43] ------ Processing date=2018-08-27 ------
[2026-05-16 00:42:43] Using viirs_af_path: viirs_af_path
[2026-05-16 00:42:43] VIIRS Image Date: ['2018-08-27 00:00:00']
[2026-05-16 00:42:43] Weather image size: 1
[2026-05-16 00:42:43] Forecast duration: 2018-08-28 00:00:00 to 2018-08-29 00:00:00
[2026-05-16 00:42:44] Number of forecast images: 24
[2026-05-16 00:42:44] Using forecast run: 2018-08-27 18:00:00 UTC
[2026-05-16 00:42:44] Forecast Rain Available hours: [6, 7, 8, 9, 10, 11, 12, 13, 14, 15, 16, 17, 18, 19, 20, 21, 22, 23, 24, 25, 26, 27, 28, 29]
[2026-05-16 00:42:44] Valid hours for sum: [12, 18, 24, 29]
[2026-05-16 00:42:47] Drought composite end date: 2018-08-23 06:00:00
[2026-05-16 00:42:47] Land cover year: 2017
[2026-05-16 00:42:48] VIIRS Veg composite: 2018-07-28 → 2018-08-13
[2026-05-16 00:42:53] Started export task: fire_236_dynamic_2018-08-27
[2026-05-16 00:42:53] ------ Processing date=2018-08-28 ------
[2026-05-16 00:42:53] Using viirs_af_path: viirs_af_path
[2026-05-16 00:42:54] VIIRS Image Date: ['2018-08-28 00:00:00']
[2026-05-16 00:42:54] Weather image size: 1
[2026-05-16 00:42:54] Forecast duration: 2018-08-29 00:00:00 to 2018-08-30 00:00:00
[2026-05-16 00:42:55] Number of forecast images: 24
[2026-05-16 00:42:55] Using forecast run: 2018-08-28 18:00:00 UTC
[2026-05-16 00:42:55] Forecast Rain Available hours: [6, 7, 8, 9, 10, 11, 12, 13, 14, 15, 16, 17, 18, 19, 20, 21, 22, 23, 24, 25, 26, 27, 28, 29]
[2026-05-16 00:42:55] Valid hours for sum: [12, 18, 24, 29]
[2026-05-16 00:42:58] Drought composite end date: 2018-08-23 06:00:00
[2026-05-16 00:42:58] Land cover year: 2017
[2026-05-16 00:42:59] VIIRS Veg composite: 2018-07-28 → 2018-08-13
[2026-05-16 00:43:04] Started export task: fire_236_dynamic_2018-08-28
[2026-05-16 00:43:04] END: ----------Event fire_236----------- (Duration: 3.47m)
[2026-05-16 00:43:04] START: ----------Event fire_237-----------
[2026-05-16 00:43:04] ------ Processing date=2018-08-08 ------
[2026-05-16 00:43:04] Using viirs_af_path: viirs_af_path
[2026-05-16 00:43:05] VIIRS Image Date: ['2018-08-08 00:00:00']
[2026-05-16 00:43:05] Weather image size: 1
[2026-05-16 00:43:05] Forecast duration: 2018-08-09 00:00:00 to 2018-08-10 00:00:00
[2026-05-16 00:43:06] Number of forecast images: 24
[2026-05-16 00:43:06] Using forecast run: 2018-08-08 18:00:00 UTC
[2026-05-16 00:43:06] Forecast Rain Available hours: [6, 7, 8, 9, 10, 11, 12, 13, 14, 15, 16, 17, 18, 19, 20, 21, 22, 23, 24, 25, 26, 27, 28, 29]
[2026-05-16 00:43:06] Valid hours for sum: [12, 18, 24, 29]
[2026-05-16 00:43:08] Drought composite end date: 2018-08-03 06:00:00
[2026-05-16 00:43:08] Land cover year: 2017
[2026-05-16 00:43:09] VIIRS Veg composite: 2018-07-28 → 2018-08-13
[2026-05-16 00:43:13] Started export task: fire_237_static
[2026-05-16 00:43:14] Started export task: fire_237_dynamic_2018-08-08
[2026-05-16 00:43:14] ------ Processing date=2018-08-09 ------
[2026-05-16 00:43:14] Using viirs_af_path: viirs_af_path
[2026-05-16 00:43:14] VIIRS Image Date: ['2018-08-09 00:00:00']
[2026-05-16 00:43:15] Weather image size: 1
[2026-05-16 00:43:15] Forecast duration: 2018-08-10 00:00:00 to 2018-08-11 00:00:00
[2026-05-16 00:43:16] Number of forecast images: 24
[2026-05-16 00:43:16] Using forecast run: 2018-08-09 18:00:00 UTC
[2026-05-16 00:43:16] Forecast Rain Available hours: [6, 7, 8, 9, 10, 11, 12, 13, 14, 15, 16, 17, 18, 19, 20, 21, 22, 23, 24, 25, 26, 27, 28, 29]
[2026-05-16 00:43:16] Valid hours for sum: [12, 18, 24, 29]
[2026-05-16 00:43:19] Drought composite end date: 2018-08-08 06:00:00
[2026-05-16 00:43:19] Land cover year: 2017
[2026-05-16 00:43:21] VIIRS Veg composite: 2018-07-28 → 2018-08-13
[2026-05-16 00:43:25] Started export task: fire_237_dynamic_2018-08-09
[2026-05-16 00:43:25] ------ Processing date=2018-08-10 ------
[2026-05-16 00:43:25] Using viirs_af_path: viirs_af_path
[2026-05-16 00:43:26] VIIRS Image Date: ['2018-08-10 00:00:00']
[2026-05-16 00:43:26] Weather image size: 1
[2026-05-16 00:43:26] Forecast duration: 2018-08-11 00:00:00 to 2018-08-12 00:00:00
[2026-05-16 00:43:27] Number of forecast images: 24
[2026-05-16 00:43:27] Using forecast run: 2018-08-10 18:00:00 UTC
[2026-05-16 00:43:27] Forecast Rain Available hours: [6, 7, 8, 9, 10, 11, 12, 13, 14, 15, 16, 17, 18, 19, 20, 21, 22, 23, 24, 25, 26, 27, 28, 29]
[2026-05-16 00:43:27] Valid hours for sum: [12, 18, 24, 29]
[2026-05-16 00:43:29] Drought composite end date: 2018-08-08 06:00:00
[2026-05-16 00:43:30] Land cover year: 2017
[2026-05-16 00:43:31] VIIRS Veg composite: 2018-07-28 → 2018-08-13
[2026-05-16 00:43:35] Started export task: fire_237_dynamic_2018-08-10
[2026-05-16 00:43:35] ------ Processing date=2018-08-11 ------
[2026-05-16 00:43:35] Using viirs_af_path: viirs_af_path
[2026-05-16 00:43:35] VIIRS Image Date: ['2018-08-11 00:00:00']
[2026-05-16 00:43:36] Weather image size: 1
[2026-05-16 00:43:36] Forecast duration: 2018-08-12 00:00:00 to 2018-08-13 00:00:00
[2026-05-16 00:43:37] Number of forecast images: 24
[2026-05-16 00:43:37] Using forecast run: 2018-08-11 18:00:00 UTC
[2026-05-16 00:43:37] Forecast Rain Available hours: [6, 7, 8, 9, 10, 11, 12, 13, 14, 15, 16, 17, 18, 19, 20, 21, 22, 23, 24, 25, 26, 27, 28, 29]
[2026-05-16 00:43:37] Valid hours for sum: [12, 18, 24, 29]
[2026-05-16 00:43:39] Drought composite end date: 2018-08-08 06:00:00
[2026-05-16 00:43:40] Land cover year: 2017
[2026-05-16 00:43:41] VIIRS Veg composite: 2018-07-28 → 2018-08-13
[2026-05-16 00:43:45] Started export task: fire_237_dynamic_2018-08-11
[2026-05-16 00:43:46] ------ Processing date=2018-08-12 ------
[2026-05-16 00:43:46] Using viirs_af_path: viirs_af_path
[2026-05-16 00:43:46] VIIRS Image Date: ['2018-08-12 00:00:00']
[2026-05-16 00:43:46] Weather image size: 1
[2026-05-16 00:43:46] Forecast duration: 2018-08-13 00:00:00 to 2018-08-14 00:00:00
[2026-05-16 00:43:47] Number of forecast images: 24
[2026-05-16 00:43:47] Using forecast run: 2018-08-12 18:00:00 UTC
[2026-05-16 00:43:47] Forecast Rain Available hours: [6, 7, 8, 9, 10, 11, 12, 13, 14, 15, 16, 17, 18, 19, 20, 21, 22, 23, 24, 25, 26, 27, 28, 29]
[2026-05-16 00:43:47] Valid hours for sum: [12, 18, 24, 29]
[2026-05-16 00:43:50] Drought composite end date: 2018-08-08 06:00:00
[2026-05-16 00:43:50] Land cover year: 2017
[2026-05-16 00:43:51] VIIRS Veg composite: 2018-07-28 → 2018-08-13
[2026-05-16 00:43:54] Started export task: fire_237_dynamic_2018-08-12
[2026-05-16 00:43:55] ------ Processing date=2018-08-13 ------
[2026-05-16 00:43:55] Using viirs_af_path: viirs_af_path
[2026-05-16 00:43:55] VIIRS Image Date: ['2018-08-13 00:00:00']
[2026-05-16 00:43:55] Weather image size: 1
[2026-05-16 00:43:55] Forecast duration: 2018-08-14 00:00:00 to 2018-08-15 00:00:00
[2026-05-16 00:43:56] Number of forecast images: 24
[2026-05-16 00:43:56] Using forecast run: 2018-08-13 18:00:00 UTC
[2026-05-16 00:43:57] Forecast Rain Available hours: [6, 7, 8, 9, 10, 11, 12, 13, 14, 15, 16, 17, 18, 19, 20, 21, 22, 23, 24, 25, 26, 27, 28, 29]
[2026-05-16 00:43:57] Valid hours for sum: [12, 18, 24, 29]
[2026-05-16 00:43:59] Drought composite end date: 2018-08-08 06:00:00
[2026-05-16 00:44:00] Land cover year: 2017
[2026-05-16 00:44:01] VIIRS Veg composite: 2018-07-28 → 2018-08-13
[2026-05-16 00:44:05] Started export task: fire_237_dynamic_2018-08-13
[2026-05-16 00:44:05] ------ Processing date=2018-08-14 ------
[2026-05-16 00:44:05] Using viirs_af_path: viirs_af_path
[2026-05-16 00:44:05] VIIRS Image Date: ['2018-08-14 00:00:00']
[2026-05-16 00:44:06] Weather image size: 1
[2026-05-16 00:44:06] Forecast duration: 2018-08-15 00:00:00 to 2018-08-16 00:00:00
[2026-05-16 00:44:07] Number of forecast images: 24
[2026-05-16 00:44:07] Using forecast run: 2018-08-14 18:00:00 UTC
[2026-05-16 00:44:08] Forecast Rain Available hours: [6, 7, 8, 9, 10, 11, 12, 13, 14, 15, 16, 17, 18, 19, 20, 21, 22, 23, 24, 25, 26, 27, 28, 29]
[2026-05-16 00:44:08] Valid hours for sum: [12, 18, 24, 29]
[2026-05-16 00:44:09] Drought composite end date: 2018-08-13 06:00:00
[2026-05-16 00:44:10] Land cover year: 2017
[2026-05-16 00:44:12] VIIRS Veg composite: 2018-07-28 → 2018-08-13
[2026-05-16 00:44:16] Started export task: fire_237_dynamic_2018-08-14
[2026-05-16 00:44:16] ------ Processing date=2018-08-15 ------
[2026-05-16 00:44:16] Using viirs_af_path: viirs_af_path
[2026-05-16 00:44:17] VIIRS Image Date: ['2018-08-15 00:00:00']
[2026-05-16 00:44:17] Weather image size: 1
[2026-05-16 00:44:17] Forecast duration: 2018-08-16 00:00:00 to 2018-08-17 00:00:00
[2026-05-16 00:44:18] Number of forecast images: 24
[2026-05-16 00:44:18] Using forecast run: 2018-08-15 18:00:00 UTC
[2026-05-16 00:44:18] Forecast Rain Available hours: [6, 7, 8, 9, 10, 11, 12, 13, 14, 15, 16, 17, 18, 19, 20, 21, 22, 23, 24, 25, 26, 27, 28, 29]
[2026-05-16 00:44:18] Valid hours for sum: [12, 18, 24, 29]
[2026-05-16 00:44:20] Drought composite end date: 2018-08-13 06:00:00
[2026-05-16 00:44:20] Land cover year: 2017
[2026-05-16 00:44:22] VIIRS Veg composite: 2018-07-28 → 2018-08-13
[2026-05-16 00:44:27] Started export task: fire_237_dynamic_2018-08-15
[2026-05-16 00:44:27] ------ Processing date=2018-08-16 ------
[2026-05-16 00:44:27] Using viirs_af_path: viirs_af_path
[2026-05-16 00:44:28] VIIRS Image Date: ['2018-08-16 00:00:00']
[2026-05-16 00:44:28] Weather image size: 1
[2026-05-16 00:44:28] Forecast duration: 2018-08-17 00:00:00 to 2018-08-18 00:00:00
[2026-05-16 00:44:29] Number of forecast images: 24
[2026-05-16 00:44:29] Using forecast run: 2018-08-16 18:00:00 UTC
[2026-05-16 00:44:30] Forecast Rain Available hours: [6, 7, 8, 9, 10, 11, 12, 13, 14, 15, 16, 17, 18, 19, 20, 21, 22, 23, 24, 25, 26, 27, 28, 29]
[2026-05-16 00:44:30] Valid hours for sum: [12, 18, 24, 29]
[2026-05-16 00:44:32] Drought composite end date: 2018-08-13 06:00:00
[2026-05-16 00:44:32] Land cover year: 2017
[2026-05-16 00:44:33] VIIRS Veg composite: 2018-07-28 → 2018-08-13
[2026-05-16 00:44:36] Started export task: fire_237_dynamic_2018-08-16
[2026-05-16 00:44:37] ------ Processing date=2018-08-17 ------
[2026-05-16 00:44:37] Using viirs_af_path: viirs_af_path
[2026-05-16 00:44:37] VIIRS Image Date: ['2018-08-17 00:00:00']
[2026-05-16 00:44:37] Weather image size: 1
[2026-05-16 00:44:37] Forecast duration: 2018-08-18 00:00:00 to 2018-08-19 00:00:00
[2026-05-16 00:44:38] Number of forecast images: 24
[2026-05-16 00:44:38] Using forecast run: 2018-08-17 18:00:00 UTC
[2026-05-16 00:44:38] Forecast Rain Available hours: [6, 7, 8, 9, 10, 11, 12, 13, 14, 15, 16, 17, 18, 19, 20, 21, 22, 23, 24, 25, 26, 27, 28, 29]
[2026-05-16 00:44:38] Valid hours for sum: [12, 18, 24, 29]
[2026-05-16 00:44:40] Drought composite end date: 2018-08-13 06:00:00
[2026-05-16 00:44:40] Land cover year: 2017
[2026-05-16 00:44:41] VIIRS Veg composite: 2018-07-28 → 2018-08-13
[2026-05-16 00:44:44] Started export task: fire_237_dynamic_2018-08-17
[2026-05-16 00:44:44] ------ Processing date=2018-08-18 ------
[2026-05-16 00:44:44] Using viirs_af_path: viirs_af_path
[2026-05-16 00:44:44] VIIRS Image Date: ['2018-08-18 00:00:00']
[2026-05-16 00:44:44] Weather image size: 1
[2026-05-16 00:44:44] Forecast duration: 2018-08-19 00:00:00 to 2018-08-20 00:00:00
[2026-05-16 00:44:45] Number of forecast images: 24
[2026-05-16 00:44:45] Using forecast run: 2018-08-18 18:00:00 UTC
[2026-05-16 00:44:46] Forecast Rain Available hours: [6, 7, 8, 9, 10, 11, 12, 13, 14, 15, 16, 17, 18, 19, 20, 21, 22, 23, 24, 25, 26, 27, 28, 29]
[2026-05-16 00:44:46] Valid hours for sum: [12, 18, 24, 29]
[2026-05-16 00:44:48] Drought composite end date: 2018-08-13 06:00:00
[2026-05-16 00:44:48] Land cover year: 2017
[2026-05-16 00:44:49] VIIRS Veg composite: 2018-07-28 → 2018-08-13
[2026-05-16 00:44:53] Started export task: fire_237_dynamic_2018-08-18
[2026-05-16 00:44:53] ------ Processing date=2018-08-19 ------
[2026-05-16 00:44:53] Using viirs_af_path: viirs_af_path
[2026-05-16 00:44:54] VIIRS Image Date: ['2018-08-19 00:00:00']
[2026-05-16 00:44:54] Weather image size: 1
[2026-05-16 00:44:54] Forecast duration: 2018-08-20 00:00:00 to 2018-08-21 00:00:00
[2026-05-16 00:44:55] Number of forecast images: 24
[2026-05-16 00:44:55] Using forecast run: 2018-08-19 18:00:00 UTC
[2026-05-16 00:44:55] Forecast Rain Available hours: [6, 7, 8, 9, 10, 11, 12, 13, 14, 15, 16, 17, 18, 19, 20, 21, 22, 23, 24, 25, 26, 27, 28, 29]
[2026-05-16 00:44:55] Valid hours for sum: [12, 18, 24, 29]
[2026-05-16 00:44:57] Drought composite end date: 2018-08-18 06:00:00
[2026-05-16 00:44:58] Land cover year: 2017
[2026-05-16 00:44:58] VIIRS Veg composite: 2018-07-28 → 2018-08-13
[2026-05-16 00:45:01] Started export task: fire_237_dynamic_2018-08-19
[2026-05-16 00:45:01] ------ Processing date=2018-08-20 ------
[2026-05-16 00:45:01] Using viirs_af_path: viirs_af_path
[2026-05-16 00:45:02] VIIRS Image Date: ['2018-08-20 00:00:00']
[2026-05-16 00:45:02] Weather image size: 1
[2026-05-16 00:45:02] Forecast duration: 2018-08-21 00:00:00 to 2018-08-22 00:00:00
[2026-05-16 00:45:03] Number of forecast images: 24
[2026-05-16 00:45:03] Using forecast run: 2018-08-20 18:00:00 UTC
[2026-05-16 00:45:04] Forecast Rain Available hours: [6, 7, 8, 9, 10, 11, 12, 13, 14, 15, 16, 17, 18, 19, 20, 21, 22, 23, 24, 25, 26, 27, 28, 29]
[2026-05-16 00:45:04] Valid hours for sum: [12, 18, 24, 29]
[2026-05-16 00:45:06] Drought composite end date: 2018-08-18 06:00:00
[2026-05-16 00:45:07] Land cover year: 2017
[2026-05-16 00:45:08] VIIRS Veg composite: 2018-07-28 → 2018-08-13
[2026-05-16 00:45:12] Started export task: fire_237_dynamic_2018-08-20
[2026-05-16 00:45:13] ------ Processing date=2018-08-21 ------
[2026-05-16 00:45:13] Using viirs_af_path: viirs_af_path
[2026-05-16 00:45:13] VIIRS Image Date: ['2018-08-21 00:00:00']
[2026-05-16 00:45:13] Weather image size: 1
[2026-05-16 00:45:13] Forecast duration: 2018-08-22 00:00:00 to 2018-08-23 00:00:00
[2026-05-16 00:45:14] Number of forecast images: 24
[2026-05-16 00:45:14] Using forecast run: 2018-08-21 18:00:00 UTC
[2026-05-16 00:45:15] Forecast Rain Available hours: [6, 7, 8, 9, 10, 11, 12, 13, 14, 15, 16, 17, 18, 19, 20, 21, 22, 23, 24, 25, 26, 27, 28, 29]
[2026-05-16 00:45:15] Valid hours for sum: [12, 18, 24, 29]
[2026-05-16 00:45:16] Drought composite end date: 2018-08-18 06:00:00
[2026-05-16 00:45:17] Land cover year: 2017
[2026-05-16 00:45:27] VIIRS Veg composite: 2018-07-28 → 2018-08-13
[2026-05-16 00:45:31] Started export task: fire_237_dynamic_2018-08-21
[2026-05-16 00:45:31] ------ Processing date=2018-08-22 ------
[2026-05-16 00:45:31] Using viirs_af_path: viirs_af_path
[2026-05-16 00:45:32] VIIRS Image Date: ['2018-08-22 00:00:00']
[2026-05-16 00:45:32] Weather image size: 1
[2026-05-16 00:45:32] Forecast duration: 2018-08-23 00:00:00 to 2018-08-24 00:00:00
[2026-05-16 00:45:33] Number of forecast images: 24
[2026-05-16 00:45:33] Using forecast run: 2018-08-22 18:00:00 UTC
[2026-05-16 00:45:33] Forecast Rain Available hours: [6, 7, 8, 9, 10, 11, 12, 13, 14, 15, 16, 17, 18, 19, 20, 21, 22, 23, 24, 25, 26, 27, 28, 29]
[2026-05-16 00:45:33] Valid hours for sum: [12, 18, 24, 29]
[2026-05-16 00:45:35] Drought composite end date: 2018-08-18 06:00:00
[2026-05-16 00:45:35] Land cover year: 2017
[2026-05-16 00:45:37] VIIRS Veg composite: 2018-07-28 → 2018-08-13
[2026-05-16 00:45:41] Started export task: fire_237_dynamic_2018-08-22
[2026-05-16 00:45:41] ------ Processing date=2018-08-23 ------
[2026-05-16 00:45:41] Using viirs_af_path: viirs_af_path
[2026-05-16 00:45:42] VIIRS Image Date: ['2018-08-23 00:00:00']
[2026-05-16 00:45:42] Weather image size: 1
[2026-05-16 00:45:42] Forecast duration: 2018-08-24 00:00:00 to 2018-08-25 00:00:00
[2026-05-16 00:45:43] Number of forecast images: 24
[2026-05-16 00:45:43] Using forecast run: 2018-08-23 18:00:00 UTC
[2026-05-16 00:45:43] Forecast Rain Available hours: [6, 7, 8, 9, 10, 11, 12, 13, 14, 15, 16, 17, 18, 19, 20, 21, 22, 23, 24, 25, 26, 27, 28, 29]
[2026-05-16 00:45:43] Valid hours for sum: [12, 18, 24, 29]
[2026-05-16 00:45:45] Drought composite end date: 2018-08-18 06:00:00
[2026-05-16 00:45:46] Land cover year: 2017
[2026-05-16 00:45:47] VIIRS Veg composite: 2018-07-28 → 2018-08-13
[2026-05-16 00:45:50] Started export task: fire_237_dynamic_2018-08-23
[2026-05-16 00:45:50] ------ Processing date=2018-08-24 ------
[2026-05-16 00:45:50] Using viirs_af_path: viirs_af_path
[2026-05-16 00:45:50] VIIRS Image Date: ['2018-08-24 00:00:00']
[2026-05-16 00:45:51] Weather image size: 1
[2026-05-16 00:45:51] Forecast duration: 2018-08-25 00:00:00 to 2018-08-26 00:00:00
[2026-05-16 00:45:52] Number of forecast images: 24
[2026-05-16 00:45:52] Using forecast run: 2018-08-24 18:00:00 UTC
[2026-05-16 00:45:52] Forecast Rain Available hours: [6, 7, 8, 9, 10, 11, 12, 13, 14, 15, 16, 17, 18, 19, 20, 21, 22, 23, 24, 25, 26, 27, 28, 29]
[2026-05-16 00:45:52] Valid hours for sum: [12, 18, 24, 29]
[2026-05-16 00:45:55] Drought composite end date: 2018-08-23 06:00:00
[2026-05-16 00:45:55] Land cover year: 2017
[2026-05-16 00:45:56] VIIRS Veg composite: 2018-07-28 → 2018-08-13
[2026-05-16 00:46:01] Started export task: fire_237_dynamic_2018-08-24
[2026-05-16 00:46:01] ------ Processing date=2018-08-25 ------
[2026-05-16 00:46:01] Using viirs_af_path: viirs_af_path
[2026-05-16 00:46:01] VIIRS Image Date: ['2018-08-25 00:00:00']
[2026-05-16 00:46:02] Weather image size: 1
[2026-05-16 00:46:02] Forecast duration: 2018-08-26 00:00:00 to 2018-08-27 00:00:00
[2026-05-16 00:46:02] Number of forecast images: 24
[2026-05-16 00:46:02] Using forecast run: 2018-08-25 18:00:00 UTC
[2026-05-16 00:46:03] Forecast Rain Available hours: [6, 7, 8, 9, 10, 11, 12, 13, 14, 15, 16, 17, 18, 19, 20, 21, 22, 23, 24, 25, 26, 27, 28, 29]
[2026-05-16 00:46:03] Valid hours for sum: [12, 18, 24, 29]
[2026-05-16 00:46:05] Drought composite end date: 2018-08-23 06:00:00
[2026-05-16 00:46:05] Land cover year: 2017
[2026-05-16 00:46:06] VIIRS Veg composite: 2018-07-28 → 2018-08-13
[2026-05-16 00:46:10] Started export task: fire_237_dynamic_2018-08-25
[2026-05-16 00:46:11] ------ Processing date=2018-08-26 ------
[2026-05-16 00:46:11] Using viirs_af_path: viirs_af_path
[2026-05-16 00:46:11] VIIRS Image Date: ['2018-08-26 00:00:00']
[2026-05-16 00:46:11] Weather image size: 1
[2026-05-16 00:46:11] Forecast duration: 2018-08-27 00:00:00 to 2018-08-28 00:00:00
[2026-05-16 00:46:12] Number of forecast images: 24
[2026-05-16 00:46:12] Using forecast run: 2018-08-26 18:00:00 UTC
[2026-05-16 00:46:13] Forecast Rain Available hours: [6, 7, 8, 9, 10, 11, 12, 13, 14, 15, 16, 17, 18, 19, 20, 21, 22, 23, 24, 25, 26, 27, 28, 29]
[2026-05-16 00:46:13] Valid hours for sum: [12, 18, 24, 29]
[2026-05-16 00:46:15] Drought composite end date: 2018-08-23 06:00:00
[2026-05-16 00:46:15] Land cover year: 2017
[2026-05-16 00:49:50] VIIRS Veg composite: 2018-07-28 → 2018-08-13
[2026-05-16 00:49:53] Started export task: fire_237_dynamic_2018-08-26
[2026-05-16 00:49:54] ------ Processing date=2018-08-27 ------
[2026-05-16 00:49:54] Using viirs_af_path: viirs_af_path
[2026-05-16 00:49:54] VIIRS Image Date: ['2018-08-27 00:00:00']
[2026-05-16 00:49:55] Weather image size: 1
[2026-05-16 00:49:55] Forecast duration: 2018-08-28 00:00:00 to 2018-08-29 00:00:00
[2026-05-16 00:49:56] Number of forecast images: 24
[2026-05-16 00:49:56] Using forecast run: 2018-08-27 18:00:00 UTC
[2026-05-16 00:49:56] Forecast Rain Available hours: [6, 7, 8, 9, 10, 11, 12, 13, 14, 15, 16, 17, 18, 19, 20, 21, 22, 23, 24, 25, 26, 27, 28, 29]
[2026-05-16 00:49:56] Valid hours for sum: [12, 18, 24, 29]
[2026-05-16 00:49:58] Drought composite end date: 2018-08-23 06:00:00
[2026-05-16 00:49:58] Land cover year: 2017
[2026-05-16 00:50:00] VIIRS Veg composite: 2018-07-28 → 2018-08-13
[2026-05-16 00:50:05] Started export task: fire_237_dynamic_2018-08-27
[2026-05-16 00:50:05] ------ Processing date=2018-08-28 ------
[2026-05-16 00:50:05] Using viirs_af_path: viirs_af_path
[2026-05-16 00:50:06] VIIRS Image Date: ['2018-08-28 00:00:00']
[2026-05-16 00:50:06] Weather image size: 1
[2026-05-16 00:50:06] Forecast duration: 2018-08-29 00:00:00 to 2018-08-30 00:00:00
[2026-05-16 00:50:07] Number of forecast images: 24
[2026-05-16 00:50:07] Using forecast run: 2018-08-28 18:00:00 UTC
[2026-05-16 00:50:08] Forecast Rain Available hours: [6, 7, 8, 9, 10, 11, 12, 13, 14, 15, 16, 17, 18, 19, 20, 21, 22, 23, 24, 25, 26, 27, 28, 29]
[2026-05-16 00:50:08] Valid hours for sum: [12, 18, 24, 29]
[2026-05-16 00:50:11] Drought composite end date: 2018-08-23 06:00:00
[2026-05-16 00:50:11] Land cover year: 2017
[2026-05-16 00:50:12] VIIRS Veg composite: 2018-07-28 → 2018-08-13
[2026-05-16 00:50:16] Started export task: fire_237_dynamic_2018-08-28
[2026-05-16 00:50:16] ------ Processing date=2018-08-29 ------
[2026-05-16 00:50:16] Using viirs_af_path: viirs_af_path
[2026-05-16 00:50:17] VIIRS Image Date: ['2018-08-29 00:00:00']
[2026-05-16 00:50:18] Weather image size: 1
[2026-05-16 00:50:18] Forecast duration: 2018-08-30 00:00:00 to 2018-08-31 00:00:00
[2026-05-16 00:50:19] Number of forecast images: 24
[2026-05-16 00:50:19] Using forecast run: 2018-08-29 18:00:00 UTC
[2026-05-16 00:50:19] Forecast Rain Available hours: [6, 7, 8, 9, 10, 11, 12, 13, 14, 15, 16, 17, 18, 19, 20, 21, 22, 23, 24, 25, 26, 27, 28, 29]
[2026-05-16 00:50:19] Valid hours for sum: [12, 18, 24, 29]
[2026-05-16 00:50:21] Drought composite end date: 2018-08-28 06:00:00
[2026-05-16 00:50:21] Land cover year: 2017
[2026-05-16 00:50:23] VIIRS Veg composite: 2018-07-28 → 2018-08-13
[2026-05-16 00:50:27] Started export task: fire_237_dynamic_2018-08-29
[2026-05-16 00:50:27] ------ Processing date=2018-08-30 ------
[2026-05-16 00:50:27] Using viirs_af_path: viirs_af_path
[2026-05-16 00:50:27] VIIRS Image Date: ['2018-08-30 00:00:00']
[2026-05-16 00:50:28] Weather image size: 1
[2026-05-16 00:50:28] Forecast duration: 2018-08-31 00:00:00 to 2018-09-01 00:00:00
[2026-05-16 00:50:29] Number of forecast images: 24
[2026-05-16 00:50:29] Using forecast run: 2018-08-30 18:00:00 UTC
[2026-05-16 00:50:29] Forecast Rain Available hours: [6, 7, 8, 9, 10, 11, 12, 13, 14, 15, 16, 17, 18, 19, 20, 21, 22, 23, 24, 25, 26, 27, 28, 29]
[2026-05-16 00:50:29] Valid hours for sum: [12, 18, 24, 29]
[2026-05-16 00:50:31] Drought composite end date: 2018-08-28 06:00:00
[2026-05-16 00:50:32] Land cover year: 2017
[2026-05-16 00:50:33] VIIRS Veg composite: 2018-07-28 → 2018-08-13
[2026-05-16 00:50:36] Started export task: fire_237_dynamic_2018-08-30
[2026-05-16 00:50:36] ------ Processing date=2018-08-31 ------
[2026-05-16 00:50:36] Using viirs_af_path: viirs_af_path
[2026-05-16 00:50:37] VIIRS Image Date: ['2018-08-31 00:00:00']
[2026-05-16 00:50:37] Weather image size: 1
[2026-05-16 00:50:37] Forecast duration: 2018-09-01 00:00:00 to 2018-09-02 00:00:00
[2026-05-16 00:50:38] Number of forecast images: 24
[2026-05-16 00:50:38] Using forecast run: 2018-08-31 18:00:00 UTC
[2026-05-16 00:50:39] Forecast Rain Available hours: [6, 7, 8, 9, 10, 11, 12, 13, 14, 15, 16, 17, 18, 19, 20, 21, 22, 23, 24, 25, 26, 27, 28, 29]
[2026-05-16 00:50:39] Valid hours for sum: [12, 18, 24, 29]
[2026-05-16 00:50:40] Drought composite end date: 2018-08-28 06:00:00
[2026-05-16 00:50:41] Land cover year: 2017
[2026-05-16 00:50:41] VIIRS Veg composite: 2018-07-28 → 2018-08-13
[2026-05-16 00:50:45] Started export task: fire_237_dynamic_2018-08-31
[2026-05-16 00:50:46] ------ Processing date=2018-09-01 ------
[2026-05-16 00:50:46] Using viirs_af_path: viirs_af_path
[2026-05-16 00:50:47] VIIRS Image Date: ['2018-09-01 00:00:00']
[2026-05-16 00:50:47] Weather image size: 1
[2026-05-16 00:50:47] Forecast duration: 2018-09-02 00:00:00 to 2018-09-03 00:00:00
[2026-05-16 00:50:48] Number of forecast images: 24
[2026-05-16 00:50:48] Using forecast run: 2018-09-01 18:00:00 UTC
[2026-05-16 00:50:48] Forecast Rain Available hours: [6, 7, 8, 9, 10, 11, 12, 13, 14, 15, 16, 17, 18, 19, 20, 21, 22, 23, 24, 25, 26, 27, 28, 29]
[2026-05-16 00:50:48] Valid hours for sum: [12, 18, 24, 29]
[2026-05-16 00:50:50] Drought composite end date: 2018-08-28 06:00:00
[2026-05-16 00:50:51] Land cover year: 2017
[2026-05-16 00:50:51] VIIRS Veg composite: 2018-07-28 → 2018-08-13
[2026-05-16 00:50:55] Started export task: fire_237_dynamic_2018-09-01
[2026-05-16 00:50:55] ------ Processing date=2018-09-02 ------
[2026-05-16 00:50:55] Using viirs_af_path: viirs_af_path
[2026-05-16 00:50:55] VIIRS Image Date: ['2018-09-02 00:00:00']
[2026-05-16 00:50:56] Weather image size: 1
[2026-05-16 00:50:56] Forecast duration: 2018-09-03 00:00:00 to 2018-09-04 00:00:00
[2026-05-16 00:50:57] Number of forecast images: 24
[2026-05-16 00:50:57] Using forecast run: 2018-09-02 18:00:00 UTC
[2026-05-16 00:50:57] Forecast Rain Available hours: [6, 7, 8, 9, 10, 11, 12, 13, 14, 15, 16, 17, 18, 19, 20, 21, 22, 23, 24, 25, 26, 27, 28, 29]
[2026-05-16 00:50:57] Valid hours for sum: [12, 18, 24, 29]
[2026-05-16 00:50:59] Drought composite end date: 2018-08-28 06:00:00
[2026-05-16 00:50:59] Land cover year: 2017
[2026-05-16 00:51:00] VIIRS Veg composite: 2018-07-28 → 2018-08-13
[2026-05-16 00:51:04] Started export task: fire_237_dynamic_2018-09-02
[2026-05-16 00:51:05] ------ Processing date=2018-09-03 ------
[2026-05-16 00:51:05] Using viirs_af_path: viirs_af_path
[2026-05-16 00:51:06] VIIRS Image Date: ['2018-09-03 00:00:00']
[2026-05-16 00:51:06] Weather image size: 1
[2026-05-16 00:51:06] Forecast duration: 2018-09-04 00:00:00 to 2018-09-05 00:00:00
[2026-05-16 00:51:07] Number of forecast images: 24
[2026-05-16 00:51:07] Using forecast run: 2018-09-03 18:00:00 UTC
[2026-05-16 00:51:08] Forecast Rain Available hours: [6, 7, 8, 9, 10, 11, 12, 13, 14, 15, 16, 17, 18, 19, 20, 21, 22, 23, 24, 25, 26, 27, 28, 29]
[2026-05-16 00:51:08] Valid hours for sum: [12, 18, 24, 29]
[2026-05-16 00:51:11] Drought composite end date: 2018-09-02 06:00:00
[2026-05-16 00:51:11] Land cover year: 2017
[2026-05-16 00:51:12] VIIRS Veg composite: 2018-07-28 → 2018-08-13
[2026-05-16 00:51:17] Started export task: fire_237_dynamic_2018-09-03
[2026-05-16 00:51:17] ------ Processing date=2018-09-04 ------
[2026-05-16 00:51:17] Using viirs_af_path: viirs_af_path
[2026-05-16 00:51:17] VIIRS Image Date: ['2018-09-04 00:00:00']
[2026-05-16 00:51:17] Weather image size: 1
[2026-05-16 00:51:17] Forecast duration: 2018-09-05 00:00:00 to 2018-09-06 00:00:00
[2026-05-16 00:51:18] Number of forecast images: 24
[2026-05-16 00:51:18] Using forecast run: 2018-09-04 18:00:00 UTC
[2026-05-16 00:51:19] Forecast Rain Available hours: [6, 7, 8, 9, 10, 11, 12, 13, 14, 15, 16, 17, 18, 19, 20, 21, 22, 23, 24, 25, 26, 27, 28, 29]
[2026-05-16 00:51:19] Valid hours for sum: [12, 18, 24, 29]
[2026-05-16 00:51:21] Drought composite end date: 2018-09-02 06:00:00
[2026-05-16 00:51:22] Land cover year: 2017
[2026-05-16 00:51:24] VIIRS Veg composite: 2018-07-28 → 2018-08-13
[2026-05-16 00:51:27] Started export task: fire_237_dynamic_2018-09-04
[2026-05-16 00:51:28] ------ Processing date=2018-09-05 ------
[2026-05-16 00:51:28] Using viirs_af_path: viirs_af_path
[2026-05-16 00:51:29] VIIRS Image Date: ['2018-09-05 00:00:00']
[2026-05-16 00:51:29] Weather image size: 1
[2026-05-16 00:51:29] Forecast duration: 2018-09-06 00:00:00 to 2018-09-07 00:00:00
[2026-05-16 00:51:30] Number of forecast images: 24
[2026-05-16 00:51:30] Using forecast run: 2018-09-05 18:00:00 UTC
[2026-05-16 00:51:30] Forecast Rain Available hours: [6, 7, 8, 9, 10, 11, 12, 13, 14, 15, 16, 17, 18, 19, 20, 21, 22, 23, 24, 25, 26, 27, 28, 29]
[2026-05-16 00:51:30] Valid hours for sum: [12, 18, 24, 29]
[2026-05-16 00:51:32] Drought composite end date: 2018-09-02 06:00:00
[2026-05-16 00:51:32] Land cover year: 2017
[2026-05-16 00:51:33] VIIRS Veg composite: 2018-07-28 → 2018-08-13
[2026-05-16 00:51:36] Started export task: fire_237_dynamic_2018-09-05
[2026-05-16 00:51:36] ------ Processing date=2018-09-06 ------
[2026-05-16 00:51:36] Using viirs_af_path: viirs_af_path
[2026-05-16 00:51:36] VIIRS Image Date: ['2018-09-06 00:00:00']
[2026-05-16 00:51:36] Weather image size: 1
[2026-05-16 00:51:36] Forecast duration: 2018-09-07 00:00:00 to 2018-09-08 00:00:00
[2026-05-16 00:51:38] Number of forecast images: 24
[2026-05-16 00:51:38] Using forecast run: 2018-09-06 18:00:00 UTC
[2026-05-16 00:51:38] Forecast Rain Available hours: [6, 7, 8, 9, 10, 11, 12, 13, 14, 15, 16, 17, 18, 19, 20, 21, 22, 23, 24, 25, 26, 27, 28, 29]
[2026-05-16 00:51:38] Valid hours for sum: [12, 18, 24, 29]
[2026-05-16 00:51:40] Drought composite end date: 2018-09-02 06:00:00
[2026-05-16 00:51:40] Land cover year: 2017
[2026-05-16 00:51:41] VIIRS Veg composite: 2018-07-28 → 2018-08-13
[2026-05-16 00:51:45] Started export task: fire_237_dynamic_2018-09-06
[2026-05-16 00:51:46] END: ----------Event fire_237----------- (Duration: 8.69m)
[2026-05-16 00:51:46] START: ----------Event fire_238-----------
[2026-05-16 00:51:46] ------ Processing date=2018-08-08 ------
[2026-05-16 00:51:46] Using viirs_af_path: viirs_af_path
[2026-05-16 00:51:46] VIIRS Image Date: ['2018-08-08 00:00:00']
[2026-05-16 00:51:46] Weather image size: 1
[2026-05-16 00:51:46] Forecast duration: 2018-08-09 00:00:00 to 2018-08-10 00:00:00
[2026-05-16 00:51:47] Number of forecast images: 24
[2026-05-16 00:51:47] Using forecast run: 2018-08-08 18:00:00 UTC
[2026-05-16 00:51:48] Forecast Rain Available hours: [6, 7, 8, 9, 10, 11, 12, 13, 14, 15, 16, 17, 18, 19, 20, 21, 22, 23, 24, 25, 26, 27, 28, 29]
[2026-05-16 00:51:48] Valid hours for sum: [12, 18, 24, 29]
[2026-05-16 00:51:50] Drought composite end date: 2018-08-03 06:00:00
[2026-05-16 00:51:50] Land cover year: 2017
[2026-05-16 00:51:51] VIIRS Veg composite: 2018-07-28 → 2018-08-13
[2026-05-16 00:51:55] Started export task: fire_238_static
[2026-05-16 00:51:56] Started export task: fire_238_dynamic_2018-08-08
[2026-05-16 00:51:56] ------ Processing date=2018-08-09 ------
[2026-05-16 00:51:56] Using viirs_af_path: viirs_af_path
[2026-05-16 00:51:57] VIIRS Image Date: ['2018-08-09 00:00:00']
[2026-05-16 00:51:57] Weather image size: 1
[2026-05-16 00:51:57] Forecast duration: 2018-08-10 00:00:00 to 2018-08-11 00:00:00
[2026-05-16 00:51:58] Number of forecast images: 24
[2026-05-16 00:51:58] Using forecast run: 2018-08-09 18:00:00 UTC
[2026-05-16 00:51:59] Forecast Rain Available hours: [6, 7, 8, 9, 10, 11, 12, 13, 14, 15, 16, 17, 18, 19, 20, 21, 22, 23, 24, 25, 26, 27, 28, 29]
[2026-05-16 00:51:59] Valid hours for sum: [12, 18, 24, 29]
[2026-05-16 00:52:01] Drought composite end date: 2018-08-08 06:00:00
[2026-05-16 00:52:02] Land cover year: 2017
[2026-05-16 00:52:02] VIIRS Veg composite: 2018-07-28 → 2018-08-13
[2026-05-16 00:52:07] Started export task: fire_238_dynamic_2018-08-09
[2026-05-16 00:52:08] ------ Processing date=2018-08-10 ------
[2026-05-16 00:52:08] Using viirs_af_path: viirs_af_path
[2026-05-16 00:52:08] VIIRS Image Date: ['2018-08-10 00:00:00']
[2026-05-16 00:52:08] Weather image size: 1
[2026-05-16 00:52:08] Forecast duration: 2018-08-11 00:00:00 to 2018-08-12 00:00:00
[2026-05-16 00:52:09] Number of forecast images: 24
[2026-05-16 00:52:09] Using forecast run: 2018-08-10 18:00:00 UTC
[2026-05-16 00:52:09] Forecast Rain Available hours: [6, 7, 8, 9, 10, 11, 12, 13, 14, 15, 16, 17, 18, 19, 20, 21, 22, 23, 24, 25, 26, 27, 28, 29]
[2026-05-16 00:52:09] Valid hours for sum: [12, 18, 24, 29]
[2026-05-16 00:52:11] Drought composite end date: 2018-08-08 06:00:00
[2026-05-16 00:52:11] Land cover year: 2017
[2026-05-16 00:52:12] VIIRS Veg composite: 2018-07-28 → 2018-08-13
[2026-05-16 00:52:16] Started export task: fire_238_dynamic_2018-08-10
[2026-05-16 00:52:16] ------ Processing date=2018-08-11 ------
[2026-05-16 00:52:16] Using viirs_af_path: viirs_af_path
[2026-05-16 00:52:16] VIIRS Image Date: ['2018-08-11 00:00:00']
[2026-05-16 00:52:17] Weather image size: 1
[2026-05-16 00:52:17] Forecast duration: 2018-08-12 00:00:00 to 2018-08-13 00:00:00
[2026-05-16 00:52:17] Number of forecast images: 24
[2026-05-16 00:52:17] Using forecast run: 2018-08-11 18:00:00 UTC
[2026-05-16 00:52:18] Forecast Rain Available hours: [6, 7, 8, 9, 10, 11, 12, 13, 14, 15, 16, 17, 18, 19, 20, 21, 22, 23, 24, 25, 26, 27, 28, 29]
[2026-05-16 00:52:18] Valid hours for sum: [12, 18, 24, 29]
[2026-05-16 00:52:22] Drought composite end date: 2018-08-08 06:00:00
[2026-05-16 00:52:22] Land cover year: 2017
[2026-05-16 00:52:23] VIIRS Veg composite: 2018-07-28 → 2018-08-13
[2026-05-16 00:52:27] Started export task: fire_238_dynamic_2018-08-11
[2026-05-16 00:52:28] ------ Processing date=2018-08-12 ------
[2026-05-16 00:52:28] Using viirs_af_path: viirs_af_path
[2026-05-16 00:52:28] VIIRS Image Date: ['2018-08-12 00:00:00']
[2026-05-16 00:52:28] Weather image size: 1
[2026-05-16 00:52:28] Forecast duration: 2018-08-13 00:00:00 to 2018-08-14 00:00:00
[2026-05-16 00:52:29] Number of forecast images: 24
[2026-05-16 00:52:29] Using forecast run: 2018-08-12 18:00:00 UTC
[2026-05-16 00:52:30] Forecast Rain Available hours: [6, 7, 8, 9, 10, 11, 12, 13, 14, 15, 16, 17, 18, 19, 20, 21, 22, 23, 24, 25, 26, 27, 28, 29]
[2026-05-16 00:52:30] Valid hours for sum: [12, 18, 24, 29]
[2026-05-16 00:52:33] Drought composite end date: 2018-08-08 06:00:00
[2026-05-16 00:52:33] Land cover year: 2017
[2026-05-16 00:52:34] VIIRS Veg composite: 2018-07-28 → 2018-08-13
[2026-05-16 00:52:39] Started export task: fire_238_dynamic_2018-08-12
[2026-05-16 00:52:39] ------ Processing date=2018-08-13 ------
[2026-05-16 00:52:39] Using viirs_af_path: viirs_af_path
[2026-05-16 00:52:39] VIIRS Image Date: ['2018-08-13 00:00:00']
[2026-05-16 00:52:40] Weather image size: 1
[2026-05-16 00:52:40] Forecast duration: 2018-08-14 00:00:00 to 2018-08-15 00:00:00
[2026-05-16 00:52:42] Number of forecast images: 24
[2026-05-16 00:52:42] Using forecast run: 2018-08-13 18:00:00 UTC
[2026-05-16 00:52:42] Forecast Rain Available hours: [6, 7, 8, 9, 10, 11, 12, 13, 14, 15, 16, 17, 18, 19, 20, 21, 22, 23, 24, 25, 26, 27, 28, 29]
[2026-05-16 00:52:42] Valid hours for sum: [12, 18, 24, 29]
[2026-05-16 00:52:44] Drought composite end date: 2018-08-08 06:00:00
[2026-05-16 00:52:44] Land cover year: 2017
[2026-05-16 00:52:45] VIIRS Veg composite: 2018-07-28 → 2018-08-13
[2026-05-16 00:52:50] Started export task: fire_238_dynamic_2018-08-13
[2026-05-16 00:52:50] ------ Processing date=2018-08-14 ------
[2026-05-16 00:52:50] Using viirs_af_path: viirs_af_path
[2026-05-16 00:52:51] VIIRS Image Date: ['2018-08-14 00:00:00']
[2026-05-16 00:52:51] Weather image size: 1
[2026-05-16 00:52:51] Forecast duration: 2018-08-15 00:00:00 to 2018-08-16 00:00:00
[2026-05-16 00:52:53] Number of forecast images: 24
[2026-05-16 00:52:53] Using forecast run: 2018-08-14 18:00:00 UTC
[2026-05-16 00:52:53] Forecast Rain Available hours: [6, 7, 8, 9, 10, 11, 12, 13, 14, 15, 16, 17, 18, 19, 20, 21, 22, 23, 24, 25, 26, 27, 28, 29]
[2026-05-16 00:52:53] Valid hours for sum: [12, 18, 24, 29]
[2026-05-16 00:52:55] Drought composite end date: 2018-08-13 06:00:00
[2026-05-16 00:52:55] Land cover year: 2017
[2026-05-16 00:52:56] VIIRS Veg composite: 2018-07-28 → 2018-08-13
[2026-05-16 00:53:00] Started export task: fire_238_dynamic_2018-08-14
[2026-05-16 00:53:00] ------ Processing date=2018-08-15 ------
[2026-05-16 00:53:00] Using viirs_af_path: viirs_af_path
[2026-05-16 00:53:01] VIIRS Image Date: ['2018-08-15 00:00:00']
[2026-05-16 00:53:01] Weather image size: 1
[2026-05-16 00:53:01] Forecast duration: 2018-08-16 00:00:00 to 2018-08-17 00:00:00
[2026-05-16 00:53:02] Number of forecast images: 24
[2026-05-16 00:53:02] Using forecast run: 2018-08-15 18:00:00 UTC
[2026-05-16 00:53:03] Forecast Rain Available hours: [6, 7, 8, 9, 10, 11, 12, 13, 14, 15, 16, 17, 18, 19, 20, 21, 22, 23, 24, 25, 26, 27, 28, 29]
[2026-05-16 00:53:03] Valid hours for sum: [12, 18, 24, 29]
[2026-05-16 00:53:05] Drought composite end date: 2018-08-13 06:00:00
[2026-05-16 00:53:05] Land cover year: 2017
[2026-05-16 00:53:06] VIIRS Veg composite: 2018-07-28 → 2018-08-13
[2026-05-16 00:53:09] Started export task: fire_238_dynamic_2018-08-15
[2026-05-16 00:53:10] ------ Processing date=2018-08-16 ------
[2026-05-16 00:53:10] Using viirs_af_path: viirs_af_path
[2026-05-16 00:53:10] VIIRS Image Date: ['2018-08-16 00:00:00']
[2026-05-16 00:53:10] Weather image size: 1
[2026-05-16 00:53:10] Forecast duration: 2018-08-17 00:00:00 to 2018-08-18 00:00:00
[2026-05-16 00:53:11] Number of forecast images: 24
[2026-05-16 00:53:11] Using forecast run: 2018-08-16 18:00:00 UTC
[2026-05-16 00:53:12] Forecast Rain Available hours: [6, 7, 8, 9, 10, 11, 12, 13, 14, 15, 16, 17, 18, 19, 20, 21, 22, 23, 24, 25, 26, 27, 28, 29]
[2026-05-16 00:53:12] Valid hours for sum: [12, 18, 24, 29]
[2026-05-16 00:53:14] Drought composite end date: 2018-08-13 06:00:00
[2026-05-16 00:53:14] Land cover year: 2017
[2026-05-16 00:53:15] VIIRS Veg composite: 2018-07-28 → 2018-08-13
[2026-05-16 00:53:19] Started export task: fire_238_dynamic_2018-08-16
[2026-05-16 00:53:20] ------ Processing date=2018-08-17 ------
[2026-05-16 00:53:20] Using viirs_af_path: viirs_af_path
[2026-05-16 00:53:20] VIIRS Image Date: ['2018-08-17 00:00:00']
[2026-05-16 00:53:21] Weather image size: 1
[2026-05-16 00:53:21] Forecast duration: 2018-08-18 00:00:00 to 2018-08-19 00:00:00
[2026-05-16 00:53:22] Number of forecast images: 24
[2026-05-16 00:53:22] Using forecast run: 2018-08-17 18:00:00 UTC
[2026-05-16 00:53:23] Forecast Rain Available hours: [6, 7, 8, 9, 10, 11, 12, 13, 14, 15, 16, 17, 18, 19, 20, 21, 22, 23, 24, 25, 26, 27, 28, 29]
[2026-05-16 00:53:23] Valid hours for sum: [12, 18, 24, 29]
[2026-05-16 00:53:24] Drought composite end date: 2018-08-13 06:00:00
[2026-05-16 00:53:24] Land cover year: 2017
[2026-05-16 00:53:25] VIIRS Veg composite: 2018-07-28 → 2018-08-13
[2026-05-16 00:53:28] Started export task: fire_238_dynamic_2018-08-17
[2026-05-16 00:53:29] ------ Processing date=2018-08-18 ------
[2026-05-16 00:53:29] Using viirs_af_path: viirs_af_path
[2026-05-16 00:53:30] VIIRS Image Date: ['2018-08-18 00:00:00']
[2026-05-16 00:53:30] Weather image size: 1
[2026-05-16 00:53:30] Forecast duration: 2018-08-19 00:00:00 to 2018-08-20 00:00:00
[2026-05-16 00:53:31] Number of forecast images: 24
[2026-05-16 00:53:31] Using forecast run: 2018-08-18 18:00:00 UTC
[2026-05-16 00:53:31] Forecast Rain Available hours: [6, 7, 8, 9, 10, 11, 12, 13, 14, 15, 16, 17, 18, 19, 20, 21, 22, 23, 24, 25, 26, 27, 28, 29]
[2026-05-16 00:53:31] Valid hours for sum: [12, 18, 24, 29]
[2026-05-16 00:53:33] Drought composite end date: 2018-08-13 06:00:00
[2026-05-16 00:53:33] Land cover year: 2017
[2026-05-16 00:53:35] VIIRS Veg composite: 2018-07-28 → 2018-08-13
[2026-05-16 00:53:39] Started export task: fire_238_dynamic_2018-08-18
[2026-05-16 00:53:40] ------ Processing date=2018-08-19 ------
[2026-05-16 00:53:40] Using viirs_af_path: viirs_af_path
[2026-05-16 00:53:40] VIIRS Image Date: ['2018-08-19 00:00:00']
[2026-05-16 00:53:41] Weather image size: 1
[2026-05-16 00:53:41] Forecast duration: 2018-08-20 00:00:00 to 2018-08-21 00:00:00
[2026-05-16 00:53:42] Number of forecast images: 24
[2026-05-16 00:53:42] Using forecast run: 2018-08-19 18:00:00 UTC
[2026-05-16 00:53:42] Forecast Rain Available hours: [6, 7, 8, 9, 10, 11, 12, 13, 14, 15, 16, 17, 18, 19, 20, 21, 22, 23, 24, 25, 26, 27, 28, 29]
[2026-05-16 00:53:42] Valid hours for sum: [12, 18, 24, 29]
[2026-05-16 00:53:44] Drought composite end date: 2018-08-18 06:00:00
[2026-05-16 00:53:45] Land cover year: 2017
[2026-05-16 00:53:45] VIIRS Veg composite: 2018-07-28 → 2018-08-13
[2026-05-16 00:53:49] Started export task: fire_238_dynamic_2018-08-19
[2026-05-16 00:53:49] ------ Processing date=2018-08-20 ------
[2026-05-16 00:53:49] Using viirs_af_path: viirs_af_path
[2026-05-16 00:53:50] VIIRS Image Date: ['2018-08-20 00:00:00']
[2026-05-16 00:53:50] Weather image size: 1
[2026-05-16 00:53:50] Forecast duration: 2018-08-21 00:00:00 to 2018-08-22 00:00:00
[2026-05-16 00:53:51] Number of forecast images: 24
[2026-05-16 00:53:51] Using forecast run: 2018-08-20 18:00:00 UTC
[2026-05-16 00:53:51] Forecast Rain Available hours: [6, 7, 8, 9, 10, 11, 12, 13, 14, 15, 16, 17, 18, 19, 20, 21, 22, 23, 24, 25, 26, 27, 28, 29]
[2026-05-16 00:53:51] Valid hours for sum: [12, 18, 24, 29]
[2026-05-16 00:53:53] Drought composite end date: 2018-08-18 06:00:00
[2026-05-16 00:53:54] Land cover year: 2017
[2026-05-16 00:53:56] VIIRS Veg composite: 2018-07-28 → 2018-08-13
[2026-05-16 00:53:59] Started export task: fire_238_dynamic_2018-08-20
[2026-05-16 00:54:00] ------ Processing date=2018-08-21 ------
[2026-05-16 00:54:00] Using viirs_af_path: viirs_af_path
[2026-05-16 00:54:00] VIIRS Image Date: ['2018-08-21 00:00:00']
[2026-05-16 00:54:01] Weather image size: 1
[2026-05-16 00:54:01] Forecast duration: 2018-08-22 00:00:00 to 2018-08-23 00:00:00
[2026-05-16 00:54:02] Number of forecast images: 24
[2026-05-16 00:54:02] Using forecast run: 2018-08-21 18:00:00 UTC
[2026-05-16 00:54:02] Forecast Rain Available hours: [6, 7, 8, 9, 10, 11, 12, 13, 14, 15, 16, 17, 18, 19, 20, 21, 22, 23, 24, 25, 26, 27, 28, 29]
[2026-05-16 00:54:02] Valid hours for sum: [12, 18, 24, 29]
[2026-05-16 00:54:03] Drought composite end date: 2018-08-18 06:00:00
[2026-05-16 00:54:04] Land cover year: 2017
[2026-05-16 00:54:05] VIIRS Veg composite: 2018-07-28 → 2018-08-13
[2026-05-16 00:54:09] Started export task: fire_238_dynamic_2018-08-21
[2026-05-16 00:54:09] ------ Processing date=2018-08-22 ------
[2026-05-16 00:54:09] Using viirs_af_path: viirs_af_path
[2026-05-16 00:54:10] VIIRS Image Date: ['2018-08-22 00:00:00']
[2026-05-16 00:54:10] Weather image size: 1
[2026-05-16 00:54:10] Forecast duration: 2018-08-23 00:00:00 to 2018-08-24 00:00:00
[2026-05-16 00:54:11] Number of forecast images: 24
[2026-05-16 00:54:11] Using forecast run: 2018-08-22 18:00:00 UTC
[2026-05-16 00:54:11] Forecast Rain Available hours: [6, 7, 8, 9, 10, 11, 12, 13, 14, 15, 16, 17, 18, 19, 20, 21, 22, 23, 24, 25, 26, 27, 28, 29]
[2026-05-16 00:54:11] Valid hours for sum: [12, 18, 24, 29]
[2026-05-16 00:54:13] Drought composite end date: 2018-08-18 06:00:00
[2026-05-16 00:54:13] Land cover year: 2017
[2026-05-16 00:54:15] VIIRS Veg composite: 2018-07-28 → 2018-08-13
[2026-05-16 00:54:18] Started export task: fire_238_dynamic_2018-08-22
[2026-05-16 00:54:19] ------ Processing date=2018-08-23 ------
[2026-05-16 00:54:19] Using viirs_af_path: viirs_af_path
[2026-05-16 00:54:19] VIIRS Image Date: ['2018-08-23 00:00:00']
[2026-05-16 00:54:20] Weather image size: 1
[2026-05-16 00:54:20] Forecast duration: 2018-08-24 00:00:00 to 2018-08-25 00:00:00
[2026-05-16 00:54:21] Number of forecast images: 24
[2026-05-16 00:54:21] Using forecast run: 2018-08-23 18:00:00 UTC
[2026-05-16 00:54:21] Forecast Rain Available hours: [6, 7, 8, 9, 10, 11, 12, 13, 14, 15, 16, 17, 18, 19, 20, 21, 22, 23, 24, 25, 26, 27, 28, 29]
[2026-05-16 00:54:21] Valid hours for sum: [12, 18, 24, 29]
[2026-05-16 00:54:22] Drought composite end date: 2018-08-18 06:00:00
[2026-05-16 00:54:23] Land cover year: 2017
[2026-05-16 00:54:23] VIIRS Veg composite: 2018-07-28 → 2018-08-13
[2026-05-16 00:54:27] Started export task: fire_238_dynamic_2018-08-23
[2026-05-16 00:54:27] ------ Processing date=2018-08-24 ------
[2026-05-16 00:54:27] Using viirs_af_path: viirs_af_path
[2026-05-16 00:54:27] VIIRS Image Date: ['2018-08-24 00:00:00']
[2026-05-16 00:54:28] Weather image size: 1
[2026-05-16 00:54:28] Forecast duration: 2018-08-25 00:00:00 to 2018-08-26 00:00:00
[2026-05-16 00:54:49] Number of forecast images: 24
[2026-05-16 00:54:49] Using forecast run: 2018-08-24 18:00:00 UTC
[2026-05-16 00:54:49] Forecast Rain Available hours: [6, 7, 8, 9, 10, 11, 12, 13, 14, 15, 16, 17, 18, 19, 20, 21, 22, 23, 24, 25, 26, 27, 28, 29]
[2026-05-16 00:54:49] Valid hours for sum: [12, 18, 24, 29]
[2026-05-16 00:54:52] Drought composite end date: 2018-08-23 06:00:00
[2026-05-16 00:54:52] Land cover year: 2017
[2026-05-16 00:54:53] VIIRS Veg composite: 2018-07-28 → 2018-08-13
[2026-05-16 00:54:56] Started export task: fire_238_dynamic_2018-08-24
[2026-05-16 00:54:57] ------ Processing date=2018-08-25 ------
[2026-05-16 00:54:57] Using viirs_af_path: viirs_af_path
[2026-05-16 00:54:57] VIIRS Image Date: ['2018-08-25 00:00:00']
[2026-05-16 00:54:57] Weather image size: 1
[2026-05-16 00:54:57] Forecast duration: 2018-08-26 00:00:00 to 2018-08-27 00:00:00
[2026-05-16 00:54:59] Number of forecast images: 24
[2026-05-16 00:54:59] Using forecast run: 2018-08-25 18:00:00 UTC
[2026-05-16 00:54:59] Forecast Rain Available hours: [6, 7, 8, 9, 10, 11, 12, 13, 14, 15, 16, 17, 18, 19, 20, 21, 22, 23, 24, 25, 26, 27, 28, 29]
[2026-05-16 00:54:59] Valid hours for sum: [12, 18, 24, 29]
[2026-05-16 00:55:02] Drought composite end date: 2018-08-23 06:00:00
[2026-05-16 00:55:02] Land cover year: 2017
[2026-05-16 00:55:03] VIIRS Veg composite: 2018-07-28 → 2018-08-13
[2026-05-16 00:55:08] Started export task: fire_238_dynamic_2018-08-25
[2026-05-16 00:55:09] ------ Processing date=2018-08-26 ------
[2026-05-16 00:55:09] Using viirs_af_path: viirs_af_path
[2026-05-16 00:55:09] VIIRS Image Date: ['2018-08-26 00:00:00']
[2026-05-16 00:55:10] Weather image size: 1
[2026-05-16 00:55:10] Forecast duration: 2018-08-27 00:00:00 to 2018-08-28 00:00:00
[2026-05-16 00:55:11] Number of forecast images: 24
[2026-05-16 00:55:11] Using forecast run: 2018-08-26 18:00:00 UTC
[2026-05-16 00:55:11] Forecast Rain Available hours: [6, 7, 8, 9, 10, 11, 12, 13, 14, 15, 16, 17, 18, 19, 20, 21, 22, 23, 24, 25, 26, 27, 28, 29]
[2026-05-16 00:55:11] Valid hours for sum: [12, 18, 24, 29]
[2026-05-16 00:55:13] Drought composite end date: 2018-08-23 06:00:00
[2026-05-16 00:55:13] Land cover year: 2017
[2026-05-16 00:55:14] VIIRS Veg composite: 2018-07-28 → 2018-08-13
[2026-05-16 00:55:19] Started export task: fire_238_dynamic_2018-08-26
[2026-05-16 00:55:19] ------ Processing date=2018-08-27 ------
[2026-05-16 00:55:19] Using viirs_af_path: viirs_af_path
[2026-05-16 00:55:19] VIIRS Image Date: ['2018-08-27 00:00:00']
[2026-05-16 00:55:20] Weather image size: 1
[2026-05-16 00:55:20] Forecast duration: 2018-08-28 00:00:00 to 2018-08-29 00:00:00
[2026-05-16 00:55:20] Number of forecast images: 24
[2026-05-16 00:55:20] Using forecast run: 2018-08-27 18:00:00 UTC
[2026-05-16 00:55:21] Forecast Rain Available hours: [6, 7, 8, 9, 10, 11, 12, 13, 14, 15, 16, 17, 18, 19, 20, 21, 22, 23, 24, 25, 26, 27, 28, 29]
[2026-05-16 00:55:21] Valid hours for sum: [12, 18, 24, 29]
[2026-05-16 00:55:24] Drought composite end date: 2018-08-23 06:00:00
[2026-05-16 00:55:24] Land cover year: 2017
[2026-05-16 00:55:25] VIIRS Veg composite: 2018-07-28 → 2018-08-13
[2026-05-16 00:55:30] Started export task: fire_238_dynamic_2018-08-27
[2026-05-16 00:55:30] ------ Processing date=2018-08-28 ------
[2026-05-16 00:55:30] Using viirs_af_path: viirs_af_path
[2026-05-16 00:55:31] VIIRS Image Date: ['2018-08-28 00:00:00']
[2026-05-16 00:55:31] Weather image size: 1
[2026-05-16 00:55:31] Forecast duration: 2018-08-29 00:00:00 to 2018-08-30 00:00:00
[2026-05-16 00:55:32] Number of forecast images: 24
[2026-05-16 00:55:32] Using forecast run: 2018-08-28 18:00:00 UTC
[2026-05-16 00:55:32] Forecast Rain Available hours: [6, 7, 8, 9, 10, 11, 12, 13, 14, 15, 16, 17, 18, 19, 20, 21, 22, 23, 24, 25, 26, 27, 28, 29]
[2026-05-16 00:55:32] Valid hours for sum: [12, 18, 24, 29]
[2026-05-16 00:55:34] Drought composite end date: 2018-08-23 06:00:00
[2026-05-16 00:55:34] Land cover year: 2017
[2026-05-16 00:55:35] VIIRS Veg composite: 2018-07-28 → 2018-08-13
[2026-05-16 00:55:38] Started export task: fire_238_dynamic_2018-08-28
[2026-05-16 00:55:38] END: ----------Event fire_238----------- (Duration: 3.87m)
[2026-05-16 00:55:38] START: ----------Event fire_240-----------
[2026-05-16 00:55:39] ------ Processing date=2018-08-09 ------
[2026-05-16 00:55:39] Using viirs_af_path: viirs_af_path
[2026-05-16 00:55:39] VIIRS Image Date: ['2018-08-09 00:00:00']
[2026-05-16 00:55:39] Weather image size: 1
[2026-05-16 00:55:39] Forecast duration: 2018-08-10 00:00:00 to 2018-08-11 00:00:00
[2026-05-16 00:55:40] Number of forecast images: 24
[2026-05-16 00:55:40] Using forecast run: 2018-08-09 18:00:00 UTC
[2026-05-16 00:55:41] Forecast Rain Available hours: [6, 7, 8, 9, 10, 11, 12, 13, 14, 15, 16, 17, 18, 19, 20, 21, 22, 23, 24, 25, 26, 27, 28, 29]
[2026-05-16 00:55:41] Valid hours for sum: [12, 18, 24, 29]
[2026-05-16 00:55:43] Drought composite end date: 2018-08-08 06:00:00
[2026-05-16 00:55:43] Land cover year: 2017
[2026-05-16 00:55:45] VIIRS Veg composite: 2018-07-28 → 2018-08-13
[2026-05-16 00:55:49] Started export task: fire_240_static
[2026-05-16 00:55:49] Started export task: fire_240_dynamic_2018-08-09
[2026-05-16 00:55:50] ------ Processing date=2018-08-10 ------
[2026-05-16 00:55:50] Using viirs_af_path: viirs_af_path
[2026-05-16 00:55:50] VIIRS Image Date: ['2018-08-10 00:00:00']
[2026-05-16 00:55:50] Weather image size: 1
[2026-05-16 00:55:50] Forecast duration: 2018-08-11 00:00:00 to 2018-08-12 00:00:00
[2026-05-16 00:55:51] Number of forecast images: 24
[2026-05-16 00:55:51] Using forecast run: 2018-08-10 18:00:00 UTC
[2026-05-16 00:55:52] Forecast Rain Available hours: [6, 7, 8, 9, 10, 11, 12, 13, 14, 15, 16, 17, 18, 19, 20, 21, 22, 23, 24, 25, 26, 27, 28, 29]
[2026-05-16 00:55:52] Valid hours for sum: [12, 18, 24, 29]
[2026-05-16 00:55:55] Drought composite end date: 2018-08-08 06:00:00
[2026-05-16 00:55:56] Land cover year: 2017
[2026-05-16 00:55:58] VIIRS Veg composite: 2018-07-28 → 2018-08-13
[2026-05-16 00:56:02] Started export task: fire_240_dynamic_2018-08-10
[2026-05-16 00:56:02] ------ Processing date=2018-08-11 ------
[2026-05-16 00:56:02] Using viirs_af_path: viirs_af_path
[2026-05-16 00:56:03] VIIRS Image Date: ['2018-08-11 00:00:00']
[2026-05-16 00:56:03] Weather image size: 1
[2026-05-16 00:56:03] Forecast duration: 2018-08-12 00:00:00 to 2018-08-13 00:00:00
[2026-05-16 00:56:04] Number of forecast images: 24
[2026-05-16 00:56:04] Using forecast run: 2018-08-11 18:00:00 UTC
[2026-05-16 00:56:05] Forecast Rain Available hours: [6, 7, 8, 9, 10, 11, 12, 13, 14, 15, 16, 17, 18, 19, 20, 21, 22, 23, 24, 25, 26, 27, 28, 29]
[2026-05-16 00:56:05] Valid hours for sum: [12, 18, 24, 29]
[2026-05-16 00:56:06] Drought composite end date: 2018-08-08 06:00:00
[2026-05-16 00:56:07] Land cover year: 2017
[2026-05-16 00:56:07] VIIRS Veg composite: 2018-07-28 → 2018-08-13
[2026-05-16 00:56:12] Started export task: fire_240_dynamic_2018-08-11
[2026-05-16 00:56:12] ------ Processing date=2018-08-12 ------
[2026-05-16 00:56:12] Using viirs_af_path: viirs_af_path
[2026-05-16 00:56:12] VIIRS Image Date: ['2018-08-12 00:00:00']
[2026-05-16 00:56:13] Weather image size: 1
[2026-05-16 00:56:13] Forecast duration: 2018-08-13 00:00:00 to 2018-08-14 00:00:00
[2026-05-16 00:56:14] Number of forecast images: 24
[2026-05-16 00:56:14] Using forecast run: 2018-08-12 18:00:00 UTC
[2026-05-16 00:56:14] Forecast Rain Available hours: [6, 7, 8, 9, 10, 11, 12, 13, 14, 15, 16, 17, 18, 19, 20, 21, 22, 23, 24, 25, 26, 27, 28, 29]
[2026-05-16 00:56:14] Valid hours for sum: [12, 18, 24, 29]
[2026-05-16 00:56:17] Drought composite end date: 2018-08-08 06:00:00
[2026-05-16 00:56:17] Land cover year: 2017
[2026-05-16 00:56:18] VIIRS Veg composite: 2018-07-28 → 2018-08-13
[2026-05-16 00:56:23] Started export task: fire_240_dynamic_2018-08-12
[2026-05-16 00:56:23] ------ Processing date=2018-08-13 ------
[2026-05-16 00:56:23] Using viirs_af_path: viirs_af_path
[2026-05-16 00:56:23] VIIRS Image Date: ['2018-08-13 00:00:00']
[2026-05-16 00:56:23] Weather image size: 1
[2026-05-16 00:56:23] Forecast duration: 2018-08-14 00:00:00 to 2018-08-15 00:00:00
[2026-05-16 00:56:24] Number of forecast images: 24
[2026-05-16 00:56:24] Using forecast run: 2018-08-13 18:00:00 UTC
[2026-05-16 00:56:25] Forecast Rain Available hours: [6, 7, 8, 9, 10, 11, 12, 13, 14, 15, 16, 17, 18, 19, 20, 21, 22, 23, 24, 25, 26, 27, 28, 29]
[2026-05-16 00:56:25] Valid hours for sum: [12, 18, 24, 29]
[2026-05-16 00:56:27] Drought composite end date: 2018-08-08 06:00:00
[2026-05-16 00:56:27] Land cover year: 2017
[2026-05-16 00:56:29] VIIRS Veg composite: 2018-07-28 → 2018-08-13
[2026-05-16 00:56:32] Started export task: fire_240_dynamic_2018-08-13
[2026-05-16 00:56:33] ------ Processing date=2018-08-14 ------
[2026-05-16 00:56:33] Using viirs_af_path: viirs_af_path
[2026-05-16 00:56:33] VIIRS Image Date: ['2018-08-14 00:00:00']
[2026-05-16 00:56:33] Weather image size: 1
[2026-05-16 00:56:33] Forecast duration: 2018-08-15 00:00:00 to 2018-08-16 00:00:00
[2026-05-16 00:56:35] Number of forecast images: 24
[2026-05-16 00:56:35] Using forecast run: 2018-08-14 18:00:00 UTC
[2026-05-16 00:56:35] Forecast Rain Available hours: [6, 7, 8, 9, 10, 11, 12, 13, 14, 15, 16, 17, 18, 19, 20, 21, 22, 23, 24, 25, 26, 27, 28, 29]
[2026-05-16 00:56:35] Valid hours for sum: [12, 18, 24, 29]
[2026-05-16 00:56:37] Drought composite end date: 2018-08-13 06:00:00
[2026-05-16 00:56:38] Land cover year: 2017
[2026-05-16 00:56:40] VIIRS Veg composite: 2018-07-28 → 2018-08-13
[2026-05-16 00:56:43] Started export task: fire_240_dynamic_2018-08-14
[2026-05-16 00:56:43] ------ Processing date=2018-08-15 ------
[2026-05-16 00:56:43] Using viirs_af_path: viirs_af_path
[2026-05-16 00:56:43] VIIRS Image Date: ['2018-08-15 00:00:00']
[2026-05-16 00:56:44] Weather image size: 1
[2026-05-16 00:56:44] Forecast duration: 2018-08-16 00:00:00 to 2018-08-17 00:00:00
[2026-05-16 00:56:44] Number of forecast images: 24
[2026-05-16 00:56:44] Using forecast run: 2018-08-15 18:00:00 UTC
[2026-05-16 00:56:45] Forecast Rain Available hours: [6, 7, 8, 9, 10, 11, 12, 13, 14, 15, 16, 17, 18, 19, 20, 21, 22, 23, 24, 25, 26, 27, 28, 29]
[2026-05-16 00:56:45] Valid hours for sum: [12, 18, 24, 29]
[2026-05-16 00:56:47] Drought composite end date: 2018-08-13 06:00:00
[2026-05-16 00:56:48] Land cover year: 2017
[2026-05-16 00:56:48] VIIRS Veg composite: 2018-07-28 → 2018-08-13
[2026-05-16 00:56:53] Started export task: fire_240_dynamic_2018-08-15
[2026-05-16 00:56:54] ------ Processing date=2018-08-16 ------
[2026-05-16 00:56:54] Using viirs_af_path: viirs_af_path
[2026-05-16 00:56:54] VIIRS Image Date: ['2018-08-16 00:00:00']
[2026-05-16 00:56:54] Weather image size: 1
[2026-05-16 00:56:54] Forecast duration: 2018-08-17 00:00:00 to 2018-08-18 00:00:00
[2026-05-16 00:56:55] Number of forecast images: 24
[2026-05-16 00:56:55] Using forecast run: 2018-08-16 18:00:00 UTC
[2026-05-16 00:56:56] Forecast Rain Available hours: [6, 7, 8, 9, 10, 11, 12, 13, 14, 15, 16, 17, 18, 19, 20, 21, 22, 23, 24, 25, 26, 27, 28, 29]
[2026-05-16 00:56:56] Valid hours for sum: [12, 18, 24, 29]
[2026-05-16 00:56:58] Drought composite end date: 2018-08-13 06:00:00
[2026-05-16 00:56:58] Land cover year: 2017
[2026-05-16 00:56:59] VIIRS Veg composite: 2018-07-28 → 2018-08-13
[2026-05-16 00:57:03] Started export task: fire_240_dynamic_2018-08-16
[2026-05-16 00:57:03] ------ Processing date=2018-08-17 ------
[2026-05-16 00:57:03] Using viirs_af_path: viirs_af_path
[2026-05-16 00:57:04] VIIRS Image Date: ['2018-08-17 00:00:00']
[2026-05-16 00:57:05] Weather image size: 1
[2026-05-16 00:57:05] Forecast duration: 2018-08-18 00:00:00 to 2018-08-19 00:00:00
[2026-05-16 00:57:06] Number of forecast images: 24
[2026-05-16 00:57:06] Using forecast run: 2018-08-17 18:00:00 UTC
[2026-05-16 00:57:06] Forecast Rain Available hours: [6, 7, 8, 9, 10, 11, 12, 13, 14, 15, 16, 17, 18, 19, 20, 21, 22, 23, 24, 25, 26, 27, 28, 29]
[2026-05-16 00:57:06] Valid hours for sum: [12, 18, 24, 29]
[2026-05-16 00:57:08] Drought composite end date: 2018-08-13 06:00:00
[2026-05-16 00:57:08] Land cover year: 2017
[2026-05-16 00:57:09] VIIRS Veg composite: 2018-07-28 → 2018-08-13
[2026-05-16 00:57:13] Started export task: fire_240_dynamic_2018-08-17
[2026-05-16 00:57:13] ------ Processing date=2018-08-18 ------
[2026-05-16 00:57:13] Using viirs_af_path: viirs_af_path
[2026-05-16 00:57:14] VIIRS Image Date: ['2018-08-18 00:00:00']
[2026-05-16 00:57:15] Weather image size: 1
[2026-05-16 00:57:15] Forecast duration: 2018-08-19 00:00:00 to 2018-08-20 00:00:00
[2026-05-16 00:57:17] Number of forecast images: 24
[2026-05-16 00:57:17] Using forecast run: 2018-08-18 18:00:00 UTC
[2026-05-16 00:57:18] Forecast Rain Available hours: [6, 7, 8, 9, 10, 11, 12, 13, 14, 15, 16, 17, 18, 19, 20, 21, 22, 23, 24, 25, 26, 27, 28, 29]
[2026-05-16 00:57:18] Valid hours for sum: [12, 18, 24, 29]
[2026-05-16 00:57:20] Drought composite end date: 2018-08-13 06:00:00
[2026-05-16 00:57:21] Land cover year: 2017
[2026-05-16 00:57:23] VIIRS Veg composite: 2018-07-28 → 2018-08-13
[2026-05-16 00:57:28] Started export task: fire_240_dynamic_2018-08-18
[2026-05-16 00:57:28] ------ Processing date=2018-08-19 ------
[2026-05-16 00:57:28] Using viirs_af_path: viirs_af_path
[2026-05-16 00:57:29] VIIRS Image Date: ['2018-08-19 00:00:00']
[2026-05-16 00:57:30] Weather image size: 1
[2026-05-16 00:57:30] Forecast duration: 2018-08-20 00:00:00 to 2018-08-21 00:00:00
[2026-05-16 00:57:31] Number of forecast images: 24
[2026-05-16 00:57:31] Using forecast run: 2018-08-19 18:00:00 UTC
[2026-05-16 00:57:32] Forecast Rain Available hours: [6, 7, 8, 9, 10, 11, 12, 13, 14, 15, 16, 17, 18, 19, 20, 21, 22, 23, 24, 25, 26, 27, 28, 29]
[2026-05-16 00:57:32] Valid hours for sum: [12, 18, 24, 29]
[2026-05-16 00:57:34] Drought composite end date: 2018-08-18 06:00:00
[2026-05-16 00:57:35] Land cover year: 2017
[2026-05-16 00:57:38] VIIRS Veg composite: 2018-07-28 → 2018-08-13
[2026-05-16 00:57:43] Started export task: fire_240_dynamic_2018-08-19
[2026-05-16 00:57:43] ------ Processing date=2018-08-20 ------
[2026-05-16 00:57:43] Using viirs_af_path: viirs_af_path
[2026-05-16 00:57:44] VIIRS Image Date: ['2018-08-20 00:00:00']
[2026-05-16 00:57:45] Weather image size: 1
[2026-05-16 00:57:45] Forecast duration: 2018-08-21 00:00:00 to 2018-08-22 00:00:00
[2026-05-16 00:57:46] Number of forecast images: 24
[2026-05-16 00:57:46] Using forecast run: 2018-08-20 18:00:00 UTC
[2026-05-16 00:57:46] Forecast Rain Available hours: [6, 7, 8, 9, 10, 11, 12, 13, 14, 15, 16, 17, 18, 19, 20, 21, 22, 23, 24, 25, 26, 27, 28, 29]
[2026-05-16 00:57:46] Valid hours for sum: [12, 18, 24, 29]
[2026-05-16 00:57:48] Drought composite end date: 2018-08-18 06:00:00
[2026-05-16 00:57:49] Land cover year: 2017
[2026-05-16 00:57:51] VIIRS Veg composite: 2018-07-28 → 2018-08-13
[2026-05-16 00:57:55] Started export task: fire_240_dynamic_2018-08-20
[2026-05-16 00:57:56] ------ Processing date=2018-08-21 ------
[2026-05-16 00:57:56] Using viirs_af_path: viirs_af_path
[2026-05-16 00:57:57] VIIRS Image Date: ['2018-08-21 00:00:00']
[2026-05-16 00:57:58] Weather image size: 1
[2026-05-16 00:57:58] Forecast duration: 2018-08-22 00:00:00 to 2018-08-23 00:00:00
[2026-05-16 00:58:00] Number of forecast images: 24
[2026-05-16 00:58:00] Using forecast run: 2018-08-21 18:00:00 UTC
[2026-05-16 00:58:02] Forecast Rain Available hours: [6, 7, 8, 9, 10, 11, 12, 13, 14, 15, 16, 17, 18, 19, 20, 21, 22, 23, 24, 25, 26, 27, 28, 29]
[2026-05-16 00:58:02] Valid hours for sum: [12, 18, 24, 29]
[2026-05-16 00:58:05] Drought composite end date: 2018-08-18 06:00:00
[2026-05-16 00:58:05] Land cover year: 2017
[2026-05-16 00:58:06] VIIRS Veg composite: 2018-07-28 → 2018-08-13
[2026-05-16 00:58:11] Started export task: fire_240_dynamic_2018-08-21
[2026-05-16 00:58:12] ------ Processing date=2018-08-22 ------
[2026-05-16 00:58:12] Using viirs_af_path: viirs_af_path
[2026-05-16 00:58:12] VIIRS Image Date: ['2018-08-22 00:00:00']
[2026-05-16 00:58:13] Weather image size: 1
[2026-05-16 00:58:13] Forecast duration: 2018-08-23 00:00:00 to 2018-08-24 00:00:00
[2026-05-16 00:58:14] Number of forecast images: 24
[2026-05-16 00:58:14] Using forecast run: 2018-08-22 18:00:00 UTC
[2026-05-16 00:58:15] Forecast Rain Available hours: [6, 7, 8, 9, 10, 11, 12, 13, 14, 15, 16, 17, 18, 19, 20, 21, 22, 23, 24, 25, 26, 27, 28, 29]
[2026-05-16 00:58:15] Valid hours for sum: [12, 18, 24, 29]
[2026-05-16 00:58:16] Drought composite end date: 2018-08-18 06:00:00
[2026-05-16 00:58:17] Land cover year: 2017
[2026-05-16 00:58:19] VIIRS Veg composite: 2018-07-28 → 2018-08-13
[2026-05-16 00:58:22] Started export task: fire_240_dynamic_2018-08-22
[2026-05-16 00:58:22] ------ Processing date=2018-08-23 ------
[2026-05-16 00:58:22] Using viirs_af_path: viirs_af_path
[2026-05-16 00:58:22] VIIRS Image Date: ['2018-08-23 00:00:00']
[2026-05-16 00:58:23] Weather image size: 1
[2026-05-16 00:58:23] Forecast duration: 2018-08-24 00:00:00 to 2018-08-25 00:00:00
[2026-05-16 00:58:24] Number of forecast images: 24
[2026-05-16 00:58:24] Using forecast run: 2018-08-23 18:00:00 UTC
[2026-05-16 00:58:24] Forecast Rain Available hours: [6, 7, 8, 9, 10, 11, 12, 13, 14, 15, 16, 17, 18, 19, 20, 21, 22, 23, 24, 25, 26, 27, 28, 29]
[2026-05-16 00:58:24] Valid hours for sum: [12, 18, 24, 29]
[2026-05-16 00:58:27] Drought composite end date: 2018-08-18 06:00:00
[2026-05-16 00:58:27] Land cover year: 2017
[2026-05-16 00:58:29] VIIRS Veg composite: 2018-07-28 → 2018-08-13
[2026-05-16 00:58:34] Started export task: fire_240_dynamic_2018-08-23
[2026-05-16 00:58:35] ------ Processing date=2018-08-24 ------
[2026-05-16 00:58:35] Using viirs_af_path: viirs_af_path
[2026-05-16 00:58:35] VIIRS Image Date: ['2018-08-24 00:00:00']
[2026-05-16 00:58:36] Weather image size: 1
[2026-05-16 00:58:36] Forecast duration: 2018-08-25 00:00:00 to 2018-08-26 00:00:00
[2026-05-16 00:58:37] Number of forecast images: 24
[2026-05-16 00:58:37] Using forecast run: 2018-08-24 18:00:00 UTC
[2026-05-16 00:58:38] Forecast Rain Available hours: [6, 7, 8, 9, 10, 11, 12, 13, 14, 15, 16, 17, 18, 19, 20, 21, 22, 23, 24, 25, 26, 27, 28, 29]
[2026-05-16 00:58:38] Valid hours for sum: [12, 18, 24, 29]
[2026-05-16 00:58:40] Drought composite end date: 2018-08-23 06:00:00
[2026-05-16 00:58:41] Land cover year: 2017
[2026-05-16 00:58:43] VIIRS Veg composite: 2018-07-28 → 2018-08-13
[2026-05-16 00:58:47] Started export task: fire_240_dynamic_2018-08-24
[2026-05-16 00:58:48] ------ Processing date=2018-08-25 ------
[2026-05-16 00:58:48] Using viirs_af_path: viirs_af_path
[2026-05-16 00:58:48] VIIRS Image Date: ['2018-08-25 00:00:00']
[2026-05-16 00:58:49] Weather image size: 1
[2026-05-16 00:58:49] Forecast duration: 2018-08-26 00:00:00 to 2018-08-27 00:00:00
[2026-05-16 00:58:50] Number of forecast images: 24
[2026-05-16 00:58:50] Using forecast run: 2018-08-25 18:00:00 UTC
[2026-05-16 00:58:51] Forecast Rain Available hours: [6, 7, 8, 9, 10, 11, 12, 13, 14, 15, 16, 17, 18, 19, 20, 21, 22, 23, 24, 25, 26, 27, 28, 29]
[2026-05-16 00:58:51] Valid hours for sum: [12, 18, 24, 29]
[2026-05-16 00:58:54] Drought composite end date: 2018-08-23 06:00:00
[2026-05-16 00:58:54] Land cover year: 2017
[2026-05-16 00:58:55] VIIRS Veg composite: 2018-07-28 → 2018-08-13
[2026-05-16 00:59:00] Started export task: fire_240_dynamic_2018-08-25
[2026-05-16 00:59:00] ------ Processing date=2018-08-26 ------
[2026-05-16 00:59:00] Using viirs_af_path: viirs_af_path
[2026-05-16 00:59:00] VIIRS Image Date: ['2018-08-26 00:00:00']
[2026-05-16 00:59:01] Weather image size: 1
[2026-05-16 00:59:01] Forecast duration: 2018-08-27 00:00:00 to 2018-08-28 00:00:00
[2026-05-16 00:59:02] Number of forecast images: 24
[2026-05-16 00:59:02] Using forecast run: 2018-08-26 18:00:00 UTC
[2026-05-16 00:59:04] Forecast Rain Available hours: [6, 7, 8, 9, 10, 11, 12, 13, 14, 15, 16, 17, 18, 19, 20, 21, 22, 23, 24, 25, 26, 27, 28, 29]
[2026-05-16 00:59:04] Valid hours for sum: [12, 18, 24, 29]
[2026-05-16 00:59:06] Drought composite end date: 2018-08-23 06:00:00
[2026-05-16 00:59:07] Land cover year: 2017
[2026-05-16 00:59:09] VIIRS Veg composite: 2018-07-28 → 2018-08-13
[2026-05-16 00:59:13] Started export task: fire_240_dynamic_2018-08-26
[2026-05-16 00:59:14] ------ Processing date=2018-08-27 ------
[2026-05-16 00:59:14] Using viirs_af_path: viirs_af_path
[2026-05-16 00:59:15] VIIRS Image Date: ['2018-08-27 00:00:00']
[2026-05-16 00:59:15] Weather image size: 1
[2026-05-16 00:59:15] Forecast duration: 2018-08-28 00:00:00 to 2018-08-29 00:00:00
[2026-05-16 00:59:16] Number of forecast images: 24
[2026-05-16 00:59:16] Using forecast run: 2018-08-27 18:00:00 UTC
[2026-05-16 00:59:17] Forecast Rain Available hours: [6, 7, 8, 9, 10, 11, 12, 13, 14, 15, 16, 17, 18, 19, 20, 21, 22, 23, 24, 25, 26, 27, 28, 29]
[2026-05-16 00:59:17] Valid hours for sum: [12, 18, 24, 29]
[2026-05-16 00:59:19] Drought composite end date: 2018-08-23 06:00:00
[2026-05-16 00:59:19] Land cover year: 2017
[2026-05-16 00:59:20] VIIRS Veg composite: 2018-07-28 → 2018-08-13
[2026-05-16 00:59:24] Started export task: fire_240_dynamic_2018-08-27
[2026-05-16 00:59:24] END: ----------Event fire_240----------- (Duration: 3.77m)
[2026-05-16 00:59:24] START: ----------Event fire_243-----------
[2026-05-16 00:59:25] ------ Processing date=2018-08-10 ------
[2026-05-16 00:59:25] Using viirs_af_path: viirs_af_path
[2026-05-16 00:59:25] VIIRS Image Date: ['2018-08-10 00:00:00']
[2026-05-16 00:59:26] Weather image size: 1
[2026-05-16 00:59:26] Forecast duration: 2018-08-11 00:00:00 to 2018-08-12 00:00:00
[2026-05-16 00:59:27] Number of forecast images: 24
[2026-05-16 00:59:27] Using forecast run: 2018-08-10 18:00:00 UTC
[2026-05-16 00:59:27] Forecast Rain Available hours: [6, 7, 8, 9, 10, 11, 12, 13, 14, 15, 16, 17, 18, 19, 20, 21, 22, 23, 24, 25, 26, 27, 28, 29]
[2026-05-16 00:59:27] Valid hours for sum: [12, 18, 24, 29]
[2026-05-16 00:59:30] Drought composite end date: 2018-08-08 06:00:00
[2026-05-16 00:59:31] Land cover year: 2017
[2026-05-16 00:59:34] VIIRS Veg composite: 2018-07-28 → 2018-08-13
[2026-05-16 00:59:37] Started export task: fire_243_static
[2026-05-16 00:59:37] Started export task: fire_243_dynamic_2018-08-10
[2026-05-16 00:59:38] ------ Processing date=2018-08-11 ------
[2026-05-16 00:59:38] Using viirs_af_path: viirs_af_path
[2026-05-16 00:59:38] VIIRS Image Date: ['2018-08-11 00:00:00']
[2026-05-16 00:59:39] Weather image size: 1
[2026-05-16 00:59:39] Forecast duration: 2018-08-12 00:00:00 to 2018-08-13 00:00:00
[2026-05-16 00:59:40] Number of forecast images: 24
[2026-05-16 00:59:40] Using forecast run: 2018-08-11 18:00:00 UTC
[2026-05-16 00:59:41] Forecast Rain Available hours: [6, 7, 8, 9, 10, 11, 12, 13, 14, 15, 16, 17, 18, 19, 20, 21, 22, 23, 24, 25, 26, 27, 28, 29]
[2026-05-16 00:59:41] Valid hours for sum: [12, 18, 24, 29]
[2026-05-16 00:59:42] Drought composite end date: 2018-08-08 06:00:00
[2026-05-16 00:59:43] Land cover year: 2017
[2026-05-16 00:59:43] VIIRS Veg composite: 2018-07-28 → 2018-08-13
[2026-05-16 00:59:49] Started export task: fire_243_dynamic_2018-08-11
[2026-05-16 00:59:49] ------ Processing date=2018-08-12 ------
[2026-05-16 00:59:49] Using viirs_af_path: viirs_af_path
[2026-05-16 00:59:49] VIIRS Image Date: ['2018-08-12 00:00:00']
[2026-05-16 00:59:50] Weather image size: 1
[2026-05-16 00:59:50] Forecast duration: 2018-08-13 00:00:00 to 2018-08-14 00:00:00
[2026-05-16 00:59:51] Number of forecast images: 24
[2026-05-16 00:59:51] Using forecast run: 2018-08-12 18:00:00 UTC
[2026-05-16 00:59:51] Forecast Rain Available hours: [6, 7, 8, 9, 10, 11, 12, 13, 14, 15, 16, 17, 18, 19, 20, 21, 22, 23, 24, 25, 26, 27, 28, 29]
[2026-05-16 00:59:51] Valid hours for sum: [12, 18, 24, 29]
[2026-05-16 00:59:54] Drought composite end date: 2018-08-08 06:00:00
[2026-05-16 00:59:54] Land cover year: 2017
[2026-05-16 00:59:55] VIIRS Veg composite: 2018-07-28 → 2018-08-13
[2026-05-16 01:00:01] Started export task: fire_243_dynamic_2018-08-12
[2026-05-16 01:00:02] ------ Processing date=2018-08-13 ------
[2026-05-16 01:00:02] Using viirs_af_path: viirs_af_path
[2026-05-16 01:00:02] VIIRS Image Date: ['2018-08-13 00:00:00']
[2026-05-16 01:00:02] Weather image size: 1
[2026-05-16 01:00:02] Forecast duration: 2018-08-14 00:00:00 to 2018-08-15 00:00:00
[2026-05-16 01:00:03] Number of forecast images: 24
[2026-05-16 01:00:03] Using forecast run: 2018-08-13 18:00:00 UTC
[2026-05-16 01:00:04] Forecast Rain Available hours: [6, 7, 8, 9, 10, 11, 12, 13, 14, 15, 16, 17, 18, 19, 20, 21, 22, 23, 24, 25, 26, 27, 28, 29]
[2026-05-16 01:00:04] Valid hours for sum: [12, 18, 24, 29]
[2026-05-16 01:00:06] Drought composite end date: 2018-08-08 06:00:00
[2026-05-16 01:00:07] Land cover year: 2017
[2026-05-16 01:00:08] VIIRS Veg composite: 2018-07-28 → 2018-08-13
[2026-05-16 01:00:13] Started export task: fire_243_dynamic_2018-08-13
[2026-05-16 01:00:13] ------ Processing date=2018-08-14 ------
[2026-05-16 01:00:13] Using viirs_af_path: viirs_af_path
[2026-05-16 01:00:14] VIIRS Image Date: ['2018-08-14 00:00:00']
[2026-05-16 01:00:15] Weather image size: 1
[2026-05-16 01:00:15] Forecast duration: 2018-08-15 00:00:00 to 2018-08-16 00:00:00
[2026-05-16 01:00:16] Number of forecast images: 24
[2026-05-16 01:00:16] Using forecast run: 2018-08-14 18:00:00 UTC
[2026-05-16 01:00:16] Forecast Rain Available hours: [6, 7, 8, 9, 10, 11, 12, 13, 14, 15, 16, 17, 18, 19, 20, 21, 22, 23, 24, 25, 26, 27, 28, 29]
[2026-05-16 01:00:16] Valid hours for sum: [12, 18, 24, 29]
[2026-05-16 01:00:18] Drought composite end date: 2018-08-13 06:00:00
[2026-05-16 01:00:19] Land cover year: 2017
[2026-05-16 01:00:20] VIIRS Veg composite: 2018-07-28 → 2018-08-13
[2026-05-16 01:00:26] Started export task: fire_243_dynamic_2018-08-14
[2026-05-16 01:00:26] ------ Processing date=2018-08-15 ------
[2026-05-16 01:00:26] Using viirs_af_path: viirs_af_path
[2026-05-16 01:00:26] VIIRS Image Date: ['2018-08-15 00:00:00']
[2026-05-16 01:00:27] Weather image size: 1
[2026-05-16 01:00:27] Forecast duration: 2018-08-16 00:00:00 to 2018-08-17 00:00:00
[2026-05-16 01:00:28] Number of forecast images: 24
[2026-05-16 01:00:28] Using forecast run: 2018-08-15 18:00:00 UTC
[2026-05-16 01:00:28] Forecast Rain Available hours: [6, 7, 8, 9, 10, 11, 12, 13, 14, 15, 16, 17, 18, 19, 20, 21, 22, 23, 24, 25, 26, 27, 28, 29]
[2026-05-16 01:00:28] Valid hours for sum: [12, 18, 24, 29]
[2026-05-16 01:00:29] Drought composite end date: 2018-08-13 06:00:00
[2026-05-16 01:00:30] Land cover year: 2017
[2026-05-16 01:00:31] VIIRS Veg composite: 2018-07-28 → 2018-08-13
[2026-05-16 01:00:35] Started export task: fire_243_dynamic_2018-08-15
[2026-05-16 01:00:36] ------ Processing date=2018-08-16 ------
[2026-05-16 01:00:36] Using viirs_af_path: viirs_af_path
[2026-05-16 01:00:36] VIIRS Image Date: ['2018-08-16 00:00:00']
[2026-05-16 01:00:37] Weather image size: 1
[2026-05-16 01:00:37] Forecast duration: 2018-08-17 00:00:00 to 2018-08-18 00:00:00
[2026-05-16 01:00:38] Number of forecast images: 24
[2026-05-16 01:00:38] Using forecast run: 2018-08-16 18:00:00 UTC
[2026-05-16 01:00:39] Forecast Rain Available hours: [6, 7, 8, 9, 10, 11, 12, 13, 14, 15, 16, 17, 18, 19, 20, 21, 22, 23, 24, 25, 26, 27, 28, 29]
[2026-05-16 01:00:39] Valid hours for sum: [12, 18, 24, 29]
[2026-05-16 01:00:41] Drought composite end date: 2018-08-13 06:00:00
[2026-05-16 01:00:41] Land cover year: 2017
[2026-05-16 01:00:43] VIIRS Veg composite: 2018-07-28 → 2018-08-13
[2026-05-16 01:00:46] Started export task: fire_243_dynamic_2018-08-16
[2026-05-16 01:00:46] ------ Processing date=2018-08-17 ------
[2026-05-16 01:00:46] Using viirs_af_path: viirs_af_path
[2026-05-16 01:00:47] VIIRS Image Date: ['2018-08-17 00:00:00']
[2026-05-16 01:00:47] Weather image size: 1
[2026-05-16 01:00:47] Forecast duration: 2018-08-18 00:00:00 to 2018-08-19 00:00:00
[2026-05-16 01:00:49] Number of forecast images: 24
[2026-05-16 01:00:49] Using forecast run: 2018-08-17 18:00:00 UTC
[2026-05-16 01:00:49] Forecast Rain Available hours: [6, 7, 8, 9, 10, 11, 12, 13, 14, 15, 16, 17, 18, 19, 20, 21, 22, 23, 24, 25, 26, 27, 28, 29]
[2026-05-16 01:00:49] Valid hours for sum: [12, 18, 24, 29]
[2026-05-16 01:00:53] Drought composite end date: 2018-08-13 06:00:00
[2026-05-16 01:00:53] Land cover year: 2017
[2026-05-16 01:00:55] VIIRS Veg composite: 2018-07-28 → 2018-08-13
[2026-05-16 01:00:59] Started export task: fire_243_dynamic_2018-08-17
[2026-05-16 01:01:00] ------ Processing date=2018-08-18 ------
[2026-05-16 01:01:00] Using viirs_af_path: viirs_af_path
[2026-05-16 01:01:01] VIIRS Image Date: ['2018-08-18 00:00:00']
[2026-05-16 01:01:01] Weather image size: 1
[2026-05-16 01:01:01] Forecast duration: 2018-08-19 00:00:00 to 2018-08-20 00:00:00
[2026-05-16 01:01:02] Number of forecast images: 24
[2026-05-16 01:01:02] Using forecast run: 2018-08-18 18:00:00 UTC
[2026-05-16 01:01:03] Forecast Rain Available hours: [6, 7, 8, 9, 10, 11, 12, 13, 14, 15, 16, 17, 18, 19, 20, 21, 22, 23, 24, 25, 26, 27, 28, 29]
[2026-05-16 01:01:03] Valid hours for sum: [12, 18, 24, 29]
[2026-05-16 01:01:04] Drought composite end date: 2018-08-13 06:00:00
[2026-05-16 01:01:05] Land cover year: 2017
[2026-05-16 01:01:07] VIIRS Veg composite: 2018-07-28 → 2018-08-13
[2026-05-16 01:01:11] Started export task: fire_243_dynamic_2018-08-18
[2026-05-16 01:01:12] ------ Processing date=2018-08-19 ------
[2026-05-16 01:01:12] Using viirs_af_path: viirs_af_path
[2026-05-16 01:01:12] VIIRS Image Date: ['2018-08-19 00:00:00']
[2026-05-16 01:01:13] Weather image size: 1
[2026-05-16 01:01:13] Forecast duration: 2018-08-20 00:00:00 to 2018-08-21 00:00:00
[2026-05-16 01:01:14] Number of forecast images: 24
[2026-05-16 01:01:14] Using forecast run: 2018-08-19 18:00:00 UTC
[2026-05-16 01:01:15] Forecast Rain Available hours: [6, 7, 8, 9, 10, 11, 12, 13, 14, 15, 16, 17, 18, 19, 20, 21, 22, 23, 24, 25, 26, 27, 28, 29]
[2026-05-16 01:01:15] Valid hours for sum: [12, 18, 24, 29]
[2026-05-16 01:01:17] Drought composite end date: 2018-08-18 06:00:00
[2026-05-16 01:01:18] Land cover year: 2017
[2026-05-16 01:01:19] VIIRS Veg composite: 2018-07-28 → 2018-08-13
[2026-05-16 01:01:23] Started export task: fire_243_dynamic_2018-08-19
[2026-05-16 01:01:24] ------ Processing date=2018-08-20 ------
[2026-05-16 01:01:24] Using viirs_af_path: viirs_af_path
[2026-05-16 01:01:24] VIIRS Image Date: ['2018-08-20 00:00:00']
[2026-05-16 01:01:25] Weather image size: 1
[2026-05-16 01:01:25] Forecast duration: 2018-08-21 00:00:00 to 2018-08-22 00:00:00
[2026-05-16 01:01:27] Number of forecast images: 24
[2026-05-16 01:01:27] Using forecast run: 2018-08-20 18:00:00 UTC
[2026-05-16 01:01:27] Forecast Rain Available hours: [6, 7, 8, 9, 10, 11, 12, 13, 14, 15, 16, 17, 18, 19, 20, 21, 22, 23, 24, 25, 26, 27, 28, 29]
[2026-05-16 01:01:27] Valid hours for sum: [12, 18, 24, 29]
[2026-05-16 01:01:30] Drought composite end date: 2018-08-18 06:00:00
[2026-05-16 01:01:30] Land cover year: 2017
[2026-05-16 01:01:31] VIIRS Veg composite: 2018-07-28 → 2018-08-13
[2026-05-16 01:01:36] Started export task: fire_243_dynamic_2018-08-20
[2026-05-16 01:01:37] ------ Processing date=2018-08-21 ------
[2026-05-16 01:01:37] Using viirs_af_path: viirs_af_path
[2026-05-16 01:01:37] VIIRS Image Date: ['2018-08-21 00:00:00']
[2026-05-16 01:01:37] Weather image size: 1
[2026-05-16 01:01:37] Forecast duration: 2018-08-22 00:00:00 to 2018-08-23 00:00:00
[2026-05-16 01:01:39] Number of forecast images: 24
[2026-05-16 01:01:39] Using forecast run: 2018-08-21 18:00:00 UTC
[2026-05-16 01:01:39] Forecast Rain Available hours: [6, 7, 8, 9, 10, 11, 12, 13, 14, 15, 16, 17, 18, 19, 20, 21, 22, 23, 24, 25, 26, 27, 28, 29]
[2026-05-16 01:01:39] Valid hours for sum: [12, 18, 24, 29]
[2026-05-16 01:01:42] Drought composite end date: 2018-08-18 06:00:00
[2026-05-16 01:01:43] Land cover year: 2017
[2026-05-16 01:01:44] VIIRS Veg composite: 2018-07-28 → 2018-08-13
[2026-05-16 01:01:49] Started export task: fire_243_dynamic_2018-08-21
[2026-05-16 01:01:49] ------ Processing date=2018-08-22 ------
[2026-05-16 01:01:49] Using viirs_af_path: viirs_af_path
[2026-05-16 01:01:50] VIIRS Image Date: ['2018-08-22 00:00:00']
[2026-05-16 01:01:51] Weather image size: 1
[2026-05-16 01:01:51] Forecast duration: 2018-08-23 00:00:00 to 2018-08-24 00:00:00
[2026-05-16 01:01:52] Number of forecast images: 24
[2026-05-16 01:01:52] Using forecast run: 2018-08-22 18:00:00 UTC
[2026-05-16 01:01:52] Forecast Rain Available hours: [6, 7, 8, 9, 10, 11, 12, 13, 14, 15, 16, 17, 18, 19, 20, 21, 22, 23, 24, 25, 26, 27, 28, 29]
[2026-05-16 01:01:52] Valid hours for sum: [12, 18, 24, 29]
[2026-05-16 01:01:54] Drought composite end date: 2018-08-18 06:00:00
[2026-05-16 01:01:55] Land cover year: 2017
[2026-05-16 01:01:56] VIIRS Veg composite: 2018-07-28 → 2018-08-13
[2026-05-16 01:01:59] Started export task: fire_243_dynamic_2018-08-22
[2026-05-16 01:02:00] ------ Processing date=2018-08-23 ------
[2026-05-16 01:02:00] Using viirs_af_path: viirs_af_path
[2026-05-16 01:02:00] VIIRS Image Date: ['2018-08-23 00:00:00']
[2026-05-16 01:02:01] Weather image size: 1
[2026-05-16 01:02:01] Forecast duration: 2018-08-24 00:00:00 to 2018-08-25 00:00:00
[2026-05-16 01:02:02] Number of forecast images: 24
[2026-05-16 01:02:02] Using forecast run: 2018-08-23 18:00:00 UTC
[2026-05-16 01:02:03] Forecast Rain Available hours: [6, 7, 8, 9, 10, 11, 12, 13, 14, 15, 16, 17, 18, 19, 20, 21, 22, 23, 24, 25, 26, 27, 28, 29]
[2026-05-16 01:02:03] Valid hours for sum: [12, 18, 24, 29]
[2026-05-16 01:02:05] Drought composite end date: 2018-08-18 06:00:00
[2026-05-16 01:02:05] Land cover year: 2017
[2026-05-16 01:02:06] VIIRS Veg composite: 2018-07-28 → 2018-08-13
[2026-05-16 01:02:11] Started export task: fire_243_dynamic_2018-08-23
[2026-05-16 01:02:11] ------ Processing date=2018-08-24 ------
[2026-05-16 01:02:11] Using viirs_af_path: viirs_af_path
[2026-05-16 01:02:12] VIIRS Image Date: ['2018-08-24 00:00:00']
[2026-05-16 01:02:12] Weather image size: 1
[2026-05-16 01:02:12] Forecast duration: 2018-08-25 00:00:00 to 2018-08-26 00:00:00
[2026-05-16 01:02:13] Number of forecast images: 24
[2026-05-16 01:02:13] Using forecast run: 2018-08-24 18:00:00 UTC
[2026-05-16 01:02:13] Forecast Rain Available hours: [6, 7, 8, 9, 10, 11, 12, 13, 14, 15, 16, 17, 18, 19, 20, 21, 22, 23, 24, 25, 26, 27, 28, 29]
[2026-05-16 01:02:13] Valid hours for sum: [12, 18, 24, 29]
[2026-05-16 01:02:17] Drought composite end date: 2018-08-23 06:00:00
[2026-05-16 01:02:18] Land cover year: 2017
[2026-05-16 01:02:19] VIIRS Veg composite: 2018-07-28 → 2018-08-13
[2026-05-16 01:02:24] Started export task: fire_243_dynamic_2018-08-24
[2026-05-16 01:02:25] ------ Processing date=2018-08-25 ------
[2026-05-16 01:02:25] Using viirs_af_path: viirs_af_path
[2026-05-16 01:02:26] VIIRS Image Date: ['2018-08-25 00:00:00']
[2026-05-16 01:02:26] Weather image size: 1
[2026-05-16 01:02:26] Forecast duration: 2018-08-26 00:00:00 to 2018-08-27 00:00:00
[2026-05-16 01:02:27] Number of forecast images: 24
[2026-05-16 01:02:27] Using forecast run: 2018-08-25 18:00:00 UTC
[2026-05-16 01:02:28] Forecast Rain Available hours: [6, 7, 8, 9, 10, 11, 12, 13, 14, 15, 16, 17, 18, 19, 20, 21, 22, 23, 24, 25, 26, 27, 28, 29]
[2026-05-16 01:02:28] Valid hours for sum: [12, 18, 24, 29]
[2026-05-16 01:02:30] Drought composite end date: 2018-08-23 06:00:00
[2026-05-16 01:02:31] Land cover year: 2017
[2026-05-16 01:02:32] VIIRS Veg composite: 2018-07-28 → 2018-08-13
[2026-05-16 01:02:36] Started export task: fire_243_dynamic_2018-08-25
[2026-05-16 01:02:36] ------ Processing date=2018-08-26 ------
[2026-05-16 01:02:36] Using viirs_af_path: viirs_af_path
[2026-05-16 01:02:37] VIIRS Image Date: ['2018-08-26 00:00:00']
[2026-05-16 01:02:37] Weather image size: 1
[2026-05-16 01:02:37] Forecast duration: 2018-08-27 00:00:00 to 2018-08-28 00:00:00
[2026-05-16 01:02:38] Number of forecast images: 24
[2026-05-16 01:02:38] Using forecast run: 2018-08-26 18:00:00 UTC
[2026-05-16 01:02:39] Forecast Rain Available hours: [6, 7, 8, 9, 10, 11, 12, 13, 14, 15, 16, 17, 18, 19, 20, 21, 22, 23, 24, 25, 26, 27, 28, 29]
[2026-05-16 01:02:39] Valid hours for sum: [12, 18, 24, 29]
[2026-05-16 01:02:41] Drought composite end date: 2018-08-23 06:00:00
[2026-05-16 01:02:41] Land cover year: 2017
[2026-05-16 01:02:43] VIIRS Veg composite: 2018-07-28 → 2018-08-13
[2026-05-16 01:02:45] Started export task: fire_243_dynamic_2018-08-26
[2026-05-16 01:02:46] ------ Processing date=2018-08-27 ------
[2026-05-16 01:02:46] Using viirs_af_path: viirs_af_path
[2026-05-16 01:02:47] VIIRS Image Date: ['2018-08-27 00:00:00']
[2026-05-16 01:02:47] Weather image size: 1
[2026-05-16 01:02:47] Forecast duration: 2018-08-28 00:00:00 to 2018-08-29 00:00:00
[2026-05-16 01:02:48] Number of forecast images: 24
[2026-05-16 01:02:48] Using forecast run: 2018-08-27 18:00:00 UTC
[2026-05-16 01:02:49] Forecast Rain Available hours: [6, 7, 8, 9, 10, 11, 12, 13, 14, 15, 16, 17, 18, 19, 20, 21, 22, 23, 24, 25, 26, 27, 28, 29]
[2026-05-16 01:02:49] Valid hours for sum: [12, 18, 24, 29]
[2026-05-16 01:02:51] Drought composite end date: 2018-08-23 06:00:00
[2026-05-16 01:02:51] Land cover year: 2017
[2026-05-16 01:02:52] VIIRS Veg composite: 2018-07-28 → 2018-08-13
[2026-05-16 01:02:57] Started export task: fire_243_dynamic_2018-08-27
[2026-05-16 01:02:58] ------ Processing date=2018-08-28 ------
[2026-05-16 01:02:58] Using viirs_af_path: viirs_af_path
[2026-05-16 01:02:58] VIIRS Image Date: ['2018-08-28 00:00:00']
[2026-05-16 01:02:58] Weather image size: 1
[2026-05-16 01:02:58] Forecast duration: 2018-08-29 00:00:00 to 2018-08-30 00:00:00
[2026-05-16 01:03:01] Number of forecast images: 24
[2026-05-16 01:03:01] Using forecast run: 2018-08-28 18:00:00 UTC
[2026-05-16 01:03:01] Forecast Rain Available hours: [6, 7, 8, 9, 10, 11, 12, 13, 14, 15, 16, 17, 18, 19, 20, 21, 22, 23, 24, 25, 26, 27, 28, 29]
[2026-05-16 01:03:01] Valid hours for sum: [12, 18, 24, 29]
[2026-05-16 01:03:04] Drought composite end date: 2018-08-23 06:00:00
[2026-05-16 01:03:04] Land cover year: 2017
[2026-05-16 01:03:06] VIIRS Veg composite: 2018-07-28 → 2018-08-13
[2026-05-16 01:03:10] Started export task: fire_243_dynamic_2018-08-28
[2026-05-16 01:03:11] ------ Processing date=2018-08-29 ------
[2026-05-16 01:03:11] Using viirs_af_path: viirs_af_path
[2026-05-16 01:03:12] VIIRS Image Date: ['2018-08-29 00:00:00']
[2026-05-16 01:03:12] Weather image size: 1
[2026-05-16 01:03:12] Forecast duration: 2018-08-30 00:00:00 to 2018-08-31 00:00:00
[2026-05-16 01:03:13] Number of forecast images: 24
[2026-05-16 01:03:13] Using forecast run: 2018-08-29 18:00:00 UTC
[2026-05-16 01:03:13] Forecast Rain Available hours: [6, 7, 8, 9, 10, 11, 12, 13, 14, 15, 16, 17, 18, 19, 20, 21, 22, 23, 24, 25, 26, 27, 28, 29]
[2026-05-16 01:03:13] Valid hours for sum: [12, 18, 24, 29]
[2026-05-16 01:03:15] Drought composite end date: 2018-08-28 06:00:00
[2026-05-16 01:03:15] Land cover year: 2017
[2026-05-16 01:03:16] VIIRS Veg composite: 2018-07-28 → 2018-08-13
[2026-05-16 01:03:20] Started export task: fire_243_dynamic_2018-08-29
[2026-05-16 01:03:21] ------ Processing date=2018-08-30 ------
[2026-05-16 01:03:21] Using viirs_af_path: viirs_af_path
[2026-05-16 01:03:21] VIIRS Image Date: ['2018-08-30 00:00:00']
[2026-05-16 01:03:21] Weather image size: 1
[2026-05-16 01:03:21] Forecast duration: 2018-08-31 00:00:00 to 2018-09-01 00:00:00
[2026-05-16 01:03:23] Number of forecast images: 24
[2026-05-16 01:03:23] Using forecast run: 2018-08-30 18:00:00 UTC
[2026-05-16 01:03:23] Forecast Rain Available hours: [6, 7, 8, 9, 10, 11, 12, 13, 14, 15, 16, 17, 18, 19, 20, 21, 22, 23, 24, 25, 26, 27, 28, 29]
[2026-05-16 01:03:23] Valid hours for sum: [12, 18, 24, 29]
[2026-05-16 01:03:24] Drought composite end date: 2018-08-28 06:00:00
[2026-05-16 01:03:25] Land cover year: 2017
[2026-05-16 01:03:25] VIIRS Veg composite: 2018-07-28 → 2018-08-13
[2026-05-16 01:03:29] Started export task: fire_243_dynamic_2018-08-30
[2026-05-16 01:03:30] ------ Processing date=2018-08-31 ------
[2026-05-16 01:03:30] Using viirs_af_path: viirs_af_path
[2026-05-16 01:03:30] VIIRS Image Date: ['2018-08-31 00:00:00']
[2026-05-16 01:03:30] Weather image size: 1
[2026-05-16 01:03:30] Forecast duration: 2018-09-01 00:00:00 to 2018-09-02 00:00:00
[2026-05-16 01:03:31] Number of forecast images: 24
[2026-05-16 01:03:31] Using forecast run: 2018-08-31 18:00:00 UTC
[2026-05-16 01:03:31] Forecast Rain Available hours: [6, 7, 8, 9, 10, 11, 12, 13, 14, 15, 16, 17, 18, 19, 20, 21, 22, 23, 24, 25, 26, 27, 28, 29]
[2026-05-16 01:03:31] Valid hours for sum: [12, 18, 24, 29]
[2026-05-16 01:03:33] Drought composite end date: 2018-08-28 06:00:00
[2026-05-16 01:03:34] Land cover year: 2017
[2026-05-16 01:03:35] VIIRS Veg composite: 2018-07-28 → 2018-08-13
[2026-05-16 01:03:39] Started export task: fire_243_dynamic_2018-08-31
[2026-05-16 01:03:40] ------ Processing date=2018-09-01 ------
[2026-05-16 01:03:40] Using viirs_af_path: viirs_af_path
[2026-05-16 01:03:40] VIIRS Image Date: ['2018-09-01 00:00:00']
[2026-05-16 01:03:40] Weather image size: 1
[2026-05-16 01:03:40] Forecast duration: 2018-09-02 00:00:00 to 2018-09-03 00:00:00
[2026-05-16 01:03:41] Number of forecast images: 24
[2026-05-16 01:03:41] Using forecast run: 2018-09-01 18:00:00 UTC
[2026-05-16 01:03:41] Forecast Rain Available hours: [6, 7, 8, 9, 10, 11, 12, 13, 14, 15, 16, 17, 18, 19, 20, 21, 22, 23, 24, 25, 26, 27, 28, 29]
[2026-05-16 01:03:41] Valid hours for sum: [12, 18, 24, 29]
[2026-05-16 01:03:43] Drought composite end date: 2018-08-28 06:00:00
[2026-05-16 01:03:43] Land cover year: 2017
[2026-05-16 01:03:44] VIIRS Veg composite: 2018-07-28 → 2018-08-13
[2026-05-16 01:03:48] Started export task: fire_243_dynamic_2018-09-01
[2026-05-16 01:03:49] ------ Processing date=2018-09-02 ------
[2026-05-16 01:03:49] Using viirs_af_path: viirs_af_path
[2026-05-16 01:03:49] VIIRS Image Date: ['2018-09-02 00:00:00']
[2026-05-16 01:03:49] Weather image size: 1
[2026-05-16 01:03:49] Forecast duration: 2018-09-03 00:00:00 to 2018-09-04 00:00:00
[2026-05-16 01:03:50] Number of forecast images: 24
[2026-05-16 01:03:50] Using forecast run: 2018-09-02 18:00:00 UTC
[2026-05-16 01:03:50] Forecast Rain Available hours: [6, 7, 8, 9, 10, 11, 12, 13, 14, 15, 16, 17, 18, 19, 20, 21, 22, 23, 24, 25, 26, 27, 28, 29]
[2026-05-16 01:03:50] Valid hours for sum: [12, 18, 24, 29]
[2026-05-16 01:03:53] Drought composite end date: 2018-08-28 06:00:00
[2026-05-16 01:03:53] Land cover year: 2017
[2026-05-16 01:03:54] VIIRS Veg composite: 2018-07-28 → 2018-08-13
[2026-05-16 01:03:58] Started export task: fire_243_dynamic_2018-09-02
[2026-05-16 01:03:58] ------ Processing date=2018-09-03 ------
[2026-05-16 01:03:58] Using viirs_af_path: viirs_af_path
[2026-05-16 01:03:59] VIIRS Image Date: ['2018-09-03 00:00:00']
[2026-05-16 01:03:59] Weather image size: 1
[2026-05-16 01:03:59] Forecast duration: 2018-09-04 00:00:00 to 2018-09-05 00:00:00
[2026-05-16 01:04:00] Number of forecast images: 24
[2026-05-16 01:04:00] Using forecast run: 2018-09-03 18:00:00 UTC
[2026-05-16 01:04:01] Forecast Rain Available hours: [6, 7, 8, 9, 10, 11, 12, 13, 14, 15, 16, 17, 18, 19, 20, 21, 22, 23, 24, 25, 26, 27, 28, 29]
[2026-05-16 01:04:01] Valid hours for sum: [12, 18, 24, 29]
[2026-05-16 01:04:03] Drought composite end date: 2018-09-02 06:00:00
[2026-05-16 01:04:04] Land cover year: 2017
[2026-05-16 01:04:05] VIIRS Veg composite: 2018-07-28 → 2018-08-13
[2026-05-16 01:04:09] Started export task: fire_243_dynamic_2018-09-03
[2026-05-16 01:04:09] ------ Processing date=2018-09-04 ------
[2026-05-16 01:04:09] Using viirs_af_path: viirs_af_path
[2026-05-16 01:04:09] VIIRS Image Date: ['2018-09-04 00:00:00']
[2026-05-16 01:04:10] Weather image size: 1
[2026-05-16 01:04:10] Forecast duration: 2018-09-05 00:00:00 to 2018-09-06 00:00:00
[2026-05-16 01:04:11] Number of forecast images: 24
[2026-05-16 01:04:11] Using forecast run: 2018-09-04 18:00:00 UTC
[2026-05-16 01:04:11] Forecast Rain Available hours: [6, 7, 8, 9, 10, 11, 12, 13, 14, 15, 16, 17, 18, 19, 20, 21, 22, 23, 24, 25, 26, 27, 28, 29]
[2026-05-16 01:04:11] Valid hours for sum: [12, 18, 24, 29]
[2026-05-16 01:04:14] Drought composite end date: 2018-09-02 06:00:00
[2026-05-16 01:04:14] Land cover year: 2017
[2026-05-16 01:04:15] VIIRS Veg composite: 2018-07-28 → 2018-08-13
[2026-05-16 01:04:19] Started export task: fire_243_dynamic_2018-09-04
[2026-05-16 01:04:20] ------ Processing date=2018-09-05 ------
[2026-05-16 01:04:20] Using viirs_af_path: viirs_af_path
[2026-05-16 01:04:20] VIIRS Image Date: ['2018-09-05 00:00:00']
[2026-05-16 01:04:21] Weather image size: 1
[2026-05-16 01:04:21] Forecast duration: 2018-09-06 00:00:00 to 2018-09-07 00:00:00
[2026-05-16 01:04:21] Number of forecast images: 24
[2026-05-16 01:04:21] Using forecast run: 2018-09-05 18:00:00 UTC
[2026-05-16 01:04:22] Forecast Rain Available hours: [6, 7, 8, 9, 10, 11, 12, 13, 14, 15, 16, 17, 18, 19, 20, 21, 22, 23, 24, 25, 26, 27, 28, 29]
[2026-05-16 01:04:22] Valid hours for sum: [12, 18, 24, 29]
[2026-05-16 01:04:25] Drought composite end date: 2018-09-02 06:00:00
[2026-05-16 01:04:26] Land cover year: 2017
[2026-05-16 01:04:26] VIIRS Veg composite: 2018-07-28 → 2018-08-13
[2026-05-16 01:04:32] Started export task: fire_243_dynamic_2018-09-05
[2026-05-16 01:04:32] ------ Processing date=2018-09-06 ------
[2026-05-16 01:04:32] Using viirs_af_path: viirs_af_path
[2026-05-16 01:04:32] VIIRS Image Date: ['2018-09-06 00:00:00']
[2026-05-16 01:04:32] Weather image size: 1
[2026-05-16 01:04:32] Forecast duration: 2018-09-07 00:00:00 to 2018-09-08 00:00:00
[2026-05-16 01:04:33] Number of forecast images: 24
[2026-05-16 01:04:33] Using forecast run: 2018-09-06 18:00:00 UTC
[2026-05-16 01:04:34] Forecast Rain Available hours: [6, 7, 8, 9, 10, 11, 12, 13, 14, 15, 16, 17, 18, 19, 20, 21, 22, 23, 24, 25, 26, 27, 28, 29]
[2026-05-16 01:04:34] Valid hours for sum: [12, 18, 24, 29]
[2026-05-16 01:04:36] Drought composite end date: 2018-09-02 06:00:00
[2026-05-16 01:04:37] Land cover year: 2017
[2026-05-16 01:04:37] VIIRS Veg composite: 2018-07-28 → 2018-08-13
[2026-05-16 01:04:41] Started export task: fire_243_dynamic_2018-09-06
[2026-05-16 01:04:42] END: ----------Event fire_243----------- (Duration: 5.29m)
[2026-05-16 01:04:42] START: ----------Event fire_245-----------
[2026-05-16 01:04:42] ------ Processing date=2018-08-12 ------
[2026-05-16 01:04:42] Using viirs_af_path: viirs_af_path
[2026-05-16 01:04:42] VIIRS Image Date: ['2018-08-12 00:00:00']
[2026-05-16 01:04:42] Weather image size: 1
[2026-05-16 01:04:42] Forecast duration: 2018-08-13 00:00:00 to 2018-08-14 00:00:00
[2026-05-16 01:04:43] Number of forecast images: 24
[2026-05-16 01:04:43] Using forecast run: 2018-08-12 18:00:00 UTC
[2026-05-16 01:04:43] Forecast Rain Available hours: [6, 7, 8, 9, 10, 11, 12, 13, 14, 15, 16, 17, 18, 19, 20, 21, 22, 23, 24, 25, 26, 27, 28, 29]
[2026-05-16 01:04:43] Valid hours for sum: [12, 18, 24, 29]
[2026-05-16 01:04:45] Drought composite end date: 2018-08-08 06:00:00
[2026-05-16 01:04:46] Land cover year: 2017
[2026-05-16 01:04:47] VIIRS Veg composite: 2018-07-28 → 2018-08-13
[2026-05-16 01:04:52] Started export task: fire_245_static
[2026-05-16 01:04:53] Started export task: fire_245_dynamic_2018-08-12
[2026-05-16 01:04:53] ------ Processing date=2018-08-13 ------
[2026-05-16 01:04:53] Using viirs_af_path: viirs_af_path
[2026-05-16 01:04:53] VIIRS Image Date: ['2018-08-13 00:00:00']
[2026-05-16 01:04:54] Weather image size: 1
[2026-05-16 01:04:54] Forecast duration: 2018-08-14 00:00:00 to 2018-08-15 00:00:00
[2026-05-16 01:04:55] Number of forecast images: 24
[2026-05-16 01:04:55] Using forecast run: 2018-08-13 18:00:00 UTC
[2026-05-16 01:04:55] Forecast Rain Available hours: [6, 7, 8, 9, 10, 11, 12, 13, 14, 15, 16, 17, 18, 19, 20, 21, 22, 23, 24, 25, 26, 27, 28, 29]
[2026-05-16 01:04:55] Valid hours for sum: [12, 18, 24, 29]
[2026-05-16 01:04:57] Drought composite end date: 2018-08-08 06:00:00
[2026-05-16 01:04:58] Land cover year: 2017
[2026-05-16 01:04:59] VIIRS Veg composite: 2018-07-28 → 2018-08-13
[2026-05-16 01:05:03] Started export task: fire_245_dynamic_2018-08-13
[2026-05-16 01:05:04] ------ Processing date=2018-08-14 ------
[2026-05-16 01:05:04] Using viirs_af_path: viirs_af_path
[2026-05-16 01:05:04] VIIRS Image Date: ['2018-08-14 00:00:00']
[2026-05-16 01:05:04] Weather image size: 1
[2026-05-16 01:05:04] Forecast duration: 2018-08-15 00:00:00 to 2018-08-16 00:00:00
[2026-05-16 01:05:05] Number of forecast images: 24
[2026-05-16 01:05:05] Using forecast run: 2018-08-14 18:00:00 UTC
[2026-05-16 01:05:06] Forecast Rain Available hours: [6, 7, 8, 9, 10, 11, 12, 13, 14, 15, 16, 17, 18, 19, 20, 21, 22, 23, 24, 25, 26, 27, 28, 29]
[2026-05-16 01:05:06] Valid hours for sum: [12, 18, 24, 29]
[2026-05-16 01:05:09] Drought composite end date: 2018-08-13 06:00:00
[2026-05-16 01:05:09] Land cover year: 2017
[2026-05-16 01:05:10] VIIRS Veg composite: 2018-07-28 → 2018-08-13
[2026-05-16 01:05:13] Started export task: fire_245_dynamic_2018-08-14
[2026-05-16 01:05:13] ------ Processing date=2018-08-15 ------
[2026-05-16 01:05:13] Using viirs_af_path: viirs_af_path
[2026-05-16 01:05:14] VIIRS Image Date: ['2018-08-15 00:00:00']
[2026-05-16 01:05:14] Weather image size: 1
[2026-05-16 01:05:14] Forecast duration: 2018-08-16 00:00:00 to 2018-08-17 00:00:00
[2026-05-16 01:05:16] Number of forecast images: 24
[2026-05-16 01:05:16] Using forecast run: 2018-08-15 18:00:00 UTC
[2026-05-16 01:05:16] Forecast Rain Available hours: [6, 7, 8, 9, 10, 11, 12, 13, 14, 15, 16, 17, 18, 19, 20, 21, 22, 23, 24, 25, 26, 27, 28, 29]
[2026-05-16 01:05:16] Valid hours for sum: [12, 18, 24, 29]
[2026-05-16 01:05:18] Drought composite end date: 2018-08-13 06:00:00
[2026-05-16 01:05:19] Land cover year: 2017
[2026-05-16 01:05:20] VIIRS Veg composite: 2018-07-28 → 2018-08-13
[2026-05-16 01:05:24] Started export task: fire_245_dynamic_2018-08-15
[2026-05-16 01:05:25] ------ Processing date=2018-08-16 ------
[2026-05-16 01:05:25] Using viirs_af_path: viirs_af_path
[2026-05-16 01:05:25] VIIRS Image Date: ['2018-08-16 00:00:00']
[2026-05-16 01:05:25] Weather image size: 1
[2026-05-16 01:05:25] Forecast duration: 2018-08-17 00:00:00 to 2018-08-18 00:00:00
[2026-05-16 01:05:26] Number of forecast images: 24
[2026-05-16 01:05:26] Using forecast run: 2018-08-16 18:00:00 UTC
[2026-05-16 01:05:26] Forecast Rain Available hours: [6, 7, 8, 9, 10, 11, 12, 13, 14, 15, 16, 17, 18, 19, 20, 21, 22, 23, 24, 25, 26, 27, 28, 29]
[2026-05-16 01:05:26] Valid hours for sum: [12, 18, 24, 29]
[2026-05-16 01:05:28] Drought composite end date: 2018-08-13 06:00:00
[2026-05-16 01:05:28] Land cover year: 2017
[2026-05-16 01:05:28] VIIRS Veg composite: 2018-07-28 → 2018-08-13
[2026-05-16 01:05:32] Started export task: fire_245_dynamic_2018-08-16
[2026-05-16 01:05:33] ------ Processing date=2018-08-17 ------
[2026-05-16 01:05:33] Using viirs_af_path: viirs_af_path
[2026-05-16 01:05:33] VIIRS Image Date: ['2018-08-17 00:00:00']
[2026-05-16 01:05:33] Weather image size: 1
[2026-05-16 01:05:33] Forecast duration: 2018-08-18 00:00:00 to 2018-08-19 00:00:00
[2026-05-16 01:05:34] Number of forecast images: 24
[2026-05-16 01:05:34] Using forecast run: 2018-08-17 18:00:00 UTC
[2026-05-16 01:05:35] Forecast Rain Available hours: [6, 7, 8, 9, 10, 11, 12, 13, 14, 15, 16, 17, 18, 19, 20, 21, 22, 23, 24, 25, 26, 27, 28, 29]
[2026-05-16 01:05:35] Valid hours for sum: [12, 18, 24, 29]
[2026-05-16 01:05:37] Drought composite end date: 2018-08-13 06:00:00
[2026-05-16 01:05:37] Land cover year: 2017
[2026-05-16 01:05:38] VIIRS Veg composite: 2018-07-28 → 2018-08-13
[2026-05-16 01:05:42] Started export task: fire_245_dynamic_2018-08-17
[2026-05-16 01:05:43] ------ Processing date=2018-08-18 ------
[2026-05-16 01:05:43] Using viirs_af_path: viirs_af_path
[2026-05-16 01:05:43] VIIRS Image Date: ['2018-08-18 00:00:00']
[2026-05-16 01:05:43] Weather image size: 1
[2026-05-16 01:05:43] Forecast duration: 2018-08-19 00:00:00 to 2018-08-20 00:00:00
[2026-05-16 01:05:44] Number of forecast images: 24
[2026-05-16 01:05:44] Using forecast run: 2018-08-18 18:00:00 UTC
[2026-05-16 01:05:44] Forecast Rain Available hours: [6, 7, 8, 9, 10, 11, 12, 13, 14, 15, 16, 17, 18, 19, 20, 21, 22, 23, 24, 25, 26, 27, 28, 29]
[2026-05-16 01:05:44] Valid hours for sum: [12, 18, 24, 29]
[2026-05-16 01:05:47] Drought composite end date: 2018-08-13 06:00:00
[2026-05-16 01:05:48] Land cover year: 2017
[2026-05-16 01:05:49] VIIRS Veg composite: 2018-07-28 → 2018-08-13
[2026-05-16 01:05:52] Started export task: fire_245_dynamic_2018-08-18
[2026-05-16 01:05:53] ------ Processing date=2018-08-19 ------
[2026-05-16 01:05:53] Using viirs_af_path: viirs_af_path
[2026-05-16 01:05:53] VIIRS Image Date: ['2018-08-19 00:00:00']
[2026-05-16 01:05:54] Weather image size: 1
[2026-05-16 01:05:54] Forecast duration: 2018-08-20 00:00:00 to 2018-08-21 00:00:00
[2026-05-16 01:05:55] Number of forecast images: 24
[2026-05-16 01:05:55] Using forecast run: 2018-08-19 18:00:00 UTC
[2026-05-16 01:05:55] Forecast Rain Available hours: [6, 7, 8, 9, 10, 11, 12, 13, 14, 15, 16, 17, 18, 19, 20, 21, 22, 23, 24, 25, 26, 27, 28, 29]
[2026-05-16 01:05:55] Valid hours for sum: [12, 18, 24, 29]
[2026-05-16 01:05:57] Drought composite end date: 2018-08-18 06:00:00
[2026-05-16 01:05:58] Land cover year: 2017
[2026-05-16 01:05:58] VIIRS Veg composite: 2018-07-28 → 2018-08-13
[2026-05-16 01:06:02] Started export task: fire_245_dynamic_2018-08-19
[2026-05-16 01:06:03] ------ Processing date=2018-08-20 ------
[2026-05-16 01:06:03] Using viirs_af_path: viirs_af_path
[2026-05-16 01:06:03] VIIRS Image Date: ['2018-08-20 00:00:00']
[2026-05-16 01:06:04] Weather image size: 1
[2026-05-16 01:06:04] Forecast duration: 2018-08-21 00:00:00 to 2018-08-22 00:00:00
[2026-05-16 01:06:06] Number of forecast images: 24
[2026-05-16 01:06:06] Using forecast run: 2018-08-20 18:00:00 UTC
[2026-05-16 01:06:06] Forecast Rain Available hours: [6, 7, 8, 9, 10, 11, 12, 13, 14, 15, 16, 17, 18, 19, 20, 21, 22, 23, 24, 25, 26, 27, 28, 29]
[2026-05-16 01:06:06] Valid hours for sum: [12, 18, 24, 29]
[2026-05-16 01:06:08] Drought composite end date: 2018-08-18 06:00:00
[2026-05-16 01:06:09] Land cover year: 2017
[2026-05-16 01:06:11] VIIRS Veg composite: 2018-07-28 → 2018-08-13
[2026-05-16 01:06:15] Started export task: fire_245_dynamic_2018-08-20
[2026-05-16 01:06:16] ------ Processing date=2018-08-21 ------
[2026-05-16 01:06:16] Using viirs_af_path: viirs_af_path
[2026-05-16 01:06:16] VIIRS Image Date: ['2018-08-21 00:00:00']
[2026-05-16 01:06:17] Weather image size: 1
[2026-05-16 01:06:17] Forecast duration: 2018-08-22 00:00:00 to 2018-08-23 00:00:00
[2026-05-16 01:06:18] Number of forecast images: 24
[2026-05-16 01:06:18] Using forecast run: 2018-08-21 18:00:00 UTC
[2026-05-16 01:06:19] Forecast Rain Available hours: [6, 7, 8, 9, 10, 11, 12, 13, 14, 15, 16, 17, 18, 19, 20, 21, 22, 23, 24, 25, 26, 27, 28, 29]
[2026-05-16 01:06:19] Valid hours for sum: [12, 18, 24, 29]
[2026-05-16 01:06:20] Drought composite end date: 2018-08-18 06:00:00
[2026-05-16 01:06:20] Land cover year: 2017
[2026-05-16 01:06:22] VIIRS Veg composite: 2018-07-28 → 2018-08-13
[2026-05-16 01:06:25] Started export task: fire_245_dynamic_2018-08-21
[2026-05-16 01:06:26] ------ Processing date=2018-08-22 ------
[2026-05-16 01:06:26] Using viirs_af_path: viirs_af_path
[2026-05-16 01:06:26] VIIRS Image Date: ['2018-08-22 00:00:00']
[2026-05-16 01:06:27] Weather image size: 1
[2026-05-16 01:06:27] Forecast duration: 2018-08-23 00:00:00 to 2018-08-24 00:00:00
[2026-05-16 01:06:28] Number of forecast images: 24
[2026-05-16 01:06:28] Using forecast run: 2018-08-22 18:00:00 UTC
[2026-05-16 01:06:29] Forecast Rain Available hours: [6, 7, 8, 9, 10, 11, 12, 13, 14, 15, 16, 17, 18, 19, 20, 21, 22, 23, 24, 25, 26, 27, 28, 29]
[2026-05-16 01:06:29] Valid hours for sum: [12, 18, 24, 29]
[2026-05-16 01:06:31] Drought composite end date: 2018-08-18 06:00:00
[2026-05-16 01:06:32] Land cover year: 2017
[2026-05-16 01:06:34] VIIRS Veg composite: 2018-07-28 → 2018-08-13
[2026-05-16 01:06:37] Started export task: fire_245_dynamic_2018-08-22
[2026-05-16 01:06:38] ------ Processing date=2018-08-23 ------
[2026-05-16 01:06:38] Using viirs_af_path: viirs_af_path
[2026-05-16 01:06:38] VIIRS Image Date: ['2018-08-23 00:00:00']
[2026-05-16 01:06:38] Weather image size: 1
[2026-05-16 01:06:38] Forecast duration: 2018-08-24 00:00:00 to 2018-08-25 00:00:00
[2026-05-16 01:06:39] Number of forecast images: 24
[2026-05-16 01:06:39] Using forecast run: 2018-08-23 18:00:00 UTC
[2026-05-16 01:06:39] Forecast Rain Available hours: [6, 7, 8, 9, 10, 11, 12, 13, 14, 15, 16, 17, 18, 19, 20, 21, 22, 23, 24, 25, 26, 27, 28, 29]
[2026-05-16 01:06:39] Valid hours for sum: [12, 18, 24, 29]
[2026-05-16 01:06:42] Drought composite end date: 2018-08-18 06:00:00
[2026-05-16 01:06:42] Land cover year: 2017
[2026-05-16 01:06:43] VIIRS Veg composite: 2018-07-28 → 2018-08-13
[2026-05-16 01:06:46] Started export task: fire_245_dynamic_2018-08-23
[2026-05-16 01:06:46] ------ Processing date=2018-08-24 ------
[2026-05-16 01:06:46] Using viirs_af_path: viirs_af_path
[2026-05-16 01:06:46] VIIRS Image Date: ['2018-08-24 00:00:00']
[2026-05-16 01:06:47] Weather image size: 1
[2026-05-16 01:06:47] Forecast duration: 2018-08-25 00:00:00 to 2018-08-26 00:00:00
[2026-05-16 01:06:48] Number of forecast images: 24
[2026-05-16 01:06:48] Using forecast run: 2018-08-24 18:00:00 UTC
[2026-05-16 01:06:48] Forecast Rain Available hours: [6, 7, 8, 9, 10, 11, 12, 13, 14, 15, 16, 17, 18, 19, 20, 21, 22, 23, 24, 25, 26, 27, 28, 29]
[2026-05-16 01:06:48] Valid hours for sum: [12, 18, 24, 29]
[2026-05-16 01:06:51] Drought composite end date: 2018-08-23 06:00:00
[2026-05-16 01:06:51] Land cover year: 2017
[2026-05-16 01:06:52] VIIRS Veg composite: 2018-07-28 → 2018-08-13
[2026-05-16 01:06:55] Started export task: fire_245_dynamic_2018-08-24
[2026-05-16 01:06:55] ------ Processing date=2018-08-25 ------
[2026-05-16 01:06:55] Using viirs_af_path: viirs_af_path
[2026-05-16 01:06:55] VIIRS Image Date: ['2018-08-25 00:00:00']
[2026-05-16 01:06:56] Weather image size: 1
[2026-05-16 01:06:56] Forecast duration: 2018-08-26 00:00:00 to 2018-08-27 00:00:00
[2026-05-16 01:06:56] Number of forecast images: 24
[2026-05-16 01:06:56] Using forecast run: 2018-08-25 18:00:00 UTC
[2026-05-16 01:06:57] Forecast Rain Available hours: [6, 7, 8, 9, 10, 11, 12, 13, 14, 15, 16, 17, 18, 19, 20, 21, 22, 23, 24, 25, 26, 27, 28, 29]
[2026-05-16 01:06:57] Valid hours for sum: [12, 18, 24, 29]
[2026-05-16 01:06:59] Drought composite end date: 2018-08-23 06:00:00
[2026-05-16 01:06:59] Land cover year: 2017
[2026-05-16 01:07:00] VIIRS Veg composite: 2018-07-28 → 2018-08-13
[2026-05-16 01:07:05] Started export task: fire_245_dynamic_2018-08-25
[2026-05-16 01:07:06] ------ Processing date=2018-08-26 ------
[2026-05-16 01:07:06] Using viirs_af_path: viirs_af_path
[2026-05-16 01:07:06] VIIRS Image Date: ['2018-08-26 00:00:00']
[2026-05-16 01:07:06] Weather image size: 1
[2026-05-16 01:07:06] Forecast duration: 2018-08-27 00:00:00 to 2018-08-28 00:00:00
[2026-05-16 01:07:07] Number of forecast images: 24
[2026-05-16 01:07:07] Using forecast run: 2018-08-26 18:00:00 UTC
[2026-05-16 01:07:08] Forecast Rain Available hours: [6, 7, 8, 9, 10, 11, 12, 13, 14, 15, 16, 17, 18, 19, 20, 21, 22, 23, 24, 25, 26, 27, 28, 29]
[2026-05-16 01:07:08] Valid hours for sum: [12, 18, 24, 29]
[2026-05-16 01:07:11] Drought composite end date: 2018-08-23 06:00:00
[2026-05-16 01:07:11] Land cover year: 2017
[2026-05-16 01:07:11] VIIRS Veg composite: 2018-07-28 → 2018-08-13
[2026-05-16 01:07:16] Started export task: fire_245_dynamic_2018-08-26
[2026-05-16 01:07:16] ------ Processing date=2018-08-27 ------
[2026-05-16 01:07:16] Using viirs_af_path: viirs_af_path
[2026-05-16 01:07:17] VIIRS Image Date: ['2018-08-27 00:00:00']
[2026-05-16 01:07:17] Weather image size: 1
[2026-05-16 01:07:17] Forecast duration: 2018-08-28 00:00:00 to 2018-08-29 00:00:00
[2026-05-16 01:07:18] Number of forecast images: 24
[2026-05-16 01:07:18] Using forecast run: 2018-08-27 18:00:00 UTC
[2026-05-16 01:07:19] Forecast Rain Available hours: [6, 7, 8, 9, 10, 11, 12, 13, 14, 15, 16, 17, 18, 19, 20, 21, 22, 23, 24, 25, 26, 27, 28, 29]
[2026-05-16 01:07:19] Valid hours for sum: [12, 18, 24, 29]
[2026-05-16 01:07:20] Drought composite end date: 2018-08-23 06:00:00
[2026-05-16 01:07:20] Land cover year: 2017
[2026-05-16 01:07:21] VIIRS Veg composite: 2018-07-28 → 2018-08-13
[2026-05-16 01:07:27] Started export task: fire_245_dynamic_2018-08-27
[2026-05-16 01:07:27] ------ Processing date=2018-08-28 ------
[2026-05-16 01:07:27] Using viirs_af_path: viirs_af_path
[2026-05-16 01:07:27] VIIRS Image Date: ['2018-08-28 00:00:00']
[2026-05-16 01:07:27] Weather image size: 1
[2026-05-16 01:07:27] Forecast duration: 2018-08-29 00:00:00 to 2018-08-30 00:00:00
[2026-05-16 01:07:28] Number of forecast images: 24
[2026-05-16 01:07:28] Using forecast run: 2018-08-28 18:00:00 UTC
[2026-05-16 01:07:29] Forecast Rain Available hours: [6, 7, 8, 9, 10, 11, 12, 13, 14, 15, 16, 17, 18, 19, 20, 21, 22, 23, 24, 25, 26, 27, 28, 29]
[2026-05-16 01:07:29] Valid hours for sum: [12, 18, 24, 29]
[2026-05-16 01:07:31] Drought composite end date: 2018-08-23 06:00:00
[2026-05-16 01:07:31] Land cover year: 2017
[2026-05-16 01:07:32] VIIRS Veg composite: 2018-07-28 → 2018-08-13
[2026-05-16 01:07:35] Started export task: fire_245_dynamic_2018-08-28
[2026-05-16 01:07:35] ------ Processing date=2018-08-29 ------
[2026-05-16 01:07:35] Using viirs_af_path: viirs_af_path
[2026-05-16 01:07:36] VIIRS Image Date: ['2018-08-29 00:00:00']
[2026-05-16 01:07:36] Weather image size: 1
[2026-05-16 01:07:36] Forecast duration: 2018-08-30 00:00:00 to 2018-08-31 00:00:00
[2026-05-16 01:07:37] Number of forecast images: 24
[2026-05-16 01:07:37] Using forecast run: 2018-08-29 18:00:00 UTC
[2026-05-16 01:07:37] Forecast Rain Available hours: [6, 7, 8, 9, 10, 11, 12, 13, 14, 15, 16, 17, 18, 19, 20, 21, 22, 23, 24, 25, 26, 27, 28, 29]
[2026-05-16 01:07:37] Valid hours for sum: [12, 18, 24, 29]
[2026-05-16 01:07:39] Drought composite end date: 2018-08-28 06:00:00
[2026-05-16 01:07:39] Land cover year: 2017
[2026-05-16 01:07:40] VIIRS Veg composite: 2018-07-28 → 2018-08-13
[2026-05-16 01:07:44] Started export task: fire_245_dynamic_2018-08-29
[2026-05-16 01:07:45] ------ Processing date=2018-08-30 ------
[2026-05-16 01:07:45] Using viirs_af_path: viirs_af_path
[2026-05-16 01:07:45] VIIRS Image Date: ['2018-08-30 00:00:00']
[2026-05-16 01:07:45] Weather image size: 1
[2026-05-16 01:07:45] Forecast duration: 2018-08-31 00:00:00 to 2018-09-01 00:00:00
[2026-05-16 01:07:46] Number of forecast images: 24
[2026-05-16 01:07:46] Using forecast run: 2018-08-30 18:00:00 UTC
[2026-05-16 01:07:46] Forecast Rain Available hours: [6, 7, 8, 9, 10, 11, 12, 13, 14, 15, 16, 17, 18, 19, 20, 21, 22, 23, 24, 25, 26, 27, 28, 29]
[2026-05-16 01:07:46] Valid hours for sum: [12, 18, 24, 29]
[2026-05-16 01:07:49] Drought composite end date: 2018-08-28 06:00:00
[2026-05-16 01:07:49] Land cover year: 2017
[2026-05-16 01:07:50] VIIRS Veg composite: 2018-07-28 → 2018-08-13
[2026-05-16 01:07:54] Started export task: fire_245_dynamic_2018-08-30
[2026-05-16 01:07:55] ------ Processing date=2018-08-31 ------
[2026-05-16 01:07:55] Using viirs_af_path: viirs_af_path
[2026-05-16 01:07:55] VIIRS Image Date: ['2018-08-31 00:00:00']
[2026-05-16 01:07:55] Weather image size: 1
[2026-05-16 01:07:55] Forecast duration: 2018-09-01 00:00:00 to 2018-09-02 00:00:00
[2026-05-16 01:07:56] Number of forecast images: 24
[2026-05-16 01:07:56] Using forecast run: 2018-08-31 18:00:00 UTC
[2026-05-16 01:07:57] Forecast Rain Available hours: [6, 7, 8, 9, 10, 11, 12, 13, 14, 15, 16, 17, 18, 19, 20, 21, 22, 23, 24, 25, 26, 27, 28, 29]
[2026-05-16 01:07:57] Valid hours for sum: [12, 18, 24, 29]
[2026-05-16 01:07:58] Drought composite end date: 2018-08-28 06:00:00
[2026-05-16 01:07:58] Land cover year: 2017
[2026-05-16 01:08:00] VIIRS Veg composite: 2018-07-28 → 2018-08-13
[2026-05-16 01:08:04] Started export task: fire_245_dynamic_2018-08-31
[2026-05-16 01:08:05] ------ Processing date=2018-09-01 ------
[2026-05-16 01:08:05] Using viirs_af_path: viirs_af_path
[2026-05-16 01:08:05] VIIRS Image Date: ['2018-09-01 00:00:00']
[2026-05-16 01:08:05] Weather image size: 1
[2026-05-16 01:08:05] Forecast duration: 2018-09-02 00:00:00 to 2018-09-03 00:00:00
[2026-05-16 01:08:06] Number of forecast images: 24
[2026-05-16 01:08:06] Using forecast run: 2018-09-01 18:00:00 UTC
[2026-05-16 01:08:07] Forecast Rain Available hours: [6, 7, 8, 9, 10, 11, 12, 13, 14, 15, 16, 17, 18, 19, 20, 21, 22, 23, 24, 25, 26, 27, 28, 29]
[2026-05-16 01:08:07] Valid hours for sum: [12, 18, 24, 29]
[2026-05-16 01:08:09] Drought composite end date: 2018-08-28 06:00:00
[2026-05-16 01:08:10] Land cover year: 2017
[2026-05-16 01:08:11] VIIRS Veg composite: 2018-07-28 → 2018-08-13
[2026-05-16 01:08:14] Started export task: fire_245_dynamic_2018-09-01
[2026-05-16 01:08:15] ------ Processing date=2018-09-02 ------
[2026-05-16 01:08:15] Using viirs_af_path: viirs_af_path
[2026-05-16 01:08:15] VIIRS Image Date: ['2018-09-02 00:00:00']
[2026-05-16 01:08:15] Weather image size: 1
[2026-05-16 01:08:15] Forecast duration: 2018-09-03 00:00:00 to 2018-09-04 00:00:00
[2026-05-16 01:08:16] Number of forecast images: 24
[2026-05-16 01:08:16] Using forecast run: 2018-09-02 18:00:00 UTC
[2026-05-16 01:08:17] Forecast Rain Available hours: [6, 7, 8, 9, 10, 11, 12, 13, 14, 15, 16, 17, 18, 19, 20, 21, 22, 23, 24, 25, 26, 27, 28, 29]
[2026-05-16 01:08:17] Valid hours for sum: [12, 18, 24, 29]
[2026-05-16 01:08:18] Drought composite end date: 2018-08-28 06:00:00
[2026-05-16 01:08:19] Land cover year: 2017
[2026-05-16 01:08:19] VIIRS Veg composite: 2018-07-28 → 2018-08-13
[2026-05-16 01:08:23] Started export task: fire_245_dynamic_2018-09-02
[2026-05-16 01:08:24] ------ Processing date=2018-09-03 ------
[2026-05-16 01:08:24] Using viirs_af_path: viirs_af_path
[2026-05-16 01:08:24] VIIRS Image Date: ['2018-09-03 00:00:00']
[2026-05-16 01:08:24] Weather image size: 1
[2026-05-16 01:08:24] Forecast duration: 2018-09-04 00:00:00 to 2018-09-05 00:00:00
[2026-05-16 01:08:26] Number of forecast images: 24
[2026-05-16 01:08:26] Using forecast run: 2018-09-03 18:00:00 UTC
[2026-05-16 01:08:26] Forecast Rain Available hours: [6, 7, 8, 9, 10, 11, 12, 13, 14, 15, 16, 17, 18, 19, 20, 21, 22, 23, 24, 25, 26, 27, 28, 29]
[2026-05-16 01:08:26] Valid hours for sum: [12, 18, 24, 29]
[2026-05-16 01:08:28] Drought composite end date: 2018-09-02 06:00:00
[2026-05-16 01:08:28] Land cover year: 2017
[2026-05-16 01:08:29] VIIRS Veg composite: 2018-07-28 → 2018-08-13
[2026-05-16 01:08:33] Started export task: fire_245_dynamic_2018-09-03
[2026-05-16 01:08:34] ------ Processing date=2018-09-04 ------
[2026-05-16 01:08:34] Using viirs_af_path: viirs_af_path
[2026-05-16 01:08:34] VIIRS Image Date: ['2018-09-04 00:00:00']
[2026-05-16 01:08:34] Weather image size: 1
[2026-05-16 01:08:34] Forecast duration: 2018-09-05 00:00:00 to 2018-09-06 00:00:00
[2026-05-16 01:08:35] Number of forecast images: 24
[2026-05-16 01:08:35] Using forecast run: 2018-09-04 18:00:00 UTC
[2026-05-16 01:08:35] Forecast Rain Available hours: [6, 7, 8, 9, 10, 11, 12, 13, 14, 15, 16, 17, 18, 19, 20, 21, 22, 23, 24, 25, 26, 27, 28, 29]
[2026-05-16 01:08:35] Valid hours for sum: [12, 18, 24, 29]
[2026-05-16 01:08:38] Drought composite end date: 2018-09-02 06:00:00
[2026-05-16 01:08:38] Land cover year: 2017
[2026-05-16 01:08:39] VIIRS Veg composite: 2018-07-28 → 2018-08-13
[2026-05-16 01:08:42] Started export task: fire_245_dynamic_2018-09-04
[2026-05-16 01:08:42] ------ Processing date=2018-09-05 ------
[2026-05-16 01:08:42] Using viirs_af_path: viirs_af_path
[2026-05-16 01:08:42] VIIRS Image Date: ['2018-09-05 00:00:00']
[2026-05-16 01:08:43] Weather image size: 1
[2026-05-16 01:08:43] Forecast duration: 2018-09-06 00:00:00 to 2018-09-07 00:00:00
[2026-05-16 01:08:44] Number of forecast images: 24
[2026-05-16 01:08:44] Using forecast run: 2018-09-05 18:00:00 UTC
[2026-05-16 01:08:44] Forecast Rain Available hours: [6, 7, 8, 9, 10, 11, 12, 13, 14, 15, 16, 17, 18, 19, 20, 21, 22, 23, 24, 25, 26, 27, 28, 29]
[2026-05-16 01:08:44] Valid hours for sum: [12, 18, 24, 29]
[2026-05-16 01:08:47] Drought composite end date: 2018-09-02 06:00:00
[2026-05-16 01:08:47] Land cover year: 2017
[2026-05-16 01:08:48] VIIRS Veg composite: 2018-07-28 → 2018-08-13
[2026-05-16 01:08:53] Started export task: fire_245_dynamic_2018-09-05
[2026-05-16 01:08:53] ------ Processing date=2018-09-06 ------
[2026-05-16 01:08:53] Using viirs_af_path: viirs_af_path
[2026-05-16 01:08:53] VIIRS Image Date: ['2018-09-06 00:00:00']
[2026-05-16 01:08:54] Weather image size: 1
[2026-05-16 01:08:54] Forecast duration: 2018-09-07 00:00:00 to 2018-09-08 00:00:00
[2026-05-16 01:08:54] Number of forecast images: 24
[2026-05-16 01:08:54] Using forecast run: 2018-09-06 18:00:00 UTC
[2026-05-16 01:08:55] Forecast Rain Available hours: [6, 7, 8, 9, 10, 11, 12, 13, 14, 15, 16, 17, 18, 19, 20, 21, 22, 23, 24, 25, 26, 27, 28, 29]
[2026-05-16 01:08:55] Valid hours for sum: [12, 18, 24, 29]
[2026-05-16 01:08:56] Drought composite end date: 2018-09-02 06:00:00
[2026-05-16 01:08:57] Land cover year: 2017
[2026-05-16 01:08:57] VIIRS Veg composite: 2018-07-28 → 2018-08-13
[2026-05-16 01:09:01] Started export task: fire_245_dynamic_2018-09-06
[2026-05-16 01:09:01] ------ Processing date=2018-09-07 ------
[2026-05-16 01:09:01] Using viirs_af_path: viirs_af_path
[2026-05-16 01:09:01] VIIRS Image Date: ['2018-09-07 00:00:00']
[2026-05-16 01:09:11] Weather image size: 1
[2026-05-16 01:09:11] Forecast duration: 2018-09-08 00:00:00 to 2018-09-09 00:00:00
[2026-05-16 01:09:12] Number of forecast images: 24
[2026-05-16 01:09:12] Using forecast run: 2018-09-07 18:00:00 UTC
[2026-05-16 01:09:13] Forecast Rain Available hours: [6, 7, 8, 9, 10, 11, 12, 13, 14, 15, 16, 17, 18, 19, 20, 21, 22, 23, 24, 25, 26, 27, 28, 29]
[2026-05-16 01:09:13] Valid hours for sum: [12, 18, 24, 29]
[2026-05-16 01:09:14] Drought composite end date: 2018-09-02 06:00:00
[2026-05-16 01:09:15] Land cover year: 2017
[2026-05-16 01:09:16] VIIRS Veg composite: 2018-07-28 → 2018-08-13
[2026-05-16 01:09:18] Started export task: fire_245_dynamic_2018-09-07
[2026-05-16 01:09:19] ------ Processing date=2018-09-08 ------
[2026-05-16 01:09:19] Using viirs_af_path: viirs_af_path
[2026-05-16 01:09:19] VIIRS Image Date: ['2018-09-08 00:00:00']
[2026-05-16 01:09:19] Weather image size: 1
[2026-05-16 01:09:19] Forecast duration: 2018-09-09 00:00:00 to 2018-09-10 00:00:00
[2026-05-16 01:09:21] Number of forecast images: 24
[2026-05-16 01:09:21] Using forecast run: 2018-09-08 18:00:00 UTC
[2026-05-16 01:09:22] Forecast Rain Available hours: [6, 7, 8, 9, 10, 11, 12, 13, 14, 15, 16, 17, 18, 19, 20, 21, 22, 23, 24, 25, 26, 27, 28, 29]
[2026-05-16 01:09:22] Valid hours for sum: [12, 18, 24, 29]
[2026-05-16 01:09:24] Drought composite end date: 2018-09-07 06:00:00
[2026-05-16 01:09:24] Land cover year: 2017
[2026-05-16 01:09:25] VIIRS Veg composite: 2018-07-28 → 2018-08-13
[2026-05-16 01:09:29] Started export task: fire_245_dynamic_2018-09-08
[2026-05-16 01:09:29] END: ----------Event fire_245----------- (Duration: 4.79m)
[2026-05-16 01:09:29] START: ----------Event fire_246-----------
[2026-05-16 01:09:29] ------ Processing date=2018-08-13 ------
[2026-05-16 01:09:29] Using viirs_af_path: viirs_af_path
[2026-05-16 01:09:30] VIIRS Image Date: ['2018-08-13 00:00:00']
[2026-05-16 01:09:30] Weather image size: 1
[2026-05-16 01:09:30] Forecast duration: 2018-08-14 00:00:00 to 2018-08-15 00:00:00
[2026-05-16 01:09:31] Number of forecast images: 24
[2026-05-16 01:09:31] Using forecast run: 2018-08-13 18:00:00 UTC
[2026-05-16 01:09:31] Forecast Rain Available hours: [6, 7, 8, 9, 10, 11, 12, 13, 14, 15, 16, 17, 18, 19, 20, 21, 22, 23, 24, 25, 26, 27, 28, 29]
[2026-05-16 01:09:31] Valid hours for sum: [12, 18, 24, 29]
[2026-05-16 01:09:32] Drought composite end date: 2018-08-08 06:00:00
[2026-05-16 01:09:32] Land cover year: 2017
[2026-05-16 01:09:33] VIIRS Veg composite: 2018-07-28 → 2018-08-13
[2026-05-16 01:09:36] Started export task: fire_246_static
[2026-05-16 01:09:36] Started export task: fire_246_dynamic_2018-08-13
[2026-05-16 01:09:37] ------ Processing date=2018-08-14 ------
[2026-05-16 01:09:37] Using viirs_af_path: viirs_af_path
[2026-05-16 01:09:38] VIIRS Image Date: ['2018-08-14 00:00:00']
[2026-05-16 01:09:38] Weather image size: 1
[2026-05-16 01:09:38] Forecast duration: 2018-08-15 00:00:00 to 2018-08-16 00:00:00
[2026-05-16 01:09:39] Number of forecast images: 24
[2026-05-16 01:09:39] Using forecast run: 2018-08-14 18:00:00 UTC
[2026-05-16 01:09:39] Forecast Rain Available hours: [6, 7, 8, 9, 10, 11, 12, 13, 14, 15, 16, 17, 18, 19, 20, 21, 22, 23, 24, 25, 26, 27, 28, 29]
[2026-05-16 01:09:39] Valid hours for sum: [12, 18, 24, 29]
[2026-05-16 01:09:41] Drought composite end date: 2018-08-13 06:00:00
[2026-05-16 01:09:41] Land cover year: 2017
[2026-05-16 01:09:42] VIIRS Veg composite: 2018-07-28 → 2018-08-13
[2026-05-16 01:09:45] Started export task: fire_246_dynamic_2018-08-14
[2026-05-16 01:09:45] ------ Processing date=2018-08-15 ------
[2026-05-16 01:09:45] Using viirs_af_path: viirs_af_path
[2026-05-16 01:09:45] VIIRS Image Date: ['2018-08-15 00:00:00']
[2026-05-16 01:09:47] Weather image size: 1
[2026-05-16 01:09:47] Forecast duration: 2018-08-16 00:00:00 to 2018-08-17 00:00:00
[2026-05-16 01:09:48] Number of forecast images: 24
[2026-05-16 01:09:48] Using forecast run: 2018-08-15 18:00:00 UTC
[2026-05-16 01:09:48] Forecast Rain Available hours: [6, 7, 8, 9, 10, 11, 12, 13, 14, 15, 16, 17, 18, 19, 20, 21, 22, 23, 24, 25, 26, 27, 28, 29]
[2026-05-16 01:09:48] Valid hours for sum: [12, 18, 24, 29]
[2026-05-16 01:09:51] Drought composite end date: 2018-08-13 06:00:00
[2026-05-16 01:09:52] Land cover year: 2017
[2026-05-16 01:09:53] VIIRS Veg composite: 2018-07-28 → 2018-08-13
[2026-05-16 01:09:57] Started export task: fire_246_dynamic_2018-08-15
[2026-05-16 01:09:58] ------ Processing date=2018-08-16 ------
[2026-05-16 01:09:58] Using viirs_af_path: viirs_af_path
[2026-05-16 01:09:58] VIIRS Image Date: ['2018-08-16 00:00:00']
[2026-05-16 01:09:59] Weather image size: 1
[2026-05-16 01:09:59] Forecast duration: 2018-08-17 00:00:00 to 2018-08-18 00:00:00
[2026-05-16 01:09:59] Number of forecast images: 24
[2026-05-16 01:09:59] Using forecast run: 2018-08-16 18:00:00 UTC
[2026-05-16 01:10:00] Forecast Rain Available hours: [6, 7, 8, 9, 10, 11, 12, 13, 14, 15, 16, 17, 18, 19, 20, 21, 22, 23, 24, 25, 26, 27, 28, 29]
[2026-05-16 01:10:00] Valid hours for sum: [12, 18, 24, 29]
[2026-05-16 01:10:02] Drought composite end date: 2018-08-13 06:00:00
[2026-05-16 01:10:03] Land cover year: 2017
[2026-05-16 01:10:03] VIIRS Veg composite: 2018-07-28 → 2018-08-13
[2026-05-16 01:10:08] Started export task: fire_246_dynamic_2018-08-16
[2026-05-16 01:10:08] ------ Processing date=2018-08-17 ------
[2026-05-16 01:10:08] Using viirs_af_path: viirs_af_path
[2026-05-16 01:10:08] VIIRS Image Date: ['2018-08-17 00:00:00']
[2026-05-16 01:10:09] Weather image size: 1
[2026-05-16 01:10:09] Forecast duration: 2018-08-18 00:00:00 to 2018-08-19 00:00:00
[2026-05-16 01:10:10] Number of forecast images: 24
[2026-05-16 01:10:10] Using forecast run: 2018-08-17 18:00:00 UTC
[2026-05-16 01:10:11] Forecast Rain Available hours: [6, 7, 8, 9, 10, 11, 12, 13, 14, 15, 16, 17, 18, 19, 20, 21, 22, 23, 24, 25, 26, 27, 28, 29]
[2026-05-16 01:10:11] Valid hours for sum: [12, 18, 24, 29]
[2026-05-16 01:10:13] Drought composite end date: 2018-08-13 06:00:00
[2026-05-16 01:10:13] Land cover year: 2017
[2026-05-16 01:10:14] VIIRS Veg composite: 2018-07-28 → 2018-08-13
[2026-05-16 01:10:17] Started export task: fire_246_dynamic_2018-08-17
[2026-05-16 01:10:18] ------ Processing date=2018-08-18 ------
[2026-05-16 01:10:18] Using viirs_af_path: viirs_af_path
[2026-05-16 01:10:18] VIIRS Image Date: ['2018-08-18 00:00:00']
[2026-05-16 01:10:18] Weather image size: 1
[2026-05-16 01:10:18] Forecast duration: 2018-08-19 00:00:00 to 2018-08-20 00:00:00
[2026-05-16 01:10:19] Number of forecast images: 24
[2026-05-16 01:10:19] Using forecast run: 2018-08-18 18:00:00 UTC
[2026-05-16 01:10:20] Forecast Rain Available hours: [6, 7, 8, 9, 10, 11, 12, 13, 14, 15, 16, 17, 18, 19, 20, 21, 22, 23, 24, 25, 26, 27, 28, 29]
[2026-05-16 01:10:20] Valid hours for sum: [12, 18, 24, 29]
[2026-05-16 01:10:22] Drought composite end date: 2018-08-13 06:00:00
[2026-05-16 01:10:22] Land cover year: 2017
[2026-05-16 01:10:23] VIIRS Veg composite: 2018-07-28 → 2018-08-13
[2026-05-16 01:10:26] Started export task: fire_246_dynamic_2018-08-18
[2026-05-16 01:10:27] ------ Processing date=2018-08-19 ------
[2026-05-16 01:10:27] Using viirs_af_path: viirs_af_path
[2026-05-16 01:10:27] VIIRS Image Date: ['2018-08-19 00:00:00']
[2026-05-16 01:10:27] Weather image size: 1
[2026-05-16 01:10:27] Forecast duration: 2018-08-20 00:00:00 to 2018-08-21 00:00:00
[2026-05-16 01:10:29] Number of forecast images: 24
[2026-05-16 01:10:29] Using forecast run: 2018-08-19 18:00:00 UTC
[2026-05-16 01:10:29] Forecast Rain Available hours: [6, 7, 8, 9, 10, 11, 12, 13, 14, 15, 16, 17, 18, 19, 20, 21, 22, 23, 24, 25, 26, 27, 28, 29]
[2026-05-16 01:10:29] Valid hours for sum: [12, 18, 24, 29]
[2026-05-16 01:10:31] Drought composite end date: 2018-08-18 06:00:00
[2026-05-16 01:10:31] Land cover year: 2017
[2026-05-16 01:10:31] VIIRS Veg composite: 2018-07-28 → 2018-08-13
[2026-05-16 01:10:34] Started export task: fire_246_dynamic_2018-08-19
[2026-05-16 01:10:35] ------ Processing date=2018-08-20 ------
[2026-05-16 01:10:35] Using viirs_af_path: viirs_af_path
[2026-05-16 01:10:35] VIIRS Image Date: ['2018-08-20 00:00:00']
[2026-05-16 01:10:36] Weather image size: 1
[2026-05-16 01:10:36] Forecast duration: 2018-08-21 00:00:00 to 2018-08-22 00:00:00
[2026-05-16 01:10:37] Number of forecast images: 24
[2026-05-16 01:10:37] Using forecast run: 2018-08-20 18:00:00 UTC
[2026-05-16 01:10:37] Forecast Rain Available hours: [6, 7, 8, 9, 10, 11, 12, 13, 14, 15, 16, 17, 18, 19, 20, 21, 22, 23, 24, 25, 26, 27, 28, 29]
[2026-05-16 01:10:37] Valid hours for sum: [12, 18, 24, 29]
[2026-05-16 01:10:40] Drought composite end date: 2018-08-18 06:00:00
[2026-05-16 01:10:40] Land cover year: 2017
[2026-05-16 01:10:41] VIIRS Veg composite: 2018-07-28 → 2018-08-13
[2026-05-16 01:10:44] Started export task: fire_246_dynamic_2018-08-20
[2026-05-16 01:10:45] ------ Processing date=2018-08-21 ------
[2026-05-16 01:10:45] Using viirs_af_path: viirs_af_path
[2026-05-16 01:10:45] VIIRS Image Date: ['2018-08-21 00:00:00']
[2026-05-16 01:10:45] Weather image size: 1
[2026-05-16 01:10:45] Forecast duration: 2018-08-22 00:00:00 to 2018-08-23 00:00:00
[2026-05-16 01:10:46] Number of forecast images: 24
[2026-05-16 01:10:46] Using forecast run: 2018-08-21 18:00:00 UTC
[2026-05-16 01:10:47] Forecast Rain Available hours: [6, 7, 8, 9, 10, 11, 12, 13, 14, 15, 16, 17, 18, 19, 20, 21, 22, 23, 24, 25, 26, 27, 28, 29]
[2026-05-16 01:10:47] Valid hours for sum: [12, 18, 24, 29]
[2026-05-16 01:10:49] Drought composite end date: 2018-08-18 06:00:00
[2026-05-16 01:10:49] Land cover year: 2017
[2026-05-16 01:10:50] VIIRS Veg composite: 2018-07-28 → 2018-08-13
[2026-05-16 01:10:54] Started export task: fire_246_dynamic_2018-08-21
[2026-05-16 01:10:55] ------ Processing date=2018-08-22 ------
[2026-05-16 01:10:55] Using viirs_af_path: viirs_af_path
[2026-05-16 01:10:55] VIIRS Image Date: ['2018-08-22 00:00:00']
[2026-05-16 01:10:55] Weather image size: 1
[2026-05-16 01:10:55] Forecast duration: 2018-08-23 00:00:00 to 2018-08-24 00:00:00
[2026-05-16 01:10:56] Number of forecast images: 24
[2026-05-16 01:10:56] Using forecast run: 2018-08-22 18:00:00 UTC
[2026-05-16 01:10:56] Forecast Rain Available hours: [6, 7, 8, 9, 10, 11, 12, 13, 14, 15, 16, 17, 18, 19, 20, 21, 22, 23, 24, 25, 26, 27, 28, 29]
[2026-05-16 01:10:56] Valid hours for sum: [12, 18, 24, 29]
[2026-05-16 01:11:16] Drought composite end date: 2018-08-18 06:00:00
[2026-05-16 01:11:16] Land cover year: 2017
[2026-05-16 01:11:17] VIIRS Veg composite: 2018-07-28 → 2018-08-13
[2026-05-16 01:11:21] Started export task: fire_246_dynamic_2018-08-22
[2026-05-16 01:11:21] ------ Processing date=2018-08-23 ------
[2026-05-16 01:11:21] Using viirs_af_path: viirs_af_path
[2026-05-16 01:11:26] VIIRS Image Date: ['2018-08-23 00:00:00']
[2026-05-16 01:11:27] Weather image size: 1
[2026-05-16 01:11:27] Forecast duration: 2018-08-24 00:00:00 to 2018-08-25 00:00:00
[2026-05-16 01:11:28] Number of forecast images: 24
[2026-05-16 01:11:28] Using forecast run: 2018-08-23 18:00:00 UTC
[2026-05-16 01:11:29] Forecast Rain Available hours: [6, 7, 8, 9, 10, 11, 12, 13, 14, 15, 16, 17, 18, 19, 20, 21, 22, 23, 24, 25, 26, 27, 28, 29]
[2026-05-16 01:11:29] Valid hours for sum: [12, 18, 24, 29]
[2026-05-16 01:11:31] Drought composite end date: 2018-08-18 06:00:00
[2026-05-16 01:11:31] Land cover year: 2017
[2026-05-16 01:11:32] VIIRS Veg composite: 2018-07-28 → 2018-08-13
[2026-05-16 01:11:35] Started export task: fire_246_dynamic_2018-08-23
[2026-05-16 01:11:36] ------ Processing date=2018-08-24 ------
[2026-05-16 01:11:36] Using viirs_af_path: viirs_af_path
[2026-05-16 01:11:36] VIIRS Image Date: ['2018-08-24 00:00:00']
[2026-05-16 01:11:36] Weather image size: 1
[2026-05-16 01:11:36] Forecast duration: 2018-08-25 00:00:00 to 2018-08-26 00:00:00
[2026-05-16 01:11:37] Number of forecast images: 24
[2026-05-16 01:11:37] Using forecast run: 2018-08-24 18:00:00 UTC
[2026-05-16 01:11:38] Forecast Rain Available hours: [6, 7, 8, 9, 10, 11, 12, 13, 14, 15, 16, 17, 18, 19, 20, 21, 22, 23, 24, 25, 26, 27, 28, 29]
[2026-05-16 01:11:38] Valid hours for sum: [12, 18, 24, 29]
[2026-05-16 01:11:40] Drought composite end date: 2018-08-23 06:00:00
[2026-05-16 01:11:41] Land cover year: 2017
[2026-05-16 01:11:42] VIIRS Veg composite: 2018-07-28 → 2018-08-13
[2026-05-16 01:11:44] Started export task: fire_246_dynamic_2018-08-24
[2026-05-16 01:11:44] ------ Processing date=2018-08-25 ------
[2026-05-16 01:11:44] Using viirs_af_path: viirs_af_path
[2026-05-16 01:11:45] VIIRS Image Date: ['2018-08-25 00:00:00']
[2026-05-16 01:11:45] Weather image size: 1
[2026-05-16 01:11:45] Forecast duration: 2018-08-26 00:00:00 to 2018-08-27 00:00:00
[2026-05-16 01:11:46] Number of forecast images: 24
[2026-05-16 01:11:46] Using forecast run: 2018-08-25 18:00:00 UTC
[2026-05-16 01:11:46] Forecast Rain Available hours: [6, 7, 8, 9, 10, 11, 12, 13, 14, 15, 16, 17, 18, 19, 20, 21, 22, 23, 24, 25, 26, 27, 28, 29]
[2026-05-16 01:11:46] Valid hours for sum: [12, 18, 24, 29]
[2026-05-16 01:11:48] Drought composite end date: 2018-08-23 06:00:00
[2026-05-16 01:11:48] Land cover year: 2017
[2026-05-16 01:11:49] VIIRS Veg composite: 2018-07-28 → 2018-08-13
[2026-05-16 01:11:53] Started export task: fire_246_dynamic_2018-08-25
[2026-05-16 01:11:53] END: ----------Event fire_246----------- (Duration: 2.40m)
[2026-05-16 01:11:53] START: ----------Event fire_247-----------
[2026-05-16 01:11:54] ------ Processing date=2018-08-13 ------
[2026-05-16 01:11:54] Using viirs_af_path: viirs_af_path
[2026-05-16 01:11:54] VIIRS Image Date: ['2018-08-13 00:00:00']
[2026-05-16 01:11:54] Weather image size: 1
[2026-05-16 01:11:54] Forecast duration: 2018-08-14 00:00:00 to 2018-08-15 00:00:00
[2026-05-16 01:11:56] Number of forecast images: 24
[2026-05-16 01:11:56] Using forecast run: 2018-08-13 18:00:00 UTC
[2026-05-16 01:11:56] Forecast Rain Available hours: [6, 7, 8, 9, 10, 11, 12, 13, 14, 15, 16, 17, 18, 19, 20, 21, 22, 23, 24, 25, 26, 27, 28, 29]
[2026-05-16 01:11:56] Valid hours for sum: [12, 18, 24, 29]
[2026-05-16 01:11:59] Drought composite end date: 2018-08-08 06:00:00
[2026-05-16 01:11:59] Land cover year: 2017
[2026-05-16 01:12:00] VIIRS Veg composite: 2018-07-28 → 2018-08-13
[2026-05-16 01:12:03] Started export task: fire_247_static
[2026-05-16 01:12:04] Started export task: fire_247_dynamic_2018-08-13
[2026-05-16 01:12:22] ------ Processing date=2018-08-14 ------
[2026-05-16 01:12:22] Using viirs_af_path: viirs_af_path
[2026-05-16 01:12:22] VIIRS Image Date: ['2018-08-14 00:00:00']
[2026-05-16 01:12:22] Weather image size: 1
[2026-05-16 01:12:22] Forecast duration: 2018-08-15 00:00:00 to 2018-08-16 00:00:00
[2026-05-16 01:12:23] Number of forecast images: 24
[2026-05-16 01:12:23] Using forecast run: 2018-08-14 18:00:00 UTC
[2026-05-16 01:12:24] Forecast Rain Available hours: [6, 7, 8, 9, 10, 11, 12, 13, 14, 15, 16, 17, 18, 19, 20, 21, 22, 23, 24, 25, 26, 27, 28, 29]
[2026-05-16 01:12:24] Valid hours for sum: [12, 18, 24, 29]
[2026-05-16 01:12:26] Drought composite end date: 2018-08-13 06:00:00
[2026-05-16 01:12:26] Land cover year: 2017
[2026-05-16 01:12:27] VIIRS Veg composite: 2018-07-28 → 2018-08-13
[2026-05-16 01:12:31] Started export task: fire_247_dynamic_2018-08-14
[2026-05-16 01:12:31] ------ Processing date=2018-08-15 ------
[2026-05-16 01:12:31] Using viirs_af_path: viirs_af_path
[2026-05-16 01:12:32] VIIRS Image Date: ['2018-08-15 00:00:00']
[2026-05-16 01:12:32] Weather image size: 1
[2026-05-16 01:12:32] Forecast duration: 2018-08-16 00:00:00 to 2018-08-17 00:00:00
[2026-05-16 01:12:33] Number of forecast images: 24
[2026-05-16 01:12:33] Using forecast run: 2018-08-15 18:00:00 UTC
[2026-05-16 01:12:34] Forecast Rain Available hours: [6, 7, 8, 9, 10, 11, 12, 13, 14, 15, 16, 17, 18, 19, 20, 21, 22, 23, 24, 25, 26, 27, 28, 29]
[2026-05-16 01:12:34] Valid hours for sum: [12, 18, 24, 29]
[2026-05-16 01:12:36] Drought composite end date: 2018-08-13 06:00:00
[2026-05-16 01:12:36] Land cover year: 2017
[2026-05-16 01:12:37] VIIRS Veg composite: 2018-07-28 → 2018-08-13
[2026-05-16 01:12:40] Started export task: fire_247_dynamic_2018-08-15
[2026-05-16 01:12:40] ------ Processing date=2018-08-16 ------
[2026-05-16 01:12:40] Using viirs_af_path: viirs_af_path
[2026-05-16 01:12:40] VIIRS Image Date: ['2018-08-16 00:00:00']
[2026-05-16 01:12:41] Weather image size: 1
[2026-05-16 01:12:41] Forecast duration: 2018-08-17 00:00:00 to 2018-08-18 00:00:00
[2026-05-16 01:12:41] Number of forecast images: 24
[2026-05-16 01:12:41] Using forecast run: 2018-08-16 18:00:00 UTC
[2026-05-16 01:12:42] Forecast Rain Available hours: [6, 7, 8, 9, 10, 11, 12, 13, 14, 15, 16, 17, 18, 19, 20, 21, 22, 23, 24, 25, 26, 27, 28, 29]
[2026-05-16 01:12:42] Valid hours for sum: [12, 18, 24, 29]
[2026-05-16 01:12:44] Drought composite end date: 2018-08-13 06:00:00
[2026-05-16 01:12:44] Land cover year: 2017
[2026-05-16 01:12:46] VIIRS Veg composite: 2018-07-28 → 2018-08-13
[2026-05-16 01:12:50] Started export task: fire_247_dynamic_2018-08-16
[2026-05-16 01:12:50] ------ Processing date=2018-08-17 ------
[2026-05-16 01:12:50] Using viirs_af_path: viirs_af_path
[2026-05-16 01:12:51] VIIRS Image Date: ['2018-08-17 00:00:00']
[2026-05-16 01:12:51] Weather image size: 1
[2026-05-16 01:12:51] Forecast duration: 2018-08-18 00:00:00 to 2018-08-19 00:00:00
[2026-05-16 01:12:52] Number of forecast images: 24
[2026-05-16 01:12:52] Using forecast run: 2018-08-17 18:00:00 UTC
[2026-05-16 01:12:52] Forecast Rain Available hours: [6, 7, 8, 9, 10, 11, 12, 13, 14, 15, 16, 17, 18, 19, 20, 21, 22, 23, 24, 25, 26, 27, 28, 29]
[2026-05-16 01:12:52] Valid hours for sum: [12, 18, 24, 29]
[2026-05-16 01:12:54] Drought composite end date: 2018-08-13 06:00:00
[2026-05-16 01:12:54] Land cover year: 2017
[2026-05-16 01:12:55] VIIRS Veg composite: 2018-07-28 → 2018-08-13
[2026-05-16 01:14:42] Started export task: fire_247_dynamic_2018-08-17
[2026-05-16 01:14:42] ------ Processing date=2018-08-18 ------
[2026-05-16 01:14:42] Using viirs_af_path: viirs_af_path
[2026-05-16 01:14:43] VIIRS Image Date: ['2018-08-18 00:00:00']
[2026-05-16 01:14:43] Weather image size: 1
[2026-05-16 01:14:43] Forecast duration: 2018-08-19 00:00:00 to 2018-08-20 00:00:00
[2026-05-16 01:14:44] Number of forecast images: 24
[2026-05-16 01:14:44] Using forecast run: 2018-08-18 18:00:00 UTC
[2026-05-16 01:14:45] Forecast Rain Available hours: [6, 7, 8, 9, 10, 11, 12, 13, 14, 15, 16, 17, 18, 19, 20, 21, 22, 23, 24, 25, 26, 27, 28, 29]
[2026-05-16 01:14:45] Valid hours for sum: [12, 18, 24, 29]
[2026-05-16 01:14:47] Drought composite end date: 2018-08-13 06:00:00
[2026-05-16 01:14:47] Land cover year: 2017
[2026-05-16 01:14:48] VIIRS Veg composite: 2018-07-28 → 2018-08-13
[2026-05-16 01:14:51] Started export task: fire_247_dynamic_2018-08-18
[2026-05-16 01:14:52] ------ Processing date=2018-08-19 ------
[2026-05-16 01:14:52] Using viirs_af_path: viirs_af_path
[2026-05-16 01:14:52] VIIRS Image Date: ['2018-08-19 00:00:00']
[2026-05-16 01:14:52] Weather image size: 1
[2026-05-16 01:14:52] Forecast duration: 2018-08-20 00:00:00 to 2018-08-21 00:00:00
[2026-05-16 01:14:53] Number of forecast images: 24
[2026-05-16 01:14:53] Using forecast run: 2018-08-19 18:00:00 UTC
[2026-05-16 01:14:53] Forecast Rain Available hours: [6, 7, 8, 9, 10, 11, 12, 13, 14, 15, 16, 17, 18, 19, 20, 21, 22, 23, 24, 25, 26, 27, 28, 29]
[2026-05-16 01:14:53] Valid hours for sum: [12, 18, 24, 29]
[2026-05-16 01:14:56] Drought composite end date: 2018-08-18 06:00:00
[2026-05-16 01:15:16] Land cover year: 2017
[2026-05-16 01:15:17] VIIRS Veg composite: 2018-07-28 → 2018-08-13
[2026-05-16 01:15:21] Started export task: fire_247_dynamic_2018-08-19
[2026-05-16 01:15:21] ------ Processing date=2018-08-20 ------
[2026-05-16 01:15:21] Using viirs_af_path: viirs_af_path
[2026-05-16 01:15:21] VIIRS Image Date: ['2018-08-20 00:00:00']
[2026-05-16 01:15:21] Weather image size: 1
[2026-05-16 01:15:21] Forecast duration: 2018-08-21 00:00:00 to 2018-08-22 00:00:00
[2026-05-16 01:15:22] Number of forecast images: 24
[2026-05-16 01:15:22] Using forecast run: 2018-08-20 18:00:00 UTC
[2026-05-16 01:15:23] Forecast Rain Available hours: [6, 7, 8, 9, 10, 11, 12, 13, 14, 15, 16, 17, 18, 19, 20, 21, 22, 23, 24, 25, 26, 27, 28, 29]
[2026-05-16 01:15:23] Valid hours for sum: [12, 18, 24, 29]
[2026-05-16 01:15:26] Drought composite end date: 2018-08-18 06:00:00
[2026-05-16 01:15:26] Land cover year: 2017
[2026-05-16 01:15:27] VIIRS Veg composite: 2018-07-28 → 2018-08-13
[2026-05-16 01:15:31] Started export task: fire_247_dynamic_2018-08-20
[2026-05-16 01:15:32] ------ Processing date=2018-08-21 ------
[2026-05-16 01:15:32] Using viirs_af_path: viirs_af_path
[2026-05-16 01:15:32] VIIRS Image Date: ['2018-08-21 00:00:00']
[2026-05-16 01:15:32] Weather image size: 1
[2026-05-16 01:15:32] Forecast duration: 2018-08-22 00:00:00 to 2018-08-23 00:00:00
[2026-05-16 01:15:33] Number of forecast images: 24
[2026-05-16 01:15:33] Using forecast run: 2018-08-21 18:00:00 UTC
[2026-05-16 01:15:33] Forecast Rain Available hours: [6, 7, 8, 9, 10, 11, 12, 13, 14, 15, 16, 17, 18, 19, 20, 21, 22, 23, 24, 25, 26, 27, 28, 29]
[2026-05-16 01:15:33] Valid hours for sum: [12, 18, 24, 29]
[2026-05-16 01:15:36] Drought composite end date: 2018-08-18 06:00:00
[2026-05-16 01:15:37] Land cover year: 2017
[2026-05-16 01:15:38] VIIRS Veg composite: 2018-07-28 → 2018-08-13
[2026-05-16 01:15:42] Started export task: fire_247_dynamic_2018-08-21
[2026-05-16 01:15:42] ------ Processing date=2018-08-22 ------
[2026-05-16 01:15:42] Using viirs_af_path: viirs_af_path
[2026-05-16 01:15:43] VIIRS Image Date: ['2018-08-22 00:00:00']
[2026-05-16 01:15:43] Weather image size: 1
[2026-05-16 01:15:43] Forecast duration: 2018-08-23 00:00:00 to 2018-08-24 00:00:00
[2026-05-16 01:15:44] Number of forecast images: 24
[2026-05-16 01:15:44] Using forecast run: 2018-08-22 18:00:00 UTC
[2026-05-16 01:15:44] Forecast Rain Available hours: [6, 7, 8, 9, 10, 11, 12, 13, 14, 15, 16, 17, 18, 19, 20, 21, 22, 23, 24, 25, 26, 27, 28, 29]
[2026-05-16 01:15:44] Valid hours for sum: [12, 18, 24, 29]
[2026-05-16 01:15:46] Drought composite end date: 2018-08-18 06:00:00
[2026-05-16 01:15:47] Land cover year: 2017
[2026-05-16 01:15:48] VIIRS Veg composite: 2018-07-28 → 2018-08-13
[2026-05-16 01:15:53] Started export task: fire_247_dynamic_2018-08-22
[2026-05-16 01:15:53] ------ Processing date=2018-08-23 ------
[2026-05-16 01:15:53] Using viirs_af_path: viirs_af_path
[2026-05-16 01:15:53] VIIRS Image Date: ['2018-08-23 00:00:00']
[2026-05-16 01:15:53] Weather image size: 1
[2026-05-16 01:15:53] Forecast duration: 2018-08-24 00:00:00 to 2018-08-25 00:00:00
[2026-05-16 01:15:54] Number of forecast images: 24
[2026-05-16 01:15:54] Using forecast run: 2018-08-23 18:00:00 UTC
[2026-05-16 01:15:55] Forecast Rain Available hours: [6, 7, 8, 9, 10, 11, 12, 13, 14, 15, 16, 17, 18, 19, 20, 21, 22, 23, 24, 25, 26, 27, 28, 29]
[2026-05-16 01:15:55] Valid hours for sum: [12, 18, 24, 29]
[2026-05-16 01:15:56] Drought composite end date: 2018-08-18 06:00:00
[2026-05-16 01:15:57] Land cover year: 2017
[2026-05-16 01:15:57] VIIRS Veg composite: 2018-07-28 → 2018-08-13
[2026-05-16 01:16:01] Started export task: fire_247_dynamic_2018-08-23
[2026-05-16 01:16:01] ------ Processing date=2018-08-24 ------
[2026-05-16 01:16:01] Using viirs_af_path: viirs_af_path
[2026-05-16 01:16:02] VIIRS Image Date: ['2018-08-24 00:00:00']
[2026-05-16 01:16:02] Weather image size: 1
[2026-05-16 01:16:02] Forecast duration: 2018-08-25 00:00:00 to 2018-08-26 00:00:00
[2026-05-16 01:16:03] Number of forecast images: 24
[2026-05-16 01:16:03] Using forecast run: 2018-08-24 18:00:00 UTC
[2026-05-16 01:16:03] Forecast Rain Available hours: [6, 7, 8, 9, 10, 11, 12, 13, 14, 15, 16, 17, 18, 19, 20, 21, 22, 23, 24, 25, 26, 27, 28, 29]
[2026-05-16 01:16:03] Valid hours for sum: [12, 18, 24, 29]
[2026-05-16 01:16:05] Drought composite end date: 2018-08-23 06:00:00
[2026-05-16 01:16:06] Land cover year: 2017
[2026-05-16 01:16:06] VIIRS Veg composite: 2018-07-28 → 2018-08-13
[2026-05-16 01:16:09] Started export task: fire_247_dynamic_2018-08-24
[2026-05-16 01:16:10] ------ Processing date=2018-08-25 ------
[2026-05-16 01:16:10] Using viirs_af_path: viirs_af_path
[2026-05-16 01:16:10] VIIRS Image Date: ['2018-08-25 00:00:00']
[2026-05-16 01:16:10] Weather image size: 1
[2026-05-16 01:16:10] Forecast duration: 2018-08-26 00:00:00 to 2018-08-27 00:00:00
[2026-05-16 01:16:11] Number of forecast images: 24
[2026-05-16 01:16:11] Using forecast run: 2018-08-25 18:00:00 UTC
[2026-05-16 01:16:11] Forecast Rain Available hours: [6, 7, 8, 9, 10, 11, 12, 13, 14, 15, 16, 17, 18, 19, 20, 21, 22, 23, 24, 25, 26, 27, 28, 29]
[2026-05-16 01:16:11] Valid hours for sum: [12, 18, 24, 29]
[2026-05-16 01:16:13] Drought composite end date: 2018-08-23 06:00:00
[2026-05-16 01:16:13] Land cover year: 2017
[2026-05-16 01:16:14] VIIRS Veg composite: 2018-07-28 → 2018-08-13
[2026-05-16 01:16:18] Started export task: fire_247_dynamic_2018-08-25
[2026-05-16 01:16:18] ------ Processing date=2018-08-26 ------
[2026-05-16 01:16:18] Using viirs_af_path: viirs_af_path
[2026-05-16 01:16:19] VIIRS Image Date: ['2018-08-26 00:00:00']
[2026-05-16 01:16:19] Weather image size: 1
[2026-05-16 01:16:19] Forecast duration: 2018-08-27 00:00:00 to 2018-08-28 00:00:00
[2026-05-16 01:16:20] Number of forecast images: 24
[2026-05-16 01:16:20] Using forecast run: 2018-08-26 18:00:00 UTC
[2026-05-16 01:16:20] Forecast Rain Available hours: [6, 7, 8, 9, 10, 11, 12, 13, 14, 15, 16, 17, 18, 19, 20, 21, 22, 23, 24, 25, 26, 27, 28, 29]
[2026-05-16 01:16:20] Valid hours for sum: [12, 18, 24, 29]
[2026-05-16 01:16:23] Drought composite end date: 2018-08-23 06:00:00
[2026-05-16 01:16:23] Land cover year: 2017
[2026-05-16 01:16:23] VIIRS Veg composite: 2018-07-28 → 2018-08-13
[2026-05-16 01:16:28] Started export task: fire_247_dynamic_2018-08-26
[2026-05-16 01:16:29] ------ Processing date=2018-08-27 ------
[2026-05-16 01:16:29] Using viirs_af_path: viirs_af_path
[2026-05-16 01:16:29] VIIRS Image Date: ['2018-08-27 00:00:00']
[2026-05-16 01:16:29] Weather image size: 1
[2026-05-16 01:16:29] Forecast duration: 2018-08-28 00:00:00 to 2018-08-29 00:00:00
[2026-05-16 01:16:30] Number of forecast images: 24
[2026-05-16 01:16:30] Using forecast run: 2018-08-27 18:00:00 UTC
[2026-05-16 01:16:30] Forecast Rain Available hours: [6, 7, 8, 9, 10, 11, 12, 13, 14, 15, 16, 17, 18, 19, 20, 21, 22, 23, 24, 25, 26, 27, 28, 29]
[2026-05-16 01:16:30] Valid hours for sum: [12, 18, 24, 29]
[2026-05-16 01:16:33] Drought composite end date: 2018-08-23 06:00:00
[2026-05-16 01:16:33] Land cover year: 2017
[2026-05-16 01:16:34] VIIRS Veg composite: 2018-07-28 → 2018-08-13
[2026-05-16 01:16:37] Started export task: fire_247_dynamic_2018-08-27
[2026-05-16 01:16:44] ------ Processing date=2018-08-28 ------
[2026-05-16 01:16:44] Using viirs_af_path: viirs_af_path
[2026-05-16 01:16:44] VIIRS Image Date: ['2018-08-28 00:00:00']
[2026-05-16 01:16:44] Weather image size: 1
[2026-05-16 01:16:44] Forecast duration: 2018-08-29 00:00:00 to 2018-08-30 00:00:00
[2026-05-16 01:16:45] Number of forecast images: 24
[2026-05-16 01:16:45] Using forecast run: 2018-08-28 18:00:00 UTC
[2026-05-16 01:16:46] Forecast Rain Available hours: [6, 7, 8, 9, 10, 11, 12, 13, 14, 15, 16, 17, 18, 19, 20, 21, 22, 23, 24, 25, 26, 27, 28, 29]
[2026-05-16 01:16:46] Valid hours for sum: [12, 18, 24, 29]
[2026-05-16 01:16:48] Drought composite end date: 2018-08-23 06:00:00
[2026-05-16 01:16:48] Land cover year: 2017
[2026-05-16 01:16:49] VIIRS Veg composite: 2018-07-28 → 2018-08-13
[2026-05-16 01:16:53] Started export task: fire_247_dynamic_2018-08-28
[2026-05-16 01:16:53] ------ Processing date=2018-08-29 ------
[2026-05-16 01:16:53] Using viirs_af_path: viirs_af_path
[2026-05-16 01:16:53] VIIRS Image Date: ['2018-08-29 00:00:00']
[2026-05-16 01:16:54] Weather image size: 1
[2026-05-16 01:16:54] Forecast duration: 2018-08-30 00:00:00 to 2018-08-31 00:00:00
[2026-05-16 01:16:55] Number of forecast images: 24
[2026-05-16 01:16:55] Using forecast run: 2018-08-29 18:00:00 UTC
[2026-05-16 01:16:55] Forecast Rain Available hours: [6, 7, 8, 9, 10, 11, 12, 13, 14, 15, 16, 17, 18, 19, 20, 21, 22, 23, 24, 25, 26, 27, 28, 29]
[2026-05-16 01:16:55] Valid hours for sum: [12, 18, 24, 29]
[2026-05-16 01:16:57] Drought composite end date: 2018-08-28 06:00:00
[2026-05-16 01:16:57] Land cover year: 2017
[2026-05-16 01:16:58] VIIRS Veg composite: 2018-07-28 → 2018-08-13
[2026-05-16 01:17:03] Started export task: fire_247_dynamic_2018-08-29
[2026-05-16 01:17:04] ------ Processing date=2018-08-30 ------
[2026-05-16 01:17:04] Using viirs_af_path: viirs_af_path
[2026-05-16 01:17:04] VIIRS Image Date: ['2018-08-30 00:00:00']
[2026-05-16 01:17:04] Weather image size: 1
[2026-05-16 01:17:04] Forecast duration: 2018-08-31 00:00:00 to 2018-09-01 00:00:00
[2026-05-16 01:17:05] Number of forecast images: 24
[2026-05-16 01:17:05] Using forecast run: 2018-08-30 18:00:00 UTC
[2026-05-16 01:17:06] Forecast Rain Available hours: [6, 7, 8, 9, 10, 11, 12, 13, 14, 15, 16, 17, 18, 19, 20, 21, 22, 23, 24, 25, 26, 27, 28, 29]
[2026-05-16 01:17:06] Valid hours for sum: [12, 18, 24, 29]
[2026-05-16 01:17:09] Drought composite end date: 2018-08-28 06:00:00
[2026-05-16 01:17:09] Land cover year: 2017
[2026-05-16 01:17:10] VIIRS Veg composite: 2018-07-28 → 2018-08-13
[2026-05-16 01:17:14] Started export task: fire_247_dynamic_2018-08-30
[2026-05-16 01:17:15] ------ Processing date=2018-08-31 ------
[2026-05-16 01:17:15] Using viirs_af_path: viirs_af_path
[2026-05-16 01:17:15] VIIRS Image Date: ['2018-08-31 00:00:00']
[2026-05-16 01:17:15] Weather image size: 1
[2026-05-16 01:17:15] Forecast duration: 2018-09-01 00:00:00 to 2018-09-02 00:00:00
[2026-05-16 01:17:16] Number of forecast images: 24
[2026-05-16 01:17:16] Using forecast run: 2018-08-31 18:00:00 UTC
[2026-05-16 01:17:16] Forecast Rain Available hours: [6, 7, 8, 9, 10, 11, 12, 13, 14, 15, 16, 17, 18, 19, 20, 21, 22, 23, 24, 25, 26, 27, 28, 29]
[2026-05-16 01:17:16] Valid hours for sum: [12, 18, 24, 29]
[2026-05-16 01:17:18] Drought composite end date: 2018-08-28 06:00:00
[2026-05-16 01:17:19] Land cover year: 2017
[2026-05-16 01:17:20] VIIRS Veg composite: 2018-07-28 → 2018-08-13
[2026-05-16 01:17:24] Started export task: fire_247_dynamic_2018-08-31
[2026-05-16 01:17:24] ------ Processing date=2018-09-01 ------
[2026-05-16 01:17:24] Using viirs_af_path: viirs_af_path
[2026-05-16 01:17:24] VIIRS Image Date: ['2018-09-01 00:00:00']
[2026-05-16 01:17:25] Weather image size: 1
[2026-05-16 01:17:25] Forecast duration: 2018-09-02 00:00:00 to 2018-09-03 00:00:00
[2026-05-16 01:17:26] Number of forecast images: 24
[2026-05-16 01:17:26] Using forecast run: 2018-09-01 18:00:00 UTC
[2026-05-16 01:17:26] Forecast Rain Available hours: [6, 7, 8, 9, 10, 11, 12, 13, 14, 15, 16, 17, 18, 19, 20, 21, 22, 23, 24, 25, 26, 27, 28, 29]
[2026-05-16 01:17:26] Valid hours for sum: [12, 18, 24, 29]
[2026-05-16 01:17:29] Drought composite end date: 2018-08-28 06:00:00
[2026-05-16 01:17:29] Land cover year: 2017
[2026-05-16 01:17:30] VIIRS Veg composite: 2018-07-28 → 2018-08-13
[2026-05-16 01:17:35] Started export task: fire_247_dynamic_2018-09-01
[2026-05-16 01:17:36] ------ Processing date=2018-09-02 ------
[2026-05-16 01:17:36] Using viirs_af_path: viirs_af_path
[2026-05-16 01:17:36] VIIRS Image Date: ['2018-09-02 00:00:00']
[2026-05-16 01:17:36] Weather image size: 1
[2026-05-16 01:17:36] Forecast duration: 2018-09-03 00:00:00 to 2018-09-04 00:00:00
[2026-05-16 01:17:37] Number of forecast images: 24
[2026-05-16 01:17:37] Using forecast run: 2018-09-02 18:00:00 UTC
[2026-05-16 01:17:38] Forecast Rain Available hours: [6, 7, 8, 9, 10, 11, 12, 13, 14, 15, 16, 17, 18, 19, 20, 21, 22, 23, 24, 25, 26, 27, 28, 29]
[2026-05-16 01:17:38] Valid hours for sum: [12, 18, 24, 29]
[2026-05-16 01:17:40] Drought composite end date: 2018-08-28 06:00:00
[2026-05-16 01:17:40] Land cover year: 2017
[2026-05-16 01:17:41] VIIRS Veg composite: 2018-07-28 → 2018-08-13
[2026-05-16 01:17:44] Started export task: fire_247_dynamic_2018-09-02
[2026-05-16 01:17:44] ------ Processing date=2018-09-03 ------
[2026-05-16 01:17:44] Using viirs_af_path: viirs_af_path
[2026-05-16 01:17:45] VIIRS Image Date: ['2018-09-03 00:00:00']
[2026-05-16 01:17:45] Weather image size: 1
[2026-05-16 01:17:45] Forecast duration: 2018-09-04 00:00:00 to 2018-09-05 00:00:00
[2026-05-16 01:17:46] Number of forecast images: 24
[2026-05-16 01:17:46] Using forecast run: 2018-09-03 18:00:00 UTC
[2026-05-16 01:17:46] Forecast Rain Available hours: [6, 7, 8, 9, 10, 11, 12, 13, 14, 15, 16, 17, 18, 19, 20, 21, 22, 23, 24, 25, 26, 27, 28, 29]
[2026-05-16 01:17:46] Valid hours for sum: [12, 18, 24, 29]
[2026-05-16 01:17:48] Drought composite end date: 2018-09-02 06:00:00
[2026-05-16 01:17:48] Land cover year: 2017
[2026-05-16 01:17:49] VIIRS Veg composite: 2018-07-28 → 2018-08-13
[2026-05-16 01:17:52] Started export task: fire_247_dynamic_2018-09-03
[2026-05-16 01:17:53] ------ Processing date=2018-09-04 ------
[2026-05-16 01:17:53] Using viirs_af_path: viirs_af_path
[2026-05-16 01:17:53] VIIRS Image Date: ['2018-09-04 00:00:00']
[2026-05-16 01:17:53] Weather image size: 1
[2026-05-16 01:17:53] Forecast duration: 2018-09-05 00:00:00 to 2018-09-06 00:00:00
[2026-05-16 01:17:54] Number of forecast images: 24
[2026-05-16 01:17:54] Using forecast run: 2018-09-04 18:00:00 UTC
[2026-05-16 01:17:55] Forecast Rain Available hours: [6, 7, 8, 9, 10, 11, 12, 13, 14, 15, 16, 17, 18, 19, 20, 21, 22, 23, 24, 25, 26, 27, 28, 29]
[2026-05-16 01:17:55] Valid hours for sum: [12, 18, 24, 29]
[2026-05-16 01:18:01] Drought composite end date: 2018-09-02 06:00:00
[2026-05-16 01:18:02] Land cover year: 2017
[2026-05-16 01:18:02] VIIRS Veg composite: 2018-07-28 → 2018-08-13
[2026-05-16 01:18:04] Started export task: fire_247_dynamic_2018-09-04
[2026-05-16 01:18:05] ------ Processing date=2018-09-05 ------
[2026-05-16 01:18:05] Using viirs_af_path: viirs_af_path
[2026-05-16 01:18:05] VIIRS Image Date: ['2018-09-05 00:00:00']
[2026-05-16 01:18:05] Weather image size: 1
[2026-05-16 01:18:05] Forecast duration: 2018-09-06 00:00:00 to 2018-09-07 00:00:00
[2026-05-16 01:18:06] Number of forecast images: 24
[2026-05-16 01:18:06] Using forecast run: 2018-09-05 18:00:00 UTC
[2026-05-16 01:18:07] Forecast Rain Available hours: [6, 7, 8, 9, 10, 11, 12, 13, 14, 15, 16, 17, 18, 19, 20, 21, 22, 23, 24, 25, 26, 27, 28, 29]
[2026-05-16 01:18:07] Valid hours for sum: [12, 18, 24, 29]
[2026-05-16 01:18:10] Drought composite end date: 2018-09-02 06:00:00
[2026-05-16 01:18:10] Land cover year: 2017
[2026-05-16 01:18:11] VIIRS Veg composite: 2018-07-28 → 2018-08-13
[2026-05-16 01:18:14] Started export task: fire_247_dynamic_2018-09-05
[2026-05-16 01:18:14] ------ Processing date=2018-09-06 ------
[2026-05-16 01:18:14] Using viirs_af_path: viirs_af_path
[2026-05-16 01:18:14] VIIRS Image Date: ['2018-09-06 00:00:00']
[2026-05-16 01:18:15] Weather image size: 1
[2026-05-16 01:18:15] Forecast duration: 2018-09-07 00:00:00 to 2018-09-08 00:00:00
[2026-05-16 01:18:15] Number of forecast images: 24
[2026-05-16 01:18:15] Using forecast run: 2018-09-06 18:00:00 UTC
[2026-05-16 01:18:16] Forecast Rain Available hours: [6, 7, 8, 9, 10, 11, 12, 13, 14, 15, 16, 17, 18, 19, 20, 21, 22, 23, 24, 25, 26, 27, 28, 29]
[2026-05-16 01:18:16] Valid hours for sum: [12, 18, 24, 29]
[2026-05-16 01:18:18] Drought composite end date: 2018-09-02 06:00:00
[2026-05-16 01:18:19] Land cover year: 2017
[2026-05-16 01:18:20] VIIRS Veg composite: 2018-07-28 → 2018-08-13
[2026-05-16 01:18:32] Started export task: fire_247_dynamic_2018-09-06
[2026-05-16 01:18:32] ------ Processing date=2018-09-07 ------
[2026-05-16 01:18:32] Using viirs_af_path: viirs_af_path
[2026-05-16 01:18:33] VIIRS Image Date: ['2018-09-07 00:00:00']
[2026-05-16 01:18:33] Weather image size: 1
[2026-05-16 01:18:33] Forecast duration: 2018-09-08 00:00:00 to 2018-09-09 00:00:00
[2026-05-16 01:18:34] Number of forecast images: 24
[2026-05-16 01:18:34] Using forecast run: 2018-09-07 18:00:00 UTC
[2026-05-16 01:18:35] Forecast Rain Available hours: [6, 7, 8, 9, 10, 11, 12, 13, 14, 15, 16, 17, 18, 19, 20, 21, 22, 23, 24, 25, 26, 27, 28, 29]
[2026-05-16 01:18:35] Valid hours for sum: [12, 18, 24, 29]
[2026-05-16 01:18:36] Drought composite end date: 2018-09-02 06:00:00
[2026-05-16 01:18:36] Land cover year: 2017
[2026-05-16 01:18:37] VIIRS Veg composite: 2018-07-28 → 2018-08-13
[2026-05-16 01:22:18] Started export task: fire_247_dynamic_2018-09-07
[2026-05-16 01:22:19] ------ Processing date=2018-09-08 ------
[2026-05-16 01:22:19] Using viirs_af_path: viirs_af_path
[2026-05-16 01:22:19] VIIRS Image Date: ['2018-09-08 00:00:00']
[2026-05-16 01:22:19] Weather image size: 1
[2026-05-16 01:22:19] Forecast duration: 2018-09-09 00:00:00 to 2018-09-10 00:00:00
[2026-05-16 01:22:20] Number of forecast images: 24
[2026-05-16 01:22:20] Using forecast run: 2018-09-08 18:00:00 UTC
[2026-05-16 01:22:20] Forecast Rain Available hours: [6, 7, 8, 9, 10, 11, 12, 13, 14, 15, 16, 17, 18, 19, 20, 21, 22, 23, 24, 25, 26, 27, 28, 29]
[2026-05-16 01:22:20] Valid hours for sum: [12, 18, 24, 29]
[2026-05-16 01:22:23] Drought composite end date: 2018-09-07 06:00:00
[2026-05-16 01:22:23] Land cover year: 2017
[2026-05-16 01:22:24] VIIRS Veg composite: 2018-07-28 → 2018-08-13
[2026-05-16 01:22:27] Started export task: fire_247_dynamic_2018-09-08
[2026-05-16 01:22:28] ------ Processing date=2018-09-09 ------
[2026-05-16 01:22:28] Using viirs_af_path: viirs_af_path
[2026-05-16 01:22:28] VIIRS Image Date: ['2018-09-09 00:00:00']
[2026-05-16 01:22:28] Weather image size: 1
[2026-05-16 01:22:28] Forecast duration: 2018-09-10 00:00:00 to 2018-09-11 00:00:00
[2026-05-16 01:22:29] Number of forecast images: 24
[2026-05-16 01:22:29] Using forecast run: 2018-09-09 18:00:00 UTC
[2026-05-16 01:22:30] Forecast Rain Available hours: [6, 7, 8, 9, 10, 11, 12, 13, 14, 15, 16, 17, 18, 19, 20, 21, 22, 23, 24, 25, 26, 27, 28, 29]
[2026-05-16 01:22:30] Valid hours for sum: [12, 18, 24, 29]
[2026-05-16 01:22:31] Drought composite end date: 2018-09-07 06:00:00
[2026-05-16 01:22:32] Land cover year: 2017
[2026-05-16 01:22:33] VIIRS Veg composite: 2018-07-28 → 2018-08-13
[2026-05-16 01:22:37] Started export task: fire_247_dynamic_2018-09-09
[2026-05-16 01:22:38] ------ Processing date=2018-09-10 ------
[2026-05-16 01:22:38] Using viirs_af_path: viirs_af_path
[2026-05-16 01:22:38] VIIRS Image Date: ['2018-09-10 00:00:00']
[2026-05-16 01:22:38] Weather image size: 1
[2026-05-16 01:22:38] Forecast duration: 2018-09-11 00:00:00 to 2018-09-12 00:00:00
[2026-05-16 01:22:39] Number of forecast images: 24
[2026-05-16 01:22:39] Using forecast run: 2018-09-10 18:00:00 UTC
[2026-05-16 01:22:40] Forecast Rain Available hours: [6, 7, 8, 9, 10, 11, 12, 13, 14, 15, 16, 17, 18, 19, 20, 21, 22, 23, 24, 25, 26, 27, 28, 29]
[2026-05-16 01:22:40] Valid hours for sum: [12, 18, 24, 29]
[2026-05-16 01:22:42] Drought composite end date: 2018-09-07 06:00:00
[2026-05-16 01:22:42] Land cover year: 2017
[2026-05-16 01:22:43] VIIRS Veg composite: 2018-07-28 → 2018-08-13
[2026-05-16 01:22:48] Started export task: fire_247_dynamic_2018-09-10
[2026-05-16 01:22:48] ------ Processing date=2018-09-11 ------
[2026-05-16 01:22:48] Using viirs_af_path: viirs_af_path
[2026-05-16 01:22:48] VIIRS Image Date: ['2018-09-11 00:00:00']
[2026-05-16 01:24:34] Weather image size: 1
[2026-05-16 01:24:34] Forecast duration: 2018-09-12 00:00:00 to 2018-09-13 00:00:00
[2026-05-16 01:24:35] Number of forecast images: 24
[2026-05-16 01:24:35] Using forecast run: 2018-09-11 18:00:00 UTC
[2026-05-16 01:24:35] Forecast Rain Available hours: [6, 7, 8, 9, 10, 11, 12, 13, 14, 15, 16, 17, 18, 19, 20, 21, 22, 23, 24, 25, 26, 27, 28, 29]
[2026-05-16 01:24:35] Valid hours for sum: [12, 18, 24, 29]
[2026-05-16 01:24:38] Drought composite end date: 2018-09-07 06:00:00
[2026-05-16 01:24:38] Land cover year: 2017
[2026-05-16 01:24:39] VIIRS Veg composite: 2018-07-28 → 2018-08-13
[2026-05-16 01:24:43] Started export task: fire_247_dynamic_2018-09-11
[2026-05-16 01:24:44] ------ Processing date=2018-09-12 ------
[2026-05-16 01:24:44] Using viirs_af_path: viirs_af_path
[2026-05-16 01:24:44] VIIRS Image Date: ['2018-09-12 00:00:00']
[2026-05-16 01:24:44] Weather image size: 1
[2026-05-16 01:24:44] Forecast duration: 2018-09-13 00:00:00 to 2018-09-14 00:00:00
[2026-05-16 01:24:45] Number of forecast images: 24
[2026-05-16 01:24:45] Using forecast run: 2018-09-12 18:00:00 UTC
[2026-05-16 01:24:45] Forecast Rain Available hours: [6, 7, 8, 9, 10, 11, 12, 13, 14, 15, 16, 17, 18, 19, 20, 21, 22, 23, 24, 25, 26, 27, 28, 29]
[2026-05-16 01:24:45] Valid hours for sum: [12, 18, 24, 29]
[2026-05-16 01:24:48] Drought composite end date: 2018-09-07 06:00:00
[2026-05-16 01:24:48] Land cover year: 2017
[2026-05-16 01:24:50] VIIRS Veg composite: 2018-07-28 → 2018-08-13
[2026-05-16 01:24:55] Started export task: fire_247_dynamic_2018-09-12
[2026-05-16 01:24:55] ------ Processing date=2018-09-13 ------
[2026-05-16 01:24:55] Using viirs_af_path: viirs_af_path
[2026-05-16 01:24:55] VIIRS Image Date: ['2018-09-13 00:00:00']
[2026-05-16 01:24:55] Weather image size: 1
[2026-05-16 01:24:55] Forecast duration: 2018-09-14 00:00:00 to 2018-09-15 00:00:00
[2026-05-16 01:24:56] Number of forecast images: 24
[2026-05-16 01:24:56] Using forecast run: 2018-09-13 18:00:00 UTC
[2026-05-16 01:24:57] Forecast Rain Available hours: [6, 7, 8, 9, 10, 11, 12, 13, 14, 15, 16, 17, 18, 19, 20, 21, 22, 23, 24, 25, 26, 27, 28, 29]
[2026-05-16 01:24:57] Valid hours for sum: [12, 18, 24, 29]
[2026-05-16 01:25:00] Drought composite end date: 2018-09-12 06:00:00
[2026-05-16 01:25:00] Land cover year: 2017
[2026-05-16 01:25:02] VIIRS Veg composite: 2018-07-28 → 2018-08-13
[2026-05-16 01:25:04] Started export task: fire_247_dynamic_2018-09-13
[2026-05-16 01:25:05] ------ Processing date=2018-09-14 ------
[2026-05-16 01:25:05] Using viirs_af_path: viirs_af_path
[2026-05-16 01:25:05] VIIRS Image Date: ['2018-09-14 00:00:00']
[2026-05-16 01:25:05] Weather image size: 1
[2026-05-16 01:25:05] Forecast duration: 2018-09-15 00:00:00 to 2018-09-16 00:00:00
[2026-05-16 01:25:06] Number of forecast images: 24
[2026-05-16 01:25:06] Using forecast run: 2018-09-14 18:00:00 UTC
[2026-05-16 01:25:07] Forecast Rain Available hours: [6, 7, 8, 9, 10, 11, 12, 13, 14, 15, 16, 17, 18, 19, 20, 21, 22, 23, 24, 25, 26, 27, 28, 29]
[2026-05-16 01:25:07] Valid hours for sum: [12, 18, 24, 29]
[2026-05-16 01:25:08] Drought composite end date: 2018-09-12 06:00:00
[2026-05-16 01:25:09] Land cover year: 2017
[2026-05-16 01:25:09] VIIRS Veg composite: 2018-07-28 → 2018-08-13
[2026-05-16 01:25:13] Started export task: fire_247_dynamic_2018-09-14
[2026-05-16 01:25:14] ------ Processing date=2018-09-15 ------
[2026-05-16 01:25:14] Using viirs_af_path: viirs_af_path
[2026-05-16 01:25:14] VIIRS Image Date: ['2018-09-15 00:00:00']
[2026-05-16 01:25:15] Weather image size: 1
[2026-05-16 01:25:15] Forecast duration: 2018-09-16 00:00:00 to 2018-09-17 00:00:00
[2026-05-16 01:25:16] Number of forecast images: 24
[2026-05-16 01:25:16] Using forecast run: 2018-09-15 18:00:00 UTC
[2026-05-16 01:25:17] Forecast Rain Available hours: [6, 7, 8, 9, 10, 11, 12, 13, 14, 15, 16, 17, 18, 19, 20, 21, 22, 23, 24, 25, 26, 27, 28, 29]
[2026-05-16 01:25:17] Valid hours for sum: [12, 18, 24, 29]
[2026-05-16 01:25:19] Drought composite end date: 2018-09-12 06:00:00
[2026-05-16 01:25:19] Land cover year: 2017
[2026-05-16 01:25:20] VIIRS Veg composite: 2018-07-28 → 2018-08-13
[2026-05-16 01:25:24] Started export task: fire_247_dynamic_2018-09-15
[2026-05-16 01:25:24] ------ Processing date=2018-09-16 ------
[2026-05-16 01:25:24] Using viirs_af_path: viirs_af_path
[2026-05-16 01:25:25] VIIRS Image Date: ['2018-09-16 00:00:00']
[2026-05-16 01:25:25] Weather image size: 1
[2026-05-16 01:25:25] Forecast duration: 2018-09-17 00:00:00 to 2018-09-18 00:00:00
[2026-05-16 01:25:25] Number of forecast images: 24
[2026-05-16 01:25:25] Using forecast run: 2018-09-16 18:00:00 UTC
[2026-05-16 01:25:26] Forecast Rain Available hours: [6, 7, 8, 9, 10, 11, 12, 13, 14, 15, 16, 17, 18, 19, 20, 21, 22, 23, 24, 25, 26, 27, 28, 29]
[2026-05-16 01:25:26] Valid hours for sum: [12, 18, 24, 29]
[2026-05-16 01:25:28] Drought composite end date: 2018-09-12 06:00:00
[2026-05-16 01:25:29] Land cover year: 2017
[2026-05-16 01:25:29] VIIRS Veg composite: 2018-07-28 → 2018-08-13
[2026-05-16 01:25:34] Started export task: fire_247_dynamic_2018-09-16
[2026-05-16 01:25:34] ------ Processing date=2018-09-17 ------
[2026-05-16 01:25:34] Using viirs_af_path: viirs_af_path
[2026-05-16 01:25:34] VIIRS Image Date: ['2018-09-17 00:00:00']
[2026-05-16 01:25:34] Weather image size: 1
[2026-05-16 01:25:34] Forecast duration: 2018-09-18 00:00:00 to 2018-09-19 00:00:00
[2026-05-16 01:25:35] Number of forecast images: 24
[2026-05-16 01:25:35] Using forecast run: 2018-09-17 18:00:00 UTC
[2026-05-16 01:25:35] Forecast Rain Available hours: [6, 7, 8, 9, 10, 11, 12, 13, 14, 15, 16, 17, 18, 19, 20, 21, 22, 23, 24, 25, 26, 27, 28, 29]
[2026-05-16 01:25:35] Valid hours for sum: [12, 18, 24, 29]
[2026-05-16 01:25:39] Drought composite end date: 2018-09-12 06:00:00
[2026-05-16 01:25:39] Land cover year: 2017
[2026-05-16 01:25:40] VIIRS Veg composite: 2018-07-28 → 2018-08-13
[2026-05-16 01:25:45] Started export task: fire_247_dynamic_2018-09-17
[2026-05-16 01:25:46] ------ Processing date=2018-09-18 ------
[2026-05-16 01:25:46] Using viirs_af_path: viirs_af_path
[2026-05-16 01:25:46] VIIRS Image Date: ['2018-09-18 00:00:00']
[2026-05-16 01:25:46] Weather image size: 1
[2026-05-16 01:25:46] Forecast duration: 2018-09-19 00:00:00 to 2018-09-20 00:00:00
[2026-05-16 01:25:47] Number of forecast images: 24
[2026-05-16 01:25:47] Using forecast run: 2018-09-18 18:00:00 UTC
[2026-05-16 01:25:47] Forecast Rain Available hours: [6, 7, 8, 9, 10, 11, 12, 13, 14, 15, 16, 17, 18, 19, 20, 21, 22, 23, 24, 25, 26, 27, 28, 29]
[2026-05-16 01:25:47] Valid hours for sum: [12, 18, 24, 29]
[2026-05-16 01:25:49] Drought composite end date: 2018-09-17 06:00:00
[2026-05-16 01:25:49] Land cover year: 2017
[2026-05-16 01:25:50] VIIRS Veg composite: 2018-07-28 → 2018-08-13
[2026-05-16 01:25:53] Started export task: fire_247_dynamic_2018-09-18
[2026-05-16 01:25:54] ------ Processing date=2018-09-19 ------
[2026-05-16 01:25:54] Using viirs_af_path: viirs_af_path
[2026-05-16 01:25:54] VIIRS Image Date: ['2018-09-19 00:00:00']
[2026-05-16 01:25:55] Weather image size: 1
[2026-05-16 01:25:55] Forecast duration: 2018-09-20 00:00:00 to 2018-09-21 00:00:00
[2026-05-16 01:25:55] Number of forecast images: 24
[2026-05-16 01:25:55] Using forecast run: 2018-09-19 18:00:00 UTC
[2026-05-16 01:25:56] Forecast Rain Available hours: [6, 7, 8, 9, 10, 11, 12, 13, 14, 15, 16, 17, 18, 19, 20, 21, 22, 23, 24, 25, 26, 27, 28, 29]
[2026-05-16 01:25:56] Valid hours for sum: [12, 18, 24, 29]
[2026-05-16 01:25:58] Drought composite end date: 2018-09-17 06:00:00
[2026-05-16 01:25:58] Land cover year: 2017
[2026-05-16 01:25:59] VIIRS Veg composite: 2018-07-28 → 2018-08-13
[2026-05-16 01:26:04] Started export task: fire_247_dynamic_2018-09-19
[2026-05-16 01:26:04] ------ Processing date=2018-09-20 ------
[2026-05-16 01:26:04] Using viirs_af_path: viirs_af_path
[2026-05-16 01:26:04] VIIRS Image Date: ['2018-09-20 00:00:00']
[2026-05-16 01:26:05] Weather image size: 1
[2026-05-16 01:26:05] Forecast duration: 2018-09-21 00:00:00 to 2018-09-22 00:00:00
[2026-05-16 01:26:05] Number of forecast images: 24
[2026-05-16 01:26:05] Using forecast run: 2018-09-20 18:00:00 UTC
[2026-05-16 01:26:06] Forecast Rain Available hours: [6, 7, 8, 9, 10, 11, 12, 13, 14, 15, 16, 17, 18, 19, 20, 21, 22, 23, 24, 25, 26, 27, 28, 29]
[2026-05-16 01:26:06] Valid hours for sum: [12, 18, 24, 29]
[2026-05-16 01:26:07] Drought composite end date: 2018-09-17 06:00:00
[2026-05-16 01:26:08] Land cover year: 2017
[2026-05-16 01:26:10] VIIRS Veg composite: 2018-07-28 → 2018-08-13
[2026-05-16 01:26:14] Started export task: fire_247_dynamic_2018-09-20
[2026-05-16 01:26:14] END: ----------Event fire_247----------- (Duration: 14.34m)
[2026-05-16 01:26:14] START: ----------Event fire_248-----------
[2026-05-16 01:26:14] ------ Processing date=2018-08-18 ------
[2026-05-16 01:26:14] Using viirs_af_path: viirs_af_path
[2026-05-16 01:26:14] VIIRS Image Date: ['2018-08-18 00:00:00']
[2026-05-16 01:26:15] Weather image size: 1
[2026-05-16 01:26:15] Forecast duration: 2018-08-19 00:00:00 to 2018-08-20 00:00:00
[2026-05-16 01:26:15] Number of forecast images: 24
[2026-05-16 01:26:15] Using forecast run: 2018-08-18 18:00:00 UTC
[2026-05-16 01:26:16] Forecast Rain Available hours: [6, 7, 8, 9, 10, 11, 12, 13, 14, 15, 16, 17, 18, 19, 20, 21, 22, 23, 24, 25, 26, 27, 28, 29]
[2026-05-16 01:26:16] Valid hours for sum: [12, 18, 24, 29]
[2026-05-16 01:26:18] Drought composite end date: 2018-08-13 06:00:00
[2026-05-16 01:26:18] Land cover year: 2017
[2026-05-16 01:26:19] VIIRS Veg composite: 2018-08-05 → 2018-08-21
[2026-05-16 01:26:22] Started export task: fire_248_static
[2026-05-16 01:26:23] Started export task: fire_248_dynamic_2018-08-18
[2026-05-16 01:26:23] ------ Processing date=2018-08-19 ------
[2026-05-16 01:26:23] Using viirs_af_path: viirs_af_path
[2026-05-16 01:26:24] VIIRS Image Date: ['2018-08-19 00:00:00']
[2026-05-16 01:26:24] Weather image size: 1
[2026-05-16 01:26:24] Forecast duration: 2018-08-20 00:00:00 to 2018-08-21 00:00:00
[2026-05-16 01:26:25] Number of forecast images: 24
[2026-05-16 01:26:25] Using forecast run: 2018-08-19 18:00:00 UTC
[2026-05-16 01:26:26] Forecast Rain Available hours: [6, 7, 8, 9, 10, 11, 12, 13, 14, 15, 16, 17, 18, 19, 20, 21, 22, 23, 24, 25, 26, 27, 28, 29]
[2026-05-16 01:26:26] Valid hours for sum: [12, 18, 24, 29]
[2026-05-16 01:26:28] Drought composite end date: 2018-08-18 06:00:00
[2026-05-16 01:26:29] Land cover year: 2017
[2026-05-16 01:26:29] VIIRS Veg composite: 2018-08-05 → 2018-08-21
[2026-05-16 01:26:35] Started export task: fire_248_dynamic_2018-08-19
[2026-05-16 01:26:35] ------ Processing date=2018-08-20 ------
[2026-05-16 01:26:35] Using viirs_af_path: viirs_af_path
[2026-05-16 01:26:36] VIIRS Image Date: ['2018-08-20 00:00:00']
[2026-05-16 01:26:36] Weather image size: 1
[2026-05-16 01:26:36] Forecast duration: 2018-08-21 00:00:00 to 2018-08-22 00:00:00
[2026-05-16 01:26:37] Number of forecast images: 24
[2026-05-16 01:26:37] Using forecast run: 2018-08-20 18:00:00 UTC
[2026-05-16 01:26:37] Forecast Rain Available hours: [6, 7, 8, 9, 10, 11, 12, 13, 14, 15, 16, 17, 18, 19, 20, 21, 22, 23, 24, 25, 26, 27, 28, 29]
[2026-05-16 01:26:37] Valid hours for sum: [12, 18, 24, 29]
[2026-05-16 01:26:39] Drought composite end date: 2018-08-18 06:00:00
[2026-05-16 01:26:40] Land cover year: 2017
[2026-05-16 01:26:41] VIIRS Veg composite: 2018-08-05 → 2018-08-21
[2026-05-16 01:26:43] Started export task: fire_248_dynamic_2018-08-20
[2026-05-16 01:26:44] ------ Processing date=2018-08-21 ------
[2026-05-16 01:26:44] Using viirs_af_path: viirs_af_path
[2026-05-16 01:26:44] VIIRS Image Date: ['2018-08-21 00:00:00']
[2026-05-16 01:26:44] Weather image size: 1
[2026-05-16 01:26:44] Forecast duration: 2018-08-22 00:00:00 to 2018-08-23 00:00:00
[2026-05-16 01:26:45] Number of forecast images: 24
[2026-05-16 01:26:45] Using forecast run: 2018-08-21 18:00:00 UTC
[2026-05-16 01:26:45] Forecast Rain Available hours: [6, 7, 8, 9, 10, 11, 12, 13, 14, 15, 16, 17, 18, 19, 20, 21, 22, 23, 24, 25, 26, 27, 28, 29]
[2026-05-16 01:26:45] Valid hours for sum: [12, 18, 24, 29]
[2026-05-16 01:26:48] Drought composite end date: 2018-08-18 06:00:00
[2026-05-16 01:26:48] Land cover year: 2017
[2026-05-16 01:26:50] VIIRS Veg composite: 2018-08-05 → 2018-08-21
[2026-05-16 01:26:54] Started export task: fire_248_dynamic_2018-08-21
[2026-05-16 01:26:55] ------ Processing date=2018-08-22 ------
[2026-05-16 01:26:55] Using viirs_af_path: viirs_af_path
[2026-05-16 01:26:56] VIIRS Image Date: ['2018-08-22 00:00:00']
[2026-05-16 01:26:56] Weather image size: 1
[2026-05-16 01:26:56] Forecast duration: 2018-08-23 00:00:00 to 2018-08-24 00:00:00
[2026-05-16 01:26:57] Number of forecast images: 24
[2026-05-16 01:26:57] Using forecast run: 2018-08-22 18:00:00 UTC
[2026-05-16 01:26:57] Forecast Rain Available hours: [6, 7, 8, 9, 10, 11, 12, 13, 14, 15, 16, 17, 18, 19, 20, 21, 22, 23, 24, 25, 26, 27, 28, 29]
[2026-05-16 01:26:57] Valid hours for sum: [12, 18, 24, 29]
[2026-05-16 01:27:00] Drought composite end date: 2018-08-18 06:00:00
[2026-05-16 01:27:00] Land cover year: 2017
[2026-05-16 01:27:01] VIIRS Veg composite: 2018-08-05 → 2018-08-21
[2026-05-16 01:27:04] Started export task: fire_248_dynamic_2018-08-22
[2026-05-16 01:27:05] ------ Processing date=2018-08-23 ------
[2026-05-16 01:27:05] Using viirs_af_path: viirs_af_path
[2026-05-16 01:27:05] VIIRS Image Date: ['2018-08-23 00:00:00']
[2026-05-16 01:27:05] Weather image size: 1
[2026-05-16 01:27:05] Forecast duration: 2018-08-24 00:00:00 to 2018-08-25 00:00:00
[2026-05-16 01:27:06] Number of forecast images: 24
[2026-05-16 01:27:06] Using forecast run: 2018-08-23 18:00:00 UTC
[2026-05-16 01:27:07] Forecast Rain Available hours: [6, 7, 8, 9, 10, 11, 12, 13, 14, 15, 16, 17, 18, 19, 20, 21, 22, 23, 24, 25, 26, 27, 28, 29]
[2026-05-16 01:27:07] Valid hours for sum: [12, 18, 24, 29]
[2026-05-16 01:27:08] Drought composite end date: 2018-08-18 06:00:00
[2026-05-16 01:27:09] Land cover year: 2017
[2026-05-16 01:27:10] VIIRS Veg composite: 2018-08-05 → 2018-08-21
[2026-05-16 01:27:13] Started export task: fire_248_dynamic_2018-08-23
[2026-05-16 01:27:13] ------ Processing date=2018-08-24 ------
[2026-05-16 01:27:13] Using viirs_af_path: viirs_af_path
[2026-05-16 01:27:13] VIIRS Image Date: ['2018-08-24 00:00:00']
[2026-05-16 01:27:14] Weather image size: 1
[2026-05-16 01:27:14] Forecast duration: 2018-08-25 00:00:00 to 2018-08-26 00:00:00
[2026-05-16 01:27:14] Number of forecast images: 24
[2026-05-16 01:27:14] Using forecast run: 2018-08-24 18:00:00 UTC
[2026-05-16 01:27:15] Forecast Rain Available hours: [6, 7, 8, 9, 10, 11, 12, 13, 14, 15, 16, 17, 18, 19, 20, 21, 22, 23, 24, 25, 26, 27, 28, 29]
[2026-05-16 01:27:15] Valid hours for sum: [12, 18, 24, 29]
[2026-05-16 01:27:17] Drought composite end date: 2018-08-23 06:00:00
[2026-05-16 01:27:17] Land cover year: 2017
[2026-05-16 01:27:18] VIIRS Veg composite: 2018-08-05 → 2018-08-21
[2026-05-16 01:27:20] Started export task: fire_248_dynamic_2018-08-24
[2026-05-16 01:27:20] ------ Processing date=2018-08-25 ------
[2026-05-16 01:27:20] Using viirs_af_path: viirs_af_path
[2026-05-16 01:27:21] VIIRS Image Date: ['2018-08-25 00:00:00']
[2026-05-16 01:27:21] Weather image size: 1
[2026-05-16 01:27:21] Forecast duration: 2018-08-26 00:00:00 to 2018-08-27 00:00:00
[2026-05-16 01:27:22] Number of forecast images: 24
[2026-05-16 01:27:22] Using forecast run: 2018-08-25 18:00:00 UTC
[2026-05-16 01:27:22] Forecast Rain Available hours: [6, 7, 8, 9, 10, 11, 12, 13, 14, 15, 16, 17, 18, 19, 20, 21, 22, 23, 24, 25, 26, 27, 28, 29]
[2026-05-16 01:27:22] Valid hours for sum: [12, 18, 24, 29]
[2026-05-16 01:27:24] Drought composite end date: 2018-08-23 06:00:00
[2026-05-16 01:27:24] Land cover year: 2017
[2026-05-16 01:27:26] VIIRS Veg composite: 2018-08-05 → 2018-08-21
[2026-05-16 01:27:30] Started export task: fire_248_dynamic_2018-08-25
[2026-05-16 01:27:30] ------ Processing date=2018-08-26 ------
[2026-05-16 01:27:30] Using viirs_af_path: viirs_af_path
[2026-05-16 01:27:31] VIIRS Image Date: ['2018-08-26 00:00:00']
[2026-05-16 01:27:31] Weather image size: 1
[2026-05-16 01:27:31] Forecast duration: 2018-08-27 00:00:00 to 2018-08-28 00:00:00
[2026-05-16 01:27:32] Number of forecast images: 24
[2026-05-16 01:27:32] Using forecast run: 2018-08-26 18:00:00 UTC
[2026-05-16 01:27:32] Forecast Rain Available hours: [6, 7, 8, 9, 10, 11, 12, 13, 14, 15, 16, 17, 18, 19, 20, 21, 22, 23, 24, 25, 26, 27, 28, 29]
[2026-05-16 01:27:32] Valid hours for sum: [12, 18, 24, 29]
[2026-05-16 01:27:35] Drought composite end date: 2018-08-23 06:00:00
[2026-05-16 01:27:35] Land cover year: 2017
[2026-05-16 01:27:36] VIIRS Veg composite: 2018-08-05 → 2018-08-21
[2026-05-16 01:27:39] Started export task: fire_248_dynamic_2018-08-26
[2026-05-16 01:27:39] ------ Processing date=2018-08-27 ------
[2026-05-16 01:27:39] Using viirs_af_path: viirs_af_path
[2026-05-16 01:27:39] VIIRS Image Date: ['2018-08-27 00:00:00']
[2026-05-16 01:27:40] Weather image size: 1
[2026-05-16 01:27:40] Forecast duration: 2018-08-28 00:00:00 to 2018-08-29 00:00:00
[2026-05-16 01:27:41] Number of forecast images: 24
[2026-05-16 01:27:41] Using forecast run: 2018-08-27 18:00:00 UTC
[2026-05-16 01:27:41] Forecast Rain Available hours: [6, 7, 8, 9, 10, 11, 12, 13, 14, 15, 16, 17, 18, 19, 20, 21, 22, 23, 24, 25, 26, 27, 28, 29]
[2026-05-16 01:27:41] Valid hours for sum: [12, 18, 24, 29]
[2026-05-16 01:27:43] Drought composite end date: 2018-08-23 06:00:00
[2026-05-16 01:27:43] Land cover year: 2017
[2026-05-16 01:27:44] VIIRS Veg composite: 2018-08-05 → 2018-08-21
[2026-05-16 01:27:47] Started export task: fire_248_dynamic_2018-08-27
[2026-05-16 01:27:48] ------ Processing date=2018-08-28 ------
[2026-05-16 01:27:48] Using viirs_af_path: viirs_af_path
[2026-05-16 01:27:48] VIIRS Image Date: ['2018-08-28 00:00:00']
[2026-05-16 01:27:48] Weather image size: 1
[2026-05-16 01:27:48] Forecast duration: 2018-08-29 00:00:00 to 2018-08-30 00:00:00
[2026-05-16 01:27:49] Number of forecast images: 24
[2026-05-16 01:27:49] Using forecast run: 2018-08-28 18:00:00 UTC
[2026-05-16 01:27:49] Forecast Rain Available hours: [6, 7, 8, 9, 10, 11, 12, 13, 14, 15, 16, 17, 18, 19, 20, 21, 22, 23, 24, 25, 26, 27, 28, 29]
[2026-05-16 01:27:49] Valid hours for sum: [12, 18, 24, 29]
[2026-05-16 01:27:53] Drought composite end date: 2018-08-23 06:00:00
[2026-05-16 01:27:53] Land cover year: 2017
[2026-05-16 01:27:54] VIIRS Veg composite: 2018-08-05 → 2018-08-21
[2026-05-16 01:27:59] Started export task: fire_248_dynamic_2018-08-28
[2026-05-16 01:27:59] ------ Processing date=2018-08-29 ------
[2026-05-16 01:27:59] Using viirs_af_path: viirs_af_path
[2026-05-16 01:28:00] VIIRS Image Date: ['2018-08-29 00:00:00']
[2026-05-16 01:28:00] Weather image size: 1
[2026-05-16 01:28:00] Forecast duration: 2018-08-30 00:00:00 to 2018-08-31 00:00:00
[2026-05-16 01:28:01] Number of forecast images: 24
[2026-05-16 01:28:01] Using forecast run: 2018-08-29 18:00:00 UTC
[2026-05-16 01:28:01] Forecast Rain Available hours: [6, 7, 8, 9, 10, 11, 12, 13, 14, 15, 16, 17, 18, 19, 20, 21, 22, 23, 24, 25, 26, 27, 28, 29]
[2026-05-16 01:28:01] Valid hours for sum: [12, 18, 24, 29]
[2026-05-16 01:28:03] Drought composite end date: 2018-08-28 06:00:00
[2026-05-16 01:28:03] Land cover year: 2017
[2026-05-16 01:28:04] VIIRS Veg composite: 2018-08-05 → 2018-08-21
[2026-05-16 01:28:09] Started export task: fire_248_dynamic_2018-08-29
[2026-05-16 01:28:10] ------ Processing date=2018-08-30 ------
[2026-05-16 01:28:10] Using viirs_af_path: viirs_af_path
[2026-05-16 01:28:10] VIIRS Image Date: ['2018-08-30 00:00:00']
[2026-05-16 01:28:10] Weather image size: 1
[2026-05-16 01:28:10] Forecast duration: 2018-08-31 00:00:00 to 2018-09-01 00:00:00
[2026-05-16 01:28:11] Number of forecast images: 24
[2026-05-16 01:28:11] Using forecast run: 2018-08-30 18:00:00 UTC
[2026-05-16 01:28:11] Forecast Rain Available hours: [6, 7, 8, 9, 10, 11, 12, 13, 14, 15, 16, 17, 18, 19, 20, 21, 22, 23, 24, 25, 26, 27, 28, 29]
[2026-05-16 01:28:11] Valid hours for sum: [12, 18, 24, 29]
[2026-05-16 01:28:13] Drought composite end date: 2018-08-28 06:00:00
[2026-05-16 01:28:14] Land cover year: 2017
[2026-05-16 01:28:15] VIIRS Veg composite: 2018-08-05 → 2018-08-21
[2026-05-16 01:28:19] Started export task: fire_248_dynamic_2018-08-30
[2026-05-16 01:28:20] ------ Processing date=2018-08-31 ------
[2026-05-16 01:28:20] Using viirs_af_path: viirs_af_path
[2026-05-16 01:28:20] VIIRS Image Date: ['2018-08-31 00:00:00']
[2026-05-16 01:28:21] Weather image size: 1
[2026-05-16 01:28:21] Forecast duration: 2018-09-01 00:00:00 to 2018-09-02 00:00:00
[2026-05-16 01:28:22] Number of forecast images: 24
[2026-05-16 01:28:22] Using forecast run: 2018-08-31 18:00:00 UTC
[2026-05-16 01:28:22] Forecast Rain Available hours: [6, 7, 8, 9, 10, 11, 12, 13, 14, 15, 16, 17, 18, 19, 20, 21, 22, 23, 24, 25, 26, 27, 28, 29]
[2026-05-16 01:28:22] Valid hours for sum: [12, 18, 24, 29]
[2026-05-16 01:28:24] Drought composite end date: 2018-08-28 06:00:00
[2026-05-16 01:28:24] Land cover year: 2017
[2026-05-16 01:28:25] VIIRS Veg composite: 2018-08-05 → 2018-08-21
[2026-05-16 01:28:30] Started export task: fire_248_dynamic_2018-08-31
[2026-05-16 01:28:30] ------ Processing date=2018-09-01 ------
[2026-05-16 01:28:30] Using viirs_af_path: viirs_af_path
[2026-05-16 01:28:30] VIIRS Image Date: ['2018-09-01 00:00:00']
[2026-05-16 01:28:31] Weather image size: 1
[2026-05-16 01:28:31] Forecast duration: 2018-09-02 00:00:00 to 2018-09-03 00:00:00
[2026-05-16 01:28:32] Number of forecast images: 24
[2026-05-16 01:28:32] Using forecast run: 2018-09-01 18:00:00 UTC
[2026-05-16 01:28:32] Forecast Rain Available hours: [6, 7, 8, 9, 10, 11, 12, 13, 14, 15, 16, 17, 18, 19, 20, 21, 22, 23, 24, 25, 26, 27, 28, 29]
[2026-05-16 01:28:32] Valid hours for sum: [12, 18, 24, 29]
[2026-05-16 01:28:35] Drought composite end date: 2018-08-28 06:00:00
[2026-05-16 01:28:35] Land cover year: 2017
[2026-05-16 01:28:36] VIIRS Veg composite: 2018-08-05 → 2018-08-21
[2026-05-16 01:28:39] Started export task: fire_248_dynamic_2018-09-01
[2026-05-16 01:28:40] ------ Processing date=2018-09-02 ------
[2026-05-16 01:28:40] Using viirs_af_path: viirs_af_path
[2026-05-16 01:28:40] VIIRS Image Date: ['2018-09-02 00:00:00']
[2026-05-16 01:28:40] Weather image size: 1
[2026-05-16 01:28:40] Forecast duration: 2018-09-03 00:00:00 to 2018-09-04 00:00:00
[2026-05-16 01:28:42] Number of forecast images: 24
[2026-05-16 01:28:42] Using forecast run: 2018-09-02 18:00:00 UTC
[2026-05-16 01:28:42] Forecast Rain Available hours: [6, 7, 8, 9, 10, 11, 12, 13, 14, 15, 16, 17, 18, 19, 20, 21, 22, 23, 24, 25, 26, 27, 28, 29]
[2026-05-16 01:28:42] Valid hours for sum: [12, 18, 24, 29]
[2026-05-16 01:28:44] Drought composite end date: 2018-08-28 06:00:00
[2026-05-16 01:28:44] Land cover year: 2017
[2026-05-16 01:28:45] VIIRS Veg composite: 2018-08-05 → 2018-08-21
[2026-05-16 01:28:48] Started export task: fire_248_dynamic_2018-09-02
[2026-05-16 01:28:48] ------ Processing date=2018-09-03 ------
[2026-05-16 01:28:48] Using viirs_af_path: viirs_af_path
[2026-05-16 01:28:49] VIIRS Image Date: ['2018-09-03 00:00:00']
[2026-05-16 01:28:49] Weather image size: 1
[2026-05-16 01:28:49] Forecast duration: 2018-09-04 00:00:00 to 2018-09-05 00:00:00
[2026-05-16 01:28:50] Number of forecast images: 24
[2026-05-16 01:28:50] Using forecast run: 2018-09-03 18:00:00 UTC
[2026-05-16 01:28:51] Forecast Rain Available hours: [6, 7, 8, 9, 10, 11, 12, 13, 14, 15, 16, 17, 18, 19, 20, 21, 22, 23, 24, 25, 26, 27, 28, 29]
[2026-05-16 01:28:51] Valid hours for sum: [12, 18, 24, 29]
[2026-05-16 01:28:52] Drought composite end date: 2018-09-02 06:00:00
[2026-05-16 01:28:53] Land cover year: 2017
[2026-05-16 01:28:54] VIIRS Veg composite: 2018-08-05 → 2018-08-21
[2026-05-16 01:28:59] Started export task: fire_248_dynamic_2018-09-03
[2026-05-16 01:28:59] ------ Processing date=2018-09-04 ------
[2026-05-16 01:28:59] Using viirs_af_path: viirs_af_path
[2026-05-16 01:29:00] VIIRS Image Date: ['2018-09-04 00:00:00']
[2026-05-16 01:29:00] Weather image size: 1
[2026-05-16 01:29:00] Forecast duration: 2018-09-05 00:00:00 to 2018-09-06 00:00:00
[2026-05-16 01:29:01] Number of forecast images: 24
[2026-05-16 01:29:01] Using forecast run: 2018-09-04 18:00:00 UTC
[2026-05-16 01:29:02] Forecast Rain Available hours: [6, 7, 8, 9, 10, 11, 12, 13, 14, 15, 16, 17, 18, 19, 20, 21, 22, 23, 24, 25, 26, 27, 28, 29]
[2026-05-16 01:29:02] Valid hours for sum: [12, 18, 24, 29]
[2026-05-16 01:29:03] Drought composite end date: 2018-09-02 06:00:00
[2026-05-16 01:29:03] Land cover year: 2017
[2026-05-16 01:29:04] VIIRS Veg composite: 2018-08-05 → 2018-08-21
[2026-05-16 01:29:07] Started export task: fire_248_dynamic_2018-09-04
[2026-05-16 01:29:07] ------ Processing date=2018-09-05 ------
[2026-05-16 01:29:07] Using viirs_af_path: viirs_af_path
[2026-05-16 01:29:07] VIIRS Image Date: ['2018-09-05 00:00:00']
[2026-05-16 01:29:08] Weather image size: 1
[2026-05-16 01:29:08] Forecast duration: 2018-09-06 00:00:00 to 2018-09-07 00:00:00
[2026-05-16 01:29:09] Number of forecast images: 24
[2026-05-16 01:29:09] Using forecast run: 2018-09-05 18:00:00 UTC
[2026-05-16 01:29:10] Forecast Rain Available hours: [6, 7, 8, 9, 10, 11, 12, 13, 14, 15, 16, 17, 18, 19, 20, 21, 22, 23, 24, 25, 26, 27, 28, 29]
[2026-05-16 01:29:10] Valid hours for sum: [12, 18, 24, 29]
[2026-05-16 01:29:12] Drought composite end date: 2018-09-02 06:00:00
[2026-05-16 01:29:12] Land cover year: 2017
[2026-05-16 01:29:13] VIIRS Veg composite: 2018-08-05 → 2018-08-21
[2026-05-16 01:29:16] Started export task: fire_248_dynamic_2018-09-05
[2026-05-16 01:29:17] ------ Processing date=2018-09-06 ------
[2026-05-16 01:29:17] Using viirs_af_path: viirs_af_path
[2026-05-16 01:29:17] VIIRS Image Date: ['2018-09-06 00:00:00']
[2026-05-16 01:29:18] Weather image size: 1
[2026-05-16 01:29:18] Forecast duration: 2018-09-07 00:00:00 to 2018-09-08 00:00:00
[2026-05-16 01:29:19] Number of forecast images: 24
[2026-05-16 01:29:19] Using forecast run: 2018-09-06 18:00:00 UTC
[2026-05-16 01:29:19] Forecast Rain Available hours: [6, 7, 8, 9, 10, 11, 12, 13, 14, 15, 16, 17, 18, 19, 20, 21, 22, 23, 24, 25, 26, 27, 28, 29]
[2026-05-16 01:29:19] Valid hours for sum: [12, 18, 24, 29]
[2026-05-16 01:29:22] Drought composite end date: 2018-09-02 06:00:00
[2026-05-16 01:29:22] Land cover year: 2017
[2026-05-16 01:29:23] VIIRS Veg composite: 2018-08-05 → 2018-08-21
[2026-05-16 01:29:26] Started export task: fire_248_dynamic_2018-09-06
[2026-05-16 01:29:26] END: ----------Event fire_248----------- (Duration: 3.21m)
[2026-05-16 01:29:26] START: ----------Event fire_249-----------
[2026-05-16 01:29:27] ------ Processing date=2018-08-22 ------
[2026-05-16 01:29:27] Using viirs_af_path: viirs_af_path
[2026-05-16 01:29:27] VIIRS Image Date: ['2018-08-22 00:00:00']
[2026-05-16 01:29:28] Weather image size: 1
[2026-05-16 01:29:28] Forecast duration: 2018-08-23 00:00:00 to 2018-08-24 00:00:00
[2026-05-16 01:29:29] Number of forecast images: 24
[2026-05-16 01:29:29] Using forecast run: 2018-08-22 18:00:00 UTC
[2026-05-16 01:29:29] Forecast Rain Available hours: [6, 7, 8, 9, 10, 11, 12, 13, 14, 15, 16, 17, 18, 19, 20, 21, 22, 23, 24, 25, 26, 27, 28, 29]
[2026-05-16 01:29:29] Valid hours for sum: [12, 18, 24, 29]
[2026-05-16 01:29:32] Drought composite end date: 2018-08-18 06:00:00
[2026-05-16 01:29:32] Land cover year: 2017
[2026-05-16 01:29:33] VIIRS Veg composite: 2018-08-13 → 2018-08-29
[2026-05-16 01:29:37] Started export task: fire_249_static
[2026-05-16 01:29:38] Started export task: fire_249_dynamic_2018-08-22
[2026-05-16 01:29:38] ------ Processing date=2018-08-23 ------
[2026-05-16 01:29:38] Using viirs_af_path: viirs_af_path
[2026-05-16 01:29:38] VIIRS Image Date: ['2018-08-23 00:00:00']
[2026-05-16 01:29:39] Weather image size: 1
[2026-05-16 01:29:39] Forecast duration: 2018-08-24 00:00:00 to 2018-08-25 00:00:00
[2026-05-16 01:29:40] Number of forecast images: 24
[2026-05-16 01:29:40] Using forecast run: 2018-08-23 18:00:00 UTC
[2026-05-16 01:29:41] Forecast Rain Available hours: [6, 7, 8, 9, 10, 11, 12, 13, 14, 15, 16, 17, 18, 19, 20, 21, 22, 23, 24, 25, 26, 27, 28, 29]
[2026-05-16 01:29:41] Valid hours for sum: [12, 18, 24, 29]
[2026-05-16 01:29:43] Drought composite end date: 2018-08-18 06:00:00
[2026-05-16 01:29:43] Land cover year: 2017
[2026-05-16 01:29:44] VIIRS Veg composite: 2018-08-13 → 2018-08-29
[2026-05-16 01:29:49] Started export task: fire_249_dynamic_2018-08-23
[2026-05-16 01:29:50] ------ Processing date=2018-08-24 ------
[2026-05-16 01:29:50] Using viirs_af_path: viirs_af_path
[2026-05-16 01:29:50] VIIRS Image Date: ['2018-08-24 00:00:00']
[2026-05-16 01:29:51] Weather image size: 1
[2026-05-16 01:29:51] Forecast duration: 2018-08-25 00:00:00 to 2018-08-26 00:00:00
[2026-05-16 01:29:52] Number of forecast images: 24
[2026-05-16 01:29:52] Using forecast run: 2018-08-24 18:00:00 UTC
[2026-05-16 01:29:52] Forecast Rain Available hours: [6, 7, 8, 9, 10, 11, 12, 13, 14, 15, 16, 17, 18, 19, 20, 21, 22, 23, 24, 25, 26, 27, 28, 29]
[2026-05-16 01:29:52] Valid hours for sum: [12, 18, 24, 29]
[2026-05-16 01:29:54] Drought composite end date: 2018-08-23 06:00:00
[2026-05-16 01:29:54] Land cover year: 2017
[2026-05-16 01:29:55] VIIRS Veg composite: 2018-08-13 → 2018-08-29
[2026-05-16 01:29:59] Started export task: fire_249_dynamic_2018-08-24
[2026-05-16 01:29:59] ------ Processing date=2018-08-25 ------
[2026-05-16 01:29:59] Using viirs_af_path: viirs_af_path
[2026-05-16 01:30:00] VIIRS Image Date: ['2018-08-25 00:00:00']
[2026-05-16 01:30:00] Weather image size: 1
[2026-05-16 01:30:00] Forecast duration: 2018-08-26 00:00:00 to 2018-08-27 00:00:00
[2026-05-16 01:30:01] Number of forecast images: 24
[2026-05-16 01:30:01] Using forecast run: 2018-08-25 18:00:00 UTC
[2026-05-16 01:30:02] Forecast Rain Available hours: [6, 7, 8, 9, 10, 11, 12, 13, 14, 15, 16, 17, 18, 19, 20, 21, 22, 23, 24, 25, 26, 27, 28, 29]
[2026-05-16 01:30:02] Valid hours for sum: [12, 18, 24, 29]
[2026-05-16 01:30:04] Drought composite end date: 2018-08-23 06:00:00
[2026-05-16 01:30:04] Land cover year: 2017
[2026-05-16 01:30:06] VIIRS Veg composite: 2018-08-13 → 2018-08-29
[2026-05-16 01:30:10] Started export task: fire_249_dynamic_2018-08-25
[2026-05-16 01:30:11] ------ Processing date=2018-08-26 ------
[2026-05-16 01:30:11] Using viirs_af_path: viirs_af_path
[2026-05-16 01:30:11] VIIRS Image Date: ['2018-08-26 00:00:00']
[2026-05-16 01:30:11] Weather image size: 1
[2026-05-16 01:30:11] Forecast duration: 2018-08-27 00:00:00 to 2018-08-28 00:00:00
[2026-05-16 01:30:12] Number of forecast images: 24
[2026-05-16 01:30:12] Using forecast run: 2018-08-26 18:00:00 UTC
[2026-05-16 01:30:12] Forecast Rain Available hours: [6, 7, 8, 9, 10, 11, 12, 13, 14, 15, 16, 17, 18, 19, 20, 21, 22, 23, 24, 25, 26, 27, 28, 29]
[2026-05-16 01:30:12] Valid hours for sum: [12, 18, 24, 29]
[2026-05-16 01:30:14] Drought composite end date: 2018-08-23 06:00:00
[2026-05-16 01:30:14] Land cover year: 2017
[2026-05-16 01:30:15] VIIRS Veg composite: 2018-08-13 → 2018-08-29
[2026-05-16 01:30:19] Started export task: fire_249_dynamic_2018-08-26
[2026-05-16 01:30:19] ------ Processing date=2018-08-27 ------
[2026-05-16 01:30:19] Using viirs_af_path: viirs_af_path
[2026-05-16 01:30:20] VIIRS Image Date: ['2018-08-27 00:00:00']
[2026-05-16 01:30:20] Weather image size: 1
[2026-05-16 01:30:20] Forecast duration: 2018-08-28 00:00:00 to 2018-08-29 00:00:00
[2026-05-16 01:30:20] Number of forecast images: 24
[2026-05-16 01:30:20] Using forecast run: 2018-08-27 18:00:00 UTC
[2026-05-16 01:30:21] Forecast Rain Available hours: [6, 7, 8, 9, 10, 11, 12, 13, 14, 15, 16, 17, 18, 19, 20, 21, 22, 23, 24, 25, 26, 27, 28, 29]
[2026-05-16 01:30:21] Valid hours for sum: [12, 18, 24, 29]
[2026-05-16 01:30:22] Drought composite end date: 2018-08-23 06:00:00
[2026-05-16 01:30:23] Land cover year: 2017
[2026-05-16 01:30:24] VIIRS Veg composite: 2018-08-13 → 2018-08-29
[2026-05-16 01:30:28] Started export task: fire_249_dynamic_2018-08-27
[2026-05-16 01:30:29] ------ Processing date=2018-08-28 ------
[2026-05-16 01:30:29] Using viirs_af_path: viirs_af_path
[2026-05-16 01:30:29] VIIRS Image Date: ['2018-08-28 00:00:00']
[2026-05-16 01:30:30] Weather image size: 1
[2026-05-16 01:30:30] Forecast duration: 2018-08-29 00:00:00 to 2018-08-30 00:00:00
[2026-05-16 01:30:30] Number of forecast images: 24
[2026-05-16 01:30:30] Using forecast run: 2018-08-28 18:00:00 UTC
[2026-05-16 01:30:31] Forecast Rain Available hours: [6, 7, 8, 9, 10, 11, 12, 13, 14, 15, 16, 17, 18, 19, 20, 21, 22, 23, 24, 25, 26, 27, 28, 29]
[2026-05-16 01:30:31] Valid hours for sum: [12, 18, 24, 29]
[2026-05-16 01:30:33] Drought composite end date: 2018-08-23 06:00:00
[2026-05-16 01:30:33] Land cover year: 2017
[2026-05-16 01:30:35] VIIRS Veg composite: 2018-08-13 → 2018-08-29
[2026-05-16 01:30:38] Started export task: fire_249_dynamic_2018-08-28
[2026-05-16 01:30:38] ------ Processing date=2018-08-29 ------
[2026-05-16 01:30:39] Using viirs_af_path: viirs_af_path
[2026-05-16 01:30:39] VIIRS Image Date: ['2018-08-29 00:00:00']
[2026-05-16 01:30:39] Weather image size: 1
[2026-05-16 01:30:39] Forecast duration: 2018-08-30 00:00:00 to 2018-08-31 00:00:00
[2026-05-16 01:30:41] Number of forecast images: 24
[2026-05-16 01:30:41] Using forecast run: 2018-08-29 18:00:00 UTC
[2026-05-16 01:30:41] Forecast Rain Available hours: [6, 7, 8, 9, 10, 11, 12, 13, 14, 15, 16, 17, 18, 19, 20, 21, 22, 23, 24, 25, 26, 27, 28, 29]
[2026-05-16 01:30:41] Valid hours for sum: [12, 18, 24, 29]
[2026-05-16 01:30:43] Drought composite end date: 2018-08-28 06:00:00
[2026-05-16 01:30:43] Land cover year: 2017
[2026-05-16 01:30:48] VIIRS Veg composite: 2018-08-13 → 2018-08-29
[2026-05-16 01:30:53] Started export task: fire_249_dynamic_2018-08-29
[2026-05-16 01:30:54] ------ Processing date=2018-08-30 ------
[2026-05-16 01:30:54] Using viirs_af_path: viirs_af_path
[2026-05-16 01:30:54] VIIRS Image Date: ['2018-08-30 00:00:00']
[2026-05-16 01:30:55] Weather image size: 1
[2026-05-16 01:30:55] Forecast duration: 2018-08-31 00:00:00 to 2018-09-01 00:00:00
[2026-05-16 01:30:56] Number of forecast images: 24
[2026-05-16 01:30:56] Using forecast run: 2018-08-30 18:00:00 UTC
[2026-05-16 01:30:56] Forecast Rain Available hours: [6, 7, 8, 9, 10, 11, 12, 13, 14, 15, 16, 17, 18, 19, 20, 21, 22, 23, 24, 25, 26, 27, 28, 29]
[2026-05-16 01:30:56] Valid hours for sum: [12, 18, 24, 29]
[2026-05-16 01:30:59] Drought composite end date: 2018-08-28 06:00:00
[2026-05-16 01:30:59] Land cover year: 2017
[2026-05-16 01:31:00] VIIRS Veg composite: 2018-08-13 → 2018-08-29
[2026-05-16 01:31:05] Started export task: fire_249_dynamic_2018-08-30
[2026-05-16 01:31:06] ------ Processing date=2018-08-31 ------
[2026-05-16 01:31:06] Using viirs_af_path: viirs_af_path
[2026-05-16 01:31:06] VIIRS Image Date: ['2018-08-31 00:00:00']
[2026-05-16 01:31:06] Weather image size: 1
[2026-05-16 01:31:06] Forecast duration: 2018-09-01 00:00:00 to 2018-09-02 00:00:00
[2026-05-16 01:31:07] Number of forecast images: 24
[2026-05-16 01:31:07] Using forecast run: 2018-08-31 18:00:00 UTC
[2026-05-16 01:31:07] Forecast Rain Available hours: [6, 7, 8, 9, 10, 11, 12, 13, 14, 15, 16, 17, 18, 19, 20, 21, 22, 23, 24, 25, 26, 27, 28, 29]
[2026-05-16 01:31:07] Valid hours for sum: [12, 18, 24, 29]
[2026-05-16 01:31:10] Drought composite end date: 2018-08-28 06:00:00
[2026-05-16 01:31:10] Land cover year: 2017
[2026-05-16 01:31:11] VIIRS Veg composite: 2018-08-13 → 2018-08-29
[2026-05-16 01:31:15] Started export task: fire_249_dynamic_2018-08-31
[2026-05-16 01:31:16] ------ Processing date=2018-09-01 ------
[2026-05-16 01:31:16] Using viirs_af_path: viirs_af_path
[2026-05-16 01:31:16] VIIRS Image Date: ['2018-09-01 00:00:00']
[2026-05-16 01:31:16] Weather image size: 1
[2026-05-16 01:31:16] Forecast duration: 2018-09-02 00:00:00 to 2018-09-03 00:00:00
[2026-05-16 01:31:17] Number of forecast images: 24
[2026-05-16 01:31:17] Using forecast run: 2018-09-01 18:00:00 UTC
[2026-05-16 01:31:17] Forecast Rain Available hours: [6, 7, 8, 9, 10, 11, 12, 13, 14, 15, 16, 17, 18, 19, 20, 21, 22, 23, 24, 25, 26, 27, 28, 29]
[2026-05-16 01:31:17] Valid hours for sum: [12, 18, 24, 29]
[2026-05-16 01:31:20] Drought composite end date: 2018-08-28 06:00:00
[2026-05-16 01:31:20] Land cover year: 2017
[2026-05-16 01:31:21] VIIRS Veg composite: 2018-08-13 → 2018-08-29
[2026-05-16 01:31:26] Started export task: fire_249_dynamic_2018-09-01
[2026-05-16 01:31:26] ------ Processing date=2018-09-02 ------
[2026-05-16 01:31:26] Using viirs_af_path: viirs_af_path
[2026-05-16 01:31:26] VIIRS Image Date: ['2018-09-02 00:00:00']
[2026-05-16 01:31:26] Weather image size: 1
[2026-05-16 01:31:26] Forecast duration: 2018-09-03 00:00:00 to 2018-09-04 00:00:00
[2026-05-16 01:31:27] Number of forecast images: 24
[2026-05-16 01:31:27] Using forecast run: 2018-09-02 18:00:00 UTC
[2026-05-16 01:31:27] Forecast Rain Available hours: [6, 7, 8, 9, 10, 11, 12, 13, 14, 15, 16, 17, 18, 19, 20, 21, 22, 23, 24, 25, 26, 27, 28, 29]
[2026-05-16 01:31:27] Valid hours for sum: [12, 18, 24, 29]
[2026-05-16 01:31:30] Drought composite end date: 2018-08-28 06:00:00
[2026-05-16 01:31:31] Land cover year: 2017
[2026-05-16 01:31:32] VIIRS Veg composite: 2018-08-13 → 2018-08-29
[2026-05-16 01:31:35] Started export task: fire_249_dynamic_2018-09-02
[2026-05-16 01:31:36] ------ Processing date=2018-09-03 ------
[2026-05-16 01:31:36] Using viirs_af_path: viirs_af_path
[2026-05-16 01:31:36] VIIRS Image Date: ['2018-09-03 00:00:00']
[2026-05-16 01:31:36] Weather image size: 1
[2026-05-16 01:31:36] Forecast duration: 2018-09-04 00:00:00 to 2018-09-05 00:00:00
[2026-05-16 01:31:37] Number of forecast images: 24
[2026-05-16 01:31:37] Using forecast run: 2018-09-03 18:00:00 UTC
[2026-05-16 01:31:37] Forecast Rain Available hours: [6, 7, 8, 9, 10, 11, 12, 13, 14, 15, 16, 17, 18, 19, 20, 21, 22, 23, 24, 25, 26, 27, 28, 29]
[2026-05-16 01:31:37] Valid hours for sum: [12, 18, 24, 29]
[2026-05-16 01:31:39] Drought composite end date: 2018-09-02 06:00:00
[2026-05-16 01:31:39] Land cover year: 2017
[2026-05-16 01:31:40] VIIRS Veg composite: 2018-08-13 → 2018-08-29
[2026-05-16 01:31:44] Started export task: fire_249_dynamic_2018-09-03
[2026-05-16 01:31:44] ------ Processing date=2018-09-04 ------
[2026-05-16 01:31:44] Using viirs_af_path: viirs_af_path
[2026-05-16 01:31:44] VIIRS Image Date: ['2018-09-04 00:00:00']
[2026-05-16 01:31:45] Weather image size: 1
[2026-05-16 01:31:45] Forecast duration: 2018-09-05 00:00:00 to 2018-09-06 00:00:00
[2026-05-16 01:31:46] Number of forecast images: 24
[2026-05-16 01:31:46] Using forecast run: 2018-09-04 18:00:00 UTC
[2026-05-16 01:31:46] Forecast Rain Available hours: [6, 7, 8, 9, 10, 11, 12, 13, 14, 15, 16, 17, 18, 19, 20, 21, 22, 23, 24, 25, 26, 27, 28, 29]
[2026-05-16 01:31:46] Valid hours for sum: [12, 18, 24, 29]
[2026-05-16 01:31:48] Drought composite end date: 2018-09-02 06:00:00
[2026-05-16 01:31:49] Land cover year: 2017
[2026-05-16 01:31:49] VIIRS Veg composite: 2018-08-13 → 2018-08-29
[2026-05-16 01:31:52] Started export task: fire_249_dynamic_2018-09-04
[2026-05-16 01:31:52] ------ Processing date=2018-09-05 ------
[2026-05-16 01:31:52] Using viirs_af_path: viirs_af_path
[2026-05-16 01:31:53] VIIRS Image Date: ['2018-09-05 00:00:00']
[2026-05-16 01:31:53] Weather image size: 1
[2026-05-16 01:31:53] Forecast duration: 2018-09-06 00:00:00 to 2018-09-07 00:00:00
[2026-05-16 01:31:54] Number of forecast images: 24
[2026-05-16 01:31:54] Using forecast run: 2018-09-05 18:00:00 UTC
[2026-05-16 01:31:54] Forecast Rain Available hours: [6, 7, 8, 9, 10, 11, 12, 13, 14, 15, 16, 17, 18, 19, 20, 21, 22, 23, 24, 25, 26, 27, 28, 29]
[2026-05-16 01:31:54] Valid hours for sum: [12, 18, 24, 29]
[2026-05-16 01:31:56] Drought composite end date: 2018-09-02 06:00:00
[2026-05-16 01:31:56] Land cover year: 2017
[2026-05-16 01:31:57] VIIRS Veg composite: 2018-08-13 → 2018-08-29
[2026-05-16 01:32:01] Started export task: fire_249_dynamic_2018-09-05
[2026-05-16 01:32:02] ------ Processing date=2018-09-06 ------
[2026-05-16 01:32:02] Using viirs_af_path: viirs_af_path
[2026-05-16 01:32:02] VIIRS Image Date: ['2018-09-06 00:00:00']
[2026-05-16 01:32:02] Weather image size: 1
[2026-05-16 01:32:02] Forecast duration: 2018-09-07 00:00:00 to 2018-09-08 00:00:00
[2026-05-16 01:32:03] Number of forecast images: 24
[2026-05-16 01:32:03] Using forecast run: 2018-09-06 18:00:00 UTC
[2026-05-16 01:32:04] Forecast Rain Available hours: [6, 7, 8, 9, 10, 11, 12, 13, 14, 15, 16, 17, 18, 19, 20, 21, 22, 23, 24, 25, 26, 27, 28, 29]
[2026-05-16 01:32:04] Valid hours for sum: [12, 18, 24, 29]
[2026-05-16 01:32:07] Drought composite end date: 2018-09-02 06:00:00
[2026-05-16 01:32:07] Land cover year: 2017
[2026-05-16 01:32:08] VIIRS Veg composite: 2018-08-13 → 2018-08-29
[2026-05-16 01:32:13] Started export task: fire_249_dynamic_2018-09-06
[2026-05-16 01:32:13] ------ Processing date=2018-09-07 ------
[2026-05-16 01:32:13] Using viirs_af_path: viirs_af_path
[2026-05-16 01:32:14] VIIRS Image Date: ['2018-09-07 00:00:00']
[2026-05-16 01:32:14] Weather image size: 1
[2026-05-16 01:32:14] Forecast duration: 2018-09-08 00:00:00 to 2018-09-09 00:00:00
[2026-05-16 01:32:15] Number of forecast images: 24
[2026-05-16 01:32:15] Using forecast run: 2018-09-07 18:00:00 UTC
[2026-05-16 01:32:15] Forecast Rain Available hours: [6, 7, 8, 9, 10, 11, 12, 13, 14, 15, 16, 17, 18, 19, 20, 21, 22, 23, 24, 25, 26, 27, 28, 29]
[2026-05-16 01:32:15] Valid hours for sum: [12, 18, 24, 29]
[2026-05-16 01:32:18] Drought composite end date: 2018-09-02 06:00:00
[2026-05-16 01:32:18] Land cover year: 2017
[2026-05-16 01:32:19] VIIRS Veg composite: 2018-08-13 → 2018-08-29
[2026-05-16 01:32:24] Started export task: fire_249_dynamic_2018-09-07
[2026-05-16 01:32:24] ------ Processing date=2018-09-08 ------
[2026-05-16 01:32:24] Using viirs_af_path: viirs_af_path
[2026-05-16 01:32:24] VIIRS Image Date: ['2018-09-08 00:00:00']
[2026-05-16 01:32:25] Weather image size: 1
[2026-05-16 01:32:25] Forecast duration: 2018-09-09 00:00:00 to 2018-09-10 00:00:00
[2026-05-16 01:32:25] Number of forecast images: 24
[2026-05-16 01:32:25] Using forecast run: 2018-09-08 18:00:00 UTC
[2026-05-16 01:32:26] Forecast Rain Available hours: [6, 7, 8, 9, 10, 11, 12, 13, 14, 15, 16, 17, 18, 19, 20, 21, 22, 23, 24, 25, 26, 27, 28, 29]
[2026-05-16 01:32:26] Valid hours for sum: [12, 18, 24, 29]
[2026-05-16 01:32:28] Drought composite end date: 2018-09-07 06:00:00
[2026-05-16 01:32:28] Land cover year: 2017
[2026-05-16 01:32:30] VIIRS Veg composite: 2018-08-13 → 2018-08-29
[2026-05-16 01:32:33] Started export task: fire_249_dynamic_2018-09-08
[2026-05-16 01:32:33] ------ Processing date=2018-09-09 ------
[2026-05-16 01:32:33] Using viirs_af_path: viirs_af_path
[2026-05-16 01:32:33] VIIRS Image Date: ['2018-09-09 00:00:00']
[2026-05-16 01:32:34] Weather image size: 1
[2026-05-16 01:32:34] Forecast duration: 2018-09-10 00:00:00 to 2018-09-11 00:00:00
[2026-05-16 01:32:35] Number of forecast images: 24
[2026-05-16 01:32:35] Using forecast run: 2018-09-09 18:00:00 UTC
[2026-05-16 01:32:36] Forecast Rain Available hours: [6, 7, 8, 9, 10, 11, 12, 13, 14, 15, 16, 17, 18, 19, 20, 21, 22, 23, 24, 25, 26, 27, 28, 29]
[2026-05-16 01:32:36] Valid hours for sum: [12, 18, 24, 29]
[2026-05-16 01:32:38] Drought composite end date: 2018-09-07 06:00:00
[2026-05-16 01:32:38] Land cover year: 2017
[2026-05-16 01:32:39] VIIRS Veg composite: 2018-08-13 → 2018-08-29
[2026-05-16 01:32:44] Started export task: fire_249_dynamic_2018-09-09
[2026-05-16 01:32:44] ------ Processing date=2018-09-10 ------
[2026-05-16 01:32:44] Using viirs_af_path: viirs_af_path
[2026-05-16 01:32:44] VIIRS Image Date: ['2018-09-10 00:00:00']
[2026-05-16 01:32:45] Weather image size: 1
[2026-05-16 01:32:45] Forecast duration: 2018-09-11 00:00:00 to 2018-09-12 00:00:00
[2026-05-16 01:32:46] Number of forecast images: 24
[2026-05-16 01:32:46] Using forecast run: 2018-09-10 18:00:00 UTC
[2026-05-16 01:32:46] Forecast Rain Available hours: [6, 7, 8, 9, 10, 11, 12, 13, 14, 15, 16, 17, 18, 19, 20, 21, 22, 23, 24, 25, 26, 27, 28, 29]
[2026-05-16 01:32:46] Valid hours for sum: [12, 18, 24, 29]
[2026-05-16 01:32:49] Drought composite end date: 2018-09-07 06:00:00
[2026-05-16 01:32:49] Land cover year: 2017
[2026-05-16 01:33:24] VIIRS Veg composite: 2018-08-13 → 2018-08-29
[2026-05-16 01:33:28] Started export task: fire_249_dynamic_2018-09-10
[2026-05-16 01:33:28] ------ Processing date=2018-09-11 ------
[2026-05-16 01:33:28] Using viirs_af_path: viirs_af_path
[2026-05-16 01:33:29] VIIRS Image Date: ['2018-09-11 00:00:00']
[2026-05-16 01:33:29] Weather image size: 1
[2026-05-16 01:33:29] Forecast duration: 2018-09-12 00:00:00 to 2018-09-13 00:00:00
[2026-05-16 01:33:30] Number of forecast images: 24
[2026-05-16 01:33:30] Using forecast run: 2018-09-11 18:00:00 UTC
[2026-05-16 01:33:31] Forecast Rain Available hours: [6, 7, 8, 9, 10, 11, 12, 13, 14, 15, 16, 17, 18, 19, 20, 21, 22, 23, 24, 25, 26, 27, 28, 29]
[2026-05-16 01:33:31] Valid hours for sum: [12, 18, 24, 29]
[2026-05-16 01:33:33] Drought composite end date: 2018-09-07 06:00:00
[2026-05-16 01:33:33] Land cover year: 2017
[2026-05-16 01:33:35] VIIRS Veg composite: 2018-08-13 → 2018-08-29
[2026-05-16 01:33:38] Started export task: fire_249_dynamic_2018-09-11
[2026-05-16 01:33:38] ------ Processing date=2018-09-12 ------
[2026-05-16 01:33:38] Using viirs_af_path: viirs_af_path
[2026-05-16 01:33:38] VIIRS Image Date: ['2018-09-12 00:00:00']
[2026-05-16 01:33:39] Weather image size: 1
[2026-05-16 01:33:39] Forecast duration: 2018-09-13 00:00:00 to 2018-09-14 00:00:00
[2026-05-16 01:33:39] Number of forecast images: 24
[2026-05-16 01:33:39] Using forecast run: 2018-09-12 18:00:00 UTC
[2026-05-16 01:33:40] Forecast Rain Available hours: [6, 7, 8, 9, 10, 11, 12, 13, 14, 15, 16, 17, 18, 19, 20, 21, 22, 23, 24, 25, 26, 27, 28, 29]
[2026-05-16 01:33:40] Valid hours for sum: [12, 18, 24, 29]
[2026-05-16 01:33:42] Drought composite end date: 2018-09-07 06:00:00
[2026-05-16 01:33:42] Land cover year: 2017
[2026-05-16 01:33:44] VIIRS Veg composite: 2018-08-13 → 2018-08-29
[2026-05-16 01:33:48] Started export task: fire_249_dynamic_2018-09-12
[2026-05-16 01:33:48] ------ Processing date=2018-09-13 ------
[2026-05-16 01:33:48] Using viirs_af_path: viirs_af_path
[2026-05-16 01:33:49] VIIRS Image Date: ['2018-09-13 00:00:00']
[2026-05-16 01:33:49] Weather image size: 1
[2026-05-16 01:33:49] Forecast duration: 2018-09-14 00:00:00 to 2018-09-15 00:00:00
[2026-05-16 01:33:50] Number of forecast images: 24
[2026-05-16 01:33:50] Using forecast run: 2018-09-13 18:00:00 UTC
[2026-05-16 01:33:51] Forecast Rain Available hours: [6, 7, 8, 9, 10, 11, 12, 13, 14, 15, 16, 17, 18, 19, 20, 21, 22, 23, 24, 25, 26, 27, 28, 29]
[2026-05-16 01:33:51] Valid hours for sum: [12, 18, 24, 29]
[2026-05-16 01:33:53] Drought composite end date: 2018-09-12 06:00:00
[2026-05-16 01:33:53] Land cover year: 2017
[2026-05-16 01:33:54] VIIRS Veg composite: 2018-08-13 → 2018-08-29
[2026-05-16 01:33:58] Started export task: fire_249_dynamic_2018-09-13
[2026-05-16 01:33:59] ------ Processing date=2018-09-14 ------
[2026-05-16 01:33:59] Using viirs_af_path: viirs_af_path
[2026-05-16 01:33:59] VIIRS Image Date: ['2018-09-14 00:00:00']
[2026-05-16 01:34:01] Weather image size: 1
[2026-05-16 01:34:01] Forecast duration: 2018-09-15 00:00:00 to 2018-09-16 00:00:00
[2026-05-16 01:34:02] Number of forecast images: 24
[2026-05-16 01:34:02] Using forecast run: 2018-09-14 18:00:00 UTC
[2026-05-16 01:34:02] Forecast Rain Available hours: [6, 7, 8, 9, 10, 11, 12, 13, 14, 15, 16, 17, 18, 19, 20, 21, 22, 23, 24, 25, 26, 27, 28, 29]
[2026-05-16 01:34:02] Valid hours for sum: [12, 18, 24, 29]
[2026-05-16 01:34:05] Drought composite end date: 2018-09-12 06:00:00
[2026-05-16 01:34:05] Land cover year: 2017
[2026-05-16 01:34:06] VIIRS Veg composite: 2018-08-13 → 2018-08-29
[2026-05-16 01:34:10] Started export task: fire_249_dynamic_2018-09-14
[2026-05-16 01:34:10] ------ Processing date=2018-09-15 ------
[2026-05-16 01:34:10] Using viirs_af_path: viirs_af_path
[2026-05-16 01:34:10] VIIRS Image Date: ['2018-09-15 00:00:00']
[2026-05-16 01:34:10] Weather image size: 1
[2026-05-16 01:34:10] Forecast duration: 2018-09-16 00:00:00 to 2018-09-17 00:00:00
[2026-05-16 01:34:11] Number of forecast images: 24
[2026-05-16 01:34:11] Using forecast run: 2018-09-15 18:00:00 UTC
[2026-05-16 01:34:12] Forecast Rain Available hours: [6, 7, 8, 9, 10, 11, 12, 13, 14, 15, 16, 17, 18, 19, 20, 21, 22, 23, 24, 25, 26, 27, 28, 29]
[2026-05-16 01:34:12] Valid hours for sum: [12, 18, 24, 29]
[2026-05-16 01:34:14] Drought composite end date: 2018-09-12 06:00:00
[2026-05-16 01:34:14] Land cover year: 2017
[2026-05-16 01:34:15] VIIRS Veg composite: 2018-08-13 → 2018-08-29
[2026-05-16 01:34:20] Started export task: fire_249_dynamic_2018-09-15
[2026-05-16 01:34:20] ------ Processing date=2018-09-16 ------
[2026-05-16 01:34:20] Using viirs_af_path: viirs_af_path
[2026-05-16 01:34:20] VIIRS Image Date: ['2018-09-16 00:00:00']
[2026-05-16 01:34:20] Weather image size: 1
[2026-05-16 01:34:20] Forecast duration: 2018-09-17 00:00:00 to 2018-09-18 00:00:00
[2026-05-16 01:34:22] Number of forecast images: 24
[2026-05-16 01:34:22] Using forecast run: 2018-09-16 18:00:00 UTC
[2026-05-16 01:34:22] Forecast Rain Available hours: [6, 7, 8, 9, 10, 11, 12, 13, 14, 15, 16, 17, 18, 19, 20, 21, 22, 23, 24, 25, 26, 27, 28, 29]
[2026-05-16 01:34:22] Valid hours for sum: [12, 18, 24, 29]
[2026-05-16 01:34:24] Drought composite end date: 2018-09-12 06:00:00
[2026-05-16 01:34:25] Land cover year: 2017
[2026-05-16 01:34:26] VIIRS Veg composite: 2018-08-13 → 2018-08-29
[2026-05-16 01:34:31] Started export task: fire_249_dynamic_2018-09-16
[2026-05-16 01:34:32] ------ Processing date=2018-09-17 ------
[2026-05-16 01:34:32] Using viirs_af_path: viirs_af_path
[2026-05-16 01:34:32] VIIRS Image Date: ['2018-09-17 00:00:00']
[2026-05-16 01:34:32] Weather image size: 1
[2026-05-16 01:34:32] Forecast duration: 2018-09-18 00:00:00 to 2018-09-19 00:00:00
[2026-05-16 01:34:33] Number of forecast images: 24
[2026-05-16 01:34:33] Using forecast run: 2018-09-17 18:00:00 UTC
[2026-05-16 01:34:34] Forecast Rain Available hours: [6, 7, 8, 9, 10, 11, 12, 13, 14, 15, 16, 17, 18, 19, 20, 21, 22, 23, 24, 25, 26, 27, 28, 29]
[2026-05-16 01:34:34] Valid hours for sum: [12, 18, 24, 29]
[2026-05-16 01:34:40] Drought composite end date: 2018-09-12 06:00:00
[2026-05-16 01:34:40] Land cover year: 2017
[2026-05-16 01:34:41] VIIRS Veg composite: 2018-08-13 → 2018-08-29
[2026-05-16 01:34:46] Started export task: fire_249_dynamic_2018-09-17
[2026-05-16 01:34:47] ------ Processing date=2018-09-18 ------
[2026-05-16 01:34:47] Using viirs_af_path: viirs_af_path
[2026-05-16 01:34:47] VIIRS Image Date: ['2018-09-18 00:00:00']
[2026-05-16 01:34:48] Weather image size: 1
[2026-05-16 01:34:48] Forecast duration: 2018-09-19 00:00:00 to 2018-09-20 00:00:00
[2026-05-16 01:34:49] Number of forecast images: 24
[2026-05-16 01:34:49] Using forecast run: 2018-09-18 18:00:00 UTC
[2026-05-16 01:34:49] Forecast Rain Available hours: [6, 7, 8, 9, 10, 11, 12, 13, 14, 15, 16, 17, 18, 19, 20, 21, 22, 23, 24, 25, 26, 27, 28, 29]
[2026-05-16 01:34:49] Valid hours for sum: [12, 18, 24, 29]
[2026-05-16 01:34:51] Drought composite end date: 2018-09-17 06:00:00
[2026-05-16 01:34:52] Land cover year: 2017
[2026-05-16 01:34:52] VIIRS Veg composite: 2018-08-13 → 2018-08-29
[2026-05-16 01:34:57] Started export task: fire_249_dynamic_2018-09-18
[2026-05-16 01:34:58] ------ Processing date=2018-09-19 ------
[2026-05-16 01:34:58] Using viirs_af_path: viirs_af_path
[2026-05-16 01:34:59] VIIRS Image Date: ['2018-09-19 00:00:00']
[2026-05-16 01:34:59] Weather image size: 1
[2026-05-16 01:34:59] Forecast duration: 2018-09-20 00:00:00 to 2018-09-21 00:00:00
[2026-05-16 01:35:00] Number of forecast images: 24
[2026-05-16 01:35:00] Using forecast run: 2018-09-19 18:00:00 UTC
[2026-05-16 01:35:00] Forecast Rain Available hours: [6, 7, 8, 9, 10, 11, 12, 13, 14, 15, 16, 17, 18, 19, 20, 21, 22, 23, 24, 25, 26, 27, 28, 29]
[2026-05-16 01:35:00] Valid hours for sum: [12, 18, 24, 29]
[2026-05-16 01:35:02] Drought composite end date: 2018-09-17 06:00:00
[2026-05-16 01:35:02] Land cover year: 2017
[2026-05-16 01:35:03] VIIRS Veg composite: 2018-08-13 → 2018-08-29
[2026-05-16 01:35:07] Started export task: fire_249_dynamic_2018-09-19
[2026-05-16 01:35:08] ------ Processing date=2018-09-20 ------
[2026-05-16 01:35:08] Using viirs_af_path: viirs_af_path
[2026-05-16 01:35:08] VIIRS Image Date: ['2018-09-20 00:00:00']
[2026-05-16 01:35:08] Weather image size: 1
[2026-05-16 01:35:08] Forecast duration: 2018-09-21 00:00:00 to 2018-09-22 00:00:00
[2026-05-16 01:35:09] Number of forecast images: 24
[2026-05-16 01:35:09] Using forecast run: 2018-09-20 18:00:00 UTC
[2026-05-16 01:35:10] Forecast Rain Available hours: [6, 7, 8, 9, 10, 11, 12, 13, 14, 15, 16, 17, 18, 19, 20, 21, 22, 23, 24, 25, 26, 27, 28, 29]
[2026-05-16 01:35:10] Valid hours for sum: [12, 18, 24, 29]
[2026-05-16 01:35:12] Drought composite end date: 2018-09-17 06:00:00
[2026-05-16 01:35:12] Land cover year: 2017
[2026-05-16 01:35:13] VIIRS Veg composite: 2018-08-13 → 2018-08-29
[2026-05-16 01:35:18] Started export task: fire_249_dynamic_2018-09-20
[2026-05-16 01:35:18] ------ Processing date=2018-09-21 ------
[2026-05-16 01:35:18] Using viirs_af_path: viirs_af_path
[2026-05-16 01:35:18] VIIRS Image Date: ['2018-09-21 00:00:00']
[2026-05-16 01:35:18] Weather image size: 1
[2026-05-16 01:35:18] Forecast duration: 2018-09-22 00:00:00 to 2018-09-23 00:00:00
[2026-05-16 01:35:19] Number of forecast images: 24
[2026-05-16 01:35:19] Using forecast run: 2018-09-21 18:00:00 UTC
[2026-05-16 01:35:19] Forecast Rain Available hours: [6, 7, 8, 9, 10, 11, 12, 13, 14, 15, 16, 17, 18, 19, 20, 21, 22, 23, 24, 25, 26, 27, 28, 29]
[2026-05-16 01:35:19] Valid hours for sum: [12, 18, 24, 29]
[2026-05-16 01:35:22] Drought composite end date: 2018-09-17 06:00:00
[2026-05-16 01:35:22] Land cover year: 2017
[2026-05-16 01:35:23] VIIRS Veg composite: 2018-08-13 → 2018-08-29
[2026-05-16 01:35:26] Started export task: fire_249_dynamic_2018-09-21
[2026-05-16 01:35:27] ------ Processing date=2018-09-22 ------
[2026-05-16 01:35:27] Using viirs_af_path: viirs_af_path
[2026-05-16 01:35:27] VIIRS Image Date: ['2018-09-22 00:00:00']
[2026-05-16 01:35:28] Weather image size: 1
[2026-05-16 01:35:28] Forecast duration: 2018-09-23 00:00:00 to 2018-09-24 00:00:00
[2026-05-16 01:35:28] Number of forecast images: 24
[2026-05-16 01:35:28] Using forecast run: 2018-09-22 18:00:00 UTC
[2026-05-16 01:35:29] Forecast Rain Available hours: [6, 7, 8, 9, 10, 11, 12, 13, 14, 15, 16, 17, 18, 19, 20, 21, 22, 23, 24, 25, 26, 27, 28, 29]
[2026-05-16 01:35:29] Valid hours for sum: [12, 18, 24, 29]
[2026-05-16 01:35:31] Drought composite end date: 2018-09-17 06:00:00
[2026-05-16 01:35:31] Land cover year: 2017
[2026-05-16 01:35:32] VIIRS Veg composite: 2018-08-13 → 2018-08-29
[2026-05-16 01:35:36] Started export task: fire_249_dynamic_2018-09-22
[2026-05-16 01:35:37] END: ----------Event fire_249----------- (Duration: 6.18m)
[2026-05-16 01:35:37] START: ----------Event fire_253-----------
[2026-05-16 01:35:37] ------ Processing date=2018-08-25 ------
[2026-05-16 01:35:37] Using viirs_af_path: viirs_af_path
[2026-05-16 01:35:37] VIIRS Image Date: ['2018-08-25 00:00:00']
[2026-05-16 01:35:38] Weather image size: 1
[2026-05-16 01:35:38] Forecast duration: 2018-08-26 00:00:00 to 2018-08-27 00:00:00
[2026-05-16 01:35:38] Number of forecast images: 24
[2026-05-16 01:35:38] Using forecast run: 2018-08-25 18:00:00 UTC
[2026-05-16 01:35:39] Forecast Rain Available hours: [6, 7, 8, 9, 10, 11, 12, 13, 14, 15, 16, 17, 18, 19, 20, 21, 22, 23, 24, 25, 26, 27, 28, 29]
[2026-05-16 01:35:39] Valid hours for sum: [12, 18, 24, 29]
[2026-05-16 01:35:40] Drought composite end date: 2018-08-23 06:00:00
[2026-05-16 01:35:40] Land cover year: 2017
[2026-05-16 01:35:42] VIIRS Veg composite: 2018-08-13 → 2018-08-29
[2026-05-16 01:35:44] Started export task: fire_253_static
[2026-05-16 01:35:44] Started export task: fire_253_dynamic_2018-08-25
[2026-05-16 01:35:44] ------ Processing date=2018-08-26 ------
[2026-05-16 01:35:44] Using viirs_af_path: viirs_af_path
[2026-05-16 01:35:45] VIIRS Image Date: ['2018-08-26 00:00:00']
[2026-05-16 01:35:45] Weather image size: 1
[2026-05-16 01:35:45] Forecast duration: 2018-08-27 00:00:00 to 2018-08-28 00:00:00
[2026-05-16 01:35:46] Number of forecast images: 24
[2026-05-16 01:35:46] Using forecast run: 2018-08-26 18:00:00 UTC
[2026-05-16 01:35:46] Forecast Rain Available hours: [6, 7, 8, 9, 10, 11, 12, 13, 14, 15, 16, 17, 18, 19, 20, 21, 22, 23, 24, 25, 26, 27, 28, 29]
[2026-05-16 01:35:46] Valid hours for sum: [12, 18, 24, 29]
[2026-05-16 01:35:49] Drought composite end date: 2018-08-23 06:00:00
[2026-05-16 01:35:49] Land cover year: 2017
[2026-05-16 01:35:50] VIIRS Veg composite: 2018-08-13 → 2018-08-29
[2026-05-16 01:35:54] Started export task: fire_253_dynamic_2018-08-26
[2026-05-16 01:35:55] ------ Processing date=2018-08-27 ------
[2026-05-16 01:35:55] Using viirs_af_path: viirs_af_path
[2026-05-16 01:35:55] VIIRS Image Date: ['2018-08-27 00:00:00']
[2026-05-16 01:35:55] Weather image size: 1
[2026-05-16 01:35:55] Forecast duration: 2018-08-28 00:00:00 to 2018-08-29 00:00:00
[2026-05-16 01:35:56] Number of forecast images: 24
[2026-05-16 01:35:56] Using forecast run: 2018-08-27 18:00:00 UTC
[2026-05-16 01:35:56] Forecast Rain Available hours: [6, 7, 8, 9, 10, 11, 12, 13, 14, 15, 16, 17, 18, 19, 20, 21, 22, 23, 24, 25, 26, 27, 28, 29]
[2026-05-16 01:35:56] Valid hours for sum: [12, 18, 24, 29]
[2026-05-16 01:35:59] Drought composite end date: 2018-08-23 06:00:00
[2026-05-16 01:35:59] Land cover year: 2017
[2026-05-16 01:37:19] VIIRS Veg composite: 2018-08-13 → 2018-08-29
[2026-05-16 01:37:23] Started export task: fire_253_dynamic_2018-08-27
[2026-05-16 01:37:23] ------ Processing date=2018-08-28 ------
[2026-05-16 01:37:23] Using viirs_af_path: viirs_af_path
[2026-05-16 01:37:24] VIIRS Image Date: ['2018-08-28 00:00:00']
[2026-05-16 01:37:24] Weather image size: 1
[2026-05-16 01:37:24] Forecast duration: 2018-08-29 00:00:00 to 2018-08-30 00:00:00
[2026-05-16 01:37:25] Number of forecast images: 24
[2026-05-16 01:37:25] Using forecast run: 2018-08-28 18:00:00 UTC
[2026-05-16 01:37:26] Forecast Rain Available hours: [6, 7, 8, 9, 10, 11, 12, 13, 14, 15, 16, 17, 18, 19, 20, 21, 22, 23, 24, 25, 26, 27, 28, 29]
[2026-05-16 01:37:26] Valid hours for sum: [12, 18, 24, 29]
[2026-05-16 01:37:28] Drought composite end date: 2018-08-23 06:00:00
[2026-05-16 01:37:29] Land cover year: 2017
[2026-05-16 01:37:29] VIIRS Veg composite: 2018-08-13 → 2018-08-29
[2026-05-16 01:37:34] Started export task: fire_253_dynamic_2018-08-28
[2026-05-16 01:37:34] ------ Processing date=2018-08-29 ------
[2026-05-16 01:37:34] Using viirs_af_path: viirs_af_path
[2026-05-16 01:37:35] VIIRS Image Date: ['2018-08-29 00:00:00']
[2026-05-16 01:37:35] Weather image size: 1
[2026-05-16 01:37:35] Forecast duration: 2018-08-30 00:00:00 to 2018-08-31 00:00:00
[2026-05-16 01:37:36] Number of forecast images: 24
[2026-05-16 01:37:36] Using forecast run: 2018-08-29 18:00:00 UTC
[2026-05-16 01:37:37] Forecast Rain Available hours: [6, 7, 8, 9, 10, 11, 12, 13, 14, 15, 16, 17, 18, 19, 20, 21, 22, 23, 24, 25, 26, 27, 28, 29]
[2026-05-16 01:37:37] Valid hours for sum: [12, 18, 24, 29]
[2026-05-16 01:37:39] Drought composite end date: 2018-08-28 06:00:00
[2026-05-16 01:37:39] Land cover year: 2017
[2026-05-16 01:37:40] VIIRS Veg composite: 2018-08-13 → 2018-08-29
[2026-05-16 01:37:43] Started export task: fire_253_dynamic_2018-08-29
[2026-05-16 01:37:43] ------ Processing date=2018-08-30 ------
[2026-05-16 01:37:43] Using viirs_af_path: viirs_af_path
[2026-05-16 01:37:43] VIIRS Image Date: ['2018-08-30 00:00:00']
[2026-05-16 01:37:44] Weather image size: 1
[2026-05-16 01:37:44] Forecast duration: 2018-08-31 00:00:00 to 2018-09-01 00:00:00
[2026-05-16 01:37:45] Number of forecast images: 24
[2026-05-16 01:37:45] Using forecast run: 2018-08-30 18:00:00 UTC
[2026-05-16 01:37:45] Forecast Rain Available hours: [6, 7, 8, 9, 10, 11, 12, 13, 14, 15, 16, 17, 18, 19, 20, 21, 22, 23, 24, 25, 26, 27, 28, 29]
[2026-05-16 01:37:45] Valid hours for sum: [12, 18, 24, 29]
[2026-05-16 01:37:48] Drought composite end date: 2018-08-28 06:00:00
[2026-05-16 01:37:48] Land cover year: 2017
[2026-05-16 01:37:49] VIIRS Veg composite: 2018-08-13 → 2018-08-29
[2026-05-16 01:37:53] Started export task: fire_253_dynamic_2018-08-30
[2026-05-16 01:37:53] ------ Processing date=2018-08-31 ------
[2026-05-16 01:37:53] Using viirs_af_path: viirs_af_path
[2026-05-16 01:37:54] VIIRS Image Date: ['2018-08-31 00:00:00']
[2026-05-16 01:37:54] Weather image size: 1
[2026-05-16 01:37:54] Forecast duration: 2018-09-01 00:00:00 to 2018-09-02 00:00:00
[2026-05-16 01:37:55] Number of forecast images: 24
[2026-05-16 01:37:55] Using forecast run: 2018-08-31 18:00:00 UTC
[2026-05-16 01:37:56] Forecast Rain Available hours: [6, 7, 8, 9, 10, 11, 12, 13, 14, 15, 16, 17, 18, 19, 20, 21, 22, 23, 24, 25, 26, 27, 28, 29]
[2026-05-16 01:37:56] Valid hours for sum: [12, 18, 24, 29]
[2026-05-16 01:37:58] Drought composite end date: 2018-08-28 06:00:00
[2026-05-16 01:37:59] Land cover year: 2017
[2026-05-16 01:38:00] VIIRS Veg composite: 2018-08-13 → 2018-08-29
[2026-05-16 01:38:03] Started export task: fire_253_dynamic_2018-08-31
[2026-05-16 01:38:04] ------ Processing date=2018-09-01 ------
[2026-05-16 01:38:04] Using viirs_af_path: viirs_af_path
[2026-05-16 01:38:04] VIIRS Image Date: ['2018-09-01 00:00:00']
[2026-05-16 01:38:04] Weather image size: 1
[2026-05-16 01:38:04] Forecast duration: 2018-09-02 00:00:00 to 2018-09-03 00:00:00
[2026-05-16 01:38:05] Number of forecast images: 24
[2026-05-16 01:38:05] Using forecast run: 2018-09-01 18:00:00 UTC
[2026-05-16 01:38:06] Forecast Rain Available hours: [6, 7, 8, 9, 10, 11, 12, 13, 14, 15, 16, 17, 18, 19, 20, 21, 22, 23, 24, 25, 26, 27, 28, 29]
[2026-05-16 01:38:06] Valid hours for sum: [12, 18, 24, 29]
[2026-05-16 01:38:08] Drought composite end date: 2018-08-28 06:00:00
[2026-05-16 01:38:08] Land cover year: 2017
[2026-05-16 01:38:10] VIIRS Veg composite: 2018-08-13 → 2018-08-29
[2026-05-16 01:38:14] Started export task: fire_253_dynamic_2018-09-01
[2026-05-16 01:38:14] ------ Processing date=2018-09-02 ------
[2026-05-16 01:38:14] Using viirs_af_path: viirs_af_path
[2026-05-16 01:38:15] VIIRS Image Date: ['2018-09-02 00:00:00']
[2026-05-16 01:38:15] Weather image size: 1
[2026-05-16 01:38:15] Forecast duration: 2018-09-03 00:00:00 to 2018-09-04 00:00:00
[2026-05-16 01:38:16] Number of forecast images: 24
[2026-05-16 01:38:16] Using forecast run: 2018-09-02 18:00:00 UTC
[2026-05-16 01:38:16] Forecast Rain Available hours: [6, 7, 8, 9, 10, 11, 12, 13, 14, 15, 16, 17, 18, 19, 20, 21, 22, 23, 24, 25, 26, 27, 28, 29]
[2026-05-16 01:38:16] Valid hours for sum: [12, 18, 24, 29]
[2026-05-16 01:38:20] Drought composite end date: 2018-08-28 06:00:00
[2026-05-16 01:38:20] Land cover year: 2017
[2026-05-16 01:38:22] VIIRS Veg composite: 2018-08-13 → 2018-08-29
[2026-05-16 01:38:25] Started export task: fire_253_dynamic_2018-09-02
[2026-05-16 01:38:26] ------ Processing date=2018-09-03 ------
[2026-05-16 01:38:26] Using viirs_af_path: viirs_af_path
[2026-05-16 01:38:26] VIIRS Image Date: ['2018-09-03 00:00:00']
[2026-05-16 01:38:26] Weather image size: 1
[2026-05-16 01:38:26] Forecast duration: 2018-09-04 00:00:00 to 2018-09-05 00:00:00
[2026-05-16 01:38:27] Number of forecast images: 24
[2026-05-16 01:38:27] Using forecast run: 2018-09-03 18:00:00 UTC
[2026-05-16 01:38:28] Forecast Rain Available hours: [6, 7, 8, 9, 10, 11, 12, 13, 14, 15, 16, 17, 18, 19, 20, 21, 22, 23, 24, 25, 26, 27, 28, 29]
[2026-05-16 01:38:28] Valid hours for sum: [12, 18, 24, 29]
[2026-05-16 01:38:29] Drought composite end date: 2018-09-02 06:00:00
[2026-05-16 01:38:30] Land cover year: 2017
[2026-05-16 01:38:31] VIIRS Veg composite: 2018-08-13 → 2018-08-29
[2026-05-16 01:38:35] Started export task: fire_253_dynamic_2018-09-03
[2026-05-16 01:38:35] ------ Processing date=2018-09-04 ------
[2026-05-16 01:38:35] Using viirs_af_path: viirs_af_path
[2026-05-16 01:38:35] VIIRS Image Date: ['2018-09-04 00:00:00']
[2026-05-16 01:38:36] Weather image size: 1
[2026-05-16 01:38:36] Forecast duration: 2018-09-05 00:00:00 to 2018-09-06 00:00:00
[2026-05-16 01:38:37] Number of forecast images: 24
[2026-05-16 01:38:37] Using forecast run: 2018-09-04 18:00:00 UTC
[2026-05-16 01:38:37] Forecast Rain Available hours: [6, 7, 8, 9, 10, 11, 12, 13, 14, 15, 16, 17, 18, 19, 20, 21, 22, 23, 24, 25, 26, 27, 28, 29]
[2026-05-16 01:38:37] Valid hours for sum: [12, 18, 24, 29]
[2026-05-16 01:38:39] Drought composite end date: 2018-09-02 06:00:00
[2026-05-16 01:38:40] Land cover year: 2017
[2026-05-16 01:38:41] VIIRS Veg composite: 2018-08-13 → 2018-08-29
[2026-05-16 01:38:45] Started export task: fire_253_dynamic_2018-09-04
[2026-05-16 01:38:45] ------ Processing date=2018-09-05 ------
[2026-05-16 01:38:45] Using viirs_af_path: viirs_af_path
[2026-05-16 01:38:45] VIIRS Image Date: ['2018-09-05 00:00:00']
[2026-05-16 01:38:46] Weather image size: 1
[2026-05-16 01:38:46] Forecast duration: 2018-09-06 00:00:00 to 2018-09-07 00:00:00
[2026-05-16 01:38:47] Number of forecast images: 24
[2026-05-16 01:38:47] Using forecast run: 2018-09-05 18:00:00 UTC
[2026-05-16 01:38:47] Forecast Rain Available hours: [6, 7, 8, 9, 10, 11, 12, 13, 14, 15, 16, 17, 18, 19, 20, 21, 22, 23, 24, 25, 26, 27, 28, 29]
[2026-05-16 01:38:47] Valid hours for sum: [12, 18, 24, 29]
[2026-05-16 01:38:50] Drought composite end date: 2018-09-02 06:00:00
[2026-05-16 01:38:50] Land cover year: 2017
[2026-05-16 01:38:50] VIIRS Veg composite: 2018-08-13 → 2018-08-29
[2026-05-16 01:38:55] Started export task: fire_253_dynamic_2018-09-05
[2026-05-16 01:38:55] ------ Processing date=2018-09-06 ------
[2026-05-16 01:38:55] Using viirs_af_path: viirs_af_path
[2026-05-16 01:38:56] VIIRS Image Date: ['2018-09-06 00:00:00']
[2026-05-16 01:38:56] Weather image size: 1
[2026-05-16 01:38:56] Forecast duration: 2018-09-07 00:00:00 to 2018-09-08 00:00:00
[2026-05-16 01:38:57] Number of forecast images: 24
[2026-05-16 01:38:57] Using forecast run: 2018-09-06 18:00:00 UTC
[2026-05-16 01:38:58] Forecast Rain Available hours: [6, 7, 8, 9, 10, 11, 12, 13, 14, 15, 16, 17, 18, 19, 20, 21, 22, 23, 24, 25, 26, 27, 28, 29]
[2026-05-16 01:38:58] Valid hours for sum: [12, 18, 24, 29]
[2026-05-16 01:38:59] Drought composite end date: 2018-09-02 06:00:00
[2026-05-16 01:39:00] Land cover year: 2017
[2026-05-16 01:39:01] VIIRS Veg composite: 2018-08-13 → 2018-08-29
[2026-05-16 01:39:04] Started export task: fire_253_dynamic_2018-09-06
[2026-05-16 01:39:04] ------ Processing date=2018-09-07 ------
[2026-05-16 01:39:04] Using viirs_af_path: viirs_af_path
[2026-05-16 01:39:05] VIIRS Image Date: ['2018-09-07 00:00:00']
[2026-05-16 01:39:05] Weather image size: 1
[2026-05-16 01:39:05] Forecast duration: 2018-09-08 00:00:00 to 2018-09-09 00:00:00
[2026-05-16 01:39:06] Number of forecast images: 24
[2026-05-16 01:39:06] Using forecast run: 2018-09-07 18:00:00 UTC
[2026-05-16 01:39:07] Forecast Rain Available hours: [6, 7, 8, 9, 10, 11, 12, 13, 14, 15, 16, 17, 18, 19, 20, 21, 22, 23, 24, 25, 26, 27, 28, 29]
[2026-05-16 01:39:07] Valid hours for sum: [12, 18, 24, 29]
[2026-05-16 01:39:08] Drought composite end date: 2018-09-02 06:00:00
[2026-05-16 01:39:08] Land cover year: 2017
[2026-05-16 01:39:09] VIIRS Veg composite: 2018-08-13 → 2018-08-29
[2026-05-16 01:39:15] Started export task: fire_253_dynamic_2018-09-07
[2026-05-16 01:39:15] ------ Processing date=2018-09-08 ------
[2026-05-16 01:39:15] Using viirs_af_path: viirs_af_path
[2026-05-16 01:39:15] VIIRS Image Date: ['2018-09-08 00:00:00']
[2026-05-16 01:39:15] Weather image size: 1
[2026-05-16 01:39:15] Forecast duration: 2018-09-09 00:00:00 to 2018-09-10 00:00:00
[2026-05-16 01:39:16] Number of forecast images: 24
[2026-05-16 01:39:16] Using forecast run: 2018-09-08 18:00:00 UTC
[2026-05-16 01:39:17] Forecast Rain Available hours: [6, 7, 8, 9, 10, 11, 12, 13, 14, 15, 16, 17, 18, 19, 20, 21, 22, 23, 24, 25, 26, 27, 28, 29]
[2026-05-16 01:39:17] Valid hours for sum: [12, 18, 24, 29]
[2026-05-16 01:39:21] Drought composite end date: 2018-09-07 06:00:00
[2026-05-16 01:39:21] Land cover year: 2017
[2026-05-16 01:39:22] VIIRS Veg composite: 2018-08-13 → 2018-08-29
[2026-05-16 01:39:27] Started export task: fire_253_dynamic_2018-09-08
[2026-05-16 01:39:27] ------ Processing date=2018-09-09 ------
[2026-05-16 01:39:27] Using viirs_af_path: viirs_af_path
[2026-05-16 01:39:27] VIIRS Image Date: ['2018-09-09 00:00:00']
[2026-05-16 01:39:28] Weather image size: 1
[2026-05-16 01:39:28] Forecast duration: 2018-09-10 00:00:00 to 2018-09-11 00:00:00
[2026-05-16 01:39:28] Number of forecast images: 24
[2026-05-16 01:39:28] Using forecast run: 2018-09-09 18:00:00 UTC
[2026-05-16 01:39:29] Forecast Rain Available hours: [6, 7, 8, 9, 10, 11, 12, 13, 14, 15, 16, 17, 18, 19, 20, 21, 22, 23, 24, 25, 26, 27, 28, 29]
[2026-05-16 01:39:29] Valid hours for sum: [12, 18, 24, 29]
[2026-05-16 01:39:30] Drought composite end date: 2018-09-07 06:00:00
[2026-05-16 01:39:30] Land cover year: 2017
[2026-05-16 01:39:31] VIIRS Veg composite: 2018-08-13 → 2018-08-29
[2026-05-16 01:39:36] Started export task: fire_253_dynamic_2018-09-09
[2026-05-16 01:39:36] ------ Processing date=2018-09-10 ------
[2026-05-16 01:39:36] Using viirs_af_path: viirs_af_path
[2026-05-16 01:39:36] VIIRS Image Date: ['2018-09-10 00:00:00']
[2026-05-16 01:39:37] Weather image size: 1
[2026-05-16 01:39:37] Forecast duration: 2018-09-11 00:00:00 to 2018-09-12 00:00:00
[2026-05-16 01:39:38] Number of forecast images: 24
[2026-05-16 01:39:38] Using forecast run: 2018-09-10 18:00:00 UTC
[2026-05-16 01:39:38] Forecast Rain Available hours: [6, 7, 8, 9, 10, 11, 12, 13, 14, 15, 16, 17, 18, 19, 20, 21, 22, 23, 24, 25, 26, 27, 28, 29]
[2026-05-16 01:39:38] Valid hours for sum: [12, 18, 24, 29]
[2026-05-16 01:39:41] Drought composite end date: 2018-09-07 06:00:00
[2026-05-16 01:39:41] Land cover year: 2017
[2026-05-16 01:39:42] VIIRS Veg composite: 2018-08-13 → 2018-08-29
[2026-05-16 01:39:47] Started export task: fire_253_dynamic_2018-09-10
[2026-05-16 01:39:47] ------ Processing date=2018-09-11 ------
[2026-05-16 01:39:47] Using viirs_af_path: viirs_af_path
[2026-05-16 01:39:48] VIIRS Image Date: ['2018-09-11 00:00:00']
[2026-05-16 01:39:48] Weather image size: 1
[2026-05-16 01:39:48] Forecast duration: 2018-09-12 00:00:00 to 2018-09-13 00:00:00
[2026-05-16 01:39:49] Number of forecast images: 24
[2026-05-16 01:39:49] Using forecast run: 2018-09-11 18:00:00 UTC
[2026-05-16 01:39:50] Forecast Rain Available hours: [6, 7, 8, 9, 10, 11, 12, 13, 14, 15, 16, 17, 18, 19, 20, 21, 22, 23, 24, 25, 26, 27, 28, 29]
[2026-05-16 01:39:50] Valid hours for sum: [12, 18, 24, 29]
[2026-05-16 01:39:52] Drought composite end date: 2018-09-07 06:00:00
[2026-05-16 01:39:52] Land cover year: 2017
[2026-05-16 01:39:53] VIIRS Veg composite: 2018-08-13 → 2018-08-29
[2026-05-16 01:39:58] Started export task: fire_253_dynamic_2018-09-11
[2026-05-16 01:39:59] ------ Processing date=2018-09-12 ------
[2026-05-16 01:39:59] Using viirs_af_path: viirs_af_path
[2026-05-16 01:39:59] VIIRS Image Date: ['2018-09-12 00:00:00']
[2026-05-16 01:40:00] Weather image size: 1
[2026-05-16 01:40:00] Forecast duration: 2018-09-13 00:00:00 to 2018-09-14 00:00:00
[2026-05-16 01:40:00] Number of forecast images: 24
[2026-05-16 01:40:00] Using forecast run: 2018-09-12 18:00:00 UTC
[2026-05-16 01:40:01] Forecast Rain Available hours: [6, 7, 8, 9, 10, 11, 12, 13, 14, 15, 16, 17, 18, 19, 20, 21, 22, 23, 24, 25, 26, 27, 28, 29]
[2026-05-16 01:40:01] Valid hours for sum: [12, 18, 24, 29]
[2026-05-16 01:40:03] Drought composite end date: 2018-09-07 06:00:00
[2026-05-16 01:40:04] Land cover year: 2017
[2026-05-16 01:40:05] VIIRS Veg composite: 2018-08-13 → 2018-08-29
[2026-05-16 01:40:09] Started export task: fire_253_dynamic_2018-09-12
[2026-05-16 01:40:09] ------ Processing date=2018-09-13 ------
[2026-05-16 01:40:09] Using viirs_af_path: viirs_af_path
[2026-05-16 01:40:10] VIIRS Image Date: ['2018-09-13 00:00:00']
[2026-05-16 01:40:10] Weather image size: 1
[2026-05-16 01:40:10] Forecast duration: 2018-09-14 00:00:00 to 2018-09-15 00:00:00
[2026-05-16 01:40:11] Number of forecast images: 24
[2026-05-16 01:40:11] Using forecast run: 2018-09-13 18:00:00 UTC
[2026-05-16 01:40:11] Forecast Rain Available hours: [6, 7, 8, 9, 10, 11, 12, 13, 14, 15, 16, 17, 18, 19, 20, 21, 22, 23, 24, 25, 26, 27, 28, 29]
[2026-05-16 01:40:11] Valid hours for sum: [12, 18, 24, 29]
[2026-05-16 01:40:13] Drought composite end date: 2018-09-12 06:00:00
[2026-05-16 01:40:14] Land cover year: 2017
[2026-05-16 01:40:14] VIIRS Veg composite: 2018-08-13 → 2018-08-29
[2026-05-16 01:40:18] Started export task: fire_253_dynamic_2018-09-13
[2026-05-16 01:40:18] ------ Processing date=2018-09-14 ------
[2026-05-16 01:40:18] Using viirs_af_path: viirs_af_path
[2026-05-16 01:40:18] VIIRS Image Date: ['2018-09-14 00:00:00']
[2026-05-16 01:40:18] Weather image size: 1
[2026-05-16 01:40:18] Forecast duration: 2018-09-15 00:00:00 to 2018-09-16 00:00:00
[2026-05-16 01:40:19] Number of forecast images: 24
[2026-05-16 01:40:19] Using forecast run: 2018-09-14 18:00:00 UTC
[2026-05-16 01:40:20] Forecast Rain Available hours: [6, 7, 8, 9, 10, 11, 12, 13, 14, 15, 16, 17, 18, 19, 20, 21, 22, 23, 24, 25, 26, 27, 28, 29]
[2026-05-16 01:40:20] Valid hours for sum: [12, 18, 24, 29]
[2026-05-16 01:40:22] Drought composite end date: 2018-09-12 06:00:00
[2026-05-16 01:40:22] Land cover year: 2017
[2026-05-16 01:40:23] VIIRS Veg composite: 2018-08-13 → 2018-08-29
[2026-05-16 01:40:28] Started export task: fire_253_dynamic_2018-09-14
[2026-05-16 01:40:28] ------ Processing date=2018-09-15 ------
[2026-05-16 01:40:28] Using viirs_af_path: viirs_af_path
[2026-05-16 01:40:28] VIIRS Image Date: ['2018-09-15 00:00:00']
[2026-05-16 01:40:28] Weather image size: 1
[2026-05-16 01:40:28] Forecast duration: 2018-09-16 00:00:00 to 2018-09-17 00:00:00
[2026-05-16 01:40:29] Number of forecast images: 24
[2026-05-16 01:40:29] Using forecast run: 2018-09-15 18:00:00 UTC
[2026-05-16 01:40:30] Forecast Rain Available hours: [6, 7, 8, 9, 10, 11, 12, 13, 14, 15, 16, 17, 18, 19, 20, 21, 22, 23, 24, 25, 26, 27, 28, 29]
[2026-05-16 01:40:30] Valid hours for sum: [12, 18, 24, 29]
[2026-05-16 01:40:32] Drought composite end date: 2018-09-12 06:00:00
[2026-05-16 01:40:32] Land cover year: 2017
[2026-05-16 01:40:33] VIIRS Veg composite: 2018-08-13 → 2018-08-29
[2026-05-16 01:40:38] Started export task: fire_253_dynamic_2018-09-15
[2026-05-16 01:40:38] ------ Processing date=2018-09-16 ------
[2026-05-16 01:40:38] Using viirs_af_path: viirs_af_path
[2026-05-16 01:40:38] VIIRS Image Date: ['2018-09-16 00:00:00']
[2026-05-16 01:40:38] Weather image size: 1
[2026-05-16 01:40:38] Forecast duration: 2018-09-17 00:00:00 to 2018-09-18 00:00:00
[2026-05-16 01:40:39] Number of forecast images: 24
[2026-05-16 01:40:39] Using forecast run: 2018-09-16 18:00:00 UTC
[2026-05-16 01:40:41] Forecast Rain Available hours: [6, 7, 8, 9, 10, 11, 12, 13, 14, 15, 16, 17, 18, 19, 20, 21, 22, 23, 24, 25, 26, 27, 28, 29]
[2026-05-16 01:40:41] Valid hours for sum: [12, 18, 24, 29]
[2026-05-16 01:40:42] Drought composite end date: 2018-09-12 06:00:00
[2026-05-16 01:40:42] Land cover year: 2017
[2026-05-16 01:40:43] VIIRS Veg composite: 2018-08-13 → 2018-08-29
[2026-05-16 01:40:47] Started export task: fire_253_dynamic_2018-09-16
[2026-05-16 01:40:47] ------ Processing date=2018-09-17 ------
[2026-05-16 01:40:47] Using viirs_af_path: viirs_af_path
[2026-05-16 01:40:47] VIIRS Image Date: ['2018-09-17 00:00:00']
[2026-05-16 01:40:48] Weather image size: 1
[2026-05-16 01:40:48] Forecast duration: 2018-09-18 00:00:00 to 2018-09-19 00:00:00
[2026-05-16 01:40:48] Number of forecast images: 24
[2026-05-16 01:40:48] Using forecast run: 2018-09-17 18:00:00 UTC
[2026-05-16 01:40:49] Forecast Rain Available hours: [6, 7, 8, 9, 10, 11, 12, 13, 14, 15, 16, 17, 18, 19, 20, 21, 22, 23, 24, 25, 26, 27, 28, 29]
[2026-05-16 01:40:49] Valid hours for sum: [12, 18, 24, 29]
[2026-05-16 01:40:52] Drought composite end date: 2018-09-12 06:00:00
[2026-05-16 01:40:52] Land cover year: 2017
[2026-05-16 01:40:53] VIIRS Veg composite: 2018-08-13 → 2018-08-29
[2026-05-16 01:40:58] Started export task: fire_253_dynamic_2018-09-17
[2026-05-16 01:40:58] ------ Processing date=2018-09-18 ------
[2026-05-16 01:40:58] Using viirs_af_path: viirs_af_path
[2026-05-16 01:40:58] VIIRS Image Date: ['2018-09-18 00:00:00']
[2026-05-16 01:40:59] Weather image size: 1
[2026-05-16 01:40:59] Forecast duration: 2018-09-19 00:00:00 to 2018-09-20 00:00:00
[2026-05-16 01:40:59] Number of forecast images: 24
[2026-05-16 01:40:59] Using forecast run: 2018-09-18 18:00:00 UTC
[2026-05-16 01:41:00] Forecast Rain Available hours: [6, 7, 8, 9, 10, 11, 12, 13, 14, 15, 16, 17, 18, 19, 20, 21, 22, 23, 24, 25, 26, 27, 28, 29]
[2026-05-16 01:41:00] Valid hours for sum: [12, 18, 24, 29]
[2026-05-16 01:41:02] Drought composite end date: 2018-09-17 06:00:00
[2026-05-16 01:41:03] Land cover year: 2017
[2026-05-16 01:41:04] VIIRS Veg composite: 2018-08-13 → 2018-08-29
[2026-05-16 01:41:07] Started export task: fire_253_dynamic_2018-09-18
[2026-05-16 01:41:07] ------ Processing date=2018-09-19 ------
[2026-05-16 01:41:07] Using viirs_af_path: viirs_af_path
[2026-05-16 01:41:07] VIIRS Image Date: ['2018-09-19 00:00:00']
[2026-05-16 01:41:08] Weather image size: 1
[2026-05-16 01:41:08] Forecast duration: 2018-09-20 00:00:00 to 2018-09-21 00:00:00
[2026-05-16 01:41:09] Number of forecast images: 24
[2026-05-16 01:41:09] Using forecast run: 2018-09-19 18:00:00 UTC
[2026-05-16 01:41:09] Forecast Rain Available hours: [6, 7, 8, 9, 10, 11, 12, 13, 14, 15, 16, 17, 18, 19, 20, 21, 22, 23, 24, 25, 26, 27, 28, 29]
[2026-05-16 01:41:09] Valid hours for sum: [12, 18, 24, 29]
[2026-05-16 01:41:12] Drought composite end date: 2018-09-17 06:00:00
[2026-05-16 01:41:12] Land cover year: 2017
[2026-05-16 01:41:13] VIIRS Veg composite: 2018-08-13 → 2018-08-29
[2026-05-16 01:41:17] Started export task: fire_253_dynamic_2018-09-19
[2026-05-16 01:41:18] ------ Processing date=2018-09-20 ------
[2026-05-16 01:41:18] Using viirs_af_path: viirs_af_path
[2026-05-16 01:41:18] VIIRS Image Date: ['2018-09-20 00:00:00']
[2026-05-16 01:41:18] Weather image size: 1
[2026-05-16 01:41:18] Forecast duration: 2018-09-21 00:00:00 to 2018-09-22 00:00:00
[2026-05-16 01:41:19] Number of forecast images: 24
[2026-05-16 01:41:19] Using forecast run: 2018-09-20 18:00:00 UTC
[2026-05-16 01:41:19] Forecast Rain Available hours: [6, 7, 8, 9, 10, 11, 12, 13, 14, 15, 16, 17, 18, 19, 20, 21, 22, 23, 24, 25, 26, 27, 28, 29]
[2026-05-16 01:41:19] Valid hours for sum: [12, 18, 24, 29]
[2026-05-16 01:41:21] Drought composite end date: 2018-09-17 06:00:00
[2026-05-16 01:41:21] Land cover year: 2017
[2026-05-16 01:41:23] VIIRS Veg composite: 2018-08-13 → 2018-08-29
[2026-05-16 01:41:26] Started export task: fire_253_dynamic_2018-09-20
[2026-05-16 01:41:27] ------ Processing date=2018-09-21 ------
[2026-05-16 01:41:27] Using viirs_af_path: viirs_af_path
[2026-05-16 01:41:27] VIIRS Image Date: ['2018-09-21 00:00:00']
[2026-05-16 01:41:27] Weather image size: 1
[2026-05-16 01:41:27] Forecast duration: 2018-09-22 00:00:00 to 2018-09-23 00:00:00
[2026-05-16 01:41:28] Number of forecast images: 24
[2026-05-16 01:41:28] Using forecast run: 2018-09-21 18:00:00 UTC
[2026-05-16 01:41:28] Forecast Rain Available hours: [6, 7, 8, 9, 10, 11, 12, 13, 14, 15, 16, 17, 18, 19, 20, 21, 22, 23, 24, 25, 26, 27, 28, 29]
[2026-05-16 01:41:28] Valid hours for sum: [12, 18, 24, 29]
[2026-05-16 01:41:31] Drought composite end date: 2018-09-17 06:00:00
[2026-05-16 01:41:31] Land cover year: 2017
[2026-05-16 01:41:32] VIIRS Veg composite: 2018-08-13 → 2018-08-29
[2026-05-16 01:41:36] Started export task: fire_253_dynamic_2018-09-21
[2026-05-16 01:41:36] ------ Processing date=2018-09-22 ------
[2026-05-16 01:41:36] Using viirs_af_path: viirs_af_path
[2026-05-16 01:41:36] VIIRS Image Date: ['2018-09-22 00:00:00']
[2026-05-16 01:41:37] Weather image size: 1
[2026-05-16 01:41:37] Forecast duration: 2018-09-23 00:00:00 to 2018-09-24 00:00:00
[2026-05-16 01:41:38] Number of forecast images: 24
[2026-05-16 01:41:38] Using forecast run: 2018-09-22 18:00:00 UTC
[2026-05-16 01:41:38] Forecast Rain Available hours: [6, 7, 8, 9, 10, 11, 12, 13, 14, 15, 16, 17, 18, 19, 20, 21, 22, 23, 24, 25, 26, 27, 28, 29]
[2026-05-16 01:41:38] Valid hours for sum: [12, 18, 24, 29]
[2026-05-16 01:41:40] Drought composite end date: 2018-09-17 06:00:00
[2026-05-16 01:41:41] Land cover year: 2017
[2026-05-16 01:41:42] VIIRS Veg composite: 2018-08-13 → 2018-08-29
[2026-05-16 01:41:46] Started export task: fire_253_dynamic_2018-09-22
[2026-05-16 01:41:47] ------ Processing date=2018-09-23 ------
[2026-05-16 01:41:47] Using viirs_af_path: viirs_af_path
[2026-05-16 01:41:47] VIIRS Image Date: ['2018-09-23 00:00:00']
[2026-05-16 01:41:47] Weather image size: 1
[2026-05-16 01:41:47] Forecast duration: 2018-09-24 00:00:00 to 2018-09-25 00:00:00
[2026-05-16 01:41:48] Number of forecast images: 24
[2026-05-16 01:41:48] Using forecast run: 2018-09-23 18:00:00 UTC
[2026-05-16 01:41:49] Forecast Rain Available hours: [6, 7, 8, 9, 10, 11, 12, 13, 14, 15, 16, 17, 18, 19, 20, 21, 22, 23, 24, 25, 26, 27, 28, 29]
[2026-05-16 01:41:49] Valid hours for sum: [12, 18, 24, 29]
[2026-05-16 01:41:51] Drought composite end date: 2018-09-22 06:00:00
[2026-05-16 01:41:51] Land cover year: 2017
[2026-05-16 01:41:52] VIIRS Veg composite: 2018-08-13 → 2018-08-29
[2026-05-16 01:41:55] Started export task: fire_253_dynamic_2018-09-23
[2026-05-16 01:41:55] ------ Processing date=2018-09-24 ------
[2026-05-16 01:41:55] Using viirs_af_path: viirs_af_path
[2026-05-16 01:41:55] VIIRS Image Date: ['2018-09-24 00:00:00']
[2026-05-16 01:41:55] Weather image size: 1
[2026-05-16 01:41:55] Forecast duration: 2018-09-25 00:00:00 to 2018-09-26 00:00:00
[2026-05-16 01:41:56] Number of forecast images: 24
[2026-05-16 01:41:56] Using forecast run: 2018-09-24 18:00:00 UTC
[2026-05-16 01:41:57] Forecast Rain Available hours: [6, 7, 8, 9, 10, 11, 12, 13, 14, 15, 16, 17, 18, 19, 20, 21, 22, 23, 24, 25, 26, 27, 28, 29]
[2026-05-16 01:41:57] Valid hours for sum: [12, 18, 24, 29]
[2026-05-16 01:41:59] Drought composite end date: 2018-09-22 06:00:00
[2026-05-16 01:41:59] Land cover year: 2017
[2026-05-16 01:42:00] VIIRS Veg composite: 2018-08-13 → 2018-08-29
[2026-05-16 01:42:04] Started export task: fire_253_dynamic_2018-09-24
[2026-05-16 01:42:05] ------ Processing date=2018-09-25 ------
[2026-05-16 01:42:05] Using viirs_af_path: viirs_af_path
[2026-05-16 01:42:05] VIIRS Image Date: ['2018-09-25 00:00:00']
[2026-05-16 01:42:05] Weather image size: 1
[2026-05-16 01:42:05] Forecast duration: 2018-09-26 00:00:00 to 2018-09-27 00:00:00
[2026-05-16 01:42:06] Number of forecast images: 24
[2026-05-16 01:42:06] Using forecast run: 2018-09-25 18:00:00 UTC
[2026-05-16 01:42:07] Forecast Rain Available hours: [6, 7, 8, 9, 10, 11, 12, 13, 14, 15, 16, 17, 18, 19, 20, 21, 22, 23, 24, 25, 26, 27, 28, 29]
[2026-05-16 01:42:07] Valid hours for sum: [12, 18, 24, 29]
[2026-05-16 01:42:08] Drought composite end date: 2018-09-22 06:00:00
[2026-05-16 01:42:09] Land cover year: 2017
[2026-05-16 01:42:10] VIIRS Veg composite: 2018-08-13 → 2018-08-29
[2026-05-16 01:42:15] Started export task: fire_253_dynamic_2018-09-25
[2026-05-16 01:42:16] ------ Processing date=2018-09-26 ------
[2026-05-16 01:42:16] Using viirs_af_path: viirs_af_path
[2026-05-16 01:42:16] VIIRS Image Date: ['2018-09-26 00:00:00']
[2026-05-16 01:42:16] Weather image size: 1
[2026-05-16 01:42:16] Forecast duration: 2018-09-27 00:00:00 to 2018-09-28 00:00:00
[2026-05-16 01:42:18] Number of forecast images: 24
[2026-05-16 01:42:18] Using forecast run: 2018-09-26 18:00:00 UTC
[2026-05-16 01:42:18] Forecast Rain Available hours: [6, 7, 8, 9, 10, 11, 12, 13, 14, 15, 16, 17, 18, 19, 20, 21, 22, 23, 24, 25, 26, 27, 28, 29]
[2026-05-16 01:42:18] Valid hours for sum: [12, 18, 24, 29]
[2026-05-16 01:42:21] Drought composite end date: 2018-09-22 06:00:00
[2026-05-16 01:42:21] Land cover year: 2017
[2026-05-16 01:42:22] VIIRS Veg composite: 2018-08-13 → 2018-08-29
[2026-05-16 01:42:27] Started export task: fire_253_dynamic_2018-09-26
[2026-05-16 01:42:28] ------ Processing date=2018-09-27 ------
[2026-05-16 01:42:28] Using viirs_af_path: viirs_af_path
[2026-05-16 01:42:28] VIIRS Image Date: ['2018-09-27 00:00:00']
[2026-05-16 01:42:28] Weather image size: 1
[2026-05-16 01:42:28] Forecast duration: 2018-09-28 00:00:00 to 2018-09-29 00:00:00
[2026-05-16 01:42:29] Number of forecast images: 24
[2026-05-16 01:42:29] Using forecast run: 2018-09-27 18:00:00 UTC
[2026-05-16 01:42:30] Forecast Rain Available hours: [6, 7, 8, 9, 10, 11, 12, 13, 14, 15, 16, 17, 18, 19, 20, 21, 22, 23, 24, 25, 26, 27, 28, 29]
[2026-05-16 01:42:30] Valid hours for sum: [12, 18, 24, 29]
[2026-05-16 01:42:32] Drought composite end date: 2018-09-22 06:00:00
[2026-05-16 01:42:32] Land cover year: 2017
[2026-05-16 01:42:33] VIIRS Veg composite: 2018-08-13 → 2018-08-29
[2026-05-16 01:42:37] Started export task: fire_253_dynamic_2018-09-27
[2026-05-16 01:42:38] END: ----------Event fire_253----------- (Duration: 7.01m)
[2026-05-16 01:42:38] START: ----------Event fire_254-----------
[2026-05-16 01:42:38] ------ Processing date=2018-08-26 ------
[2026-05-16 01:42:38] Using viirs_af_path: viirs_af_path
[2026-05-16 01:42:39] VIIRS Image Date: ['2018-08-26 00:00:00']
[2026-05-16 01:42:39] Weather image size: 1
[2026-05-16 01:42:39] Forecast duration: 2018-08-27 00:00:00 to 2018-08-28 00:00:00
[2026-05-16 01:42:40] Number of forecast images: 24
[2026-05-16 01:42:40] Using forecast run: 2018-08-26 18:00:00 UTC
[2026-05-16 01:42:40] Forecast Rain Available hours: [6, 7, 8, 9, 10, 11, 12, 13, 14, 15, 16, 17, 18, 19, 20, 21, 22, 23, 24, 25, 26, 27, 28, 29]
[2026-05-16 01:42:40] Valid hours for sum: [12, 18, 24, 29]
[2026-05-16 01:42:42] Drought composite end date: 2018-08-23 06:00:00
[2026-05-16 01:42:43] Land cover year: 2017
[2026-05-16 01:42:44] VIIRS Veg composite: 2018-08-13 → 2018-08-29
[2026-05-16 01:42:48] Started export task: fire_254_static
[2026-05-16 01:42:48] Started export task: fire_254_dynamic_2018-08-26
[2026-05-16 01:42:49] ------ Processing date=2018-08-27 ------
[2026-05-16 01:42:49] Using viirs_af_path: viirs_af_path
[2026-05-16 01:42:50] VIIRS Image Date: ['2018-08-27 00:00:00']
[2026-05-16 01:42:50] Weather image size: 1
[2026-05-16 01:42:50] Forecast duration: 2018-08-28 00:00:00 to 2018-08-29 00:00:00
[2026-05-16 01:42:51] Number of forecast images: 24
[2026-05-16 01:42:51] Using forecast run: 2018-08-27 18:00:00 UTC
[2026-05-16 01:42:51] Forecast Rain Available hours: [6, 7, 8, 9, 10, 11, 12, 13, 14, 15, 16, 17, 18, 19, 20, 21, 22, 23, 24, 25, 26, 27, 28, 29]
[2026-05-16 01:42:51] Valid hours for sum: [12, 18, 24, 29]
[2026-05-16 01:42:53] Drought composite end date: 2018-08-23 06:00:00
[2026-05-16 01:42:53] Land cover year: 2017
[2026-05-16 01:42:55] VIIRS Veg composite: 2018-08-13 → 2018-08-29
[2026-05-16 01:42:58] Started export task: fire_254_dynamic_2018-08-27
[2026-05-16 01:42:59] ------ Processing date=2018-08-28 ------
[2026-05-16 01:42:59] Using viirs_af_path: viirs_af_path
[2026-05-16 01:43:00] VIIRS Image Date: ['2018-08-28 00:00:00']
[2026-05-16 01:43:00] Weather image size: 1
[2026-05-16 01:43:00] Forecast duration: 2018-08-29 00:00:00 to 2018-08-30 00:00:00
[2026-05-16 01:43:01] Number of forecast images: 24
[2026-05-16 01:43:01] Using forecast run: 2018-08-28 18:00:00 UTC
[2026-05-16 01:43:02] Forecast Rain Available hours: [6, 7, 8, 9, 10, 11, 12, 13, 14, 15, 16, 17, 18, 19, 20, 21, 22, 23, 24, 25, 26, 27, 28, 29]
[2026-05-16 01:43:02] Valid hours for sum: [12, 18, 24, 29]
[2026-05-16 01:43:04] Drought composite end date: 2018-08-23 06:00:00
[2026-05-16 01:43:04] Land cover year: 2017
[2026-05-16 01:43:06] VIIRS Veg composite: 2018-08-13 → 2018-08-29
[2026-05-16 01:43:11] Started export task: fire_254_dynamic_2018-08-28
[2026-05-16 01:43:12] ------ Processing date=2018-08-29 ------
[2026-05-16 01:43:12] Using viirs_af_path: viirs_af_path
[2026-05-16 01:43:12] VIIRS Image Date: ['2018-08-29 00:00:00']
[2026-05-16 01:43:12] Weather image size: 1
[2026-05-16 01:43:12] Forecast duration: 2018-08-30 00:00:00 to 2018-08-31 00:00:00
[2026-05-16 01:43:13] Number of forecast images: 24
[2026-05-16 01:43:13] Using forecast run: 2018-08-29 18:00:00 UTC
[2026-05-16 01:43:13] Forecast Rain Available hours: [6, 7, 8, 9, 10, 11, 12, 13, 14, 15, 16, 17, 18, 19, 20, 21, 22, 23, 24, 25, 26, 27, 28, 29]
[2026-05-16 01:43:13] Valid hours for sum: [12, 18, 24, 29]
[2026-05-16 01:43:15] Drought composite end date: 2018-08-28 06:00:00
[2026-05-16 01:43:15] Land cover year: 2017
[2026-05-16 01:43:16] VIIRS Veg composite: 2018-08-13 → 2018-08-29
[2026-05-16 01:43:19] Started export task: fire_254_dynamic_2018-08-29
[2026-05-16 01:43:20] ------ Processing date=2018-08-30 ------
[2026-05-16 01:43:20] Using viirs_af_path: viirs_af_path
[2026-05-16 01:43:21] VIIRS Image Date: ['2018-08-30 00:00:00']
[2026-05-16 01:43:21] Weather image size: 1
[2026-05-16 01:43:21] Forecast duration: 2018-08-31 00:00:00 to 2018-09-01 00:00:00
[2026-05-16 01:43:22] Number of forecast images: 24
[2026-05-16 01:43:22] Using forecast run: 2018-08-30 18:00:00 UTC
[2026-05-16 01:43:23] Forecast Rain Available hours: [6, 7, 8, 9, 10, 11, 12, 13, 14, 15, 16, 17, 18, 19, 20, 21, 22, 23, 24, 25, 26, 27, 28, 29]
[2026-05-16 01:43:23] Valid hours for sum: [12, 18, 24, 29]
[2026-05-16 01:43:26] Drought composite end date: 2018-08-28 06:00:00
[2026-05-16 01:43:26] Land cover year: 2017
[2026-05-16 01:43:27] VIIRS Veg composite: 2018-08-13 → 2018-08-29
[2026-05-16 01:43:30] Started export task: fire_254_dynamic_2018-08-30
[2026-05-16 01:43:30] ------ Processing date=2018-08-31 ------
[2026-05-16 01:43:30] Using viirs_af_path: viirs_af_path
[2026-05-16 01:43:31] VIIRS Image Date: ['2018-08-31 00:00:00']
[2026-05-16 01:43:31] Weather image size: 1
[2026-05-16 01:43:31] Forecast duration: 2018-09-01 00:00:00 to 2018-09-02 00:00:00
[2026-05-16 01:43:32] Number of forecast images: 24
[2026-05-16 01:43:32] Using forecast run: 2018-08-31 18:00:00 UTC
[2026-05-16 01:43:32] Forecast Rain Available hours: [6, 7, 8, 9, 10, 11, 12, 13, 14, 15, 16, 17, 18, 19, 20, 21, 22, 23, 24, 25, 26, 27, 28, 29]
[2026-05-16 01:43:32] Valid hours for sum: [12, 18, 24, 29]
[2026-05-16 01:43:36] Drought composite end date: 2018-08-28 06:00:00
[2026-05-16 01:43:36] Land cover year: 2017
[2026-05-16 01:43:37] VIIRS Veg composite: 2018-08-13 → 2018-08-29
[2026-05-16 01:43:42] Started export task: fire_254_dynamic_2018-08-31
[2026-05-16 01:43:42] ------ Processing date=2018-09-01 ------
[2026-05-16 01:43:42] Using viirs_af_path: viirs_af_path
[2026-05-16 01:43:43] VIIRS Image Date: ['2018-09-01 00:00:00']
[2026-05-16 01:43:43] Weather image size: 1
[2026-05-16 01:43:43] Forecast duration: 2018-09-02 00:00:00 to 2018-09-03 00:00:00
[2026-05-16 01:43:44] Number of forecast images: 24
[2026-05-16 01:43:44] Using forecast run: 2018-09-01 18:00:00 UTC
[2026-05-16 01:43:44] Forecast Rain Available hours: [6, 7, 8, 9, 10, 11, 12, 13, 14, 15, 16, 17, 18, 19, 20, 21, 22, 23, 24, 25, 26, 27, 28, 29]
[2026-05-16 01:43:44] Valid hours for sum: [12, 18, 24, 29]
[2026-05-16 01:43:47] Drought composite end date: 2018-08-28 06:00:00
[2026-05-16 01:43:47] Land cover year: 2017
[2026-05-16 01:43:48] VIIRS Veg composite: 2018-08-13 → 2018-08-29
[2026-05-16 01:43:51] Started export task: fire_254_dynamic_2018-09-01
[2026-05-16 01:43:52] ------ Processing date=2018-09-02 ------
[2026-05-16 01:43:52] Using viirs_af_path: viirs_af_path
[2026-05-16 01:43:52] VIIRS Image Date: ['2018-09-02 00:00:00']
[2026-05-16 01:43:52] Weather image size: 1
[2026-05-16 01:43:52] Forecast duration: 2018-09-03 00:00:00 to 2018-09-04 00:00:00
[2026-05-16 01:43:53] Number of forecast images: 24
[2026-05-16 01:43:53] Using forecast run: 2018-09-02 18:00:00 UTC
[2026-05-16 01:43:54] Forecast Rain Available hours: [6, 7, 8, 9, 10, 11, 12, 13, 14, 15, 16, 17, 18, 19, 20, 21, 22, 23, 24, 25, 26, 27, 28, 29]
[2026-05-16 01:43:54] Valid hours for sum: [12, 18, 24, 29]
[2026-05-16 01:43:55] Drought composite end date: 2018-08-28 06:00:00
[2026-05-16 01:43:55] Land cover year: 2017
[2026-05-16 01:43:56] VIIRS Veg composite: 2018-08-13 → 2018-08-29
[2026-05-16 01:43:59] Started export task: fire_254_dynamic_2018-09-02
[2026-05-16 01:43:59] ------ Processing date=2018-09-03 ------
[2026-05-16 01:43:59] Using viirs_af_path: viirs_af_path
[2026-05-16 01:43:59] VIIRS Image Date: ['2018-09-03 00:00:00']
[2026-05-16 01:44:00] Weather image size: 1
[2026-05-16 01:44:00] Forecast duration: 2018-09-04 00:00:00 to 2018-09-05 00:00:00
[2026-05-16 01:44:01] Number of forecast images: 24
[2026-05-16 01:44:01] Using forecast run: 2018-09-03 18:00:00 UTC
[2026-05-16 01:44:01] Forecast Rain Available hours: [6, 7, 8, 9, 10, 11, 12, 13, 14, 15, 16, 17, 18, 19, 20, 21, 22, 23, 24, 25, 26, 27, 28, 29]
[2026-05-16 01:44:01] Valid hours for sum: [12, 18, 24, 29]
[2026-05-16 01:44:04] Drought composite end date: 2018-09-02 06:00:00
[2026-05-16 01:44:04] Land cover year: 2017
[2026-05-16 01:44:05] VIIRS Veg composite: 2018-08-13 → 2018-08-29
[2026-05-16 01:44:09] Started export task: fire_254_dynamic_2018-09-03
[2026-05-16 01:44:09] ------ Processing date=2018-09-04 ------
[2026-05-16 01:44:09] Using viirs_af_path: viirs_af_path
[2026-05-16 01:44:10] VIIRS Image Date: ['2018-09-04 00:00:00']
[2026-05-16 01:44:10] Weather image size: 1
[2026-05-16 01:44:10] Forecast duration: 2018-09-05 00:00:00 to 2018-09-06 00:00:00
[2026-05-16 01:44:11] Number of forecast images: 24
[2026-05-16 01:44:11] Using forecast run: 2018-09-04 18:00:00 UTC
[2026-05-16 01:44:11] Forecast Rain Available hours: [6, 7, 8, 9, 10, 11, 12, 13, 14, 15, 16, 17, 18, 19, 20, 21, 22, 23, 24, 25, 26, 27, 28, 29]
[2026-05-16 01:44:11] Valid hours for sum: [12, 18, 24, 29]
[2026-05-16 01:44:13] Drought composite end date: 2018-09-02 06:00:00
[2026-05-16 01:44:13] Land cover year: 2017
[2026-05-16 01:44:14] VIIRS Veg composite: 2018-08-13 → 2018-08-29
[2026-05-16 01:44:19] Started export task: fire_254_dynamic_2018-09-04
[2026-05-16 01:44:19] ------ Processing date=2018-09-05 ------
[2026-05-16 01:44:19] Using viirs_af_path: viirs_af_path
[2026-05-16 01:44:20] VIIRS Image Date: ['2018-09-05 00:00:00']
[2026-05-16 01:44:20] Weather image size: 1
[2026-05-16 01:44:20] Forecast duration: 2018-09-06 00:00:00 to 2018-09-07 00:00:00
[2026-05-16 01:44:21] Number of forecast images: 24
[2026-05-16 01:44:21] Using forecast run: 2018-09-05 18:00:00 UTC
[2026-05-16 01:44:21] Forecast Rain Available hours: [6, 7, 8, 9, 10, 11, 12, 13, 14, 15, 16, 17, 18, 19, 20, 21, 22, 23, 24, 25, 26, 27, 28, 29]
[2026-05-16 01:44:21] Valid hours for sum: [12, 18, 24, 29]
[2026-05-16 01:44:23] Drought composite end date: 2018-09-02 06:00:00
[2026-05-16 01:44:24] Land cover year: 2017
[2026-05-16 01:44:25] VIIRS Veg composite: 2018-08-13 → 2018-08-29
[2026-05-16 01:44:29] Started export task: fire_254_dynamic_2018-09-05
[2026-05-16 01:44:29] ------ Processing date=2018-09-06 ------
[2026-05-16 01:44:29] Using viirs_af_path: viirs_af_path
[2026-05-16 01:44:29] VIIRS Image Date: ['2018-09-06 00:00:00']
[2026-05-16 01:44:29] Weather image size: 1
[2026-05-16 01:44:29] Forecast duration: 2018-09-07 00:00:00 to 2018-09-08 00:00:00
[2026-05-16 01:44:30] Number of forecast images: 24
[2026-05-16 01:44:30] Using forecast run: 2018-09-06 18:00:00 UTC
[2026-05-16 01:44:31] Forecast Rain Available hours: [6, 7, 8, 9, 10, 11, 12, 13, 14, 15, 16, 17, 18, 19, 20, 21, 22, 23, 24, 25, 26, 27, 28, 29]
[2026-05-16 01:44:31] Valid hours for sum: [12, 18, 24, 29]
[2026-05-16 01:44:32] Drought composite end date: 2018-09-02 06:00:00
[2026-05-16 01:44:32] Land cover year: 2017
[2026-05-16 01:44:34] VIIRS Veg composite: 2018-08-13 → 2018-08-29
[2026-05-16 01:44:37] Started export task: fire_254_dynamic_2018-09-06
[2026-05-16 01:44:37] ------ Processing date=2018-09-07 ------
[2026-05-16 01:44:37] Using viirs_af_path: viirs_af_path
[2026-05-16 01:44:38] VIIRS Image Date: ['2018-09-07 00:00:00']
[2026-05-16 01:44:38] Weather image size: 1
[2026-05-16 01:44:38] Forecast duration: 2018-09-08 00:00:00 to 2018-09-09 00:00:00
[2026-05-16 01:44:39] Number of forecast images: 24
[2026-05-16 01:44:39] Using forecast run: 2018-09-07 18:00:00 UTC
[2026-05-16 01:44:39] Forecast Rain Available hours: [6, 7, 8, 9, 10, 11, 12, 13, 14, 15, 16, 17, 18, 19, 20, 21, 22, 23, 24, 25, 26, 27, 28, 29]
[2026-05-16 01:44:39] Valid hours for sum: [12, 18, 24, 29]
[2026-05-16 01:44:41] Drought composite end date: 2018-09-02 06:00:00
[2026-05-16 01:44:41] Land cover year: 2017
[2026-05-16 01:44:42] VIIRS Veg composite: 2018-08-13 → 2018-08-29
[2026-05-16 01:44:46] Started export task: fire_254_dynamic_2018-09-07
[2026-05-16 01:44:47] ------ Processing date=2018-09-08 ------
[2026-05-16 01:44:47] Using viirs_af_path: viirs_af_path
[2026-05-16 01:44:47] VIIRS Image Date: ['2018-09-08 00:00:00']
[2026-05-16 01:44:47] Weather image size: 1
[2026-05-16 01:44:47] Forecast duration: 2018-09-09 00:00:00 to 2018-09-10 00:00:00
[2026-05-16 01:44:48] Number of forecast images: 24
[2026-05-16 01:44:48] Using forecast run: 2018-09-08 18:00:00 UTC
[2026-05-16 01:44:48] Forecast Rain Available hours: [6, 7, 8, 9, 10, 11, 12, 13, 14, 15, 16, 17, 18, 19, 20, 21, 22, 23, 24, 25, 26, 27, 28, 29]
[2026-05-16 01:44:48] Valid hours for sum: [12, 18, 24, 29]
[2026-05-16 01:44:52] Drought composite end date: 2018-09-07 06:00:00
[2026-05-16 01:44:52] Land cover year: 2017
[2026-05-16 01:44:53] VIIRS Veg composite: 2018-08-13 → 2018-08-29
[2026-05-16 01:44:57] Started export task: fire_254_dynamic_2018-09-08
[2026-05-16 01:44:57] ------ Processing date=2018-09-09 ------
[2026-05-16 01:44:57] Using viirs_af_path: viirs_af_path
[2026-05-16 01:44:57] VIIRS Image Date: ['2018-09-09 00:00:00']
[2026-05-16 01:44:57] Weather image size: 1
[2026-05-16 01:44:57] Forecast duration: 2018-09-10 00:00:00 to 2018-09-11 00:00:00
[2026-05-16 01:44:58] Number of forecast images: 24
[2026-05-16 01:44:58] Using forecast run: 2018-09-09 18:00:00 UTC
[2026-05-16 01:44:59] Forecast Rain Available hours: [6, 7, 8, 9, 10, 11, 12, 13, 14, 15, 16, 17, 18, 19, 20, 21, 22, 23, 24, 25, 26, 27, 28, 29]
[2026-05-16 01:44:59] Valid hours for sum: [12, 18, 24, 29]
[2026-05-16 01:45:00] Drought composite end date: 2018-09-07 06:00:00
[2026-05-16 01:45:00] Land cover year: 2017
[2026-05-16 01:45:01] VIIRS Veg composite: 2018-08-13 → 2018-08-29
[2026-05-16 01:45:06] Started export task: fire_254_dynamic_2018-09-09
[2026-05-16 01:45:06] ------ Processing date=2018-09-10 ------
[2026-05-16 01:45:06] Using viirs_af_path: viirs_af_path
[2026-05-16 01:45:07] VIIRS Image Date: ['2018-09-10 00:00:00']
[2026-05-16 01:45:07] Weather image size: 1
[2026-05-16 01:45:07] Forecast duration: 2018-09-11 00:00:00 to 2018-09-12 00:00:00
[2026-05-16 01:45:08] Number of forecast images: 24
[2026-05-16 01:45:08] Using forecast run: 2018-09-10 18:00:00 UTC
[2026-05-16 01:45:08] Forecast Rain Available hours: [6, 7, 8, 9, 10, 11, 12, 13, 14, 15, 16, 17, 18, 19, 20, 21, 22, 23, 24, 25, 26, 27, 28, 29]
[2026-05-16 01:45:08] Valid hours for sum: [12, 18, 24, 29]
[2026-05-16 01:45:11] Drought composite end date: 2018-09-07 06:00:00
[2026-05-16 01:45:11] Land cover year: 2017
[2026-05-16 01:45:12] VIIRS Veg composite: 2018-08-13 → 2018-08-29
[2026-05-16 01:45:16] Started export task: fire_254_dynamic_2018-09-10
[2026-05-16 01:45:16] ------ Processing date=2018-09-11 ------
[2026-05-16 01:45:16] Using viirs_af_path: viirs_af_path
[2026-05-16 01:45:16] VIIRS Image Date: ['2018-09-11 00:00:00']
[2026-05-16 01:45:17] Weather image size: 1
[2026-05-16 01:45:17] Forecast duration: 2018-09-12 00:00:00 to 2018-09-13 00:00:00
[2026-05-16 01:45:17] Number of forecast images: 24
[2026-05-16 01:45:17] Using forecast run: 2018-09-11 18:00:00 UTC
[2026-05-16 01:45:18] Forecast Rain Available hours: [6, 7, 8, 9, 10, 11, 12, 13, 14, 15, 16, 17, 18, 19, 20, 21, 22, 23, 24, 25, 26, 27, 28, 29]
[2026-05-16 01:45:18] Valid hours for sum: [12, 18, 24, 29]
[2026-05-16 01:45:20] Drought composite end date: 2018-09-07 06:00:00
[2026-05-16 01:45:21] Land cover year: 2017
[2026-05-16 01:45:22] VIIRS Veg composite: 2018-08-13 → 2018-08-29
[2026-05-16 01:45:26] Started export task: fire_254_dynamic_2018-09-11
[2026-05-16 01:45:26] ------ Processing date=2018-09-12 ------
[2026-05-16 01:45:26] Using viirs_af_path: viirs_af_path
[2026-05-16 01:45:26] VIIRS Image Date: ['2018-09-12 00:00:00']
[2026-05-16 01:45:27] Weather image size: 1
[2026-05-16 01:45:27] Forecast duration: 2018-09-13 00:00:00 to 2018-09-14 00:00:00
[2026-05-16 01:45:28] Number of forecast images: 24
[2026-05-16 01:45:28] Using forecast run: 2018-09-12 18:00:00 UTC
[2026-05-16 01:45:28] Forecast Rain Available hours: [6, 7, 8, 9, 10, 11, 12, 13, 14, 15, 16, 17, 18, 19, 20, 21, 22, 23, 24, 25, 26, 27, 28, 29]
[2026-05-16 01:45:28] Valid hours for sum: [12, 18, 24, 29]
[2026-05-16 01:45:30] Drought composite end date: 2018-09-07 06:00:00
[2026-05-16 01:45:30] Land cover year: 2017
[2026-05-16 01:45:31] VIIRS Veg composite: 2018-08-13 → 2018-08-29
[2026-05-16 01:45:34] Started export task: fire_254_dynamic_2018-09-12
[2026-05-16 01:45:34] END: ----------Event fire_254----------- (Duration: 2.94m)
[2026-05-16 01:45:34] START: ----------Event fire_255-----------
[2026-05-16 01:45:34] ------ Processing date=2018-08-26 ------
[2026-05-16 01:45:34] Using viirs_af_path: viirs_af_path
[2026-05-16 01:45:34] VIIRS Image Date: ['2018-08-26 00:00:00']
[2026-05-16 01:45:35] Weather image size: 1
[2026-05-16 01:45:35] Forecast duration: 2018-08-27 00:00:00 to 2018-08-28 00:00:00
[2026-05-16 01:45:36] Number of forecast images: 24
[2026-05-16 01:45:36] Using forecast run: 2018-08-26 18:00:00 UTC
[2026-05-16 01:45:36] Forecast Rain Available hours: [6, 7, 8, 9, 10, 11, 12, 13, 14, 15, 16, 17, 18, 19, 20, 21, 22, 23, 24, 25, 26, 27, 28, 29]
[2026-05-16 01:45:36] Valid hours for sum: [12, 18, 24, 29]
[2026-05-16 01:45:38] Drought composite end date: 2018-08-23 06:00:00
[2026-05-16 01:45:39] Land cover year: 2017
[2026-05-16 01:45:39] VIIRS Veg composite: 2018-08-13 → 2018-08-29
[2026-05-16 01:45:44] Started export task: fire_255_static
[2026-05-16 01:45:44] Started export task: fire_255_dynamic_2018-08-26
[2026-05-16 01:45:45] ------ Processing date=2018-08-27 ------
[2026-05-16 01:45:45] Using viirs_af_path: viirs_af_path
[2026-05-16 01:45:45] VIIRS Image Date: ['2018-08-27 00:00:00']
[2026-05-16 01:45:46] Weather image size: 1
[2026-05-16 01:45:46] Forecast duration: 2018-08-28 00:00:00 to 2018-08-29 00:00:00
[2026-05-16 01:45:46] Number of forecast images: 24
[2026-05-16 01:45:46] Using forecast run: 2018-08-27 18:00:00 UTC
[2026-05-16 01:45:47] Forecast Rain Available hours: [6, 7, 8, 9, 10, 11, 12, 13, 14, 15, 16, 17, 18, 19, 20, 21, 22, 23, 24, 25, 26, 27, 28, 29]
[2026-05-16 01:45:47] Valid hours for sum: [12, 18, 24, 29]
[2026-05-16 01:45:49] Drought composite end date: 2018-08-23 06:00:00
[2026-05-16 01:45:49] Land cover year: 2017
[2026-05-16 01:45:50] VIIRS Veg composite: 2018-08-13 → 2018-08-29
[2026-05-16 01:45:55] Started export task: fire_255_dynamic_2018-08-27
[2026-05-16 01:45:55] ------ Processing date=2018-08-28 ------
[2026-05-16 01:45:55] Using viirs_af_path: viirs_af_path
[2026-05-16 01:45:55] VIIRS Image Date: ['2018-08-28 00:00:00']
[2026-05-16 01:45:55] Weather image size: 1
[2026-05-16 01:45:55] Forecast duration: 2018-08-29 00:00:00 to 2018-08-30 00:00:00
[2026-05-16 01:45:56] Number of forecast images: 24
[2026-05-16 01:45:56] Using forecast run: 2018-08-28 18:00:00 UTC
[2026-05-16 01:45:56] Forecast Rain Available hours: [6, 7, 8, 9, 10, 11, 12, 13, 14, 15, 16, 17, 18, 19, 20, 21, 22, 23, 24, 25, 26, 27, 28, 29]
[2026-05-16 01:45:56] Valid hours for sum: [12, 18, 24, 29]
[2026-05-16 01:45:59] Drought composite end date: 2018-08-23 06:00:00
[2026-05-16 01:45:59] Land cover year: 2017
[2026-05-16 01:46:00] VIIRS Veg composite: 2018-08-13 → 2018-08-29
[2026-05-16 01:46:04] Started export task: fire_255_dynamic_2018-08-28
[2026-05-16 01:46:04] ------ Processing date=2018-08-29 ------
[2026-05-16 01:46:04] Using viirs_af_path: viirs_af_path
[2026-05-16 01:46:04] VIIRS Image Date: ['2018-08-29 00:00:00']
[2026-05-16 01:46:05] Weather image size: 1
[2026-05-16 01:46:05] Forecast duration: 2018-08-30 00:00:00 to 2018-08-31 00:00:00
[2026-05-16 01:46:05] Number of forecast images: 24
[2026-05-16 01:46:05] Using forecast run: 2018-08-29 18:00:00 UTC
[2026-05-16 01:46:06] Forecast Rain Available hours: [6, 7, 8, 9, 10, 11, 12, 13, 14, 15, 16, 17, 18, 19, 20, 21, 22, 23, 24, 25, 26, 27, 28, 29]
[2026-05-16 01:46:06] Valid hours for sum: [12, 18, 24, 29]
[2026-05-16 01:46:07] Drought composite end date: 2018-08-28 06:00:00
[2026-05-16 01:46:07] Land cover year: 2017
[2026-05-16 01:46:08] VIIRS Veg composite: 2018-08-13 → 2018-08-29
[2026-05-16 01:46:12] Started export task: fire_255_dynamic_2018-08-29
[2026-05-16 01:46:12] ------ Processing date=2018-08-30 ------
[2026-05-16 01:46:12] Using viirs_af_path: viirs_af_path
[2026-05-16 01:46:12] VIIRS Image Date: ['2018-08-30 00:00:00']
[2026-05-16 01:46:13] Weather image size: 1
[2026-05-16 01:46:13] Forecast duration: 2018-08-31 00:00:00 to 2018-09-01 00:00:00
[2026-05-16 01:46:13] Number of forecast images: 24
[2026-05-16 01:46:13] Using forecast run: 2018-08-30 18:00:00 UTC
[2026-05-16 01:46:14] Forecast Rain Available hours: [6, 7, 8, 9, 10, 11, 12, 13, 14, 15, 16, 17, 18, 19, 20, 21, 22, 23, 24, 25, 26, 27, 28, 29]
[2026-05-16 01:46:14] Valid hours for sum: [12, 18, 24, 29]
[2026-05-16 01:46:17] Drought composite end date: 2018-08-28 06:00:00
[2026-05-16 01:46:17] Land cover year: 2017
[2026-05-16 01:46:19] VIIRS Veg composite: 2018-08-13 → 2018-08-29
[2026-05-16 01:46:23] Started export task: fire_255_dynamic_2018-08-30
[2026-05-16 01:46:23] ------ Processing date=2018-08-31 ------
[2026-05-16 01:46:23] Using viirs_af_path: viirs_af_path
[2026-05-16 01:46:23] VIIRS Image Date: ['2018-08-31 00:00:00']
[2026-05-16 01:46:23] Weather image size: 1
[2026-05-16 01:46:23] Forecast duration: 2018-09-01 00:00:00 to 2018-09-02 00:00:00
[2026-05-16 01:46:24] Number of forecast images: 24
[2026-05-16 01:46:24] Using forecast run: 2018-08-31 18:00:00 UTC
[2026-05-16 01:46:25] Forecast Rain Available hours: [6, 7, 8, 9, 10, 11, 12, 13, 14, 15, 16, 17, 18, 19, 20, 21, 22, 23, 24, 25, 26, 27, 28, 29]
[2026-05-16 01:46:25] Valid hours for sum: [12, 18, 24, 29]
[2026-05-16 01:46:27] Drought composite end date: 2018-08-28 06:00:00
[2026-05-16 01:46:28] Land cover year: 2017
[2026-05-16 01:46:28] VIIRS Veg composite: 2018-08-13 → 2018-08-29
[2026-05-16 01:46:32] Started export task: fire_255_dynamic_2018-08-31
[2026-05-16 01:46:32] ------ Processing date=2018-09-01 ------
[2026-05-16 01:46:32] Using viirs_af_path: viirs_af_path
[2026-05-16 01:46:33] VIIRS Image Date: ['2018-09-01 00:00:00']
[2026-05-16 01:46:33] Weather image size: 1
[2026-05-16 01:46:33] Forecast duration: 2018-09-02 00:00:00 to 2018-09-03 00:00:00
[2026-05-16 01:46:34] Number of forecast images: 24
[2026-05-16 01:46:34] Using forecast run: 2018-09-01 18:00:00 UTC
[2026-05-16 01:46:34] Forecast Rain Available hours: [6, 7, 8, 9, 10, 11, 12, 13, 14, 15, 16, 17, 18, 19, 20, 21, 22, 23, 24, 25, 26, 27, 28, 29]
[2026-05-16 01:46:34] Valid hours for sum: [12, 18, 24, 29]
[2026-05-16 01:46:36] Drought composite end date: 2018-08-28 06:00:00
[2026-05-16 01:46:37] Land cover year: 2017
[2026-05-16 01:46:37] VIIRS Veg composite: 2018-08-13 → 2018-08-29
[2026-05-16 01:46:42] Started export task: fire_255_dynamic_2018-09-01
[2026-05-16 01:46:42] ------ Processing date=2018-09-02 ------
[2026-05-16 01:46:42] Using viirs_af_path: viirs_af_path
[2026-05-16 01:46:42] VIIRS Image Date: ['2018-09-02 00:00:00']
[2026-05-16 01:46:43] Weather image size: 1
[2026-05-16 01:46:43] Forecast duration: 2018-09-03 00:00:00 to 2018-09-04 00:00:00
[2026-05-16 01:46:43] Number of forecast images: 24
[2026-05-16 01:46:43] Using forecast run: 2018-09-02 18:00:00 UTC
[2026-05-16 01:46:44] Forecast Rain Available hours: [6, 7, 8, 9, 10, 11, 12, 13, 14, 15, 16, 17, 18, 19, 20, 21, 22, 23, 24, 25, 26, 27, 28, 29]
[2026-05-16 01:46:44] Valid hours for sum: [12, 18, 24, 29]
[2026-05-16 01:46:47] Drought composite end date: 2018-08-28 06:00:00
[2026-05-16 01:46:47] Land cover year: 2017
[2026-05-16 01:46:48] VIIRS Veg composite: 2018-08-13 → 2018-08-29
[2026-05-16 01:46:52] Started export task: fire_255_dynamic_2018-09-02
[2026-05-16 01:46:52] ------ Processing date=2018-09-03 ------
[2026-05-16 01:46:52] Using viirs_af_path: viirs_af_path
[2026-05-16 01:46:52] VIIRS Image Date: ['2018-09-03 00:00:00']
[2026-05-16 01:46:53] Weather image size: 1
[2026-05-16 01:46:53] Forecast duration: 2018-09-04 00:00:00 to 2018-09-05 00:00:00
[2026-05-16 01:46:53] Number of forecast images: 24
[2026-05-16 01:46:53] Using forecast run: 2018-09-03 18:00:00 UTC
[2026-05-16 01:46:54] Forecast Rain Available hours: [6, 7, 8, 9, 10, 11, 12, 13, 14, 15, 16, 17, 18, 19, 20, 21, 22, 23, 24, 25, 26, 27, 28, 29]
[2026-05-16 01:46:54] Valid hours for sum: [12, 18, 24, 29]
[2026-05-16 01:46:56] Drought composite end date: 2018-09-02 06:00:00
[2026-05-16 01:46:57] Land cover year: 2017
[2026-05-16 01:46:57] VIIRS Veg composite: 2018-08-13 → 2018-08-29
[2026-05-16 01:47:01] Started export task: fire_255_dynamic_2018-09-03
[2026-05-16 01:47:02] ------ Processing date=2018-09-04 ------
[2026-05-16 01:47:02] Using viirs_af_path: viirs_af_path
[2026-05-16 01:47:02] VIIRS Image Date: ['2018-09-04 00:00:00']
[2026-05-16 01:47:02] Weather image size: 1
[2026-05-16 01:47:02] Forecast duration: 2018-09-05 00:00:00 to 2018-09-06 00:00:00
[2026-05-16 01:47:03] Number of forecast images: 24
[2026-05-16 01:47:03] Using forecast run: 2018-09-04 18:00:00 UTC
[2026-05-16 01:47:03] Forecast Rain Available hours: [6, 7, 8, 9, 10, 11, 12, 13, 14, 15, 16, 17, 18, 19, 20, 21, 22, 23, 24, 25, 26, 27, 28, 29]
[2026-05-16 01:47:03] Valid hours for sum: [12, 18, 24, 29]
[2026-05-16 01:47:06] Drought composite end date: 2018-09-02 06:00:00
[2026-05-16 01:47:06] Land cover year: 2017
[2026-05-16 01:47:07] VIIRS Veg composite: 2018-08-13 → 2018-08-29
[2026-05-16 01:47:11] Started export task: fire_255_dynamic_2018-09-04
[2026-05-16 01:47:11] ------ Processing date=2018-09-05 ------
[2026-05-16 01:47:11] Using viirs_af_path: viirs_af_path
[2026-05-16 01:47:12] VIIRS Image Date: ['2018-09-05 00:00:00']
[2026-05-16 01:47:12] Weather image size: 1
[2026-05-16 01:47:12] Forecast duration: 2018-09-06 00:00:00 to 2018-09-07 00:00:00
[2026-05-16 01:47:13] Number of forecast images: 24
[2026-05-16 01:47:13] Using forecast run: 2018-09-05 18:00:00 UTC
[2026-05-16 01:47:13] Forecast Rain Available hours: [6, 7, 8, 9, 10, 11, 12, 13, 14, 15, 16, 17, 18, 19, 20, 21, 22, 23, 24, 25, 26, 27, 28, 29]
[2026-05-16 01:47:13] Valid hours for sum: [12, 18, 24, 29]
[2026-05-16 01:47:15] Drought composite end date: 2018-09-02 06:00:00
[2026-05-16 01:47:15] Land cover year: 2017
[2026-05-16 01:47:16] VIIRS Veg composite: 2018-08-13 → 2018-08-29
[2026-05-16 01:47:19] Started export task: fire_255_dynamic_2018-09-05
[2026-05-16 01:47:19] ------ Processing date=2018-09-06 ------
[2026-05-16 01:47:19] Using viirs_af_path: viirs_af_path
[2026-05-16 01:47:19] VIIRS Image Date: ['2018-09-06 00:00:00']
[2026-05-16 01:47:20] Weather image size: 1
[2026-05-16 01:47:20] Forecast duration: 2018-09-07 00:00:00 to 2018-09-08 00:00:00
[2026-05-16 01:47:21] Number of forecast images: 24
[2026-05-16 01:47:21] Using forecast run: 2018-09-06 18:00:00 UTC
[2026-05-16 01:47:22] Forecast Rain Available hours: [6, 7, 8, 9, 10, 11, 12, 13, 14, 15, 16, 17, 18, 19, 20, 21, 22, 23, 24, 25, 26, 27, 28, 29]
[2026-05-16 01:47:22] Valid hours for sum: [12, 18, 24, 29]
[2026-05-16 01:47:23] Drought composite end date: 2018-09-02 06:00:00
[2026-05-16 01:47:24] Land cover year: 2017
[2026-05-16 01:47:25] VIIRS Veg composite: 2018-08-13 → 2018-08-29
[2026-05-16 01:47:28] Started export task: fire_255_dynamic_2018-09-06
[2026-05-16 01:47:28] ------ Processing date=2018-09-07 ------
[2026-05-16 01:47:28] Using viirs_af_path: viirs_af_path
[2026-05-16 01:47:29] VIIRS Image Date: ['2018-09-07 00:00:00']
[2026-05-16 01:47:29] Weather image size: 1
[2026-05-16 01:47:29] Forecast duration: 2018-09-08 00:00:00 to 2018-09-09 00:00:00
[2026-05-16 01:47:30] Number of forecast images: 24
[2026-05-16 01:47:30] Using forecast run: 2018-09-07 18:00:00 UTC
[2026-05-16 01:47:30] Forecast Rain Available hours: [6, 7, 8, 9, 10, 11, 12, 13, 14, 15, 16, 17, 18, 19, 20, 21, 22, 23, 24, 25, 26, 27, 28, 29]
[2026-05-16 01:47:30] Valid hours for sum: [12, 18, 24, 29]
[2026-05-16 01:47:32] Drought composite end date: 2018-09-02 06:00:00
[2026-05-16 01:47:33] Land cover year: 2017
[2026-05-16 01:47:33] VIIRS Veg composite: 2018-08-13 → 2018-08-29
[2026-05-16 01:47:37] Started export task: fire_255_dynamic_2018-09-07
[2026-05-16 01:47:38] ------ Processing date=2018-09-08 ------
[2026-05-16 01:47:38] Using viirs_af_path: viirs_af_path
[2026-05-16 01:47:38] VIIRS Image Date: ['2018-09-08 00:00:00']
[2026-05-16 01:47:38] Weather image size: 1
[2026-05-16 01:47:38] Forecast duration: 2018-09-09 00:00:00 to 2018-09-10 00:00:00
[2026-05-16 01:47:39] Number of forecast images: 24
[2026-05-16 01:47:39] Using forecast run: 2018-09-08 18:00:00 UTC
[2026-05-16 01:47:40] Forecast Rain Available hours: [6, 7, 8, 9, 10, 11, 12, 13, 14, 15, 16, 17, 18, 19, 20, 21, 22, 23, 24, 25, 26, 27, 28, 29]
[2026-05-16 01:47:40] Valid hours for sum: [12, 18, 24, 29]
[2026-05-16 01:47:42] Drought composite end date: 2018-09-07 06:00:00
[2026-05-16 01:47:42] Land cover year: 2017
[2026-05-16 01:47:43] VIIRS Veg composite: 2018-08-13 → 2018-08-29
[2026-05-16 01:47:48] Started export task: fire_255_dynamic_2018-09-08
[2026-05-16 01:47:48] ------ Processing date=2018-09-09 ------
[2026-05-16 01:47:48] Using viirs_af_path: viirs_af_path
[2026-05-16 01:47:49] VIIRS Image Date: ['2018-09-09 00:00:00']
[2026-05-16 01:47:49] Weather image size: 1
[2026-05-16 01:47:49] Forecast duration: 2018-09-10 00:00:00 to 2018-09-11 00:00:00
[2026-05-16 01:47:50] Number of forecast images: 24
[2026-05-16 01:47:50] Using forecast run: 2018-09-09 18:00:00 UTC
[2026-05-16 01:47:50] Forecast Rain Available hours: [6, 7, 8, 9, 10, 11, 12, 13, 14, 15, 16, 17, 18, 19, 20, 21, 22, 23, 24, 25, 26, 27, 28, 29]
[2026-05-16 01:47:50] Valid hours for sum: [12, 18, 24, 29]
[2026-05-16 01:47:52] Drought composite end date: 2018-09-07 06:00:00
[2026-05-16 01:47:52] Land cover year: 2017
[2026-05-16 01:47:53] VIIRS Veg composite: 2018-08-13 → 2018-08-29
[2026-05-16 01:47:58] Started export task: fire_255_dynamic_2018-09-09
[2026-05-16 01:47:58] ------ Processing date=2018-09-10 ------
[2026-05-16 01:47:58] Using viirs_af_path: viirs_af_path
[2026-05-16 01:47:59] VIIRS Image Date: ['2018-09-10 00:00:00']
[2026-05-16 01:47:59] Weather image size: 1
[2026-05-16 01:47:59] Forecast duration: 2018-09-11 00:00:00 to 2018-09-12 00:00:00
[2026-05-16 01:47:59] Number of forecast images: 24
[2026-05-16 01:47:59] Using forecast run: 2018-09-10 18:00:00 UTC
[2026-05-16 01:48:00] Forecast Rain Available hours: [6, 7, 8, 9, 10, 11, 12, 13, 14, 15, 16, 17, 18, 19, 20, 21, 22, 23, 24, 25, 26, 27, 28, 29]
[2026-05-16 01:48:00] Valid hours for sum: [12, 18, 24, 29]
[2026-05-16 01:48:02] Drought composite end date: 2018-09-07 06:00:00
[2026-05-16 01:48:02] Land cover year: 2017
[2026-05-16 01:48:08] VIIRS Veg composite: 2018-08-13 → 2018-08-29
[2026-05-16 01:48:13] Started export task: fire_255_dynamic_2018-09-10
[2026-05-16 01:48:13] ------ Processing date=2018-09-11 ------
[2026-05-16 01:48:13] Using viirs_af_path: viirs_af_path
[2026-05-16 01:48:13] VIIRS Image Date: ['2018-09-11 00:00:00']
[2026-05-16 01:48:14] Weather image size: 1
[2026-05-16 01:48:14] Forecast duration: 2018-09-12 00:00:00 to 2018-09-13 00:00:00
[2026-05-16 01:48:15] Number of forecast images: 24
[2026-05-16 01:48:15] Using forecast run: 2018-09-11 18:00:00 UTC
[2026-05-16 01:48:15] Forecast Rain Available hours: [6, 7, 8, 9, 10, 11, 12, 13, 14, 15, 16, 17, 18, 19, 20, 21, 22, 23, 24, 25, 26, 27, 28, 29]
[2026-05-16 01:48:15] Valid hours for sum: [12, 18, 24, 29]
[2026-05-16 01:48:17] Drought composite end date: 2018-09-07 06:00:00
[2026-05-16 01:48:17] Land cover year: 2017
[2026-05-16 01:48:18] VIIRS Veg composite: 2018-08-13 → 2018-08-29
[2026-05-16 01:48:23] Started export task: fire_255_dynamic_2018-09-11
[2026-05-16 01:48:24] ------ Processing date=2018-09-12 ------
[2026-05-16 01:48:24] Using viirs_af_path: viirs_af_path
[2026-05-16 01:48:24] VIIRS Image Date: ['2018-09-12 00:00:00']
[2026-05-16 01:48:24] Weather image size: 1
[2026-05-16 01:48:24] Forecast duration: 2018-09-13 00:00:00 to 2018-09-14 00:00:00
[2026-05-16 01:48:25] Number of forecast images: 24
[2026-05-16 01:48:25] Using forecast run: 2018-09-12 18:00:00 UTC
[2026-05-16 01:48:25] Forecast Rain Available hours: [6, 7, 8, 9, 10, 11, 12, 13, 14, 15, 16, 17, 18, 19, 20, 21, 22, 23, 24, 25, 26, 27, 28, 29]
[2026-05-16 01:48:25] Valid hours for sum: [12, 18, 24, 29]
[2026-05-16 01:48:28] Drought composite end date: 2018-09-07 06:00:00
[2026-05-16 01:48:28] Land cover year: 2017
[2026-05-16 01:48:30] VIIRS Veg composite: 2018-08-13 → 2018-08-29
[2026-05-16 01:48:34] Started export task: fire_255_dynamic_2018-09-12
[2026-05-16 01:48:34] ------ Processing date=2018-09-13 ------
[2026-05-16 01:48:34] Using viirs_af_path: viirs_af_path
[2026-05-16 01:48:34] VIIRS Image Date: ['2018-09-13 00:00:00']
[2026-05-16 01:48:35] Weather image size: 1
[2026-05-16 01:48:35] Forecast duration: 2018-09-14 00:00:00 to 2018-09-15 00:00:00
[2026-05-16 01:48:35] Number of forecast images: 24
[2026-05-16 01:48:35] Using forecast run: 2018-09-13 18:00:00 UTC
[2026-05-16 01:48:36] Forecast Rain Available hours: [6, 7, 8, 9, 10, 11, 12, 13, 14, 15, 16, 17, 18, 19, 20, 21, 22, 23, 24, 25, 26, 27, 28, 29]
[2026-05-16 01:48:36] Valid hours for sum: [12, 18, 24, 29]
[2026-05-16 01:48:38] Drought composite end date: 2018-09-12 06:00:00
[2026-05-16 01:48:38] Land cover year: 2017
[2026-05-16 01:48:39] VIIRS Veg composite: 2018-08-13 → 2018-08-29
[2026-05-16 01:48:42] Started export task: fire_255_dynamic_2018-09-13
[2026-05-16 01:48:42] ------ Processing date=2018-09-14 ------
[2026-05-16 01:48:42] Using viirs_af_path: viirs_af_path
[2026-05-16 01:48:42] VIIRS Image Date: ['2018-09-14 00:00:00']
[2026-05-16 01:48:43] Weather image size: 1
[2026-05-16 01:48:43] Forecast duration: 2018-09-15 00:00:00 to 2018-09-16 00:00:00
[2026-05-16 01:48:44] Number of forecast images: 24
[2026-05-16 01:48:44] Using forecast run: 2018-09-14 18:00:00 UTC
[2026-05-16 01:48:44] Forecast Rain Available hours: [6, 7, 8, 9, 10, 11, 12, 13, 14, 15, 16, 17, 18, 19, 20, 21, 22, 23, 24, 25, 26, 27, 28, 29]
[2026-05-16 01:48:44] Valid hours for sum: [12, 18, 24, 29]
[2026-05-16 01:48:46] Drought composite end date: 2018-09-12 06:00:00
[2026-05-16 01:48:46] Land cover year: 2017
[2026-05-16 01:48:47] VIIRS Veg composite: 2018-08-13 → 2018-08-29
[2026-05-16 01:48:51] Started export task: fire_255_dynamic_2018-09-14
[2026-05-16 01:48:51] ------ Processing date=2018-09-15 ------
[2026-05-16 01:48:51] Using viirs_af_path: viirs_af_path
[2026-05-16 01:48:51] VIIRS Image Date: ['2018-09-15 00:00:00']
[2026-05-16 01:48:51] Weather image size: 1
[2026-05-16 01:48:51] Forecast duration: 2018-09-16 00:00:00 to 2018-09-17 00:00:00
[2026-05-16 01:48:52] Number of forecast images: 24
[2026-05-16 01:48:52] Using forecast run: 2018-09-15 18:00:00 UTC
[2026-05-16 01:48:53] Forecast Rain Available hours: [6, 7, 8, 9, 10, 11, 12, 13, 14, 15, 16, 17, 18, 19, 20, 21, 22, 23, 24, 25, 26, 27, 28, 29]
[2026-05-16 01:48:53] Valid hours for sum: [12, 18, 24, 29]
[2026-05-16 01:48:56] Drought composite end date: 2018-09-12 06:00:00
[2026-05-16 01:48:56] Land cover year: 2017
[2026-05-16 01:48:57] VIIRS Veg composite: 2018-08-13 → 2018-08-29
[2026-05-16 01:49:02] Started export task: fire_255_dynamic_2018-09-15
[2026-05-16 01:49:02] ------ Processing date=2018-09-16 ------
[2026-05-16 01:49:02] Using viirs_af_path: viirs_af_path
[2026-05-16 01:49:02] VIIRS Image Date: ['2018-09-16 00:00:00']
[2026-05-16 01:49:02] Weather image size: 1
[2026-05-16 01:49:02] Forecast duration: 2018-09-17 00:00:00 to 2018-09-18 00:00:00
[2026-05-16 01:49:03] Number of forecast images: 24
[2026-05-16 01:49:03] Using forecast run: 2018-09-16 18:00:00 UTC
[2026-05-16 01:49:04] Forecast Rain Available hours: [6, 7, 8, 9, 10, 11, 12, 13, 14, 15, 16, 17, 18, 19, 20, 21, 22, 23, 24, 25, 26, 27, 28, 29]
[2026-05-16 01:49:04] Valid hours for sum: [12, 18, 24, 29]
[2026-05-16 01:49:06] Drought composite end date: 2018-09-12 06:00:00
[2026-05-16 01:49:06] Land cover year: 2017
[2026-05-16 01:49:07] VIIRS Veg composite: 2018-08-13 → 2018-08-29
[2026-05-16 01:49:10] Started export task: fire_255_dynamic_2018-09-16
[2026-05-16 01:49:10] ------ Processing date=2018-09-17 ------
[2026-05-16 01:49:10] Using viirs_af_path: viirs_af_path
[2026-05-16 01:49:10] VIIRS Image Date: ['2018-09-17 00:00:00']
[2026-05-16 01:49:11] Weather image size: 1
[2026-05-16 01:49:11] Forecast duration: 2018-09-18 00:00:00 to 2018-09-19 00:00:00
[2026-05-16 01:49:12] Number of forecast images: 24
[2026-05-16 01:49:12] Using forecast run: 2018-09-17 18:00:00 UTC
[2026-05-16 01:49:12] Forecast Rain Available hours: [6, 7, 8, 9, 10, 11, 12, 13, 14, 15, 16, 17, 18, 19, 20, 21, 22, 23, 24, 25, 26, 27, 28, 29]
[2026-05-16 01:49:12] Valid hours for sum: [12, 18, 24, 29]
[2026-05-16 01:49:15] Drought composite end date: 2018-09-12 06:00:00
[2026-05-16 01:49:15] Land cover year: 2017
[2026-05-16 01:49:16] VIIRS Veg composite: 2018-08-13 → 2018-08-29
[2026-05-16 01:49:21] Started export task: fire_255_dynamic_2018-09-17
[2026-05-16 01:49:21] ------ Processing date=2018-09-18 ------
[2026-05-16 01:49:21] Using viirs_af_path: viirs_af_path
[2026-05-16 01:49:21] VIIRS Image Date: ['2018-09-18 00:00:00']
[2026-05-16 01:49:22] Weather image size: 1
[2026-05-16 01:49:22] Forecast duration: 2018-09-19 00:00:00 to 2018-09-20 00:00:00
[2026-05-16 01:49:22] Number of forecast images: 24
[2026-05-16 01:49:22] Using forecast run: 2018-09-18 18:00:00 UTC
[2026-05-16 01:49:23] Forecast Rain Available hours: [6, 7, 8, 9, 10, 11, 12, 13, 14, 15, 16, 17, 18, 19, 20, 21, 22, 23, 24, 25, 26, 27, 28, 29]
[2026-05-16 01:49:23] Valid hours for sum: [12, 18, 24, 29]
[2026-05-16 01:49:25] Drought composite end date: 2018-09-17 06:00:00
[2026-05-16 01:49:25] Land cover year: 2017
[2026-05-16 01:49:26] VIIRS Veg composite: 2018-08-13 → 2018-08-29
[2026-05-16 01:49:30] Started export task: fire_255_dynamic_2018-09-18
[2026-05-16 01:49:30] ------ Processing date=2018-09-19 ------
[2026-05-16 01:49:30] Using viirs_af_path: viirs_af_path
[2026-05-16 01:49:30] VIIRS Image Date: ['2018-09-19 00:00:00']
[2026-05-16 01:49:30] Weather image size: 1
[2026-05-16 01:49:30] Forecast duration: 2018-09-20 00:00:00 to 2018-09-21 00:00:00
[2026-05-16 01:49:31] Number of forecast images: 24
[2026-05-16 01:49:31] Using forecast run: 2018-09-19 18:00:00 UTC
[2026-05-16 01:49:32] Forecast Rain Available hours: [6, 7, 8, 9, 10, 11, 12, 13, 14, 15, 16, 17, 18, 19, 20, 21, 22, 23, 24, 25, 26, 27, 28, 29]
[2026-05-16 01:49:32] Valid hours for sum: [12, 18, 24, 29]
[2026-05-16 01:49:34] Drought composite end date: 2018-09-17 06:00:00
[2026-05-16 01:49:34] Land cover year: 2017
[2026-05-16 01:49:35] VIIRS Veg composite: 2018-08-13 → 2018-08-29
[2026-05-16 01:49:40] Started export task: fire_255_dynamic_2018-09-19
[2026-05-16 01:49:40] ------ Processing date=2018-09-20 ------
[2026-05-16 01:49:40] Using viirs_af_path: viirs_af_path
[2026-05-16 01:49:40] VIIRS Image Date: ['2018-09-20 00:00:00']
[2026-05-16 01:49:41] Weather image size: 1
[2026-05-16 01:49:41] Forecast duration: 2018-09-21 00:00:00 to 2018-09-22 00:00:00
[2026-05-16 01:49:41] Number of forecast images: 24
[2026-05-16 01:49:41] Using forecast run: 2018-09-20 18:00:00 UTC
[2026-05-16 01:49:42] Forecast Rain Available hours: [6, 7, 8, 9, 10, 11, 12, 13, 14, 15, 16, 17, 18, 19, 20, 21, 22, 23, 24, 25, 26, 27, 28, 29]
[2026-05-16 01:49:42] Valid hours for sum: [12, 18, 24, 29]
[2026-05-16 01:49:45] Drought composite end date: 2018-09-17 06:00:00
[2026-05-16 01:49:45] Land cover year: 2017
[2026-05-16 01:49:46] VIIRS Veg composite: 2018-08-13 → 2018-08-29
[2026-05-16 01:49:50] Started export task: fire_255_dynamic_2018-09-20
[2026-05-16 01:49:50] ------ Processing date=2018-09-21 ------
[2026-05-16 01:49:50] Using viirs_af_path: viirs_af_path
[2026-05-16 01:49:50] VIIRS Image Date: ['2018-09-21 00:00:00']
[2026-05-16 01:49:50] Weather image size: 1
[2026-05-16 01:49:50] Forecast duration: 2018-09-22 00:00:00 to 2018-09-23 00:00:00
[2026-05-16 01:49:51] Number of forecast images: 24
[2026-05-16 01:49:51] Using forecast run: 2018-09-21 18:00:00 UTC
[2026-05-16 01:49:52] Forecast Rain Available hours: [6, 7, 8, 9, 10, 11, 12, 13, 14, 15, 16, 17, 18, 19, 20, 21, 22, 23, 24, 25, 26, 27, 28, 29]
[2026-05-16 01:49:52] Valid hours for sum: [12, 18, 24, 29]
[2026-05-16 01:49:54] Drought composite end date: 2018-09-17 06:00:00
[2026-05-16 01:49:54] Land cover year: 2017
[2026-05-16 01:49:55] VIIRS Veg composite: 2018-08-13 → 2018-08-29
[2026-05-16 01:49:58] Started export task: fire_255_dynamic_2018-09-21
[2026-05-16 01:49:59] END: ----------Event fire_255----------- (Duration: 4.41m)
[2026-05-16 01:49:59] START: ----------Event fire_257-----------
[2026-05-16 01:49:59] ------ Processing date=2018-08-28 ------
[2026-05-16 01:49:59] Using viirs_af_path: viirs_af_path
[2026-05-16 01:49:59] VIIRS Image Date: ['2018-08-28 00:00:00']
[2026-05-16 01:50:00] Weather image size: 1
[2026-05-16 01:50:00] Forecast duration: 2018-08-29 00:00:00 to 2018-08-30 00:00:00
[2026-05-16 01:50:01] Number of forecast images: 24
[2026-05-16 01:50:01] Using forecast run: 2018-08-28 18:00:00 UTC
[2026-05-16 01:50:01] Forecast Rain Available hours: [6, 7, 8, 9, 10, 11, 12, 13, 14, 15, 16, 17, 18, 19, 20, 21, 22, 23, 24, 25, 26, 27, 28, 29]
[2026-05-16 01:50:01] Valid hours for sum: [12, 18, 24, 29]
[2026-05-16 01:50:03] Drought composite end date: 2018-08-23 06:00:00
[2026-05-16 01:50:03] Land cover year: 2017
[2026-05-16 01:50:03] VIIRS Veg composite: 2018-08-13 → 2018-08-29
[2026-05-16 01:50:08] Started export task: fire_257_static
[2026-05-16 01:50:09] Started export task: fire_257_dynamic_2018-08-28
[2026-05-16 01:50:09] ------ Processing date=2018-08-29 ------
[2026-05-16 01:50:09] Using viirs_af_path: viirs_af_path
[2026-05-16 01:50:09] VIIRS Image Date: ['2018-08-29 00:00:00']
[2026-05-16 01:50:10] Weather image size: 1
[2026-05-16 01:50:10] Forecast duration: 2018-08-30 00:00:00 to 2018-08-31 00:00:00
[2026-05-16 01:50:11] Number of forecast images: 24
[2026-05-16 01:50:11] Using forecast run: 2018-08-29 18:00:00 UTC
[2026-05-16 01:50:11] Forecast Rain Available hours: [6, 7, 8, 9, 10, 11, 12, 13, 14, 15, 16, 17, 18, 19, 20, 21, 22, 23, 24, 25, 26, 27, 28, 29]
[2026-05-16 01:50:11] Valid hours for sum: [12, 18, 24, 29]
[2026-05-16 01:50:13] Drought composite end date: 2018-08-28 06:00:00
[2026-05-16 01:50:13] Land cover year: 2017
[2026-05-16 01:50:14] VIIRS Veg composite: 2018-08-13 → 2018-08-29
[2026-05-16 01:50:17] Started export task: fire_257_dynamic_2018-08-29
[2026-05-16 01:50:18] ------ Processing date=2018-08-30 ------
[2026-05-16 01:50:18] Using viirs_af_path: viirs_af_path
[2026-05-16 01:50:18] VIIRS Image Date: ['2018-08-30 00:00:00']
[2026-05-16 01:50:19] Weather image size: 1
[2026-05-16 01:50:19] Forecast duration: 2018-08-31 00:00:00 to 2018-09-01 00:00:00
[2026-05-16 01:50:20] Number of forecast images: 24
[2026-05-16 01:50:20] Using forecast run: 2018-08-30 18:00:00 UTC
[2026-05-16 01:50:20] Forecast Rain Available hours: [6, 7, 8, 9, 10, 11, 12, 13, 14, 15, 16, 17, 18, 19, 20, 21, 22, 23, 24, 25, 26, 27, 28, 29]
[2026-05-16 01:50:20] Valid hours for sum: [12, 18, 24, 29]
[2026-05-16 01:50:23] Drought composite end date: 2018-08-28 06:00:00
[2026-05-16 01:50:23] Land cover year: 2017
[2026-05-16 01:50:24] VIIRS Veg composite: 2018-08-13 → 2018-08-29
[2026-05-16 01:50:27] Started export task: fire_257_dynamic_2018-08-30
[2026-05-16 01:50:28] ------ Processing date=2018-08-31 ------
[2026-05-16 01:50:28] Using viirs_af_path: viirs_af_path
[2026-05-16 01:50:28] VIIRS Image Date: ['2018-08-31 00:00:00']
[2026-05-16 01:50:28] Weather image size: 1
[2026-05-16 01:50:28] Forecast duration: 2018-09-01 00:00:00 to 2018-09-02 00:00:00
[2026-05-16 01:50:29] Number of forecast images: 24
[2026-05-16 01:50:29] Using forecast run: 2018-08-31 18:00:00 UTC
[2026-05-16 01:50:29] Forecast Rain Available hours: [6, 7, 8, 9, 10, 11, 12, 13, 14, 15, 16, 17, 18, 19, 20, 21, 22, 23, 24, 25, 26, 27, 28, 29]
[2026-05-16 01:50:29] Valid hours for sum: [12, 18, 24, 29]
[2026-05-16 01:50:32] Drought composite end date: 2018-08-28 06:00:00
[2026-05-16 01:50:32] Land cover year: 2017
[2026-05-16 01:50:34] VIIRS Veg composite: 2018-08-13 → 2018-08-29
[2026-05-16 01:50:40] Started export task: fire_257_dynamic_2018-08-31
[2026-05-16 01:50:40] ------ Processing date=2018-09-01 ------
[2026-05-16 01:50:40] Using viirs_af_path: viirs_af_path
[2026-05-16 01:50:41] VIIRS Image Date: ['2018-09-01 00:00:00']
[2026-05-16 01:50:42] Weather image size: 1
[2026-05-16 01:50:42] Forecast duration: 2018-09-02 00:00:00 to 2018-09-03 00:00:00
[2026-05-16 01:50:42] Number of forecast images: 24
[2026-05-16 01:50:42] Using forecast run: 2018-09-01 18:00:00 UTC
[2026-05-16 01:50:43] Forecast Rain Available hours: [6, 7, 8, 9, 10, 11, 12, 13, 14, 15, 16, 17, 18, 19, 20, 21, 22, 23, 24, 25, 26, 27, 28, 29]
[2026-05-16 01:50:43] Valid hours for sum: [12, 18, 24, 29]
[2026-05-16 01:50:44] Drought composite end date: 2018-08-28 06:00:00
[2026-05-16 01:50:44] Land cover year: 2017
[2026-05-16 01:50:45] VIIRS Veg composite: 2018-08-13 → 2018-08-29
[2026-05-16 01:50:48] Started export task: fire_257_dynamic_2018-09-01
[2026-05-16 01:50:48] ------ Processing date=2018-09-02 ------
[2026-05-16 01:50:48] Using viirs_af_path: viirs_af_path
[2026-05-16 01:50:49] VIIRS Image Date: ['2018-09-02 00:00:00']
[2026-05-16 01:50:49] Weather image size: 1
[2026-05-16 01:50:49] Forecast duration: 2018-09-03 00:00:00 to 2018-09-04 00:00:00
[2026-05-16 01:50:50] Number of forecast images: 24
[2026-05-16 01:50:50] Using forecast run: 2018-09-02 18:00:00 UTC
[2026-05-16 01:50:50] Forecast Rain Available hours: [6, 7, 8, 9, 10, 11, 12, 13, 14, 15, 16, 17, 18, 19, 20, 21, 22, 23, 24, 25, 26, 27, 28, 29]
[2026-05-16 01:50:50] Valid hours for sum: [12, 18, 24, 29]
[2026-05-16 01:50:52] Drought composite end date: 2018-08-28 06:00:00
[2026-05-16 01:50:53] Land cover year: 2017
[2026-05-16 01:50:54] VIIRS Veg composite: 2018-08-13 → 2018-08-29
[2026-05-16 01:50:58] Started export task: fire_257_dynamic_2018-09-02
[2026-05-16 01:50:58] ------ Processing date=2018-09-03 ------
[2026-05-16 01:50:58] Using viirs_af_path: viirs_af_path
[2026-05-16 01:50:58] VIIRS Image Date: ['2018-09-03 00:00:00']
[2026-05-16 01:50:59] Weather image size: 1
[2026-05-16 01:50:59] Forecast duration: 2018-09-04 00:00:00 to 2018-09-05 00:00:00
[2026-05-16 01:50:59] Number of forecast images: 24
[2026-05-16 01:50:59] Using forecast run: 2018-09-03 18:00:00 UTC
[2026-05-16 01:51:00] Forecast Rain Available hours: [6, 7, 8, 9, 10, 11, 12, 13, 14, 15, 16, 17, 18, 19, 20, 21, 22, 23, 24, 25, 26, 27, 28, 29]
[2026-05-16 01:51:00] Valid hours for sum: [12, 18, 24, 29]
[2026-05-16 01:51:02] Drought composite end date: 2018-09-02 06:00:00
[2026-05-16 01:51:02] Land cover year: 2017
[2026-05-16 01:51:03] VIIRS Veg composite: 2018-08-13 → 2018-08-29
[2026-05-16 01:51:06] Started export task: fire_257_dynamic_2018-09-03
[2026-05-16 01:51:06] ------ Processing date=2018-09-04 ------
[2026-05-16 01:51:06] Using viirs_af_path: viirs_af_path
[2026-05-16 01:51:07] VIIRS Image Date: ['2018-09-04 00:00:00']
[2026-05-16 01:51:07] Weather image size: 1
[2026-05-16 01:51:07] Forecast duration: 2018-09-05 00:00:00 to 2018-09-06 00:00:00
[2026-05-16 01:51:09] Number of forecast images: 24
[2026-05-16 01:51:09] Using forecast run: 2018-09-04 18:00:00 UTC
[2026-05-16 01:51:09] Forecast Rain Available hours: [6, 7, 8, 9, 10, 11, 12, 13, 14, 15, 16, 17, 18, 19, 20, 21, 22, 23, 24, 25, 26, 27, 28, 29]
[2026-05-16 01:51:09] Valid hours for sum: [12, 18, 24, 29]
[2026-05-16 01:51:11] Drought composite end date: 2018-09-02 06:00:00
[2026-05-16 01:51:11] Land cover year: 2017
[2026-05-16 01:51:12] VIIRS Veg composite: 2018-08-13 → 2018-08-29
[2026-05-16 01:51:17] Started export task: fire_257_dynamic_2018-09-04
[2026-05-16 01:51:17] ------ Processing date=2018-09-05 ------
[2026-05-16 01:51:17] Using viirs_af_path: viirs_af_path
[2026-05-16 01:51:17] VIIRS Image Date: ['2018-09-05 00:00:00']
[2026-05-16 01:51:17] Weather image size: 1
[2026-05-16 01:51:17] Forecast duration: 2018-09-06 00:00:00 to 2018-09-07 00:00:00
[2026-05-16 01:51:18] Number of forecast images: 24
[2026-05-16 01:51:18] Using forecast run: 2018-09-05 18:00:00 UTC
[2026-05-16 01:51:19] Forecast Rain Available hours: [6, 7, 8, 9, 10, 11, 12, 13, 14, 15, 16, 17, 18, 19, 20, 21, 22, 23, 24, 25, 26, 27, 28, 29]
[2026-05-16 01:51:19] Valid hours for sum: [12, 18, 24, 29]
[2026-05-16 01:51:21] Drought composite end date: 2018-09-02 06:00:00
[2026-05-16 01:51:21] Land cover year: 2017
[2026-05-16 01:51:22] VIIRS Veg composite: 2018-08-13 → 2018-08-29
[2026-05-16 01:51:26] Started export task: fire_257_dynamic_2018-09-05
[2026-05-16 01:51:27] ------ Processing date=2018-09-06 ------
[2026-05-16 01:51:27] Using viirs_af_path: viirs_af_path
[2026-05-16 01:51:27] VIIRS Image Date: ['2018-09-06 00:00:00']
[2026-05-16 01:51:27] Weather image size: 1
[2026-05-16 01:51:27] Forecast duration: 2018-09-07 00:00:00 to 2018-09-08 00:00:00
[2026-05-16 01:51:28] Number of forecast images: 24
[2026-05-16 01:51:28] Using forecast run: 2018-09-06 18:00:00 UTC
[2026-05-16 01:51:28] Forecast Rain Available hours: [6, 7, 8, 9, 10, 11, 12, 13, 14, 15, 16, 17, 18, 19, 20, 21, 22, 23, 24, 25, 26, 27, 28, 29]
[2026-05-16 01:51:28] Valid hours for sum: [12, 18, 24, 29]
[2026-05-16 01:51:31] Drought composite end date: 2018-09-02 06:00:00
[2026-05-16 01:51:31] Land cover year: 2017
[2026-05-16 01:51:32] VIIRS Veg composite: 2018-08-13 → 2018-08-29
[2026-05-16 01:51:35] Started export task: fire_257_dynamic_2018-09-06
[2026-05-16 01:51:36] ------ Processing date=2018-09-07 ------
[2026-05-16 01:51:36] Using viirs_af_path: viirs_af_path
[2026-05-16 01:51:36] VIIRS Image Date: ['2018-09-07 00:00:00']
[2026-05-16 01:51:36] Weather image size: 1
[2026-05-16 01:51:36] Forecast duration: 2018-09-08 00:00:00 to 2018-09-09 00:00:00
[2026-05-16 01:51:37] Number of forecast images: 24
[2026-05-16 01:51:37] Using forecast run: 2018-09-07 18:00:00 UTC
[2026-05-16 01:51:37] Forecast Rain Available hours: [6, 7, 8, 9, 10, 11, 12, 13, 14, 15, 16, 17, 18, 19, 20, 21, 22, 23, 24, 25, 26, 27, 28, 29]
[2026-05-16 01:51:37] Valid hours for sum: [12, 18, 24, 29]
[2026-05-16 01:51:38] Drought composite end date: 2018-09-02 06:00:00
[2026-05-16 01:51:39] Land cover year: 2017
[2026-05-16 01:51:40] VIIRS Veg composite: 2018-08-13 → 2018-08-29
[2026-05-16 01:51:43] Started export task: fire_257_dynamic_2018-09-07
[2026-05-16 01:51:43] ------ Processing date=2018-09-08 ------
[2026-05-16 01:51:43] Using viirs_af_path: viirs_af_path
[2026-05-16 01:51:43] VIIRS Image Date: ['2018-09-08 00:00:00']
[2026-05-16 01:51:44] Weather image size: 1
[2026-05-16 01:51:44] Forecast duration: 2018-09-09 00:00:00 to 2018-09-10 00:00:00
[2026-05-16 01:51:44] Number of forecast images: 24
[2026-05-16 01:51:44] Using forecast run: 2018-09-08 18:00:00 UTC
[2026-05-16 01:51:45] Forecast Rain Available hours: [6, 7, 8, 9, 10, 11, 12, 13, 14, 15, 16, 17, 18, 19, 20, 21, 22, 23, 24, 25, 26, 27, 28, 29]
[2026-05-16 01:51:45] Valid hours for sum: [12, 18, 24, 29]
[2026-05-16 01:51:47] Drought composite end date: 2018-09-07 06:00:00
[2026-05-16 01:51:47] Land cover year: 2017
[2026-05-16 01:51:48] VIIRS Veg composite: 2018-08-13 → 2018-08-29
[2026-05-16 01:51:52] Started export task: fire_257_dynamic_2018-09-08
[2026-05-16 01:51:52] ------ Processing date=2018-09-09 ------
[2026-05-16 01:51:52] Using viirs_af_path: viirs_af_path
[2026-05-16 01:51:52] VIIRS Image Date: ['2018-09-09 00:00:00']
[2026-05-16 01:51:53] Weather image size: 1
[2026-05-16 01:51:53] Forecast duration: 2018-09-10 00:00:00 to 2018-09-11 00:00:00
[2026-05-16 01:51:55] Number of forecast images: 24
[2026-05-16 01:51:55] Using forecast run: 2018-09-09 18:00:00 UTC
[2026-05-16 01:51:55] Forecast Rain Available hours: [6, 7, 8, 9, 10, 11, 12, 13, 14, 15, 16, 17, 18, 19, 20, 21, 22, 23, 24, 25, 26, 27, 28, 29]
[2026-05-16 01:51:55] Valid hours for sum: [12, 18, 24, 29]
[2026-05-16 01:51:58] Drought composite end date: 2018-09-07 06:00:00
[2026-05-16 01:51:58] Land cover year: 2017
[2026-05-16 01:51:59] VIIRS Veg composite: 2018-08-13 → 2018-08-29
[2026-05-16 01:52:03] Started export task: fire_257_dynamic_2018-09-09
[2026-05-16 01:52:03] ------ Processing date=2018-09-10 ------
[2026-05-16 01:52:03] Using viirs_af_path: viirs_af_path
[2026-05-16 01:52:03] VIIRS Image Date: ['2018-09-10 00:00:00']
[2026-05-16 01:52:04] Weather image size: 1
[2026-05-16 01:52:04] Forecast duration: 2018-09-11 00:00:00 to 2018-09-12 00:00:00
[2026-05-16 01:52:04] Number of forecast images: 24
[2026-05-16 01:52:04] Using forecast run: 2018-09-10 18:00:00 UTC
[2026-05-16 01:52:05] Forecast Rain Available hours: [6, 7, 8, 9, 10, 11, 12, 13, 14, 15, 16, 17, 18, 19, 20, 21, 22, 23, 24, 25, 26, 27, 28, 29]
[2026-05-16 01:52:05] Valid hours for sum: [12, 18, 24, 29]
[2026-05-16 01:52:08] Drought composite end date: 2018-09-07 06:00:00
[2026-05-16 01:52:08] Land cover year: 2017
[2026-05-16 01:52:09] VIIRS Veg composite: 2018-08-13 → 2018-08-29
[2026-05-16 01:52:12] Started export task: fire_257_dynamic_2018-09-10
[2026-05-16 01:52:12] ------ Processing date=2018-09-11 ------
[2026-05-16 01:52:12] Using viirs_af_path: viirs_af_path
[2026-05-16 01:52:12] VIIRS Image Date: ['2018-09-11 00:00:00']
[2026-05-16 01:52:13] Weather image size: 1
[2026-05-16 01:52:13] Forecast duration: 2018-09-12 00:00:00 to 2018-09-13 00:00:00
[2026-05-16 01:52:13] Number of forecast images: 24
[2026-05-16 01:52:13] Using forecast run: 2018-09-11 18:00:00 UTC
[2026-05-16 01:52:14] Forecast Rain Available hours: [6, 7, 8, 9, 10, 11, 12, 13, 14, 15, 16, 17, 18, 19, 20, 21, 22, 23, 24, 25, 26, 27, 28, 29]
[2026-05-16 01:52:14] Valid hours for sum: [12, 18, 24, 29]
[2026-05-16 01:52:16] Drought composite end date: 2018-09-07 06:00:00
[2026-05-16 01:52:16] Land cover year: 2017
[2026-05-16 01:52:17] VIIRS Veg composite: 2018-08-13 → 2018-08-29
[2026-05-16 01:52:22] Started export task: fire_257_dynamic_2018-09-11
[2026-05-16 01:52:22] ------ Processing date=2018-09-12 ------
[2026-05-16 01:52:22] Using viirs_af_path: viirs_af_path
[2026-05-16 01:52:22] VIIRS Image Date: ['2018-09-12 00:00:00']
[2026-05-16 01:52:22] Weather image size: 1
[2026-05-16 01:52:22] Forecast duration: 2018-09-13 00:00:00 to 2018-09-14 00:00:00
[2026-05-16 01:52:23] Number of forecast images: 24
[2026-05-16 01:52:23] Using forecast run: 2018-09-12 18:00:00 UTC
[2026-05-16 01:52:24] Forecast Rain Available hours: [6, 7, 8, 9, 10, 11, 12, 13, 14, 15, 16, 17, 18, 19, 20, 21, 22, 23, 24, 25, 26, 27, 28, 29]
[2026-05-16 01:52:24] Valid hours for sum: [12, 18, 24, 29]
[2026-05-16 01:52:25] Drought composite end date: 2018-09-07 06:00:00
[2026-05-16 01:52:25] Land cover year: 2017
[2026-05-16 01:52:26] VIIRS Veg composite: 2018-08-13 → 2018-08-29
[2026-05-16 01:52:31] Started export task: fire_257_dynamic_2018-09-12
[2026-05-16 01:52:31] END: ----------Event fire_257----------- (Duration: 2.53m)
[2026-05-16 01:52:31] START: ----------Event fire_260-----------
[2026-05-16 01:52:31] ------ Processing date=2018-08-31 ------
[2026-05-16 01:52:31] Using viirs_af_path: viirs_af_path
[2026-05-16 01:52:32] VIIRS Image Date: ['2018-08-31 00:00:00']
[2026-05-16 01:52:32] Weather image size: 1
[2026-05-16 01:52:32] Forecast duration: 2018-09-01 00:00:00 to 2018-09-02 00:00:00
[2026-05-16 01:52:33] Number of forecast images: 24
[2026-05-16 01:52:33] Using forecast run: 2018-08-31 18:00:00 UTC
[2026-05-16 01:52:33] Forecast Rain Available hours: [6, 7, 8, 9, 10, 11, 12, 13, 14, 15, 16, 17, 18, 19, 20, 21, 22, 23, 24, 25, 26, 27, 28, 29]
[2026-05-16 01:52:33] Valid hours for sum: [12, 18, 24, 29]
[2026-05-16 01:52:36] Drought composite end date: 2018-08-28 06:00:00
[2026-05-16 01:52:37] Land cover year: 2017
[2026-05-16 01:52:37] VIIRS Veg composite: 2018-08-21 → 2018-09-06
[2026-05-16 01:52:42] Started export task: fire_260_static
[2026-05-16 01:52:42] Started export task: fire_260_dynamic_2018-08-31
[2026-05-16 01:52:43] ------ Processing date=2018-09-01 ------
[2026-05-16 01:52:43] Using viirs_af_path: viirs_af_path
[2026-05-16 01:52:43] VIIRS Image Date: ['2018-09-01 00:00:00']
[2026-05-16 01:52:43] Weather image size: 1
[2026-05-16 01:52:43] Forecast duration: 2018-09-02 00:00:00 to 2018-09-03 00:00:00
[2026-05-16 01:52:44] Number of forecast images: 24
[2026-05-16 01:52:44] Using forecast run: 2018-09-01 18:00:00 UTC
[2026-05-16 01:52:45] Forecast Rain Available hours: [6, 7, 8, 9, 10, 11, 12, 13, 14, 15, 16, 17, 18, 19, 20, 21, 22, 23, 24, 25, 26, 27, 28, 29]
[2026-05-16 01:52:45] Valid hours for sum: [12, 18, 24, 29]
[2026-05-16 01:52:47] Drought composite end date: 2018-08-28 06:00:00
[2026-05-16 01:52:47] Land cover year: 2017
[2026-05-16 01:52:48] VIIRS Veg composite: 2018-08-21 → 2018-09-06
[2026-05-16 01:52:54] Started export task: fire_260_dynamic_2018-09-01
[2026-05-16 01:52:55] ------ Processing date=2018-09-02 ------
[2026-05-16 01:52:55] Using viirs_af_path: viirs_af_path
[2026-05-16 01:52:55] VIIRS Image Date: ['2018-09-02 00:00:00']
[2026-05-16 01:52:55] Weather image size: 1
[2026-05-16 01:52:55] Forecast duration: 2018-09-03 00:00:00 to 2018-09-04 00:00:00
[2026-05-16 01:52:56] Number of forecast images: 24
[2026-05-16 01:52:56] Using forecast run: 2018-09-02 18:00:00 UTC
[2026-05-16 01:52:57] Forecast Rain Available hours: [6, 7, 8, 9, 10, 11, 12, 13, 14, 15, 16, 17, 18, 19, 20, 21, 22, 23, 24, 25, 26, 27, 28, 29]
[2026-05-16 01:52:57] Valid hours for sum: [12, 18, 24, 29]
[2026-05-16 01:52:59] Drought composite end date: 2018-08-28 06:00:00
[2026-05-16 01:52:59] Land cover year: 2017
[2026-05-16 01:53:00] VIIRS Veg composite: 2018-08-21 → 2018-09-06
[2026-05-16 01:53:03] Started export task: fire_260_dynamic_2018-09-02
[2026-05-16 01:53:03] ------ Processing date=2018-09-03 ------
[2026-05-16 01:53:03] Using viirs_af_path: viirs_af_path
[2026-05-16 01:53:04] VIIRS Image Date: ['2018-09-03 00:00:00']
[2026-05-16 01:53:04] Weather image size: 1
[2026-05-16 01:53:04] Forecast duration: 2018-09-04 00:00:00 to 2018-09-05 00:00:00
[2026-05-16 01:53:05] Number of forecast images: 24
[2026-05-16 01:53:05] Using forecast run: 2018-09-03 18:00:00 UTC
[2026-05-16 01:53:05] Forecast Rain Available hours: [6, 7, 8, 9, 10, 11, 12, 13, 14, 15, 16, 17, 18, 19, 20, 21, 22, 23, 24, 25, 26, 27, 28, 29]
[2026-05-16 01:53:05] Valid hours for sum: [12, 18, 24, 29]
[2026-05-16 01:53:08] Drought composite end date: 2018-09-02 06:00:00
[2026-05-16 01:53:08] Land cover year: 2017
[2026-05-16 01:53:09] VIIRS Veg composite: 2018-08-21 → 2018-09-06
[2026-05-16 01:53:12] Started export task: fire_260_dynamic_2018-09-03
[2026-05-16 01:53:13] ------ Processing date=2018-09-04 ------
[2026-05-16 01:53:13] Using viirs_af_path: viirs_af_path
[2026-05-16 01:53:13] VIIRS Image Date: ['2018-09-04 00:00:00']
[2026-05-16 01:53:13] Weather image size: 1
[2026-05-16 01:53:13] Forecast duration: 2018-09-05 00:00:00 to 2018-09-06 00:00:00
[2026-05-16 01:53:14] Number of forecast images: 24
[2026-05-16 01:53:14] Using forecast run: 2018-09-04 18:00:00 UTC
[2026-05-16 01:53:14] Forecast Rain Available hours: [6, 7, 8, 9, 10, 11, 12, 13, 14, 15, 16, 17, 18, 19, 20, 21, 22, 23, 24, 25, 26, 27, 28, 29]
[2026-05-16 01:53:14] Valid hours for sum: [12, 18, 24, 29]
[2026-05-16 01:53:17] Drought composite end date: 2018-09-02 06:00:00
[2026-05-16 01:53:17] Land cover year: 2017
[2026-05-16 01:53:18] VIIRS Veg composite: 2018-08-21 → 2018-09-06
[2026-05-16 01:53:21] Started export task: fire_260_dynamic_2018-09-04
[2026-05-16 01:53:22] ------ Processing date=2018-09-05 ------
[2026-05-16 01:53:22] Using viirs_af_path: viirs_af_path
[2026-05-16 01:53:22] VIIRS Image Date: ['2018-09-05 00:00:00']
[2026-05-16 01:53:22] Weather image size: 1
[2026-05-16 01:53:22] Forecast duration: 2018-09-06 00:00:00 to 2018-09-07 00:00:00
[2026-05-16 01:53:23] Number of forecast images: 24
[2026-05-16 01:53:23] Using forecast run: 2018-09-05 18:00:00 UTC
[2026-05-16 01:53:23] Forecast Rain Available hours: [6, 7, 8, 9, 10, 11, 12, 13, 14, 15, 16, 17, 18, 19, 20, 21, 22, 23, 24, 25, 26, 27, 28, 29]
[2026-05-16 01:53:23] Valid hours for sum: [12, 18, 24, 29]
[2026-05-16 01:53:26] Drought composite end date: 2018-09-02 06:00:00
[2026-05-16 01:53:26] Land cover year: 2017
[2026-05-16 01:53:27] VIIRS Veg composite: 2018-08-21 → 2018-09-06
[2026-05-16 01:53:30] Started export task: fire_260_dynamic_2018-09-05
[2026-05-16 01:53:31] ------ Processing date=2018-09-06 ------
[2026-05-16 01:53:31] Using viirs_af_path: viirs_af_path
[2026-05-16 01:53:31] VIIRS Image Date: ['2018-09-06 00:00:00']
[2026-05-16 01:53:31] Weather image size: 1
[2026-05-16 01:53:31] Forecast duration: 2018-09-07 00:00:00 to 2018-09-08 00:00:00
[2026-05-16 01:53:32] Number of forecast images: 24
[2026-05-16 01:53:32] Using forecast run: 2018-09-06 18:00:00 UTC
[2026-05-16 01:53:32] Forecast Rain Available hours: [6, 7, 8, 9, 10, 11, 12, 13, 14, 15, 16, 17, 18, 19, 20, 21, 22, 23, 24, 25, 26, 27, 28, 29]
[2026-05-16 01:53:32] Valid hours for sum: [12, 18, 24, 29]
[2026-05-16 01:53:34] Drought composite end date: 2018-09-02 06:00:00
[2026-05-16 01:53:34] Land cover year: 2017
[2026-05-16 01:53:35] VIIRS Veg composite: 2018-08-21 → 2018-09-06
[2026-05-16 01:53:39] Started export task: fire_260_dynamic_2018-09-06
[2026-05-16 01:53:40] ------ Processing date=2018-09-07 ------
[2026-05-16 01:53:40] Using viirs_af_path: viirs_af_path
[2026-05-16 01:53:40] VIIRS Image Date: ['2018-09-07 00:00:00']
[2026-05-16 01:53:40] Weather image size: 1
[2026-05-16 01:53:40] Forecast duration: 2018-09-08 00:00:00 to 2018-09-09 00:00:00
[2026-05-16 01:53:41] Number of forecast images: 24
[2026-05-16 01:53:41] Using forecast run: 2018-09-07 18:00:00 UTC
[2026-05-16 01:53:42] Forecast Rain Available hours: [6, 7, 8, 9, 10, 11, 12, 13, 14, 15, 16, 17, 18, 19, 20, 21, 22, 23, 24, 25, 26, 27, 28, 29]
[2026-05-16 01:53:42] Valid hours for sum: [12, 18, 24, 29]
[2026-05-16 01:53:44] Drought composite end date: 2018-09-02 06:00:00
[2026-05-16 01:53:44] Land cover year: 2017
[2026-05-16 01:53:45] VIIRS Veg composite: 2018-08-21 → 2018-09-06
[2026-05-16 01:53:48] Started export task: fire_260_dynamic_2018-09-07
[2026-05-16 01:53:48] ------ Processing date=2018-09-08 ------
[2026-05-16 01:53:48] Using viirs_af_path: viirs_af_path
[2026-05-16 01:53:49] VIIRS Image Date: ['2018-09-08 00:00:00']
[2026-05-16 01:53:49] Weather image size: 1
[2026-05-16 01:53:49] Forecast duration: 2018-09-09 00:00:00 to 2018-09-10 00:00:00
[2026-05-16 01:53:50] Number of forecast images: 24
[2026-05-16 01:53:50] Using forecast run: 2018-09-08 18:00:00 UTC
[2026-05-16 01:53:50] Forecast Rain Available hours: [6, 7, 8, 9, 10, 11, 12, 13, 14, 15, 16, 17, 18, 19, 20, 21, 22, 23, 24, 25, 26, 27, 28, 29]
[2026-05-16 01:53:50] Valid hours for sum: [12, 18, 24, 29]
[2026-05-16 01:53:52] Drought composite end date: 2018-09-07 06:00:00
[2026-05-16 01:53:52] Land cover year: 2017
[2026-05-16 01:54:11] VIIRS Veg composite: 2018-08-21 → 2018-09-06
[2026-05-16 01:54:14] Started export task: fire_260_dynamic_2018-09-08
[2026-05-16 01:54:15] ------ Processing date=2018-09-09 ------
[2026-05-16 01:54:15] Using viirs_af_path: viirs_af_path
[2026-05-16 01:54:15] VIIRS Image Date: ['2018-09-09 00:00:00']
[2026-05-16 01:54:15] Weather image size: 1
[2026-05-16 01:54:15] Forecast duration: 2018-09-10 00:00:00 to 2018-09-11 00:00:00
[2026-05-16 01:54:17] Number of forecast images: 24
[2026-05-16 01:54:17] Using forecast run: 2018-09-09 18:00:00 UTC
[2026-05-16 01:54:17] Forecast Rain Available hours: [6, 7, 8, 9, 10, 11, 12, 13, 14, 15, 16, 17, 18, 19, 20, 21, 22, 23, 24, 25, 26, 27, 28, 29]
[2026-05-16 01:54:17] Valid hours for sum: [12, 18, 24, 29]
[2026-05-16 01:54:19] Drought composite end date: 2018-09-07 06:00:00
[2026-05-16 01:54:19] Land cover year: 2017
[2026-05-16 01:54:20] VIIRS Veg composite: 2018-08-21 → 2018-09-06
[2026-05-16 01:54:23] Started export task: fire_260_dynamic_2018-09-09
[2026-05-16 01:54:24] ------ Processing date=2018-09-10 ------
[2026-05-16 01:54:24] Using viirs_af_path: viirs_af_path
[2026-05-16 01:54:24] VIIRS Image Date: ['2018-09-10 00:00:00']
[2026-05-16 01:54:24] Weather image size: 1
[2026-05-16 01:54:24] Forecast duration: 2018-09-11 00:00:00 to 2018-09-12 00:00:00
[2026-05-16 01:54:25] Number of forecast images: 24
[2026-05-16 01:54:25] Using forecast run: 2018-09-10 18:00:00 UTC
[2026-05-16 01:54:25] Forecast Rain Available hours: [6, 7, 8, 9, 10, 11, 12, 13, 14, 15, 16, 17, 18, 19, 20, 21, 22, 23, 24, 25, 26, 27, 28, 29]
[2026-05-16 01:54:25] Valid hours for sum: [12, 18, 24, 29]
[2026-05-16 01:54:28] Drought composite end date: 2018-09-07 06:00:00
[2026-05-16 01:54:29] Land cover year: 2017
[2026-05-16 01:54:30] VIIRS Veg composite: 2018-08-21 → 2018-09-06
[2026-05-16 01:54:34] Started export task: fire_260_dynamic_2018-09-10
[2026-05-16 01:54:35] ------ Processing date=2018-09-11 ------
[2026-05-16 01:54:35] Using viirs_af_path: viirs_af_path
[2026-05-16 01:54:35] VIIRS Image Date: ['2018-09-11 00:00:00']
[2026-05-16 01:54:36] Weather image size: 1
[2026-05-16 01:54:36] Forecast duration: 2018-09-12 00:00:00 to 2018-09-13 00:00:00
[2026-05-16 01:54:37] Number of forecast images: 24
[2026-05-16 01:54:37] Using forecast run: 2018-09-11 18:00:00 UTC
[2026-05-16 01:54:37] Forecast Rain Available hours: [6, 7, 8, 9, 10, 11, 12, 13, 14, 15, 16, 17, 18, 19, 20, 21, 22, 23, 24, 25, 26, 27, 28, 29]
[2026-05-16 01:54:37] Valid hours for sum: [12, 18, 24, 29]
[2026-05-16 01:54:40] Drought composite end date: 2018-09-07 06:00:00
[2026-05-16 01:54:40] Land cover year: 2017
[2026-05-16 01:54:41] VIIRS Veg composite: 2018-08-21 → 2018-09-06
[2026-05-16 01:54:44] Started export task: fire_260_dynamic_2018-09-11
[2026-05-16 01:54:44] ------ Processing date=2018-09-12 ------
[2026-05-16 01:54:44] Using viirs_af_path: viirs_af_path
[2026-05-16 01:54:44] VIIRS Image Date: ['2018-09-12 00:00:00']
[2026-05-16 01:54:44] Weather image size: 1
[2026-05-16 01:54:44] Forecast duration: 2018-09-13 00:00:00 to 2018-09-14 00:00:00
[2026-05-16 01:54:45] Number of forecast images: 24
[2026-05-16 01:54:45] Using forecast run: 2018-09-12 18:00:00 UTC
[2026-05-16 01:54:46] Forecast Rain Available hours: [6, 7, 8, 9, 10, 11, 12, 13, 14, 15, 16, 17, 18, 19, 20, 21, 22, 23, 24, 25, 26, 27, 28, 29]
[2026-05-16 01:54:46] Valid hours for sum: [12, 18, 24, 29]
[2026-05-16 01:54:49] Drought composite end date: 2018-09-07 06:00:00
[2026-05-16 01:54:49] Land cover year: 2017
[2026-05-16 01:54:50] VIIRS Veg composite: 2018-08-21 → 2018-09-06
[2026-05-16 01:54:53] Started export task: fire_260_dynamic_2018-09-12
[2026-05-16 01:54:54] ------ Processing date=2018-09-13 ------
[2026-05-16 01:54:54] Using viirs_af_path: viirs_af_path
[2026-05-16 01:54:54] VIIRS Image Date: ['2018-09-13 00:00:00']
[2026-05-16 01:54:54] Weather image size: 1
[2026-05-16 01:54:54] Forecast duration: 2018-09-14 00:00:00 to 2018-09-15 00:00:00
[2026-05-16 01:54:55] Number of forecast images: 24
[2026-05-16 01:54:55] Using forecast run: 2018-09-13 18:00:00 UTC
[2026-05-16 01:54:56] Forecast Rain Available hours: [6, 7, 8, 9, 10, 11, 12, 13, 14, 15, 16, 17, 18, 19, 20, 21, 22, 23, 24, 25, 26, 27, 28, 29]
[2026-05-16 01:54:56] Valid hours for sum: [12, 18, 24, 29]
[2026-05-16 01:54:57] Drought composite end date: 2018-09-12 06:00:00
[2026-05-16 01:54:58] Land cover year: 2017
[2026-05-16 01:54:58] VIIRS Veg composite: 2018-08-21 → 2018-09-06
[2026-05-16 01:55:02] Started export task: fire_260_dynamic_2018-09-13
[2026-05-16 01:55:02] ------ Processing date=2018-09-14 ------
[2026-05-16 01:55:02] Using viirs_af_path: viirs_af_path
[2026-05-16 01:55:02] VIIRS Image Date: ['2018-09-14 00:00:00']
[2026-05-16 01:56:03] Weather image size: 1
[2026-05-16 01:56:03] Forecast duration: 2018-09-15 00:00:00 to 2018-09-16 00:00:00
[2026-05-16 01:56:04] Number of forecast images: 24
[2026-05-16 01:56:04] Using forecast run: 2018-09-14 18:00:00 UTC
[2026-05-16 01:56:04] Forecast Rain Available hours: [6, 7, 8, 9, 10, 11, 12, 13, 14, 15, 16, 17, 18, 19, 20, 21, 22, 23, 24, 25, 26, 27, 28, 29]
[2026-05-16 01:56:04] Valid hours for sum: [12, 18, 24, 29]
[2026-05-16 01:56:07] Drought composite end date: 2018-09-12 06:00:00
[2026-05-16 01:56:07] Land cover year: 2017
[2026-05-16 01:56:08] VIIRS Veg composite: 2018-08-21 → 2018-09-06
[2026-05-16 01:56:11] Started export task: fire_260_dynamic_2018-09-14
[2026-05-16 01:56:11] ------ Processing date=2018-09-15 ------
[2026-05-16 01:56:11] Using viirs_af_path: viirs_af_path
[2026-05-16 01:56:18] VIIRS Image Date: ['2018-09-15 00:00:00']
[2026-05-16 01:56:18] Weather image size: 1
[2026-05-16 01:56:18] Forecast duration: 2018-09-16 00:00:00 to 2018-09-17 00:00:00
[2026-05-16 01:56:19] Number of forecast images: 24
[2026-05-16 01:56:19] Using forecast run: 2018-09-15 18:00:00 UTC
[2026-05-16 01:56:19] Forecast Rain Available hours: [6, 7, 8, 9, 10, 11, 12, 13, 14, 15, 16, 17, 18, 19, 20, 21, 22, 23, 24, 25, 26, 27, 28, 29]
[2026-05-16 01:56:19] Valid hours for sum: [12, 18, 24, 29]
[2026-05-16 01:56:22] Drought composite end date: 2018-09-12 06:00:00
[2026-05-16 01:56:22] Land cover year: 2017
[2026-05-16 01:56:23] VIIRS Veg composite: 2018-08-21 → 2018-09-06
[2026-05-16 01:56:27] Started export task: fire_260_dynamic_2018-09-15
[2026-05-16 01:56:28] ------ Processing date=2018-09-16 ------
[2026-05-16 01:56:28] Using viirs_af_path: viirs_af_path
[2026-05-16 01:56:28] VIIRS Image Date: ['2018-09-16 00:00:00']
[2026-05-16 01:56:28] Weather image size: 1
[2026-05-16 01:56:28] Forecast duration: 2018-09-17 00:00:00 to 2018-09-18 00:00:00
[2026-05-16 01:56:29] Number of forecast images: 24
[2026-05-16 01:56:29] Using forecast run: 2018-09-16 18:00:00 UTC
[2026-05-16 01:56:30] Forecast Rain Available hours: [6, 7, 8, 9, 10, 11, 12, 13, 14, 15, 16, 17, 18, 19, 20, 21, 22, 23, 24, 25, 26, 27, 28, 29]
[2026-05-16 01:56:30] Valid hours for sum: [12, 18, 24, 29]
[2026-05-16 01:56:32] Drought composite end date: 2018-09-12 06:00:00
[2026-05-16 01:56:32] Land cover year: 2017
[2026-05-16 01:56:33] VIIRS Veg composite: 2018-08-21 → 2018-09-06
[2026-05-16 01:56:38] Started export task: fire_260_dynamic_2018-09-16
[2026-05-16 01:56:39] ------ Processing date=2018-09-17 ------
[2026-05-16 01:56:39] Using viirs_af_path: viirs_af_path
[2026-05-16 01:56:39] VIIRS Image Date: ['2018-09-17 00:00:00']
[2026-05-16 01:56:39] Weather image size: 1
[2026-05-16 01:56:39] Forecast duration: 2018-09-18 00:00:00 to 2018-09-19 00:00:00
[2026-05-16 01:56:40] Number of forecast images: 24
[2026-05-16 01:56:40] Using forecast run: 2018-09-17 18:00:00 UTC
[2026-05-16 01:56:40] Forecast Rain Available hours: [6, 7, 8, 9, 10, 11, 12, 13, 14, 15, 16, 17, 18, 19, 20, 21, 22, 23, 24, 25, 26, 27, 28, 29]
[2026-05-16 01:56:40] Valid hours for sum: [12, 18, 24, 29]
[2026-05-16 01:56:43] Drought composite end date: 2018-09-12 06:00:00
[2026-05-16 01:56:43] Land cover year: 2017
[2026-05-16 01:56:44] VIIRS Veg composite: 2018-08-21 → 2018-09-06
[2026-05-16 01:56:48] Started export task: fire_260_dynamic_2018-09-17
[2026-05-16 01:56:49] END: ----------Event fire_260----------- (Duration: 4.30m)
[2026-05-16 01:56:49] START: ----------Event fire_261-----------
[2026-05-16 01:56:49] ------ Processing date=2018-09-02 ------
[2026-05-16 01:56:49] Using viirs_af_path: viirs_af_path
[2026-05-16 01:56:49] VIIRS Image Date: ['2018-09-02 00:00:00']
[2026-05-16 01:56:50] Weather image size: 1
[2026-05-16 01:56:50] Forecast duration: 2018-09-03 00:00:00 to 2018-09-04 00:00:00
[2026-05-16 01:56:51] Number of forecast images: 24
[2026-05-16 01:56:51] Using forecast run: 2018-09-02 18:00:00 UTC
[2026-05-16 01:56:51] Forecast Rain Available hours: [6, 7, 8, 9, 10, 11, 12, 13, 14, 15, 16, 17, 18, 19, 20, 21, 22, 23, 24, 25, 26, 27, 28, 29]
[2026-05-16 01:56:51] Valid hours for sum: [12, 18, 24, 29]
[2026-05-16 01:56:53] Drought composite end date: 2018-08-28 06:00:00
[2026-05-16 01:56:53] Land cover year: 2017
[2026-05-16 01:56:54] VIIRS Veg composite: 2018-08-21 → 2018-09-06
[2026-05-16 01:56:58] Started export task: fire_261_static
[2026-05-16 01:56:58] Started export task: fire_261_dynamic_2018-09-02
[2026-05-16 01:56:59] ------ Processing date=2018-09-03 ------
[2026-05-16 01:56:59] Using viirs_af_path: viirs_af_path
[2026-05-16 01:57:00] VIIRS Image Date: ['2018-09-03 00:00:00']
[2026-05-16 01:57:00] Weather image size: 1
[2026-05-16 01:57:00] Forecast duration: 2018-09-04 00:00:00 to 2018-09-05 00:00:00
[2026-05-16 01:57:01] Number of forecast images: 24
[2026-05-16 01:57:01] Using forecast run: 2018-09-03 18:00:00 UTC
[2026-05-16 01:57:02] Forecast Rain Available hours: [6, 7, 8, 9, 10, 11, 12, 13, 14, 15, 16, 17, 18, 19, 20, 21, 22, 23, 24, 25, 26, 27, 28, 29]
[2026-05-16 01:57:02] Valid hours for sum: [12, 18, 24, 29]
[2026-05-16 01:57:04] Drought composite end date: 2018-09-02 06:00:00
[2026-05-16 01:57:04] Land cover year: 2017
[2026-05-16 01:57:05] VIIRS Veg composite: 2018-08-21 → 2018-09-06
[2026-05-16 01:57:07] Started export task: fire_261_dynamic_2018-09-03
[2026-05-16 01:57:08] ------ Processing date=2018-09-04 ------
[2026-05-16 01:57:08] Using viirs_af_path: viirs_af_path
[2026-05-16 01:57:08] VIIRS Image Date: ['2018-09-04 00:00:00']
[2026-05-16 01:57:08] Weather image size: 1
[2026-05-16 01:57:08] Forecast duration: 2018-09-05 00:00:00 to 2018-09-06 00:00:00
[2026-05-16 01:57:09] Number of forecast images: 24
[2026-05-16 01:57:09] Using forecast run: 2018-09-04 18:00:00 UTC
[2026-05-16 01:57:10] Forecast Rain Available hours: [6, 7, 8, 9, 10, 11, 12, 13, 14, 15, 16, 17, 18, 19, 20, 21, 22, 23, 24, 25, 26, 27, 28, 29]
[2026-05-16 01:57:10] Valid hours for sum: [12, 18, 24, 29]
[2026-05-16 01:57:12] Drought composite end date: 2018-09-02 06:00:00
[2026-05-16 01:57:12] Land cover year: 2017
[2026-05-16 01:57:13] VIIRS Veg composite: 2018-08-21 → 2018-09-06
[2026-05-16 01:57:18] Started export task: fire_261_dynamic_2018-09-04
[2026-05-16 01:57:18] ------ Processing date=2018-09-05 ------
[2026-05-16 01:57:18] Using viirs_af_path: viirs_af_path
[2026-05-16 01:57:19] VIIRS Image Date: ['2018-09-05 00:00:00']
[2026-05-16 01:57:19] Weather image size: 1
[2026-05-16 01:57:19] Forecast duration: 2018-09-06 00:00:00 to 2018-09-07 00:00:00
[2026-05-16 01:57:27] Number of forecast images: 24
[2026-05-16 01:57:27] Using forecast run: 2018-09-05 18:00:00 UTC
[2026-05-16 01:57:28] Forecast Rain Available hours: [6, 7, 8, 9, 10, 11, 12, 13, 14, 15, 16, 17, 18, 19, 20, 21, 22, 23, 24, 25, 26, 27, 28, 29]
[2026-05-16 01:57:28] Valid hours for sum: [12, 18, 24, 29]
[2026-05-16 01:57:31] Drought composite end date: 2018-09-02 06:00:00
[2026-05-16 01:57:31] Land cover year: 2017
[2026-05-16 01:57:33] VIIRS Veg composite: 2018-08-21 → 2018-09-06
[2026-05-16 01:57:37] Started export task: fire_261_dynamic_2018-09-05
[2026-05-16 01:57:37] ------ Processing date=2018-09-06 ------
[2026-05-16 01:57:37] Using viirs_af_path: viirs_af_path
[2026-05-16 01:57:38] VIIRS Image Date: ['2018-09-06 00:00:00']
[2026-05-16 01:57:38] Weather image size: 1
[2026-05-16 01:57:38] Forecast duration: 2018-09-07 00:00:00 to 2018-09-08 00:00:00
[2026-05-16 01:57:40] Number of forecast images: 24
[2026-05-16 01:57:40] Using forecast run: 2018-09-06 18:00:00 UTC
[2026-05-16 01:57:40] Forecast Rain Available hours: [6, 7, 8, 9, 10, 11, 12, 13, 14, 15, 16, 17, 18, 19, 20, 21, 22, 23, 24, 25, 26, 27, 28, 29]
[2026-05-16 01:57:40] Valid hours for sum: [12, 18, 24, 29]
[2026-05-16 01:57:42] Drought composite end date: 2018-09-02 06:00:00
[2026-05-16 01:57:43] Land cover year: 2017
[2026-05-16 01:57:45] VIIRS Veg composite: 2018-08-21 → 2018-09-06
[2026-05-16 01:57:49] Started export task: fire_261_dynamic_2018-09-06
[2026-05-16 01:57:50] ------ Processing date=2018-09-07 ------
[2026-05-16 01:57:50] Using viirs_af_path: viirs_af_path
[2026-05-16 01:57:50] VIIRS Image Date: ['2018-09-07 00:00:00']
[2026-05-16 01:57:50] Weather image size: 1
[2026-05-16 01:57:50] Forecast duration: 2018-09-08 00:00:00 to 2018-09-09 00:00:00
[2026-05-16 01:57:51] Number of forecast images: 24
[2026-05-16 01:57:51] Using forecast run: 2018-09-07 18:00:00 UTC
[2026-05-16 01:57:52] Forecast Rain Available hours: [6, 7, 8, 9, 10, 11, 12, 13, 14, 15, 16, 17, 18, 19, 20, 21, 22, 23, 24, 25, 26, 27, 28, 29]
[2026-05-16 01:57:52] Valid hours for sum: [12, 18, 24, 29]
[2026-05-16 01:57:55] Drought composite end date: 2018-09-02 06:00:00
[2026-05-16 01:57:55] Land cover year: 2017
[2026-05-16 01:57:57] VIIRS Veg composite: 2018-08-21 → 2018-09-06
[2026-05-16 01:58:01] Started export task: fire_261_dynamic_2018-09-07
[2026-05-16 01:58:02] ------ Processing date=2018-09-08 ------
[2026-05-16 01:58:02] Using viirs_af_path: viirs_af_path
[2026-05-16 01:58:03] VIIRS Image Date: ['2018-09-08 00:00:00']
[2026-05-16 01:58:03] Weather image size: 1
[2026-05-16 01:58:03] Forecast duration: 2018-09-09 00:00:00 to 2018-09-10 00:00:00
[2026-05-16 01:58:04] Number of forecast images: 24
[2026-05-16 01:58:04] Using forecast run: 2018-09-08 18:00:00 UTC
[2026-05-16 01:58:04] Forecast Rain Available hours: [6, 7, 8, 9, 10, 11, 12, 13, 14, 15, 16, 17, 18, 19, 20, 21, 22, 23, 24, 25, 26, 27, 28, 29]
[2026-05-16 01:58:04] Valid hours for sum: [12, 18, 24, 29]
[2026-05-16 01:58:06] Drought composite end date: 2018-09-07 06:00:00
[2026-05-16 02:00:47] Land cover year: 2017
[2026-05-16 02:00:49] VIIRS Veg composite: 2018-08-21 → 2018-09-06
[2026-05-16 02:00:54] Started export task: fire_261_dynamic_2018-09-08
[2026-05-16 02:00:55] ------ Processing date=2018-09-09 ------
[2026-05-16 02:00:55] Using viirs_af_path: viirs_af_path
[2026-05-16 02:00:55] VIIRS Image Date: ['2018-09-09 00:00:00']
[2026-05-16 02:00:55] Weather image size: 1
[2026-05-16 02:00:55] Forecast duration: 2018-09-10 00:00:00 to 2018-09-11 00:00:00
[2026-05-16 02:00:57] Number of forecast images: 24
[2026-05-16 02:00:57] Using forecast run: 2018-09-09 18:00:00 UTC
[2026-05-16 02:00:58] Forecast Rain Available hours: [6, 7, 8, 9, 10, 11, 12, 13, 14, 15, 16, 17, 18, 19, 20, 21, 22, 23, 24, 25, 26, 27, 28, 29]
[2026-05-16 02:00:58] Valid hours for sum: [12, 18, 24, 29]
[2026-05-16 02:01:00] Drought composite end date: 2018-09-07 06:00:00
[2026-05-16 02:01:00] Land cover year: 2017
[2026-05-16 02:01:02] VIIRS Veg composite: 2018-08-21 → 2018-09-06
[2026-05-16 02:01:05] Started export task: fire_261_dynamic_2018-09-09
[2026-05-16 02:01:06] ------ Processing date=2018-09-10 ------
[2026-05-16 02:01:06] Using viirs_af_path: viirs_af_path
[2026-05-16 02:01:06] VIIRS Image Date: ['2018-09-10 00:00:00']
[2026-05-16 02:01:07] Weather image size: 1
[2026-05-16 02:01:07] Forecast duration: 2018-09-11 00:00:00 to 2018-09-12 00:00:00
[2026-05-16 02:01:08] Number of forecast images: 24
[2026-05-16 02:01:08] Using forecast run: 2018-09-10 18:00:00 UTC
[2026-05-16 02:01:09] Forecast Rain Available hours: [6, 7, 8, 9, 10, 11, 12, 13, 14, 15, 16, 17, 18, 19, 20, 21, 22, 23, 24, 25, 26, 27, 28, 29]
[2026-05-16 02:01:09] Valid hours for sum: [12, 18, 24, 29]
[2026-05-16 02:01:11] Drought composite end date: 2018-09-07 06:00:00
[2026-05-16 02:01:12] Land cover year: 2017
[2026-05-16 02:01:14] VIIRS Veg composite: 2018-08-21 → 2018-09-06
[2026-05-16 02:01:18] Started export task: fire_261_dynamic_2018-09-10
[2026-05-16 02:01:19] ------ Processing date=2018-09-11 ------
[2026-05-16 02:01:19] Using viirs_af_path: viirs_af_path
[2026-05-16 02:01:19] VIIRS Image Date: ['2018-09-11 00:00:00']
[2026-05-16 02:01:20] Weather image size: 1
[2026-05-16 02:01:20] Forecast duration: 2018-09-12 00:00:00 to 2018-09-13 00:00:00
[2026-05-16 02:01:21] Number of forecast images: 24
[2026-05-16 02:01:21] Using forecast run: 2018-09-11 18:00:00 UTC
[2026-05-16 02:01:22] Forecast Rain Available hours: [6, 7, 8, 9, 10, 11, 12, 13, 14, 15, 16, 17, 18, 19, 20, 21, 22, 23, 24, 25, 26, 27, 28, 29]
[2026-05-16 02:01:22] Valid hours for sum: [12, 18, 24, 29]
[2026-05-16 02:01:25] Drought composite end date: 2018-09-07 06:00:00
[2026-05-16 02:01:26] Land cover year: 2017
[2026-05-16 02:01:27] VIIRS Veg composite: 2018-08-21 → 2018-09-06
[2026-05-16 02:01:31] Started export task: fire_261_dynamic_2018-09-11
[2026-05-16 02:01:32] ------ Processing date=2018-09-12 ------
[2026-05-16 02:01:32] Using viirs_af_path: viirs_af_path
[2026-05-16 02:01:32] VIIRS Image Date: ['2018-09-12 00:00:00']
[2026-05-16 02:01:32] Weather image size: 1
[2026-05-16 02:01:32] Forecast duration: 2018-09-13 00:00:00 to 2018-09-14 00:00:00
[2026-05-16 02:01:33] Number of forecast images: 24
[2026-05-16 02:01:33] Using forecast run: 2018-09-12 18:00:00 UTC
[2026-05-16 02:01:33] Forecast Rain Available hours: [6, 7, 8, 9, 10, 11, 12, 13, 14, 15, 16, 17, 18, 19, 20, 21, 22, 23, 24, 25, 26, 27, 28, 29]
[2026-05-16 02:01:33] Valid hours for sum: [12, 18, 24, 29]
[2026-05-16 02:01:37] Drought composite end date: 2018-09-07 06:00:00
[2026-05-16 02:01:37] Land cover year: 2017
[2026-05-16 02:01:38] VIIRS Veg composite: 2018-08-21 → 2018-09-06
[2026-05-16 02:01:43] Started export task: fire_261_dynamic_2018-09-12
[2026-05-16 02:01:44] ------ Processing date=2018-09-13 ------
[2026-05-16 02:01:44] Using viirs_af_path: viirs_af_path
[2026-05-16 02:01:45] VIIRS Image Date: ['2018-09-13 00:00:00']
[2026-05-16 02:01:45] Weather image size: 1
[2026-05-16 02:01:45] Forecast duration: 2018-09-14 00:00:00 to 2018-09-15 00:00:00
[2026-05-16 02:01:46] Number of forecast images: 24
[2026-05-16 02:01:46] Using forecast run: 2018-09-13 18:00:00 UTC
[2026-05-16 02:01:47] Forecast Rain Available hours: [6, 7, 8, 9, 10, 11, 12, 13, 14, 15, 16, 17, 18, 19, 20, 21, 22, 23, 24, 25, 26, 27, 28, 29]
[2026-05-16 02:01:47] Valid hours for sum: [12, 18, 24, 29]
[2026-05-16 02:01:49] Drought composite end date: 2018-09-12 06:00:00
[2026-05-16 02:01:50] Land cover year: 2017
[2026-05-16 02:01:52] VIIRS Veg composite: 2018-08-21 → 2018-09-06
[2026-05-16 02:01:56] Started export task: fire_261_dynamic_2018-09-13
[2026-05-16 02:01:56] ------ Processing date=2018-09-14 ------
[2026-05-16 02:01:56] Using viirs_af_path: viirs_af_path
[2026-05-16 02:01:57] VIIRS Image Date: ['2018-09-14 00:00:00']
[2026-05-16 02:01:57] Weather image size: 1
[2026-05-16 02:01:57] Forecast duration: 2018-09-15 00:00:00 to 2018-09-16 00:00:00
[2026-05-16 02:01:59] Number of forecast images: 24
[2026-05-16 02:01:59] Using forecast run: 2018-09-14 18:00:00 UTC
[2026-05-16 02:02:00] Forecast Rain Available hours: [6, 7, 8, 9, 10, 11, 12, 13, 14, 15, 16, 17, 18, 19, 20, 21, 22, 23, 24, 25, 26, 27, 28, 29]
[2026-05-16 02:02:00] Valid hours for sum: [12, 18, 24, 29]
[2026-05-16 02:02:02] Drought composite end date: 2018-09-12 06:00:00
[2026-05-16 02:02:03] Land cover year: 2017
[2026-05-16 02:02:04] VIIRS Veg composite: 2018-08-21 → 2018-09-06
[2026-05-16 02:02:09] Started export task: fire_261_dynamic_2018-09-14
[2026-05-16 02:02:10] ------ Processing date=2018-09-15 ------
[2026-05-16 02:02:10] Using viirs_af_path: viirs_af_path
[2026-05-16 02:02:10] VIIRS Image Date: ['2018-09-15 00:00:00']
[2026-05-16 02:02:10] Weather image size: 1
[2026-05-16 02:02:10] Forecast duration: 2018-09-16 00:00:00 to 2018-09-17 00:00:00
[2026-05-16 02:02:12] Number of forecast images: 24
[2026-05-16 02:02:12] Using forecast run: 2018-09-15 18:00:00 UTC
[2026-05-16 02:02:12] Forecast Rain Available hours: [6, 7, 8, 9, 10, 11, 12, 13, 14, 15, 16, 17, 18, 19, 20, 21, 22, 23, 24, 25, 26, 27, 28, 29]
[2026-05-16 02:02:12] Valid hours for sum: [12, 18, 24, 29]
[2026-05-16 02:02:15] Drought composite end date: 2018-09-12 06:00:00
[2026-05-16 02:02:16] Land cover year: 2017
[2026-05-16 02:02:17] VIIRS Veg composite: 2018-08-21 → 2018-09-06
[2026-05-16 02:02:22] Started export task: fire_261_dynamic_2018-09-15
[2026-05-16 02:02:23] ------ Processing date=2018-09-16 ------
[2026-05-16 02:02:23] Using viirs_af_path: viirs_af_path
[2026-05-16 02:02:23] VIIRS Image Date: ['2018-09-16 00:00:00']
[2026-05-16 02:02:24] Weather image size: 1
[2026-05-16 02:02:24] Forecast duration: 2018-09-17 00:00:00 to 2018-09-18 00:00:00
[2026-05-16 02:02:25] Number of forecast images: 24
[2026-05-16 02:02:25] Using forecast run: 2018-09-16 18:00:00 UTC
[2026-05-16 02:02:26] Forecast Rain Available hours: [6, 7, 8, 9, 10, 11, 12, 13, 14, 15, 16, 17, 18, 19, 20, 21, 22, 23, 24, 25, 26, 27, 28, 29]
[2026-05-16 02:02:26] Valid hours for sum: [12, 18, 24, 29]
[2026-05-16 02:02:39] Drought composite end date: 2018-09-12 06:00:00
[2026-05-16 02:02:39] Land cover year: 2017
[2026-05-16 02:02:40] VIIRS Veg composite: 2018-08-21 → 2018-09-06
[2026-05-16 02:02:43] Started export task: fire_261_dynamic_2018-09-16
[2026-05-16 02:02:44] ------ Processing date=2018-09-17 ------
[2026-05-16 02:02:44] Using viirs_af_path: viirs_af_path
[2026-05-16 02:02:44] VIIRS Image Date: ['2018-09-17 00:00:00']
[2026-05-16 02:02:45] Weather image size: 1
[2026-05-16 02:02:45] Forecast duration: 2018-09-18 00:00:00 to 2018-09-19 00:00:00
[2026-05-16 02:02:46] Number of forecast images: 24
[2026-05-16 02:02:46] Using forecast run: 2018-09-17 18:00:00 UTC
[2026-05-16 02:02:46] Forecast Rain Available hours: [6, 7, 8, 9, 10, 11, 12, 13, 14, 15, 16, 17, 18, 19, 20, 21, 22, 23, 24, 25, 26, 27, 28, 29]
[2026-05-16 02:02:46] Valid hours for sum: [12, 18, 24, 29]
[2026-05-16 02:02:49] Drought composite end date: 2018-09-12 06:00:00
[2026-05-16 02:02:49] Land cover year: 2017
[2026-05-16 02:02:50] VIIRS Veg composite: 2018-08-21 → 2018-09-06
[2026-05-16 02:02:54] Started export task: fire_261_dynamic_2018-09-17
[2026-05-16 02:02:55] ------ Processing date=2018-09-18 ------
[2026-05-16 02:02:55] Using viirs_af_path: viirs_af_path
[2026-05-16 02:02:55] VIIRS Image Date: ['2018-09-18 00:00:00']
[2026-05-16 02:02:55] Weather image size: 1
[2026-05-16 02:02:55] Forecast duration: 2018-09-19 00:00:00 to 2018-09-20 00:00:00
[2026-05-16 02:02:57] Number of forecast images: 24
[2026-05-16 02:02:57] Using forecast run: 2018-09-18 18:00:00 UTC
[2026-05-16 02:02:58] Forecast Rain Available hours: [6, 7, 8, 9, 10, 11, 12, 13, 14, 15, 16, 17, 18, 19, 20, 21, 22, 23, 24, 25, 26, 27, 28, 29]
[2026-05-16 02:02:58] Valid hours for sum: [12, 18, 24, 29]
[2026-05-16 02:03:00] Drought composite end date: 2018-09-17 06:00:00
[2026-05-16 02:03:01] Land cover year: 2017
[2026-05-16 02:03:02] VIIRS Veg composite: 2018-08-21 → 2018-09-06
[2026-05-16 02:03:06] Started export task: fire_261_dynamic_2018-09-18
[2026-05-16 02:03:07] ------ Processing date=2018-09-19 ------
[2026-05-16 02:03:07] Using viirs_af_path: viirs_af_path
[2026-05-16 02:03:07] VIIRS Image Date: ['2018-09-19 00:00:00']
[2026-05-16 02:03:07] Weather image size: 1
[2026-05-16 02:03:07] Forecast duration: 2018-09-20 00:00:00 to 2018-09-21 00:00:00
[2026-05-16 02:03:09] Number of forecast images: 24
[2026-05-16 02:03:09] Using forecast run: 2018-09-19 18:00:00 UTC
[2026-05-16 02:03:10] Forecast Rain Available hours: [6, 7, 8, 9, 10, 11, 12, 13, 14, 15, 16, 17, 18, 19, 20, 21, 22, 23, 24, 25, 26, 27, 28, 29]
[2026-05-16 02:03:10] Valid hours for sum: [12, 18, 24, 29]
[2026-05-16 02:03:13] Drought composite end date: 2018-09-17 06:00:00
[2026-05-16 02:03:13] Land cover year: 2017
[2026-05-16 02:03:15] VIIRS Veg composite: 2018-08-21 → 2018-09-06
[2026-05-16 02:03:20] Started export task: fire_261_dynamic_2018-09-19
[2026-05-16 02:07:01] ------ Processing date=2018-09-20 ------
[2026-05-16 02:07:01] Using viirs_af_path: viirs_af_path
[2026-05-16 02:07:01] VIIRS Image Date: ['2018-09-20 00:00:00']
[2026-05-16 02:07:01] Weather image size: 1
[2026-05-16 02:07:01] Forecast duration: 2018-09-21 00:00:00 to 2018-09-22 00:00:00
[2026-05-16 02:07:03] Number of forecast images: 24
[2026-05-16 02:07:03] Using forecast run: 2018-09-20 18:00:00 UTC
[2026-05-16 02:07:03] Forecast Rain Available hours: [6, 7, 8, 9, 10, 11, 12, 13, 14, 15, 16, 17, 18, 19, 20, 21, 22, 23, 24, 25, 26, 27, 28, 29]
[2026-05-16 02:07:03] Valid hours for sum: [12, 18, 24, 29]
[2026-05-16 02:07:05] Drought composite end date: 2018-09-17 06:00:00
[2026-05-16 02:07:05] Land cover year: 2017
[2026-05-16 02:07:06] VIIRS Veg composite: 2018-08-21 → 2018-09-06
[2026-05-16 02:07:09] Started export task: fire_261_dynamic_2018-09-20
[2026-05-16 02:07:10] ------ Processing date=2018-09-21 ------
[2026-05-16 02:07:10] Using viirs_af_path: viirs_af_path
[2026-05-16 02:07:11] VIIRS Image Date: ['2018-09-21 00:00:00']
[2026-05-16 02:07:11] Weather image size: 1
[2026-05-16 02:07:11] Forecast duration: 2018-09-22 00:00:00 to 2018-09-23 00:00:00
[2026-05-16 02:07:12] Number of forecast images: 24
[2026-05-16 02:07:12] Using forecast run: 2018-09-21 18:00:00 UTC
[2026-05-16 02:07:12] Forecast Rain Available hours: [6, 7, 8, 9, 10, 11, 12, 13, 14, 15, 16, 17, 18, 19, 20, 21, 22, 23, 24, 25, 26, 27, 28, 29]
[2026-05-16 02:07:12] Valid hours for sum: [12, 18, 24, 29]
[2026-05-16 02:07:15] Drought composite end date: 2018-09-17 06:00:00
[2026-05-16 02:07:15] Land cover year: 2017
[2026-05-16 02:07:16] VIIRS Veg composite: 2018-08-21 → 2018-09-06
[2026-05-16 02:07:20] Started export task: fire_261_dynamic_2018-09-21
[2026-05-16 02:07:20] ------ Processing date=2018-09-22 ------
[2026-05-16 02:07:20] Using viirs_af_path: viirs_af_path
[2026-05-16 02:07:20] VIIRS Image Date: ['2018-09-22 00:00:00']
[2026-05-16 02:07:20] Weather image size: 1
[2026-05-16 02:07:20] Forecast duration: 2018-09-23 00:00:00 to 2018-09-24 00:00:00
[2026-05-16 02:07:22] Number of forecast images: 24
[2026-05-16 02:07:22] Using forecast run: 2018-09-22 18:00:00 UTC
[2026-05-16 02:07:22] Forecast Rain Available hours: [6, 7, 8, 9, 10, 11, 12, 13, 14, 15, 16, 17, 18, 19, 20, 21, 22, 23, 24, 25, 26, 27, 28, 29]
[2026-05-16 02:07:22] Valid hours for sum: [12, 18, 24, 29]
[2026-05-16 02:07:25] Drought composite end date: 2018-09-17 06:00:00
[2026-05-16 02:09:32] Land cover year: 2017
[2026-05-16 02:09:33] VIIRS Veg composite: 2018-08-21 → 2018-09-06
[2026-05-16 02:09:37] Started export task: fire_261_dynamic_2018-09-22
[2026-05-16 02:09:38] ------ Processing date=2018-09-23 ------
[2026-05-16 02:09:38] Using viirs_af_path: viirs_af_path
[2026-05-16 02:09:39] VIIRS Image Date: ['2018-09-23 00:00:00']
[2026-05-16 02:09:40] Weather image size: 1
[2026-05-16 02:09:40] Forecast duration: 2018-09-24 00:00:00 to 2018-09-25 00:00:00
[2026-05-16 02:09:41] Number of forecast images: 24
[2026-05-16 02:09:41] Using forecast run: 2018-09-23 18:00:00 UTC
[2026-05-16 02:09:42] Forecast Rain Available hours: [6, 7, 8, 9, 10, 11, 12, 13, 14, 15, 16, 17, 18, 19, 20, 21, 22, 23, 24, 25, 26, 27, 28, 29]
[2026-05-16 02:09:42] Valid hours for sum: [12, 18, 24, 29]
[2026-05-16 02:09:44] Drought composite end date: 2018-09-22 06:00:00
[2026-05-16 02:09:45] Land cover year: 2017
[2026-05-16 02:09:46] VIIRS Veg composite: 2018-08-21 → 2018-09-06
[2026-05-16 02:09:50] Started export task: fire_261_dynamic_2018-09-23
[2026-05-16 02:09:50] ------ Processing date=2018-09-24 ------
[2026-05-16 02:09:50] Using viirs_af_path: viirs_af_path
[2026-05-16 02:09:51] VIIRS Image Date: ['2018-09-24 00:00:00']
[2026-05-16 02:09:51] Weather image size: 1
[2026-05-16 02:09:51] Forecast duration: 2018-09-25 00:00:00 to 2018-09-26 00:00:00
[2026-05-16 02:09:52] Number of forecast images: 24
[2026-05-16 02:09:52] Using forecast run: 2018-09-24 18:00:00 UTC
[2026-05-16 02:09:53] Forecast Rain Available hours: [6, 7, 8, 9, 10, 11, 12, 13, 14, 15, 16, 17, 18, 19, 20, 21, 22, 23, 24, 25, 26, 27, 28, 29]
[2026-05-16 02:09:53] Valid hours for sum: [12, 18, 24, 29]
[2026-05-16 02:09:56] Drought composite end date: 2018-09-22 06:00:00
[2026-05-16 02:09:56] Land cover year: 2017
[2026-05-16 02:09:57] VIIRS Veg composite: 2018-08-21 → 2018-09-06
[2026-05-16 02:10:02] Started export task: fire_261_dynamic_2018-09-24
[2026-05-16 02:10:02] ------ Processing date=2018-09-25 ------
[2026-05-16 02:10:02] Using viirs_af_path: viirs_af_path
[2026-05-16 02:10:02] VIIRS Image Date: ['2018-09-25 00:00:00']
[2026-05-16 02:10:03] Weather image size: 1
[2026-05-16 02:10:03] Forecast duration: 2018-09-26 00:00:00 to 2018-09-27 00:00:00
[2026-05-16 02:10:03] Number of forecast images: 24
[2026-05-16 02:10:03] Using forecast run: 2018-09-25 18:00:00 UTC
[2026-05-16 02:10:04] Forecast Rain Available hours: [6, 7, 8, 9, 10, 11, 12, 13, 14, 15, 16, 17, 18, 19, 20, 21, 22, 23, 24, 25, 26, 27, 28, 29]
[2026-05-16 02:10:04] Valid hours for sum: [12, 18, 24, 29]
[2026-05-16 02:10:06] Drought composite end date: 2018-09-22 06:00:00
[2026-05-16 02:10:06] Land cover year: 2017
[2026-05-16 02:10:08] VIIRS Veg composite: 2018-08-21 → 2018-09-06
[2026-05-16 02:10:12] Started export task: fire_261_dynamic_2018-09-25
[2026-05-16 02:10:12] ------ Processing date=2018-09-26 ------
[2026-05-16 02:10:12] Using viirs_af_path: viirs_af_path
[2026-05-16 02:10:14] VIIRS Image Date: ['2018-09-26 00:00:00']
[2026-05-16 02:10:14] Weather image size: 1
[2026-05-16 02:10:14] Forecast duration: 2018-09-27 00:00:00 to 2018-09-28 00:00:00
[2026-05-16 02:10:16] Number of forecast images: 24
[2026-05-16 02:10:16] Using forecast run: 2018-09-26 18:00:00 UTC
[2026-05-16 02:10:16] Forecast Rain Available hours: [6, 7, 8, 9, 10, 11, 12, 13, 14, 15, 16, 17, 18, 19, 20, 21, 22, 23, 24, 25, 26, 27, 28, 29]
[2026-05-16 02:10:16] Valid hours for sum: [12, 18, 24, 29]
[2026-05-16 02:10:18] Drought composite end date: 2018-09-22 06:00:00
[2026-05-16 02:10:19] Land cover year: 2017
[2026-05-16 02:10:20] VIIRS Veg composite: 2018-08-21 → 2018-09-06
[2026-05-16 02:10:24] Started export task: fire_261_dynamic_2018-09-26
[2026-05-16 02:10:25] ------ Processing date=2018-09-27 ------
[2026-05-16 02:10:25] Using viirs_af_path: viirs_af_path
[2026-05-16 02:10:25] VIIRS Image Date: ['2018-09-27 00:00:00']
[2026-05-16 02:10:26] Weather image size: 1
[2026-05-16 02:10:26] Forecast duration: 2018-09-28 00:00:00 to 2018-09-29 00:00:00
[2026-05-16 02:10:26] Number of forecast images: 24
[2026-05-16 02:10:26] Using forecast run: 2018-09-27 18:00:00 UTC
[2026-05-16 02:10:27] Forecast Rain Available hours: [6, 7, 8, 9, 10, 11, 12, 13, 14, 15, 16, 17, 18, 19, 20, 21, 22, 23, 24, 25, 26, 27, 28, 29]
[2026-05-16 02:10:27] Valid hours for sum: [12, 18, 24, 29]
[2026-05-16 02:10:29] Drought composite end date: 2018-09-22 06:00:00
[2026-05-16 02:10:29] Land cover year: 2017
[2026-05-16 02:10:30] VIIRS Veg composite: 2018-08-21 → 2018-09-06
[2026-05-16 02:10:34] Started export task: fire_261_dynamic_2018-09-27
[2026-05-16 02:10:35] ------ Processing date=2018-09-28 ------
[2026-05-16 02:10:35] Using viirs_af_path: viirs_af_path
[2026-05-16 02:10:35] VIIRS Image Date: ['2018-09-28 00:00:00']
[2026-05-16 02:10:35] Weather image size: 1
[2026-05-16 02:10:35] Forecast duration: 2018-09-29 00:00:00 to 2018-09-30 00:00:00
[2026-05-16 02:10:37] Number of forecast images: 24
[2026-05-16 02:10:37] Using forecast run: 2018-09-28 18:00:00 UTC
[2026-05-16 02:10:37] Forecast Rain Available hours: [6, 7, 8, 9, 10, 11, 12, 13, 14, 15, 16, 17, 18, 19, 20, 21, 22, 23, 24, 25, 26, 27, 28, 29]
[2026-05-16 02:10:37] Valid hours for sum: [12, 18, 24, 29]
[2026-05-16 02:10:40] Drought composite end date: 2018-09-27 06:00:00
[2026-05-16 02:10:40] Land cover year: 2017
[2026-05-16 02:10:41] VIIRS Veg composite: 2018-08-21 → 2018-09-06
[2026-05-16 02:10:44] Started export task: fire_261_dynamic_2018-09-28
[2026-05-16 02:10:45] ------ Processing date=2018-09-29 ------
[2026-05-16 02:10:45] Using viirs_af_path: viirs_af_path
[2026-05-16 02:10:45] VIIRS Image Date: ['2018-09-29 00:00:00']
[2026-05-16 02:10:45] Weather image size: 1
[2026-05-16 02:10:45] Forecast duration: 2018-09-30 00:00:00 to 2018-10-01 00:00:00
[2026-05-16 02:10:46] Number of forecast images: 24
[2026-05-16 02:10:46] Using forecast run: 2018-09-29 18:00:00 UTC
[2026-05-16 02:10:46] Forecast Rain Available hours: [6, 7, 8, 9, 10, 11, 12, 13, 14, 15, 16, 17, 18, 19, 20, 21, 22, 23, 24, 25, 26, 27, 28, 29]
[2026-05-16 02:10:46] Valid hours for sum: [12, 18, 24, 29]
[2026-05-16 02:10:50] Drought composite end date: 2018-09-27 06:00:00
[2026-05-16 02:10:50] Land cover year: 2017
[2026-05-16 02:10:51] VIIRS Veg composite: 2018-08-21 → 2018-09-06
[2026-05-16 02:10:54] Started export task: fire_261_dynamic_2018-09-29
[2026-05-16 02:10:55] ------ Processing date=2018-09-30 ------
[2026-05-16 02:10:55] Using viirs_af_path: viirs_af_path
[2026-05-16 02:10:55] VIIRS Image Date: ['2018-09-30 00:00:00']
[2026-05-16 02:10:55] Weather image size: 1
[2026-05-16 02:10:55] Forecast duration: 2018-10-01 00:00:00 to 2018-10-02 00:00:00
[2026-05-16 02:10:56] Number of forecast images: 24
[2026-05-16 02:10:56] Using forecast run: 2018-09-30 18:00:00 UTC
[2026-05-16 02:10:57] Forecast Rain Available hours: [6, 7, 8, 9, 10, 11, 12, 13, 14, 15, 16, 17, 18, 19, 20, 21, 22, 23, 24, 25, 26, 27, 28, 29]
[2026-05-16 02:10:57] Valid hours for sum: [12, 18, 24, 29]
[2026-05-16 02:11:00] Drought composite end date: 2018-09-27 06:00:00
[2026-05-16 02:11:01] Land cover year: 2017
[2026-05-16 02:11:02] VIIRS Veg composite: 2018-08-21 → 2018-09-06
[2026-05-16 02:11:05] Started export task: fire_261_dynamic_2018-09-30
[2026-05-16 02:11:07] ------ Processing date=2018-10-01 ------
[2026-05-16 02:11:07] Using viirs_af_path: viirs_af_path
[2026-05-16 02:11:07] VIIRS Image Date: ['2018-10-01 00:00:00']
[2026-05-16 02:11:08] Weather image size: 1
[2026-05-16 02:11:08] Forecast duration: 2018-10-02 00:00:00 to 2018-10-03 00:00:00
[2026-05-16 02:11:09] Number of forecast images: 24
[2026-05-16 02:11:09] Using forecast run: 2018-10-01 18:00:00 UTC
[2026-05-16 02:11:10] Forecast Rain Available hours: [6, 7, 8, 9, 10, 11, 12, 13, 14, 15, 16, 17, 18, 19, 20, 21, 22, 23, 24, 25, 26, 27, 28, 29]
[2026-05-16 02:11:10] Valid hours for sum: [12, 18, 24, 29]
[2026-05-16 02:11:12] Drought composite end date: 2018-09-27 06:00:00
[2026-05-16 02:11:12] Land cover year: 2017
[2026-05-16 02:11:13] VIIRS Veg composite: 2018-08-21 → 2018-09-06
[2026-05-16 02:11:16] Started export task: fire_261_dynamic_2018-10-01
[2026-05-16 02:11:16] ------ Processing date=2018-10-02 ------
[2026-05-16 02:11:16] Using viirs_af_path: viirs_af_path
[2026-05-16 02:11:17] VIIRS Image Date: ['2018-10-02 00:00:00']
[2026-05-16 02:11:17] Weather image size: 1
[2026-05-16 02:11:17] Forecast duration: 2018-10-03 00:00:00 to 2018-10-04 00:00:00
[2026-05-16 02:11:18] Number of forecast images: 24
[2026-05-16 02:11:18] Using forecast run: 2018-10-02 18:00:00 UTC
[2026-05-16 02:11:18] Forecast Rain Available hours: [6, 7, 8, 9, 10, 11, 12, 13, 14, 15, 16, 17, 18, 19, 20, 21, 22, 23, 24, 25, 26, 27, 28, 29]
[2026-05-16 02:11:18] Valid hours for sum: [12, 18, 24, 29]
[2026-05-16 02:11:20] Drought composite end date: 2018-09-27 06:00:00
[2026-05-16 02:11:21] Land cover year: 2017
[2026-05-16 02:11:22] VIIRS Veg composite: 2018-08-21 → 2018-09-06
[2026-05-16 02:11:26] Started export task: fire_261_dynamic_2018-10-02
[2026-05-16 02:11:26] ------ Processing date=2018-10-03 ------
[2026-05-16 02:11:26] Using viirs_af_path: viirs_af_path
[2026-05-16 02:11:26] VIIRS Image Date: ['2018-10-03 00:00:00']
[2026-05-16 02:11:26] Weather image size: 1
[2026-05-16 02:11:26] Forecast duration: 2018-10-04 00:00:00 to 2018-10-05 00:00:00
[2026-05-16 02:11:27] Number of forecast images: 24
[2026-05-16 02:11:27] Using forecast run: 2018-10-03 18:00:00 UTC
[2026-05-16 02:11:28] Forecast Rain Available hours: [6, 7, 8, 9, 10, 11, 12, 13, 14, 15, 16, 17, 18, 19, 20, 21, 22, 23, 24, 25, 26, 27, 28, 29]
[2026-05-16 02:11:28] Valid hours for sum: [12, 18, 24, 29]
[2026-05-16 02:11:31] Drought composite end date: 2018-10-02 06:00:00
[2026-05-16 02:11:32] Land cover year: 2017
[2026-05-16 02:11:33] VIIRS Veg composite: 2018-08-21 → 2018-09-06
[2026-05-16 02:11:36] Started export task: fire_261_dynamic_2018-10-03
[2026-05-16 02:11:37] END: ----------Event fire_261----------- (Duration: 14.81m)
[2026-05-16 02:11:37] START: ----------Event fire_262-----------
[2026-05-16 02:11:38] ------ Processing date=2018-09-04 ------
[2026-05-16 02:11:38] Using viirs_af_path: viirs_af_path
[2026-05-16 02:11:38] VIIRS Image Date: ['2018-09-04 00:00:00']
[2026-05-16 02:11:38] Weather image size: 1
[2026-05-16 02:11:38] Forecast duration: 2018-09-05 00:00:00 to 2018-09-06 00:00:00
[2026-05-16 02:11:39] Number of forecast images: 24
[2026-05-16 02:11:39] Using forecast run: 2018-09-04 18:00:00 UTC
[2026-05-16 02:11:40] Forecast Rain Available hours: [6, 7, 8, 9, 10, 11, 12, 13, 14, 15, 16, 17, 18, 19, 20, 21, 22, 23, 24, 25, 26, 27, 28, 29]
[2026-05-16 02:11:40] Valid hours for sum: [12, 18, 24, 29]
[2026-05-16 02:11:43] Drought composite end date: 2018-09-02 06:00:00
[2026-05-16 02:11:43] Land cover year: 2017
[2026-05-16 02:11:44] VIIRS Veg composite: 2018-08-21 → 2018-09-06
[2026-05-16 02:11:47] Started export task: fire_262_static
[2026-05-16 02:11:48] Started export task: fire_262_dynamic_2018-09-04
[2026-05-16 02:11:48] ------ Processing date=2018-09-05 ------
[2026-05-16 02:11:48] Using viirs_af_path: viirs_af_path
[2026-05-16 02:11:49] VIIRS Image Date: ['2018-09-05 00:00:00']
[2026-05-16 02:11:49] Weather image size: 1
[2026-05-16 02:11:49] Forecast duration: 2018-09-06 00:00:00 to 2018-09-07 00:00:00
[2026-05-16 02:11:50] Number of forecast images: 24
[2026-05-16 02:11:50] Using forecast run: 2018-09-05 18:00:00 UTC
[2026-05-16 02:11:50] Forecast Rain Available hours: [6, 7, 8, 9, 10, 11, 12, 13, 14, 15, 16, 17, 18, 19, 20, 21, 22, 23, 24, 25, 26, 27, 28, 29]
[2026-05-16 02:11:50] Valid hours for sum: [12, 18, 24, 29]
[2026-05-16 02:11:53] Drought composite end date: 2018-09-02 06:00:00
[2026-05-16 02:11:53] Land cover year: 2017
[2026-05-16 02:11:55] VIIRS Veg composite: 2018-08-21 → 2018-09-06
[2026-05-16 02:11:59] Started export task: fire_262_dynamic_2018-09-05
[2026-05-16 02:11:59] ------ Processing date=2018-09-06 ------
[2026-05-16 02:11:59] Using viirs_af_path: viirs_af_path
[2026-05-16 02:12:00] VIIRS Image Date: ['2018-09-06 00:00:00']
[2026-05-16 02:12:00] Weather image size: 1
[2026-05-16 02:12:00] Forecast duration: 2018-09-07 00:00:00 to 2018-09-08 00:00:00
[2026-05-16 02:12:01] Number of forecast images: 24
[2026-05-16 02:12:01] Using forecast run: 2018-09-06 18:00:00 UTC
[2026-05-16 02:12:01] Forecast Rain Available hours: [6, 7, 8, 9, 10, 11, 12, 13, 14, 15, 16, 17, 18, 19, 20, 21, 22, 23, 24, 25, 26, 27, 28, 29]
[2026-05-16 02:12:01] Valid hours for sum: [12, 18, 24, 29]
[2026-05-16 02:12:03] Drought composite end date: 2018-09-02 06:00:00
[2026-05-16 02:12:03] Land cover year: 2017
[2026-05-16 02:12:05] VIIRS Veg composite: 2018-08-21 → 2018-09-06
[2026-05-16 02:12:08] Started export task: fire_262_dynamic_2018-09-06
[2026-05-16 02:12:09] ------ Processing date=2018-09-07 ------
[2026-05-16 02:12:09] Using viirs_af_path: viirs_af_path
[2026-05-16 02:12:09] VIIRS Image Date: ['2018-09-07 00:00:00']
[2026-05-16 02:12:09] Weather image size: 1
[2026-05-16 02:12:09] Forecast duration: 2018-09-08 00:00:00 to 2018-09-09 00:00:00
[2026-05-16 02:12:10] Number of forecast images: 24
[2026-05-16 02:12:10] Using forecast run: 2018-09-07 18:00:00 UTC
[2026-05-16 02:12:11] Forecast Rain Available hours: [6, 7, 8, 9, 10, 11, 12, 13, 14, 15, 16, 17, 18, 19, 20, 21, 22, 23, 24, 25, 26, 27, 28, 29]
[2026-05-16 02:12:11] Valid hours for sum: [12, 18, 24, 29]
[2026-05-16 02:12:13] Drought composite end date: 2018-09-02 06:00:00
[2026-05-16 02:12:13] Land cover year: 2017
[2026-05-16 02:12:14] VIIRS Veg composite: 2018-08-21 → 2018-09-06
[2026-05-16 02:12:18] Started export task: fire_262_dynamic_2018-09-07
[2026-05-16 02:12:19] ------ Processing date=2018-09-08 ------
[2026-05-16 02:12:19] Using viirs_af_path: viirs_af_path
[2026-05-16 02:12:19] VIIRS Image Date: ['2018-09-08 00:00:00']
[2026-05-16 02:12:19] Weather image size: 1
[2026-05-16 02:12:19] Forecast duration: 2018-09-09 00:00:00 to 2018-09-10 00:00:00
[2026-05-16 02:12:20] Number of forecast images: 24
[2026-05-16 02:12:20] Using forecast run: 2018-09-08 18:00:00 UTC
[2026-05-16 02:12:21] Forecast Rain Available hours: [6, 7, 8, 9, 10, 11, 12, 13, 14, 15, 16, 17, 18, 19, 20, 21, 22, 23, 24, 25, 26, 27, 28, 29]
[2026-05-16 02:12:21] Valid hours for sum: [12, 18, 24, 29]
[2026-05-16 02:12:23] Drought composite end date: 2018-09-07 06:00:00
[2026-05-16 02:12:24] Land cover year: 2017
[2026-05-16 02:12:25] VIIRS Veg composite: 2018-08-21 → 2018-09-06
[2026-05-16 02:12:30] Started export task: fire_262_dynamic_2018-09-08
[2026-05-16 02:12:30] ------ Processing date=2018-09-09 ------
[2026-05-16 02:12:30] Using viirs_af_path: viirs_af_path
[2026-05-16 02:12:30] VIIRS Image Date: ['2018-09-09 00:00:00']
[2026-05-16 02:12:31] Weather image size: 1
[2026-05-16 02:12:31] Forecast duration: 2018-09-10 00:00:00 to 2018-09-11 00:00:00
[2026-05-16 02:12:31] Number of forecast images: 24
[2026-05-16 02:12:31] Using forecast run: 2018-09-09 18:00:00 UTC
[2026-05-16 02:12:33] Forecast Rain Available hours: [6, 7, 8, 9, 10, 11, 12, 13, 14, 15, 16, 17, 18, 19, 20, 21, 22, 23, 24, 25, 26, 27, 28, 29]
[2026-05-16 02:12:33] Valid hours for sum: [12, 18, 24, 29]
[2026-05-16 02:12:35] Drought composite end date: 2018-09-07 06:00:00
[2026-05-16 02:12:36] Land cover year: 2017
[2026-05-16 02:12:37] VIIRS Veg composite: 2018-08-21 → 2018-09-06
[2026-05-16 02:12:40] Started export task: fire_262_dynamic_2018-09-09
[2026-05-16 02:12:41] ------ Processing date=2018-09-10 ------
[2026-05-16 02:12:41] Using viirs_af_path: viirs_af_path
[2026-05-16 02:12:41] VIIRS Image Date: ['2018-09-10 00:00:00']
[2026-05-16 02:12:41] Weather image size: 1
[2026-05-16 02:12:41] Forecast duration: 2018-09-11 00:00:00 to 2018-09-12 00:00:00
[2026-05-16 02:12:42] Number of forecast images: 24
[2026-05-16 02:12:42] Using forecast run: 2018-09-10 18:00:00 UTC
[2026-05-16 02:12:42] Forecast Rain Available hours: [6, 7, 8, 9, 10, 11, 12, 13, 14, 15, 16, 17, 18, 19, 20, 21, 22, 23, 24, 25, 26, 27, 28, 29]
[2026-05-16 02:12:42] Valid hours for sum: [12, 18, 24, 29]
[2026-05-16 02:12:45] Drought composite end date: 2018-09-07 06:00:00
[2026-05-16 02:12:45] Land cover year: 2017
[2026-05-16 02:12:46] VIIRS Veg composite: 2018-08-21 → 2018-09-06
[2026-05-16 02:12:50] Started export task: fire_262_dynamic_2018-09-10
[2026-05-16 02:12:50] ------ Processing date=2018-09-11 ------
[2026-05-16 02:12:50] Using viirs_af_path: viirs_af_path
[2026-05-16 02:12:51] VIIRS Image Date: ['2018-09-11 00:00:00']
[2026-05-16 02:12:51] Weather image size: 1
[2026-05-16 02:12:51] Forecast duration: 2018-09-12 00:00:00 to 2018-09-13 00:00:00
[2026-05-16 02:12:52] Number of forecast images: 24
[2026-05-16 02:12:52] Using forecast run: 2018-09-11 18:00:00 UTC
[2026-05-16 02:12:52] Forecast Rain Available hours: [6, 7, 8, 9, 10, 11, 12, 13, 14, 15, 16, 17, 18, 19, 20, 21, 22, 23, 24, 25, 26, 27, 28, 29]
[2026-05-16 02:12:52] Valid hours for sum: [12, 18, 24, 29]
[2026-05-16 02:12:54] Drought composite end date: 2018-09-07 06:00:00
[2026-05-16 02:12:54] Land cover year: 2017
[2026-05-16 02:12:55] VIIRS Veg composite: 2018-08-21 → 2018-09-06
[2026-05-16 02:12:58] Started export task: fire_262_dynamic_2018-09-11
[2026-05-16 02:12:59] ------ Processing date=2018-09-12 ------
[2026-05-16 02:12:59] Using viirs_af_path: viirs_af_path
[2026-05-16 02:12:59] VIIRS Image Date: ['2018-09-12 00:00:00']
[2026-05-16 02:12:59] Weather image size: 1
[2026-05-16 02:12:59] Forecast duration: 2018-09-13 00:00:00 to 2018-09-14 00:00:00
[2026-05-16 02:13:01] Number of forecast images: 24
[2026-05-16 02:13:01] Using forecast run: 2018-09-12 18:00:00 UTC
[2026-05-16 02:13:01] Forecast Rain Available hours: [6, 7, 8, 9, 10, 11, 12, 13, 14, 15, 16, 17, 18, 19, 20, 21, 22, 23, 24, 25, 26, 27, 28, 29]
[2026-05-16 02:13:01] Valid hours for sum: [12, 18, 24, 29]
[2026-05-16 02:13:03] Drought composite end date: 2018-09-07 06:00:00
[2026-05-16 02:13:03] Land cover year: 2017
[2026-05-16 02:13:05] VIIRS Veg composite: 2018-08-21 → 2018-09-06
[2026-05-16 02:13:08] Started export task: fire_262_dynamic_2018-09-12
[2026-05-16 02:13:09] ------ Processing date=2018-09-13 ------
[2026-05-16 02:13:09] Using viirs_af_path: viirs_af_path
[2026-05-16 02:13:09] VIIRS Image Date: ['2018-09-13 00:00:00']
[2026-05-16 02:13:09] Weather image size: 1
[2026-05-16 02:13:09] Forecast duration: 2018-09-14 00:00:00 to 2018-09-15 00:00:00
[2026-05-16 02:13:10] Number of forecast images: 24
[2026-05-16 02:13:10] Using forecast run: 2018-09-13 18:00:00 UTC
[2026-05-16 02:13:11] Forecast Rain Available hours: [6, 7, 8, 9, 10, 11, 12, 13, 14, 15, 16, 17, 18, 19, 20, 21, 22, 23, 24, 25, 26, 27, 28, 29]
[2026-05-16 02:13:11] Valid hours for sum: [12, 18, 24, 29]
[2026-05-16 02:13:13] Drought composite end date: 2018-09-12 06:00:00
[2026-05-16 02:13:14] Land cover year: 2017
[2026-05-16 02:13:16] VIIRS Veg composite: 2018-08-21 → 2018-09-06
[2026-05-16 02:13:19] Started export task: fire_262_dynamic_2018-09-13
[2026-05-16 02:13:20] ------ Processing date=2018-09-14 ------
[2026-05-16 02:13:20] Using viirs_af_path: viirs_af_path
[2026-05-16 02:13:20] VIIRS Image Date: ['2018-09-14 00:00:00']
[2026-05-16 02:13:21] Weather image size: 1
[2026-05-16 02:13:21] Forecast duration: 2018-09-15 00:00:00 to 2018-09-16 00:00:00
[2026-05-16 02:13:22] Number of forecast images: 24
[2026-05-16 02:13:22] Using forecast run: 2018-09-14 18:00:00 UTC
[2026-05-16 02:13:22] Forecast Rain Available hours: [6, 7, 8, 9, 10, 11, 12, 13, 14, 15, 16, 17, 18, 19, 20, 21, 22, 23, 24, 25, 26, 27, 28, 29]
[2026-05-16 02:13:22] Valid hours for sum: [12, 18, 24, 29]
[2026-05-16 02:13:24] Drought composite end date: 2018-09-12 06:00:00
[2026-05-16 02:13:24] Land cover year: 2017
[2026-05-16 02:13:25] VIIRS Veg composite: 2018-08-21 → 2018-09-06
[2026-05-16 02:13:29] Started export task: fire_262_dynamic_2018-09-14
[2026-05-16 02:13:30] ------ Processing date=2018-09-15 ------
[2026-05-16 02:13:30] Using viirs_af_path: viirs_af_path
[2026-05-16 02:13:30] VIIRS Image Date: ['2018-09-15 00:00:00']
[2026-05-16 02:13:30] Weather image size: 1
[2026-05-16 02:13:30] Forecast duration: 2018-09-16 00:00:00 to 2018-09-17 00:00:00
[2026-05-16 02:13:31] Number of forecast images: 24
[2026-05-16 02:13:31] Using forecast run: 2018-09-15 18:00:00 UTC
[2026-05-16 02:13:32] Forecast Rain Available hours: [6, 7, 8, 9, 10, 11, 12, 13, 14, 15, 16, 17, 18, 19, 20, 21, 22, 23, 24, 25, 26, 27, 28, 29]
[2026-05-16 02:13:32] Valid hours for sum: [12, 18, 24, 29]
[2026-05-16 02:13:35] Drought composite end date: 2018-09-12 06:00:00
[2026-05-16 02:13:35] Land cover year: 2017
[2026-05-16 02:13:36] VIIRS Veg composite: 2018-08-21 → 2018-09-06
[2026-05-16 02:13:41] Started export task: fire_262_dynamic_2018-09-15
[2026-05-16 02:13:41] ------ Processing date=2018-09-16 ------
[2026-05-16 02:13:41] Using viirs_af_path: viirs_af_path
[2026-05-16 02:13:41] VIIRS Image Date: ['2018-09-16 00:00:00']
[2026-05-16 02:13:42] Weather image size: 1
[2026-05-16 02:13:42] Forecast duration: 2018-09-17 00:00:00 to 2018-09-18 00:00:00
[2026-05-16 02:13:42] Number of forecast images: 24
[2026-05-16 02:13:42] Using forecast run: 2018-09-16 18:00:00 UTC
[2026-05-16 02:13:43] Forecast Rain Available hours: [6, 7, 8, 9, 10, 11, 12, 13, 14, 15, 16, 17, 18, 19, 20, 21, 22, 23, 24, 25, 26, 27, 28, 29]
[2026-05-16 02:13:43] Valid hours for sum: [12, 18, 24, 29]
[2026-05-16 02:13:46] Drought composite end date: 2018-09-12 06:00:00
[2026-05-16 02:13:47] Land cover year: 2017
[2026-05-16 02:13:48] VIIRS Veg composite: 2018-08-21 → 2018-09-06
[2026-05-16 02:13:52] Started export task: fire_262_dynamic_2018-09-16
[2026-05-16 02:13:52] ------ Processing date=2018-09-17 ------
[2026-05-16 02:13:52] Using viirs_af_path: viirs_af_path
[2026-05-16 02:13:52] VIIRS Image Date: ['2018-09-17 00:00:00']
[2026-05-16 02:13:53] Weather image size: 1
[2026-05-16 02:13:53] Forecast duration: 2018-09-18 00:00:00 to 2018-09-19 00:00:00
[2026-05-16 02:13:54] Number of forecast images: 24
[2026-05-16 02:13:54] Using forecast run: 2018-09-17 18:00:00 UTC
[2026-05-16 02:13:54] Forecast Rain Available hours: [6, 7, 8, 9, 10, 11, 12, 13, 14, 15, 16, 17, 18, 19, 20, 21, 22, 23, 24, 25, 26, 27, 28, 29]
[2026-05-16 02:13:54] Valid hours for sum: [12, 18, 24, 29]
[2026-05-16 02:13:56] Drought composite end date: 2018-09-12 06:00:00
[2026-05-16 02:13:56] Land cover year: 2017
[2026-05-16 02:13:57] VIIRS Veg composite: 2018-08-21 → 2018-09-06
[2026-05-16 02:14:02] Started export task: fire_262_dynamic_2018-09-17
[2026-05-16 02:14:03] ------ Processing date=2018-09-18 ------
[2026-05-16 02:14:03] Using viirs_af_path: viirs_af_path
[2026-05-16 02:14:03] VIIRS Image Date: ['2018-09-18 00:00:00']
[2026-05-16 02:14:03] Weather image size: 1
[2026-05-16 02:14:03] Forecast duration: 2018-09-19 00:00:00 to 2018-09-20 00:00:00
[2026-05-16 02:14:04] Number of forecast images: 24
[2026-05-16 02:14:04] Using forecast run: 2018-09-18 18:00:00 UTC
[2026-05-16 02:14:04] Forecast Rain Available hours: [6, 7, 8, 9, 10, 11, 12, 13, 14, 15, 16, 17, 18, 19, 20, 21, 22, 23, 24, 25, 26, 27, 28, 29]
[2026-05-16 02:14:04] Valid hours for sum: [12, 18, 24, 29]
[2026-05-16 02:14:06] Drought composite end date: 2018-09-17 06:00:00
[2026-05-16 02:14:06] Land cover year: 2017
[2026-05-16 02:14:08] VIIRS Veg composite: 2018-08-21 → 2018-09-06
[2026-05-16 02:14:11] Started export task: fire_262_dynamic_2018-09-18
[2026-05-16 02:14:12] ------ Processing date=2018-09-19 ------
[2026-05-16 02:14:12] Using viirs_af_path: viirs_af_path
[2026-05-16 02:14:12] VIIRS Image Date: ['2018-09-19 00:00:00']
[2026-05-16 02:14:12] Weather image size: 1
[2026-05-16 02:14:12] Forecast duration: 2018-09-20 00:00:00 to 2018-09-21 00:00:00
[2026-05-16 02:14:13] Number of forecast images: 24
[2026-05-16 02:14:13] Using forecast run: 2018-09-19 18:00:00 UTC
[2026-05-16 02:14:13] Forecast Rain Available hours: [6, 7, 8, 9, 10, 11, 12, 13, 14, 15, 16, 17, 18, 19, 20, 21, 22, 23, 24, 25, 26, 27, 28, 29]
[2026-05-16 02:14:13] Valid hours for sum: [12, 18, 24, 29]
[2026-05-16 02:14:16] Drought composite end date: 2018-09-17 06:00:00
[2026-05-16 02:14:17] Land cover year: 2017
[2026-05-16 02:14:18] VIIRS Veg composite: 2018-08-21 → 2018-09-06
[2026-05-16 02:14:22] Started export task: fire_262_dynamic_2018-09-19
[2026-05-16 02:14:22] ------ Processing date=2018-09-20 ------
[2026-05-16 02:14:22] Using viirs_af_path: viirs_af_path
[2026-05-16 02:14:22] VIIRS Image Date: ['2018-09-20 00:00:00']
[2026-05-16 02:14:23] Weather image size: 1
[2026-05-16 02:14:23] Forecast duration: 2018-09-21 00:00:00 to 2018-09-22 00:00:00
[2026-05-16 02:14:23] Number of forecast images: 24
[2026-05-16 02:14:23] Using forecast run: 2018-09-20 18:00:00 UTC
[2026-05-16 02:14:24] Forecast Rain Available hours: [6, 7, 8, 9, 10, 11, 12, 13, 14, 15, 16, 17, 18, 19, 20, 21, 22, 23, 24, 25, 26, 27, 28, 29]
[2026-05-16 02:14:24] Valid hours for sum: [12, 18, 24, 29]
[2026-05-16 02:14:26] Drought composite end date: 2018-09-17 06:00:00
[2026-05-16 02:14:26] Land cover year: 2017
[2026-05-16 02:14:27] VIIRS Veg composite: 2018-08-21 → 2018-09-06
[2026-05-16 02:14:31] Started export task: fire_262_dynamic_2018-09-20
[2026-05-16 02:14:31] ------ Processing date=2018-09-21 ------
[2026-05-16 02:14:31] Using viirs_af_path: viirs_af_path
[2026-05-16 02:14:31] VIIRS Image Date: ['2018-09-21 00:00:00']
[2026-05-16 02:14:32] Weather image size: 1
[2026-05-16 02:14:32] Forecast duration: 2018-09-22 00:00:00 to 2018-09-23 00:00:00
[2026-05-16 02:14:33] Number of forecast images: 24
[2026-05-16 02:14:33] Using forecast run: 2018-09-21 18:00:00 UTC
[2026-05-16 02:14:34] Forecast Rain Available hours: [6, 7, 8, 9, 10, 11, 12, 13, 14, 15, 16, 17, 18, 19, 20, 21, 22, 23, 24, 25, 26, 27, 28, 29]
[2026-05-16 02:14:34] Valid hours for sum: [12, 18, 24, 29]
[2026-05-16 02:14:35] Drought composite end date: 2018-09-17 06:00:00
[2026-05-16 02:14:35] Land cover year: 2017
[2026-05-16 02:14:36] VIIRS Veg composite: 2018-08-21 → 2018-09-06
[2026-05-16 02:14:41] Started export task: fire_262_dynamic_2018-09-21
[2026-05-16 02:14:41] ------ Processing date=2018-09-22 ------
[2026-05-16 02:14:41] Using viirs_af_path: viirs_af_path
[2026-05-16 02:14:41] VIIRS Image Date: ['2018-09-22 00:00:00']
[2026-05-16 02:14:42] Weather image size: 1
[2026-05-16 02:14:42] Forecast duration: 2018-09-23 00:00:00 to 2018-09-24 00:00:00
[2026-05-16 02:14:43] Number of forecast images: 24
[2026-05-16 02:14:43] Using forecast run: 2018-09-22 18:00:00 UTC
[2026-05-16 02:14:43] Forecast Rain Available hours: [6, 7, 8, 9, 10, 11, 12, 13, 14, 15, 16, 17, 18, 19, 20, 21, 22, 23, 24, 25, 26, 27, 28, 29]
[2026-05-16 02:14:43] Valid hours for sum: [12, 18, 24, 29]
[2026-05-16 02:14:45] Drought composite end date: 2018-09-17 06:00:00
[2026-05-16 02:14:46] Land cover year: 2017
[2026-05-16 02:14:47] VIIRS Veg composite: 2018-08-21 → 2018-09-06
[2026-05-16 02:14:50] Started export task: fire_262_dynamic_2018-09-22
[2026-05-16 02:14:50] ------ Processing date=2018-09-23 ------
[2026-05-16 02:14:50] Using viirs_af_path: viirs_af_path
[2026-05-16 02:14:51] VIIRS Image Date: ['2018-09-23 00:00:00']
[2026-05-16 02:14:51] Weather image size: 1
[2026-05-16 02:14:51] Forecast duration: 2018-09-24 00:00:00 to 2018-09-25 00:00:00
[2026-05-16 02:14:52] Number of forecast images: 24
[2026-05-16 02:14:52] Using forecast run: 2018-09-23 18:00:00 UTC
[2026-05-16 02:14:53] Forecast Rain Available hours: [6, 7, 8, 9, 10, 11, 12, 13, 14, 15, 16, 17, 18, 19, 20, 21, 22, 23, 24, 25, 26, 27, 28, 29]
[2026-05-16 02:14:53] Valid hours for sum: [12, 18, 24, 29]
[2026-05-16 02:14:56] Drought composite end date: 2018-09-22 06:00:00
[2026-05-16 02:14:56] Land cover year: 2017
[2026-05-16 02:14:57] VIIRS Veg composite: 2018-08-21 → 2018-09-06
[2026-05-16 02:15:01] Started export task: fire_262_dynamic_2018-09-23
[2026-05-16 02:15:02] ------ Processing date=2018-09-24 ------
[2026-05-16 02:15:02] Using viirs_af_path: viirs_af_path
[2026-05-16 02:15:02] VIIRS Image Date: ['2018-09-24 00:00:00']
[2026-05-16 02:15:02] Weather image size: 1
[2026-05-16 02:15:02] Forecast duration: 2018-09-25 00:00:00 to 2018-09-26 00:00:00
[2026-05-16 02:15:04] Number of forecast images: 24
[2026-05-16 02:15:04] Using forecast run: 2018-09-24 18:00:00 UTC
[2026-05-16 02:15:04] Forecast Rain Available hours: [6, 7, 8, 9, 10, 11, 12, 13, 14, 15, 16, 17, 18, 19, 20, 21, 22, 23, 24, 25, 26, 27, 28, 29]
[2026-05-16 02:15:04] Valid hours for sum: [12, 18, 24, 29]
[2026-05-16 02:15:07] Drought composite end date: 2018-09-22 06:00:00
[2026-05-16 02:15:07] Land cover year: 2017
[2026-05-16 02:15:08] VIIRS Veg composite: 2018-08-21 → 2018-09-06
[2026-05-16 02:15:12] Started export task: fire_262_dynamic_2018-09-24
[2026-05-16 02:15:13] ------ Processing date=2018-09-25 ------
[2026-05-16 02:15:13] Using viirs_af_path: viirs_af_path
[2026-05-16 02:15:13] VIIRS Image Date: ['2018-09-25 00:00:00']
[2026-05-16 02:15:14] Weather image size: 1
[2026-05-16 02:15:14] Forecast duration: 2018-09-26 00:00:00 to 2018-09-27 00:00:00
[2026-05-16 02:15:14] Number of forecast images: 24
[2026-05-16 02:15:14] Using forecast run: 2018-09-25 18:00:00 UTC
[2026-05-16 02:15:15] Forecast Rain Available hours: [6, 7, 8, 9, 10, 11, 12, 13, 14, 15, 16, 17, 18, 19, 20, 21, 22, 23, 24, 25, 26, 27, 28, 29]
[2026-05-16 02:15:15] Valid hours for sum: [12, 18, 24, 29]
[2026-05-16 02:15:16] Drought composite end date: 2018-09-22 06:00:00
[2026-05-16 02:15:16] Land cover year: 2017
[2026-05-16 02:15:17] VIIRS Veg composite: 2018-08-21 → 2018-09-06
[2026-05-16 02:15:20] Started export task: fire_262_dynamic_2018-09-25
[2026-05-16 02:15:20] ------ Processing date=2018-09-26 ------
[2026-05-16 02:15:20] Using viirs_af_path: viirs_af_path
[2026-05-16 02:15:21] VIIRS Image Date: ['2018-09-26 00:00:00']
[2026-05-16 02:15:21] Weather image size: 1
[2026-05-16 02:15:21] Forecast duration: 2018-09-27 00:00:00 to 2018-09-28 00:00:00
[2026-05-16 02:15:21] Number of forecast images: 24
[2026-05-16 02:15:21] Using forecast run: 2018-09-26 18:00:00 UTC
[2026-05-16 02:15:22] Forecast Rain Available hours: [6, 7, 8, 9, 10, 11, 12, 13, 14, 15, 16, 17, 18, 19, 20, 21, 22, 23, 24, 25, 26, 27, 28, 29]
[2026-05-16 02:15:22] Valid hours for sum: [12, 18, 24, 29]
[2026-05-16 02:15:25] Drought composite end date: 2018-09-22 06:00:00
[2026-05-16 02:15:25] Land cover year: 2017
[2026-05-16 02:15:26] VIIRS Veg composite: 2018-08-21 → 2018-09-06
[2026-05-16 02:15:30] Started export task: fire_262_dynamic_2018-09-26
[2026-05-16 02:15:30] ------ Processing date=2018-09-27 ------
[2026-05-16 02:15:30] Using viirs_af_path: viirs_af_path
[2026-05-16 02:15:31] VIIRS Image Date: ['2018-09-27 00:00:00']
[2026-05-16 02:15:31] Weather image size: 1
[2026-05-16 02:15:31] Forecast duration: 2018-09-28 00:00:00 to 2018-09-29 00:00:00
[2026-05-16 02:15:32] Number of forecast images: 24
[2026-05-16 02:15:32] Using forecast run: 2018-09-27 18:00:00 UTC
[2026-05-16 02:15:32] Forecast Rain Available hours: [6, 7, 8, 9, 10, 11, 12, 13, 14, 15, 16, 17, 18, 19, 20, 21, 22, 23, 24, 25, 26, 27, 28, 29]
[2026-05-16 02:15:32] Valid hours for sum: [12, 18, 24, 29]
[2026-05-16 02:15:34] Drought composite end date: 2018-09-22 06:00:00
[2026-05-16 02:15:34] Land cover year: 2017
[2026-05-16 02:15:35] VIIRS Veg composite: 2018-08-21 → 2018-09-06
[2026-05-16 02:15:38] Started export task: fire_262_dynamic_2018-09-27
[2026-05-16 02:15:39] ------ Processing date=2018-09-28 ------
[2026-05-16 02:15:39] Using viirs_af_path: viirs_af_path
[2026-05-16 02:15:39] VIIRS Image Date: ['2018-09-28 00:00:00']
[2026-05-16 02:15:39] Weather image size: 1
[2026-05-16 02:15:39] Forecast duration: 2018-09-29 00:00:00 to 2018-09-30 00:00:00
[2026-05-16 02:15:40] Number of forecast images: 24
[2026-05-16 02:15:40] Using forecast run: 2018-09-28 18:00:00 UTC
[2026-05-16 02:15:41] Forecast Rain Available hours: [6, 7, 8, 9, 10, 11, 12, 13, 14, 15, 16, 17, 18, 19, 20, 21, 22, 23, 24, 25, 26, 27, 28, 29]
[2026-05-16 02:15:41] Valid hours for sum: [12, 18, 24, 29]
[2026-05-16 02:15:42] Drought composite end date: 2018-09-27 06:00:00
[2026-05-16 02:15:43] Land cover year: 2017
[2026-05-16 02:15:43] VIIRS Veg composite: 2018-08-21 → 2018-09-06
[2026-05-16 02:15:48] Started export task: fire_262_dynamic_2018-09-28
[2026-05-16 02:15:50] ------ Processing date=2018-09-29 ------
[2026-05-16 02:15:50] Using viirs_af_path: viirs_af_path
[2026-05-16 02:15:50] VIIRS Image Date: ['2018-09-29 00:00:00']
[2026-05-16 02:15:50] Weather image size: 1
[2026-05-16 02:15:50] Forecast duration: 2018-09-30 00:00:00 to 2018-10-01 00:00:00
[2026-05-16 02:15:51] Number of forecast images: 24
[2026-05-16 02:15:51] Using forecast run: 2018-09-29 18:00:00 UTC
[2026-05-16 02:15:51] Forecast Rain Available hours: [6, 7, 8, 9, 10, 11, 12, 13, 14, 15, 16, 17, 18, 19, 20, 21, 22, 23, 24, 25, 26, 27, 28, 29]
[2026-05-16 02:15:51] Valid hours for sum: [12, 18, 24, 29]
[2026-05-16 02:15:54] Drought composite end date: 2018-09-27 06:00:00
[2026-05-16 02:15:54] Land cover year: 2017
[2026-05-16 02:15:56] VIIRS Veg composite: 2018-08-21 → 2018-09-06
[2026-05-16 02:16:00] Started export task: fire_262_dynamic_2018-09-29
[2026-05-16 02:16:01] ------ Processing date=2018-09-30 ------
[2026-05-16 02:16:01] Using viirs_af_path: viirs_af_path
[2026-05-16 02:16:01] VIIRS Image Date: ['2018-09-30 00:00:00']
[2026-05-16 02:16:03] Weather image size: 1
[2026-05-16 02:16:03] Forecast duration: 2018-10-01 00:00:00 to 2018-10-02 00:00:00
[2026-05-16 02:16:03] Number of forecast images: 24
[2026-05-16 02:16:03] Using forecast run: 2018-09-30 18:00:00 UTC
[2026-05-16 02:16:04] Forecast Rain Available hours: [6, 7, 8, 9, 10, 11, 12, 13, 14, 15, 16, 17, 18, 19, 20, 21, 22, 23, 24, 25, 26, 27, 28, 29]
[2026-05-16 02:16:04] Valid hours for sum: [12, 18, 24, 29]
[2026-05-16 02:16:06] Drought composite end date: 2018-09-27 06:00:00
[2026-05-16 02:16:06] Land cover year: 2017
[2026-05-16 02:16:07] VIIRS Veg composite: 2018-08-21 → 2018-09-06
[2026-05-16 02:16:11] Started export task: fire_262_dynamic_2018-09-30
[2026-05-16 02:16:11] ------ Processing date=2018-10-01 ------
[2026-05-16 02:16:11] Using viirs_af_path: viirs_af_path
[2026-05-16 02:16:12] VIIRS Image Date: ['2018-10-01 00:00:00']
[2026-05-16 02:16:12] Weather image size: 1
[2026-05-16 02:16:12] Forecast duration: 2018-10-02 00:00:00 to 2018-10-03 00:00:00
[2026-05-16 02:16:13] Number of forecast images: 24
[2026-05-16 02:16:13] Using forecast run: 2018-10-01 18:00:00 UTC
[2026-05-16 02:16:14] Forecast Rain Available hours: [6, 7, 8, 9, 10, 11, 12, 13, 14, 15, 16, 17, 18, 19, 20, 21, 22, 23, 24, 25, 26, 27, 28, 29]
[2026-05-16 02:16:14] Valid hours for sum: [12, 18, 24, 29]
[2026-05-16 02:16:16] Drought composite end date: 2018-09-27 06:00:00
[2026-05-16 02:16:17] Land cover year: 2017
[2026-05-16 02:16:18] VIIRS Veg composite: 2018-08-21 → 2018-09-06
[2026-05-16 02:16:21] Started export task: fire_262_dynamic_2018-10-01
[2026-05-16 02:16:21] ------ Processing date=2018-10-02 ------
[2026-05-16 02:16:21] Using viirs_af_path: viirs_af_path
[2026-05-16 02:16:21] VIIRS Image Date: ['2018-10-02 00:00:00']
[2026-05-16 02:16:22] Weather image size: 1
[2026-05-16 02:16:22] Forecast duration: 2018-10-03 00:00:00 to 2018-10-04 00:00:00
[2026-05-16 02:16:22] Number of forecast images: 24
[2026-05-16 02:16:22] Using forecast run: 2018-10-02 18:00:00 UTC
[2026-05-16 02:16:23] Forecast Rain Available hours: [6, 7, 8, 9, 10, 11, 12, 13, 14, 15, 16, 17, 18, 19, 20, 21, 22, 23, 24, 25, 26, 27, 28, 29]
[2026-05-16 02:16:23] Valid hours for sum: [12, 18, 24, 29]
[2026-05-16 02:16:25] Drought composite end date: 2018-09-27 06:00:00
[2026-05-16 02:16:25] Land cover year: 2017
[2026-05-16 02:16:26] VIIRS Veg composite: 2018-08-21 → 2018-09-06
[2026-05-16 02:16:30] Started export task: fire_262_dynamic_2018-10-02
[2026-05-16 02:16:31] ------ Processing date=2018-10-03 ------
[2026-05-16 02:16:31] Using viirs_af_path: viirs_af_path
[2026-05-16 02:16:32] VIIRS Image Date: ['2018-10-03 00:00:00']
[2026-05-16 02:16:32] Weather image size: 1
[2026-05-16 02:16:32] Forecast duration: 2018-10-04 00:00:00 to 2018-10-05 00:00:00
[2026-05-16 02:16:33] Number of forecast images: 24
[2026-05-16 02:16:33] Using forecast run: 2018-10-03 18:00:00 UTC
[2026-05-16 02:16:34] Forecast Rain Available hours: [6, 7, 8, 9, 10, 11, 12, 13, 14, 15, 16, 17, 18, 19, 20, 21, 22, 23, 24, 25, 26, 27, 28, 29]
[2026-05-16 02:16:34] Valid hours for sum: [12, 18, 24, 29]
[2026-05-16 02:16:37] Drought composite end date: 2018-10-02 06:00:00
[2026-05-16 02:16:37] Land cover year: 2017
[2026-05-16 02:16:39] VIIRS Veg composite: 2018-08-21 → 2018-09-06
[2026-05-16 02:16:42] Started export task: fire_262_dynamic_2018-10-03
[2026-05-16 02:16:43] END: ----------Event fire_262----------- (Duration: 5.09m)
[2026-05-16 02:16:43] START: ----------Event fire_263-----------
[2026-05-16 02:16:43] ------ Processing date=2018-09-04 ------
[2026-05-16 02:16:43] Using viirs_af_path: viirs_af_path
[2026-05-16 02:16:43] VIIRS Image Date: ['2018-09-04 00:00:00']
[2026-05-16 02:16:44] Weather image size: 1
[2026-05-16 02:16:44] Forecast duration: 2018-09-05 00:00:00 to 2018-09-06 00:00:00
[2026-05-16 02:16:45] Number of forecast images: 24
[2026-05-16 02:16:45] Using forecast run: 2018-09-04 18:00:00 UTC
[2026-05-16 02:16:45] Forecast Rain Available hours: [6, 7, 8, 9, 10, 11, 12, 13, 14, 15, 16, 17, 18, 19, 20, 21, 22, 23, 24, 25, 26, 27, 28, 29]
[2026-05-16 02:16:45] Valid hours for sum: [12, 18, 24, 29]
[2026-05-16 02:16:47] Drought composite end date: 2018-09-02 06:00:00
[2026-05-16 02:16:47] Land cover year: 2017
[2026-05-16 02:16:48] VIIRS Veg composite: 2018-08-21 → 2018-09-06
[2026-05-16 02:16:50] Started export task: fire_263_static
[2026-05-16 02:16:50] Started export task: fire_263_dynamic_2018-09-04
[2026-05-16 02:16:51] ------ Processing date=2018-09-05 ------
[2026-05-16 02:16:51] Using viirs_af_path: viirs_af_path
[2026-05-16 02:16:51] VIIRS Image Date: ['2018-09-05 00:00:00']
[2026-05-16 02:16:51] Weather image size: 1
[2026-05-16 02:16:51] Forecast duration: 2018-09-06 00:00:00 to 2018-09-07 00:00:00
[2026-05-16 02:16:52] Number of forecast images: 24
[2026-05-16 02:16:52] Using forecast run: 2018-09-05 18:00:00 UTC
[2026-05-16 02:16:52] Forecast Rain Available hours: [6, 7, 8, 9, 10, 11, 12, 13, 14, 15, 16, 17, 18, 19, 20, 21, 22, 23, 24, 25, 26, 27, 28, 29]
[2026-05-16 02:16:52] Valid hours for sum: [12, 18, 24, 29]
[2026-05-16 02:16:55] Drought composite end date: 2018-09-02 06:00:00
[2026-05-16 02:16:55] Land cover year: 2017
[2026-05-16 02:16:56] VIIRS Veg composite: 2018-08-21 → 2018-09-06
[2026-05-16 02:17:00] Started export task: fire_263_dynamic_2018-09-05
[2026-05-16 02:17:00] ------ Processing date=2018-09-06 ------
[2026-05-16 02:17:00] Using viirs_af_path: viirs_af_path
[2026-05-16 02:17:01] VIIRS Image Date: ['2018-09-06 00:00:00']
[2026-05-16 02:17:01] Weather image size: 1
[2026-05-16 02:17:01] Forecast duration: 2018-09-07 00:00:00 to 2018-09-08 00:00:00
[2026-05-16 02:17:02] Number of forecast images: 24
[2026-05-16 02:17:02] Using forecast run: 2018-09-06 18:00:00 UTC
[2026-05-16 02:17:02] Forecast Rain Available hours: [6, 7, 8, 9, 10, 11, 12, 13, 14, 15, 16, 17, 18, 19, 20, 21, 22, 23, 24, 25, 26, 27, 28, 29]
[2026-05-16 02:17:02] Valid hours for sum: [12, 18, 24, 29]
[2026-05-16 02:17:04] Drought composite end date: 2018-09-02 06:00:00
[2026-05-16 02:17:05] Land cover year: 2017
[2026-05-16 02:17:06] VIIRS Veg composite: 2018-08-21 → 2018-09-06
[2026-05-16 02:17:09] Started export task: fire_263_dynamic_2018-09-06
[2026-05-16 02:17:10] ------ Processing date=2018-09-07 ------
[2026-05-16 02:17:10] Using viirs_af_path: viirs_af_path
[2026-05-16 02:17:10] VIIRS Image Date: ['2018-09-07 00:00:00']
[2026-05-16 02:17:11] Weather image size: 1
[2026-05-16 02:17:11] Forecast duration: 2018-09-08 00:00:00 to 2018-09-09 00:00:00
[2026-05-16 02:17:12] Number of forecast images: 24
[2026-05-16 02:17:12] Using forecast run: 2018-09-07 18:00:00 UTC
[2026-05-16 02:17:12] Forecast Rain Available hours: [6, 7, 8, 9, 10, 11, 12, 13, 14, 15, 16, 17, 18, 19, 20, 21, 22, 23, 24, 25, 26, 27, 28, 29]
[2026-05-16 02:17:12] Valid hours for sum: [12, 18, 24, 29]
[2026-05-16 02:17:15] Drought composite end date: 2018-09-02 06:00:00
[2026-05-16 02:17:15] Land cover year: 2017
[2026-05-16 02:17:16] VIIRS Veg composite: 2018-08-21 → 2018-09-06
[2026-05-16 02:17:19] Started export task: fire_263_dynamic_2018-09-07
[2026-05-16 02:17:20] ------ Processing date=2018-09-08 ------
[2026-05-16 02:17:20] Using viirs_af_path: viirs_af_path
[2026-05-16 02:17:20] VIIRS Image Date: ['2018-09-08 00:00:00']
[2026-05-16 02:17:20] Weather image size: 1
[2026-05-16 02:17:20] Forecast duration: 2018-09-09 00:00:00 to 2018-09-10 00:00:00
[2026-05-16 02:17:21] Number of forecast images: 24
[2026-05-16 02:17:21] Using forecast run: 2018-09-08 18:00:00 UTC
[2026-05-16 02:17:21] Forecast Rain Available hours: [6, 7, 8, 9, 10, 11, 12, 13, 14, 15, 16, 17, 18, 19, 20, 21, 22, 23, 24, 25, 26, 27, 28, 29]
[2026-05-16 02:17:21] Valid hours for sum: [12, 18, 24, 29]
[2026-05-16 02:17:23] Drought composite end date: 2018-09-07 06:00:00
[2026-05-16 02:17:23] Land cover year: 2017
[2026-05-16 02:17:24] VIIRS Veg composite: 2018-08-21 → 2018-09-06
[2026-05-16 02:17:28] Started export task: fire_263_dynamic_2018-09-08
[2026-05-16 02:17:28] ------ Processing date=2018-09-09 ------
[2026-05-16 02:17:28] Using viirs_af_path: viirs_af_path
[2026-05-16 02:17:29] VIIRS Image Date: ['2018-09-09 00:00:00']
[2026-05-16 02:17:29] Weather image size: 1
[2026-05-16 02:17:29] Forecast duration: 2018-09-10 00:00:00 to 2018-09-11 00:00:00
[2026-05-16 02:17:30] Number of forecast images: 24
[2026-05-16 02:17:30] Using forecast run: 2018-09-09 18:00:00 UTC
[2026-05-16 02:17:30] Forecast Rain Available hours: [6, 7, 8, 9, 10, 11, 12, 13, 14, 15, 16, 17, 18, 19, 20, 21, 22, 23, 24, 25, 26, 27, 28, 29]
[2026-05-16 02:17:30] Valid hours for sum: [12, 18, 24, 29]
[2026-05-16 02:17:33] Drought composite end date: 2018-09-07 06:00:00
[2026-05-16 02:17:33] Land cover year: 2017
[2026-05-16 02:17:34] VIIRS Veg composite: 2018-08-21 → 2018-09-06
[2026-05-16 02:17:39] Started export task: fire_263_dynamic_2018-09-09
[2026-05-16 02:17:39] ------ Processing date=2018-09-10 ------
[2026-05-16 02:17:39] Using viirs_af_path: viirs_af_path
[2026-05-16 02:17:39] VIIRS Image Date: ['2018-09-10 00:00:00']
[2026-05-16 02:17:40] Weather image size: 1
[2026-05-16 02:17:40] Forecast duration: 2018-09-11 00:00:00 to 2018-09-12 00:00:00
[2026-05-16 02:17:41] Number of forecast images: 24
[2026-05-16 02:17:41] Using forecast run: 2018-09-10 18:00:00 UTC
[2026-05-16 02:17:42] Forecast Rain Available hours: [6, 7, 8, 9, 10, 11, 12, 13, 14, 15, 16, 17, 18, 19, 20, 21, 22, 23, 24, 25, 26, 27, 28, 29]
[2026-05-16 02:17:42] Valid hours for sum: [12, 18, 24, 29]
[2026-05-16 02:17:44] Drought composite end date: 2018-09-07 06:00:00
[2026-05-16 02:17:45] Land cover year: 2017
[2026-05-16 02:17:46] VIIRS Veg composite: 2018-08-21 → 2018-09-06
[2026-05-16 02:17:49] Started export task: fire_263_dynamic_2018-09-10
[2026-05-16 02:17:50] ------ Processing date=2018-09-11 ------
[2026-05-16 02:17:50] Using viirs_af_path: viirs_af_path
[2026-05-16 02:17:50] VIIRS Image Date: ['2018-09-11 00:00:00']
[2026-05-16 02:17:50] Weather image size: 1
[2026-05-16 02:17:50] Forecast duration: 2018-09-12 00:00:00 to 2018-09-13 00:00:00
[2026-05-16 02:17:51] Number of forecast images: 24
[2026-05-16 02:17:51] Using forecast run: 2018-09-11 18:00:00 UTC
[2026-05-16 02:17:52] Forecast Rain Available hours: [6, 7, 8, 9, 10, 11, 12, 13, 14, 15, 16, 17, 18, 19, 20, 21, 22, 23, 24, 25, 26, 27, 28, 29]
[2026-05-16 02:17:52] Valid hours for sum: [12, 18, 24, 29]
[2026-05-16 02:17:53] Drought composite end date: 2018-09-07 06:00:00
[2026-05-16 02:17:53] Land cover year: 2017
[2026-05-16 02:17:54] VIIRS Veg composite: 2018-08-21 → 2018-09-06
[2026-05-16 02:18:00] Started export task: fire_263_dynamic_2018-09-11
[2026-05-16 02:18:00] ------ Processing date=2018-09-12 ------
[2026-05-16 02:18:00] Using viirs_af_path: viirs_af_path
[2026-05-16 02:18:00] VIIRS Image Date: ['2018-09-12 00:00:00']
[2026-05-16 02:18:01] Weather image size: 1
[2026-05-16 02:18:01] Forecast duration: 2018-09-13 00:00:00 to 2018-09-14 00:00:00
[2026-05-16 02:18:02] Number of forecast images: 24
[2026-05-16 02:18:02] Using forecast run: 2018-09-12 18:00:00 UTC
[2026-05-16 02:18:02] Forecast Rain Available hours: [6, 7, 8, 9, 10, 11, 12, 13, 14, 15, 16, 17, 18, 19, 20, 21, 22, 23, 24, 25, 26, 27, 28, 29]
[2026-05-16 02:18:02] Valid hours for sum: [12, 18, 24, 29]
[2026-05-16 02:18:04] Drought composite end date: 2018-09-07 06:00:00
[2026-05-16 02:18:05] Land cover year: 2017
[2026-05-16 02:18:05] VIIRS Veg composite: 2018-08-21 → 2018-09-06
[2026-05-16 02:18:09] Started export task: fire_263_dynamic_2018-09-12
[2026-05-16 02:18:10] ------ Processing date=2018-09-13 ------
[2026-05-16 02:18:10] Using viirs_af_path: viirs_af_path
[2026-05-16 02:18:10] VIIRS Image Date: ['2018-09-13 00:00:00']
[2026-05-16 02:18:11] Weather image size: 1
[2026-05-16 02:18:11] Forecast duration: 2018-09-14 00:00:00 to 2018-09-15 00:00:00
[2026-05-16 02:18:11] Number of forecast images: 24
[2026-05-16 02:18:11] Using forecast run: 2018-09-13 18:00:00 UTC
[2026-05-16 02:18:12] Forecast Rain Available hours: [6, 7, 8, 9, 10, 11, 12, 13, 14, 15, 16, 17, 18, 19, 20, 21, 22, 23, 24, 25, 26, 27, 28, 29]
[2026-05-16 02:18:12] Valid hours for sum: [12, 18, 24, 29]
[2026-05-16 02:18:14] Drought composite end date: 2018-09-12 06:00:00
[2026-05-16 02:18:15] Land cover year: 2017
[2026-05-16 02:18:15] VIIRS Veg composite: 2018-08-21 → 2018-09-06
[2026-05-16 02:18:20] Started export task: fire_263_dynamic_2018-09-13
[2026-05-16 02:18:20] ------ Processing date=2018-09-14 ------
[2026-05-16 02:18:20] Using viirs_af_path: viirs_af_path
[2026-05-16 02:18:21] VIIRS Image Date: ['2018-09-14 00:00:00']
[2026-05-16 02:18:21] Weather image size: 1
[2026-05-16 02:18:21] Forecast duration: 2018-09-15 00:00:00 to 2018-09-16 00:00:00
[2026-05-16 02:18:22] Number of forecast images: 24
[2026-05-16 02:18:22] Using forecast run: 2018-09-14 18:00:00 UTC
[2026-05-16 02:18:23] Forecast Rain Available hours: [6, 7, 8, 9, 10, 11, 12, 13, 14, 15, 16, 17, 18, 19, 20, 21, 22, 23, 24, 25, 26, 27, 28, 29]
[2026-05-16 02:18:23] Valid hours for sum: [12, 18, 24, 29]
[2026-05-16 02:18:25] Drought composite end date: 2018-09-12 06:00:00
[2026-05-16 02:18:25] Land cover year: 2017
[2026-05-16 02:18:26] VIIRS Veg composite: 2018-08-21 → 2018-09-06
[2026-05-16 02:18:30] Started export task: fire_263_dynamic_2018-09-14
[2026-05-16 02:18:30] ------ Processing date=2018-09-15 ------
[2026-05-16 02:18:30] Using viirs_af_path: viirs_af_path
[2026-05-16 02:18:30] VIIRS Image Date: ['2018-09-15 00:00:00']
[2026-05-16 02:18:30] Weather image size: 1
[2026-05-16 02:18:30] Forecast duration: 2018-09-16 00:00:00 to 2018-09-17 00:00:00
[2026-05-16 02:18:32] Number of forecast images: 24
[2026-05-16 02:18:32] Using forecast run: 2018-09-15 18:00:00 UTC
[2026-05-16 02:18:32] Forecast Rain Available hours: [6, 7, 8, 9, 10, 11, 12, 13, 14, 15, 16, 17, 18, 19, 20, 21, 22, 23, 24, 25, 26, 27, 28, 29]
[2026-05-16 02:18:32] Valid hours for sum: [12, 18, 24, 29]
[2026-05-16 02:18:34] Drought composite end date: 2018-09-12 06:00:00
[2026-05-16 02:18:35] Land cover year: 2017
[2026-05-16 02:18:35] VIIRS Veg composite: 2018-08-21 → 2018-09-06
[2026-05-16 02:18:40] Started export task: fire_263_dynamic_2018-09-15
[2026-05-16 02:18:40] ------ Processing date=2018-09-16 ------
[2026-05-16 02:18:40] Using viirs_af_path: viirs_af_path
[2026-05-16 02:18:40] VIIRS Image Date: ['2018-09-16 00:00:00']
[2026-05-16 02:18:41] Weather image size: 1
[2026-05-16 02:18:41] Forecast duration: 2018-09-17 00:00:00 to 2018-09-18 00:00:00
[2026-05-16 02:18:41] Number of forecast images: 24
[2026-05-16 02:18:41] Using forecast run: 2018-09-16 18:00:00 UTC
[2026-05-16 02:18:42] Forecast Rain Available hours: [6, 7, 8, 9, 10, 11, 12, 13, 14, 15, 16, 17, 18, 19, 20, 21, 22, 23, 24, 25, 26, 27, 28, 29]
[2026-05-16 02:18:42] Valid hours for sum: [12, 18, 24, 29]
[2026-05-16 02:18:43] Drought composite end date: 2018-09-12 06:00:00
[2026-05-16 02:18:43] Land cover year: 2017
[2026-05-16 02:18:44] VIIRS Veg composite: 2018-08-21 → 2018-09-06
[2026-05-16 02:18:49] Started export task: fire_263_dynamic_2018-09-16
[2026-05-16 02:18:49] ------ Processing date=2018-09-17 ------
[2026-05-16 02:18:49] Using viirs_af_path: viirs_af_path
[2026-05-16 02:18:49] VIIRS Image Date: ['2018-09-17 00:00:00']
[2026-05-16 02:18:50] Weather image size: 1
[2026-05-16 02:18:50] Forecast duration: 2018-09-18 00:00:00 to 2018-09-19 00:00:00
[2026-05-16 02:18:50] Number of forecast images: 24
[2026-05-16 02:18:50] Using forecast run: 2018-09-17 18:00:00 UTC
[2026-05-16 02:18:51] Forecast Rain Available hours: [6, 7, 8, 9, 10, 11, 12, 13, 14, 15, 16, 17, 18, 19, 20, 21, 22, 23, 24, 25, 26, 27, 28, 29]
[2026-05-16 02:18:51] Valid hours for sum: [12, 18, 24, 29]
[2026-05-16 02:18:52] Drought composite end date: 2018-09-12 06:00:00
[2026-05-16 02:18:53] Land cover year: 2017
[2026-05-16 02:18:54] VIIRS Veg composite: 2018-08-21 → 2018-09-06
[2026-05-16 02:18:57] Started export task: fire_263_dynamic_2018-09-17
[2026-05-16 02:18:58] ------ Processing date=2018-09-18 ------
[2026-05-16 02:18:58] Using viirs_af_path: viirs_af_path
[2026-05-16 02:18:58] VIIRS Image Date: ['2018-09-18 00:00:00']
[2026-05-16 02:18:58] Weather image size: 1
[2026-05-16 02:18:58] Forecast duration: 2018-09-19 00:00:00 to 2018-09-20 00:00:00
[2026-05-16 02:18:59] Number of forecast images: 24
[2026-05-16 02:18:59] Using forecast run: 2018-09-18 18:00:00 UTC
[2026-05-16 02:18:59] Forecast Rain Available hours: [6, 7, 8, 9, 10, 11, 12, 13, 14, 15, 16, 17, 18, 19, 20, 21, 22, 23, 24, 25, 26, 27, 28, 29]
[2026-05-16 02:18:59] Valid hours for sum: [12, 18, 24, 29]
[2026-05-16 02:19:01] Drought composite end date: 2018-09-17 06:00:00
[2026-05-16 02:19:02] Land cover year: 2017
[2026-05-16 02:19:03] VIIRS Veg composite: 2018-08-21 → 2018-09-06
[2026-05-16 02:19:06] Started export task: fire_263_dynamic_2018-09-18
[2026-05-16 02:19:06] ------ Processing date=2018-09-19 ------
[2026-05-16 02:19:06] Using viirs_af_path: viirs_af_path
[2026-05-16 02:19:06] VIIRS Image Date: ['2018-09-19 00:00:00']
[2026-05-16 02:19:06] Weather image size: 1
[2026-05-16 02:19:06] Forecast duration: 2018-09-20 00:00:00 to 2018-09-21 00:00:00
[2026-05-16 02:19:07] Number of forecast images: 24
[2026-05-16 02:19:07] Using forecast run: 2018-09-19 18:00:00 UTC
[2026-05-16 02:19:08] Forecast Rain Available hours: [6, 7, 8, 9, 10, 11, 12, 13, 14, 15, 16, 17, 18, 19, 20, 21, 22, 23, 24, 25, 26, 27, 28, 29]
[2026-05-16 02:19:08] Valid hours for sum: [12, 18, 24, 29]
[2026-05-16 02:19:10] Drought composite end date: 2018-09-17 06:00:00
[2026-05-16 02:19:10] Land cover year: 2017
[2026-05-16 02:19:11] VIIRS Veg composite: 2018-08-21 → 2018-09-06
[2026-05-16 02:19:15] Started export task: fire_263_dynamic_2018-09-19
[2026-05-16 02:19:16] ------ Processing date=2018-09-20 ------
[2026-05-16 02:19:16] Using viirs_af_path: viirs_af_path
[2026-05-16 02:19:16] VIIRS Image Date: ['2018-09-20 00:00:00']
[2026-05-16 02:19:17] Weather image size: 1
[2026-05-16 02:19:17] Forecast duration: 2018-09-21 00:00:00 to 2018-09-22 00:00:00
[2026-05-16 02:19:17] Number of forecast images: 24
[2026-05-16 02:19:17] Using forecast run: 2018-09-20 18:00:00 UTC
[2026-05-16 02:19:18] Forecast Rain Available hours: [6, 7, 8, 9, 10, 11, 12, 13, 14, 15, 16, 17, 18, 19, 20, 21, 22, 23, 24, 25, 26, 27, 28, 29]
[2026-05-16 02:19:18] Valid hours for sum: [12, 18, 24, 29]
[2026-05-16 02:19:19] Drought composite end date: 2018-09-17 06:00:00
[2026-05-16 02:19:19] Land cover year: 2017
[2026-05-16 02:19:20] VIIRS Veg composite: 2018-08-21 → 2018-09-06
[2026-05-16 02:19:24] Started export task: fire_263_dynamic_2018-09-20
[2026-05-16 02:19:25] ------ Processing date=2018-09-21 ------
[2026-05-16 02:19:25] Using viirs_af_path: viirs_af_path
[2026-05-16 02:19:25] VIIRS Image Date: ['2018-09-21 00:00:00']
[2026-05-16 02:19:25] Weather image size: 1
[2026-05-16 02:19:25] Forecast duration: 2018-09-22 00:00:00 to 2018-09-23 00:00:00
[2026-05-16 02:19:26] Number of forecast images: 24
[2026-05-16 02:19:26] Using forecast run: 2018-09-21 18:00:00 UTC
[2026-05-16 02:19:26] Forecast Rain Available hours: [6, 7, 8, 9, 10, 11, 12, 13, 14, 15, 16, 17, 18, 19, 20, 21, 22, 23, 24, 25, 26, 27, 28, 29]
[2026-05-16 02:19:26] Valid hours for sum: [12, 18, 24, 29]
[2026-05-16 02:19:28] Drought composite end date: 2018-09-17 06:00:00
[2026-05-16 02:19:28] Land cover year: 2017
[2026-05-16 02:19:29] VIIRS Veg composite: 2018-08-21 → 2018-09-06
[2026-05-16 02:19:34] Started export task: fire_263_dynamic_2018-09-21
[2026-05-16 02:19:34] END: ----------Event fire_263----------- (Duration: 2.85m)
[2026-05-16 02:19:34] START: ----------Event fire_264-----------
[2026-05-16 02:19:34] ------ Processing date=2018-09-05 ------
[2026-05-16 02:19:34] Using viirs_af_path: viirs_af_path
[2026-05-16 02:19:34] VIIRS Image Date: ['2018-09-05 00:00:00']
[2026-05-16 02:19:35] Weather image size: 1
[2026-05-16 02:19:35] Forecast duration: 2018-09-06 00:00:00 to 2018-09-07 00:00:00
[2026-05-16 02:19:36] Number of forecast images: 24
[2026-05-16 02:19:36] Using forecast run: 2018-09-05 18:00:00 UTC
[2026-05-16 02:19:36] Forecast Rain Available hours: [6, 7, 8, 9, 10, 11, 12, 13, 14, 15, 16, 17, 18, 19, 20, 21, 22, 23, 24, 25, 26, 27, 28, 29]
[2026-05-16 02:19:36] Valid hours for sum: [12, 18, 24, 29]
[2026-05-16 02:19:38] Drought composite end date: 2018-09-02 06:00:00
[2026-05-16 02:19:38] Land cover year: 2017
[2026-05-16 02:19:40] VIIRS Veg composite: 2018-08-21 → 2018-09-06
[2026-05-16 02:19:43] Started export task: fire_264_static
[2026-05-16 02:19:44] Started export task: fire_264_dynamic_2018-09-05
[2026-05-16 02:19:44] ------ Processing date=2018-09-06 ------
[2026-05-16 02:19:44] Using viirs_af_path: viirs_af_path
[2026-05-16 02:19:44] VIIRS Image Date: ['2018-09-06 00:00:00']
[2026-05-16 02:19:45] Weather image size: 1
[2026-05-16 02:19:45] Forecast duration: 2018-09-07 00:00:00 to 2018-09-08 00:00:00
[2026-05-16 02:19:46] Number of forecast images: 24
[2026-05-16 02:19:46] Using forecast run: 2018-09-06 18:00:00 UTC
[2026-05-16 02:19:47] Forecast Rain Available hours: [6, 7, 8, 9, 10, 11, 12, 13, 14, 15, 16, 17, 18, 19, 20, 21, 22, 23, 24, 25, 26, 27, 28, 29]
[2026-05-16 02:19:47] Valid hours for sum: [12, 18, 24, 29]
[2026-05-16 02:19:49] Drought composite end date: 2018-09-02 06:00:00
[2026-05-16 02:19:49] Land cover year: 2017
[2026-05-16 02:19:49] VIIRS Veg composite: 2018-08-21 → 2018-09-06
[2026-05-16 02:19:53] Started export task: fire_264_dynamic_2018-09-06
[2026-05-16 02:19:53] ------ Processing date=2018-09-07 ------
[2026-05-16 02:19:53] Using viirs_af_path: viirs_af_path
[2026-05-16 02:19:54] VIIRS Image Date: ['2018-09-07 00:00:00']
[2026-05-16 02:19:54] Weather image size: 1
[2026-05-16 02:19:54] Forecast duration: 2018-09-08 00:00:00 to 2018-09-09 00:00:00
[2026-05-16 02:19:55] Number of forecast images: 24
[2026-05-16 02:19:55] Using forecast run: 2018-09-07 18:00:00 UTC
[2026-05-16 02:19:56] Forecast Rain Available hours: [6, 7, 8, 9, 10, 11, 12, 13, 14, 15, 16, 17, 18, 19, 20, 21, 22, 23, 24, 25, 26, 27, 28, 29]
[2026-05-16 02:19:56] Valid hours for sum: [12, 18, 24, 29]
[2026-05-16 02:19:58] Drought composite end date: 2018-09-02 06:00:00
[2026-05-16 02:19:58] Land cover year: 2017
[2026-05-16 02:19:59] VIIRS Veg composite: 2018-08-21 → 2018-09-06
[2026-05-16 02:20:02] Started export task: fire_264_dynamic_2018-09-07
[2026-05-16 02:20:02] ------ Processing date=2018-09-08 ------
[2026-05-16 02:20:02] Using viirs_af_path: viirs_af_path
[2026-05-16 02:20:03] VIIRS Image Date: ['2018-09-08 00:00:00']
[2026-05-16 02:20:03] Weather image size: 1
[2026-05-16 02:20:03] Forecast duration: 2018-09-09 00:00:00 to 2018-09-10 00:00:00
[2026-05-16 02:20:04] Number of forecast images: 24
[2026-05-16 02:20:04] Using forecast run: 2018-09-08 18:00:00 UTC
[2026-05-16 02:20:04] Forecast Rain Available hours: [6, 7, 8, 9, 10, 11, 12, 13, 14, 15, 16, 17, 18, 19, 20, 21, 22, 23, 24, 25, 26, 27, 28, 29]
[2026-05-16 02:20:04] Valid hours for sum: [12, 18, 24, 29]
[2026-05-16 02:20:07] Drought composite end date: 2018-09-07 06:00:00
[2026-05-16 02:20:07] Land cover year: 2017
[2026-05-16 02:20:08] VIIRS Veg composite: 2018-08-21 → 2018-09-06
[2026-05-16 02:20:12] Started export task: fire_264_dynamic_2018-09-08
[2026-05-16 02:20:13] ------ Processing date=2018-09-09 ------
[2026-05-16 02:20:13] Using viirs_af_path: viirs_af_path
[2026-05-16 02:20:13] VIIRS Image Date: ['2018-09-09 00:00:00']
[2026-05-16 02:20:13] Weather image size: 1
[2026-05-16 02:20:13] Forecast duration: 2018-09-10 00:00:00 to 2018-09-11 00:00:00
[2026-05-16 02:20:14] Number of forecast images: 24
[2026-05-16 02:20:14] Using forecast run: 2018-09-09 18:00:00 UTC
[2026-05-16 02:20:15] Forecast Rain Available hours: [6, 7, 8, 9, 10, 11, 12, 13, 14, 15, 16, 17, 18, 19, 20, 21, 22, 23, 24, 25, 26, 27, 28, 29]
[2026-05-16 02:20:15] Valid hours for sum: [12, 18, 24, 29]
[2026-05-16 02:20:17] Drought composite end date: 2018-09-07 06:00:00
[2026-05-16 02:20:17] Land cover year: 2017
[2026-05-16 02:20:18] VIIRS Veg composite: 2018-08-21 → 2018-09-06
[2026-05-16 02:20:23] Started export task: fire_264_dynamic_2018-09-09
[2026-05-16 02:20:24] ------ Processing date=2018-09-10 ------
[2026-05-16 02:20:24] Using viirs_af_path: viirs_af_path
[2026-05-16 02:20:24] VIIRS Image Date: ['2018-09-10 00:00:00']
[2026-05-16 02:20:25] Weather image size: 1
[2026-05-16 02:20:25] Forecast duration: 2018-09-11 00:00:00 to 2018-09-12 00:00:00
[2026-05-16 02:20:25] Number of forecast images: 24
[2026-05-16 02:20:25] Using forecast run: 2018-09-10 18:00:00 UTC
[2026-05-16 02:20:26] Forecast Rain Available hours: [6, 7, 8, 9, 10, 11, 12, 13, 14, 15, 16, 17, 18, 19, 20, 21, 22, 23, 24, 25, 26, 27, 28, 29]
[2026-05-16 02:20:26] Valid hours for sum: [12, 18, 24, 29]
[2026-05-16 02:20:28] Drought composite end date: 2018-09-07 06:00:00
[2026-05-16 02:20:28] Land cover year: 2017
[2026-05-16 02:20:29] VIIRS Veg composite: 2018-08-21 → 2018-09-06
[2026-05-16 02:20:33] Started export task: fire_264_dynamic_2018-09-10
[2026-05-16 02:20:33] ------ Processing date=2018-09-11 ------
[2026-05-16 02:20:33] Using viirs_af_path: viirs_af_path
[2026-05-16 02:20:33] VIIRS Image Date: ['2018-09-11 00:00:00']
[2026-05-16 02:20:33] Weather image size: 1
[2026-05-16 02:20:33] Forecast duration: 2018-09-12 00:00:00 to 2018-09-13 00:00:00
[2026-05-16 02:20:34] Number of forecast images: 24
[2026-05-16 02:20:34] Using forecast run: 2018-09-11 18:00:00 UTC
[2026-05-16 02:20:35] Forecast Rain Available hours: [6, 7, 8, 9, 10, 11, 12, 13, 14, 15, 16, 17, 18, 19, 20, 21, 22, 23, 24, 25, 26, 27, 28, 29]
[2026-05-16 02:20:35] Valid hours for sum: [12, 18, 24, 29]
[2026-05-16 02:20:37] Drought composite end date: 2018-09-07 06:00:00
[2026-05-16 02:20:37] Land cover year: 2017
[2026-05-16 02:20:38] VIIRS Veg composite: 2018-08-21 → 2018-09-06
[2026-05-16 02:20:42] Started export task: fire_264_dynamic_2018-09-11
[2026-05-16 02:20:43] ------ Processing date=2018-09-12 ------
[2026-05-16 02:20:43] Using viirs_af_path: viirs_af_path
[2026-05-16 02:20:43] VIIRS Image Date: ['2018-09-12 00:00:00']
[2026-05-16 02:20:43] Weather image size: 1
[2026-05-16 02:20:43] Forecast duration: 2018-09-13 00:00:00 to 2018-09-14 00:00:00
[2026-05-16 02:20:44] Number of forecast images: 24
[2026-05-16 02:20:44] Using forecast run: 2018-09-12 18:00:00 UTC
[2026-05-16 02:20:45] Forecast Rain Available hours: [6, 7, 8, 9, 10, 11, 12, 13, 14, 15, 16, 17, 18, 19, 20, 21, 22, 23, 24, 25, 26, 27, 28, 29]
[2026-05-16 02:20:45] Valid hours for sum: [12, 18, 24, 29]
[2026-05-16 02:20:47] Drought composite end date: 2018-09-07 06:00:00
[2026-05-16 02:20:47] Land cover year: 2017
[2026-05-16 02:20:49] VIIRS Veg composite: 2018-08-21 → 2018-09-06
[2026-05-16 02:20:52] Started export task: fire_264_dynamic_2018-09-12
[2026-05-16 02:20:52] ------ Processing date=2018-09-13 ------
[2026-05-16 02:20:52] Using viirs_af_path: viirs_af_path
[2026-05-16 02:20:53] VIIRS Image Date: ['2018-09-13 00:00:00']
[2026-05-16 02:20:53] Weather image size: 1
[2026-05-16 02:20:53] Forecast duration: 2018-09-14 00:00:00 to 2018-09-15 00:00:00
[2026-05-16 02:20:54] Number of forecast images: 24
[2026-05-16 02:20:54] Using forecast run: 2018-09-13 18:00:00 UTC
[2026-05-16 02:20:54] Forecast Rain Available hours: [6, 7, 8, 9, 10, 11, 12, 13, 14, 15, 16, 17, 18, 19, 20, 21, 22, 23, 24, 25, 26, 27, 28, 29]
[2026-05-16 02:20:54] Valid hours for sum: [12, 18, 24, 29]
[2026-05-16 02:20:56] Drought composite end date: 2018-09-12 06:00:00
[2026-05-16 02:20:56] Land cover year: 2017
[2026-05-16 02:20:57] VIIRS Veg composite: 2018-08-21 → 2018-09-06
[2026-05-16 02:21:01] Started export task: fire_264_dynamic_2018-09-13
[2026-05-16 02:21:01] ------ Processing date=2018-09-14 ------
[2026-05-16 02:21:01] Using viirs_af_path: viirs_af_path
[2026-05-16 02:21:01] VIIRS Image Date: ['2018-09-14 00:00:00']
[2026-05-16 02:21:02] Weather image size: 1
[2026-05-16 02:21:02] Forecast duration: 2018-09-15 00:00:00 to 2018-09-16 00:00:00
[2026-05-16 02:21:02] Number of forecast images: 24
[2026-05-16 02:21:02] Using forecast run: 2018-09-14 18:00:00 UTC
[2026-05-16 02:21:03] Forecast Rain Available hours: [6, 7, 8, 9, 10, 11, 12, 13, 14, 15, 16, 17, 18, 19, 20, 21, 22, 23, 24, 25, 26, 27, 28, 29]
[2026-05-16 02:21:03] Valid hours for sum: [12, 18, 24, 29]
[2026-05-16 02:21:05] Drought composite end date: 2018-09-12 06:00:00
[2026-05-16 02:21:05] Land cover year: 2017
[2026-05-16 02:21:06] VIIRS Veg composite: 2018-08-21 → 2018-09-06
[2026-05-16 02:21:10] Started export task: fire_264_dynamic_2018-09-14
[2026-05-16 02:21:10] ------ Processing date=2018-09-15 ------
[2026-05-16 02:21:10] Using viirs_af_path: viirs_af_path
[2026-05-16 02:21:10] VIIRS Image Date: ['2018-09-15 00:00:00']
[2026-05-16 02:21:10] Weather image size: 1
[2026-05-16 02:21:10] Forecast duration: 2018-09-16 00:00:00 to 2018-09-17 00:00:00
[2026-05-16 02:21:11] Number of forecast images: 24
[2026-05-16 02:21:11] Using forecast run: 2018-09-15 18:00:00 UTC
[2026-05-16 02:21:12] Forecast Rain Available hours: [6, 7, 8, 9, 10, 11, 12, 13, 14, 15, 16, 17, 18, 19, 20, 21, 22, 23, 24, 25, 26, 27, 28, 29]
[2026-05-16 02:21:12] Valid hours for sum: [12, 18, 24, 29]
[2026-05-16 02:21:14] Drought composite end date: 2018-09-12 06:00:00
[2026-05-16 02:21:14] Land cover year: 2017
[2026-05-16 02:21:15] VIIRS Veg composite: 2018-08-21 → 2018-09-06
[2026-05-16 02:21:18] Started export task: fire_264_dynamic_2018-09-15
[2026-05-16 02:21:18] ------ Processing date=2018-09-16 ------
[2026-05-16 02:21:18] Using viirs_af_path: viirs_af_path
[2026-05-16 02:21:19] VIIRS Image Date: ['2018-09-16 00:00:00']
[2026-05-16 02:21:19] Weather image size: 1
[2026-05-16 02:21:19] Forecast duration: 2018-09-17 00:00:00 to 2018-09-18 00:00:00
[2026-05-16 02:21:20] Number of forecast images: 24
[2026-05-16 02:21:20] Using forecast run: 2018-09-16 18:00:00 UTC
[2026-05-16 02:21:20] Forecast Rain Available hours: [6, 7, 8, 9, 10, 11, 12, 13, 14, 15, 16, 17, 18, 19, 20, 21, 22, 23, 24, 25, 26, 27, 28, 29]
[2026-05-16 02:21:20] Valid hours for sum: [12, 18, 24, 29]
[2026-05-16 02:21:22] Drought composite end date: 2018-09-12 06:00:00
[2026-05-16 02:21:22] Land cover year: 2017
[2026-05-16 02:21:23] VIIRS Veg composite: 2018-08-21 → 2018-09-06
[2026-05-16 02:21:28] Started export task: fire_264_dynamic_2018-09-16
[2026-05-16 02:21:28] ------ Processing date=2018-09-17 ------
[2026-05-16 02:21:28] Using viirs_af_path: viirs_af_path
[2026-05-16 02:21:28] VIIRS Image Date: ['2018-09-17 00:00:00']
[2026-05-16 02:21:28] Weather image size: 1
[2026-05-16 02:21:28] Forecast duration: 2018-09-18 00:00:00 to 2018-09-19 00:00:00
[2026-05-16 02:21:29] Number of forecast images: 24
[2026-05-16 02:21:29] Using forecast run: 2018-09-17 18:00:00 UTC
[2026-05-16 02:21:30] Forecast Rain Available hours: [6, 7, 8, 9, 10, 11, 12, 13, 14, 15, 16, 17, 18, 19, 20, 21, 22, 23, 24, 25, 26, 27, 28, 29]
[2026-05-16 02:21:30] Valid hours for sum: [12, 18, 24, 29]
[2026-05-16 02:21:32] Drought composite end date: 2018-09-12 06:00:00
[2026-05-16 02:21:33] Land cover year: 2017
[2026-05-16 02:21:33] VIIRS Veg composite: 2018-08-21 → 2018-09-06
[2026-05-16 02:21:39] Started export task: fire_264_dynamic_2018-09-17
[2026-05-16 02:21:39] ------ Processing date=2018-09-18 ------
[2026-05-16 02:21:39] Using viirs_af_path: viirs_af_path
[2026-05-16 02:21:40] VIIRS Image Date: ['2018-09-18 00:00:00']
[2026-05-16 02:21:40] Weather image size: 1
[2026-05-16 02:21:40] Forecast duration: 2018-09-19 00:00:00 to 2018-09-20 00:00:00
[2026-05-16 02:21:41] Number of forecast images: 24
[2026-05-16 02:21:41] Using forecast run: 2018-09-18 18:00:00 UTC
[2026-05-16 02:21:41] Forecast Rain Available hours: [6, 7, 8, 9, 10, 11, 12, 13, 14, 15, 16, 17, 18, 19, 20, 21, 22, 23, 24, 25, 26, 27, 28, 29]
[2026-05-16 02:21:41] Valid hours for sum: [12, 18, 24, 29]
[2026-05-16 02:21:44] Drought composite end date: 2018-09-17 06:00:00
[2026-05-16 02:21:44] Land cover year: 2017
[2026-05-16 02:21:45] VIIRS Veg composite: 2018-08-21 → 2018-09-06
[2026-05-16 02:21:50] Started export task: fire_264_dynamic_2018-09-18
[2026-05-16 02:21:50] ------ Processing date=2018-09-19 ------
[2026-05-16 02:21:50] Using viirs_af_path: viirs_af_path
[2026-05-16 02:21:50] VIIRS Image Date: ['2018-09-19 00:00:00']
[2026-05-16 02:21:50] Weather image size: 1
[2026-05-16 02:21:50] Forecast duration: 2018-09-20 00:00:00 to 2018-09-21 00:00:00
[2026-05-16 02:21:52] Number of forecast images: 24
[2026-05-16 02:21:52] Using forecast run: 2018-09-19 18:00:00 UTC
[2026-05-16 02:21:52] Forecast Rain Available hours: [6, 7, 8, 9, 10, 11, 12, 13, 14, 15, 16, 17, 18, 19, 20, 21, 22, 23, 24, 25, 26, 27, 28, 29]
[2026-05-16 02:21:52] Valid hours for sum: [12, 18, 24, 29]
[2026-05-16 02:21:55] Drought composite end date: 2018-09-17 06:00:00
[2026-05-16 02:21:55] Land cover year: 2017
[2026-05-16 02:21:56] VIIRS Veg composite: 2018-08-21 → 2018-09-06
[2026-05-16 02:22:01] Started export task: fire_264_dynamic_2018-09-19
[2026-05-16 02:22:01] ------ Processing date=2018-09-20 ------
[2026-05-16 02:22:01] Using viirs_af_path: viirs_af_path
[2026-05-16 02:22:01] VIIRS Image Date: ['2018-09-20 00:00:00']
[2026-05-16 02:22:01] Weather image size: 1
[2026-05-16 02:22:01] Forecast duration: 2018-09-21 00:00:00 to 2018-09-22 00:00:00
[2026-05-16 02:22:02] Number of forecast images: 24
[2026-05-16 02:22:02] Using forecast run: 2018-09-20 18:00:00 UTC
[2026-05-16 02:22:04] Forecast Rain Available hours: [6, 7, 8, 9, 10, 11, 12, 13, 14, 15, 16, 17, 18, 19, 20, 21, 22, 23, 24, 25, 26, 27, 28, 29]
[2026-05-16 02:22:04] Valid hours for sum: [12, 18, 24, 29]
[2026-05-16 02:22:06] Drought composite end date: 2018-09-17 06:00:00
[2026-05-16 02:22:06] Land cover year: 2017
[2026-05-16 02:22:08] VIIRS Veg composite: 2018-08-21 → 2018-09-06
[2026-05-16 02:22:12] Started export task: fire_264_dynamic_2018-09-20
[2026-05-16 02:22:13] ------ Processing date=2018-09-21 ------
[2026-05-16 02:22:13] Using viirs_af_path: viirs_af_path
[2026-05-16 02:22:13] VIIRS Image Date: ['2018-09-21 00:00:00']
[2026-05-16 02:22:13] Weather image size: 1
[2026-05-16 02:22:13] Forecast duration: 2018-09-22 00:00:00 to 2018-09-23 00:00:00
[2026-05-16 02:22:14] Number of forecast images: 24
[2026-05-16 02:22:14] Using forecast run: 2018-09-21 18:00:00 UTC
[2026-05-16 02:22:15] Forecast Rain Available hours: [6, 7, 8, 9, 10, 11, 12, 13, 14, 15, 16, 17, 18, 19, 20, 21, 22, 23, 24, 25, 26, 27, 28, 29]
[2026-05-16 02:22:15] Valid hours for sum: [12, 18, 24, 29]
[2026-05-16 02:22:17] Drought composite end date: 2018-09-17 06:00:00
[2026-05-16 02:22:17] Land cover year: 2017
[2026-05-16 02:22:18] VIIRS Veg composite: 2018-08-21 → 2018-09-06
[2026-05-16 02:22:21] Started export task: fire_264_dynamic_2018-09-21
[2026-05-16 02:22:22] ------ Processing date=2018-09-22 ------
[2026-05-16 02:22:22] Using viirs_af_path: viirs_af_path
[2026-05-16 02:22:22] VIIRS Image Date: ['2018-09-22 00:00:00']
[2026-05-16 02:22:22] Weather image size: 1
[2026-05-16 02:22:22] Forecast duration: 2018-09-23 00:00:00 to 2018-09-24 00:00:00
[2026-05-16 02:22:23] Number of forecast images: 24
[2026-05-16 02:22:23] Using forecast run: 2018-09-22 18:00:00 UTC
[2026-05-16 02:22:24] Forecast Rain Available hours: [6, 7, 8, 9, 10, 11, 12, 13, 14, 15, 16, 17, 18, 19, 20, 21, 22, 23, 24, 25, 26, 27, 28, 29]
[2026-05-16 02:22:24] Valid hours for sum: [12, 18, 24, 29]
[2026-05-16 02:22:26] Drought composite end date: 2018-09-17 06:00:00
[2026-05-16 02:22:26] Land cover year: 2017
[2026-05-16 02:22:27] VIIRS Veg composite: 2018-08-21 → 2018-09-06
[2026-05-16 02:22:31] Started export task: fire_264_dynamic_2018-09-22
[2026-05-16 02:22:31] ------ Processing date=2018-09-23 ------
[2026-05-16 02:22:31] Using viirs_af_path: viirs_af_path
[2026-05-16 02:22:31] VIIRS Image Date: ['2018-09-23 00:00:00']
[2026-05-16 02:22:31] Weather image size: 1
[2026-05-16 02:22:31] Forecast duration: 2018-09-24 00:00:00 to 2018-09-25 00:00:00
[2026-05-16 02:22:32] Number of forecast images: 24
[2026-05-16 02:22:32] Using forecast run: 2018-09-23 18:00:00 UTC
[2026-05-16 02:22:33] Forecast Rain Available hours: [6, 7, 8, 9, 10, 11, 12, 13, 14, 15, 16, 17, 18, 19, 20, 21, 22, 23, 24, 25, 26, 27, 28, 29]
[2026-05-16 02:22:33] Valid hours for sum: [12, 18, 24, 29]
[2026-05-16 02:22:35] Drought composite end date: 2018-09-22 06:00:00
[2026-05-16 02:22:35] Land cover year: 2017
[2026-05-16 02:22:37] VIIRS Veg composite: 2018-08-21 → 2018-09-06
[2026-05-16 02:22:39] Started export task: fire_264_dynamic_2018-09-23
[2026-05-16 02:22:40] ------ Processing date=2018-09-24 ------
[2026-05-16 02:22:40] Using viirs_af_path: viirs_af_path
[2026-05-16 02:22:40] VIIRS Image Date: ['2018-09-24 00:00:00']
[2026-05-16 02:22:41] Weather image size: 1
[2026-05-16 02:22:41] Forecast duration: 2018-09-25 00:00:00 to 2018-09-26 00:00:00
[2026-05-16 02:22:42] Number of forecast images: 24
[2026-05-16 02:22:42] Using forecast run: 2018-09-24 18:00:00 UTC
[2026-05-16 02:22:42] Forecast Rain Available hours: [6, 7, 8, 9, 10, 11, 12, 13, 14, 15, 16, 17, 18, 19, 20, 21, 22, 23, 24, 25, 26, 27, 28, 29]
[2026-05-16 02:22:42] Valid hours for sum: [12, 18, 24, 29]
[2026-05-16 02:22:44] Drought composite end date: 2018-09-22 06:00:00
[2026-05-16 02:22:44] Land cover year: 2017
[2026-05-16 02:22:45] VIIRS Veg composite: 2018-08-21 → 2018-09-06
[2026-05-16 02:22:49] Started export task: fire_264_dynamic_2018-09-24
[2026-05-16 02:22:49] ------ Processing date=2018-09-25 ------
[2026-05-16 02:22:49] Using viirs_af_path: viirs_af_path
[2026-05-16 02:22:50] VIIRS Image Date: ['2018-09-25 00:00:00']
[2026-05-16 02:22:50] Weather image size: 1
[2026-05-16 02:22:50] Forecast duration: 2018-09-26 00:00:00 to 2018-09-27 00:00:00
[2026-05-16 02:22:51] Number of forecast images: 24
[2026-05-16 02:22:51] Using forecast run: 2018-09-25 18:00:00 UTC
[2026-05-16 02:22:51] Forecast Rain Available hours: [6, 7, 8, 9, 10, 11, 12, 13, 14, 15, 16, 17, 18, 19, 20, 21, 22, 23, 24, 25, 26, 27, 28, 29]
[2026-05-16 02:22:51] Valid hours for sum: [12, 18, 24, 29]
[2026-05-16 02:22:53] Drought composite end date: 2018-09-22 06:00:00
[2026-05-16 02:22:53] Land cover year: 2017
[2026-05-16 02:22:54] VIIRS Veg composite: 2018-08-21 → 2018-09-06
[2026-05-16 02:22:58] Started export task: fire_264_dynamic_2018-09-25
[2026-05-16 02:22:59] ------ Processing date=2018-09-26 ------
[2026-05-16 02:22:59] Using viirs_af_path: viirs_af_path
[2026-05-16 02:22:59] VIIRS Image Date: ['2018-09-26 00:00:00']
[2026-05-16 02:22:59] Weather image size: 1
[2026-05-16 02:22:59] Forecast duration: 2018-09-27 00:00:00 to 2018-09-28 00:00:00
[2026-05-16 02:23:00] Number of forecast images: 24
[2026-05-16 02:23:00] Using forecast run: 2018-09-26 18:00:00 UTC
[2026-05-16 02:23:01] Forecast Rain Available hours: [6, 7, 8, 9, 10, 11, 12, 13, 14, 15, 16, 17, 18, 19, 20, 21, 22, 23, 24, 25, 26, 27, 28, 29]
[2026-05-16 02:23:01] Valid hours for sum: [12, 18, 24, 29]
[2026-05-16 02:23:03] Drought composite end date: 2018-09-22 06:00:00
[2026-05-16 02:23:03] Land cover year: 2017
[2026-05-16 02:23:04] VIIRS Veg composite: 2018-08-21 → 2018-09-06
[2026-05-16 02:23:09] Started export task: fire_264_dynamic_2018-09-26
[2026-05-16 02:23:09] ------ Processing date=2018-09-27 ------
[2026-05-16 02:23:09] Using viirs_af_path: viirs_af_path
[2026-05-16 02:23:09] VIIRS Image Date: ['2018-09-27 00:00:00']
[2026-05-16 02:23:10] Weather image size: 1
[2026-05-16 02:23:10] Forecast duration: 2018-09-28 00:00:00 to 2018-09-29 00:00:00
[2026-05-16 02:24:22] Number of forecast images: 24
[2026-05-16 02:24:22] Using forecast run: 2018-09-27 18:00:00 UTC
[2026-05-16 02:24:23] Forecast Rain Available hours: [6, 7, 8, 9, 10, 11, 12, 13, 14, 15, 16, 17, 18, 19, 20, 21, 22, 23, 24, 25, 26, 27, 28, 29]
[2026-05-16 02:24:23] Valid hours for sum: [12, 18, 24, 29]
[2026-05-16 02:24:26] Drought composite end date: 2018-09-22 06:00:00
[2026-05-16 02:24:26] Land cover year: 2017
[2026-05-16 02:24:27] VIIRS Veg composite: 2018-08-21 → 2018-09-06
[2026-05-16 02:24:30] Started export task: fire_264_dynamic_2018-09-27
[2026-05-16 02:24:30] ------ Processing date=2018-09-28 ------
[2026-05-16 02:24:30] Using viirs_af_path: viirs_af_path
[2026-05-16 02:24:31] VIIRS Image Date: ['2018-09-28 00:00:00']
[2026-05-16 02:24:31] Weather image size: 1
[2026-05-16 02:24:31] Forecast duration: 2018-09-29 00:00:00 to 2018-09-30 00:00:00
[2026-05-16 02:24:32] Number of forecast images: 24
[2026-05-16 02:24:32] Using forecast run: 2018-09-28 18:00:00 UTC
[2026-05-16 02:24:33] Forecast Rain Available hours: [6, 7, 8, 9, 10, 11, 12, 13, 14, 15, 16, 17, 18, 19, 20, 21, 22, 23, 24, 25, 26, 27, 28, 29]
[2026-05-16 02:24:33] Valid hours for sum: [12, 18, 24, 29]
[2026-05-16 02:24:34] Drought composite end date: 2018-09-27 06:00:00
[2026-05-16 02:24:34] Land cover year: 2017
[2026-05-16 02:24:35] VIIRS Veg composite: 2018-08-21 → 2018-09-06
[2026-05-16 02:24:39] Started export task: fire_264_dynamic_2018-09-28
[2026-05-16 02:24:40] ------ Processing date=2018-09-29 ------
[2026-05-16 02:24:40] Using viirs_af_path: viirs_af_path
[2026-05-16 02:24:40] VIIRS Image Date: ['2018-09-29 00:00:00']
[2026-05-16 02:24:42] Weather image size: 1
[2026-05-16 02:24:42] Forecast duration: 2018-09-30 00:00:00 to 2018-10-01 00:00:00
[2026-05-16 02:24:43] Number of forecast images: 24
[2026-05-16 02:24:43] Using forecast run: 2018-09-29 18:00:00 UTC
[2026-05-16 02:24:43] Forecast Rain Available hours: [6, 7, 8, 9, 10, 11, 12, 13, 14, 15, 16, 17, 18, 19, 20, 21, 22, 23, 24, 25, 26, 27, 28, 29]
[2026-05-16 02:24:43] Valid hours for sum: [12, 18, 24, 29]
[2026-05-16 02:24:46] Drought composite end date: 2018-09-27 06:00:00
[2026-05-16 02:24:46] Land cover year: 2017
[2026-05-16 02:24:47] VIIRS Veg composite: 2018-08-21 → 2018-09-06
[2026-05-16 02:24:51] Started export task: fire_264_dynamic_2018-09-29
[2026-05-16 02:29:08] ------ Processing date=2018-09-30 ------
[2026-05-16 02:29:08] Using viirs_af_path: viirs_af_path
[2026-05-16 02:29:08] VIIRS Image Date: ['2018-09-30 00:00:00']
[2026-05-16 02:29:09] Weather image size: 1
[2026-05-16 02:29:09] Forecast duration: 2018-10-01 00:00:00 to 2018-10-02 00:00:00
[2026-05-16 02:29:10] Number of forecast images: 24
[2026-05-16 02:29:10] Using forecast run: 2018-09-30 18:00:00 UTC
[2026-05-16 02:29:10] Forecast Rain Available hours: [6, 7, 8, 9, 10, 11, 12, 13, 14, 15, 16, 17, 18, 19, 20, 21, 22, 23, 24, 25, 26, 27, 28, 29]
[2026-05-16 02:29:10] Valid hours for sum: [12, 18, 24, 29]
[2026-05-16 02:29:12] Drought composite end date: 2018-09-27 06:00:00
[2026-05-16 02:29:13] Land cover year: 2017
[2026-05-16 02:29:14] VIIRS Veg composite: 2018-08-21 → 2018-09-06
[2026-05-16 02:29:18] Started export task: fire_264_dynamic_2018-09-30
[2026-05-16 02:29:18] ------ Processing date=2018-10-01 ------
[2026-05-16 02:29:18] Using viirs_af_path: viirs_af_path
[2026-05-16 02:29:19] VIIRS Image Date: ['2018-10-01 00:00:00']
[2026-05-16 02:29:19] Weather image size: 1
[2026-05-16 02:29:19] Forecast duration: 2018-10-02 00:00:00 to 2018-10-03 00:00:00
[2026-05-16 02:29:20] Number of forecast images: 24
[2026-05-16 02:29:20] Using forecast run: 2018-10-01 18:00:00 UTC
[2026-05-16 02:29:20] Forecast Rain Available hours: [6, 7, 8, 9, 10, 11, 12, 13, 14, 15, 16, 17, 18, 19, 20, 21, 22, 23, 24, 25, 26, 27, 28, 29]
[2026-05-16 02:29:20] Valid hours for sum: [12, 18, 24, 29]
[2026-05-16 02:29:22] Drought composite end date: 2018-09-27 06:00:00
[2026-05-16 02:29:23] Land cover year: 2017
[2026-05-16 02:29:24] VIIRS Veg composite: 2018-08-21 → 2018-09-06
[2026-05-16 02:29:27] Started export task: fire_264_dynamic_2018-10-01
[2026-05-16 02:29:28] ------ Processing date=2018-10-02 ------
[2026-05-16 02:29:28] Using viirs_af_path: viirs_af_path
[2026-05-16 02:29:28] VIIRS Image Date: ['2018-10-02 00:00:00']
[2026-05-16 02:29:28] Weather image size: 1
[2026-05-16 02:29:28] Forecast duration: 2018-10-03 00:00:00 to 2018-10-04 00:00:00
[2026-05-16 02:29:30] Number of forecast images: 24
[2026-05-16 02:29:30] Using forecast run: 2018-10-02 18:00:00 UTC
[2026-05-16 02:29:31] Forecast Rain Available hours: [6, 7, 8, 9, 10, 11, 12, 13, 14, 15, 16, 17, 18, 19, 20, 21, 22, 23, 24, 25, 26, 27, 28, 29]
[2026-05-16 02:29:31] Valid hours for sum: [12, 18, 24, 29]
[2026-05-16 02:29:33] Drought composite end date: 2018-09-27 06:00:00
[2026-05-16 02:29:34] Land cover year: 2017
[2026-05-16 02:29:34] VIIRS Veg composite: 2018-08-21 → 2018-09-06
[2026-05-16 02:29:38] Started export task: fire_264_dynamic_2018-10-02
[2026-05-16 02:29:39] END: ----------Event fire_264----------- (Duration: 10.08m)
[2026-05-16 02:29:39] START: ----------Event fire_266-----------
[2026-05-16 02:29:39] ------ Processing date=2018-09-07 ------
[2026-05-16 02:29:39] Using viirs_af_path: viirs_af_path
[2026-05-16 02:29:40] VIIRS Image Date: ['2018-09-07 00:00:00']
[2026-05-16 02:29:40] Weather image size: 1
[2026-05-16 02:29:40] Forecast duration: 2018-09-08 00:00:00 to 2018-09-09 00:00:00
[2026-05-16 02:29:42] Number of forecast images: 24
[2026-05-16 02:29:42] Using forecast run: 2018-09-07 18:00:00 UTC
[2026-05-16 02:29:42] Forecast Rain Available hours: [6, 7, 8, 9, 10, 11, 12, 13, 14, 15, 16, 17, 18, 19, 20, 21, 22, 23, 24, 25, 26, 27, 28, 29]
[2026-05-16 02:29:42] Valid hours for sum: [12, 18, 24, 29]
[2026-05-16 02:29:45] Drought composite end date: 2018-09-02 06:00:00
[2026-05-16 02:29:45] Land cover year: 2017
[2026-05-16 02:29:47] VIIRS Veg composite: 2018-08-29 → 2018-09-14
[2026-05-16 02:29:50] Started export task: fire_266_static
[2026-05-16 02:29:51] Started export task: fire_266_dynamic_2018-09-07
[2026-05-16 02:29:51] ------ Processing date=2018-09-08 ------
[2026-05-16 02:29:51] Using viirs_af_path: viirs_af_path
[2026-05-16 02:29:51] VIIRS Image Date: ['2018-09-08 00:00:00']
[2026-05-16 02:29:51] Weather image size: 1
[2026-05-16 02:29:51] Forecast duration: 2018-09-09 00:00:00 to 2018-09-10 00:00:00
[2026-05-16 02:29:52] Number of forecast images: 24
[2026-05-16 02:29:52] Using forecast run: 2018-09-08 18:00:00 UTC
[2026-05-16 02:29:53] Forecast Rain Available hours: [6, 7, 8, 9, 10, 11, 12, 13, 14, 15, 16, 17, 18, 19, 20, 21, 22, 23, 24, 25, 26, 27, 28, 29]
[2026-05-16 02:29:53] Valid hours for sum: [12, 18, 24, 29]
[2026-05-16 02:29:55] Drought composite end date: 2018-09-07 06:00:00
[2026-05-16 02:29:55] Land cover year: 2017
[2026-05-16 02:29:56] VIIRS Veg composite: 2018-08-29 → 2018-09-14
[2026-05-16 02:29:59] Started export task: fire_266_dynamic_2018-09-08
[2026-05-16 02:30:00] ------ Processing date=2018-09-09 ------
[2026-05-16 02:30:00] Using viirs_af_path: viirs_af_path
[2026-05-16 02:30:00] VIIRS Image Date: ['2018-09-09 00:00:00']
[2026-05-16 02:30:01] Weather image size: 1
[2026-05-16 02:30:01] Forecast duration: 2018-09-10 00:00:00 to 2018-09-11 00:00:00
[2026-05-16 02:30:01] Number of forecast images: 24
[2026-05-16 02:30:01] Using forecast run: 2018-09-09 18:00:00 UTC
[2026-05-16 02:30:02] Forecast Rain Available hours: [6, 7, 8, 9, 10, 11, 12, 13, 14, 15, 16, 17, 18, 19, 20, 21, 22, 23, 24, 25, 26, 27, 28, 29]
[2026-05-16 02:30:02] Valid hours for sum: [12, 18, 24, 29]
[2026-05-16 02:30:04] Drought composite end date: 2018-09-07 06:00:00
[2026-05-16 02:30:04] Land cover year: 2017
[2026-05-16 02:30:05] VIIRS Veg composite: 2018-08-29 → 2018-09-14
[2026-05-16 02:30:09] Started export task: fire_266_dynamic_2018-09-09
[2026-05-16 02:30:09] ------ Processing date=2018-09-10 ------
[2026-05-16 02:30:09] Using viirs_af_path: viirs_af_path
[2026-05-16 02:30:09] VIIRS Image Date: ['2018-09-10 00:00:00']
[2026-05-16 02:30:10] Weather image size: 1
[2026-05-16 02:30:10] Forecast duration: 2018-09-11 00:00:00 to 2018-09-12 00:00:00
[2026-05-16 02:30:10] Number of forecast images: 24
[2026-05-16 02:30:10] Using forecast run: 2018-09-10 18:00:00 UTC
[2026-05-16 02:30:11] Forecast Rain Available hours: [6, 7, 8, 9, 10, 11, 12, 13, 14, 15, 16, 17, 18, 19, 20, 21, 22, 23, 24, 25, 26, 27, 28, 29]
[2026-05-16 02:30:11] Valid hours for sum: [12, 18, 24, 29]
[2026-05-16 02:30:13] Drought composite end date: 2018-09-07 06:00:00
[2026-05-16 02:30:14] Land cover year: 2017
[2026-05-16 02:30:14] VIIRS Veg composite: 2018-08-29 → 2018-09-14
[2026-05-16 02:30:18] Started export task: fire_266_dynamic_2018-09-10
[2026-05-16 02:30:18] ------ Processing date=2018-09-11 ------
[2026-05-16 02:30:18] Using viirs_af_path: viirs_af_path
[2026-05-16 02:30:18] VIIRS Image Date: ['2018-09-11 00:00:00']
[2026-05-16 02:30:18] Weather image size: 1
[2026-05-16 02:30:18] Forecast duration: 2018-09-12 00:00:00 to 2018-09-13 00:00:00
[2026-05-16 02:30:20] Number of forecast images: 24
[2026-05-16 02:30:20] Using forecast run: 2018-09-11 18:00:00 UTC
[2026-05-16 02:30:20] Forecast Rain Available hours: [6, 7, 8, 9, 10, 11, 12, 13, 14, 15, 16, 17, 18, 19, 20, 21, 22, 23, 24, 25, 26, 27, 28, 29]
[2026-05-16 02:30:20] Valid hours for sum: [12, 18, 24, 29]
[2026-05-16 02:30:22] Drought composite end date: 2018-09-07 06:00:00
[2026-05-16 02:30:22] Land cover year: 2017
[2026-05-16 02:30:23] VIIRS Veg composite: 2018-08-29 → 2018-09-14
[2026-05-16 02:30:27] Started export task: fire_266_dynamic_2018-09-11
[2026-05-16 02:30:27] ------ Processing date=2018-09-12 ------
[2026-05-16 02:30:27] Using viirs_af_path: viirs_af_path
[2026-05-16 02:30:27] VIIRS Image Date: ['2018-09-12 00:00:00']
[2026-05-16 02:30:28] Weather image size: 1
[2026-05-16 02:30:28] Forecast duration: 2018-09-13 00:00:00 to 2018-09-14 00:00:00
[2026-05-16 02:30:29] Number of forecast images: 24
[2026-05-16 02:30:29] Using forecast run: 2018-09-12 18:00:00 UTC
[2026-05-16 02:30:29] Forecast Rain Available hours: [6, 7, 8, 9, 10, 11, 12, 13, 14, 15, 16, 17, 18, 19, 20, 21, 22, 23, 24, 25, 26, 27, 28, 29]
[2026-05-16 02:30:29] Valid hours for sum: [12, 18, 24, 29]
[2026-05-16 02:30:31] Drought composite end date: 2018-09-07 06:00:00
[2026-05-16 02:30:32] Land cover year: 2017
[2026-05-16 02:30:34] VIIRS Veg composite: 2018-08-29 → 2018-09-14
[2026-05-16 02:30:39] Started export task: fire_266_dynamic_2018-09-12
[2026-05-16 02:30:39] ------ Processing date=2018-09-13 ------
[2026-05-16 02:30:39] Using viirs_af_path: viirs_af_path
[2026-05-16 02:30:39] VIIRS Image Date: ['2018-09-13 00:00:00']
[2026-05-16 02:30:40] Weather image size: 1
[2026-05-16 02:30:40] Forecast duration: 2018-09-14 00:00:00 to 2018-09-15 00:00:00
[2026-05-16 02:30:41] Number of forecast images: 24
[2026-05-16 02:30:41] Using forecast run: 2018-09-13 18:00:00 UTC
[2026-05-16 02:30:41] Forecast Rain Available hours: [6, 7, 8, 9, 10, 11, 12, 13, 14, 15, 16, 17, 18, 19, 20, 21, 22, 23, 24, 25, 26, 27, 28, 29]
[2026-05-16 02:30:41] Valid hours for sum: [12, 18, 24, 29]
[2026-05-16 02:30:43] Drought composite end date: 2018-09-12 06:00:00
[2026-05-16 02:30:44] Land cover year: 2017
[2026-05-16 02:30:45] VIIRS Veg composite: 2018-08-29 → 2018-09-14
[2026-05-16 02:30:49] Started export task: fire_266_dynamic_2018-09-13
[2026-05-16 02:30:49] ------ Processing date=2018-09-14 ------
[2026-05-16 02:30:49] Using viirs_af_path: viirs_af_path
[2026-05-16 02:30:50] VIIRS Image Date: ['2018-09-14 00:00:00']
[2026-05-16 02:30:50] Weather image size: 1
[2026-05-16 02:30:50] Forecast duration: 2018-09-15 00:00:00 to 2018-09-16 00:00:00
[2026-05-16 02:30:51] Number of forecast images: 24
[2026-05-16 02:30:51] Using forecast run: 2018-09-14 18:00:00 UTC
[2026-05-16 02:30:51] Forecast Rain Available hours: [6, 7, 8, 9, 10, 11, 12, 13, 14, 15, 16, 17, 18, 19, 20, 21, 22, 23, 24, 25, 26, 27, 28, 29]
[2026-05-16 02:30:51] Valid hours for sum: [12, 18, 24, 29]
[2026-05-16 02:30:53] Drought composite end date: 2018-09-12 06:00:00
[2026-05-16 02:30:54] Land cover year: 2017
[2026-05-16 02:30:55] VIIRS Veg composite: 2018-08-29 → 2018-09-14
[2026-05-16 02:30:58] Started export task: fire_266_dynamic_2018-09-14
[2026-05-16 02:30:58] ------ Processing date=2018-09-15 ------
[2026-05-16 02:30:58] Using viirs_af_path: viirs_af_path
[2026-05-16 02:30:59] VIIRS Image Date: ['2018-09-15 00:00:00']
[2026-05-16 02:30:59] Weather image size: 1
[2026-05-16 02:30:59] Forecast duration: 2018-09-16 00:00:00 to 2018-09-17 00:00:00
[2026-05-16 02:31:00] Number of forecast images: 24
[2026-05-16 02:31:00] Using forecast run: 2018-09-15 18:00:00 UTC
[2026-05-16 02:31:00] Forecast Rain Available hours: [6, 7, 8, 9, 10, 11, 12, 13, 14, 15, 16, 17, 18, 19, 20, 21, 22, 23, 24, 25, 26, 27, 28, 29]
[2026-05-16 02:31:00] Valid hours for sum: [12, 18, 24, 29]
[2026-05-16 02:31:04] Drought composite end date: 2018-09-12 06:00:00
[2026-05-16 02:31:04] Land cover year: 2017
[2026-05-16 02:31:05] VIIRS Veg composite: 2018-08-29 → 2018-09-14
[2026-05-16 02:31:09] Started export task: fire_266_dynamic_2018-09-15
[2026-05-16 02:31:10] ------ Processing date=2018-09-16 ------
[2026-05-16 02:31:10] Using viirs_af_path: viirs_af_path
[2026-05-16 02:31:10] VIIRS Image Date: ['2018-09-16 00:00:00']
[2026-05-16 02:31:10] Weather image size: 1
[2026-05-16 02:31:10] Forecast duration: 2018-09-17 00:00:00 to 2018-09-18 00:00:00
[2026-05-16 02:31:11] Number of forecast images: 24
[2026-05-16 02:31:11] Using forecast run: 2018-09-16 18:00:00 UTC
[2026-05-16 02:31:12] Forecast Rain Available hours: [6, 7, 8, 9, 10, 11, 12, 13, 14, 15, 16, 17, 18, 19, 20, 21, 22, 23, 24, 25, 26, 27, 28, 29]
[2026-05-16 02:31:12] Valid hours for sum: [12, 18, 24, 29]
[2026-05-16 02:31:14] Drought composite end date: 2018-09-12 06:00:00
[2026-05-16 02:31:15] Land cover year: 2017
[2026-05-16 02:31:16] VIIRS Veg composite: 2018-08-29 → 2018-09-14
[2026-05-16 02:31:19] Started export task: fire_266_dynamic_2018-09-16
[2026-05-16 02:31:20] ------ Processing date=2018-09-17 ------
[2026-05-16 02:31:20] Using viirs_af_path: viirs_af_path
[2026-05-16 02:31:20] VIIRS Image Date: ['2018-09-17 00:00:00']
[2026-05-16 02:31:20] Weather image size: 1
[2026-05-16 02:31:20] Forecast duration: 2018-09-18 00:00:00 to 2018-09-19 00:00:00
[2026-05-16 02:31:21] Number of forecast images: 24
[2026-05-16 02:31:21] Using forecast run: 2018-09-17 18:00:00 UTC
[2026-05-16 02:31:21] Forecast Rain Available hours: [6, 7, 8, 9, 10, 11, 12, 13, 14, 15, 16, 17, 18, 19, 20, 21, 22, 23, 24, 25, 26, 27, 28, 29]
[2026-05-16 02:31:21] Valid hours for sum: [12, 18, 24, 29]
[2026-05-16 02:31:23] Drought composite end date: 2018-09-12 06:00:00
[2026-05-16 02:31:23] Land cover year: 2017
[2026-05-16 02:31:24] VIIRS Veg composite: 2018-08-29 → 2018-09-14
[2026-05-16 02:31:27] Started export task: fire_266_dynamic_2018-09-17
[2026-05-16 02:31:28] ------ Processing date=2018-09-18 ------
[2026-05-16 02:31:28] Using viirs_af_path: viirs_af_path
[2026-05-16 02:31:28] VIIRS Image Date: ['2018-09-18 00:00:00']
[2026-05-16 02:31:28] Weather image size: 1
[2026-05-16 02:31:28] Forecast duration: 2018-09-19 00:00:00 to 2018-09-20 00:00:00
[2026-05-16 02:31:29] Number of forecast images: 24
[2026-05-16 02:31:29] Using forecast run: 2018-09-18 18:00:00 UTC
[2026-05-16 02:31:29] Forecast Rain Available hours: [6, 7, 8, 9, 10, 11, 12, 13, 14, 15, 16, 17, 18, 19, 20, 21, 22, 23, 24, 25, 26, 27, 28, 29]
[2026-05-16 02:31:29] Valid hours for sum: [12, 18, 24, 29]
[2026-05-16 02:31:31] Drought composite end date: 2018-09-17 06:00:00
[2026-05-16 02:31:31] Land cover year: 2017
[2026-05-16 02:31:32] VIIRS Veg composite: 2018-08-29 → 2018-09-14
[2026-05-16 02:31:37] Started export task: fire_266_dynamic_2018-09-18
[2026-05-16 02:31:37] ------ Processing date=2018-09-19 ------
[2026-05-16 02:31:37] Using viirs_af_path: viirs_af_path
[2026-05-16 02:31:38] VIIRS Image Date: ['2018-09-19 00:00:00']
[2026-05-16 02:31:38] Weather image size: 1
[2026-05-16 02:31:38] Forecast duration: 2018-09-20 00:00:00 to 2018-09-21 00:00:00
[2026-05-16 02:31:39] Number of forecast images: 24
[2026-05-16 02:31:39] Using forecast run: 2018-09-19 18:00:00 UTC
[2026-05-16 02:31:39] Forecast Rain Available hours: [6, 7, 8, 9, 10, 11, 12, 13, 14, 15, 16, 17, 18, 19, 20, 21, 22, 23, 24, 25, 26, 27, 28, 29]
[2026-05-16 02:31:39] Valid hours for sum: [12, 18, 24, 29]
[2026-05-16 02:31:42] Drought composite end date: 2018-09-17 06:00:00
[2026-05-16 02:31:42] Land cover year: 2017
[2026-05-16 02:31:43] VIIRS Veg composite: 2018-08-29 → 2018-09-14
[2026-05-16 02:31:48] Started export task: fire_266_dynamic_2018-09-19
[2026-05-16 02:31:48] ------ Processing date=2018-09-20 ------
[2026-05-16 02:31:48] Using viirs_af_path: viirs_af_path
[2026-05-16 02:31:48] VIIRS Image Date: ['2018-09-20 00:00:00']
[2026-05-16 02:31:48] Weather image size: 1
[2026-05-16 02:31:48] Forecast duration: 2018-09-21 00:00:00 to 2018-09-22 00:00:00
[2026-05-16 02:31:49] Number of forecast images: 24
[2026-05-16 02:31:49] Using forecast run: 2018-09-20 18:00:00 UTC
[2026-05-16 02:31:50] Forecast Rain Available hours: [6, 7, 8, 9, 10, 11, 12, 13, 14, 15, 16, 17, 18, 19, 20, 21, 22, 23, 24, 25, 26, 27, 28, 29]
[2026-05-16 02:31:50] Valid hours for sum: [12, 18, 24, 29]
[2026-05-16 02:31:52] Drought composite end date: 2018-09-17 06:00:00
[2026-05-16 02:31:52] Land cover year: 2017
[2026-05-16 02:31:53] VIIRS Veg composite: 2018-08-29 → 2018-09-14
[2026-05-16 02:31:57] Started export task: fire_266_dynamic_2018-09-20
[2026-05-16 02:31:58] ------ Processing date=2018-09-21 ------
[2026-05-16 02:31:58] Using viirs_af_path: viirs_af_path
[2026-05-16 02:31:58] VIIRS Image Date: ['2018-09-21 00:00:00']
[2026-05-16 02:31:58] Weather image size: 1
[2026-05-16 02:31:58] Forecast duration: 2018-09-22 00:00:00 to 2018-09-23 00:00:00
[2026-05-16 02:31:59] Number of forecast images: 24
[2026-05-16 02:31:59] Using forecast run: 2018-09-21 18:00:00 UTC
[2026-05-16 02:31:59] Forecast Rain Available hours: [6, 7, 8, 9, 10, 11, 12, 13, 14, 15, 16, 17, 18, 19, 20, 21, 22, 23, 24, 25, 26, 27, 28, 29]
[2026-05-16 02:31:59] Valid hours for sum: [12, 18, 24, 29]
[2026-05-16 02:32:02] Drought composite end date: 2018-09-17 06:00:00
[2026-05-16 02:32:02] Land cover year: 2017
[2026-05-16 02:32:03] VIIRS Veg composite: 2018-08-29 → 2018-09-14
[2026-05-16 02:32:08] Started export task: fire_266_dynamic_2018-09-21
[2026-05-16 02:32:09] ------ Processing date=2018-09-22 ------
[2026-05-16 02:32:09] Using viirs_af_path: viirs_af_path
[2026-05-16 02:32:09] VIIRS Image Date: ['2018-09-22 00:00:00']
[2026-05-16 02:32:09] Weather image size: 1
[2026-05-16 02:32:09] Forecast duration: 2018-09-23 00:00:00 to 2018-09-24 00:00:00
[2026-05-16 02:32:10] Number of forecast images: 24
[2026-05-16 02:32:10] Using forecast run: 2018-09-22 18:00:00 UTC
[2026-05-16 02:32:11] Forecast Rain Available hours: [6, 7, 8, 9, 10, 11, 12, 13, 14, 15, 16, 17, 18, 19, 20, 21, 22, 23, 24, 25, 26, 27, 28, 29]
[2026-05-16 02:32:11] Valid hours for sum: [12, 18, 24, 29]
[2026-05-16 02:32:13] Drought composite end date: 2018-09-17 06:00:00
[2026-05-16 02:32:13] Land cover year: 2017
[2026-05-16 02:32:14] VIIRS Veg composite: 2018-08-29 → 2018-09-14
[2026-05-16 02:32:17] Started export task: fire_266_dynamic_2018-09-22
[2026-05-16 02:32:17] ------ Processing date=2018-09-23 ------
[2026-05-16 02:32:17] Using viirs_af_path: viirs_af_path
[2026-05-16 02:32:17] VIIRS Image Date: ['2018-09-23 00:00:00']
[2026-05-16 02:32:18] Weather image size: 1
[2026-05-16 02:32:18] Forecast duration: 2018-09-24 00:00:00 to 2018-09-25 00:00:00
[2026-05-16 02:32:18] Number of forecast images: 24
[2026-05-16 02:32:18] Using forecast run: 2018-09-23 18:00:00 UTC
[2026-05-16 02:32:19] Forecast Rain Available hours: [6, 7, 8, 9, 10, 11, 12, 13, 14, 15, 16, 17, 18, 19, 20, 21, 22, 23, 24, 25, 26, 27, 28, 29]
[2026-05-16 02:32:19] Valid hours for sum: [12, 18, 24, 29]
[2026-05-16 02:32:22] Drought composite end date: 2018-09-22 06:00:00
[2026-05-16 02:32:22] Land cover year: 2017
[2026-05-16 02:32:23] VIIRS Veg composite: 2018-08-29 → 2018-09-14
[2026-05-16 02:32:27] Started export task: fire_266_dynamic_2018-09-23
[2026-05-16 02:32:28] ------ Processing date=2018-09-24 ------
[2026-05-16 02:32:28] Using viirs_af_path: viirs_af_path
[2026-05-16 02:32:28] VIIRS Image Date: ['2018-09-24 00:00:00']
[2026-05-16 02:32:28] Weather image size: 1
[2026-05-16 02:32:28] Forecast duration: 2018-09-25 00:00:00 to 2018-09-26 00:00:00
[2026-05-16 02:32:29] Number of forecast images: 24
[2026-05-16 02:32:29] Using forecast run: 2018-09-24 18:00:00 UTC
[2026-05-16 02:32:29] Forecast Rain Available hours: [6, 7, 8, 9, 10, 11, 12, 13, 14, 15, 16, 17, 18, 19, 20, 21, 22, 23, 24, 25, 26, 27, 28, 29]
[2026-05-16 02:32:29] Valid hours for sum: [12, 18, 24, 29]
[2026-05-16 02:32:32] Drought composite end date: 2018-09-22 06:00:00
[2026-05-16 02:32:32] Land cover year: 2017
[2026-05-16 02:32:33] VIIRS Veg composite: 2018-08-29 → 2018-09-14
[2026-05-16 02:32:36] Started export task: fire_266_dynamic_2018-09-24
[2026-05-16 02:32:37] ------ Processing date=2018-09-25 ------
[2026-05-16 02:32:37] Using viirs_af_path: viirs_af_path
[2026-05-16 02:32:37] VIIRS Image Date: ['2018-09-25 00:00:00']
[2026-05-16 02:32:37] Weather image size: 1
[2026-05-16 02:32:37] Forecast duration: 2018-09-26 00:00:00 to 2018-09-27 00:00:00
[2026-05-16 02:32:39] Number of forecast images: 24
[2026-05-16 02:32:39] Using forecast run: 2018-09-25 18:00:00 UTC
[2026-05-16 02:32:39] Forecast Rain Available hours: [6, 7, 8, 9, 10, 11, 12, 13, 14, 15, 16, 17, 18, 19, 20, 21, 22, 23, 24, 25, 26, 27, 28, 29]
[2026-05-16 02:32:39] Valid hours for sum: [12, 18, 24, 29]
[2026-05-16 02:32:41] Drought composite end date: 2018-09-22 06:00:00
[2026-05-16 02:32:41] Land cover year: 2017
[2026-05-16 02:32:42] VIIRS Veg composite: 2018-08-29 → 2018-09-14
[2026-05-16 02:32:45] Started export task: fire_266_dynamic_2018-09-25
[2026-05-16 02:32:46] ------ Processing date=2018-09-26 ------
[2026-05-16 02:32:46] Using viirs_af_path: viirs_af_path
[2026-05-16 02:32:46] VIIRS Image Date: ['2018-09-26 00:00:00']
[2026-05-16 02:32:46] Weather image size: 1
[2026-05-16 02:32:46] Forecast duration: 2018-09-27 00:00:00 to 2018-09-28 00:00:00
[2026-05-16 02:32:47] Number of forecast images: 24
[2026-05-16 02:32:47] Using forecast run: 2018-09-26 18:00:00 UTC
[2026-05-16 02:32:47] Forecast Rain Available hours: [6, 7, 8, 9, 10, 11, 12, 13, 14, 15, 16, 17, 18, 19, 20, 21, 22, 23, 24, 25, 26, 27, 28, 29]
[2026-05-16 02:32:47] Valid hours for sum: [12, 18, 24, 29]
[2026-05-16 02:32:49] Drought composite end date: 2018-09-22 06:00:00
[2026-05-16 02:32:50] Land cover year: 2017
[2026-05-16 02:32:51] VIIRS Veg composite: 2018-08-29 → 2018-09-14
[2026-05-16 02:32:55] Started export task: fire_266_dynamic_2018-09-26
[2026-05-16 02:32:56] ------ Processing date=2018-09-27 ------
[2026-05-16 02:32:56] Using viirs_af_path: viirs_af_path
[2026-05-16 02:32:56] VIIRS Image Date: ['2018-09-27 00:00:00']
[2026-05-16 02:32:56] Weather image size: 1
[2026-05-16 02:32:56] Forecast duration: 2018-09-28 00:00:00 to 2018-09-29 00:00:00
[2026-05-16 02:32:57] Number of forecast images: 24
[2026-05-16 02:32:57] Using forecast run: 2018-09-27 18:00:00 UTC
[2026-05-16 02:32:58] Forecast Rain Available hours: [6, 7, 8, 9, 10, 11, 12, 13, 14, 15, 16, 17, 18, 19, 20, 21, 22, 23, 24, 25, 26, 27, 28, 29]
[2026-05-16 02:32:58] Valid hours for sum: [12, 18, 24, 29]
[2026-05-16 02:33:00] Drought composite end date: 2018-09-22 06:00:00
[2026-05-16 02:33:01] Land cover year: 2017
[2026-05-16 02:33:02] VIIRS Veg composite: 2018-08-29 → 2018-09-14
[2026-05-16 02:33:05] Started export task: fire_266_dynamic_2018-09-27
[2026-05-16 02:33:05] ------ Processing date=2018-09-28 ------
[2026-05-16 02:33:05] Using viirs_af_path: viirs_af_path
[2026-05-16 02:33:05] VIIRS Image Date: ['2018-09-28 00:00:00']
[2026-05-16 02:33:05] Weather image size: 1
[2026-05-16 02:33:05] Forecast duration: 2018-09-29 00:00:00 to 2018-09-30 00:00:00
[2026-05-16 02:33:06] Number of forecast images: 24
[2026-05-16 02:33:06] Using forecast run: 2018-09-28 18:00:00 UTC
[2026-05-16 02:33:07] Forecast Rain Available hours: [6, 7, 8, 9, 10, 11, 12, 13, 14, 15, 16, 17, 18, 19, 20, 21, 22, 23, 24, 25, 26, 27, 28, 29]
[2026-05-16 02:33:07] Valid hours for sum: [12, 18, 24, 29]
[2026-05-16 02:33:08] Drought composite end date: 2018-09-27 06:00:00
[2026-05-16 02:33:09] Land cover year: 2017
[2026-05-16 02:33:10] VIIRS Veg composite: 2018-08-29 → 2018-09-14
[2026-05-16 02:33:16] Started export task: fire_266_dynamic_2018-09-28
[2026-05-16 02:33:17] ------ Processing date=2018-09-29 ------
[2026-05-16 02:33:17] Using viirs_af_path: viirs_af_path
[2026-05-16 02:33:17] VIIRS Image Date: ['2018-09-29 00:00:00']
[2026-05-16 02:33:17] Weather image size: 1
[2026-05-16 02:33:17] Forecast duration: 2018-09-30 00:00:00 to 2018-10-01 00:00:00
[2026-05-16 02:33:18] Number of forecast images: 24
[2026-05-16 02:33:18] Using forecast run: 2018-09-29 18:00:00 UTC
[2026-05-16 02:33:19] Forecast Rain Available hours: [6, 7, 8, 9, 10, 11, 12, 13, 14, 15, 16, 17, 18, 19, 20, 21, 22, 23, 24, 25, 26, 27, 28, 29]
[2026-05-16 02:33:19] Valid hours for sum: [12, 18, 24, 29]
[2026-05-16 02:33:20] Drought composite end date: 2018-09-27 06:00:00
[2026-05-16 02:33:20] Land cover year: 2017
[2026-05-16 02:33:21] VIIRS Veg composite: 2018-08-29 → 2018-09-14
[2026-05-16 02:33:25] Started export task: fire_266_dynamic_2018-09-29
[2026-05-16 02:33:25] ------ Processing date=2018-09-30 ------
[2026-05-16 02:33:25] Using viirs_af_path: viirs_af_path
[2026-05-16 02:33:25] VIIRS Image Date: ['2018-09-30 00:00:00']
[2026-05-16 02:33:26] Weather image size: 1
[2026-05-16 02:33:26] Forecast duration: 2018-10-01 00:00:00 to 2018-10-02 00:00:00
[2026-05-16 02:33:26] Number of forecast images: 24
[2026-05-16 02:33:26] Using forecast run: 2018-09-30 18:00:00 UTC
[2026-05-16 02:33:27] Forecast Rain Available hours: [6, 7, 8, 9, 10, 11, 12, 13, 14, 15, 16, 17, 18, 19, 20, 21, 22, 23, 24, 25, 26, 27, 28, 29]
[2026-05-16 02:33:27] Valid hours for sum: [12, 18, 24, 29]
[2026-05-16 02:33:29] Drought composite end date: 2018-09-27 06:00:00
[2026-05-16 02:33:29] Land cover year: 2017
[2026-05-16 02:33:29] VIIRS Veg composite: 2018-08-29 → 2018-09-14
[2026-05-16 02:33:33] Started export task: fire_266_dynamic_2018-09-30
[2026-05-16 02:33:33] ------ Processing date=2018-10-01 ------
[2026-05-16 02:33:33] Using viirs_af_path: viirs_af_path
[2026-05-16 02:33:33] VIIRS Image Date: ['2018-10-01 00:00:00']
[2026-05-16 02:33:34] Weather image size: 1
[2026-05-16 02:33:34] Forecast duration: 2018-10-02 00:00:00 to 2018-10-03 00:00:00
[2026-05-16 02:33:34] Number of forecast images: 24
[2026-05-16 02:33:34] Using forecast run: 2018-10-01 18:00:00 UTC
[2026-05-16 02:33:35] Forecast Rain Available hours: [6, 7, 8, 9, 10, 11, 12, 13, 14, 15, 16, 17, 18, 19, 20, 21, 22, 23, 24, 25, 26, 27, 28, 29]
[2026-05-16 02:33:35] Valid hours for sum: [12, 18, 24, 29]
[2026-05-16 02:33:36] Drought composite end date: 2018-09-27 06:00:00
[2026-05-16 02:33:36] Land cover year: 2017
[2026-05-16 02:33:37] VIIRS Veg composite: 2018-08-29 → 2018-09-14
[2026-05-16 02:33:41] Started export task: fire_266_dynamic_2018-10-01
[2026-05-16 02:33:41] ------ Processing date=2018-10-02 ------
[2026-05-16 02:33:41] Using viirs_af_path: viirs_af_path
[2026-05-16 02:33:41] VIIRS Image Date: ['2018-10-02 00:00:00']
[2026-05-16 02:33:42] Weather image size: 1
[2026-05-16 02:33:42] Forecast duration: 2018-10-03 00:00:00 to 2018-10-04 00:00:00
[2026-05-16 02:33:43] Number of forecast images: 24
[2026-05-16 02:33:43] Using forecast run: 2018-10-02 18:00:00 UTC
[2026-05-16 02:33:43] Forecast Rain Available hours: [6, 7, 8, 9, 10, 11, 12, 13, 14, 15, 16, 17, 18, 19, 20, 21, 22, 23, 24, 25, 26, 27, 28, 29]
[2026-05-16 02:33:43] Valid hours for sum: [12, 18, 24, 29]
[2026-05-16 02:33:47] Drought composite end date: 2018-09-27 06:00:00
[2026-05-16 02:33:47] Land cover year: 2017
[2026-05-16 02:33:48] VIIRS Veg composite: 2018-08-29 → 2018-09-14
[2026-05-16 02:33:52] Started export task: fire_266_dynamic_2018-10-02
[2026-05-16 02:33:52] ------ Processing date=2018-10-03 ------
[2026-05-16 02:33:52] Using viirs_af_path: viirs_af_path
[2026-05-16 02:33:53] VIIRS Image Date: ['2018-10-03 00:00:00']
[2026-05-16 02:33:53] Weather image size: 1
[2026-05-16 02:33:53] Forecast duration: 2018-10-04 00:00:00 to 2018-10-05 00:00:00
[2026-05-16 02:33:54] Number of forecast images: 24
[2026-05-16 02:33:54] Using forecast run: 2018-10-03 18:00:00 UTC
[2026-05-16 02:33:54] Forecast Rain Available hours: [6, 7, 8, 9, 10, 11, 12, 13, 14, 15, 16, 17, 18, 19, 20, 21, 22, 23, 24, 25, 26, 27, 28, 29]
[2026-05-16 02:33:54] Valid hours for sum: [12, 18, 24, 29]
[2026-05-16 02:33:56] Drought composite end date: 2018-10-02 06:00:00
[2026-05-16 02:33:56] Land cover year: 2017
[2026-05-16 02:33:57] VIIRS Veg composite: 2018-08-29 → 2018-09-14
[2026-05-16 02:34:01] Started export task: fire_266_dynamic_2018-10-03
[2026-05-16 02:34:01] END: ----------Event fire_266----------- (Duration: 4.38m)
[2026-05-16 02:34:01] START: ----------Event fire_267-----------
[2026-05-16 02:34:02] ------ Processing date=2018-09-08 ------
[2026-05-16 02:34:02] Using viirs_af_path: viirs_af_path
[2026-05-16 02:34:02] VIIRS Image Date: ['2018-09-08 00:00:00']
[2026-05-16 02:34:02] Weather image size: 1
[2026-05-16 02:34:02] Forecast duration: 2018-09-09 00:00:00 to 2018-09-10 00:00:00
[2026-05-16 02:34:03] Number of forecast images: 24
[2026-05-16 02:34:03] Using forecast run: 2018-09-08 18:00:00 UTC
[2026-05-16 02:34:03] Forecast Rain Available hours: [6, 7, 8, 9, 10, 11, 12, 13, 14, 15, 16, 17, 18, 19, 20, 21, 22, 23, 24, 25, 26, 27, 28, 29]
[2026-05-16 02:34:03] Valid hours for sum: [12, 18, 24, 29]
[2026-05-16 02:34:05] Drought composite end date: 2018-09-07 06:00:00
[2026-05-16 02:34:05] Land cover year: 2017
[2026-05-16 02:34:06] VIIRS Veg composite: 2018-08-29 → 2018-09-14
[2026-05-16 02:34:11] Started export task: fire_267_static
[2026-05-16 02:34:11] Started export task: fire_267_dynamic_2018-09-08
[2026-05-16 02:34:12] ------ Processing date=2018-09-09 ------
[2026-05-16 02:34:12] Using viirs_af_path: viirs_af_path
[2026-05-16 02:34:12] VIIRS Image Date: ['2018-09-09 00:00:00']
[2026-05-16 02:34:12] Weather image size: 1
[2026-05-16 02:34:12] Forecast duration: 2018-09-10 00:00:00 to 2018-09-11 00:00:00
[2026-05-16 02:34:13] Number of forecast images: 24
[2026-05-16 02:34:13] Using forecast run: 2018-09-09 18:00:00 UTC
[2026-05-16 02:34:14] Forecast Rain Available hours: [6, 7, 8, 9, 10, 11, 12, 13, 14, 15, 16, 17, 18, 19, 20, 21, 22, 23, 24, 25, 26, 27, 28, 29]
[2026-05-16 02:34:14] Valid hours for sum: [12, 18, 24, 29]
[2026-05-16 02:34:16] Drought composite end date: 2018-09-07 06:00:00
[2026-05-16 02:34:16] Land cover year: 2017
[2026-05-16 02:34:18] VIIRS Veg composite: 2018-08-29 → 2018-09-14
[2026-05-16 02:34:22] Started export task: fire_267_dynamic_2018-09-09
[2026-05-16 02:34:22] ------ Processing date=2018-09-10 ------
[2026-05-16 02:34:22] Using viirs_af_path: viirs_af_path
[2026-05-16 02:34:22] VIIRS Image Date: ['2018-09-10 00:00:00']
[2026-05-16 02:34:23] Weather image size: 1
[2026-05-16 02:34:23] Forecast duration: 2018-09-11 00:00:00 to 2018-09-12 00:00:00
[2026-05-16 02:34:23] Number of forecast images: 24
[2026-05-16 02:34:23] Using forecast run: 2018-09-10 18:00:00 UTC
[2026-05-16 02:34:24] Forecast Rain Available hours: [6, 7, 8, 9, 10, 11, 12, 13, 14, 15, 16, 17, 18, 19, 20, 21, 22, 23, 24, 25, 26, 27, 28, 29]
[2026-05-16 02:34:24] Valid hours for sum: [12, 18, 24, 29]
[2026-05-16 02:34:26] Drought composite end date: 2018-09-07 06:00:00
[2026-05-16 02:34:26] Land cover year: 2017
[2026-05-16 02:34:27] VIIRS Veg composite: 2018-08-29 → 2018-09-14
[2026-05-16 02:34:30] Started export task: fire_267_dynamic_2018-09-10
[2026-05-16 02:34:30] ------ Processing date=2018-09-11 ------
[2026-05-16 02:34:30] Using viirs_af_path: viirs_af_path
[2026-05-16 02:34:31] VIIRS Image Date: ['2018-09-11 00:00:00']
[2026-05-16 02:34:31] Weather image size: 1
[2026-05-16 02:34:31] Forecast duration: 2018-09-12 00:00:00 to 2018-09-13 00:00:00
[2026-05-16 02:34:32] Number of forecast images: 24
[2026-05-16 02:34:32] Using forecast run: 2018-09-11 18:00:00 UTC
[2026-05-16 02:34:33] Forecast Rain Available hours: [6, 7, 8, 9, 10, 11, 12, 13, 14, 15, 16, 17, 18, 19, 20, 21, 22, 23, 24, 25, 26, 27, 28, 29]
[2026-05-16 02:34:33] Valid hours for sum: [12, 18, 24, 29]
[2026-05-16 02:34:35] Drought composite end date: 2018-09-07 06:00:00
[2026-05-16 02:34:35] Land cover year: 2017
[2026-05-16 02:34:36] VIIRS Veg composite: 2018-08-29 → 2018-09-14
[2026-05-16 02:34:40] Started export task: fire_267_dynamic_2018-09-11
[2026-05-16 02:34:40] ------ Processing date=2018-09-12 ------
[2026-05-16 02:34:40] Using viirs_af_path: viirs_af_path
[2026-05-16 02:34:40] VIIRS Image Date: ['2018-09-12 00:00:00']
[2026-05-16 02:34:41] Weather image size: 1
[2026-05-16 02:34:41] Forecast duration: 2018-09-13 00:00:00 to 2018-09-14 00:00:00
[2026-05-16 02:34:41] Number of forecast images: 24
[2026-05-16 02:34:41] Using forecast run: 2018-09-12 18:00:00 UTC
[2026-05-16 02:34:42] Forecast Rain Available hours: [6, 7, 8, 9, 10, 11, 12, 13, 14, 15, 16, 17, 18, 19, 20, 21, 22, 23, 24, 25, 26, 27, 28, 29]
[2026-05-16 02:34:42] Valid hours for sum: [12, 18, 24, 29]
[2026-05-16 02:34:44] Drought composite end date: 2018-09-07 06:00:00
[2026-05-16 02:34:44] Land cover year: 2017
[2026-05-16 02:34:45] VIIRS Veg composite: 2018-08-29 → 2018-09-14
[2026-05-16 02:34:50] Started export task: fire_267_dynamic_2018-09-12
[2026-05-16 02:34:50] ------ Processing date=2018-09-13 ------
[2026-05-16 02:34:50] Using viirs_af_path: viirs_af_path
[2026-05-16 02:34:50] VIIRS Image Date: ['2018-09-13 00:00:00']
[2026-05-16 02:34:51] Weather image size: 1
[2026-05-16 02:34:51] Forecast duration: 2018-09-14 00:00:00 to 2018-09-15 00:00:00
[2026-05-16 02:34:52] Number of forecast images: 24
[2026-05-16 02:34:52] Using forecast run: 2018-09-13 18:00:00 UTC
[2026-05-16 02:34:52] Forecast Rain Available hours: [6, 7, 8, 9, 10, 11, 12, 13, 14, 15, 16, 17, 18, 19, 20, 21, 22, 23, 24, 25, 26, 27, 28, 29]
[2026-05-16 02:34:52] Valid hours for sum: [12, 18, 24, 29]
[2026-05-16 02:34:53] Drought composite end date: 2018-09-12 06:00:00
[2026-05-16 02:34:54] Land cover year: 2017
[2026-05-16 02:34:55] VIIRS Veg composite: 2018-08-29 → 2018-09-14
[2026-05-16 02:34:59] Started export task: fire_267_dynamic_2018-09-13
[2026-05-16 02:34:59] ------ Processing date=2018-09-14 ------
[2026-05-16 02:34:59] Using viirs_af_path: viirs_af_path
[2026-05-16 02:35:00] VIIRS Image Date: ['2018-09-14 00:00:00']
[2026-05-16 02:35:00] Weather image size: 1
[2026-05-16 02:35:00] Forecast duration: 2018-09-15 00:00:00 to 2018-09-16 00:00:00
[2026-05-16 02:35:01] Number of forecast images: 24
[2026-05-16 02:35:01] Using forecast run: 2018-09-14 18:00:00 UTC
[2026-05-16 02:35:01] Forecast Rain Available hours: [6, 7, 8, 9, 10, 11, 12, 13, 14, 15, 16, 17, 18, 19, 20, 21, 22, 23, 24, 25, 26, 27, 28, 29]
[2026-05-16 02:35:01] Valid hours for sum: [12, 18, 24, 29]
[2026-05-16 02:35:03] Drought composite end date: 2018-09-12 06:00:00
[2026-05-16 02:35:04] Land cover year: 2017
[2026-05-16 02:35:05] VIIRS Veg composite: 2018-08-29 → 2018-09-14
[2026-05-16 02:35:08] Started export task: fire_267_dynamic_2018-09-14
[2026-05-16 02:35:08] ------ Processing date=2018-09-15 ------
[2026-05-16 02:35:08] Using viirs_af_path: viirs_af_path
[2026-05-16 02:35:09] VIIRS Image Date: ['2018-09-15 00:00:00']
[2026-05-16 02:35:09] Weather image size: 1
[2026-05-16 02:35:09] Forecast duration: 2018-09-16 00:00:00 to 2018-09-17 00:00:00
[2026-05-16 02:35:10] Number of forecast images: 24
[2026-05-16 02:35:10] Using forecast run: 2018-09-15 18:00:00 UTC
[2026-05-16 02:35:10] Forecast Rain Available hours: [6, 7, 8, 9, 10, 11, 12, 13, 14, 15, 16, 17, 18, 19, 20, 21, 22, 23, 24, 25, 26, 27, 28, 29]
[2026-05-16 02:35:10] Valid hours for sum: [12, 18, 24, 29]
[2026-05-16 02:35:12] Drought composite end date: 2018-09-12 06:00:00
[2026-05-16 02:35:12] Land cover year: 2017
[2026-05-16 02:35:13] VIIRS Veg composite: 2018-08-29 → 2018-09-14
[2026-05-16 02:35:19] Started export task: fire_267_dynamic_2018-09-15
[2026-05-16 02:35:19] ------ Processing date=2018-09-16 ------
[2026-05-16 02:35:19] Using viirs_af_path: viirs_af_path
[2026-05-16 02:35:19] VIIRS Image Date: ['2018-09-16 00:00:00']
[2026-05-16 02:35:20] Weather image size: 1
[2026-05-16 02:35:20] Forecast duration: 2018-09-17 00:00:00 to 2018-09-18 00:00:00
[2026-05-16 02:35:20] Number of forecast images: 24
[2026-05-16 02:35:20] Using forecast run: 2018-09-16 18:00:00 UTC
[2026-05-16 02:35:21] Forecast Rain Available hours: [6, 7, 8, 9, 10, 11, 12, 13, 14, 15, 16, 17, 18, 19, 20, 21, 22, 23, 24, 25, 26, 27, 28, 29]
[2026-05-16 02:35:21] Valid hours for sum: [12, 18, 24, 29]
[2026-05-16 02:35:23] Drought composite end date: 2018-09-12 06:00:00
[2026-05-16 02:35:23] Land cover year: 2017
[2026-05-16 02:35:24] VIIRS Veg composite: 2018-08-29 → 2018-09-14
[2026-05-16 02:35:28] Started export task: fire_267_dynamic_2018-09-16
[2026-05-16 02:35:29] ------ Processing date=2018-09-17 ------
[2026-05-16 02:35:29] Using viirs_af_path: viirs_af_path
[2026-05-16 02:35:29] VIIRS Image Date: ['2018-09-17 00:00:00']
[2026-05-16 02:35:29] Weather image size: 1
[2026-05-16 02:35:29] Forecast duration: 2018-09-18 00:00:00 to 2018-09-19 00:00:00
[2026-05-16 02:35:30] Number of forecast images: 24
[2026-05-16 02:35:30] Using forecast run: 2018-09-17 18:00:00 UTC
[2026-05-16 02:35:30] Forecast Rain Available hours: [6, 7, 8, 9, 10, 11, 12, 13, 14, 15, 16, 17, 18, 19, 20, 21, 22, 23, 24, 25, 26, 27, 28, 29]
[2026-05-16 02:35:30] Valid hours for sum: [12, 18, 24, 29]
[2026-05-16 02:35:32] Drought composite end date: 2018-09-12 06:00:00
[2026-05-16 02:35:32] Land cover year: 2017
[2026-05-16 02:35:33] VIIRS Veg composite: 2018-08-29 → 2018-09-14
[2026-05-16 02:35:37] Started export task: fire_267_dynamic_2018-09-17
[2026-05-16 02:35:37] ------ Processing date=2018-09-18 ------
[2026-05-16 02:35:37] Using viirs_af_path: viirs_af_path
[2026-05-16 02:35:37] VIIRS Image Date: ['2018-09-18 00:00:00']
[2026-05-16 02:35:37] Weather image size: 1
[2026-05-16 02:35:37] Forecast duration: 2018-09-19 00:00:00 to 2018-09-20 00:00:00
[2026-05-16 02:35:38] Number of forecast images: 24
[2026-05-16 02:35:38] Using forecast run: 2018-09-18 18:00:00 UTC
[2026-05-16 02:35:39] Forecast Rain Available hours: [6, 7, 8, 9, 10, 11, 12, 13, 14, 15, 16, 17, 18, 19, 20, 21, 22, 23, 24, 25, 26, 27, 28, 29]
[2026-05-16 02:35:39] Valid hours for sum: [12, 18, 24, 29]
[2026-05-16 02:35:41] Drought composite end date: 2018-09-17 06:00:00
[2026-05-16 02:35:41] Land cover year: 2017
[2026-05-16 02:35:42] VIIRS Veg composite: 2018-08-29 → 2018-09-14
[2026-05-16 02:35:45] Started export task: fire_267_dynamic_2018-09-18
[2026-05-16 02:35:46] ------ Processing date=2018-09-19 ------
[2026-05-16 02:35:46] Using viirs_af_path: viirs_af_path
[2026-05-16 02:35:46] VIIRS Image Date: ['2018-09-19 00:00:00']
[2026-05-16 02:35:46] Weather image size: 1
[2026-05-16 02:35:46] Forecast duration: 2018-09-20 00:00:00 to 2018-09-21 00:00:00
[2026-05-16 02:35:47] Number of forecast images: 24
[2026-05-16 02:35:47] Using forecast run: 2018-09-19 18:00:00 UTC
[2026-05-16 02:35:47] Forecast Rain Available hours: [6, 7, 8, 9, 10, 11, 12, 13, 14, 15, 16, 17, 18, 19, 20, 21, 22, 23, 24, 25, 26, 27, 28, 29]
[2026-05-16 02:35:47] Valid hours for sum: [12, 18, 24, 29]
[2026-05-16 02:35:49] Drought composite end date: 2018-09-17 06:00:00
[2026-05-16 02:35:49] Land cover year: 2017
[2026-05-16 02:35:50] VIIRS Veg composite: 2018-08-29 → 2018-09-14
[2026-05-16 02:35:53] Started export task: fire_267_dynamic_2018-09-19
[2026-05-16 02:35:54] ------ Processing date=2018-09-20 ------
[2026-05-16 02:35:54] Using viirs_af_path: viirs_af_path
[2026-05-16 02:35:54] VIIRS Image Date: ['2018-09-20 00:00:00']
[2026-05-16 02:35:54] Weather image size: 1
[2026-05-16 02:35:54] Forecast duration: 2018-09-21 00:00:00 to 2018-09-22 00:00:00
[2026-05-16 02:35:55] Number of forecast images: 24
[2026-05-16 02:35:55] Using forecast run: 2018-09-20 18:00:00 UTC
[2026-05-16 02:35:55] Forecast Rain Available hours: [6, 7, 8, 9, 10, 11, 12, 13, 14, 15, 16, 17, 18, 19, 20, 21, 22, 23, 24, 25, 26, 27, 28, 29]
[2026-05-16 02:35:55] Valid hours for sum: [12, 18, 24, 29]
[2026-05-16 02:35:57] Drought composite end date: 2018-09-17 06:00:00
[2026-05-16 02:35:57] Land cover year: 2017
[2026-05-16 02:35:58] VIIRS Veg composite: 2018-08-29 → 2018-09-14
[2026-05-16 02:36:01] Started export task: fire_267_dynamic_2018-09-20
[2026-05-16 02:36:01] ------ Processing date=2018-09-21 ------
[2026-05-16 02:36:01] Using viirs_af_path: viirs_af_path
[2026-05-16 02:36:02] VIIRS Image Date: ['2018-09-21 00:00:00']
[2026-05-16 02:36:02] Weather image size: 1
[2026-05-16 02:36:02] Forecast duration: 2018-09-22 00:00:00 to 2018-09-23 00:00:00
[2026-05-16 02:36:03] Number of forecast images: 24
[2026-05-16 02:36:03] Using forecast run: 2018-09-21 18:00:00 UTC
[2026-05-16 02:36:03] Forecast Rain Available hours: [6, 7, 8, 9, 10, 11, 12, 13, 14, 15, 16, 17, 18, 19, 20, 21, 22, 23, 24, 25, 26, 27, 28, 29]
[2026-05-16 02:36:03] Valid hours for sum: [12, 18, 24, 29]
[2026-05-16 02:36:06] Drought composite end date: 2018-09-17 06:00:00
[2026-05-16 02:36:06] Land cover year: 2017
[2026-05-16 02:36:07] VIIRS Veg composite: 2018-08-29 → 2018-09-14
[2026-05-16 02:36:10] Started export task: fire_267_dynamic_2018-09-21
[2026-05-16 02:36:11] ------ Processing date=2018-09-22 ------
[2026-05-16 02:36:11] Using viirs_af_path: viirs_af_path
[2026-05-16 02:36:11] VIIRS Image Date: ['2018-09-22 00:00:00']
[2026-05-16 02:36:11] Weather image size: 1
[2026-05-16 02:36:11] Forecast duration: 2018-09-23 00:00:00 to 2018-09-24 00:00:00
[2026-05-16 02:36:12] Number of forecast images: 24
[2026-05-16 02:36:12] Using forecast run: 2018-09-22 18:00:00 UTC
[2026-05-16 02:36:12] Forecast Rain Available hours: [6, 7, 8, 9, 10, 11, 12, 13, 14, 15, 16, 17, 18, 19, 20, 21, 22, 23, 24, 25, 26, 27, 28, 29]
[2026-05-16 02:36:12] Valid hours for sum: [12, 18, 24, 29]
[2026-05-16 02:36:14] Drought composite end date: 2018-09-17 06:00:00
[2026-05-16 02:36:14] Land cover year: 2017
[2026-05-16 02:36:15] VIIRS Veg composite: 2018-08-29 → 2018-09-14
[2026-05-16 02:36:19] Started export task: fire_267_dynamic_2018-09-22
[2026-05-16 02:36:19] ------ Processing date=2018-09-23 ------
[2026-05-16 02:36:19] Using viirs_af_path: viirs_af_path
[2026-05-16 02:36:19] VIIRS Image Date: ['2018-09-23 00:00:00']
[2026-05-16 02:36:19] Weather image size: 1
[2026-05-16 02:36:19] Forecast duration: 2018-09-24 00:00:00 to 2018-09-25 00:00:00
[2026-05-16 02:36:20] Number of forecast images: 24
[2026-05-16 02:36:20] Using forecast run: 2018-09-23 18:00:00 UTC
[2026-05-16 02:36:20] Forecast Rain Available hours: [6, 7, 8, 9, 10, 11, 12, 13, 14, 15, 16, 17, 18, 19, 20, 21, 22, 23, 24, 25, 26, 27, 28, 29]
[2026-05-16 02:36:20] Valid hours for sum: [12, 18, 24, 29]
[2026-05-16 02:36:23] Drought composite end date: 2018-09-22 06:00:00
[2026-05-16 02:36:23] Land cover year: 2017
[2026-05-16 02:36:24] VIIRS Veg composite: 2018-08-29 → 2018-09-14
[2026-05-16 02:36:27] Started export task: fire_267_dynamic_2018-09-23
[2026-05-16 02:36:28] ------ Processing date=2018-09-24 ------
[2026-05-16 02:36:28] Using viirs_af_path: viirs_af_path
[2026-05-16 02:36:28] VIIRS Image Date: ['2018-09-24 00:00:00']
[2026-05-16 02:36:28] Weather image size: 1
[2026-05-16 02:36:28] Forecast duration: 2018-09-25 00:00:00 to 2018-09-26 00:00:00
[2026-05-16 02:36:29] Number of forecast images: 24
[2026-05-16 02:36:29] Using forecast run: 2018-09-24 18:00:00 UTC
[2026-05-16 02:36:30] Forecast Rain Available hours: [6, 7, 8, 9, 10, 11, 12, 13, 14, 15, 16, 17, 18, 19, 20, 21, 22, 23, 24, 25, 26, 27, 28, 29]
[2026-05-16 02:36:30] Valid hours for sum: [12, 18, 24, 29]
[2026-05-16 02:36:32] Drought composite end date: 2018-09-22 06:00:00
[2026-05-16 02:36:32] Land cover year: 2017
[2026-05-16 02:36:33] VIIRS Veg composite: 2018-08-29 → 2018-09-14
[2026-05-16 02:36:36] Started export task: fire_267_dynamic_2018-09-24
[2026-05-16 02:36:37] ------ Processing date=2018-09-25 ------
[2026-05-16 02:36:37] Using viirs_af_path: viirs_af_path
[2026-05-16 02:36:37] VIIRS Image Date: ['2018-09-25 00:00:00']
[2026-05-16 02:36:37] Weather image size: 1
[2026-05-16 02:36:37] Forecast duration: 2018-09-26 00:00:00 to 2018-09-27 00:00:00
[2026-05-16 02:36:38] Number of forecast images: 24
[2026-05-16 02:36:38] Using forecast run: 2018-09-25 18:00:00 UTC
[2026-05-16 02:36:39] Forecast Rain Available hours: [6, 7, 8, 9, 10, 11, 12, 13, 14, 15, 16, 17, 18, 19, 20, 21, 22, 23, 24, 25, 26, 27, 28, 29]
[2026-05-16 02:36:39] Valid hours for sum: [12, 18, 24, 29]
[2026-05-16 02:36:41] Drought composite end date: 2018-09-22 06:00:00
[2026-05-16 02:36:41] Land cover year: 2017
[2026-05-16 02:36:42] VIIRS Veg composite: 2018-08-29 → 2018-09-14
[2026-05-16 02:36:46] Started export task: fire_267_dynamic_2018-09-25
[2026-05-16 02:36:46] ------ Processing date=2018-09-26 ------
[2026-05-16 02:36:46] Using viirs_af_path: viirs_af_path
[2026-05-16 02:36:47] VIIRS Image Date: ['2018-09-26 00:00:00']
[2026-05-16 02:36:47] Weather image size: 1
[2026-05-16 02:36:47] Forecast duration: 2018-09-27 00:00:00 to 2018-09-28 00:00:00
[2026-05-16 02:36:48] Number of forecast images: 24
[2026-05-16 02:36:48] Using forecast run: 2018-09-26 18:00:00 UTC
[2026-05-16 02:36:49] Forecast Rain Available hours: [6, 7, 8, 9, 10, 11, 12, 13, 14, 15, 16, 17, 18, 19, 20, 21, 22, 23, 24, 25, 26, 27, 28, 29]
[2026-05-16 02:36:49] Valid hours for sum: [12, 18, 24, 29]
[2026-05-16 02:36:51] Drought composite end date: 2018-09-22 06:00:00
[2026-05-16 02:36:51] Land cover year: 2017
[2026-05-16 02:36:52] VIIRS Veg composite: 2018-08-29 → 2018-09-14
[2026-05-16 02:36:55] Started export task: fire_267_dynamic_2018-09-26
[2026-05-16 02:36:56] ------ Processing date=2018-09-27 ------
[2026-05-16 02:36:56] Using viirs_af_path: viirs_af_path
[2026-05-16 02:36:56] VIIRS Image Date: ['2018-09-27 00:00:00']
[2026-05-16 02:36:56] Weather image size: 1
[2026-05-16 02:36:56] Forecast duration: 2018-09-28 00:00:00 to 2018-09-29 00:00:00
[2026-05-16 02:36:57] Number of forecast images: 24
[2026-05-16 02:36:57] Using forecast run: 2018-09-27 18:00:00 UTC
[2026-05-16 02:36:57] Forecast Rain Available hours: [6, 7, 8, 9, 10, 11, 12, 13, 14, 15, 16, 17, 18, 19, 20, 21, 22, 23, 24, 25, 26, 27, 28, 29]
[2026-05-16 02:36:57] Valid hours for sum: [12, 18, 24, 29]
[2026-05-16 02:36:59] Drought composite end date: 2018-09-22 06:00:00
[2026-05-16 02:37:00] Land cover year: 2017
[2026-05-16 02:37:01] VIIRS Veg composite: 2018-08-29 → 2018-09-14
[2026-05-16 02:37:04] Started export task: fire_267_dynamic_2018-09-27
[2026-05-16 02:37:05] ------ Processing date=2018-09-28 ------
[2026-05-16 02:37:05] Using viirs_af_path: viirs_af_path
[2026-05-16 02:37:05] VIIRS Image Date: ['2018-09-28 00:00:00']
[2026-05-16 02:37:05] Weather image size: 1
[2026-05-16 02:37:05] Forecast duration: 2018-09-29 00:00:00 to 2018-09-30 00:00:00
[2026-05-16 02:37:06] Number of forecast images: 24
[2026-05-16 02:37:06] Using forecast run: 2018-09-28 18:00:00 UTC
[2026-05-16 02:37:07] Forecast Rain Available hours: [6, 7, 8, 9, 10, 11, 12, 13, 14, 15, 16, 17, 18, 19, 20, 21, 22, 23, 24, 25, 26, 27, 28, 29]
[2026-05-16 02:37:07] Valid hours for sum: [12, 18, 24, 29]
[2026-05-16 02:37:08] Drought composite end date: 2018-09-27 06:00:00
[2026-05-16 02:37:08] Land cover year: 2017
[2026-05-16 02:37:09] VIIRS Veg composite: 2018-08-29 → 2018-09-14
[2026-05-16 02:37:13] Started export task: fire_267_dynamic_2018-09-28
[2026-05-16 02:37:13] ------ Processing date=2018-09-29 ------
[2026-05-16 02:37:13] Using viirs_af_path: viirs_af_path
[2026-05-16 02:37:13] VIIRS Image Date: ['2018-09-29 00:00:00']
[2026-05-16 02:37:14] Weather image size: 1
[2026-05-16 02:37:14] Forecast duration: 2018-09-30 00:00:00 to 2018-10-01 00:00:00
[2026-05-16 02:37:15] Number of forecast images: 24
[2026-05-16 02:37:15] Using forecast run: 2018-09-29 18:00:00 UTC
[2026-05-16 02:37:15] Forecast Rain Available hours: [6, 7, 8, 9, 10, 11, 12, 13, 14, 15, 16, 17, 18, 19, 20, 21, 22, 23, 24, 25, 26, 27, 28, 29]
[2026-05-16 02:37:15] Valid hours for sum: [12, 18, 24, 29]
[2026-05-16 02:37:17] Drought composite end date: 2018-09-27 06:00:00
[2026-05-16 02:37:17] Land cover year: 2017
[2026-05-16 02:37:18] VIIRS Veg composite: 2018-08-29 → 2018-09-14
[2026-05-16 02:37:22] Started export task: fire_267_dynamic_2018-09-29
[2026-05-16 02:37:23] ------ Processing date=2018-09-30 ------
[2026-05-16 02:37:23] Using viirs_af_path: viirs_af_path
[2026-05-16 02:37:23] VIIRS Image Date: ['2018-09-30 00:00:00']
[2026-05-16 02:37:23] Weather image size: 1
[2026-05-16 02:37:23] Forecast duration: 2018-10-01 00:00:00 to 2018-10-02 00:00:00
[2026-05-16 02:37:24] Number of forecast images: 24
[2026-05-16 02:37:24] Using forecast run: 2018-09-30 18:00:00 UTC
[2026-05-16 02:37:24] Forecast Rain Available hours: [6, 7, 8, 9, 10, 11, 12, 13, 14, 15, 16, 17, 18, 19, 20, 21, 22, 23, 24, 25, 26, 27, 28, 29]
[2026-05-16 02:37:24] Valid hours for sum: [12, 18, 24, 29]
[2026-05-16 02:37:26] Drought composite end date: 2018-09-27 06:00:00
[2026-05-16 02:37:26] Land cover year: 2017
[2026-05-16 02:37:27] VIIRS Veg composite: 2018-08-29 → 2018-09-14
[2026-05-16 02:37:31] Started export task: fire_267_dynamic_2018-09-30
[2026-05-16 02:37:31] ------ Processing date=2018-10-01 ------
[2026-05-16 02:37:31] Using viirs_af_path: viirs_af_path
[2026-05-16 02:37:31] VIIRS Image Date: ['2018-10-01 00:00:00']
[2026-05-16 02:37:31] Weather image size: 1
[2026-05-16 02:37:31] Forecast duration: 2018-10-02 00:00:00 to 2018-10-03 00:00:00
[2026-05-16 02:37:33] Number of forecast images: 24
[2026-05-16 02:37:33] Using forecast run: 2018-10-01 18:00:00 UTC
[2026-05-16 02:37:33] Forecast Rain Available hours: [6, 7, 8, 9, 10, 11, 12, 13, 14, 15, 16, 17, 18, 19, 20, 21, 22, 23, 24, 25, 26, 27, 28, 29]
[2026-05-16 02:37:33] Valid hours for sum: [12, 18, 24, 29]
[2026-05-16 02:37:36] Drought composite end date: 2018-09-27 06:00:00
[2026-05-16 02:37:36] Land cover year: 2017
[2026-05-16 02:37:37] VIIRS Veg composite: 2018-08-29 → 2018-09-14
[2026-05-16 02:37:40] Started export task: fire_267_dynamic_2018-10-01
[2026-05-16 02:37:40] ------ Processing date=2018-10-02 ------
[2026-05-16 02:37:40] Using viirs_af_path: viirs_af_path
[2026-05-16 02:37:41] VIIRS Image Date: ['2018-10-02 00:00:00']
[2026-05-16 02:37:41] Weather image size: 1
[2026-05-16 02:37:41] Forecast duration: 2018-10-03 00:00:00 to 2018-10-04 00:00:00
[2026-05-16 02:37:42] Number of forecast images: 24
[2026-05-16 02:37:42] Using forecast run: 2018-10-02 18:00:00 UTC
[2026-05-16 02:37:43] Forecast Rain Available hours: [6, 7, 8, 9, 10, 11, 12, 13, 14, 15, 16, 17, 18, 19, 20, 21, 22, 23, 24, 25, 26, 27, 28, 29]
[2026-05-16 02:37:43] Valid hours for sum: [12, 18, 24, 29]
[2026-05-16 02:37:44] Drought composite end date: 2018-09-27 06:00:00
[2026-05-16 02:37:45] Land cover year: 2017
[2026-05-16 02:37:45] VIIRS Veg composite: 2018-08-29 → 2018-09-14
[2026-05-16 02:37:49] Started export task: fire_267_dynamic_2018-10-02
[2026-05-16 02:37:50] ------ Processing date=2018-10-03 ------
[2026-05-16 02:37:50] Using viirs_af_path: viirs_af_path
[2026-05-16 02:37:50] VIIRS Image Date: ['2018-10-03 00:00:00']
[2026-05-16 02:37:50] Weather image size: 1
[2026-05-16 02:37:50] Forecast duration: 2018-10-04 00:00:00 to 2018-10-05 00:00:00
[2026-05-16 02:37:51] Number of forecast images: 24
[2026-05-16 02:37:51] Using forecast run: 2018-10-03 18:00:00 UTC
[2026-05-16 02:37:51] Forecast Rain Available hours: [6, 7, 8, 9, 10, 11, 12, 13, 14, 15, 16, 17, 18, 19, 20, 21, 22, 23, 24, 25, 26, 27, 28, 29]
[2026-05-16 02:37:51] Valid hours for sum: [12, 18, 24, 29]
[2026-05-16 02:37:54] Drought composite end date: 2018-10-02 06:00:00
[2026-05-16 02:37:54] Land cover year: 2017
[2026-05-16 02:37:55] VIIRS Veg composite: 2018-08-29 → 2018-09-14
[2026-05-16 02:37:59] Started export task: fire_267_dynamic_2018-10-03
[2026-05-16 02:37:59] ------ Processing date=2018-10-04 ------
[2026-05-16 02:37:59] Using viirs_af_path: viirs_af_path
[2026-05-16 02:37:59] VIIRS Image Date: ['2018-10-04 00:00:00']
[2026-05-16 02:38:00] Weather image size: 1
[2026-05-16 02:38:00] Forecast duration: 2018-10-05 00:00:00 to 2018-10-06 00:00:00
[2026-05-16 02:38:01] Number of forecast images: 24
[2026-05-16 02:38:01] Using forecast run: 2018-10-04 18:00:00 UTC
[2026-05-16 02:38:01] Forecast Rain Available hours: [6, 7, 8, 9, 10, 11, 12, 13, 14, 15, 16, 17, 18, 19, 20, 21, 22, 23, 24, 25, 26, 27, 28, 29]
[2026-05-16 02:38:01] Valid hours for sum: [12, 18, 24, 29]
[2026-05-16 02:38:04] Drought composite end date: 2018-10-02 06:00:00
[2026-05-16 02:38:04] Land cover year: 2017
[2026-05-16 02:38:05] VIIRS Veg composite: 2018-08-29 → 2018-09-14
[2026-05-16 02:38:09] Started export task: fire_267_dynamic_2018-10-04
[2026-05-16 02:38:09] ------ Processing date=2018-10-05 ------
[2026-05-16 02:38:09] Using viirs_af_path: viirs_af_path
[2026-05-16 02:38:10] VIIRS Image Date: ['2018-10-05 00:00:00']
[2026-05-16 02:38:10] Weather image size: 1
[2026-05-16 02:38:10] Forecast duration: 2018-10-06 00:00:00 to 2018-10-07 00:00:00
[2026-05-16 02:38:11] Number of forecast images: 24
[2026-05-16 02:38:11] Using forecast run: 2018-10-05 18:00:00 UTC
[2026-05-16 02:38:11] Forecast Rain Available hours: [6, 7, 8, 9, 10, 11, 12, 13, 14, 15, 16, 17, 18, 19, 20, 21, 22, 23, 24, 25, 26, 27, 28, 29]
[2026-05-16 02:38:11] Valid hours for sum: [12, 18, 24, 29]
[2026-05-16 02:38:13] Drought composite end date: 2018-10-02 06:00:00
[2026-05-16 02:38:13] Land cover year: 2017
[2026-05-16 02:38:14] VIIRS Veg composite: 2018-08-29 → 2018-09-14
[2026-05-16 02:38:18] Started export task: fire_267_dynamic_2018-10-05
[2026-05-16 02:38:18] END: ----------Event fire_267----------- (Duration: 4.28m)
[2026-05-16 02:38:18] START: ----------Event fire_271-----------
[2026-05-16 02:38:19] ------ Processing date=2018-09-13 ------
[2026-05-16 02:38:19] Using viirs_af_path: viirs_af_path
[2026-05-16 02:38:19] VIIRS Image Date: ['2018-09-13 00:00:00']
[2026-05-16 02:38:19] Weather image size: 1
[2026-05-16 02:38:19] Forecast duration: 2018-09-14 00:00:00 to 2018-09-15 00:00:00
[2026-05-16 02:38:20] Number of forecast images: 24
[2026-05-16 02:38:20] Using forecast run: 2018-09-13 18:00:00 UTC
[2026-05-16 02:38:21] Forecast Rain Available hours: [6, 7, 8, 9, 10, 11, 12, 13, 14, 15, 16, 17, 18, 19, 20, 21, 22, 23, 24, 25, 26, 27, 28, 29]
[2026-05-16 02:38:21] Valid hours for sum: [12, 18, 24, 29]
[2026-05-16 02:38:22] Drought composite end date: 2018-09-12 06:00:00
[2026-05-16 02:38:23] Land cover year: 2017
[2026-05-16 02:38:23] VIIRS Veg composite: 2018-08-29 → 2018-09-14
[2026-05-16 02:38:26] Started export task: fire_271_static
[2026-05-16 02:38:27] Started export task: fire_271_dynamic_2018-09-13
[2026-05-16 02:38:27] ------ Processing date=2018-09-14 ------
[2026-05-16 02:38:27] Using viirs_af_path: viirs_af_path
[2026-05-16 02:38:27] VIIRS Image Date: ['2018-09-14 00:00:00']
[2026-05-16 02:38:28] Weather image size: 1
[2026-05-16 02:38:28] Forecast duration: 2018-09-15 00:00:00 to 2018-09-16 00:00:00
[2026-05-16 02:38:28] Number of forecast images: 24
[2026-05-16 02:38:28] Using forecast run: 2018-09-14 18:00:00 UTC
[2026-05-16 02:38:29] Forecast Rain Available hours: [6, 7, 8, 9, 10, 11, 12, 13, 14, 15, 16, 17, 18, 19, 20, 21, 22, 23, 24, 25, 26, 27, 28, 29]
[2026-05-16 02:38:29] Valid hours for sum: [12, 18, 24, 29]
[2026-05-16 02:38:31] Drought composite end date: 2018-09-12 06:00:00
[2026-05-16 02:38:31] Land cover year: 2017
[2026-05-16 02:38:32] VIIRS Veg composite: 2018-08-29 → 2018-09-14
[2026-05-16 02:38:36] Started export task: fire_271_dynamic_2018-09-14
[2026-05-16 02:38:36] ------ Processing date=2018-09-15 ------
[2026-05-16 02:38:36] Using viirs_af_path: viirs_af_path
[2026-05-16 02:38:36] VIIRS Image Date: ['2018-09-15 00:00:00']
[2026-05-16 02:38:37] Weather image size: 1
[2026-05-16 02:38:37] Forecast duration: 2018-09-16 00:00:00 to 2018-09-17 00:00:00
[2026-05-16 02:38:38] Number of forecast images: 24
[2026-05-16 02:38:38] Using forecast run: 2018-09-15 18:00:00 UTC
[2026-05-16 02:38:38] Forecast Rain Available hours: [6, 7, 8, 9, 10, 11, 12, 13, 14, 15, 16, 17, 18, 19, 20, 21, 22, 23, 24, 25, 26, 27, 28, 29]
[2026-05-16 02:38:38] Valid hours for sum: [12, 18, 24, 29]
[2026-05-16 02:38:39] Drought composite end date: 2018-09-12 06:00:00
[2026-05-16 02:38:40] Land cover year: 2017
[2026-05-16 02:38:41] VIIRS Veg composite: 2018-08-29 → 2018-09-14
[2026-05-16 02:38:45] Started export task: fire_271_dynamic_2018-09-15
[2026-05-16 02:38:45] ------ Processing date=2018-09-16 ------
[2026-05-16 02:38:45] Using viirs_af_path: viirs_af_path
[2026-05-16 02:38:45] VIIRS Image Date: ['2018-09-16 00:00:00']
[2026-05-16 02:38:46] Weather image size: 1
[2026-05-16 02:38:46] Forecast duration: 2018-09-17 00:00:00 to 2018-09-18 00:00:00
[2026-05-16 02:38:46] Number of forecast images: 24
[2026-05-16 02:38:46] Using forecast run: 2018-09-16 18:00:00 UTC
[2026-05-16 02:38:47] Forecast Rain Available hours: [6, 7, 8, 9, 10, 11, 12, 13, 14, 15, 16, 17, 18, 19, 20, 21, 22, 23, 24, 25, 26, 27, 28, 29]
[2026-05-16 02:38:47] Valid hours for sum: [12, 18, 24, 29]
[2026-05-16 02:38:48] Drought composite end date: 2018-09-12 06:00:00
[2026-05-16 02:38:48] Land cover year: 2017
[2026-05-16 02:38:50] VIIRS Veg composite: 2018-08-29 → 2018-09-14
[2026-05-16 02:38:52] Started export task: fire_271_dynamic_2018-09-16
[2026-05-16 02:38:52] ------ Processing date=2018-09-17 ------
[2026-05-16 02:38:52] Using viirs_af_path: viirs_af_path
[2026-05-16 02:38:53] VIIRS Image Date: ['2018-09-17 00:00:00']
[2026-05-16 02:38:53] Weather image size: 1
[2026-05-16 02:38:53] Forecast duration: 2018-09-18 00:00:00 to 2018-09-19 00:00:00
[2026-05-16 02:38:54] Number of forecast images: 24
[2026-05-16 02:38:54] Using forecast run: 2018-09-17 18:00:00 UTC
[2026-05-16 02:38:54] Forecast Rain Available hours: [6, 7, 8, 9, 10, 11, 12, 13, 14, 15, 16, 17, 18, 19, 20, 21, 22, 23, 24, 25, 26, 27, 28, 29]
[2026-05-16 02:38:54] Valid hours for sum: [12, 18, 24, 29]
[2026-05-16 02:38:56] Drought composite end date: 2018-09-12 06:00:00
[2026-05-16 02:38:56] Land cover year: 2017
[2026-05-16 02:38:57] VIIRS Veg composite: 2018-08-29 → 2018-09-14
[2026-05-16 02:39:00] Started export task: fire_271_dynamic_2018-09-17
[2026-05-16 02:39:00] ------ Processing date=2018-09-18 ------
[2026-05-16 02:39:00] Using viirs_af_path: viirs_af_path
[2026-05-16 02:39:01] VIIRS Image Date: ['2018-09-18 00:00:00']
[2026-05-16 02:39:01] Weather image size: 1
[2026-05-16 02:39:01] Forecast duration: 2018-09-19 00:00:00 to 2018-09-20 00:00:00
[2026-05-16 02:39:02] Number of forecast images: 24
[2026-05-16 02:39:02] Using forecast run: 2018-09-18 18:00:00 UTC
[2026-05-16 02:39:03] Forecast Rain Available hours: [6, 7, 8, 9, 10, 11, 12, 13, 14, 15, 16, 17, 18, 19, 20, 21, 22, 23, 24, 25, 26, 27, 28, 29]
[2026-05-16 02:39:03] Valid hours for sum: [12, 18, 24, 29]
[2026-05-16 02:39:05] Drought composite end date: 2018-09-17 06:00:00
[2026-05-16 02:39:05] Land cover year: 2017
[2026-05-16 02:39:06] VIIRS Veg composite: 2018-08-29 → 2018-09-14
[2026-05-16 02:39:10] Started export task: fire_271_dynamic_2018-09-18
[2026-05-16 02:39:11] ------ Processing date=2018-09-19 ------
[2026-05-16 02:39:11] Using viirs_af_path: viirs_af_path
[2026-05-16 02:39:11] VIIRS Image Date: ['2018-09-19 00:00:00']
[2026-05-16 02:39:11] Weather image size: 1
[2026-05-16 02:39:11] Forecast duration: 2018-09-20 00:00:00 to 2018-09-21 00:00:00
[2026-05-16 02:39:12] Number of forecast images: 24
[2026-05-16 02:39:12] Using forecast run: 2018-09-19 18:00:00 UTC
[2026-05-16 02:39:12] Forecast Rain Available hours: [6, 7, 8, 9, 10, 11, 12, 13, 14, 15, 16, 17, 18, 19, 20, 21, 22, 23, 24, 25, 26, 27, 28, 29]
[2026-05-16 02:39:12] Valid hours for sum: [12, 18, 24, 29]
[2026-05-16 02:39:15] Drought composite end date: 2018-09-17 06:00:00
[2026-05-16 02:39:15] Land cover year: 2017
[2026-05-16 02:39:16] VIIRS Veg composite: 2018-08-29 → 2018-09-14
[2026-05-16 02:39:20] Started export task: fire_271_dynamic_2018-09-19
[2026-05-16 02:39:20] ------ Processing date=2018-09-20 ------
[2026-05-16 02:39:20] Using viirs_af_path: viirs_af_path
[2026-05-16 02:39:20] VIIRS Image Date: ['2018-09-20 00:00:00']
[2026-05-16 02:39:20] Weather image size: 1
[2026-05-16 02:39:20] Forecast duration: 2018-09-21 00:00:00 to 2018-09-22 00:00:00
[2026-05-16 02:39:21] Number of forecast images: 24
[2026-05-16 02:39:21] Using forecast run: 2018-09-20 18:00:00 UTC
[2026-05-16 02:39:21] Forecast Rain Available hours: [6, 7, 8, 9, 10, 11, 12, 13, 14, 15, 16, 17, 18, 19, 20, 21, 22, 23, 24, 25, 26, 27, 28, 29]
[2026-05-16 02:39:21] Valid hours for sum: [12, 18, 24, 29]
[2026-05-16 02:39:23] Drought composite end date: 2018-09-17 06:00:00
[2026-05-16 02:39:23] Land cover year: 2017
[2026-05-16 02:39:24] VIIRS Veg composite: 2018-08-29 → 2018-09-14
[2026-05-16 02:39:27] Started export task: fire_271_dynamic_2018-09-20
[2026-05-16 02:39:28] ------ Processing date=2018-09-21 ------
[2026-05-16 02:39:28] Using viirs_af_path: viirs_af_path
[2026-05-16 02:39:28] VIIRS Image Date: ['2018-09-21 00:00:00']
[2026-05-16 02:39:29] Weather image size: 1
[2026-05-16 02:39:29] Forecast duration: 2018-09-22 00:00:00 to 2018-09-23 00:00:00
[2026-05-16 02:39:29] Number of forecast images: 24
[2026-05-16 02:39:29] Using forecast run: 2018-09-21 18:00:00 UTC
[2026-05-16 02:39:30] Forecast Rain Available hours: [6, 7, 8, 9, 10, 11, 12, 13, 14, 15, 16, 17, 18, 19, 20, 21, 22, 23, 24, 25, 26, 27, 28, 29]
[2026-05-16 02:39:30] Valid hours for sum: [12, 18, 24, 29]
[2026-05-16 02:39:32] Drought composite end date: 2018-09-17 06:00:00
[2026-05-16 02:39:32] Land cover year: 2017
[2026-05-16 02:39:33] VIIRS Veg composite: 2018-08-29 → 2018-09-14
[2026-05-16 02:39:36] Started export task: fire_271_dynamic_2018-09-21
[2026-05-16 02:39:36] ------ Processing date=2018-09-22 ------
[2026-05-16 02:39:36] Using viirs_af_path: viirs_af_path
[2026-05-16 02:39:37] VIIRS Image Date: ['2018-09-22 00:00:00']
[2026-05-16 02:39:37] Weather image size: 1
[2026-05-16 02:39:37] Forecast duration: 2018-09-23 00:00:00 to 2018-09-24 00:00:00
[2026-05-16 02:39:38] Number of forecast images: 24
[2026-05-16 02:39:38] Using forecast run: 2018-09-22 18:00:00 UTC
[2026-05-16 02:39:38] Forecast Rain Available hours: [6, 7, 8, 9, 10, 11, 12, 13, 14, 15, 16, 17, 18, 19, 20, 21, 22, 23, 24, 25, 26, 27, 28, 29]
[2026-05-16 02:39:38] Valid hours for sum: [12, 18, 24, 29]
[2026-05-16 02:39:39] Drought composite end date: 2018-09-17 06:00:00
[2026-05-16 02:39:40] Land cover year: 2017
[2026-05-16 02:39:40] VIIRS Veg composite: 2018-08-29 → 2018-09-14
[2026-05-16 02:39:44] Started export task: fire_271_dynamic_2018-09-22
[2026-05-16 02:39:45] ------ Processing date=2018-09-23 ------
[2026-05-16 02:39:45] Using viirs_af_path: viirs_af_path
[2026-05-16 02:39:45] VIIRS Image Date: ['2018-09-23 00:00:00']
[2026-05-16 02:39:45] Weather image size: 1
[2026-05-16 02:39:45] Forecast duration: 2018-09-24 00:00:00 to 2018-09-25 00:00:00
[2026-05-16 02:39:46] Number of forecast images: 24
[2026-05-16 02:39:46] Using forecast run: 2018-09-23 18:00:00 UTC
[2026-05-16 02:39:46] Forecast Rain Available hours: [6, 7, 8, 9, 10, 11, 12, 13, 14, 15, 16, 17, 18, 19, 20, 21, 22, 23, 24, 25, 26, 27, 28, 29]
[2026-05-16 02:39:46] Valid hours for sum: [12, 18, 24, 29]
[2026-05-16 02:39:48] Drought composite end date: 2018-09-22 06:00:00
[2026-05-16 02:39:48] Land cover year: 2017
[2026-05-16 02:39:49] VIIRS Veg composite: 2018-08-29 → 2018-09-14
[2026-05-16 02:39:54] Started export task: fire_271_dynamic_2018-09-23
[2026-05-16 02:39:54] ------ Processing date=2018-09-24 ------
[2026-05-16 02:39:54] Using viirs_af_path: viirs_af_path
[2026-05-16 02:39:55] VIIRS Image Date: ['2018-09-24 00:00:00']
[2026-05-16 02:39:55] Weather image size: 1
[2026-05-16 02:39:55] Forecast duration: 2018-09-25 00:00:00 to 2018-09-26 00:00:00
[2026-05-16 02:39:56] Number of forecast images: 24
[2026-05-16 02:39:56] Using forecast run: 2018-09-24 18:00:00 UTC
[2026-05-16 02:39:56] Forecast Rain Available hours: [6, 7, 8, 9, 10, 11, 12, 13, 14, 15, 16, 17, 18, 19, 20, 21, 22, 23, 24, 25, 26, 27, 28, 29]
[2026-05-16 02:39:56] Valid hours for sum: [12, 18, 24, 29]
[2026-05-16 02:39:58] Drought composite end date: 2018-09-22 06:00:00
[2026-05-16 02:39:58] Land cover year: 2017
[2026-05-16 02:39:59] VIIRS Veg composite: 2018-08-29 → 2018-09-14
[2026-05-16 02:40:04] Started export task: fire_271_dynamic_2018-09-24
[2026-05-16 02:40:05] ------ Processing date=2018-09-25 ------
[2026-05-16 02:40:05] Using viirs_af_path: viirs_af_path
[2026-05-16 02:40:05] VIIRS Image Date: ['2018-09-25 00:00:00']
[2026-05-16 02:40:05] Weather image size: 1
[2026-05-16 02:40:05] Forecast duration: 2018-09-26 00:00:00 to 2018-09-27 00:00:00
[2026-05-16 02:40:06] Number of forecast images: 24
[2026-05-16 02:40:06] Using forecast run: 2018-09-25 18:00:00 UTC
[2026-05-16 02:40:06] Forecast Rain Available hours: [6, 7, 8, 9, 10, 11, 12, 13, 14, 15, 16, 17, 18, 19, 20, 21, 22, 23, 24, 25, 26, 27, 28, 29]
[2026-05-16 02:40:06] Valid hours for sum: [12, 18, 24, 29]
[2026-05-16 02:40:08] Drought composite end date: 2018-09-22 06:00:00
[2026-05-16 02:40:09] Land cover year: 2017
[2026-05-16 02:40:09] VIIRS Veg composite: 2018-08-29 → 2018-09-14
[2026-05-16 02:40:13] Started export task: fire_271_dynamic_2018-09-25
[2026-05-16 02:40:13] ------ Processing date=2018-09-26 ------
[2026-05-16 02:40:13] Using viirs_af_path: viirs_af_path
[2026-05-16 02:40:13] VIIRS Image Date: ['2018-09-26 00:00:00']
[2026-05-16 02:40:14] Weather image size: 1
[2026-05-16 02:40:14] Forecast duration: 2018-09-27 00:00:00 to 2018-09-28 00:00:00
[2026-05-16 02:40:14] Number of forecast images: 24
[2026-05-16 02:40:14] Using forecast run: 2018-09-26 18:00:00 UTC
[2026-05-16 02:40:15] Forecast Rain Available hours: [6, 7, 8, 9, 10, 11, 12, 13, 14, 15, 16, 17, 18, 19, 20, 21, 22, 23, 24, 25, 26, 27, 28, 29]
[2026-05-16 02:40:15] Valid hours for sum: [12, 18, 24, 29]
[2026-05-16 02:40:17] Drought composite end date: 2018-09-22 06:00:00
[2026-05-16 02:40:17] Land cover year: 2017
[2026-05-16 02:40:18] VIIRS Veg composite: 2018-08-29 → 2018-09-14
[2026-05-16 02:40:21] Started export task: fire_271_dynamic_2018-09-26
[2026-05-16 02:40:21] ------ Processing date=2018-09-27 ------
[2026-05-16 02:40:21] Using viirs_af_path: viirs_af_path
[2026-05-16 02:40:21] VIIRS Image Date: ['2018-09-27 00:00:00']
[2026-05-16 02:40:22] Weather image size: 1
[2026-05-16 02:40:22] Forecast duration: 2018-09-28 00:00:00 to 2018-09-29 00:00:00
[2026-05-16 02:40:22] Number of forecast images: 24
[2026-05-16 02:40:22] Using forecast run: 2018-09-27 18:00:00 UTC
[2026-05-16 02:40:23] Forecast Rain Available hours: [6, 7, 8, 9, 10, 11, 12, 13, 14, 15, 16, 17, 18, 19, 20, 21, 22, 23, 24, 25, 26, 27, 28, 29]
[2026-05-16 02:40:23] Valid hours for sum: [12, 18, 24, 29]
[2026-05-16 02:40:24] Drought composite end date: 2018-09-22 06:00:00
[2026-05-16 02:40:24] Land cover year: 2017
[2026-05-16 02:40:25] VIIRS Veg composite: 2018-08-29 → 2018-09-14
[2026-05-16 02:40:28] Started export task: fire_271_dynamic_2018-09-27
[2026-05-16 02:40:29] ------ Processing date=2018-09-28 ------
[2026-05-16 02:40:29] Using viirs_af_path: viirs_af_path
[2026-05-16 02:40:29] VIIRS Image Date: ['2018-09-28 00:00:00']
[2026-05-16 02:40:29] Weather image size: 1
[2026-05-16 02:40:29] Forecast duration: 2018-09-29 00:00:00 to 2018-09-30 00:00:00
[2026-05-16 02:40:30] Number of forecast images: 24
[2026-05-16 02:40:30] Using forecast run: 2018-09-28 18:00:00 UTC
[2026-05-16 02:40:30] Forecast Rain Available hours: [6, 7, 8, 9, 10, 11, 12, 13, 14, 15, 16, 17, 18, 19, 20, 21, 22, 23, 24, 25, 26, 27, 28, 29]
[2026-05-16 02:40:30] Valid hours for sum: [12, 18, 24, 29]
[2026-05-16 02:40:32] Drought composite end date: 2018-09-27 06:00:00
[2026-05-16 02:40:32] Land cover year: 2017
[2026-05-16 02:40:33] VIIRS Veg composite: 2018-08-29 → 2018-09-14
[2026-05-16 02:40:36] Started export task: fire_271_dynamic_2018-09-28
[2026-05-16 02:40:37] ------ Processing date=2018-09-29 ------
[2026-05-16 02:40:37] Using viirs_af_path: viirs_af_path
[2026-05-16 02:40:37] VIIRS Image Date: ['2018-09-29 00:00:00']
[2026-05-16 02:40:37] Weather image size: 1
[2026-05-16 02:40:37] Forecast duration: 2018-09-30 00:00:00 to 2018-10-01 00:00:00
[2026-05-16 02:40:38] Number of forecast images: 24
[2026-05-16 02:40:38] Using forecast run: 2018-09-29 18:00:00 UTC
[2026-05-16 02:40:39] Forecast Rain Available hours: [6, 7, 8, 9, 10, 11, 12, 13, 14, 15, 16, 17, 18, 19, 20, 21, 22, 23, 24, 25, 26, 27, 28, 29]
[2026-05-16 02:40:39] Valid hours for sum: [12, 18, 24, 29]
[2026-05-16 02:40:41] Drought composite end date: 2018-09-27 06:00:00
[2026-05-16 02:40:41] Land cover year: 2017
[2026-05-16 02:40:41] VIIRS Veg composite: 2018-08-29 → 2018-09-14
[2026-05-16 02:40:45] Started export task: fire_271_dynamic_2018-09-29
[2026-05-16 02:40:46] ------ Processing date=2018-09-30 ------
[2026-05-16 02:40:46] Using viirs_af_path: viirs_af_path
[2026-05-16 02:40:46] VIIRS Image Date: ['2018-09-30 00:00:00']
[2026-05-16 02:40:46] Weather image size: 1
[2026-05-16 02:40:46] Forecast duration: 2018-10-01 00:00:00 to 2018-10-02 00:00:00
[2026-05-16 02:40:47] Number of forecast images: 24
[2026-05-16 02:40:47] Using forecast run: 2018-09-30 18:00:00 UTC
[2026-05-16 02:40:47] Forecast Rain Available hours: [6, 7, 8, 9, 10, 11, 12, 13, 14, 15, 16, 17, 18, 19, 20, 21, 22, 23, 24, 25, 26, 27, 28, 29]
[2026-05-16 02:40:47] Valid hours for sum: [12, 18, 24, 29]
[2026-05-16 02:40:50] Drought composite end date: 2018-09-27 06:00:00
[2026-05-16 02:40:50] Land cover year: 2017
[2026-05-16 02:40:51] VIIRS Veg composite: 2018-08-29 → 2018-09-14
[2026-05-16 02:40:54] Started export task: fire_271_dynamic_2018-09-30
[2026-05-16 02:40:55] ------ Processing date=2018-10-01 ------
[2026-05-16 02:40:55] Using viirs_af_path: viirs_af_path
[2026-05-16 02:40:55] VIIRS Image Date: ['2018-10-01 00:00:00']
[2026-05-16 02:40:55] Weather image size: 1
[2026-05-16 02:40:55] Forecast duration: 2018-10-02 00:00:00 to 2018-10-03 00:00:00
[2026-05-16 02:40:56] Number of forecast images: 24
[2026-05-16 02:40:56] Using forecast run: 2018-10-01 18:00:00 UTC
[2026-05-16 02:40:57] Forecast Rain Available hours: [6, 7, 8, 9, 10, 11, 12, 13, 14, 15, 16, 17, 18, 19, 20, 21, 22, 23, 24, 25, 26, 27, 28, 29]
[2026-05-16 02:40:57] Valid hours for sum: [12, 18, 24, 29]
[2026-05-16 02:40:59] Drought composite end date: 2018-09-27 06:00:00
[2026-05-16 02:41:00] Land cover year: 2017
[2026-05-16 02:41:00] VIIRS Veg composite: 2018-08-29 → 2018-09-14
[2026-05-16 02:41:03] Started export task: fire_271_dynamic_2018-10-01
[2026-05-16 02:41:03] END: ----------Event fire_271----------- (Duration: 2.75m)
[2026-05-16 02:41:03] START: ----------Event fire_277-----------
[2026-05-16 02:41:04] ------ Processing date=2018-10-08 ------
[2026-05-16 02:41:04] Using viirs_af_path: viirs_af_path
[2026-05-16 02:41:04] VIIRS Image Date: ['2018-10-08 00:00:00']
[2026-05-16 02:41:04] Weather image size: 1
[2026-05-16 02:41:04] Forecast duration: 2018-10-09 00:00:00 to 2018-10-10 00:00:00
[2026-05-16 02:41:05] Number of forecast images: 24
[2026-05-16 02:41:05] Using forecast run: 2018-10-08 18:00:00 UTC
[2026-05-16 02:41:05] Forecast Rain Available hours: [6, 7, 8, 9, 10, 11, 12, 13, 14, 15, 16, 17, 18, 19, 20, 21, 22, 23, 24, 25, 26, 27, 28, 29]
[2026-05-16 02:41:05] Valid hours for sum: [12, 18, 24, 29]
[2026-05-16 02:41:06] Drought composite end date: 2018-10-07 06:00:00
[2026-05-16 02:41:06] Land cover year: 2017
[2026-05-16 02:41:07] VIIRS Veg composite: 2018-09-22 → 2018-10-08
[2026-05-16 02:41:11] Started export task: fire_277_static
[2026-05-16 02:41:11] Started export task: fire_277_dynamic_2018-10-08
[2026-05-16 02:41:11] ------ Processing date=2018-10-09 ------
[2026-05-16 02:41:11] Using viirs_af_path: viirs_af_path
[2026-05-16 02:41:12] VIIRS Image Date: ['2018-10-09 00:00:00']
[2026-05-16 02:41:12] Weather image size: 1
[2026-05-16 02:41:12] Forecast duration: 2018-10-10 00:00:00 to 2018-10-11 00:00:00
[2026-05-16 02:41:13] Number of forecast images: 24
[2026-05-16 02:41:13] Using forecast run: 2018-10-09 18:00:00 UTC
[2026-05-16 02:41:13] Forecast Rain Available hours: [6, 7, 8, 9, 10, 11, 12, 13, 14, 15, 16, 17, 18, 19, 20, 21, 22, 23, 24, 25, 26, 27, 28, 29]
[2026-05-16 02:41:13] Valid hours for sum: [12, 18, 24, 29]
[2026-05-16 02:41:14] Drought composite end date: 2018-10-07 06:00:00
[2026-05-16 02:41:14] Land cover year: 2017
[2026-05-16 02:41:15] VIIRS Veg composite: 2018-09-22 → 2018-10-08
[2026-05-16 02:41:19] Started export task: fire_277_dynamic_2018-10-09
[2026-05-16 02:41:19] ------ Processing date=2018-10-10 ------
[2026-05-16 02:41:19] Using viirs_af_path: viirs_af_path
[2026-05-16 02:41:20] VIIRS Image Date: ['2018-10-10 00:00:00']
[2026-05-16 02:41:20] Weather image size: 1
[2026-05-16 02:41:20] Forecast duration: 2018-10-11 00:00:00 to 2018-10-12 00:00:00
[2026-05-16 02:41:21] Number of forecast images: 24
[2026-05-16 02:41:21] Using forecast run: 2018-10-10 18:00:00 UTC
[2026-05-16 02:41:22] Forecast Rain Available hours: [6, 7, 8, 9, 10, 11, 12, 13, 14, 15, 16, 17, 18, 19, 20, 21, 22, 23, 24, 25, 26, 27, 28, 29]
[2026-05-16 02:41:22] Valid hours for sum: [12, 18, 24, 29]
[2026-05-16 02:41:24] Drought composite end date: 2018-10-07 06:00:00
[2026-05-16 02:41:24] Land cover year: 2017
[2026-05-16 02:41:25] VIIRS Veg composite: 2018-09-22 → 2018-10-08
[2026-05-16 02:41:29] Started export task: fire_277_dynamic_2018-10-10
[2026-05-16 02:41:29] ------ Processing date=2018-10-11 ------
[2026-05-16 02:41:29] Using viirs_af_path: viirs_af_path
[2026-05-16 02:41:29] VIIRS Image Date: ['2018-10-11 00:00:00']
[2026-05-16 02:41:30] Weather image size: 1
[2026-05-16 02:41:30] Forecast duration: 2018-10-12 00:00:00 to 2018-10-13 00:00:00
[2026-05-16 02:41:30] Number of forecast images: 24
[2026-05-16 02:41:30] Using forecast run: 2018-10-11 18:00:00 UTC
[2026-05-16 02:41:31] Forecast Rain Available hours: [6, 7, 8, 9, 10, 11, 12, 13, 14, 15, 16, 17, 18, 19, 20, 21, 22, 23, 24, 25, 26, 27, 28, 29]
[2026-05-16 02:41:31] Valid hours for sum: [12, 18, 24, 29]
[2026-05-16 02:41:33] Drought composite end date: 2018-10-07 06:00:00
[2026-05-16 02:41:34] Land cover year: 2017
[2026-05-16 02:41:35] VIIRS Veg composite: 2018-09-22 → 2018-10-08
[2026-05-16 02:41:40] Started export task: fire_277_dynamic_2018-10-11
[2026-05-16 02:41:40] ------ Processing date=2018-10-12 ------
[2026-05-16 02:41:40] Using viirs_af_path: viirs_af_path
[2026-05-16 02:41:40] VIIRS Image Date: ['2018-10-12 00:00:00']
[2026-05-16 02:41:40] Weather image size: 1
[2026-05-16 02:41:40] Forecast duration: 2018-10-13 00:00:00 to 2018-10-14 00:00:00
[2026-05-16 02:41:42] Number of forecast images: 24
[2026-05-16 02:41:42] Using forecast run: 2018-10-12 18:00:00 UTC
[2026-05-16 02:41:42] Forecast Rain Available hours: [6, 7, 8, 9, 10, 11, 12, 13, 14, 15, 16, 17, 18, 19, 20, 21, 22, 23, 24, 25, 26, 27, 28, 29]
[2026-05-16 02:41:42] Valid hours for sum: [12, 18, 24, 29]
[2026-05-16 02:41:53] Drought composite end date: 2018-10-07 06:00:00
[2026-05-16 02:41:54] Land cover year: 2017
[2026-05-16 02:41:54] VIIRS Veg composite: 2018-09-22 → 2018-10-08
[2026-05-16 02:41:58] Started export task: fire_277_dynamic_2018-10-12
[2026-05-16 02:41:58] ------ Processing date=2018-10-13 ------
[2026-05-16 02:41:58] Using viirs_af_path: viirs_af_path
[2026-05-16 02:41:59] VIIRS Image Date: ['2018-10-13 00:00:00']
[2026-05-16 02:41:59] Weather image size: 1
[2026-05-16 02:41:59] Forecast duration: 2018-10-14 00:00:00 to 2018-10-15 00:00:00
[2026-05-16 02:42:00] Number of forecast images: 24
[2026-05-16 02:42:00] Using forecast run: 2018-10-13 18:00:00 UTC
[2026-05-16 02:42:01] Forecast Rain Available hours: [6, 7, 8, 9, 10, 11, 12, 13, 14, 15, 16, 17, 18, 19, 20, 21, 22, 23, 24, 25, 26, 27, 28, 29]
[2026-05-16 02:42:01] Valid hours for sum: [12, 18, 24, 29]
[2026-05-16 02:42:03] Drought composite end date: 2018-10-12 06:00:00
[2026-05-16 02:42:03] Land cover year: 2017
[2026-05-16 02:42:04] VIIRS Veg composite: 2018-09-22 → 2018-10-08
[2026-05-16 02:42:09] Started export task: fire_277_dynamic_2018-10-13
[2026-05-16 02:42:09] ------ Processing date=2018-10-14 ------
[2026-05-16 02:42:09] Using viirs_af_path: viirs_af_path
[2026-05-16 02:42:10] VIIRS Image Date: ['2018-10-14 00:00:00']
[2026-05-16 02:42:10] Weather image size: 1
[2026-05-16 02:42:10] Forecast duration: 2018-10-15 00:00:00 to 2018-10-16 00:00:00
[2026-05-16 02:42:11] Number of forecast images: 24
[2026-05-16 02:42:11] Using forecast run: 2018-10-14 18:00:00 UTC
[2026-05-16 02:42:11] Forecast Rain Available hours: [6, 7, 8, 9, 10, 11, 12, 13, 14, 15, 16, 17, 18, 19, 20, 21, 22, 23, 24, 25, 26, 27, 28, 29]
[2026-05-16 02:42:11] Valid hours for sum: [12, 18, 24, 29]
[2026-05-16 02:42:15] Drought composite end date: 2018-10-12 06:00:00
[2026-05-16 02:42:15] Land cover year: 2017
[2026-05-16 02:42:16] VIIRS Veg composite: 2018-09-22 → 2018-10-08
[2026-05-16 02:42:19] Started export task: fire_277_dynamic_2018-10-14
[2026-05-16 02:42:19] ------ Processing date=2018-10-15 ------
[2026-05-16 02:42:19] Using viirs_af_path: viirs_af_path
[2026-05-16 02:42:20] VIIRS Image Date: ['2018-10-15 00:00:00']
[2026-05-16 02:42:20] Weather image size: 1
[2026-05-16 02:42:20] Forecast duration: 2018-10-16 00:00:00 to 2018-10-17 00:00:00
[2026-05-16 02:42:21] Number of forecast images: 24
[2026-05-16 02:42:21] Using forecast run: 2018-10-15 18:00:00 UTC
[2026-05-16 02:42:21] Forecast Rain Available hours: [6, 7, 8, 9, 10, 11, 12, 13, 14, 15, 16, 17, 18, 19, 20, 21, 22, 23, 24, 25, 26, 27, 28, 29]
[2026-05-16 02:42:21] Valid hours for sum: [12, 18, 24, 29]
[2026-05-16 02:42:23] Drought composite end date: 2018-10-12 06:00:00
[2026-05-16 02:42:23] Land cover year: 2017
[2026-05-16 02:42:24] VIIRS Veg composite: 2018-09-22 → 2018-10-08
[2026-05-16 02:42:28] Started export task: fire_277_dynamic_2018-10-15
[2026-05-16 02:42:28] ------ Processing date=2018-10-16 ------
[2026-05-16 02:42:28] Using viirs_af_path: viirs_af_path
[2026-05-16 02:42:28] VIIRS Image Date: ['2018-10-16 00:00:00']
[2026-05-16 02:42:29] Weather image size: 1
[2026-05-16 02:42:29] Forecast duration: 2018-10-17 00:00:00 to 2018-10-18 00:00:00
[2026-05-16 02:42:30] Number of forecast images: 24
[2026-05-16 02:42:30] Using forecast run: 2018-10-16 18:00:00 UTC
[2026-05-16 02:42:30] Forecast Rain Available hours: [6, 7, 8, 9, 10, 11, 12, 13, 14, 15, 16, 17, 18, 19, 20, 21, 22, 23, 24, 25, 26, 27, 28, 29]
[2026-05-16 02:42:30] Valid hours for sum: [12, 18, 24, 29]
[2026-05-16 02:42:32] Drought composite end date: 2018-10-12 06:00:00
[2026-05-16 02:42:32] Land cover year: 2017
[2026-05-16 02:42:39] VIIRS Veg composite: 2018-09-22 → 2018-10-08
[2026-05-16 02:42:42] Started export task: fire_277_dynamic_2018-10-16
[2026-05-16 02:42:42] ------ Processing date=2018-10-17 ------
[2026-05-16 02:42:42] Using viirs_af_path: viirs_af_path
[2026-05-16 02:42:42] VIIRS Image Date: ['2018-10-17 00:00:00']
[2026-05-16 02:42:42] Weather image size: 1
[2026-05-16 02:42:42] Forecast duration: 2018-10-18 00:00:00 to 2018-10-19 00:00:00
[2026-05-16 02:42:43] Number of forecast images: 24
[2026-05-16 02:42:43] Using forecast run: 2018-10-17 18:00:00 UTC
[2026-05-16 02:42:44] Forecast Rain Available hours: [6, 7, 8, 9, 10, 11, 12, 13, 14, 15, 16, 17, 18, 19, 20, 21, 22, 23, 24, 25, 26, 27, 28, 29]
[2026-05-16 02:42:44] Valid hours for sum: [12, 18, 24, 29]
[2026-05-16 02:42:46] Drought composite end date: 2018-10-12 06:00:00
[2026-05-16 02:42:46] Land cover year: 2017
[2026-05-16 02:42:47] VIIRS Veg composite: 2018-09-22 → 2018-10-08
[2026-05-16 02:42:53] Started export task: fire_277_dynamic_2018-10-17
[2026-05-16 02:42:53] ------ Processing date=2018-10-18 ------
[2026-05-16 02:42:53] Using viirs_af_path: viirs_af_path
[2026-05-16 02:42:53] VIIRS Image Date: ['2018-10-18 00:00:00']
[2026-05-16 02:42:54] Weather image size: 1
[2026-05-16 02:42:54] Forecast duration: 2018-10-19 00:00:00 to 2018-10-20 00:00:00
[2026-05-16 02:42:55] Number of forecast images: 24
[2026-05-16 02:42:55] Using forecast run: 2018-10-18 18:00:00 UTC
[2026-05-16 02:42:55] Forecast Rain Available hours: [6, 7, 8, 9, 10, 11, 12, 13, 14, 15, 16, 17, 18, 19, 20, 21, 22, 23, 24, 25, 26, 27, 28, 29]
[2026-05-16 02:42:55] Valid hours for sum: [12, 18, 24, 29]
[2026-05-16 02:42:57] Drought composite end date: 2018-10-17 06:00:00
[2026-05-16 02:42:57] Land cover year: 2017
[2026-05-16 02:42:58] VIIRS Veg composite: 2018-09-22 → 2018-10-08
[2026-05-16 02:43:00] Started export task: fire_277_dynamic_2018-10-18
[2026-05-16 02:43:01] ------ Processing date=2018-10-19 ------
[2026-05-16 02:43:01] Using viirs_af_path: viirs_af_path
[2026-05-16 02:43:01] VIIRS Image Date: ['2018-10-19 00:00:00']
[2026-05-16 02:43:01] Weather image size: 1
[2026-05-16 02:43:01] Forecast duration: 2018-10-20 00:00:00 to 2018-10-21 00:00:00
[2026-05-16 02:43:02] Number of forecast images: 24
[2026-05-16 02:43:02] Using forecast run: 2018-10-19 18:00:00 UTC
[2026-05-16 02:43:03] Forecast Rain Available hours: [6, 7, 8, 9, 10, 11, 12, 13, 14, 15, 16, 17, 18, 19, 20, 21, 22, 23, 24, 25, 26, 27, 28, 29]
[2026-05-16 02:43:03] Valid hours for sum: [12, 18, 24, 29]
[2026-05-16 02:43:05] Drought composite end date: 2018-10-17 06:00:00
[2026-05-16 02:43:05] Land cover year: 2017
[2026-05-16 02:43:06] VIIRS Veg composite: 2018-09-22 → 2018-10-08
[2026-05-16 02:43:10] Started export task: fire_277_dynamic_2018-10-19
[2026-05-16 02:43:10] ------ Processing date=2018-10-20 ------
[2026-05-16 02:43:10] Using viirs_af_path: viirs_af_path
[2026-05-16 02:43:10] VIIRS Image Date: ['2018-10-20 00:00:00']
[2026-05-16 02:43:11] Weather image size: 1
[2026-05-16 02:43:11] Forecast duration: 2018-10-21 00:00:00 to 2018-10-22 00:00:00
[2026-05-16 02:43:11] Number of forecast images: 24
[2026-05-16 02:43:11] Using forecast run: 2018-10-20 18:00:00 UTC
[2026-05-16 02:43:12] Forecast Rain Available hours: [6, 7, 8, 9, 10, 11, 12, 13, 14, 15, 16, 17, 18, 19, 20, 21, 22, 23, 24, 25, 26, 27, 28, 29]
[2026-05-16 02:43:12] Valid hours for sum: [12, 18, 24, 29]
[2026-05-16 02:43:14] Drought composite end date: 2018-10-17 06:00:00
[2026-05-16 02:43:14] Land cover year: 2017
[2026-05-16 02:43:15] VIIRS Veg composite: 2018-09-22 → 2018-10-08
[2026-05-16 02:43:18] Started export task: fire_277_dynamic_2018-10-20
[2026-05-16 02:43:19] ------ Processing date=2018-10-21 ------
[2026-05-16 02:43:19] Using viirs_af_path: viirs_af_path
[2026-05-16 02:43:19] VIIRS Image Date: ['2018-10-21 00:00:00']
[2026-05-16 02:43:19] Weather image size: 1
[2026-05-16 02:43:19] Forecast duration: 2018-10-22 00:00:00 to 2018-10-23 00:00:00
[2026-05-16 02:43:20] Number of forecast images: 24
[2026-05-16 02:43:20] Using forecast run: 2018-10-21 18:00:00 UTC
[2026-05-16 02:43:21] Forecast Rain Available hours: [6, 7, 8, 9, 10, 11, 12, 13, 14, 15, 16, 17, 18, 19, 20, 21, 22, 23, 24, 25, 26, 27, 28, 29]
[2026-05-16 02:43:21] Valid hours for sum: [12, 18, 24, 29]
[2026-05-16 02:43:22] Drought composite end date: 2018-10-17 06:00:00
[2026-05-16 02:43:22] Land cover year: 2017
[2026-05-16 02:43:23] VIIRS Veg composite: 2018-09-22 → 2018-10-08
[2026-05-16 02:43:27] Started export task: fire_277_dynamic_2018-10-21
[2026-05-16 02:43:27] ------ Processing date=2018-10-22 ------
[2026-05-16 02:43:27] Using viirs_af_path: viirs_af_path
[2026-05-16 02:43:28] VIIRS Image Date: ['2018-10-22 00:00:00']
[2026-05-16 02:43:28] Weather image size: 1
[2026-05-16 02:43:28] Forecast duration: 2018-10-23 00:00:00 to 2018-10-24 00:00:00
[2026-05-16 02:43:29] Number of forecast images: 24
[2026-05-16 02:43:29] Using forecast run: 2018-10-22 18:00:00 UTC
[2026-05-16 02:43:29] Forecast Rain Available hours: [6, 7, 8, 9, 10, 11, 12, 13, 14, 15, 16, 17, 18, 19, 20, 21, 22, 23, 24, 25, 26, 27, 28, 29]
[2026-05-16 02:43:29] Valid hours for sum: [12, 18, 24, 29]
[2026-05-16 02:43:32] Drought composite end date: 2018-10-17 06:00:00
[2026-05-16 02:43:32] Land cover year: 2017
[2026-05-16 02:43:33] VIIRS Veg composite: 2018-09-22 → 2018-10-08
[2026-05-16 02:43:37] Started export task: fire_277_dynamic_2018-10-22
[2026-05-16 02:43:37] ------ Processing date=2018-10-23 ------
[2026-05-16 02:43:37] Using viirs_af_path: viirs_af_path
[2026-05-16 02:43:37] VIIRS Image Date: ['2018-10-23 00:00:00']
[2026-05-16 02:43:37] Weather image size: 1
[2026-05-16 02:43:37] Forecast duration: 2018-10-24 00:00:00 to 2018-10-25 00:00:00
[2026-05-16 02:43:39] Number of forecast images: 24
[2026-05-16 02:43:39] Using forecast run: 2018-10-23 18:00:00 UTC
[2026-05-16 02:43:39] Forecast Rain Available hours: [6, 7, 8, 9, 10, 11, 12, 13, 14, 15, 16, 17, 18, 19, 20, 21, 22, 23, 24, 25, 26, 27, 28, 29]
[2026-05-16 02:43:39] Valid hours for sum: [12, 18, 24, 29]
[2026-05-16 02:43:41] Drought composite end date: 2018-10-22 06:00:00
[2026-05-16 02:43:42] Land cover year: 2017
[2026-05-16 02:43:42] VIIRS Veg composite: 2018-09-22 → 2018-10-08
[2026-05-16 02:43:47] Started export task: fire_277_dynamic_2018-10-23
[2026-05-16 02:43:47] ------ Processing date=2018-10-24 ------
[2026-05-16 02:43:47] Using viirs_af_path: viirs_af_path
[2026-05-16 02:43:48] VIIRS Image Date: ['2018-10-24 00:00:00']
[2026-05-16 02:43:48] Weather image size: 1
[2026-05-16 02:43:48] Forecast duration: 2018-10-25 00:00:00 to 2018-10-26 00:00:00
[2026-05-16 02:43:48] Number of forecast images: 24
[2026-05-16 02:43:48] Using forecast run: 2018-10-24 18:00:00 UTC
[2026-05-16 02:43:49] Forecast Rain Available hours: [6, 7, 8, 9, 10, 11, 12, 13, 14, 15, 16, 17, 18, 19, 20, 21, 22, 23, 24, 25, 26, 27, 28, 29]
[2026-05-16 02:43:49] Valid hours for sum: [12, 18, 24, 29]
[2026-05-16 02:43:52] Drought composite end date: 2018-10-22 06:00:00
[2026-05-16 02:43:52] Land cover year: 2017
[2026-05-16 02:49:06] VIIRS Veg composite: 2018-09-22 → 2018-10-08
[2026-05-16 02:49:09] Started export task: fire_277_dynamic_2018-10-24
[2026-05-16 02:49:09] ------ Processing date=2018-10-25 ------
[2026-05-16 02:49:09] Using viirs_af_path: viirs_af_path
[2026-05-16 02:49:10] VIIRS Image Date: ['2018-10-25 00:00:00']
[2026-05-16 02:49:11] Weather image size: 1
[2026-05-16 02:49:11] Forecast duration: 2018-10-26 00:00:00 to 2018-10-27 00:00:00
[2026-05-16 02:49:13] Number of forecast images: 24
[2026-05-16 02:49:13] Using forecast run: 2018-10-25 18:00:00 UTC
[2026-05-16 02:49:14] Forecast Rain Available hours: [6, 7, 8, 9, 10, 11, 12, 13, 14, 15, 16, 17, 18, 19, 20, 21, 22, 23, 24, 25, 26, 27, 28, 29]
[2026-05-16 02:49:14] Valid hours for sum: [12, 18, 24, 29]
[2026-05-16 02:49:16] Drought composite end date: 2018-10-22 06:00:00
[2026-05-16 02:49:16] Land cover year: 2017
[2026-05-16 02:49:18] VIIRS Veg composite: 2018-09-22 → 2018-10-08
[2026-05-16 02:49:22] Started export task: fire_277_dynamic_2018-10-25
[2026-05-16 02:49:23] ------ Processing date=2018-10-26 ------
[2026-05-16 02:49:23] Using viirs_af_path: viirs_af_path
[2026-05-16 02:49:24] VIIRS Image Date: ['2018-10-26 00:00:00']
[2026-05-16 02:49:24] Weather image size: 1
[2026-05-16 02:49:24] Forecast duration: 2018-10-27 00:00:00 to 2018-10-28 00:00:00
[2026-05-16 02:49:26] Number of forecast images: 24
[2026-05-16 02:49:26] Using forecast run: 2018-10-26 18:00:00 UTC
[2026-05-16 02:49:26] Forecast Rain Available hours: [6, 7, 8, 9, 10, 11, 12, 13, 14, 15, 16, 17, 18, 19, 20, 21, 22, 23, 24, 25, 26, 27, 28, 29]
[2026-05-16 02:49:26] Valid hours for sum: [12, 18, 24, 29]
[2026-05-16 02:49:30] Drought composite end date: 2018-10-22 06:00:00
[2026-05-16 02:49:30] Land cover year: 2017
[2026-05-16 02:49:31] VIIRS Veg composite: 2018-09-22 → 2018-10-08
[2026-05-16 02:49:36] Started export task: fire_277_dynamic_2018-10-26
[2026-05-16 02:49:36] ------ Processing date=2018-10-27 ------
[2026-05-16 02:49:36] Using viirs_af_path: viirs_af_path
[2026-05-16 02:49:37] VIIRS Image Date: ['2018-10-27 00:00:00']
[2026-05-16 02:49:37] Weather image size: 1
[2026-05-16 02:49:37] Forecast duration: 2018-10-28 00:00:00 to 2018-10-29 00:00:00
[2026-05-16 02:49:38] Number of forecast images: 24
[2026-05-16 02:49:38] Using forecast run: 2018-10-27 18:00:00 UTC
[2026-05-16 02:49:39] Forecast Rain Available hours: [6, 7, 8, 9, 10, 11, 12, 13, 14, 15, 16, 17, 18, 19, 20, 21, 22, 23, 24, 25, 26, 27, 28, 29]
[2026-05-16 02:49:39] Valid hours for sum: [12, 18, 24, 29]
[2026-05-16 02:49:41] Drought composite end date: 2018-10-22 06:00:00
[2026-05-16 02:49:42] Land cover year: 2017
[2026-05-16 02:49:44] VIIRS Veg composite: 2018-09-22 → 2018-10-08
[2026-05-16 02:49:48] Started export task: fire_277_dynamic_2018-10-27
[2026-05-16 02:49:49] ------ Processing date=2018-10-28 ------
[2026-05-16 02:49:49] Using viirs_af_path: viirs_af_path
[2026-05-16 02:49:49] VIIRS Image Date: ['2018-10-28 00:00:00']
[2026-05-16 02:49:50] Weather image size: 1
[2026-05-16 02:49:50] Forecast duration: 2018-10-29 00:00:00 to 2018-10-30 00:00:00
[2026-05-16 02:49:51] Number of forecast images: 24
[2026-05-16 02:49:51] Using forecast run: 2018-10-28 18:00:00 UTC
[2026-05-16 02:49:52] Forecast Rain Available hours: [6, 7, 8, 9, 10, 11, 12, 13, 14, 15, 16, 17, 18, 19, 20, 21, 22, 23, 24, 25, 26, 27, 28, 29]
[2026-05-16 02:49:52] Valid hours for sum: [12, 18, 24, 29]
[2026-05-16 02:49:54] Drought composite end date: 2018-10-27 06:00:00
[2026-05-16 02:49:55] Land cover year: 2017
[2026-05-16 02:49:56] VIIRS Veg composite: 2018-09-22 → 2018-10-08
[2026-05-16 02:50:01] Started export task: fire_277_dynamic_2018-10-28
[2026-05-16 02:50:02] ------ Processing date=2018-10-29 ------
[2026-05-16 02:50:02] Using viirs_af_path: viirs_af_path
[2026-05-16 02:50:03] VIIRS Image Date: ['2018-10-29 00:00:00']
[2026-05-16 02:50:03] Weather image size: 1
[2026-05-16 02:50:03] Forecast duration: 2018-10-30 00:00:00 to 2018-10-31 00:00:00
[2026-05-16 02:50:04] Number of forecast images: 24
[2026-05-16 02:50:04] Using forecast run: 2018-10-29 18:00:00 UTC
[2026-05-16 02:50:05] Forecast Rain Available hours: [6, 7, 8, 9, 10, 11, 12, 13, 14, 15, 16, 17, 18, 19, 20, 21, 22, 23, 24, 25, 26, 27, 28, 29]
[2026-05-16 02:50:05] Valid hours for sum: [12, 18, 24, 29]
[2026-05-16 02:50:08] Drought composite end date: 2018-10-27 06:00:00
[2026-05-16 02:50:08] Land cover year: 2017
[2026-05-16 02:50:09] VIIRS Veg composite: 2018-09-22 → 2018-10-08
[2026-05-16 02:50:13] Started export task: fire_277_dynamic_2018-10-29
[2026-05-16 02:50:13] ------ Processing date=2018-10-30 ------
[2026-05-16 02:50:13] Using viirs_af_path: viirs_af_path
[2026-05-16 02:50:14] VIIRS Image Date: ['2018-10-30 00:00:00']
[2026-05-16 02:50:14] Weather image size: 1
[2026-05-16 02:50:14] Forecast duration: 2018-10-31 00:00:00 to 2018-11-01 00:00:00
[2026-05-16 02:50:16] Number of forecast images: 24
[2026-05-16 02:50:16] Using forecast run: 2018-10-30 18:00:00 UTC
[2026-05-16 02:50:17] Forecast Rain Available hours: [6, 7, 8, 9, 10, 11, 12, 13, 14, 15, 16, 17, 18, 19, 20, 21, 22, 23, 24, 25, 26, 27, 28, 29]
[2026-05-16 02:50:17] Valid hours for sum: [12, 18, 24, 29]
[2026-05-16 02:50:20] Drought composite end date: 2018-10-27 06:00:00
[2026-05-16 02:50:20] Land cover year: 2017
[2026-05-16 02:50:22] VIIRS Veg composite: 2018-09-22 → 2018-10-08
[2026-05-16 02:50:26] Started export task: fire_277_dynamic_2018-10-30
[2026-05-16 02:50:27] ------ Processing date=2018-10-31 ------
[2026-05-16 02:50:27] Using viirs_af_path: viirs_af_path
[2026-05-16 02:50:27] VIIRS Image Date: ['2018-10-31 00:00:00']
[2026-05-16 02:50:28] Weather image size: 1
[2026-05-16 02:50:28] Forecast duration: 2018-11-01 00:00:00 to 2018-11-02 00:00:00
[2026-05-16 02:50:29] Number of forecast images: 24
[2026-05-16 02:50:29] Using forecast run: 2018-10-31 18:00:00 UTC
[2026-05-16 02:50:30] Forecast Rain Available hours: [6, 7, 8, 9, 10, 11, 12, 13, 14, 15, 16, 17, 18, 19, 20, 21, 22, 23, 24, 25, 26, 27, 28, 29]
[2026-05-16 02:50:30] Valid hours for sum: [12, 18, 24, 29]
[2026-05-16 02:50:34] Drought composite end date: 2018-10-27 06:00:00
[2026-05-16 02:50:34] Land cover year: 2017
[2026-05-16 02:50:35] VIIRS Veg composite: 2018-09-22 → 2018-10-08
[2026-05-16 02:50:40] Started export task: fire_277_dynamic_2018-10-31
[2026-05-16 02:50:41] ------ Processing date=2018-11-01 ------
[2026-05-16 02:50:41] Using viirs_af_path: viirs_af_path
[2026-05-16 02:50:41] VIIRS Image Date: ['2018-11-01 00:00:00']
[2026-05-16 02:50:42] Weather image size: 1
[2026-05-16 02:50:42] Forecast duration: 2018-11-02 00:00:00 to 2018-11-03 00:00:00
[2026-05-16 02:50:43] Number of forecast images: 24
[2026-05-16 02:50:43] Using forecast run: 2018-11-01 18:00:00 UTC
[2026-05-16 02:50:44] Forecast Rain Available hours: [6, 7, 8, 9, 10, 11, 12, 13, 14, 15, 16, 17, 18, 19, 20, 21, 22, 23, 24, 25, 26, 27, 28, 29]
[2026-05-16 02:50:44] Valid hours for sum: [12, 18, 24, 29]
[2026-05-16 02:50:46] Drought composite end date: 2018-10-27 06:00:00
[2026-05-16 02:50:46] Land cover year: 2017
[2026-05-16 02:50:47] VIIRS Veg composite: 2018-09-22 → 2018-10-08
[2026-05-16 02:50:51] Started export task: fire_277_dynamic_2018-11-01
[2026-05-16 02:50:51] ------ Processing date=2018-11-02 ------
[2026-05-16 02:50:51] Using viirs_af_path: viirs_af_path
[2026-05-16 02:50:52] VIIRS Image Date: ['2018-11-02 00:00:00']
[2026-05-16 02:50:52] Weather image size: 1
[2026-05-16 02:50:52] Forecast duration: 2018-11-03 00:00:00 to 2018-11-04 00:00:00
[2026-05-16 02:50:53] Number of forecast images: 24
[2026-05-16 02:50:53] Using forecast run: 2018-11-02 18:00:00 UTC
[2026-05-16 02:50:54] Forecast Rain Available hours: [6, 7, 8, 9, 10, 11, 12, 13, 14, 15, 16, 17, 18, 19, 20, 21, 22, 23, 24, 25, 26, 27, 28, 29]
[2026-05-16 02:50:54] Valid hours for sum: [12, 18, 24, 29]
[2026-05-16 02:50:57] Drought composite end date: 2018-11-01 06:00:00
[2026-05-16 02:50:58] Land cover year: 2017
[2026-05-16 02:50:59] VIIRS Veg composite: 2018-09-22 → 2018-10-08
[2026-05-16 02:51:03] Started export task: fire_277_dynamic_2018-11-02
[2026-05-16 02:51:03] ------ Processing date=2018-11-03 ------
[2026-05-16 02:51:03] Using viirs_af_path: viirs_af_path
[2026-05-16 02:51:04] VIIRS Image Date: ['2018-11-03 00:00:00']
[2026-05-16 02:51:04] Weather image size: 1
[2026-05-16 02:51:04] Forecast duration: 2018-11-04 00:00:00 to 2018-11-05 00:00:00
[2026-05-16 02:51:05] Number of forecast images: 24
[2026-05-16 02:51:05] Using forecast run: 2018-11-03 18:00:00 UTC
[2026-05-16 02:51:06] Forecast Rain Available hours: [6, 7, 8, 9, 10, 11, 12, 13, 14, 15, 16, 17, 18, 19, 20, 21, 22, 23, 24, 25, 26, 27, 28, 29]
[2026-05-16 02:51:06] Valid hours for sum: [12, 18, 24, 29]
[2026-05-16 02:51:10] Drought composite end date: 2018-11-01 06:00:00
[2026-05-16 02:51:10] Land cover year: 2017
[2026-05-16 02:51:12] VIIRS Veg composite: 2018-09-22 → 2018-10-08
[2026-05-16 02:51:16] Started export task: fire_277_dynamic_2018-11-03
[2026-05-16 02:51:17] ------ Processing date=2018-11-04 ------
[2026-05-16 02:51:17] Using viirs_af_path: viirs_af_path
[2026-05-16 02:51:17] VIIRS Image Date: ['2018-11-04 00:00:00']
[2026-05-16 02:51:17] Weather image size: 1
[2026-05-16 02:51:17] Forecast duration: 2018-11-05 00:00:00 to 2018-11-06 00:00:00
[2026-05-16 02:51:18] Number of forecast images: 24
[2026-05-16 02:51:18] Using forecast run: 2018-11-04 18:00:00 UTC
[2026-05-16 02:51:18] Forecast Rain Available hours: [6, 7, 8, 9, 10, 11, 12, 13, 14, 15, 16, 17, 18, 19, 20, 21, 22, 23, 24, 25, 26, 27, 28, 29]
[2026-05-16 02:51:18] Valid hours for sum: [12, 18, 24, 29]
[2026-05-16 02:51:21] Drought composite end date: 2018-11-01 06:00:00
[2026-05-16 02:51:21] Land cover year: 2017
[2026-05-16 02:51:22] VIIRS Veg composite: 2018-09-22 → 2018-10-08
[2026-05-16 02:51:27] Started export task: fire_277_dynamic_2018-11-04
[2026-05-16 02:51:28] ------ Processing date=2018-11-05 ------
[2026-05-16 02:51:28] Using viirs_af_path: viirs_af_path
[2026-05-16 02:51:29] VIIRS Image Date: ['2018-11-05 00:00:00']
[2026-05-16 02:51:29] Weather image size: 1
[2026-05-16 02:51:29] Forecast duration: 2018-11-06 00:00:00 to 2018-11-07 00:00:00
[2026-05-16 02:51:31] Number of forecast images: 24
[2026-05-16 02:51:31] Using forecast run: 2018-11-05 18:00:00 UTC
[2026-05-16 02:51:31] Forecast Rain Available hours: [6, 7, 8, 9, 10, 11, 12, 13, 14, 15, 16, 17, 18, 19, 20, 21, 22, 23, 24, 25, 26, 27, 28, 29]
[2026-05-16 02:51:31] Valid hours for sum: [12, 18, 24, 29]
[2026-05-16 02:51:33] Drought composite end date: 2018-11-01 06:00:00
[2026-05-16 02:51:34] Land cover year: 2017
[2026-05-16 02:51:35] VIIRS Veg composite: 2018-09-22 → 2018-10-08
[2026-05-16 02:51:40] Started export task: fire_277_dynamic_2018-11-05
[2026-05-16 02:51:41] ------ Processing date=2018-11-06 ------
[2026-05-16 02:51:41] Using viirs_af_path: viirs_af_path
[2026-05-16 02:51:41] VIIRS Image Date: ['2018-11-06 00:00:00']
[2026-05-16 02:51:41] Weather image size: 1
[2026-05-16 02:51:41] Forecast duration: 2018-11-07 00:00:00 to 2018-11-08 00:00:00
[2026-05-16 02:51:43] Number of forecast images: 24
[2026-05-16 02:51:43] Using forecast run: 2018-11-06 18:00:00 UTC
[2026-05-16 02:51:43] Forecast Rain Available hours: [6, 7, 8, 9, 10, 11, 12, 13, 14, 15, 16, 17, 18, 19, 20, 21, 22, 23, 24, 25, 26, 27, 28, 29]
[2026-05-16 02:51:43] Valid hours for sum: [12, 18, 24, 29]
[2026-05-16 02:51:45] Drought composite end date: 2018-11-01 06:00:00
[2026-05-16 02:51:45] Land cover year: 2017
[2026-05-16 02:51:46] VIIRS Veg composite: 2018-09-22 → 2018-10-08
[2026-05-16 02:51:49] Started export task: fire_277_dynamic_2018-11-06
[2026-05-16 02:51:50] ------ Processing date=2018-11-07 ------
[2026-05-16 02:51:50] Using viirs_af_path: viirs_af_path
[2026-05-16 02:51:50] VIIRS Image Date: ['2018-11-07 00:00:00']
[2026-05-16 02:51:50] Weather image size: 1
[2026-05-16 02:51:50] Forecast duration: 2018-11-08 00:00:00 to 2018-11-09 00:00:00
[2026-05-16 02:51:51] Number of forecast images: 24
[2026-05-16 02:51:51] Using forecast run: 2018-11-07 18:00:00 UTC
[2026-05-16 02:51:51] Forecast Rain Available hours: [6, 7, 8, 9, 10, 11, 12, 13, 14, 15, 16, 17, 18, 19, 20, 21, 22, 23, 24, 25, 26, 27, 28, 29]
[2026-05-16 02:51:51] Valid hours for sum: [12, 18, 24, 29]
[2026-05-16 02:51:54] Drought composite end date: 2018-11-06 06:00:00
[2026-05-16 02:51:54] Land cover year: 2017
[2026-05-16 02:51:56] VIIRS Veg composite: 2018-09-22 → 2018-10-08
[2026-05-16 02:52:01] Started export task: fire_277_dynamic_2018-11-07
[2026-05-16 02:52:02] ------ Processing date=2018-11-08 ------
[2026-05-16 02:52:02] Using viirs_af_path: viirs_af_path
[2026-05-16 02:52:02] VIIRS Image Date: ['2018-11-08 00:00:00']
[2026-05-16 02:52:03] Weather image size: 1
[2026-05-16 02:52:03] Forecast duration: 2018-11-09 00:00:00 to 2018-11-10 00:00:00
[2026-05-16 02:52:03] Number of forecast images: 24
[2026-05-16 02:52:03] Using forecast run: 2018-11-08 18:00:00 UTC
[2026-05-16 02:52:04] Forecast Rain Available hours: [6, 7, 8, 9, 10, 11, 12, 13, 14, 15, 16, 17, 18, 19, 20, 21, 22, 23, 24, 25, 26, 27, 28, 29]
[2026-05-16 02:52:04] Valid hours for sum: [12, 18, 24, 29]
[2026-05-16 02:52:07] Drought composite end date: 2018-11-06 06:00:00
[2026-05-16 02:52:07] Land cover year: 2017
[2026-05-16 02:52:08] VIIRS Veg composite: 2018-09-22 → 2018-10-08
[2026-05-16 02:52:13] Started export task: fire_277_dynamic_2018-11-08
[2026-05-16 02:52:13] ------ Processing date=2018-11-09 ------
[2026-05-16 02:52:13] Using viirs_af_path: viirs_af_path
[2026-05-16 02:52:13] VIIRS Image Date: ['2018-11-09 00:00:00']
[2026-05-16 02:52:14] Weather image size: 1
[2026-05-16 02:52:14] Forecast duration: 2018-11-10 00:00:00 to 2018-11-11 00:00:00
[2026-05-16 02:52:14] Number of forecast images: 24
[2026-05-16 02:52:14] Using forecast run: 2018-11-09 18:00:00 UTC
[2026-05-16 02:52:15] Forecast Rain Available hours: [6, 7, 8, 9, 10, 11, 12, 13, 14, 15, 16, 17, 18, 19, 20, 21, 22, 23, 24, 25, 26, 27, 28, 29]
[2026-05-16 02:52:15] Valid hours for sum: [12, 18, 24, 29]
[2026-05-16 02:52:17] Drought composite end date: 2018-11-06 06:00:00
[2026-05-16 02:52:17] Land cover year: 2017
[2026-05-16 02:52:18] VIIRS Veg composite: 2018-09-22 → 2018-10-08
[2026-05-16 02:52:22] Started export task: fire_277_dynamic_2018-11-09
[2026-05-16 02:52:23] ------ Processing date=2018-11-10 ------
[2026-05-16 02:52:23] Using viirs_af_path: viirs_af_path
[2026-05-16 02:52:23] VIIRS Image Date: ['2018-11-10 00:00:00']
[2026-05-16 02:52:23] Weather image size: 1
[2026-05-16 02:52:23] Forecast duration: 2018-11-11 00:00:00 to 2018-11-12 00:00:00
[2026-05-16 02:52:24] Number of forecast images: 24
[2026-05-16 02:52:24] Using forecast run: 2018-11-10 18:00:00 UTC
[2026-05-16 02:52:25] Forecast Rain Available hours: [6, 7, 8, 9, 10, 11, 12, 13, 14, 15, 16, 17, 18, 19, 20, 21, 22, 23, 24, 25, 26, 27, 28, 29]
[2026-05-16 02:52:25] Valid hours for sum: [12, 18, 24, 29]
[2026-05-16 02:52:28] Drought composite end date: 2018-11-06 06:00:00
[2026-05-16 02:52:28] Land cover year: 2017
[2026-05-16 02:52:29] VIIRS Veg composite: 2018-09-22 → 2018-10-08
[2026-05-16 02:52:31] Started export task: fire_277_dynamic_2018-11-10
[2026-05-16 02:52:32] ------ Processing date=2018-11-11 ------
[2026-05-16 02:52:32] Using viirs_af_path: viirs_af_path
[2026-05-16 02:52:32] VIIRS Image Date: ['2018-11-11 00:00:00']
[2026-05-16 02:52:33] Weather image size: 1
[2026-05-16 02:52:33] Forecast duration: 2018-11-12 00:00:00 to 2018-11-13 00:00:00
[2026-05-16 02:52:34] Number of forecast images: 24
[2026-05-16 02:52:34] Using forecast run: 2018-11-11 18:00:00 UTC
[2026-05-16 02:52:34] Forecast Rain Available hours: [6, 7, 8, 9, 10, 11, 12, 13, 14, 15, 16, 17, 18, 19, 20, 21, 22, 23, 24, 25, 26, 27, 28, 29]
[2026-05-16 02:52:34] Valid hours for sum: [12, 18, 24, 29]
[2026-05-16 02:52:36] Drought composite end date: 2018-11-06 06:00:00
[2026-05-16 02:52:37] Land cover year: 2017
[2026-05-16 02:52:38] VIIRS Veg composite: 2018-09-22 → 2018-10-08
[2026-05-16 02:52:43] Started export task: fire_277_dynamic_2018-11-11
[2026-05-16 02:52:43] ------ Processing date=2018-11-12 ------
[2026-05-16 02:52:43] Using viirs_af_path: viirs_af_path
[2026-05-16 02:52:43] VIIRS Image Date: ['2018-11-12 00:00:00']
[2026-05-16 02:52:43] Weather image size: 1
[2026-05-16 02:52:43] Forecast duration: 2018-11-13 00:00:00 to 2018-11-14 00:00:00
[2026-05-16 02:52:45] Number of forecast images: 24
[2026-05-16 02:52:45] Using forecast run: 2018-11-12 18:00:00 UTC
[2026-05-16 02:52:46] Forecast Rain Available hours: [6, 7, 8, 9, 10, 11, 12, 13, 14, 15, 16, 17, 18, 19, 20, 21, 22, 23, 24, 25, 26, 27, 28, 29]
[2026-05-16 02:52:46] Valid hours for sum: [12, 18, 24, 29]
[2026-05-16 02:52:48] Drought composite end date: 2018-11-11 06:00:00
[2026-05-16 02:52:48] Land cover year: 2017
[2026-05-16 02:52:49] VIIRS Veg composite: 2018-09-22 → 2018-10-08
[2026-05-16 02:52:53] Started export task: fire_277_dynamic_2018-11-12
[2026-05-16 02:52:54] ------ Processing date=2018-11-13 ------
[2026-05-16 02:52:54] Using viirs_af_path: viirs_af_path
[2026-05-16 02:52:55] VIIRS Image Date: ['2018-11-13 00:00:00']
[2026-05-16 02:52:55] Weather image size: 1
[2026-05-16 02:52:55] Forecast duration: 2018-11-14 00:00:00 to 2018-11-15 00:00:00
[2026-05-16 02:52:56] Number of forecast images: 24
[2026-05-16 02:52:56] Using forecast run: 2018-11-13 18:00:00 UTC
[2026-05-16 02:52:56] Forecast Rain Available hours: [6, 7, 8, 9, 10, 11, 12, 13, 14, 15, 16, 17, 18, 19, 20, 21, 22, 23, 24, 25, 26, 27, 28, 29]
[2026-05-16 02:52:56] Valid hours for sum: [12, 18, 24, 29]
[2026-05-16 02:52:58] Drought composite end date: 2018-11-11 06:00:00
[2026-05-16 02:52:58] Land cover year: 2017
[2026-05-16 02:52:59] VIIRS Veg composite: 2018-09-22 → 2018-10-08
[2026-05-16 02:53:03] Started export task: fire_277_dynamic_2018-11-13
[2026-05-16 02:57:29] END: ----------Event fire_277----------- (Duration: 16.43m)
[2026-05-16 02:57:29] ========= Run finished. ========= 

[2026-05-16 02:57:29] Success count: 39
[2026-05-16 02:57:29] Failure count: 0
[2026-05-16 02:57:29] END: Dataset Creation Run (Duration: 4.00h)