[2026-05-17 05:23:40] START: Dataset Creation Run
[2026-05-17 05:23:40] Loading config from /Users/rabinatwayana/2_CDE_MT/CL/CDE_Master_Thesis_Wildfire_CL/dataset_creation/output_events_yaml/manual_selected_events_2023.yaml
[2026-05-17 05:23:40] Using key file: key/gcloud_key_12.json
[2026-05-17 05:23:40] Using service account: None
[2026-05-17 05:23:40] Using VIIRS AF asset path: projects/wsts-dataset-creation/assets/viirs_snpp_fire_archive_jun2016_apr2026
[2026-05-17 05:23:40] START: Earth Engine Initialization
[2026-05-17 05:23:45] VIIRS AF asset accessible: projects/wsts-dataset-creation/assets/viirs_snpp_fire_archive_jun2016_apr2026
[2026-05-17 05:23:45] END: Earth Engine Initialization (Duration: 4.88s)
[2026-05-17 05:23:45] Total fire events to process: 8
[2026-05-17 05:23:45] =======Config=============
[2026-05-17 05:23:45] output_bucket: wsts_dataset_12
[2026-05-17 05:23:45] global_degree_bbox_size: 1.0
[2026-05-17 05:23:45] year: 2023
[2026-05-17 05:23:45] export_crs: EPSG:5070
[2026-05-17 05:23:45] export_resolution: 375
[2026-05-17 05:23:45] pre_buffer_days: 8
[2026-05-17 05:23:45] post_buffer_days: 2
[2026-05-17 05:23:45] START: ----------Event fire_222-----------
[2026-05-17 05:23:46] ------ Processing date=2023-10-08 ------
[2026-05-17 05:23:46] Using viirs_af_path: viirs_af_path
[2026-05-17 05:23:47] VIIRS Image Date: ['2023-10-08 00:00:00']
[2026-05-17 05:23:48] Weather image size: 1
[2026-05-17 05:23:48] Forecast duration: 2023-10-09 00:00:00 to 2023-10-10 00:00:00
[2026-05-17 05:23:49] Number of forecast images: 24
[2026-05-17 05:23:49] Using forecast run: 2023-10-08 18:00:00 UTC
[2026-05-17 05:23:49] Forecast Rain Available hours: [6, 7, 8, 9, 10, 11, 12, 13, 14, 15, 16, 17, 18, 19, 20, 21, 22, 23, 24, 25, 26, 27, 28, 29]
[2026-05-17 05:23:49] Valid hours for sum: [12, 18, 24, 29]
[2026-05-17 05:23:52] Drought composite end date: 2023-10-07 06:00:00
[2026-05-17 05:23:53] Land cover year: 2022
[2026-05-17 05:23:55] VIIRS Veg composite: 2023-09-22 → 2023-10-08
[2026-05-17 05:24:01] Started export task: fire_222_static
[2026-05-17 05:24:01] Started export task: fire_222_dynamic_2023-10-08
[2026-05-17 05:24:02] ------ Processing date=2023-10-09 ------
[2026-05-17 05:24:02] Using viirs_af_path: viirs_af_path
[2026-05-17 05:24:02] VIIRS Image Date: ['2023-10-09 00:00:00']
[2026-05-17 05:24:03] Weather image size: 1
[2026-05-17 05:24:03] Forecast duration: 2023-10-10 00:00:00 to 2023-10-11 00:00:00
[2026-05-17 05:24:04] Number of forecast images: 24
[2026-05-17 05:24:04] Using forecast run: 2023-10-09 18:00:00 UTC
[2026-05-17 05:24:04] Forecast Rain Available hours: [6, 7, 8, 9, 10, 11, 12, 13, 14, 15, 16, 17, 18, 19, 20, 21, 22, 23, 24, 25, 26, 27, 28, 29]
[2026-05-17 05:24:04] Valid hours for sum: [12, 18, 24, 29]
[2026-05-17 05:24:08] Drought composite end date: 2023-10-07 06:00:00
[2026-05-17 05:24:08] Land cover year: 2022
[2026-05-17 05:24:11] VIIRS Veg composite: 2023-09-22 → 2023-10-08
[2026-05-17 05:24:15] Started export task: fire_222_dynamic_2023-10-09
[2026-05-17 05:24:15] ------ Processing date=2023-10-10 ------
[2026-05-17 05:24:15] Using viirs_af_path: viirs_af_path
[2026-05-17 05:24:16] VIIRS Image Date: ['2023-10-10 00:00:00']
[2026-05-17 05:24:17] Weather image size: 1
[2026-05-17 05:24:17] Forecast duration: 2023-10-11 00:00:00 to 2023-10-12 00:00:00
[2026-05-17 05:24:18] Number of forecast images: 24
[2026-05-17 05:24:18] Using forecast run: 2023-10-10 18:00:00 UTC
[2026-05-17 05:24:19] Forecast Rain Available hours: [6, 7, 8, 9, 10, 11, 12, 13, 14, 15, 16, 17, 18, 19, 20, 21, 22, 23, 24, 25, 26, 27, 28, 29]
[2026-05-17 05:24:19] Valid hours for sum: [12, 18, 24, 29]
[2026-05-17 05:24:22] Drought composite end date: 2023-10-07 06:00:00
[2026-05-17 05:24:22] Land cover year: 2022
[2026-05-17 05:24:24] VIIRS Veg composite: 2023-09-22 → 2023-10-08
[2026-05-17 05:24:28] Started export task: fire_222_dynamic_2023-10-10
[2026-05-17 05:24:28] ------ Processing date=2023-10-11 ------
[2026-05-17 05:24:28] Using viirs_af_path: viirs_af_path
[2026-05-17 05:24:29] VIIRS Image Date: ['2023-10-11 00:00:00']
[2026-05-17 05:24:29] Weather image size: 1
[2026-05-17 05:24:29] Forecast duration: 2023-10-12 00:00:00 to 2023-10-13 00:00:00
[2026-05-17 05:24:31] Number of forecast images: 24
[2026-05-17 05:24:31] Using forecast run: 2023-10-11 18:00:00 UTC
[2026-05-17 05:24:32] Forecast Rain Available hours: [6, 7, 8, 9, 10, 11, 12, 13, 14, 15, 16, 17, 18, 19, 20, 21, 22, 23, 24, 25, 26, 27, 28, 29]
[2026-05-17 05:24:32] Valid hours for sum: [12, 18, 24, 29]
[2026-05-17 05:24:34] Drought composite end date: 2023-10-07 06:00:00
[2026-05-17 05:24:34] Land cover year: 2022
[2026-05-17 05:24:36] VIIRS Veg composite: 2023-09-22 → 2023-10-08
[2026-05-17 05:24:41] Started export task: fire_222_dynamic_2023-10-11
[2026-05-17 05:24:41] ------ Processing date=2023-10-12 ------
[2026-05-17 05:24:41] Using viirs_af_path: viirs_af_path
[2026-05-17 05:24:42] VIIRS Image Date: ['2023-10-12 00:00:00']
[2026-05-17 05:24:43] Weather image size: 1
[2026-05-17 05:24:43] Forecast duration: 2023-10-13 00:00:00 to 2023-10-14 00:00:00
[2026-05-17 05:24:44] Number of forecast images: 24
[2026-05-17 05:24:44] Using forecast run: 2023-10-12 18:00:00 UTC
[2026-05-17 05:24:45] Forecast Rain Available hours: [6, 7, 8, 9, 10, 11, 12, 13, 14, 15, 16, 17, 18, 19, 20, 21, 22, 23, 24, 25, 26, 27, 28, 29]
[2026-05-17 05:24:45] Valid hours for sum: [12, 18, 24, 29]
[2026-05-17 05:24:48] Drought composite end date: 2023-10-07 06:00:00
[2026-05-17 05:24:49] Land cover year: 2022
[2026-05-17 05:24:50] VIIRS Veg composite: 2023-09-22 → 2023-10-08
[2026-05-17 05:24:56] Started export task: fire_222_dynamic_2023-10-12
[2026-05-17 05:24:56] ------ Processing date=2023-10-13 ------
[2026-05-17 05:24:56] Using viirs_af_path: viirs_af_path
[2026-05-17 05:24:56] VIIRS Image Date: ['2023-10-13 00:00:00']
[2026-05-17 05:24:57] Weather image size: 1
[2026-05-17 05:24:57] Forecast duration: 2023-10-14 00:00:00 to 2023-10-15 00:00:00
[2026-05-17 05:24:58] Number of forecast images: 24
[2026-05-17 05:24:58] Using forecast run: 2023-10-13 18:00:00 UTC
[2026-05-17 05:24:59] Forecast Rain Available hours: [6, 7, 8, 9, 10, 11, 12, 13, 14, 15, 16, 17, 18, 19, 20, 21, 22, 23, 24, 25, 26, 27, 28, 29]
[2026-05-17 05:24:59] Valid hours for sum: [12, 18, 24, 29]
[2026-05-17 05:25:01] Drought composite end date: 2023-10-12 06:00:00
[2026-05-17 05:25:02] Land cover year: 2022
[2026-05-17 05:25:04] VIIRS Veg composite: 2023-09-22 → 2023-10-08
[2026-05-17 05:25:08] Started export task: fire_222_dynamic_2023-10-13
[2026-05-17 05:25:09] ------ Processing date=2023-10-14 ------
[2026-05-17 05:25:09] Using viirs_af_path: viirs_af_path
[2026-05-17 05:25:10] VIIRS Image Date: ['2023-10-14 00:00:00']
[2026-05-17 05:25:10] Weather image size: 1
[2026-05-17 05:25:10] Forecast duration: 2023-10-15 00:00:00 to 2023-10-16 00:00:00
[2026-05-17 05:25:11] Number of forecast images: 24
[2026-05-17 05:25:11] Using forecast run: 2023-10-14 18:00:00 UTC
[2026-05-17 05:25:12] Forecast Rain Available hours: [6, 7, 8, 9, 10, 11, 12, 13, 14, 15, 16, 17, 18, 19, 20, 21, 22, 23, 24, 25, 26, 27, 28, 29]
[2026-05-17 05:25:12] Valid hours for sum: [12, 18, 24, 29]
[2026-05-17 05:25:13] Drought composite end date: 2023-10-12 06:00:00
[2026-05-17 05:25:14] Land cover year: 2022
[2026-05-17 05:25:15] VIIRS Veg composite: 2023-09-22 → 2023-10-08
[2026-05-17 05:25:20] Started export task: fire_222_dynamic_2023-10-14
[2026-05-17 05:25:21] ------ Processing date=2023-10-15 ------
[2026-05-17 05:25:21] Using viirs_af_path: viirs_af_path
[2026-05-17 05:25:22] VIIRS Image Date: ['2023-10-15 00:00:00']
[2026-05-17 05:25:23] Weather image size: 1
[2026-05-17 05:25:23] Forecast duration: 2023-10-16 00:00:00 to 2023-10-17 00:00:00
[2026-05-17 05:25:23] Number of forecast images: 24
[2026-05-17 05:25:23] Using forecast run: 2023-10-15 18:00:00 UTC
[2026-05-17 05:25:24] Forecast Rain Available hours: [6, 7, 8, 9, 10, 11, 12, 13, 14, 15, 16, 17, 18, 19, 20, 21, 22, 23, 24, 25, 26, 27, 28, 29]
[2026-05-17 05:25:24] Valid hours for sum: [12, 18, 24, 29]
[2026-05-17 05:25:26] Drought composite end date: 2023-10-12 06:00:00
[2026-05-17 05:25:27] Land cover year: 2022
[2026-05-17 05:25:28] VIIRS Veg composite: 2023-09-22 → 2023-10-08
[2026-05-17 05:25:33] Started export task: fire_222_dynamic_2023-10-15
[2026-05-17 05:25:33] ------ Processing date=2023-10-16 ------
[2026-05-17 05:25:33] Using viirs_af_path: viirs_af_path
[2026-05-17 05:25:34] VIIRS Image Date: ['2023-10-16 00:00:00']
[2026-05-17 05:25:35] Weather image size: 1
[2026-05-17 05:25:35] Forecast duration: 2023-10-17 00:00:00 to 2023-10-18 00:00:00
[2026-05-17 05:25:36] Number of forecast images: 24
[2026-05-17 05:25:36] Using forecast run: 2023-10-16 18:00:00 UTC
[2026-05-17 05:25:36] Forecast Rain Available hours: [6, 7, 8, 9, 10, 11, 12, 13, 14, 15, 16, 17, 18, 19, 20, 21, 22, 23, 24, 25, 26, 27, 28, 29]
[2026-05-17 05:25:36] Valid hours for sum: [12, 18, 24, 29]
[2026-05-17 05:25:39] Drought composite end date: 2023-10-12 06:00:00
[2026-05-17 05:25:40] Land cover year: 2022
[2026-05-17 05:25:42] VIIRS Veg composite: 2023-09-22 → 2023-10-08
[2026-05-17 05:25:44] Started export task: fire_222_dynamic_2023-10-16
[2026-05-17 05:25:45] ------ Processing date=2023-10-17 ------
[2026-05-17 05:25:45] Using viirs_af_path: viirs_af_path
[2026-05-17 05:25:45] VIIRS Image Date: ['2023-10-17 00:00:00']
[2026-05-17 05:25:46] Weather image size: 1
[2026-05-17 05:25:46] Forecast duration: 2023-10-18 00:00:00 to 2023-10-19 00:00:00
[2026-05-17 05:25:47] Number of forecast images: 24
[2026-05-17 05:25:47] Using forecast run: 2023-10-17 18:00:00 UTC
[2026-05-17 05:25:47] Forecast Rain Available hours: [6, 7, 8, 9, 10, 11, 12, 13, 14, 15, 16, 17, 18, 19, 20, 21, 22, 23, 24, 25, 26, 27, 28, 29]
[2026-05-17 05:25:47] Valid hours for sum: [12, 18, 24, 29]
[2026-05-17 05:25:49] Drought composite end date: 2023-10-12 06:00:00
[2026-05-17 05:25:49] Land cover year: 2022
[2026-05-17 05:25:51] VIIRS Veg composite: 2023-09-22 → 2023-10-08
[2026-05-17 05:25:55] Started export task: fire_222_dynamic_2023-10-17
[2026-05-17 05:25:56] ------ Processing date=2023-10-18 ------
[2026-05-17 05:25:56] Using viirs_af_path: viirs_af_path
[2026-05-17 05:25:56] VIIRS Image Date: ['2023-10-18 00:00:00']
[2026-05-17 05:25:57] Weather image size: 1
[2026-05-17 05:25:57] Forecast duration: 2023-10-19 00:00:00 to 2023-10-20 00:00:00
[2026-05-17 05:25:57] Number of forecast images: 24
[2026-05-17 05:25:57] Using forecast run: 2023-10-18 18:00:00 UTC
[2026-05-17 05:25:58] Forecast Rain Available hours: [6, 7, 8, 9, 10, 11, 12, 13, 14, 15, 16, 17, 18, 19, 20, 21, 22, 23, 24, 25, 26, 27, 28, 29]
[2026-05-17 05:25:58] Valid hours for sum: [12, 18, 24, 29]
[2026-05-17 05:26:01] Drought composite end date: 2023-10-17 06:00:00
[2026-05-17 05:26:01] Land cover year: 2022
[2026-05-17 05:26:02] VIIRS Veg composite: 2023-09-22 → 2023-10-08
[2026-05-17 05:26:06] Started export task: fire_222_dynamic_2023-10-18
[2026-05-17 05:26:07] ------ Processing date=2023-10-19 ------
[2026-05-17 05:26:07] Using viirs_af_path: viirs_af_path
[2026-05-17 05:26:07] VIIRS Image Date: ['2023-10-19 00:00:00']
[2026-05-17 05:26:07] Weather image size: 1
[2026-05-17 05:26:07] Forecast duration: 2023-10-20 00:00:00 to 2023-10-21 00:00:00
[2026-05-17 05:26:08] Number of forecast images: 24
[2026-05-17 05:26:08] Using forecast run: 2023-10-19 18:00:00 UTC
[2026-05-17 05:26:08] Forecast Rain Available hours: [6, 7, 8, 9, 10, 11, 12, 13, 14, 15, 16, 17, 18, 19, 20, 21, 22, 23, 24, 25, 26, 27, 28, 29]
[2026-05-17 05:26:08] Valid hours for sum: [12, 18, 24, 29]
[2026-05-17 05:26:10] Drought composite end date: 2023-10-17 06:00:00
[2026-05-17 05:26:10] Land cover year: 2022
[2026-05-17 05:26:12] VIIRS Veg composite: 2023-09-22 → 2023-10-08
[2026-05-17 05:26:15] Started export task: fire_222_dynamic_2023-10-19
[2026-05-17 05:26:16] ------ Processing date=2023-10-20 ------
[2026-05-17 05:26:16] Using viirs_af_path: viirs_af_path
[2026-05-17 05:26:16] VIIRS Image Date: ['2023-10-20 00:00:00']
[2026-05-17 05:26:16] Weather image size: 1
[2026-05-17 05:26:16] Forecast duration: 2023-10-21 00:00:00 to 2023-10-22 00:00:00
[2026-05-17 05:26:18] Number of forecast images: 24
[2026-05-17 05:26:18] Using forecast run: 2023-10-20 18:00:00 UTC
[2026-05-17 05:26:18] Forecast Rain Available hours: [6, 7, 8, 9, 10, 11, 12, 13, 14, 15, 16, 17, 18, 19, 20, 21, 22, 23, 24, 25, 26, 27, 28, 29]
[2026-05-17 05:26:18] Valid hours for sum: [12, 18, 24, 29]
[2026-05-17 05:26:20] Drought composite end date: 2023-10-17 06:00:00
[2026-05-17 05:26:20] Land cover year: 2022
[2026-05-17 05:26:21] VIIRS Veg composite: 2023-09-22 → 2023-10-08
[2026-05-17 05:26:25] Started export task: fire_222_dynamic_2023-10-20
[2026-05-17 05:26:26] ------ Processing date=2023-10-21 ------
[2026-05-17 05:26:26] Using viirs_af_path: viirs_af_path
[2026-05-17 05:26:26] VIIRS Image Date: ['2023-10-21 00:00:00']
[2026-05-17 05:26:26] Weather image size: 1
[2026-05-17 05:26:26] Forecast duration: 2023-10-22 00:00:00 to 2023-10-23 00:00:00
[2026-05-17 05:26:27] Number of forecast images: 24
[2026-05-17 05:26:27] Using forecast run: 2023-10-21 18:00:00 UTC
[2026-05-17 05:26:28] Forecast Rain Available hours: [6, 7, 8, 9, 10, 11, 12, 13, 14, 15, 16, 17, 18, 19, 20, 21, 22, 23, 24, 25, 26, 27, 28, 29]
[2026-05-17 05:26:28] Valid hours for sum: [12, 18, 24, 29]
[2026-05-17 05:26:31] Drought composite end date: 2023-10-17 06:00:00
[2026-05-17 05:26:32] Land cover year: 2022
[2026-05-17 05:26:33] VIIRS Veg composite: 2023-09-22 → 2023-10-08
[2026-05-17 05:26:38] Started export task: fire_222_dynamic_2023-10-21
[2026-05-17 05:26:38] END: ----------Event fire_222----------- (Duration: 2.88m)
[2026-05-17 05:26:38] START: ----------Event fire_227-----------
[2026-05-17 05:26:38] ------ Processing date=2023-10-10 ------
[2026-05-17 05:26:38] Using viirs_af_path: viirs_af_path
[2026-05-17 05:26:38] VIIRS Image Date: ['2023-10-10 00:00:00']
[2026-05-17 05:26:39] Weather image size: 1
[2026-05-17 05:26:39] Forecast duration: 2023-10-11 00:00:00 to 2023-10-12 00:00:00
[2026-05-17 05:26:40] Number of forecast images: 24
[2026-05-17 05:26:40] Using forecast run: 2023-10-10 18:00:00 UTC
[2026-05-17 05:26:40] Forecast Rain Available hours: [6, 7, 8, 9, 10, 11, 12, 13, 14, 15, 16, 17, 18, 19, 20, 21, 22, 23, 24, 25, 26, 27, 28, 29]
[2026-05-17 05:26:40] Valid hours for sum: [12, 18, 24, 29]
[2026-05-17 05:26:42] Drought composite end date: 2023-10-07 06:00:00
[2026-05-17 05:26:42] Land cover year: 2022
[2026-05-17 05:26:44] VIIRS Veg composite: 2023-09-30 → 2023-10-16
[2026-05-17 05:26:47] Started export task: fire_227_static
[2026-05-17 05:26:48] Started export task: fire_227_dynamic_2023-10-10
[2026-05-17 05:26:48] ------ Processing date=2023-10-11 ------
[2026-05-17 05:26:48] Using viirs_af_path: viirs_af_path
[2026-05-17 05:26:49] VIIRS Image Date: ['2023-10-11 00:00:00']
[2026-05-17 05:26:49] Weather image size: 1
[2026-05-17 05:26:49] Forecast duration: 2023-10-12 00:00:00 to 2023-10-13 00:00:00
[2026-05-17 05:26:50] Number of forecast images: 24
[2026-05-17 05:26:50] Using forecast run: 2023-10-11 18:00:00 UTC
[2026-05-17 05:26:50] Forecast Rain Available hours: [6, 7, 8, 9, 10, 11, 12, 13, 14, 15, 16, 17, 18, 19, 20, 21, 22, 23, 24, 25, 26, 27, 28, 29]
[2026-05-17 05:26:50] Valid hours for sum: [12, 18, 24, 29]
[2026-05-17 05:26:53] Drought composite end date: 2023-10-07 06:00:00
[2026-05-17 05:26:53] Land cover year: 2022
[2026-05-17 05:26:54] VIIRS Veg composite: 2023-09-30 → 2023-10-16
[2026-05-17 05:26:59] Started export task: fire_227_dynamic_2023-10-11
[2026-05-17 05:26:59] ------ Processing date=2023-10-12 ------
[2026-05-17 05:26:59] Using viirs_af_path: viirs_af_path
[2026-05-17 05:26:59] VIIRS Image Date: ['2023-10-12 00:00:00']
[2026-05-17 05:27:00] Weather image size: 1
[2026-05-17 05:27:00] Forecast duration: 2023-10-13 00:00:00 to 2023-10-14 00:00:00
[2026-05-17 05:27:00] Number of forecast images: 24
[2026-05-17 05:27:00] Using forecast run: 2023-10-12 18:00:00 UTC
[2026-05-17 05:27:01] Forecast Rain Available hours: [6, 7, 8, 9, 10, 11, 12, 13, 14, 15, 16, 17, 18, 19, 20, 21, 22, 23, 24, 25, 26, 27, 28, 29]
[2026-05-17 05:27:01] Valid hours for sum: [12, 18, 24, 29]
[2026-05-17 05:27:03] Drought composite end date: 2023-10-07 06:00:00
[2026-05-17 05:27:04] Land cover year: 2022
[2026-05-17 05:27:04] VIIRS Veg composite: 2023-09-30 → 2023-10-16
[2026-05-17 05:27:08] Started export task: fire_227_dynamic_2023-10-12
[2026-05-17 05:27:08] ------ Processing date=2023-10-13 ------
[2026-05-17 05:27:08] Using viirs_af_path: viirs_af_path
[2026-05-17 05:27:08] VIIRS Image Date: ['2023-10-13 00:00:00']
[2026-05-17 05:27:08] Weather image size: 1
[2026-05-17 05:27:08] Forecast duration: 2023-10-14 00:00:00 to 2023-10-15 00:00:00
[2026-05-17 05:27:09] Number of forecast images: 24
[2026-05-17 05:27:09] Using forecast run: 2023-10-13 18:00:00 UTC
[2026-05-17 05:27:10] Forecast Rain Available hours: [6, 7, 8, 9, 10, 11, 12, 13, 14, 15, 16, 17, 18, 19, 20, 21, 22, 23, 24, 25, 26, 27, 28, 29]
[2026-05-17 05:27:10] Valid hours for sum: [12, 18, 24, 29]
[2026-05-17 05:27:11] Drought composite end date: 2023-10-12 06:00:00
[2026-05-17 05:27:12] Land cover year: 2022
[2026-05-17 05:27:13] VIIRS Veg composite: 2023-09-30 → 2023-10-16
[2026-05-17 05:27:18] Started export task: fire_227_dynamic_2023-10-13
[2026-05-17 05:27:18] ------ Processing date=2023-10-14 ------
[2026-05-17 05:27:18] Using viirs_af_path: viirs_af_path
[2026-05-17 05:27:18] VIIRS Image Date: ['2023-10-14 00:00:00']
[2026-05-17 05:27:18] Weather image size: 1
[2026-05-17 05:27:18] Forecast duration: 2023-10-15 00:00:00 to 2023-10-16 00:00:00
[2026-05-17 05:27:20] Number of forecast images: 24
[2026-05-17 05:27:20] Using forecast run: 2023-10-14 18:00:00 UTC
[2026-05-17 05:27:20] Forecast Rain Available hours: [6, 7, 8, 9, 10, 11, 12, 13, 14, 15, 16, 17, 18, 19, 20, 21, 22, 23, 24, 25, 26, 27, 28, 29]
[2026-05-17 05:27:20] Valid hours for sum: [12, 18, 24, 29]
[2026-05-17 05:27:23] Drought composite end date: 2023-10-12 06:00:00
[2026-05-17 05:27:23] Land cover year: 2022
[2026-05-17 05:27:24] VIIRS Veg composite: 2023-09-30 → 2023-10-16
[2026-05-17 05:27:29] Started export task: fire_227_dynamic_2023-10-14
[2026-05-17 05:27:29] ------ Processing date=2023-10-15 ------
[2026-05-17 05:27:29] Using viirs_af_path: viirs_af_path
[2026-05-17 05:27:29] VIIRS Image Date: ['2023-10-15 00:00:00']
[2026-05-17 05:27:29] Weather image size: 1
[2026-05-17 05:27:29] Forecast duration: 2023-10-16 00:00:00 to 2023-10-17 00:00:00
[2026-05-17 05:27:30] Number of forecast images: 24
[2026-05-17 05:27:30] Using forecast run: 2023-10-15 18:00:00 UTC
[2026-05-17 05:27:30] Forecast Rain Available hours: [6, 7, 8, 9, 10, 11, 12, 13, 14, 15, 16, 17, 18, 19, 20, 21, 22, 23, 24, 25, 26, 27, 28, 29]
[2026-05-17 05:27:30] Valid hours for sum: [12, 18, 24, 29]
[2026-05-17 05:27:33] Drought composite end date: 2023-10-12 06:00:00
[2026-05-17 05:27:33] Land cover year: 2022
[2026-05-17 05:27:34] VIIRS Veg composite: 2023-09-30 → 2023-10-16
[2026-05-17 05:27:41] Started export task: fire_227_dynamic_2023-10-15
[2026-05-17 05:27:41] ------ Processing date=2023-10-16 ------
[2026-05-17 05:27:41] Using viirs_af_path: viirs_af_path
[2026-05-17 05:27:41] VIIRS Image Date: ['2023-10-16 00:00:00']
[2026-05-17 05:27:42] Weather image size: 1
[2026-05-17 05:27:42] Forecast duration: 2023-10-17 00:00:00 to 2023-10-18 00:00:00
[2026-05-17 05:27:43] Number of forecast images: 24
[2026-05-17 05:27:43] Using forecast run: 2023-10-16 18:00:00 UTC
[2026-05-17 05:27:43] Forecast Rain Available hours: [6, 7, 8, 9, 10, 11, 12, 13, 14, 15, 16, 17, 18, 19, 20, 21, 22, 23, 24, 25, 26, 27, 28, 29]
[2026-05-17 05:27:43] Valid hours for sum: [12, 18, 24, 29]
[2026-05-17 05:27:46] Drought composite end date: 2023-10-12 06:00:00
[2026-05-17 05:27:46] Land cover year: 2022
[2026-05-17 05:27:48] VIIRS Veg composite: 2023-09-30 → 2023-10-16
[2026-05-17 05:27:53] Started export task: fire_227_dynamic_2023-10-16
[2026-05-17 05:27:53] ------ Processing date=2023-10-17 ------
[2026-05-17 05:27:53] Using viirs_af_path: viirs_af_path
[2026-05-17 05:27:54] VIIRS Image Date: ['2023-10-17 00:00:00']
[2026-05-17 05:27:54] Weather image size: 1
[2026-05-17 05:27:54] Forecast duration: 2023-10-18 00:00:00 to 2023-10-19 00:00:00
[2026-05-17 05:27:56] Number of forecast images: 24
[2026-05-17 05:27:56] Using forecast run: 2023-10-17 18:00:00 UTC
[2026-05-17 05:27:56] Forecast Rain Available hours: [6, 7, 8, 9, 10, 11, 12, 13, 14, 15, 16, 17, 18, 19, 20, 21, 22, 23, 24, 25, 26, 27, 28, 29]
[2026-05-17 05:27:56] Valid hours for sum: [12, 18, 24, 29]
[2026-05-17 05:27:58] Drought composite end date: 2023-10-12 06:00:00
[2026-05-17 05:27:58] Land cover year: 2022
[2026-05-17 05:28:00] VIIRS Veg composite: 2023-09-30 → 2023-10-16
[2026-05-17 05:28:03] Started export task: fire_227_dynamic_2023-10-17
[2026-05-17 05:28:03] ------ Processing date=2023-10-18 ------
[2026-05-17 05:28:03] Using viirs_af_path: viirs_af_path
[2026-05-17 05:28:04] VIIRS Image Date: ['2023-10-18 00:00:00']
[2026-05-17 05:28:04] Weather image size: 1
[2026-05-17 05:28:04] Forecast duration: 2023-10-19 00:00:00 to 2023-10-20 00:00:00
[2026-05-17 05:28:05] Number of forecast images: 24
[2026-05-17 05:28:05] Using forecast run: 2023-10-18 18:00:00 UTC
[2026-05-17 05:28:06] Forecast Rain Available hours: [6, 7, 8, 9, 10, 11, 12, 13, 14, 15, 16, 17, 18, 19, 20, 21, 22, 23, 24, 25, 26, 27, 28, 29]
[2026-05-17 05:28:06] Valid hours for sum: [12, 18, 24, 29]
[2026-05-17 05:28:08] Drought composite end date: 2023-10-17 06:00:00
[2026-05-17 05:28:09] Land cover year: 2022
[2026-05-17 05:28:10] VIIRS Veg composite: 2023-09-30 → 2023-10-16
[2026-05-17 05:28:15] Started export task: fire_227_dynamic_2023-10-18
[2026-05-17 05:28:16] ------ Processing date=2023-10-19 ------
[2026-05-17 05:28:16] Using viirs_af_path: viirs_af_path
[2026-05-17 05:28:16] VIIRS Image Date: ['2023-10-19 00:00:00']
[2026-05-17 05:28:16] Weather image size: 1
[2026-05-17 05:28:16] Forecast duration: 2023-10-20 00:00:00 to 2023-10-21 00:00:00
[2026-05-17 05:28:18] Number of forecast images: 24
[2026-05-17 05:28:18] Using forecast run: 2023-10-19 18:00:00 UTC
[2026-05-17 05:28:18] Forecast Rain Available hours: [6, 7, 8, 9, 10, 11, 12, 13, 14, 15, 16, 17, 18, 19, 20, 21, 22, 23, 24, 25, 26, 27, 28, 29]
[2026-05-17 05:28:18] Valid hours for sum: [12, 18, 24, 29]
[2026-05-17 05:28:21] Drought composite end date: 2023-10-17 06:00:00
[2026-05-17 05:28:21] Land cover year: 2022
[2026-05-17 05:28:23] VIIRS Veg composite: 2023-09-30 → 2023-10-16
[2026-05-17 05:28:26] Started export task: fire_227_dynamic_2023-10-19
[2026-05-17 05:28:27] ------ Processing date=2023-10-20 ------
[2026-05-17 05:28:27] Using viirs_af_path: viirs_af_path
[2026-05-17 05:28:27] VIIRS Image Date: ['2023-10-20 00:00:00']
[2026-05-17 05:28:27] Weather image size: 1
[2026-05-17 05:28:27] Forecast duration: 2023-10-21 00:00:00 to 2023-10-22 00:00:00
[2026-05-17 05:28:28] Number of forecast images: 24
[2026-05-17 05:28:28] Using forecast run: 2023-10-20 18:00:00 UTC
[2026-05-17 05:28:28] Forecast Rain Available hours: [6, 7, 8, 9, 10, 11, 12, 13, 14, 15, 16, 17, 18, 19, 20, 21, 22, 23, 24, 25, 26, 27, 28, 29]
[2026-05-17 05:28:28] Valid hours for sum: [12, 18, 24, 29]
[2026-05-17 05:28:31] Drought composite end date: 2023-10-17 06:00:00
[2026-05-17 05:28:31] Land cover year: 2022
[2026-05-17 05:28:32] VIIRS Veg composite: 2023-09-30 → 2023-10-16
[2026-05-17 05:28:37] Started export task: fire_227_dynamic_2023-10-20
[2026-05-17 05:28:38] ------ Processing date=2023-10-21 ------
[2026-05-17 05:28:38] Using viirs_af_path: viirs_af_path
[2026-05-17 05:28:38] VIIRS Image Date: ['2023-10-21 00:00:00']
[2026-05-17 05:28:38] Weather image size: 1
[2026-05-17 05:28:38] Forecast duration: 2023-10-22 00:00:00 to 2023-10-23 00:00:00
[2026-05-17 05:28:39] Number of forecast images: 24
[2026-05-17 05:28:39] Using forecast run: 2023-10-21 18:00:00 UTC
[2026-05-17 05:28:40] Forecast Rain Available hours: [6, 7, 8, 9, 10, 11, 12, 13, 14, 15, 16, 17, 18, 19, 20, 21, 22, 23, 24, 25, 26, 27, 28, 29]
[2026-05-17 05:28:40] Valid hours for sum: [12, 18, 24, 29]
[2026-05-17 05:28:42] Drought composite end date: 2023-10-17 06:00:00
[2026-05-17 05:28:43] Land cover year: 2022
[2026-05-17 05:28:44] VIIRS Veg composite: 2023-09-30 → 2023-10-16
[2026-05-17 05:28:49] Started export task: fire_227_dynamic_2023-10-21
[2026-05-17 05:28:49] ------ Processing date=2023-10-22 ------
[2026-05-17 05:28:49] Using viirs_af_path: viirs_af_path
[2026-05-17 05:28:50] VIIRS Image Date: ['2023-10-22 00:00:00']
[2026-05-17 05:28:50] Weather image size: 1
[2026-05-17 05:28:50] Forecast duration: 2023-10-23 00:00:00 to 2023-10-24 00:00:00
[2026-05-17 05:28:51] Number of forecast images: 24
[2026-05-17 05:28:51] Using forecast run: 2023-10-22 18:00:00 UTC
[2026-05-17 05:28:51] Forecast Rain Available hours: [6, 7, 8, 9, 10, 11, 12, 13, 14, 15, 16, 17, 18, 19, 20, 21, 22, 23, 24, 25, 26, 27, 28, 29]
[2026-05-17 05:28:51] Valid hours for sum: [12, 18, 24, 29]
[2026-05-17 05:28:53] Drought composite end date: 2023-10-17 06:00:00
[2026-05-17 05:28:53] Land cover year: 2022
[2026-05-17 05:28:54] VIIRS Veg composite: 2023-09-30 → 2023-10-16
[2026-05-17 05:28:58] Started export task: fire_227_dynamic_2023-10-22
[2026-05-17 05:28:59] ------ Processing date=2023-10-23 ------
[2026-05-17 05:28:59] Using viirs_af_path: viirs_af_path
[2026-05-17 05:28:59] VIIRS Image Date: ['2023-10-23 00:00:00']
[2026-05-17 05:29:01] Weather image size: 1
[2026-05-17 05:29:01] Forecast duration: 2023-10-24 00:00:00 to 2023-10-25 00:00:00
[2026-05-17 05:29:02] Number of forecast images: 24
[2026-05-17 05:29:02] Using forecast run: 2023-10-23 18:00:00 UTC
[2026-05-17 05:29:03] Forecast Rain Available hours: [6, 7, 8, 9, 10, 11, 12, 13, 14, 15, 16, 17, 18, 19, 20, 21, 22, 23, 24, 25, 26, 27, 28, 29]
[2026-05-17 05:29:03] Valid hours for sum: [12, 18, 24, 29]
[2026-05-17 05:29:05] Drought composite end date: 2023-10-22 06:00:00
[2026-05-17 05:29:05] Land cover year: 2022
[2026-05-17 05:29:07] VIIRS Veg composite: 2023-09-30 → 2023-10-16
[2026-05-17 05:29:13] Started export task: fire_227_dynamic_2023-10-23
[2026-05-17 05:29:14] ------ Processing date=2023-10-24 ------
[2026-05-17 05:29:14] Using viirs_af_path: viirs_af_path
[2026-05-17 05:29:14] VIIRS Image Date: ['2023-10-24 00:00:00']
[2026-05-17 05:29:15] Weather image size: 1
[2026-05-17 05:29:15] Forecast duration: 2023-10-25 00:00:00 to 2023-10-26 00:00:00
[2026-05-17 05:29:15] Number of forecast images: 24
[2026-05-17 05:29:15] Using forecast run: 2023-10-24 18:00:00 UTC
[2026-05-17 05:29:16] Forecast Rain Available hours: [6, 7, 8, 9, 10, 11, 12, 13, 14, 15, 16, 17, 18, 19, 20, 21, 22, 23, 24, 25, 26, 27, 28, 29]
[2026-05-17 05:29:16] Valid hours for sum: [12, 18, 24, 29]
[2026-05-17 05:29:19] Drought composite end date: 2023-10-22 06:00:00
[2026-05-17 05:29:19] Land cover year: 2022
[2026-05-17 05:29:20] VIIRS Veg composite: 2023-09-30 → 2023-10-16
[2026-05-17 05:29:23] Started export task: fire_227_dynamic_2023-10-24
[2026-05-17 05:29:24] ------ Processing date=2023-10-25 ------
[2026-05-17 05:29:24] Using viirs_af_path: viirs_af_path
[2026-05-17 05:29:24] VIIRS Image Date: ['2023-10-25 00:00:00']
[2026-05-17 05:29:25] Weather image size: 1
[2026-05-17 05:29:25] Forecast duration: 2023-10-26 00:00:00 to 2023-10-27 00:00:00
[2026-05-17 05:29:26] Number of forecast images: 24
[2026-05-17 05:29:26] Using forecast run: 2023-10-25 18:00:00 UTC
[2026-05-17 05:29:27] Forecast Rain Available hours: [6, 7, 8, 9, 10, 11, 12, 13, 14, 15, 16, 17, 18, 19, 20, 21, 22, 23, 24, 25, 26, 27, 28, 29]
[2026-05-17 05:29:27] Valid hours for sum: [12, 18, 24, 29]
[2026-05-17 05:29:29] Drought composite end date: 2023-10-22 06:00:00
[2026-05-17 05:29:30] Land cover year: 2022
[2026-05-17 05:29:31] VIIRS Veg composite: 2023-09-30 → 2023-10-16
[2026-05-17 05:29:34] Started export task: fire_227_dynamic_2023-10-25
[2026-05-17 05:29:34] ------ Processing date=2023-10-26 ------
[2026-05-17 05:29:34] Using viirs_af_path: viirs_af_path
[2026-05-17 05:29:35] VIIRS Image Date: ['2023-10-26 00:00:00']
[2026-05-17 05:29:41] Weather image size: 1
[2026-05-17 05:29:41] Forecast duration: 2023-10-27 00:00:00 to 2023-10-28 00:00:00
[2026-05-17 05:29:41] Number of forecast images: 24
[2026-05-17 05:29:41] Using forecast run: 2023-10-26 18:00:00 UTC
[2026-05-17 05:29:42] Forecast Rain Available hours: [6, 7, 8, 9, 10, 11, 12, 13, 14, 15, 16, 17, 18, 19, 20, 21, 22, 23, 24, 25, 26, 27, 28, 29]
[2026-05-17 05:29:42] Valid hours for sum: [12, 18, 24, 29]
[2026-05-17 05:29:45] Drought composite end date: 2023-10-22 06:00:00
[2026-05-17 05:29:45] Land cover year: 2022
[2026-05-17 05:29:46] VIIRS Veg composite: 2023-09-30 → 2023-10-16
[2026-05-17 05:29:50] Started export task: fire_227_dynamic_2023-10-26
[2026-05-17 05:29:51] ------ Processing date=2023-10-27 ------
[2026-05-17 05:29:51] Using viirs_af_path: viirs_af_path
[2026-05-17 05:29:51] VIIRS Image Date: ['2023-10-27 00:00:00']
[2026-05-17 05:29:51] Weather image size: 1
[2026-05-17 05:29:51] Forecast duration: 2023-10-28 00:00:00 to 2023-10-29 00:00:00
[2026-05-17 05:29:52] Number of forecast images: 24
[2026-05-17 05:29:52] Using forecast run: 2023-10-27 18:00:00 UTC
[2026-05-17 05:29:53] Forecast Rain Available hours: [6, 7, 8, 9, 10, 11, 12, 13, 14, 15, 16, 17, 18, 19, 20, 21, 22, 23, 24, 25, 26, 27, 28, 29]
[2026-05-17 05:29:53] Valid hours for sum: [12, 18, 24, 29]
[2026-05-17 05:29:55] Drought composite end date: 2023-10-22 06:00:00
[2026-05-17 05:29:56] Land cover year: 2022
[2026-05-17 05:29:57] VIIRS Veg composite: 2023-09-30 → 2023-10-16
[2026-05-17 05:30:00] Started export task: fire_227_dynamic_2023-10-27
[2026-05-17 05:30:00] ------ Processing date=2023-10-28 ------
[2026-05-17 05:30:00] Using viirs_af_path: viirs_af_path
[2026-05-17 05:30:00] VIIRS Image Date: ['2023-10-28 00:00:00']
[2026-05-17 05:30:00] Weather image size: 1
[2026-05-17 05:30:00] Forecast duration: 2023-10-29 00:00:00 to 2023-10-30 00:00:00
[2026-05-17 05:30:01] Number of forecast images: 24
[2026-05-17 05:30:01] Using forecast run: 2023-10-28 18:00:00 UTC
[2026-05-17 05:30:02] Forecast Rain Available hours: [6, 7, 8, 9, 10, 11, 12, 13, 14, 15, 16, 17, 18, 19, 20, 21, 22, 23, 24, 25, 26, 27, 28, 29]
[2026-05-17 05:30:02] Valid hours for sum: [12, 18, 24, 29]
[2026-05-17 05:30:03] Drought composite end date: 2023-10-27 06:00:00
[2026-05-17 05:30:03] Land cover year: 2022
[2026-05-17 05:30:05] VIIRS Veg composite: 2023-09-30 → 2023-10-16
[2026-05-17 05:30:09] Started export task: fire_227_dynamic_2023-10-28
[2026-05-17 05:30:10] ------ Processing date=2023-10-29 ------
[2026-05-17 05:30:10] Using viirs_af_path: viirs_af_path
[2026-05-17 05:30:10] VIIRS Image Date: ['2023-10-29 00:00:00']
[2026-05-17 05:30:10] Weather image size: 1
[2026-05-17 05:30:10] Forecast duration: 2023-10-30 00:00:00 to 2023-10-31 00:00:00
[2026-05-17 05:30:13] Number of forecast images: 24
[2026-05-17 05:30:13] Using forecast run: 2023-10-29 18:00:00 UTC
[2026-05-17 05:30:13] Forecast Rain Available hours: [6, 7, 8, 9, 10, 11, 12, 13, 14, 15, 16, 17, 18, 19, 20, 21, 22, 23, 24, 25, 26, 27, 28, 29]
[2026-05-17 05:30:13] Valid hours for sum: [12, 18, 24, 29]
[2026-05-17 05:30:15] Drought composite end date: 2023-10-27 06:00:00
[2026-05-17 05:30:15] Land cover year: 2022
[2026-05-17 05:30:16] VIIRS Veg composite: 2023-09-30 → 2023-10-16
[2026-05-17 05:30:20] Started export task: fire_227_dynamic_2023-10-29
[2026-05-17 05:30:21] ------ Processing date=2023-10-30 ------
[2026-05-17 05:30:21] Using viirs_af_path: viirs_af_path
[2026-05-17 05:30:21] VIIRS Image Date: ['2023-10-30 00:00:00']
[2026-05-17 05:30:22] Weather image size: 1
[2026-05-17 05:30:22] Forecast duration: 2023-10-31 00:00:00 to 2023-11-01 00:00:00
[2026-05-17 05:30:22] Number of forecast images: 24
[2026-05-17 05:30:22] Using forecast run: 2023-10-30 18:00:00 UTC
[2026-05-17 05:30:23] Forecast Rain Available hours: [6, 7, 8, 9, 10, 11, 12, 13, 14, 15, 16, 17, 18, 19, 20, 21, 22, 23, 24, 25, 26, 27, 28, 29]
[2026-05-17 05:30:23] Valid hours for sum: [12, 18, 24, 29]
[2026-05-17 05:30:24] Drought composite end date: 2023-10-27 06:00:00
[2026-05-17 05:30:25] Land cover year: 2022
[2026-05-17 05:30:26] VIIRS Veg composite: 2023-09-30 → 2023-10-16
[2026-05-17 05:30:33] Started export task: fire_227_dynamic_2023-10-30
[2026-05-17 05:30:33] ------ Processing date=2023-10-31 ------
[2026-05-17 05:30:33] Using viirs_af_path: viirs_af_path
[2026-05-17 05:30:33] VIIRS Image Date: ['2023-10-31 00:00:00']
[2026-05-17 05:30:34] Weather image size: 1
[2026-05-17 05:30:34] Forecast duration: 2023-11-01 00:00:00 to 2023-11-02 00:00:00
[2026-05-17 05:30:35] Number of forecast images: 24
[2026-05-17 05:30:35] Using forecast run: 2023-10-31 18:00:00 UTC
[2026-05-17 05:30:35] Forecast Rain Available hours: [6, 7, 8, 9, 10, 11, 12, 13, 14, 15, 16, 17, 18, 19, 20, 21, 22, 23, 24, 25, 26, 27, 28, 29]
[2026-05-17 05:30:35] Valid hours for sum: [12, 18, 24, 29]
[2026-05-17 05:30:38] Drought composite end date: 2023-10-27 06:00:00
[2026-05-17 05:30:38] Land cover year: 2022
[2026-05-17 05:30:40] VIIRS Veg composite: 2023-09-30 → 2023-10-16
[2026-05-17 05:30:43] Started export task: fire_227_dynamic_2023-10-31
[2026-05-17 05:30:43] ------ Processing date=2023-11-01 ------
[2026-05-17 05:30:43] Using viirs_af_path: viirs_af_path
[2026-05-17 05:30:43] VIIRS Image Date: ['2023-11-01 00:00:00']
[2026-05-17 05:30:44] Weather image size: 1
[2026-05-17 05:30:44] Forecast duration: 2023-11-02 00:00:00 to 2023-11-03 00:00:00
[2026-05-17 05:30:45] Number of forecast images: 24
[2026-05-17 05:30:45] Using forecast run: 2023-11-01 18:00:00 UTC
[2026-05-17 05:30:45] Forecast Rain Available hours: [6, 7, 8, 9, 10, 11, 12, 13, 14, 15, 16, 17, 18, 19, 20, 21, 22, 23, 24, 25, 26, 27, 28, 29]
[2026-05-17 05:30:45] Valid hours for sum: [12, 18, 24, 29]
[2026-05-17 05:30:47] Drought composite end date: 2023-10-27 06:00:00
[2026-05-17 05:30:48] Land cover year: 2022
[2026-05-17 05:30:49] VIIRS Veg composite: 2023-09-30 → 2023-10-16
[2026-05-17 05:30:54] Started export task: fire_227_dynamic_2023-11-01
[2026-05-17 05:30:55] ------ Processing date=2023-11-02 ------
[2026-05-17 05:30:55] Using viirs_af_path: viirs_af_path
[2026-05-17 05:30:56] VIIRS Image Date: ['2023-11-02 00:00:00']
[2026-05-17 05:30:56] Weather image size: 1
[2026-05-17 05:30:56] Forecast duration: 2023-11-03 00:00:00 to 2023-11-04 00:00:00
[2026-05-17 05:30:57] Number of forecast images: 24
[2026-05-17 05:30:57] Using forecast run: 2023-11-02 18:00:00 UTC
[2026-05-17 05:30:58] Forecast Rain Available hours: [6, 7, 8, 9, 10, 11, 12, 13, 14, 15, 16, 17, 18, 19, 20, 21, 22, 23, 24, 25, 26, 27, 28, 29]
[2026-05-17 05:30:58] Valid hours for sum: [12, 18, 24, 29]
[2026-05-17 05:31:00] Drought composite end date: 2023-11-01 06:00:00
[2026-05-17 05:31:01] Land cover year: 2022
[2026-05-17 05:31:02] VIIRS Veg composite: 2023-09-30 → 2023-10-16
[2026-05-17 05:31:05] Started export task: fire_227_dynamic_2023-11-02
[2026-05-17 05:31:06] ------ Processing date=2023-11-03 ------
[2026-05-17 05:31:06] Using viirs_af_path: viirs_af_path
[2026-05-17 05:31:06] VIIRS Image Date: ['2023-11-03 00:00:00']
[2026-05-17 05:31:06] Weather image size: 1
[2026-05-17 05:31:06] Forecast duration: 2023-11-04 00:00:00 to 2023-11-05 00:00:00
[2026-05-17 05:31:07] Number of forecast images: 24
[2026-05-17 05:31:07] Using forecast run: 2023-11-03 18:00:00 UTC
[2026-05-17 05:31:07] Forecast Rain Available hours: [6, 7, 8, 9, 10, 11, 12, 13, 14, 15, 16, 17, 18, 19, 20, 21, 22, 23, 24, 25, 26, 27, 28, 29]
[2026-05-17 05:31:07] Valid hours for sum: [12, 18, 24, 29]
[2026-05-17 05:31:10] Drought composite end date: 2023-11-01 06:00:00
[2026-05-17 05:31:10] Land cover year: 2022
[2026-05-17 05:31:11] VIIRS Veg composite: 2023-09-30 → 2023-10-16
[2026-05-17 05:31:13] Started export task: fire_227_dynamic_2023-11-03
[2026-05-17 05:31:14] ------ Processing date=2023-11-04 ------
[2026-05-17 05:31:14] Using viirs_af_path: viirs_af_path
[2026-05-17 05:31:15] VIIRS Image Date: ['2023-11-04 00:00:00']
[2026-05-17 05:31:15] Weather image size: 1
[2026-05-17 05:31:15] Forecast duration: 2023-11-05 00:00:00 to 2023-11-06 00:00:00
[2026-05-17 05:31:17] Number of forecast images: 24
[2026-05-17 05:31:17] Using forecast run: 2023-11-04 18:00:00 UTC
[2026-05-17 05:31:17] Forecast Rain Available hours: [6, 7, 8, 9, 10, 11, 12, 13, 14, 15, 16, 17, 18, 19, 20, 21, 22, 23, 24, 25, 26, 27, 28, 29]
[2026-05-17 05:31:17] Valid hours for sum: [12, 18, 24, 29]
[2026-05-17 05:31:19] Drought composite end date: 2023-11-01 06:00:00
[2026-05-17 05:31:20] Land cover year: 2022
[2026-05-17 05:31:21] VIIRS Veg composite: 2023-09-30 → 2023-10-16
[2026-05-17 05:31:25] Started export task: fire_227_dynamic_2023-11-04
[2026-05-17 05:31:25] ------ Processing date=2023-11-05 ------
[2026-05-17 05:31:25] Using viirs_af_path: viirs_af_path
[2026-05-17 05:31:26] VIIRS Image Date: ['2023-11-05 00:00:00']
[2026-05-17 05:31:26] Weather image size: 1
[2026-05-17 05:31:26] Forecast duration: 2023-11-06 00:00:00 to 2023-11-07 00:00:00
[2026-05-17 05:31:27] Number of forecast images: 24
[2026-05-17 05:31:27] Using forecast run: 2023-11-05 18:00:00 UTC
[2026-05-17 05:31:28] Forecast Rain Available hours: [6, 7, 8, 9, 10, 11, 12, 13, 14, 15, 16, 17, 18, 19, 20, 21, 22, 23, 24, 25, 26, 27, 28, 29]
[2026-05-17 05:31:28] Valid hours for sum: [12, 18, 24, 29]
[2026-05-17 05:31:30] Drought composite end date: 2023-11-01 06:00:00
[2026-05-17 05:31:30] Land cover year: 2022
[2026-05-17 05:31:32] VIIRS Veg composite: 2023-09-30 → 2023-10-16
[2026-05-17 05:31:35] Started export task: fire_227_dynamic_2023-11-05
[2026-05-17 05:31:36] ------ Processing date=2023-11-06 ------
[2026-05-17 05:31:36] Using viirs_af_path: viirs_af_path
[2026-05-17 05:31:36] VIIRS Image Date: ['2023-11-06 00:00:00']
[2026-05-17 05:31:37] Weather image size: 1
[2026-05-17 05:31:37] Forecast duration: 2023-11-07 00:00:00 to 2023-11-08 00:00:00
[2026-05-17 05:31:38] Number of forecast images: 24
[2026-05-17 05:31:38] Using forecast run: 2023-11-06 18:00:00 UTC
[2026-05-17 05:31:38] Forecast Rain Available hours: [6, 7, 8, 9, 10, 11, 12, 13, 14, 15, 16, 17, 18, 19, 20, 21, 22, 23, 24, 25, 26, 27, 28, 29]
[2026-05-17 05:31:38] Valid hours for sum: [12, 18, 24, 29]
[2026-05-17 05:31:40] Drought composite end date: 2023-11-01 06:00:00
[2026-05-17 05:31:40] Land cover year: 2022
[2026-05-17 05:31:41] VIIRS Veg composite: 2023-09-30 → 2023-10-16
[2026-05-17 05:31:45] Started export task: fire_227_dynamic_2023-11-06
[2026-05-17 05:31:45] ------ Processing date=2023-11-07 ------
[2026-05-17 05:31:45] Using viirs_af_path: viirs_af_path
[2026-05-17 05:31:45] VIIRS Image Date: ['2023-11-07 00:00:00']
[2026-05-17 05:31:46] Weather image size: 1
[2026-05-17 05:31:46] Forecast duration: 2023-11-08 00:00:00 to 2023-11-09 00:00:00
[2026-05-17 05:31:46] Number of forecast images: 24
[2026-05-17 05:31:46] Using forecast run: 2023-11-07 18:00:00 UTC
[2026-05-17 05:31:47] Forecast Rain Available hours: [6, 7, 8, 9, 10, 11, 12, 13, 14, 15, 16, 17, 18, 19, 20, 21, 22, 23, 24, 25, 26, 27, 28, 29]
[2026-05-17 05:31:47] Valid hours for sum: [12, 18, 24, 29]
[2026-05-17 05:31:50] Drought composite end date: 2023-11-06 06:00:00
[2026-05-17 05:31:50] Land cover year: 2022
[2026-05-17 05:31:51] VIIRS Veg composite: 2023-09-30 → 2023-10-16
[2026-05-17 05:31:54] Started export task: fire_227_dynamic_2023-11-07
[2026-05-17 05:31:54] ------ Processing date=2023-11-08 ------
[2026-05-17 05:31:54] Using viirs_af_path: viirs_af_path
[2026-05-17 05:31:55] VIIRS Image Date: ['2023-11-08 00:00:00']
[2026-05-17 05:31:55] Weather image size: 1
[2026-05-17 05:31:55] Forecast duration: 2023-11-09 00:00:00 to 2023-11-10 00:00:00
[2026-05-17 05:31:56] Number of forecast images: 24
[2026-05-17 05:31:56] Using forecast run: 2023-11-08 18:00:00 UTC
[2026-05-17 05:31:57] Forecast Rain Available hours: [6, 7, 8, 9, 10, 11, 12, 13, 14, 15, 16, 17, 18, 19, 20, 21, 22, 23, 24, 25, 26, 27, 28, 29]
[2026-05-17 05:31:57] Valid hours for sum: [12, 18, 24, 29]
[2026-05-17 05:31:59] Drought composite end date: 2023-11-06 06:00:00
[2026-05-17 05:32:00] Land cover year: 2022
[2026-05-17 05:32:01] VIIRS Veg composite: 2023-09-30 → 2023-10-16
[2026-05-17 05:32:06] Started export task: fire_227_dynamic_2023-11-08
[2026-05-17 05:32:06] ------ Processing date=2023-11-09 ------
[2026-05-17 05:32:06] Using viirs_af_path: viirs_af_path
[2026-05-17 05:32:06] VIIRS Image Date: ['2023-11-09 00:00:00']
[2026-05-17 05:32:07] Weather image size: 1
[2026-05-17 05:32:07] Forecast duration: 2023-11-10 00:00:00 to 2023-11-11 00:00:00
[2026-05-17 05:32:08] Number of forecast images: 24
[2026-05-17 05:32:08] Using forecast run: 2023-11-09 18:00:00 UTC
[2026-05-17 05:32:08] Forecast Rain Available hours: [6, 7, 8, 9, 10, 11, 12, 13, 14, 15, 16, 17, 18, 19, 20, 21, 22, 23, 24, 25, 26, 27, 28, 29]
[2026-05-17 05:32:08] Valid hours for sum: [12, 18, 24, 29]
[2026-05-17 05:32:11] Drought composite end date: 2023-11-06 06:00:00
[2026-05-17 05:32:12] Land cover year: 2022
[2026-05-17 05:32:14] VIIRS Veg composite: 2023-09-30 → 2023-10-16
[2026-05-17 05:32:19] Started export task: fire_227_dynamic_2023-11-09
[2026-05-17 05:32:19] ------ Processing date=2023-11-10 ------
[2026-05-17 05:32:19] Using viirs_af_path: viirs_af_path
[2026-05-17 05:32:20] VIIRS Image Date: ['2023-11-10 00:00:00']
[2026-05-17 05:32:20] Weather image size: 1
[2026-05-17 05:32:20] Forecast duration: 2023-11-11 00:00:00 to 2023-11-12 00:00:00
[2026-05-17 05:32:21] Number of forecast images: 24
[2026-05-17 05:32:21] Using forecast run: 2023-11-10 18:00:00 UTC
[2026-05-17 05:32:22] Forecast Rain Available hours: [6, 7, 8, 9, 10, 11, 12, 13, 14, 15, 16, 17, 18, 19, 20, 21, 22, 23, 24, 25, 26, 27, 28, 29]
[2026-05-17 05:32:22] Valid hours for sum: [12, 18, 24, 29]
[2026-05-17 05:32:23] Drought composite end date: 2023-11-06 06:00:00
[2026-05-17 05:32:23] Land cover year: 2022
[2026-05-17 05:32:24] VIIRS Veg composite: 2023-09-30 → 2023-10-16
[2026-05-17 05:32:28] Started export task: fire_227_dynamic_2023-11-10
[2026-05-17 05:32:28] ------ Processing date=2023-11-11 ------
[2026-05-17 05:32:28] Using viirs_af_path: viirs_af_path
[2026-05-17 05:32:28] VIIRS Image Date: ['2023-11-11 00:00:00']
[2026-05-17 05:32:29] Weather image size: 1
[2026-05-17 05:32:29] Forecast duration: 2023-11-12 00:00:00 to 2023-11-13 00:00:00
[2026-05-17 05:32:29] Number of forecast images: 24
[2026-05-17 05:32:29] Using forecast run: 2023-11-11 18:00:00 UTC
[2026-05-17 05:32:30] Forecast Rain Available hours: [6, 7, 8, 9, 10, 11, 12, 13, 14, 15, 16, 17, 18, 19, 20, 21, 22, 23, 24, 25, 26, 27, 28, 29]
[2026-05-17 05:32:30] Valid hours for sum: [12, 18, 24, 29]
[2026-05-17 05:32:32] Drought composite end date: 2023-11-06 06:00:00
[2026-05-17 05:32:32] Land cover year: 2022
[2026-05-17 05:32:33] VIIRS Veg composite: 2023-09-30 → 2023-10-16
[2026-05-17 05:32:38] Started export task: fire_227_dynamic_2023-11-11
[2026-05-17 05:32:39] ------ Processing date=2023-11-12 ------
[2026-05-17 05:32:39] Using viirs_af_path: viirs_af_path
[2026-05-17 05:32:39] VIIRS Image Date: ['2023-11-12 00:00:00']
[2026-05-17 05:32:39] Weather image size: 1
[2026-05-17 05:32:39] Forecast duration: 2023-11-13 00:00:00 to 2023-11-14 00:00:00
[2026-05-17 05:32:40] Number of forecast images: 24
[2026-05-17 05:32:40] Using forecast run: 2023-11-12 18:00:00 UTC
[2026-05-17 05:32:40] Forecast Rain Available hours: [6, 7, 8, 9, 10, 11, 12, 13, 14, 15, 16, 17, 18, 19, 20, 21, 22, 23, 24, 25, 26, 27, 28, 29]
[2026-05-17 05:32:40] Valid hours for sum: [12, 18, 24, 29]
[2026-05-17 05:32:42] Drought composite end date: 2023-11-11 06:00:00
[2026-05-17 05:32:42] Land cover year: 2022
[2026-05-17 05:32:44] VIIRS Veg composite: 2023-09-30 → 2023-10-16
[2026-05-17 05:32:48] Started export task: fire_227_dynamic_2023-11-12
[2026-05-17 05:32:48] ------ Processing date=2023-11-13 ------
[2026-05-17 05:32:48] Using viirs_af_path: viirs_af_path
[2026-05-17 05:32:49] VIIRS Image Date: ['2023-11-13 00:00:00']
[2026-05-17 05:32:49] Weather image size: 1
[2026-05-17 05:32:49] Forecast duration: 2023-11-14 00:00:00 to 2023-11-15 00:00:00
[2026-05-17 05:32:51] Number of forecast images: 24
[2026-05-17 05:32:51] Using forecast run: 2023-11-13 18:00:00 UTC
[2026-05-17 05:32:51] Forecast Rain Available hours: [6, 7, 8, 9, 10, 11, 12, 13, 14, 15, 16, 17, 18, 19, 20, 21, 22, 23, 24, 25, 26, 27, 28, 29]
[2026-05-17 05:32:51] Valid hours for sum: [12, 18, 24, 29]
[2026-05-17 05:32:53] Drought composite end date: 2023-11-11 06:00:00
[2026-05-17 05:32:53] Land cover year: 2022
[2026-05-17 05:32:55] VIIRS Veg composite: 2023-09-30 → 2023-10-16
[2026-05-17 05:33:00] Started export task: fire_227_dynamic_2023-11-13
[2026-05-17 05:33:00] ------ Processing date=2023-11-14 ------
[2026-05-17 05:33:00] Using viirs_af_path: viirs_af_path
[2026-05-17 05:33:01] VIIRS Image Date: ['2023-11-14 00:00:00']
[2026-05-17 05:33:01] Weather image size: 1
[2026-05-17 05:33:01] Forecast duration: 2023-11-15 00:00:00 to 2023-11-16 00:00:00
[2026-05-17 05:33:02] Number of forecast images: 24
[2026-05-17 05:33:02] Using forecast run: 2023-11-14 18:00:00 UTC
[2026-05-17 05:33:02] Forecast Rain Available hours: [6, 7, 8, 9, 10, 11, 12, 13, 14, 15, 16, 17, 18, 19, 20, 21, 22, 23, 24, 25, 26, 27, 28, 29]
[2026-05-17 05:33:02] Valid hours for sum: [12, 18, 24, 29]
[2026-05-17 05:33:04] Drought composite end date: 2023-11-11 06:00:00
[2026-05-17 05:33:04] Land cover year: 2022
[2026-05-17 05:33:05] VIIRS Veg composite: 2023-09-30 → 2023-10-16
[2026-05-17 05:33:09] Started export task: fire_227_dynamic_2023-11-14
[2026-05-17 05:33:11] ------ Processing date=2023-11-15 ------
[2026-05-17 05:33:11] Using viirs_af_path: viirs_af_path
[2026-05-17 05:33:11] VIIRS Image Date: ['2023-11-15 00:00:00']
[2026-05-17 05:33:12] Weather image size: 1
[2026-05-17 05:33:12] Forecast duration: 2023-11-16 00:00:00 to 2023-11-17 00:00:00
[2026-05-17 05:33:13] Number of forecast images: 24
[2026-05-17 05:33:13] Using forecast run: 2023-11-15 18:00:00 UTC
[2026-05-17 05:33:13] Forecast Rain Available hours: [6, 7, 8, 9, 10, 11, 12, 13, 14, 15, 16, 17, 18, 19, 20, 21, 22, 23, 24, 25, 26, 27, 28, 29]
[2026-05-17 05:33:13] Valid hours for sum: [12, 18, 24, 29]
[2026-05-17 05:33:15] Drought composite end date: 2023-11-11 06:00:00
[2026-05-17 05:33:15] Land cover year: 2022
[2026-05-17 05:33:17] VIIRS Veg composite: 2023-09-30 → 2023-10-16
[2026-05-17 05:33:21] Started export task: fire_227_dynamic_2023-11-15
[2026-05-17 05:33:22] ------ Processing date=2023-11-16 ------
[2026-05-17 05:33:22] Using viirs_af_path: viirs_af_path
[2026-05-17 05:33:22] VIIRS Image Date: ['2023-11-16 00:00:00']
[2026-05-17 05:33:22] Weather image size: 1
[2026-05-17 05:33:22] Forecast duration: 2023-11-17 00:00:00 to 2023-11-18 00:00:00
[2026-05-17 05:33:23] Number of forecast images: 24
[2026-05-17 05:33:23] Using forecast run: 2023-11-16 18:00:00 UTC
[2026-05-17 05:33:23] Forecast Rain Available hours: [6, 7, 8, 9, 10, 11, 12, 13, 14, 15, 16, 17, 18, 19, 20, 21, 22, 23, 24, 25, 26, 27, 28, 29]
[2026-05-17 05:33:23] Valid hours for sum: [12, 18, 24, 29]
[2026-05-17 05:33:26] Drought composite end date: 2023-11-11 06:00:00
[2026-05-17 05:33:26] Land cover year: 2022
[2026-05-17 05:33:27] VIIRS Veg composite: 2023-09-30 → 2023-10-16
[2026-05-17 05:33:29] Started export task: fire_227_dynamic_2023-11-16
[2026-05-17 05:33:30] ------ Processing date=2023-11-17 ------
[2026-05-17 05:33:30] Using viirs_af_path: viirs_af_path
[2026-05-17 05:33:30] VIIRS Image Date: ['2023-11-17 00:00:00']
[2026-05-17 05:33:31] Weather image size: 1
[2026-05-17 05:33:31] Forecast duration: 2023-11-18 00:00:00 to 2023-11-19 00:00:00
[2026-05-17 05:33:31] Number of forecast images: 24
[2026-05-17 05:33:31] Using forecast run: 2023-11-17 18:00:00 UTC
[2026-05-17 05:33:32] Forecast Rain Available hours: [6, 7, 8, 9, 10, 11, 12, 13, 14, 15, 16, 17, 18, 19, 20, 21, 22, 23, 24, 25, 26, 27, 28, 29]
[2026-05-17 05:33:32] Valid hours for sum: [12, 18, 24, 29]
[2026-05-17 05:33:35] Drought composite end date: 2023-11-16 06:00:00
[2026-05-17 05:33:35] Land cover year: 2022
[2026-05-17 05:33:36] VIIRS Veg composite: 2023-09-30 → 2023-10-16
[2026-05-17 05:33:39] Started export task: fire_227_dynamic_2023-11-17
[2026-05-17 05:33:39] END: ----------Event fire_227----------- (Duration: 7.03m)
[2026-05-17 05:33:39] START: ----------Event fire_231-----------
[2026-05-17 05:33:40] ------ Processing date=2023-10-07 ------
[2026-05-17 05:33:40] Using viirs_af_path: viirs_af_path
[2026-05-17 05:33:40] VIIRS Image Date: ['2023-10-07 00:00:00']
[2026-05-17 05:33:40] Weather image size: 1
[2026-05-17 05:33:40] Forecast duration: 2023-10-08 00:00:00 to 2023-10-09 00:00:00
[2026-05-17 05:33:41] Number of forecast images: 24
[2026-05-17 05:33:41] Using forecast run: 2023-10-07 18:00:00 UTC
[2026-05-17 05:33:42] Forecast Rain Available hours: [6, 7, 8, 9, 10, 11, 12, 13, 14, 15, 16, 17, 18, 19, 20, 21, 22, 23, 24, 25, 26, 27, 28, 29]
[2026-05-17 05:33:42] Valid hours for sum: [12, 18, 24, 29]
[2026-05-17 05:33:44] Drought composite end date: 2023-10-02 06:00:00
[2026-05-17 05:33:45] Land cover year: 2022
[2026-05-17 05:33:45] VIIRS Veg composite: 2023-09-22 → 2023-10-08
[2026-05-17 05:33:50] Started export task: fire_231_static
[2026-05-17 05:33:51] Started export task: fire_231_dynamic_2023-10-07
[2026-05-17 05:33:52] ------ Processing date=2023-10-08 ------
[2026-05-17 05:33:52] Using viirs_af_path: viirs_af_path
[2026-05-17 05:33:52] VIIRS Image Date: ['2023-10-08 00:00:00']
[2026-05-17 05:33:52] Weather image size: 1
[2026-05-17 05:33:52] Forecast duration: 2023-10-09 00:00:00 to 2023-10-10 00:00:00
[2026-05-17 05:33:53] Number of forecast images: 24
[2026-05-17 05:33:53] Using forecast run: 2023-10-08 18:00:00 UTC
[2026-05-17 05:33:54] Forecast Rain Available hours: [6, 7, 8, 9, 10, 11, 12, 13, 14, 15, 16, 17, 18, 19, 20, 21, 22, 23, 24, 25, 26, 27, 28, 29]
[2026-05-17 05:33:54] Valid hours for sum: [12, 18, 24, 29]
[2026-05-17 05:33:56] Drought composite end date: 2023-10-07 06:00:00
[2026-05-17 05:33:56] Land cover year: 2022
[2026-05-17 05:33:57] VIIRS Veg composite: 2023-09-22 → 2023-10-08
[2026-05-17 05:34:03] Started export task: fire_231_dynamic_2023-10-08
[2026-05-17 05:34:04] ------ Processing date=2023-10-09 ------
[2026-05-17 05:34:04] Using viirs_af_path: viirs_af_path
[2026-05-17 05:34:04] VIIRS Image Date: ['2023-10-09 00:00:00']
[2026-05-17 05:34:04] Weather image size: 1
[2026-05-17 05:34:04] Forecast duration: 2023-10-10 00:00:00 to 2023-10-11 00:00:00
[2026-05-17 05:34:05] Number of forecast images: 24
[2026-05-17 05:34:05] Using forecast run: 2023-10-09 18:00:00 UTC
[2026-05-17 05:34:05] Forecast Rain Available hours: [6, 7, 8, 9, 10, 11, 12, 13, 14, 15, 16, 17, 18, 19, 20, 21, 22, 23, 24, 25, 26, 27, 28, 29]
[2026-05-17 05:34:05] Valid hours for sum: [12, 18, 24, 29]
[2026-05-17 05:34:07] Drought composite end date: 2023-10-07 06:00:00
[2026-05-17 05:34:07] Land cover year: 2022
[2026-05-17 05:34:08] VIIRS Veg composite: 2023-09-22 → 2023-10-08
[2026-05-17 05:34:12] Started export task: fire_231_dynamic_2023-10-09
[2026-05-17 05:34:13] ------ Processing date=2023-10-10 ------
[2026-05-17 05:34:13] Using viirs_af_path: viirs_af_path
[2026-05-17 05:34:13] VIIRS Image Date: ['2023-10-10 00:00:00']
[2026-05-17 05:34:13] Weather image size: 1
[2026-05-17 05:34:13] Forecast duration: 2023-10-11 00:00:00 to 2023-10-12 00:00:00
[2026-05-17 05:34:15] Number of forecast images: 24
[2026-05-17 05:34:15] Using forecast run: 2023-10-10 18:00:00 UTC
[2026-05-17 05:34:15] Forecast Rain Available hours: [6, 7, 8, 9, 10, 11, 12, 13, 14, 15, 16, 17, 18, 19, 20, 21, 22, 23, 24, 25, 26, 27, 28, 29]
[2026-05-17 05:34:15] Valid hours for sum: [12, 18, 24, 29]
[2026-05-17 05:34:18] Drought composite end date: 2023-10-07 06:00:00
[2026-05-17 05:34:18] Land cover year: 2022
[2026-05-17 05:34:19] VIIRS Veg composite: 2023-09-22 → 2023-10-08
[2026-05-17 05:34:23] Started export task: fire_231_dynamic_2023-10-10
[2026-05-17 05:34:23] ------ Processing date=2023-10-11 ------
[2026-05-17 05:34:23] Using viirs_af_path: viirs_af_path
[2026-05-17 05:34:24] VIIRS Image Date: ['2023-10-11 00:00:00']
[2026-05-17 05:34:24] Weather image size: 1
[2026-05-17 05:34:24] Forecast duration: 2023-10-12 00:00:00 to 2023-10-13 00:00:00
[2026-05-17 05:34:25] Number of forecast images: 24
[2026-05-17 05:34:25] Using forecast run: 2023-10-11 18:00:00 UTC
[2026-05-17 05:34:26] Forecast Rain Available hours: [6, 7, 8, 9, 10, 11, 12, 13, 14, 15, 16, 17, 18, 19, 20, 21, 22, 23, 24, 25, 26, 27, 28, 29]
[2026-05-17 05:34:26] Valid hours for sum: [12, 18, 24, 29]
[2026-05-17 05:34:27] Drought composite end date: 2023-10-07 06:00:00
[2026-05-17 05:34:28] Land cover year: 2022
[2026-05-17 05:34:29] VIIRS Veg composite: 2023-09-22 → 2023-10-08
[2026-05-17 05:34:32] Started export task: fire_231_dynamic_2023-10-11
[2026-05-17 05:34:32] ------ Processing date=2023-10-12 ------
[2026-05-17 05:34:32] Using viirs_af_path: viirs_af_path
[2026-05-17 05:34:33] VIIRS Image Date: ['2023-10-12 00:00:00']
[2026-05-17 05:34:33] Weather image size: 1
[2026-05-17 05:34:33] Forecast duration: 2023-10-13 00:00:00 to 2023-10-14 00:00:00
[2026-05-17 05:34:34] Number of forecast images: 24
[2026-05-17 05:34:34] Using forecast run: 2023-10-12 18:00:00 UTC
[2026-05-17 05:34:35] Forecast Rain Available hours: [6, 7, 8, 9, 10, 11, 12, 13, 14, 15, 16, 17, 18, 19, 20, 21, 22, 23, 24, 25, 26, 27, 28, 29]
[2026-05-17 05:34:35] Valid hours for sum: [12, 18, 24, 29]
[2026-05-17 05:34:37] Drought composite end date: 2023-10-07 06:00:00
[2026-05-17 05:34:37] Land cover year: 2022
[2026-05-17 05:34:38] VIIRS Veg composite: 2023-09-22 → 2023-10-08
[2026-05-17 05:34:43] Started export task: fire_231_dynamic_2023-10-12
[2026-05-17 05:34:43] ------ Processing date=2023-10-13 ------
[2026-05-17 05:34:43] Using viirs_af_path: viirs_af_path
[2026-05-17 05:34:43] VIIRS Image Date: ['2023-10-13 00:00:00']
[2026-05-17 05:34:44] Weather image size: 1
[2026-05-17 05:34:44] Forecast duration: 2023-10-14 00:00:00 to 2023-10-15 00:00:00
[2026-05-17 05:34:44] Number of forecast images: 24
[2026-05-17 05:34:44] Using forecast run: 2023-10-13 18:00:00 UTC
[2026-05-17 05:34:45] Forecast Rain Available hours: [6, 7, 8, 9, 10, 11, 12, 13, 14, 15, 16, 17, 18, 19, 20, 21, 22, 23, 24, 25, 26, 27, 28, 29]
[2026-05-17 05:34:45] Valid hours for sum: [12, 18, 24, 29]
[2026-05-17 05:34:48] Drought composite end date: 2023-10-12 06:00:00
[2026-05-17 05:34:48] Land cover year: 2022
[2026-05-17 05:34:49] VIIRS Veg composite: 2023-09-22 → 2023-10-08
[2026-05-17 05:34:56] Started export task: fire_231_dynamic_2023-10-13
[2026-05-17 05:34:56] ------ Processing date=2023-10-14 ------
[2026-05-17 05:34:56] Using viirs_af_path: viirs_af_path
[2026-05-17 05:34:56] VIIRS Image Date: ['2023-10-14 00:00:00']
[2026-05-17 05:34:56] Weather image size: 1
[2026-05-17 05:34:56] Forecast duration: 2023-10-15 00:00:00 to 2023-10-16 00:00:00
[2026-05-17 05:34:57] Number of forecast images: 24
[2026-05-17 05:34:57] Using forecast run: 2023-10-14 18:00:00 UTC
[2026-05-17 05:34:58] Forecast Rain Available hours: [6, 7, 8, 9, 10, 11, 12, 13, 14, 15, 16, 17, 18, 19, 20, 21, 22, 23, 24, 25, 26, 27, 28, 29]
[2026-05-17 05:34:58] Valid hours for sum: [12, 18, 24, 29]
[2026-05-17 05:35:00] Drought composite end date: 2023-10-12 06:00:00
[2026-05-17 05:35:00] Land cover year: 2022
[2026-05-17 05:35:01] VIIRS Veg composite: 2023-09-22 → 2023-10-08
[2026-05-17 05:35:07] Started export task: fire_231_dynamic_2023-10-14
[2026-05-17 05:35:07] ------ Processing date=2023-10-15 ------
[2026-05-17 05:35:07] Using viirs_af_path: viirs_af_path
[2026-05-17 05:35:08] VIIRS Image Date: ['2023-10-15 00:00:00']
[2026-05-17 05:35:08] Weather image size: 1
[2026-05-17 05:35:08] Forecast duration: 2023-10-16 00:00:00 to 2023-10-17 00:00:00
[2026-05-17 05:35:09] Number of forecast images: 24
[2026-05-17 05:35:09] Using forecast run: 2023-10-15 18:00:00 UTC
[2026-05-17 05:35:09] Forecast Rain Available hours: [6, 7, 8, 9, 10, 11, 12, 13, 14, 15, 16, 17, 18, 19, 20, 21, 22, 23, 24, 25, 26, 27, 28, 29]
[2026-05-17 05:35:09] Valid hours for sum: [12, 18, 24, 29]
[2026-05-17 05:35:11] Drought composite end date: 2023-10-12 06:00:00
[2026-05-17 05:35:11] Land cover year: 2022
[2026-05-17 05:35:12] VIIRS Veg composite: 2023-09-22 → 2023-10-08
[2026-05-17 05:35:17] Started export task: fire_231_dynamic_2023-10-15
[2026-05-17 05:35:17] ------ Processing date=2023-10-16 ------
[2026-05-17 05:35:17] Using viirs_af_path: viirs_af_path
[2026-05-17 05:35:18] VIIRS Image Date: ['2023-10-16 00:00:00']
[2026-05-17 05:35:18] Weather image size: 1
[2026-05-17 05:35:18] Forecast duration: 2023-10-17 00:00:00 to 2023-10-18 00:00:00
[2026-05-17 05:35:19] Number of forecast images: 24
[2026-05-17 05:35:19] Using forecast run: 2023-10-16 18:00:00 UTC
[2026-05-17 05:35:19] Forecast Rain Available hours: [6, 7, 8, 9, 10, 11, 12, 13, 14, 15, 16, 17, 18, 19, 20, 21, 22, 23, 24, 25, 26, 27, 28, 29]
[2026-05-17 05:35:19] Valid hours for sum: [12, 18, 24, 29]
[2026-05-17 05:35:22] Drought composite end date: 2023-10-12 06:00:00
[2026-05-17 05:35:22] Land cover year: 2022
[2026-05-17 05:35:23] VIIRS Veg composite: 2023-09-22 → 2023-10-08
[2026-05-17 05:35:26] Started export task: fire_231_dynamic_2023-10-16
[2026-05-17 05:35:27] ------ Processing date=2023-10-17 ------
[2026-05-17 05:35:27] Using viirs_af_path: viirs_af_path
[2026-05-17 05:35:28] VIIRS Image Date: ['2023-10-17 00:00:00']
[2026-05-17 05:35:28] Weather image size: 1
[2026-05-17 05:35:28] Forecast duration: 2023-10-18 00:00:00 to 2023-10-19 00:00:00
[2026-05-17 05:35:29] Number of forecast images: 24
[2026-05-17 05:35:29] Using forecast run: 2023-10-17 18:00:00 UTC
[2026-05-17 05:35:29] Forecast Rain Available hours: [6, 7, 8, 9, 10, 11, 12, 13, 14, 15, 16, 17, 18, 19, 20, 21, 22, 23, 24, 25, 26, 27, 28, 29]
[2026-05-17 05:35:29] Valid hours for sum: [12, 18, 24, 29]
[2026-05-17 05:35:31] Drought composite end date: 2023-10-12 06:00:00
[2026-05-17 05:35:31] Land cover year: 2022
[2026-05-17 05:35:32] VIIRS Veg composite: 2023-09-22 → 2023-10-08
[2026-05-17 05:35:37] Started export task: fire_231_dynamic_2023-10-17
[2026-05-17 05:35:37] ------ Processing date=2023-10-18 ------
[2026-05-17 05:35:37] Using viirs_af_path: viirs_af_path
[2026-05-17 05:35:38] VIIRS Image Date: ['2023-10-18 00:00:00']
[2026-05-17 05:35:38] Weather image size: 1
[2026-05-17 05:35:38] Forecast duration: 2023-10-19 00:00:00 to 2023-10-20 00:00:00
[2026-05-17 05:35:39] Number of forecast images: 24
[2026-05-17 05:35:39] Using forecast run: 2023-10-18 18:00:00 UTC
[2026-05-17 05:35:39] Forecast Rain Available hours: [6, 7, 8, 9, 10, 11, 12, 13, 14, 15, 16, 17, 18, 19, 20, 21, 22, 23, 24, 25, 26, 27, 28, 29]
[2026-05-17 05:35:39] Valid hours for sum: [12, 18, 24, 29]
[2026-05-17 05:35:40] Drought composite end date: 2023-10-17 06:00:00
[2026-05-17 05:35:41] Land cover year: 2022
[2026-05-17 05:35:42] VIIRS Veg composite: 2023-09-22 → 2023-10-08
[2026-05-17 05:35:46] Started export task: fire_231_dynamic_2023-10-18
[2026-05-17 05:35:47] ------ Processing date=2023-10-19 ------
[2026-05-17 05:35:47] Using viirs_af_path: viirs_af_path
[2026-05-17 05:35:47] VIIRS Image Date: ['2023-10-19 00:00:00']
[2026-05-17 05:35:48] Weather image size: 1
[2026-05-17 05:35:48] Forecast duration: 2023-10-20 00:00:00 to 2023-10-21 00:00:00
[2026-05-17 05:35:49] Number of forecast images: 24
[2026-05-17 05:35:49] Using forecast run: 2023-10-19 18:00:00 UTC
[2026-05-17 05:35:49] Forecast Rain Available hours: [6, 7, 8, 9, 10, 11, 12, 13, 14, 15, 16, 17, 18, 19, 20, 21, 22, 23, 24, 25, 26, 27, 28, 29]
[2026-05-17 05:35:49] Valid hours for sum: [12, 18, 24, 29]
[2026-05-17 05:35:52] Drought composite end date: 2023-10-17 06:00:00
[2026-05-17 05:35:52] Land cover year: 2022
[2026-05-17 05:35:53] VIIRS Veg composite: 2023-09-22 → 2023-10-08
[2026-05-17 05:35:57] Started export task: fire_231_dynamic_2023-10-19
[2026-05-17 05:35:58] ------ Processing date=2023-10-20 ------
[2026-05-17 05:35:58] Using viirs_af_path: viirs_af_path
[2026-05-17 05:35:58] VIIRS Image Date: ['2023-10-20 00:00:00']
[2026-05-17 05:35:58] Weather image size: 1
[2026-05-17 05:35:58] Forecast duration: 2023-10-21 00:00:00 to 2023-10-22 00:00:00
[2026-05-17 05:35:59] Number of forecast images: 24
[2026-05-17 05:35:59] Using forecast run: 2023-10-20 18:00:00 UTC
[2026-05-17 05:35:59] Forecast Rain Available hours: [6, 7, 8, 9, 10, 11, 12, 13, 14, 15, 16, 17, 18, 19, 20, 21, 22, 23, 24, 25, 26, 27, 28, 29]
[2026-05-17 05:35:59] Valid hours for sum: [12, 18, 24, 29]
[2026-05-17 05:36:01] Drought composite end date: 2023-10-17 06:00:00
[2026-05-17 05:36:02] Land cover year: 2022
[2026-05-17 05:36:03] VIIRS Veg composite: 2023-09-22 → 2023-10-08
[2026-05-17 05:36:08] Started export task: fire_231_dynamic_2023-10-20
[2026-05-17 05:36:09] ------ Processing date=2023-10-21 ------
[2026-05-17 05:36:09] Using viirs_af_path: viirs_af_path
[2026-05-17 05:36:09] VIIRS Image Date: ['2023-10-21 00:00:00']
[2026-05-17 05:36:09] Weather image size: 1
[2026-05-17 05:36:09] Forecast duration: 2023-10-22 00:00:00 to 2023-10-23 00:00:00
[2026-05-17 05:36:10] Number of forecast images: 24
[2026-05-17 05:36:10] Using forecast run: 2023-10-21 18:00:00 UTC
[2026-05-17 05:36:10] Forecast Rain Available hours: [6, 7, 8, 9, 10, 11, 12, 13, 14, 15, 16, 17, 18, 19, 20, 21, 22, 23, 24, 25, 26, 27, 28, 29]
[2026-05-17 05:36:10] Valid hours for sum: [12, 18, 24, 29]
[2026-05-17 05:36:14] Drought composite end date: 2023-10-17 06:00:00
[2026-05-17 05:36:14] Land cover year: 2022
[2026-05-17 05:36:15] VIIRS Veg composite: 2023-09-22 → 2023-10-08
[2026-05-17 05:36:18] Started export task: fire_231_dynamic_2023-10-21
[2026-05-17 05:36:19] ------ Processing date=2023-10-22 ------
[2026-05-17 05:36:19] Using viirs_af_path: viirs_af_path
[2026-05-17 05:36:19] VIIRS Image Date: ['2023-10-22 00:00:00']
[2026-05-17 05:36:19] Weather image size: 1
[2026-05-17 05:36:19] Forecast duration: 2023-10-23 00:00:00 to 2023-10-24 00:00:00
[2026-05-17 05:36:20] Number of forecast images: 24
[2026-05-17 05:36:20] Using forecast run: 2023-10-22 18:00:00 UTC
[2026-05-17 05:36:21] Forecast Rain Available hours: [6, 7, 8, 9, 10, 11, 12, 13, 14, 15, 16, 17, 18, 19, 20, 21, 22, 23, 24, 25, 26, 27, 28, 29]
[2026-05-17 05:36:21] Valid hours for sum: [12, 18, 24, 29]
[2026-05-17 05:36:22] Drought composite end date: 2023-10-17 06:00:00
[2026-05-17 05:36:23] Land cover year: 2022
[2026-05-17 05:36:24] VIIRS Veg composite: 2023-09-22 → 2023-10-08
[2026-05-17 05:36:29] Started export task: fire_231_dynamic_2023-10-22
[2026-05-17 05:36:30] ------ Processing date=2023-10-23 ------
[2026-05-17 05:36:30] Using viirs_af_path: viirs_af_path
[2026-05-17 05:36:30] VIIRS Image Date: ['2023-10-23 00:00:00']
[2026-05-17 05:36:31] Weather image size: 1
[2026-05-17 05:36:31] Forecast duration: 2023-10-24 00:00:00 to 2023-10-25 00:00:00
[2026-05-17 05:36:31] Number of forecast images: 24
[2026-05-17 05:36:31] Using forecast run: 2023-10-23 18:00:00 UTC
[2026-05-17 05:36:32] Forecast Rain Available hours: [6, 7, 8, 9, 10, 11, 12, 13, 14, 15, 16, 17, 18, 19, 20, 21, 22, 23, 24, 25, 26, 27, 28, 29]
[2026-05-17 05:36:32] Valid hours for sum: [12, 18, 24, 29]
[2026-05-17 05:36:35] Drought composite end date: 2023-10-22 06:00:00
[2026-05-17 05:36:35] Land cover year: 2022
[2026-05-17 05:36:36] VIIRS Veg composite: 2023-09-22 → 2023-10-08
[2026-05-17 05:36:41] Started export task: fire_231_dynamic_2023-10-23
[2026-05-17 05:36:41] END: ----------Event fire_231----------- (Duration: 3.03m)
[2026-05-17 05:36:41] START: ----------Event fire_232-----------
[2026-05-17 05:36:42] ------ Processing date=2023-10-12 ------
[2026-05-17 05:36:42] Using viirs_af_path: viirs_af_path
[2026-05-17 05:36:42] VIIRS Image Date: ['2023-10-12 00:00:00']
[2026-05-17 05:36:42] Weather image size: 1
[2026-05-17 05:36:42] Forecast duration: 2023-10-13 00:00:00 to 2023-10-14 00:00:00
[2026-05-17 05:36:43] Number of forecast images: 24
[2026-05-17 05:36:43] Using forecast run: 2023-10-12 18:00:00 UTC
[2026-05-17 05:36:43] Forecast Rain Available hours: [6, 7, 8, 9, 10, 11, 12, 13, 14, 15, 16, 17, 18, 19, 20, 21, 22, 23, 24, 25, 26, 27, 28, 29]
[2026-05-17 05:36:43] Valid hours for sum: [12, 18, 24, 29]
[2026-05-17 05:36:45] Drought composite end date: 2023-10-07 06:00:00
[2026-05-17 05:36:45] Land cover year: 2022
[2026-05-17 05:36:46] VIIRS Veg composite: 2023-09-30 → 2023-10-16
[2026-05-17 05:36:51] Started export task: fire_232_static
[2026-05-17 05:36:51] Started export task: fire_232_dynamic_2023-10-12
[2026-05-17 05:36:52] ------ Processing date=2023-10-13 ------
[2026-05-17 05:36:52] Using viirs_af_path: viirs_af_path
[2026-05-17 05:36:52] VIIRS Image Date: ['2023-10-13 00:00:00']
[2026-05-17 05:36:52] Weather image size: 1
[2026-05-17 05:36:52] Forecast duration: 2023-10-14 00:00:00 to 2023-10-15 00:00:00
[2026-05-17 05:36:53] Number of forecast images: 24
[2026-05-17 05:36:53] Using forecast run: 2023-10-13 18:00:00 UTC
[2026-05-17 05:36:53] Forecast Rain Available hours: [6, 7, 8, 9, 10, 11, 12, 13, 14, 15, 16, 17, 18, 19, 20, 21, 22, 23, 24, 25, 26, 27, 28, 29]
[2026-05-17 05:36:53] Valid hours for sum: [12, 18, 24, 29]
[2026-05-17 05:36:55] Drought composite end date: 2023-10-12 06:00:00
[2026-05-17 05:36:55] Land cover year: 2022
[2026-05-17 05:36:56] VIIRS Veg composite: 2023-09-30 → 2023-10-16
[2026-05-17 05:37:00] Started export task: fire_232_dynamic_2023-10-13
[2026-05-17 05:37:00] ------ Processing date=2023-10-14 ------
[2026-05-17 05:37:00] Using viirs_af_path: viirs_af_path
[2026-05-17 05:37:00] VIIRS Image Date: ['2023-10-14 00:00:00']
[2026-05-17 05:37:01] Weather image size: 1
[2026-05-17 05:37:01] Forecast duration: 2023-10-15 00:00:00 to 2023-10-16 00:00:00
[2026-05-17 05:37:02] Number of forecast images: 24
[2026-05-17 05:37:02] Using forecast run: 2023-10-14 18:00:00 UTC
[2026-05-17 05:37:02] Forecast Rain Available hours: [6, 7, 8, 9, 10, 11, 12, 13, 14, 15, 16, 17, 18, 19, 20, 21, 22, 23, 24, 25, 26, 27, 28, 29]
[2026-05-17 05:37:02] Valid hours for sum: [12, 18, 24, 29]
[2026-05-17 05:37:04] Drought composite end date: 2023-10-12 06:00:00
[2026-05-17 05:37:04] Land cover year: 2022
[2026-05-17 05:37:06] VIIRS Veg composite: 2023-09-30 → 2023-10-16
[2026-05-17 05:37:11] Started export task: fire_232_dynamic_2023-10-14
[2026-05-17 05:37:11] ------ Processing date=2023-10-15 ------
[2026-05-17 05:37:11] Using viirs_af_path: viirs_af_path
[2026-05-17 05:37:12] VIIRS Image Date: ['2023-10-15 00:00:00']
[2026-05-17 05:37:12] Weather image size: 1
[2026-05-17 05:37:12] Forecast duration: 2023-10-16 00:00:00 to 2023-10-17 00:00:00
[2026-05-17 05:37:13] Number of forecast images: 24
[2026-05-17 05:37:13] Using forecast run: 2023-10-15 18:00:00 UTC
[2026-05-17 05:37:13] Forecast Rain Available hours: [6, 7, 8, 9, 10, 11, 12, 13, 14, 15, 16, 17, 18, 19, 20, 21, 22, 23, 24, 25, 26, 27, 28, 29]
[2026-05-17 05:37:13] Valid hours for sum: [12, 18, 24, 29]
[2026-05-17 05:37:15] Drought composite end date: 2023-10-12 06:00:00
[2026-05-17 05:37:15] Land cover year: 2022
[2026-05-17 05:37:16] VIIRS Veg composite: 2023-09-30 → 2023-10-16
[2026-05-17 05:37:20] Started export task: fire_232_dynamic_2023-10-15
[2026-05-17 05:37:21] ------ Processing date=2023-10-16 ------
[2026-05-17 05:37:21] Using viirs_af_path: viirs_af_path
[2026-05-17 05:37:21] VIIRS Image Date: ['2023-10-16 00:00:00']
[2026-05-17 05:37:21] Weather image size: 1
[2026-05-17 05:37:21] Forecast duration: 2023-10-17 00:00:00 to 2023-10-18 00:00:00
[2026-05-17 05:37:22] Number of forecast images: 24
[2026-05-17 05:37:22] Using forecast run: 2023-10-16 18:00:00 UTC
[2026-05-17 05:37:22] Forecast Rain Available hours: [6, 7, 8, 9, 10, 11, 12, 13, 14, 15, 16, 17, 18, 19, 20, 21, 22, 23, 24, 25, 26, 27, 28, 29]
[2026-05-17 05:37:22] Valid hours for sum: [12, 18, 24, 29]
[2026-05-17 05:37:25] Drought composite end date: 2023-10-12 06:00:00
[2026-05-17 05:37:26] Land cover year: 2022
[2026-05-17 05:37:27] VIIRS Veg composite: 2023-09-30 → 2023-10-16
[2026-05-17 05:37:31] Started export task: fire_232_dynamic_2023-10-16
[2026-05-17 05:37:32] ------ Processing date=2023-10-17 ------
[2026-05-17 05:37:32] Using viirs_af_path: viirs_af_path
[2026-05-17 05:37:32] VIIRS Image Date: ['2023-10-17 00:00:00']
[2026-05-17 05:37:32] Weather image size: 1
[2026-05-17 05:37:32] Forecast duration: 2023-10-18 00:00:00 to 2023-10-19 00:00:00
[2026-05-17 05:37:33] Number of forecast images: 24
[2026-05-17 05:37:33] Using forecast run: 2023-10-17 18:00:00 UTC
[2026-05-17 05:37:34] Forecast Rain Available hours: [6, 7, 8, 9, 10, 11, 12, 13, 14, 15, 16, 17, 18, 19, 20, 21, 22, 23, 24, 25, 26, 27, 28, 29]
[2026-05-17 05:37:34] Valid hours for sum: [12, 18, 24, 29]
[2026-05-17 05:37:36] Drought composite end date: 2023-10-12 06:00:00
[2026-05-17 05:37:36] Land cover year: 2022
[2026-05-17 05:37:40] VIIRS Veg composite: 2023-09-30 → 2023-10-16
[2026-05-17 05:37:46] Started export task: fire_232_dynamic_2023-10-17
[2026-05-17 05:37:46] ------ Processing date=2023-10-18 ------
[2026-05-17 05:37:46] Using viirs_af_path: viirs_af_path
[2026-05-17 05:37:47] VIIRS Image Date: ['2023-10-18 00:00:00']
[2026-05-17 05:37:47] Weather image size: 1
[2026-05-17 05:37:47] Forecast duration: 2023-10-19 00:00:00 to 2023-10-20 00:00:00
[2026-05-17 05:37:48] Number of forecast images: 24
[2026-05-17 05:37:48] Using forecast run: 2023-10-18 18:00:00 UTC
[2026-05-17 05:37:49] Forecast Rain Available hours: [6, 7, 8, 9, 10, 11, 12, 13, 14, 15, 16, 17, 18, 19, 20, 21, 22, 23, 24, 25, 26, 27, 28, 29]
[2026-05-17 05:37:49] Valid hours for sum: [12, 18, 24, 29]
[2026-05-17 05:37:51] Drought composite end date: 2023-10-17 06:00:00
[2026-05-17 05:37:51] Land cover year: 2022
[2026-05-17 05:37:53] VIIRS Veg composite: 2023-09-30 → 2023-10-16
[2026-05-17 05:37:57] Started export task: fire_232_dynamic_2023-10-18
[2026-05-17 05:37:57] ------ Processing date=2023-10-19 ------
[2026-05-17 05:37:57] Using viirs_af_path: viirs_af_path
[2026-05-17 05:37:57] VIIRS Image Date: ['2023-10-19 00:00:00']
[2026-05-17 05:37:57] Weather image size: 1
[2026-05-17 05:37:57] Forecast duration: 2023-10-20 00:00:00 to 2023-10-21 00:00:00
[2026-05-17 05:37:59] Number of forecast images: 24
[2026-05-17 05:37:59] Using forecast run: 2023-10-19 18:00:00 UTC
[2026-05-17 05:37:59] Forecast Rain Available hours: [6, 7, 8, 9, 10, 11, 12, 13, 14, 15, 16, 17, 18, 19, 20, 21, 22, 23, 24, 25, 26, 27, 28, 29]
[2026-05-17 05:37:59] Valid hours for sum: [12, 18, 24, 29]
[2026-05-17 05:38:03] Drought composite end date: 2023-10-17 06:00:00
[2026-05-17 05:38:03] Land cover year: 2022
[2026-05-17 05:38:04] VIIRS Veg composite: 2023-09-30 → 2023-10-16
[2026-05-17 05:38:09] Started export task: fire_232_dynamic_2023-10-19
[2026-05-17 05:38:09] ------ Processing date=2023-10-20 ------
[2026-05-17 05:38:09] Using viirs_af_path: viirs_af_path
[2026-05-17 05:38:09] VIIRS Image Date: ['2023-10-20 00:00:00']
[2026-05-17 05:38:10] Weather image size: 1
[2026-05-17 05:38:10] Forecast duration: 2023-10-21 00:00:00 to 2023-10-22 00:00:00
[2026-05-17 05:38:11] Number of forecast images: 24
[2026-05-17 05:38:11] Using forecast run: 2023-10-20 18:00:00 UTC
[2026-05-17 05:38:13] Forecast Rain Available hours: [6, 7, 8, 9, 10, 11, 12, 13, 14, 15, 16, 17, 18, 19, 20, 21, 22, 23, 24, 25, 26, 27, 28, 29]
[2026-05-17 05:38:13] Valid hours for sum: [12, 18, 24, 29]
[2026-05-17 05:38:15] Drought composite end date: 2023-10-17 06:00:00
[2026-05-17 05:38:15] Land cover year: 2022
[2026-05-17 05:38:16] VIIRS Veg composite: 2023-09-30 → 2023-10-16
[2026-05-17 05:38:21] Started export task: fire_232_dynamic_2023-10-20
[2026-05-17 05:38:23] ------ Processing date=2023-10-21 ------
[2026-05-17 05:38:23] Using viirs_af_path: viirs_af_path
[2026-05-17 05:38:23] VIIRS Image Date: ['2023-10-21 00:00:00']
[2026-05-17 05:38:23] Weather image size: 1
[2026-05-17 05:38:23] Forecast duration: 2023-10-22 00:00:00 to 2023-10-23 00:00:00
[2026-05-17 05:38:24] Number of forecast images: 24
[2026-05-17 05:38:24] Using forecast run: 2023-10-21 18:00:00 UTC
[2026-05-17 05:38:25] Forecast Rain Available hours: [6, 7, 8, 9, 10, 11, 12, 13, 14, 15, 16, 17, 18, 19, 20, 21, 22, 23, 24, 25, 26, 27, 28, 29]
[2026-05-17 05:38:25] Valid hours for sum: [12, 18, 24, 29]
[2026-05-17 05:38:27] Drought composite end date: 2023-10-17 06:00:00
[2026-05-17 05:38:27] Land cover year: 2022
[2026-05-17 05:38:28] VIIRS Veg composite: 2023-09-30 → 2023-10-16
[2026-05-17 05:38:32] Started export task: fire_232_dynamic_2023-10-21
[2026-05-17 05:38:33] ------ Processing date=2023-10-22 ------
[2026-05-17 05:38:33] Using viirs_af_path: viirs_af_path
[2026-05-17 05:38:33] VIIRS Image Date: ['2023-10-22 00:00:00']
[2026-05-17 05:38:34] Weather image size: 1
[2026-05-17 05:38:34] Forecast duration: 2023-10-23 00:00:00 to 2023-10-24 00:00:00
[2026-05-17 05:38:35] Number of forecast images: 24
[2026-05-17 05:38:35] Using forecast run: 2023-10-22 18:00:00 UTC
[2026-05-17 05:38:35] Forecast Rain Available hours: [6, 7, 8, 9, 10, 11, 12, 13, 14, 15, 16, 17, 18, 19, 20, 21, 22, 23, 24, 25, 26, 27, 28, 29]
[2026-05-17 05:38:35] Valid hours for sum: [12, 18, 24, 29]
[2026-05-17 05:38:38] Drought composite end date: 2023-10-17 06:00:00
[2026-05-17 05:38:39] Land cover year: 2022
[2026-05-17 05:38:40] VIIRS Veg composite: 2023-09-30 → 2023-10-16
[2026-05-17 05:38:45] Started export task: fire_232_dynamic_2023-10-22
[2026-05-17 05:38:46] ------ Processing date=2023-10-23 ------
[2026-05-17 05:38:46] Using viirs_af_path: viirs_af_path
[2026-05-17 05:38:46] VIIRS Image Date: ['2023-10-23 00:00:00']
[2026-05-17 05:38:46] Weather image size: 1
[2026-05-17 05:38:46] Forecast duration: 2023-10-24 00:00:00 to 2023-10-25 00:00:00
[2026-05-17 05:38:47] Number of forecast images: 24
[2026-05-17 05:38:47] Using forecast run: 2023-10-23 18:00:00 UTC
[2026-05-17 05:38:48] Forecast Rain Available hours: [6, 7, 8, 9, 10, 11, 12, 13, 14, 15, 16, 17, 18, 19, 20, 21, 22, 23, 24, 25, 26, 27, 28, 29]
[2026-05-17 05:38:48] Valid hours for sum: [12, 18, 24, 29]
[2026-05-17 05:38:50] Drought composite end date: 2023-10-22 06:00:00
[2026-05-17 05:38:50] Land cover year: 2022
[2026-05-17 05:38:51] VIIRS Veg composite: 2023-09-30 → 2023-10-16
[2026-05-17 05:38:54] Started export task: fire_232_dynamic_2023-10-23
[2026-05-17 05:38:55] ------ Processing date=2023-10-24 ------
[2026-05-17 05:38:55] Using viirs_af_path: viirs_af_path
[2026-05-17 05:38:55] VIIRS Image Date: ['2023-10-24 00:00:00']
[2026-05-17 05:38:55] Weather image size: 1
[2026-05-17 05:38:55] Forecast duration: 2023-10-25 00:00:00 to 2023-10-26 00:00:00
[2026-05-17 05:38:56] Number of forecast images: 24
[2026-05-17 05:38:56] Using forecast run: 2023-10-24 18:00:00 UTC
[2026-05-17 05:38:56] Forecast Rain Available hours: [6, 7, 8, 9, 10, 11, 12, 13, 14, 15, 16, 17, 18, 19, 20, 21, 22, 23, 24, 25, 26, 27, 28, 29]
[2026-05-17 05:38:56] Valid hours for sum: [12, 18, 24, 29]
[2026-05-17 05:39:00] Drought composite end date: 2023-10-22 06:00:00
[2026-05-17 05:39:01] Land cover year: 2022
[2026-05-17 05:39:03] VIIRS Veg composite: 2023-09-30 → 2023-10-16
[2026-05-17 05:39:09] Started export task: fire_232_dynamic_2023-10-24
[2026-05-17 05:39:10] ------ Processing date=2023-10-25 ------
[2026-05-17 05:39:10] Using viirs_af_path: viirs_af_path
[2026-05-17 05:39:11] VIIRS Image Date: ['2023-10-25 00:00:00']
[2026-05-17 05:39:12] Weather image size: 1
[2026-05-17 05:39:12] Forecast duration: 2023-10-26 00:00:00 to 2023-10-27 00:00:00
[2026-05-17 05:39:14] Number of forecast images: 24
[2026-05-17 05:39:14] Using forecast run: 2023-10-25 18:00:00 UTC
[2026-05-17 05:39:15] Forecast Rain Available hours: [6, 7, 8, 9, 10, 11, 12, 13, 14, 15, 16, 17, 18, 19, 20, 21, 22, 23, 24, 25, 26, 27, 28, 29]
[2026-05-17 05:39:15] Valid hours for sum: [12, 18, 24, 29]
[2026-05-17 05:39:19] Drought composite end date: 2023-10-22 06:00:00
[2026-05-17 05:39:20] Land cover year: 2022
[2026-05-17 05:39:22] VIIRS Veg composite: 2023-09-30 → 2023-10-16
[2026-05-17 05:39:29] Started export task: fire_232_dynamic_2023-10-25
[2026-05-17 05:39:30] ------ Processing date=2023-10-26 ------
[2026-05-17 05:39:30] Using viirs_af_path: viirs_af_path
[2026-05-17 05:39:31] VIIRS Image Date: ['2023-10-26 00:00:00']
[2026-05-17 05:39:31] Weather image size: 1
[2026-05-17 05:39:31] Forecast duration: 2023-10-27 00:00:00 to 2023-10-28 00:00:00
[2026-05-17 05:39:34] Number of forecast images: 24
[2026-05-17 05:39:34] Using forecast run: 2023-10-26 18:00:00 UTC
[2026-05-17 05:39:34] Forecast Rain Available hours: [6, 7, 8, 9, 10, 11, 12, 13, 14, 15, 16, 17, 18, 19, 20, 21, 22, 23, 24, 25, 26, 27, 28, 29]
[2026-05-17 05:39:34] Valid hours for sum: [12, 18, 24, 29]
[2026-05-17 05:39:37] Drought composite end date: 2023-10-22 06:00:00
[2026-05-17 05:39:37] Land cover year: 2022
[2026-05-17 05:39:40] VIIRS Veg composite: 2023-09-30 → 2023-10-16
[2026-05-17 05:39:46] Started export task: fire_232_dynamic_2023-10-26
[2026-05-17 05:39:47] ------ Processing date=2023-10-27 ------
[2026-05-17 05:39:47] Using viirs_af_path: viirs_af_path
[2026-05-17 05:39:48] VIIRS Image Date: ['2023-10-27 00:00:00']
[2026-05-17 05:39:49] Weather image size: 1
[2026-05-17 05:39:49] Forecast duration: 2023-10-28 00:00:00 to 2023-10-29 00:00:00
[2026-05-17 05:39:50] Number of forecast images: 24
[2026-05-17 05:39:50] Using forecast run: 2023-10-27 18:00:00 UTC
[2026-05-17 05:39:51] Forecast Rain Available hours: [6, 7, 8, 9, 10, 11, 12, 13, 14, 15, 16, 17, 18, 19, 20, 21, 22, 23, 24, 25, 26, 27, 28, 29]
[2026-05-17 05:39:51] Valid hours for sum: [12, 18, 24, 29]
[2026-05-17 05:39:55] Drought composite end date: 2023-10-22 06:00:00
[2026-05-17 05:39:55] Land cover year: 2022
[2026-05-17 05:39:58] VIIRS Veg composite: 2023-09-30 → 2023-10-16
[2026-05-17 05:40:04] Started export task: fire_232_dynamic_2023-10-27
[2026-05-17 05:40:06] ------ Processing date=2023-10-28 ------
[2026-05-17 05:40:06] Using viirs_af_path: viirs_af_path
[2026-05-17 05:40:06] VIIRS Image Date: ['2023-10-28 00:00:00']
[2026-05-17 05:40:07] Weather image size: 1
[2026-05-17 05:40:07] Forecast duration: 2023-10-29 00:00:00 to 2023-10-30 00:00:00
[2026-05-17 05:40:09] Number of forecast images: 24
[2026-05-17 05:40:09] Using forecast run: 2023-10-28 18:00:00 UTC
[2026-05-17 05:40:10] Forecast Rain Available hours: [6, 7, 8, 9, 10, 11, 12, 13, 14, 15, 16, 17, 18, 19, 20, 21, 22, 23, 24, 25, 26, 27, 28, 29]
[2026-05-17 05:40:10] Valid hours for sum: [12, 18, 24, 29]
[2026-05-17 05:40:12] Drought composite end date: 2023-10-27 06:00:00
[2026-05-17 05:40:12] Land cover year: 2022
[2026-05-17 05:40:15] VIIRS Veg composite: 2023-09-30 → 2023-10-16
[2026-05-17 05:40:20] Started export task: fire_232_dynamic_2023-10-28
[2026-05-17 05:40:21] ------ Processing date=2023-10-29 ------
[2026-05-17 05:40:21] Using viirs_af_path: viirs_af_path
[2026-05-17 05:40:21] VIIRS Image Date: ['2023-10-29 00:00:00']
[2026-05-17 05:40:22] Weather image size: 1
[2026-05-17 05:40:22] Forecast duration: 2023-10-30 00:00:00 to 2023-10-31 00:00:00
[2026-05-17 05:40:24] Number of forecast images: 24
[2026-05-17 05:40:24] Using forecast run: 2023-10-29 18:00:00 UTC
[2026-05-17 05:40:25] Forecast Rain Available hours: [6, 7, 8, 9, 10, 11, 12, 13, 14, 15, 16, 17, 18, 19, 20, 21, 22, 23, 24, 25, 26, 27, 28, 29]
[2026-05-17 05:40:25] Valid hours for sum: [12, 18, 24, 29]
[2026-05-17 05:40:29] Drought composite end date: 2023-10-27 06:00:00
[2026-05-17 05:40:30] Land cover year: 2022
[2026-05-17 05:40:33] VIIRS Veg composite: 2023-09-30 → 2023-10-16
[2026-05-17 05:40:39] Started export task: fire_232_dynamic_2023-10-29
[2026-05-17 05:40:42] END: ----------Event fire_232----------- (Duration: 4.02m)
[2026-05-17 05:40:42] START: ----------Event fire_239-----------
[2026-05-17 05:40:44] ------ Processing date=2023-10-18 ------
[2026-05-17 05:40:44] Using viirs_af_path: viirs_af_path
[2026-05-17 05:40:46] VIIRS Image Date: ['2023-10-18 00:00:00']
[2026-05-17 05:40:47] Weather image size: 1
[2026-05-17 05:40:47] Forecast duration: 2023-10-19 00:00:00 to 2023-10-20 00:00:00
[2026-05-17 05:40:49] Number of forecast images: 24
[2026-05-17 05:40:49] Using forecast run: 2023-10-18 18:00:00 UTC
[2026-05-17 05:40:50] Forecast Rain Available hours: [6, 7, 8, 9, 10, 11, 12, 13, 14, 15, 16, 17, 18, 19, 20, 21, 22, 23, 24, 25, 26, 27, 28, 29]
[2026-05-17 05:40:50] Valid hours for sum: [12, 18, 24, 29]
[2026-05-17 05:40:52] Drought composite end date: 2023-10-17 06:00:00
[2026-05-17 05:40:53] Land cover year: 2022
[2026-05-17 05:40:55] VIIRS Veg composite: 2023-10-08 → 2023-10-24
[2026-05-17 05:41:00] Started export task: fire_239_static
[2026-05-17 05:41:01] Started export task: fire_239_dynamic_2023-10-18
[2026-05-17 05:41:02] ------ Processing date=2023-10-19 ------
[2026-05-17 05:41:02] Using viirs_af_path: viirs_af_path
[2026-05-17 05:41:03] VIIRS Image Date: ['2023-10-19 00:00:00']
[2026-05-17 05:41:03] Weather image size: 1
[2026-05-17 05:41:03] Forecast duration: 2023-10-20 00:00:00 to 2023-10-21 00:00:00
[2026-05-17 05:41:05] Number of forecast images: 24
[2026-05-17 05:41:05] Using forecast run: 2023-10-19 18:00:00 UTC
[2026-05-17 05:41:06] Forecast Rain Available hours: [6, 7, 8, 9, 10, 11, 12, 13, 14, 15, 16, 17, 18, 19, 20, 21, 22, 23, 24, 25, 26, 27, 28, 29]
[2026-05-17 05:41:06] Valid hours for sum: [12, 18, 24, 29]
[2026-05-17 05:41:09] Drought composite end date: 2023-10-17 06:00:00
[2026-05-17 05:41:09] Land cover year: 2022
[2026-05-17 05:41:10] VIIRS Veg composite: 2023-10-08 → 2023-10-24
[2026-05-17 05:41:16] Started export task: fire_239_dynamic_2023-10-19
[2026-05-17 05:41:16] ------ Processing date=2023-10-20 ------
[2026-05-17 05:41:16] Using viirs_af_path: viirs_af_path
[2026-05-17 05:41:17] VIIRS Image Date: ['2023-10-20 00:00:00']
[2026-05-17 05:41:18] Weather image size: 1
[2026-05-17 05:41:18] Forecast duration: 2023-10-21 00:00:00 to 2023-10-22 00:00:00
[2026-05-17 05:41:20] Number of forecast images: 24
[2026-05-17 05:41:20] Using forecast run: 2023-10-20 18:00:00 UTC
[2026-05-17 05:41:20] Forecast Rain Available hours: [6, 7, 8, 9, 10, 11, 12, 13, 14, 15, 16, 17, 18, 19, 20, 21, 22, 23, 24, 25, 26, 27, 28, 29]
[2026-05-17 05:41:20] Valid hours for sum: [12, 18, 24, 29]
[2026-05-17 05:41:23] Drought composite end date: 2023-10-17 06:00:00
[2026-05-17 05:41:23] Land cover year: 2022
[2026-05-17 05:41:25] VIIRS Veg composite: 2023-10-08 → 2023-10-24
[2026-05-17 05:41:31] Started export task: fire_239_dynamic_2023-10-20
[2026-05-17 05:41:32] ------ Processing date=2023-10-21 ------
[2026-05-17 05:41:32] Using viirs_af_path: viirs_af_path
[2026-05-17 05:41:34] VIIRS Image Date: ['2023-10-21 00:00:00']
[2026-05-17 05:41:35] Weather image size: 1
[2026-05-17 05:41:35] Forecast duration: 2023-10-22 00:00:00 to 2023-10-23 00:00:00
[2026-05-17 05:41:37] Number of forecast images: 24
[2026-05-17 05:41:37] Using forecast run: 2023-10-21 18:00:00 UTC
[2026-05-17 05:41:38] Forecast Rain Available hours: [6, 7, 8, 9, 10, 11, 12, 13, 14, 15, 16, 17, 18, 19, 20, 21, 22, 23, 24, 25, 26, 27, 28, 29]
[2026-05-17 05:41:38] Valid hours for sum: [12, 18, 24, 29]
[2026-05-17 05:41:42] Drought composite end date: 2023-10-17 06:00:00
[2026-05-17 05:41:43] Land cover year: 2022
[2026-05-17 05:41:44] VIIRS Veg composite: 2023-10-08 → 2023-10-24
[2026-05-17 05:41:49] Started export task: fire_239_dynamic_2023-10-21
[2026-05-17 05:41:50] ------ Processing date=2023-10-22 ------
[2026-05-17 05:41:50] Using viirs_af_path: viirs_af_path
[2026-05-17 05:41:51] VIIRS Image Date: ['2023-10-22 00:00:00']
[2026-05-17 05:41:52] Weather image size: 1
[2026-05-17 05:41:52] Forecast duration: 2023-10-23 00:00:00 to 2023-10-24 00:00:00
[2026-05-17 05:41:53] Number of forecast images: 24
[2026-05-17 05:41:53] Using forecast run: 2023-10-22 18:00:00 UTC
[2026-05-17 05:41:54] Forecast Rain Available hours: [6, 7, 8, 9, 10, 11, 12, 13, 14, 15, 16, 17, 18, 19, 20, 21, 22, 23, 24, 25, 26, 27, 28, 29]
[2026-05-17 05:41:54] Valid hours for sum: [12, 18, 24, 29]
[2026-05-17 05:41:57] Drought composite end date: 2023-10-17 06:00:00
[2026-05-17 05:41:57] Land cover year: 2022
[2026-05-17 05:41:59] VIIRS Veg composite: 2023-10-08 → 2023-10-24
[2026-05-17 05:42:03] Started export task: fire_239_dynamic_2023-10-22
[2026-05-17 05:42:04] ------ Processing date=2023-10-23 ------
[2026-05-17 05:42:04] Using viirs_af_path: viirs_af_path
[2026-05-17 05:42:05] VIIRS Image Date: ['2023-10-23 00:00:00']
[2026-05-17 05:42:05] Weather image size: 1
[2026-05-17 05:42:05] Forecast duration: 2023-10-24 00:00:00 to 2023-10-25 00:00:00
[2026-05-17 05:42:08] Number of forecast images: 24
[2026-05-17 05:42:08] Using forecast run: 2023-10-23 18:00:00 UTC
[2026-05-17 05:42:09] Forecast Rain Available hours: [6, 7, 8, 9, 10, 11, 12, 13, 14, 15, 16, 17, 18, 19, 20, 21, 22, 23, 24, 25, 26, 27, 28, 29]
[2026-05-17 05:42:09] Valid hours for sum: [12, 18, 24, 29]
[2026-05-17 05:42:12] Drought composite end date: 2023-10-22 06:00:00
[2026-05-17 05:42:14] Land cover year: 2022
[2026-05-17 05:42:17] VIIRS Veg composite: 2023-10-08 → 2023-10-24
[2026-05-17 05:42:22] Started export task: fire_239_dynamic_2023-10-23
[2026-05-17 05:42:23] ------ Processing date=2023-10-24 ------
[2026-05-17 05:42:23] Using viirs_af_path: viirs_af_path
[2026-05-17 05:42:24] VIIRS Image Date: ['2023-10-24 00:00:00']
[2026-05-17 05:42:24] Weather image size: 1
[2026-05-17 05:42:24] Forecast duration: 2023-10-25 00:00:00 to 2023-10-26 00:00:00
[2026-05-17 05:42:26] Number of forecast images: 24
[2026-05-17 05:42:26] Using forecast run: 2023-10-24 18:00:00 UTC
[2026-05-17 05:42:26] Forecast Rain Available hours: [6, 7, 8, 9, 10, 11, 12, 13, 14, 15, 16, 17, 18, 19, 20, 21, 22, 23, 24, 25, 26, 27, 28, 29]
[2026-05-17 05:42:26] Valid hours for sum: [12, 18, 24, 29]
[2026-05-17 05:42:29] Drought composite end date: 2023-10-22 06:00:00
[2026-05-17 05:42:29] Land cover year: 2022
[2026-05-17 05:42:32] VIIRS Veg composite: 2023-10-08 → 2023-10-24
[2026-05-17 05:42:39] Started export task: fire_239_dynamic_2023-10-24
[2026-05-17 05:42:39] ------ Processing date=2023-10-25 ------
[2026-05-17 05:42:39] Using viirs_af_path: viirs_af_path
[2026-05-17 05:42:41] VIIRS Image Date: ['2023-10-25 00:00:00']
[2026-05-17 05:42:42] Weather image size: 1
[2026-05-17 05:42:42] Forecast duration: 2023-10-26 00:00:00 to 2023-10-27 00:00:00
[2026-05-17 05:42:44] Number of forecast images: 24
[2026-05-17 05:42:44] Using forecast run: 2023-10-25 18:00:00 UTC
[2026-05-17 05:42:45] Forecast Rain Available hours: [6, 7, 8, 9, 10, 11, 12, 13, 14, 15, 16, 17, 18, 19, 20, 21, 22, 23, 24, 25, 26, 27, 28, 29]
[2026-05-17 05:42:45] Valid hours for sum: [12, 18, 24, 29]
[2026-05-17 05:42:49] Drought composite end date: 2023-10-22 06:00:00
[2026-05-17 05:42:50] Land cover year: 2022
[2026-05-17 05:42:52] VIIRS Veg composite: 2023-10-08 → 2023-10-24
[2026-05-17 05:42:58] Started export task: fire_239_dynamic_2023-10-25
[2026-05-17 05:42:58] ------ Processing date=2023-10-26 ------
[2026-05-17 05:42:58] Using viirs_af_path: viirs_af_path
[2026-05-17 05:42:59] VIIRS Image Date: ['2023-10-26 00:00:00']
[2026-05-17 05:43:00] Weather image size: 1
[2026-05-17 05:43:00] Forecast duration: 2023-10-27 00:00:00 to 2023-10-28 00:00:00
[2026-05-17 05:43:01] Number of forecast images: 24
[2026-05-17 05:43:01] Using forecast run: 2023-10-26 18:00:00 UTC
[2026-05-17 05:43:02] Forecast Rain Available hours: [6, 7, 8, 9, 10, 11, 12, 13, 14, 15, 16, 17, 18, 19, 20, 21, 22, 23, 24, 25, 26, 27, 28, 29]
[2026-05-17 05:43:02] Valid hours for sum: [12, 18, 24, 29]
[2026-05-17 05:43:05] Drought composite end date: 2023-10-22 06:00:00
[2026-05-17 05:43:05] Land cover year: 2022
[2026-05-17 05:43:08] VIIRS Veg composite: 2023-10-08 → 2023-10-24
[2026-05-17 05:43:14] Started export task: fire_239_dynamic_2023-10-26
[2026-05-17 05:43:15] ------ Processing date=2023-10-27 ------
[2026-05-17 05:43:15] Using viirs_af_path: viirs_af_path
[2026-05-17 05:43:16] VIIRS Image Date: ['2023-10-27 00:00:00']
[2026-05-17 05:43:16] Weather image size: 1
[2026-05-17 05:43:16] Forecast duration: 2023-10-28 00:00:00 to 2023-10-29 00:00:00
[2026-05-17 05:43:19] Number of forecast images: 24
[2026-05-17 05:43:19] Using forecast run: 2023-10-27 18:00:00 UTC
[2026-05-17 05:43:20] Forecast Rain Available hours: [6, 7, 8, 9, 10, 11, 12, 13, 14, 15, 16, 17, 18, 19, 20, 21, 22, 23, 24, 25, 26, 27, 28, 29]
[2026-05-17 05:43:20] Valid hours for sum: [12, 18, 24, 29]
[2026-05-17 05:43:23] Drought composite end date: 2023-10-22 06:00:00
[2026-05-17 05:43:24] Land cover year: 2022
[2026-05-17 05:43:26] VIIRS Veg composite: 2023-10-08 → 2023-10-24
[2026-05-17 05:43:30] Started export task: fire_239_dynamic_2023-10-27
[2026-05-17 05:43:31] ------ Processing date=2023-10-28 ------
[2026-05-17 05:43:31] Using viirs_af_path: viirs_af_path
[2026-05-17 05:43:32] VIIRS Image Date: ['2023-10-28 00:00:00']
[2026-05-17 05:43:33] Weather image size: 1
[2026-05-17 05:43:33] Forecast duration: 2023-10-29 00:00:00 to 2023-10-30 00:00:00
[2026-05-17 05:43:35] Number of forecast images: 24
[2026-05-17 05:43:35] Using forecast run: 2023-10-28 18:00:00 UTC
[2026-05-17 05:43:37] Forecast Rain Available hours: [6, 7, 8, 9, 10, 11, 12, 13, 14, 15, 16, 17, 18, 19, 20, 21, 22, 23, 24, 25, 26, 27, 28, 29]
[2026-05-17 05:43:37] Valid hours for sum: [12, 18, 24, 29]
[2026-05-17 05:43:40] Drought composite end date: 2023-10-27 06:00:00
[2026-05-17 05:43:41] Land cover year: 2022
[2026-05-17 05:43:46] VIIRS Veg composite: 2023-10-08 → 2023-10-24
[2026-05-17 05:43:51] Started export task: fire_239_dynamic_2023-10-28
[2026-05-17 05:43:52] ------ Processing date=2023-10-29 ------
[2026-05-17 05:43:52] Using viirs_af_path: viirs_af_path
[2026-05-17 05:43:53] VIIRS Image Date: ['2023-10-29 00:00:00']
[2026-05-17 05:43:53] Weather image size: 1
[2026-05-17 05:43:53] Forecast duration: 2023-10-30 00:00:00 to 2023-10-31 00:00:00
[2026-05-17 05:43:55] Number of forecast images: 24
[2026-05-17 05:43:55] Using forecast run: 2023-10-29 18:00:00 UTC
[2026-05-17 05:43:56] Forecast Rain Available hours: [6, 7, 8, 9, 10, 11, 12, 13, 14, 15, 16, 17, 18, 19, 20, 21, 22, 23, 24, 25, 26, 27, 28, 29]
[2026-05-17 05:43:56] Valid hours for sum: [12, 18, 24, 29]
[2026-05-17 05:43:59] Drought composite end date: 2023-10-27 06:00:00
[2026-05-17 05:44:00] Land cover year: 2022
[2026-05-17 05:44:03] VIIRS Veg composite: 2023-10-08 → 2023-10-24
[2026-05-17 05:44:09] Started export task: fire_239_dynamic_2023-10-29
[2026-05-17 05:44:10] ------ Processing date=2023-10-30 ------
[2026-05-17 05:44:10] Using viirs_af_path: viirs_af_path
[2026-05-17 05:44:11] VIIRS Image Date: ['2023-10-30 00:00:00']
[2026-05-17 05:44:12] Weather image size: 1
[2026-05-17 05:44:12] Forecast duration: 2023-10-31 00:00:00 to 2023-11-01 00:00:00
[2026-05-17 05:44:16] Number of forecast images: 24
[2026-05-17 05:44:16] Using forecast run: 2023-10-30 18:00:00 UTC
[2026-05-17 05:44:16] Forecast Rain Available hours: [6, 7, 8, 9, 10, 11, 12, 13, 14, 15, 16, 17, 18, 19, 20, 21, 22, 23, 24, 25, 26, 27, 28, 29]
[2026-05-17 05:44:16] Valid hours for sum: [12, 18, 24, 29]
[2026-05-17 05:44:20] Drought composite end date: 2023-10-27 06:00:00
[2026-05-17 05:44:21] Land cover year: 2022
[2026-05-17 05:44:24] VIIRS Veg composite: 2023-10-08 → 2023-10-24
[2026-05-17 05:44:29] Started export task: fire_239_dynamic_2023-10-30
[2026-05-17 05:44:30] ------ Processing date=2023-10-31 ------
[2026-05-17 05:44:30] Using viirs_af_path: viirs_af_path
[2026-05-17 05:44:31] VIIRS Image Date: ['2023-10-31 00:00:00']
[2026-05-17 05:44:31] Weather image size: 1
[2026-05-17 05:44:31] Forecast duration: 2023-11-01 00:00:00 to 2023-11-02 00:00:00
[2026-05-17 05:44:33] Number of forecast images: 24
[2026-05-17 05:44:33] Using forecast run: 2023-10-31 18:00:00 UTC
[2026-05-17 05:44:34] Forecast Rain Available hours: [6, 7, 8, 9, 10, 11, 12, 13, 14, 15, 16, 17, 18, 19, 20, 21, 22, 23, 24, 25, 26, 27, 28, 29]
[2026-05-17 05:44:34] Valid hours for sum: [12, 18, 24, 29]
[2026-05-17 05:44:37] Drought composite end date: 2023-10-27 06:00:00
[2026-05-17 05:44:38] Land cover year: 2022
[2026-05-17 05:44:41] VIIRS Veg composite: 2023-10-08 → 2023-10-24
[2026-05-17 05:44:46] Started export task: fire_239_dynamic_2023-10-31
[2026-05-17 05:44:47] ------ Processing date=2023-11-01 ------
[2026-05-17 05:44:47] Using viirs_af_path: viirs_af_path
[2026-05-17 05:44:48] VIIRS Image Date: ['2023-11-01 00:00:00']
[2026-05-17 05:44:48] Weather image size: 1
[2026-05-17 05:44:48] Forecast duration: 2023-11-02 00:00:00 to 2023-11-03 00:00:00
[2026-05-17 05:44:51] Number of forecast images: 24
[2026-05-17 05:44:51] Using forecast run: 2023-11-01 18:00:00 UTC
[2026-05-17 05:44:52] Forecast Rain Available hours: [6, 7, 8, 9, 10, 11, 12, 13, 14, 15, 16, 17, 18, 19, 20, 21, 22, 23, 24, 25, 26, 27, 28, 29]
[2026-05-17 05:44:52] Valid hours for sum: [12, 18, 24, 29]
[2026-05-17 05:44:57] Drought composite end date: 2023-10-27 06:00:00
[2026-05-17 05:44:58] Land cover year: 2022
[2026-05-17 05:45:00] VIIRS Veg composite: 2023-10-08 → 2023-10-24
[2026-05-17 05:45:05] Started export task: fire_239_dynamic_2023-11-01
[2026-05-17 05:45:06] ------ Processing date=2023-11-02 ------
[2026-05-17 05:45:06] Using viirs_af_path: viirs_af_path
[2026-05-17 05:45:06] VIIRS Image Date: ['2023-11-02 00:00:00']
[2026-05-17 05:45:07] Weather image size: 1
[2026-05-17 05:45:07] Forecast duration: 2023-11-03 00:00:00 to 2023-11-04 00:00:00
[2026-05-17 05:45:09] Number of forecast images: 24
[2026-05-17 05:45:09] Using forecast run: 2023-11-02 18:00:00 UTC
[2026-05-17 05:45:10] Forecast Rain Available hours: [6, 7, 8, 9, 10, 11, 12, 13, 14, 15, 16, 17, 18, 19, 20, 21, 22, 23, 24, 25, 26, 27, 28, 29]
[2026-05-17 05:45:10] Valid hours for sum: [12, 18, 24, 29]
[2026-05-17 05:45:15] Drought composite end date: 2023-11-01 06:00:00
[2026-05-17 05:45:15] Land cover year: 2022
[2026-05-17 05:45:18] VIIRS Veg composite: 2023-10-08 → 2023-10-24
[2026-05-17 05:45:23] Started export task: fire_239_dynamic_2023-11-02
[2026-05-17 05:45:24] ------ Processing date=2023-11-03 ------
[2026-05-17 05:45:24] Using viirs_af_path: viirs_af_path
[2026-05-17 05:45:25] VIIRS Image Date: ['2023-11-03 00:00:00']
[2026-05-17 05:45:26] Weather image size: 1
[2026-05-17 05:45:26] Forecast duration: 2023-11-04 00:00:00 to 2023-11-05 00:00:00
[2026-05-17 05:45:28] Number of forecast images: 24
[2026-05-17 05:45:28] Using forecast run: 2023-11-03 18:00:00 UTC
[2026-05-17 05:45:29] Forecast Rain Available hours: [6, 7, 8, 9, 10, 11, 12, 13, 14, 15, 16, 17, 18, 19, 20, 21, 22, 23, 24, 25, 26, 27, 28, 29]
[2026-05-17 05:45:29] Valid hours for sum: [12, 18, 24, 29]
[2026-05-17 05:45:33] Drought composite end date: 2023-11-01 06:00:00
[2026-05-17 05:45:34] Land cover year: 2022
[2026-05-17 05:45:38] VIIRS Veg composite: 2023-10-08 → 2023-10-24
[2026-05-17 05:45:46] Started export task: fire_239_dynamic_2023-11-03
[2026-05-17 05:45:47] ------ Processing date=2023-11-04 ------
[2026-05-17 05:45:47] Using viirs_af_path: viirs_af_path
[2026-05-17 05:45:48] VIIRS Image Date: ['2023-11-04 00:00:00']
[2026-05-17 05:45:50] Weather image size: 1
[2026-05-17 05:45:50] Forecast duration: 2023-11-05 00:00:00 to 2023-11-06 00:00:00
[2026-05-17 05:45:53] Number of forecast images: 24
[2026-05-17 05:45:53] Using forecast run: 2023-11-04 18:00:00 UTC
[2026-05-17 05:45:55] Forecast Rain Available hours: [6, 7, 8, 9, 10, 11, 12, 13, 14, 15, 16, 17, 18, 19, 20, 21, 22, 23, 24, 25, 26, 27, 28, 29]
[2026-05-17 05:45:55] Valid hours for sum: [12, 18, 24, 29]
[2026-05-17 05:46:00] Drought composite end date: 2023-11-01 06:00:00
[2026-05-17 05:46:00] Land cover year: 2022
[2026-05-17 05:46:02] VIIRS Veg composite: 2023-10-08 → 2023-10-24
[2026-05-17 05:46:06] Started export task: fire_239_dynamic_2023-11-04
[2026-05-17 05:46:07] ------ Processing date=2023-11-05 ------
[2026-05-17 05:46:07] Using viirs_af_path: viirs_af_path
[2026-05-17 05:46:07] VIIRS Image Date: ['2023-11-05 00:00:00']
[2026-05-17 05:46:07] Weather image size: 1
[2026-05-17 05:46:07] Forecast duration: 2023-11-06 00:00:00 to 2023-11-07 00:00:00
[2026-05-17 05:46:09] Number of forecast images: 24
[2026-05-17 05:46:09] Using forecast run: 2023-11-05 18:00:00 UTC
[2026-05-17 05:46:09] Forecast Rain Available hours: [6, 7, 8, 9, 10, 11, 12, 13, 14, 15, 16, 17, 18, 19, 20, 21, 22, 23, 24, 25, 26, 27, 28, 29]
[2026-05-17 05:46:09] Valid hours for sum: [12, 18, 24, 29]
[2026-05-17 05:46:12] Drought composite end date: 2023-11-01 06:00:00
[2026-05-17 05:46:12] Land cover year: 2022
[2026-05-17 05:46:13] VIIRS Veg composite: 2023-10-08 → 2023-10-24
[2026-05-17 05:46:19] Started export task: fire_239_dynamic_2023-11-05
[2026-05-17 05:46:19] ------ Processing date=2023-11-06 ------
[2026-05-17 05:46:19] Using viirs_af_path: viirs_af_path
[2026-05-17 05:46:19] VIIRS Image Date: ['2023-11-06 00:00:00']
[2026-05-17 05:46:20] Weather image size: 1
[2026-05-17 05:46:20] Forecast duration: 2023-11-07 00:00:00 to 2023-11-08 00:00:00
[2026-05-17 05:46:21] Number of forecast images: 24
[2026-05-17 05:46:21] Using forecast run: 2023-11-06 18:00:00 UTC
[2026-05-17 05:46:21] Forecast Rain Available hours: [6, 7, 8, 9, 10, 11, 12, 13, 14, 15, 16, 17, 18, 19, 20, 21, 22, 23, 24, 25, 26, 27, 28, 29]
[2026-05-17 05:46:21] Valid hours for sum: [12, 18, 24, 29]
[2026-05-17 05:46:24] Drought composite end date: 2023-11-01 06:00:00
[2026-05-17 05:46:24] Land cover year: 2022
[2026-05-17 05:46:25] VIIRS Veg composite: 2023-10-08 → 2023-10-24
[2026-05-17 05:46:30] Started export task: fire_239_dynamic_2023-11-06
[2026-05-17 05:46:31] ------ Processing date=2023-11-07 ------
[2026-05-17 05:46:31] Using viirs_af_path: viirs_af_path
[2026-05-17 05:46:32] VIIRS Image Date: ['2023-11-07 00:00:00']
[2026-05-17 05:46:32] Weather image size: 1
[2026-05-17 05:46:32] Forecast duration: 2023-11-08 00:00:00 to 2023-11-09 00:00:00
[2026-05-17 05:46:33] Number of forecast images: 24
[2026-05-17 05:46:33] Using forecast run: 2023-11-07 18:00:00 UTC
[2026-05-17 05:46:33] Forecast Rain Available hours: [6, 7, 8, 9, 10, 11, 12, 13, 14, 15, 16, 17, 18, 19, 20, 21, 22, 23, 24, 25, 26, 27, 28, 29]
[2026-05-17 05:46:33] Valid hours for sum: [12, 18, 24, 29]
[2026-05-17 05:46:35] Drought composite end date: 2023-11-06 06:00:00
[2026-05-17 05:46:35] Land cover year: 2022
[2026-05-17 05:46:36] VIIRS Veg composite: 2023-10-08 → 2023-10-24
[2026-05-17 05:46:40] Started export task: fire_239_dynamic_2023-11-07
[2026-05-17 05:46:40] ------ Processing date=2023-11-08 ------
[2026-05-17 05:46:40] Using viirs_af_path: viirs_af_path
[2026-05-17 05:46:41] VIIRS Image Date: ['2023-11-08 00:00:00']
[2026-05-17 05:46:41] Weather image size: 1
[2026-05-17 05:46:41] Forecast duration: 2023-11-09 00:00:00 to 2023-11-10 00:00:00
[2026-05-17 05:46:42] Number of forecast images: 24
[2026-05-17 05:46:42] Using forecast run: 2023-11-08 18:00:00 UTC
[2026-05-17 05:46:42] Forecast Rain Available hours: [6, 7, 8, 9, 10, 11, 12, 13, 14, 15, 16, 17, 18, 19, 20, 21, 22, 23, 24, 25, 26, 27, 28, 29]
[2026-05-17 05:46:42] Valid hours for sum: [12, 18, 24, 29]
[2026-05-17 05:46:44] Drought composite end date: 2023-11-06 06:00:00
[2026-05-17 05:46:45] Land cover year: 2022
[2026-05-17 05:46:46] VIIRS Veg composite: 2023-10-08 → 2023-10-24
[2026-05-17 05:46:50] Started export task: fire_239_dynamic_2023-11-08
[2026-05-17 05:46:51] ------ Processing date=2023-11-09 ------
[2026-05-17 05:46:51] Using viirs_af_path: viirs_af_path
[2026-05-17 05:46:51] VIIRS Image Date: ['2023-11-09 00:00:00']
[2026-05-17 05:46:52] Weather image size: 1
[2026-05-17 05:46:52] Forecast duration: 2023-11-10 00:00:00 to 2023-11-11 00:00:00
[2026-05-17 05:46:53] Number of forecast images: 24
[2026-05-17 05:46:53] Using forecast run: 2023-11-09 18:00:00 UTC
[2026-05-17 05:46:54] Forecast Rain Available hours: [6, 7, 8, 9, 10, 11, 12, 13, 14, 15, 16, 17, 18, 19, 20, 21, 22, 23, 24, 25, 26, 27, 28, 29]
[2026-05-17 05:46:54] Valid hours for sum: [12, 18, 24, 29]
[2026-05-17 05:46:57] Drought composite end date: 2023-11-06 06:00:00
[2026-05-17 05:46:57] Land cover year: 2022
[2026-05-17 05:46:58] VIIRS Veg composite: 2023-10-08 → 2023-10-24
[2026-05-17 05:47:03] Started export task: fire_239_dynamic_2023-11-09
[2026-05-17 05:47:03] ------ Processing date=2023-11-10 ------
[2026-05-17 05:47:03] Using viirs_af_path: viirs_af_path
[2026-05-17 05:47:03] VIIRS Image Date: ['2023-11-10 00:00:00']
[2026-05-17 05:47:03] Weather image size: 1
[2026-05-17 05:47:03] Forecast duration: 2023-11-11 00:00:00 to 2023-11-12 00:00:00
[2026-05-17 05:47:05] Number of forecast images: 24
[2026-05-17 05:47:05] Using forecast run: 2023-11-10 18:00:00 UTC
[2026-05-17 05:47:06] Forecast Rain Available hours: [6, 7, 8, 9, 10, 11, 12, 13, 14, 15, 16, 17, 18, 19, 20, 21, 22, 23, 24, 25, 26, 27, 28, 29]
[2026-05-17 05:47:06] Valid hours for sum: [12, 18, 24, 29]
[2026-05-17 05:47:07] Drought composite end date: 2023-11-06 06:00:00
[2026-05-17 05:47:08] Land cover year: 2022
[2026-05-17 05:47:09] VIIRS Veg composite: 2023-10-08 → 2023-10-24
[2026-05-17 05:47:14] Started export task: fire_239_dynamic_2023-11-10
[2026-05-17 05:47:14] ------ Processing date=2023-11-11 ------
[2026-05-17 05:47:14] Using viirs_af_path: viirs_af_path
[2026-05-17 05:47:15] VIIRS Image Date: ['2023-11-11 00:00:00']
[2026-05-17 05:47:15] Weather image size: 1
[2026-05-17 05:47:15] Forecast duration: 2023-11-12 00:00:00 to 2023-11-13 00:00:00
[2026-05-17 05:47:17] Number of forecast images: 24
[2026-05-17 05:47:17] Using forecast run: 2023-11-11 18:00:00 UTC
[2026-05-17 05:47:17] Forecast Rain Available hours: [6, 7, 8, 9, 10, 11, 12, 13, 14, 15, 16, 17, 18, 19, 20, 21, 22, 23, 24, 25, 26, 27, 28, 29]
[2026-05-17 05:47:17] Valid hours for sum: [12, 18, 24, 29]
[2026-05-17 05:47:19] Drought composite end date: 2023-11-06 06:00:00
[2026-05-17 05:47:20] Land cover year: 2022
[2026-05-17 05:47:20] VIIRS Veg composite: 2023-10-08 → 2023-10-24
[2026-05-17 05:47:24] Started export task: fire_239_dynamic_2023-11-11
[2026-05-17 05:47:25] END: ----------Event fire_239----------- (Duration: 6.71m)
[2026-05-17 05:47:25] START: ----------Event fire_243-----------
[2026-05-17 05:47:25] ------ Processing date=2023-10-22 ------
[2026-05-17 05:47:25] Using viirs_af_path: viirs_af_path
[2026-05-17 05:47:25] VIIRS Image Date: ['2023-10-22 00:00:00']
[2026-05-17 05:47:25] Weather image size: 1
[2026-05-17 05:47:25] Forecast duration: 2023-10-23 00:00:00 to 2023-10-24 00:00:00
[2026-05-17 05:47:26] Number of forecast images: 24
[2026-05-17 05:47:26] Using forecast run: 2023-10-22 18:00:00 UTC
[2026-05-17 05:47:26] Forecast Rain Available hours: [6, 7, 8, 9, 10, 11, 12, 13, 14, 15, 16, 17, 18, 19, 20, 21, 22, 23, 24, 25, 26, 27, 28, 29]
[2026-05-17 05:47:26] Valid hours for sum: [12, 18, 24, 29]
[2026-05-17 05:47:28] Drought composite end date: 2023-10-17 06:00:00
[2026-05-17 05:47:28] Land cover year: 2022
[2026-05-17 05:47:29] VIIRS Veg composite: 2023-10-08 → 2023-10-24
[2026-05-17 05:47:33] Started export task: fire_243_static
[2026-05-17 05:47:33] Started export task: fire_243_dynamic_2023-10-22
[2026-05-17 05:47:34] ------ Processing date=2023-10-23 ------
[2026-05-17 05:47:34] Using viirs_af_path: viirs_af_path
[2026-05-17 05:47:34] VIIRS Image Date: ['2023-10-23 00:00:00']
[2026-05-17 05:47:34] Weather image size: 1
[2026-05-17 05:47:34] Forecast duration: 2023-10-24 00:00:00 to 2023-10-25 00:00:00
[2026-05-17 05:47:35] Number of forecast images: 24
[2026-05-17 05:47:35] Using forecast run: 2023-10-23 18:00:00 UTC
[2026-05-17 05:47:36] Forecast Rain Available hours: [6, 7, 8, 9, 10, 11, 12, 13, 14, 15, 16, 17, 18, 19, 20, 21, 22, 23, 24, 25, 26, 27, 28, 29]
[2026-05-17 05:47:36] Valid hours for sum: [12, 18, 24, 29]
[2026-05-17 05:47:37] Drought composite end date: 2023-10-22 06:00:00
[2026-05-17 05:47:38] Land cover year: 2022
[2026-05-17 05:47:39] VIIRS Veg composite: 2023-10-08 → 2023-10-24
[2026-05-17 05:47:45] Started export task: fire_243_dynamic_2023-10-23
[2026-05-17 05:47:45] ------ Processing date=2023-10-24 ------
[2026-05-17 05:47:45] Using viirs_af_path: viirs_af_path
[2026-05-17 05:47:45] VIIRS Image Date: ['2023-10-24 00:00:00']
[2026-05-17 05:47:45] Weather image size: 1
[2026-05-17 05:47:45] Forecast duration: 2023-10-25 00:00:00 to 2023-10-26 00:00:00
[2026-05-17 05:47:47] Number of forecast images: 24
[2026-05-17 05:47:47] Using forecast run: 2023-10-24 18:00:00 UTC
[2026-05-17 05:47:47] Forecast Rain Available hours: [6, 7, 8, 9, 10, 11, 12, 13, 14, 15, 16, 17, 18, 19, 20, 21, 22, 23, 24, 25, 26, 27, 28, 29]
[2026-05-17 05:47:47] Valid hours for sum: [12, 18, 24, 29]
[2026-05-17 05:47:49] Drought composite end date: 2023-10-22 06:00:00
[2026-05-17 05:47:50] Land cover year: 2022
[2026-05-17 05:47:50] VIIRS Veg composite: 2023-10-08 → 2023-10-24
[2026-05-17 05:47:56] Started export task: fire_243_dynamic_2023-10-24
[2026-05-17 05:47:57] ------ Processing date=2023-10-25 ------
[2026-05-17 05:47:57] Using viirs_af_path: viirs_af_path
[2026-05-17 05:47:57] VIIRS Image Date: ['2023-10-25 00:00:00']
[2026-05-17 05:47:58] Weather image size: 1
[2026-05-17 05:47:58] Forecast duration: 2023-10-26 00:00:00 to 2023-10-27 00:00:00
[2026-05-17 05:47:59] Number of forecast images: 24
[2026-05-17 05:47:59] Using forecast run: 2023-10-25 18:00:00 UTC
[2026-05-17 05:48:00] Forecast Rain Available hours: [6, 7, 8, 9, 10, 11, 12, 13, 14, 15, 16, 17, 18, 19, 20, 21, 22, 23, 24, 25, 26, 27, 28, 29]
[2026-05-17 05:48:00] Valid hours for sum: [12, 18, 24, 29]
[2026-05-17 05:48:02] Drought composite end date: 2023-10-22 06:00:00
[2026-05-17 05:48:03] Land cover year: 2022
[2026-05-17 05:48:03] VIIRS Veg composite: 2023-10-08 → 2023-10-24
[2026-05-17 05:48:08] Started export task: fire_243_dynamic_2023-10-25
[2026-05-17 05:48:10] ------ Processing date=2023-10-26 ------
[2026-05-17 05:48:10] Using viirs_af_path: viirs_af_path
[2026-05-17 05:48:10] VIIRS Image Date: ['2023-10-26 00:00:00']
[2026-05-17 05:48:11] Weather image size: 1
[2026-05-17 05:48:11] Forecast duration: 2023-10-27 00:00:00 to 2023-10-28 00:00:00
[2026-05-17 05:48:12] Number of forecast images: 24
[2026-05-17 05:48:12] Using forecast run: 2023-10-26 18:00:00 UTC
[2026-05-17 05:48:13] Forecast Rain Available hours: [6, 7, 8, 9, 10, 11, 12, 13, 14, 15, 16, 17, 18, 19, 20, 21, 22, 23, 24, 25, 26, 27, 28, 29]
[2026-05-17 05:48:13] Valid hours for sum: [12, 18, 24, 29]
[2026-05-17 05:48:16] Drought composite end date: 2023-10-22 06:00:00
[2026-05-17 05:48:16] Land cover year: 2022
[2026-05-17 05:48:17] VIIRS Veg composite: 2023-10-08 → 2023-10-24
[2026-05-17 05:48:22] Started export task: fire_243_dynamic_2023-10-26
[2026-05-17 05:48:23] ------ Processing date=2023-10-27 ------
[2026-05-17 05:48:23] Using viirs_af_path: viirs_af_path
[2026-05-17 05:48:23] VIIRS Image Date: ['2023-10-27 00:00:00']
[2026-05-17 05:48:23] Weather image size: 1
[2026-05-17 05:48:23] Forecast duration: 2023-10-28 00:00:00 to 2023-10-29 00:00:00
[2026-05-17 05:48:24] Number of forecast images: 24
[2026-05-17 05:48:24] Using forecast run: 2023-10-27 18:00:00 UTC
[2026-05-17 05:48:25] Forecast Rain Available hours: [6, 7, 8, 9, 10, 11, 12, 13, 14, 15, 16, 17, 18, 19, 20, 21, 22, 23, 24, 25, 26, 27, 28, 29]
[2026-05-17 05:48:25] Valid hours for sum: [12, 18, 24, 29]
[2026-05-17 05:48:27] Drought composite end date: 2023-10-22 06:00:00
[2026-05-17 05:48:27] Land cover year: 2022
[2026-05-17 05:48:28] VIIRS Veg composite: 2023-10-08 → 2023-10-24
[2026-05-17 05:48:32] Started export task: fire_243_dynamic_2023-10-27
[2026-05-17 05:48:32] ------ Processing date=2023-10-28 ------
[2026-05-17 05:48:32] Using viirs_af_path: viirs_af_path
[2026-05-17 05:48:33] VIIRS Image Date: ['2023-10-28 00:00:00']
[2026-05-17 05:48:33] Weather image size: 1
[2026-05-17 05:48:33] Forecast duration: 2023-10-29 00:00:00 to 2023-10-30 00:00:00
[2026-05-17 05:48:34] Number of forecast images: 24
[2026-05-17 05:48:34] Using forecast run: 2023-10-28 18:00:00 UTC
[2026-05-17 05:48:34] Forecast Rain Available hours: [6, 7, 8, 9, 10, 11, 12, 13, 14, 15, 16, 17, 18, 19, 20, 21, 22, 23, 24, 25, 26, 27, 28, 29]
[2026-05-17 05:48:34] Valid hours for sum: [12, 18, 24, 29]
[2026-05-17 05:48:36] Drought composite end date: 2023-10-27 06:00:00
[2026-05-17 05:48:36] Land cover year: 2022
[2026-05-17 05:48:37] VIIRS Veg composite: 2023-10-08 → 2023-10-24
[2026-05-17 05:48:42] Started export task: fire_243_dynamic_2023-10-28
[2026-05-17 05:48:43] ------ Processing date=2023-10-29 ------
[2026-05-17 05:48:43] Using viirs_af_path: viirs_af_path
[2026-05-17 05:48:43] VIIRS Image Date: ['2023-10-29 00:00:00']
[2026-05-17 05:48:43] Weather image size: 1
[2026-05-17 05:48:43] Forecast duration: 2023-10-30 00:00:00 to 2023-10-31 00:00:00
[2026-05-17 05:48:44] Number of forecast images: 24
[2026-05-17 05:48:44] Using forecast run: 2023-10-29 18:00:00 UTC
[2026-05-17 05:48:44] Forecast Rain Available hours: [6, 7, 8, 9, 10, 11, 12, 13, 14, 15, 16, 17, 18, 19, 20, 21, 22, 23, 24, 25, 26, 27, 28, 29]
[2026-05-17 05:48:44] Valid hours for sum: [12, 18, 24, 29]
[2026-05-17 05:48:46] Drought composite end date: 2023-10-27 06:00:00
[2026-05-17 05:48:46] Land cover year: 2022
[2026-05-17 05:48:47] VIIRS Veg composite: 2023-10-08 → 2023-10-24
[2026-05-17 05:48:52] Started export task: fire_243_dynamic_2023-10-29
[2026-05-17 05:48:52] ------ Processing date=2023-10-30 ------
[2026-05-17 05:48:52] Using viirs_af_path: viirs_af_path
[2026-05-17 05:48:54] VIIRS Image Date: ['2023-10-30 00:00:00']
[2026-05-17 05:48:54] Weather image size: 1
[2026-05-17 05:48:54] Forecast duration: 2023-10-31 00:00:00 to 2023-11-01 00:00:00
[2026-05-17 05:48:56] Number of forecast images: 24
[2026-05-17 05:48:56] Using forecast run: 2023-10-30 18:00:00 UTC
[2026-05-17 05:48:57] Forecast Rain Available hours: [6, 7, 8, 9, 10, 11, 12, 13, 14, 15, 16, 17, 18, 19, 20, 21, 22, 23, 24, 25, 26, 27, 28, 29]
[2026-05-17 05:48:57] Valid hours for sum: [12, 18, 24, 29]
[2026-05-17 05:49:00] Drought composite end date: 2023-10-27 06:00:00
[2026-05-17 05:49:00] Land cover year: 2022
[2026-05-17 05:49:03] VIIRS Veg composite: 2023-10-08 → 2023-10-24
[2026-05-17 05:49:09] Started export task: fire_243_dynamic_2023-10-30
[2026-05-17 05:49:10] ------ Processing date=2023-10-31 ------
[2026-05-17 05:49:10] Using viirs_af_path: viirs_af_path
[2026-05-17 05:49:10] VIIRS Image Date: ['2023-10-31 00:00:00']
[2026-05-17 05:49:11] Weather image size: 1
[2026-05-17 05:49:11] Forecast duration: 2023-11-01 00:00:00 to 2023-11-02 00:00:00
[2026-05-17 05:49:13] Number of forecast images: 24
[2026-05-17 05:49:13] Using forecast run: 2023-10-31 18:00:00 UTC
[2026-05-17 05:49:14] Forecast Rain Available hours: [6, 7, 8, 9, 10, 11, 12, 13, 14, 15, 16, 17, 18, 19, 20, 21, 22, 23, 24, 25, 26, 27, 28, 29]
[2026-05-17 05:49:14] Valid hours for sum: [12, 18, 24, 29]
[2026-05-17 05:49:20] Drought composite end date: 2023-10-27 06:00:00
[2026-05-17 05:49:20] Land cover year: 2022
[2026-05-17 05:49:23] VIIRS Veg composite: 2023-10-08 → 2023-10-24
[2026-05-17 05:49:29] Started export task: fire_243_dynamic_2023-10-31
[2026-05-17 05:49:29] ------ Processing date=2023-11-01 ------
[2026-05-17 05:49:29] Using viirs_af_path: viirs_af_path
[2026-05-17 05:49:30] VIIRS Image Date: ['2023-11-01 00:00:00']
[2026-05-17 05:49:30] Weather image size: 1
[2026-05-17 05:49:30] Forecast duration: 2023-11-02 00:00:00 to 2023-11-03 00:00:00
[2026-05-17 05:49:32] Number of forecast images: 24
[2026-05-17 05:49:32] Using forecast run: 2023-11-01 18:00:00 UTC
[2026-05-17 05:49:33] Forecast Rain Available hours: [6, 7, 8, 9, 10, 11, 12, 13, 14, 15, 16, 17, 18, 19, 20, 21, 22, 23, 24, 25, 26, 27, 28, 29]
[2026-05-17 05:49:33] Valid hours for sum: [12, 18, 24, 29]
[2026-05-17 05:49:35] Drought composite end date: 2023-10-27 06:00:00
[2026-05-17 05:49:35] Land cover year: 2022
[2026-05-17 05:49:37] VIIRS Veg composite: 2023-10-08 → 2023-10-24
[2026-05-17 05:49:42] Started export task: fire_243_dynamic_2023-11-01
[2026-05-17 05:49:43] ------ Processing date=2023-11-02 ------
[2026-05-17 05:49:43] Using viirs_af_path: viirs_af_path
[2026-05-17 05:49:43] VIIRS Image Date: ['2023-11-02 00:00:00']
[2026-05-17 05:49:44] Weather image size: 1
[2026-05-17 05:49:44] Forecast duration: 2023-11-03 00:00:00 to 2023-11-04 00:00:00
[2026-05-17 05:49:45] Number of forecast images: 24
[2026-05-17 05:49:45] Using forecast run: 2023-11-02 18:00:00 UTC
[2026-05-17 05:49:45] Forecast Rain Available hours: [6, 7, 8, 9, 10, 11, 12, 13, 14, 15, 16, 17, 18, 19, 20, 21, 22, 23, 24, 25, 26, 27, 28, 29]
[2026-05-17 05:49:45] Valid hours for sum: [12, 18, 24, 29]
[2026-05-17 05:49:49] Drought composite end date: 2023-11-01 06:00:00
[2026-05-17 05:49:49] Land cover year: 2022
[2026-05-17 05:49:51] VIIRS Veg composite: 2023-10-08 → 2023-10-24
[2026-05-17 05:49:56] Started export task: fire_243_dynamic_2023-11-02
[2026-05-17 05:49:57] ------ Processing date=2023-11-03 ------
[2026-05-17 05:49:57] Using viirs_af_path: viirs_af_path
[2026-05-17 05:49:58] VIIRS Image Date: ['2023-11-03 00:00:00']
[2026-05-17 05:49:58] Weather image size: 1
[2026-05-17 05:49:58] Forecast duration: 2023-11-04 00:00:00 to 2023-11-05 00:00:00
[2026-05-17 05:49:59] Number of forecast images: 24
[2026-05-17 05:49:59] Using forecast run: 2023-11-03 18:00:00 UTC
[2026-05-17 05:50:00] Forecast Rain Available hours: [6, 7, 8, 9, 10, 11, 12, 13, 14, 15, 16, 17, 18, 19, 20, 21, 22, 23, 24, 25, 26, 27, 28, 29]
[2026-05-17 05:50:00] Valid hours for sum: [12, 18, 24, 29]
[2026-05-17 05:50:04] Drought composite end date: 2023-11-01 06:00:00
[2026-05-17 05:50:04] Land cover year: 2022
[2026-05-17 05:50:06] VIIRS Veg composite: 2023-10-08 → 2023-10-24
[2026-05-17 05:50:10] Started export task: fire_243_dynamic_2023-11-03
[2026-05-17 05:50:11] ------ Processing date=2023-11-04 ------
[2026-05-17 05:50:11] Using viirs_af_path: viirs_af_path
[2026-05-17 05:50:11] VIIRS Image Date: ['2023-11-04 00:00:00']
[2026-05-17 05:50:12] Weather image size: 1
[2026-05-17 05:50:12] Forecast duration: 2023-11-05 00:00:00 to 2023-11-06 00:00:00
[2026-05-17 05:50:14] Number of forecast images: 24
[2026-05-17 05:50:14] Using forecast run: 2023-11-04 18:00:00 UTC
[2026-05-17 05:50:14] Forecast Rain Available hours: [6, 7, 8, 9, 10, 11, 12, 13, 14, 15, 16, 17, 18, 19, 20, 21, 22, 23, 24, 25, 26, 27, 28, 29]
[2026-05-17 05:50:14] Valid hours for sum: [12, 18, 24, 29]
[2026-05-17 05:50:17] Drought composite end date: 2023-11-01 06:00:00
[2026-05-17 05:50:17] Land cover year: 2022
[2026-05-17 05:50:19] VIIRS Veg composite: 2023-10-08 → 2023-10-24
[2026-05-17 05:50:24] Started export task: fire_243_dynamic_2023-11-04
[2026-05-17 05:50:25] ------ Processing date=2023-11-05 ------
[2026-05-17 05:50:25] Using viirs_af_path: viirs_af_path
[2026-05-17 05:50:25] VIIRS Image Date: ['2023-11-05 00:00:00']
[2026-05-17 05:50:26] Weather image size: 1
[2026-05-17 05:50:26] Forecast duration: 2023-11-06 00:00:00 to 2023-11-07 00:00:00
[2026-05-17 05:50:28] Number of forecast images: 24
[2026-05-17 05:50:28] Using forecast run: 2023-11-05 18:00:00 UTC
[2026-05-17 05:50:29] Forecast Rain Available hours: [6, 7, 8, 9, 10, 11, 12, 13, 14, 15, 16, 17, 18, 19, 20, 21, 22, 23, 24, 25, 26, 27, 28, 29]
[2026-05-17 05:50:29] Valid hours for sum: [12, 18, 24, 29]
[2026-05-17 05:50:31] Drought composite end date: 2023-11-01 06:00:00
[2026-05-17 05:50:32] Land cover year: 2022
[2026-05-17 05:50:35] VIIRS Veg composite: 2023-10-08 → 2023-10-24
[2026-05-17 05:50:40] Started export task: fire_243_dynamic_2023-11-05
[2026-05-17 05:50:41] ------ Processing date=2023-11-06 ------
[2026-05-17 05:50:41] Using viirs_af_path: viirs_af_path
[2026-05-17 05:50:42] VIIRS Image Date: ['2023-11-06 00:00:00']
[2026-05-17 05:50:43] Weather image size: 1
[2026-05-17 05:50:43] Forecast duration: 2023-11-07 00:00:00 to 2023-11-08 00:00:00
[2026-05-17 05:50:47] Number of forecast images: 24
[2026-05-17 05:50:47] Using forecast run: 2023-11-06 18:00:00 UTC
[2026-05-17 05:50:48] Forecast Rain Available hours: [6, 7, 8, 9, 10, 11, 12, 13, 14, 15, 16, 17, 18, 19, 20, 21, 22, 23, 24, 25, 26, 27, 28, 29]
[2026-05-17 05:50:48] Valid hours for sum: [12, 18, 24, 29]
[2026-05-17 05:50:50] Drought composite end date: 2023-11-01 06:00:00
[2026-05-17 05:50:51] Land cover year: 2022
[2026-05-17 05:50:53] VIIRS Veg composite: 2023-10-08 → 2023-10-24
[2026-05-17 05:50:59] Started export task: fire_243_dynamic_2023-11-06
[2026-05-17 05:51:00] ------ Processing date=2023-11-07 ------
[2026-05-17 05:51:00] Using viirs_af_path: viirs_af_path
[2026-05-17 05:51:01] VIIRS Image Date: ['2023-11-07 00:00:00']
[2026-05-17 05:51:01] Weather image size: 1
[2026-05-17 05:51:01] Forecast duration: 2023-11-08 00:00:00 to 2023-11-09 00:00:00
[2026-05-17 05:51:03] Number of forecast images: 24
[2026-05-17 05:51:03] Using forecast run: 2023-11-07 18:00:00 UTC
[2026-05-17 05:51:04] Forecast Rain Available hours: [6, 7, 8, 9, 10, 11, 12, 13, 14, 15, 16, 17, 18, 19, 20, 21, 22, 23, 24, 25, 26, 27, 28, 29]
[2026-05-17 05:51:04] Valid hours for sum: [12, 18, 24, 29]
[2026-05-17 05:51:07] Drought composite end date: 2023-11-06 06:00:00
[2026-05-17 05:51:07] Land cover year: 2022
[2026-05-17 05:51:09] VIIRS Veg composite: 2023-10-08 → 2023-10-24
[2026-05-17 05:51:15] Started export task: fire_243_dynamic_2023-11-07
[2026-05-17 05:51:16] ------ Processing date=2023-11-08 ------
[2026-05-17 05:51:16] Using viirs_af_path: viirs_af_path
[2026-05-17 05:51:17] VIIRS Image Date: ['2023-11-08 00:00:00']
[2026-05-17 05:51:18] Weather image size: 1
[2026-05-17 05:51:18] Forecast duration: 2023-11-09 00:00:00 to 2023-11-10 00:00:00
[2026-05-17 05:51:19] Number of forecast images: 24
[2026-05-17 05:51:19] Using forecast run: 2023-11-08 18:00:00 UTC
[2026-05-17 05:51:21] Forecast Rain Available hours: [6, 7, 8, 9, 10, 11, 12, 13, 14, 15, 16, 17, 18, 19, 20, 21, 22, 23, 24, 25, 26, 27, 28, 29]
[2026-05-17 05:51:21] Valid hours for sum: [12, 18, 24, 29]
[2026-05-17 05:51:24] Drought composite end date: 2023-11-06 06:00:00
[2026-05-17 05:51:24] Land cover year: 2022
[2026-05-17 05:51:27] VIIRS Veg composite: 2023-10-08 → 2023-10-24
[2026-05-17 05:51:32] Started export task: fire_243_dynamic_2023-11-08
[2026-05-17 05:51:33] ------ Processing date=2023-11-09 ------
[2026-05-17 05:51:33] Using viirs_af_path: viirs_af_path
[2026-05-17 05:51:33] VIIRS Image Date: ['2023-11-09 00:00:00']
[2026-05-17 05:51:34] Weather image size: 1
[2026-05-17 05:51:34] Forecast duration: 2023-11-10 00:00:00 to 2023-11-11 00:00:00
[2026-05-17 05:51:36] Number of forecast images: 24
[2026-05-17 05:51:36] Using forecast run: 2023-11-09 18:00:00 UTC
[2026-05-17 05:51:37] Forecast Rain Available hours: [6, 7, 8, 9, 10, 11, 12, 13, 14, 15, 16, 17, 18, 19, 20, 21, 22, 23, 24, 25, 26, 27, 28, 29]
[2026-05-17 05:51:37] Valid hours for sum: [12, 18, 24, 29]
[2026-05-17 05:51:39] Drought composite end date: 2023-11-06 06:00:00
[2026-05-17 05:51:39] Land cover year: 2022
[2026-05-17 05:51:42] VIIRS Veg composite: 2023-10-08 → 2023-10-24
[2026-05-17 05:51:47] Started export task: fire_243_dynamic_2023-11-09
[2026-05-17 05:51:48] END: ----------Event fire_243----------- (Duration: 4.39m)
[2026-05-17 05:51:48] START: ----------Event fire_255-----------
[2026-05-17 05:51:49] ------ Processing date=2023-10-27 ------
[2026-05-17 05:51:49] Using viirs_af_path: viirs_af_path
[2026-05-17 05:51:50] VIIRS Image Date: ['2023-10-27 00:00:00']
[2026-05-17 05:51:51] Weather image size: 1
[2026-05-17 05:51:51] Forecast duration: 2023-10-28 00:00:00 to 2023-10-29 00:00:00
[2026-05-17 05:51:53] Number of forecast images: 24
[2026-05-17 05:51:53] Using forecast run: 2023-10-27 18:00:00 UTC
[2026-05-17 05:51:54] Forecast Rain Available hours: [6, 7, 8, 9, 10, 11, 12, 13, 14, 15, 16, 17, 18, 19, 20, 21, 22, 23, 24, 25, 26, 27, 28, 29]
[2026-05-17 05:51:54] Valid hours for sum: [12, 18, 24, 29]
[2026-05-17 05:51:57] Drought composite end date: 2023-10-22 06:00:00
[2026-05-17 05:51:58] Land cover year: 2022
[2026-05-17 05:52:00] VIIRS Veg composite: 2023-10-16 → 2023-11-01
[2026-05-17 05:52:08] Started export task: fire_255_static
[2026-05-17 05:52:08] Started export task: fire_255_dynamic_2023-10-27
[2026-05-17 05:52:09] ------ Processing date=2023-10-28 ------
[2026-05-17 05:52:09] Using viirs_af_path: viirs_af_path
[2026-05-17 05:52:10] VIIRS Image Date: ['2023-10-28 00:00:00']
[2026-05-17 05:52:10] Weather image size: 1
[2026-05-17 05:52:10] Forecast duration: 2023-10-29 00:00:00 to 2023-10-30 00:00:00
[2026-05-17 05:52:11] Number of forecast images: 24
[2026-05-17 05:52:11] Using forecast run: 2023-10-28 18:00:00 UTC
[2026-05-17 05:52:12] Forecast Rain Available hours: [6, 7, 8, 9, 10, 11, 12, 13, 14, 15, 16, 17, 18, 19, 20, 21, 22, 23, 24, 25, 26, 27, 28, 29]
[2026-05-17 05:52:12] Valid hours for sum: [12, 18, 24, 29]
[2026-05-17 05:52:15] Drought composite end date: 2023-10-27 06:00:00
[2026-05-17 05:52:16] Land cover year: 2022
[2026-05-17 05:52:18] VIIRS Veg composite: 2023-10-16 → 2023-11-01
[2026-05-17 05:52:24] Started export task: fire_255_dynamic_2023-10-28
[2026-05-17 05:52:25] ------ Processing date=2023-10-29 ------
[2026-05-17 05:52:25] Using viirs_af_path: viirs_af_path
[2026-05-17 05:52:26] VIIRS Image Date: ['2023-10-29 00:00:00']
[2026-05-17 05:52:27] Weather image size: 1
[2026-05-17 05:52:27] Forecast duration: 2023-10-30 00:00:00 to 2023-10-31 00:00:00
[2026-05-17 05:52:28] Number of forecast images: 24
[2026-05-17 05:52:28] Using forecast run: 2023-10-29 18:00:00 UTC
[2026-05-17 05:52:29] Forecast Rain Available hours: [6, 7, 8, 9, 10, 11, 12, 13, 14, 15, 16, 17, 18, 19, 20, 21, 22, 23, 24, 25, 26, 27, 28, 29]
[2026-05-17 05:52:29] Valid hours for sum: [12, 18, 24, 29]
[2026-05-17 05:52:32] Drought composite end date: 2023-10-27 06:00:00
[2026-05-17 05:52:33] Land cover year: 2022
[2026-05-17 05:52:35] VIIRS Veg composite: 2023-10-16 → 2023-11-01
[2026-05-17 05:52:44] Started export task: fire_255_dynamic_2023-10-29
[2026-05-17 05:52:46] ------ Processing date=2023-10-30 ------
[2026-05-17 05:52:46] Using viirs_af_path: viirs_af_path
[2026-05-17 05:52:46] VIIRS Image Date: ['2023-10-30 00:00:00']
[2026-05-17 05:52:47] Weather image size: 1
[2026-05-17 05:52:47] Forecast duration: 2023-10-31 00:00:00 to 2023-11-01 00:00:00
[2026-05-17 05:52:49] Number of forecast images: 24
[2026-05-17 05:52:49] Using forecast run: 2023-10-30 18:00:00 UTC
[2026-05-17 05:52:50] Forecast Rain Available hours: [6, 7, 8, 9, 10, 11, 12, 13, 14, 15, 16, 17, 18, 19, 20, 21, 22, 23, 24, 25, 26, 27, 28, 29]
[2026-05-17 05:52:50] Valid hours for sum: [12, 18, 24, 29]
[2026-05-17 05:52:53] Drought composite end date: 2023-10-27 06:00:00
[2026-05-17 05:52:54] Land cover year: 2022
[2026-05-17 05:52:56] VIIRS Veg composite: 2023-10-16 → 2023-11-01
[2026-05-17 05:53:03] Started export task: fire_255_dynamic_2023-10-30
[2026-05-17 05:53:03] ------ Processing date=2023-10-31 ------
[2026-05-17 05:53:03] Using viirs_af_path: viirs_af_path
[2026-05-17 05:53:04] VIIRS Image Date: ['2023-10-31 00:00:00']
[2026-05-17 05:53:04] Weather image size: 1
[2026-05-17 05:53:04] Forecast duration: 2023-11-01 00:00:00 to 2023-11-02 00:00:00
[2026-05-17 05:53:05] Number of forecast images: 24
[2026-05-17 05:53:05] Using forecast run: 2023-10-31 18:00:00 UTC
[2026-05-17 05:53:06] Forecast Rain Available hours: [6, 7, 8, 9, 10, 11, 12, 13, 14, 15, 16, 17, 18, 19, 20, 21, 22, 23, 24, 25, 26, 27, 28, 29]
[2026-05-17 05:53:06] Valid hours for sum: [12, 18, 24, 29]
[2026-05-17 05:53:09] Drought composite end date: 2023-10-27 06:00:00
[2026-05-17 05:53:10] Land cover year: 2022
[2026-05-17 05:53:11] VIIRS Veg composite: 2023-10-16 → 2023-11-01
[2026-05-17 05:53:16] Started export task: fire_255_dynamic_2023-10-31
[2026-05-17 05:53:17] ------ Processing date=2023-11-01 ------
[2026-05-17 05:53:17] Using viirs_af_path: viirs_af_path
[2026-05-17 05:53:18] VIIRS Image Date: ['2023-11-01 00:00:00']
[2026-05-17 05:53:18] Weather image size: 1
[2026-05-17 05:53:18] Forecast duration: 2023-11-02 00:00:00 to 2023-11-03 00:00:00
[2026-05-17 05:53:20] Number of forecast images: 24
[2026-05-17 05:53:20] Using forecast run: 2023-11-01 18:00:00 UTC
[2026-05-17 05:53:21] Forecast Rain Available hours: [6, 7, 8, 9, 10, 11, 12, 13, 14, 15, 16, 17, 18, 19, 20, 21, 22, 23, 24, 25, 26, 27, 28, 29]
[2026-05-17 05:53:21] Valid hours for sum: [12, 18, 24, 29]
[2026-05-17 05:53:24] Drought composite end date: 2023-10-27 06:00:00
[2026-05-17 05:53:26] Land cover year: 2022
[2026-05-17 05:53:30] VIIRS Veg composite: 2023-10-16 → 2023-11-01
[2026-05-17 05:53:35] Started export task: fire_255_dynamic_2023-11-01
[2026-05-17 05:53:36] ------ Processing date=2023-11-02 ------
[2026-05-17 05:53:36] Using viirs_af_path: viirs_af_path
[2026-05-17 05:53:37] VIIRS Image Date: ['2023-11-02 00:00:00']
[2026-05-17 05:53:38] Weather image size: 1
[2026-05-17 05:53:38] Forecast duration: 2023-11-03 00:00:00 to 2023-11-04 00:00:00
[2026-05-17 05:53:40] Number of forecast images: 24
[2026-05-17 05:53:40] Using forecast run: 2023-11-02 18:00:00 UTC
[2026-05-17 05:53:40] Forecast Rain Available hours: [6, 7, 8, 9, 10, 11, 12, 13, 14, 15, 16, 17, 18, 19, 20, 21, 22, 23, 24, 25, 26, 27, 28, 29]
[2026-05-17 05:53:40] Valid hours for sum: [12, 18, 24, 29]
[2026-05-17 05:53:43] Drought composite end date: 2023-11-01 06:00:00
[2026-05-17 05:53:44] Land cover year: 2022
[2026-05-17 05:53:46] VIIRS Veg composite: 2023-10-16 → 2023-11-01
[2026-05-17 05:53:51] Started export task: fire_255_dynamic_2023-11-02
[2026-05-17 05:53:52] ------ Processing date=2023-11-03 ------
[2026-05-17 05:53:52] Using viirs_af_path: viirs_af_path
[2026-05-17 05:53:52] VIIRS Image Date: ['2023-11-03 00:00:00']
[2026-05-17 05:53:53] Weather image size: 1
[2026-05-17 05:53:53] Forecast duration: 2023-11-04 00:00:00 to 2023-11-05 00:00:00
[2026-05-17 05:53:55] Number of forecast images: 24
[2026-05-17 05:53:55] Using forecast run: 2023-11-03 18:00:00 UTC
[2026-05-17 05:53:56] Forecast Rain Available hours: [6, 7, 8, 9, 10, 11, 12, 13, 14, 15, 16, 17, 18, 19, 20, 21, 22, 23, 24, 25, 26, 27, 28, 29]
[2026-05-17 05:53:56] Valid hours for sum: [12, 18, 24, 29]
[2026-05-17 05:53:59] Drought composite end date: 2023-11-01 06:00:00
[2026-05-17 05:54:00] Land cover year: 2022
[2026-05-17 05:54:03] VIIRS Veg composite: 2023-10-16 → 2023-11-01
[2026-05-17 05:54:10] Started export task: fire_255_dynamic_2023-11-03
[2026-05-17 05:54:10] ------ Processing date=2023-11-04 ------
[2026-05-17 05:54:10] Using viirs_af_path: viirs_af_path
[2026-05-17 05:54:11] VIIRS Image Date: ['2023-11-04 00:00:00']
[2026-05-17 05:54:12] Weather image size: 1
[2026-05-17 05:54:12] Forecast duration: 2023-11-05 00:00:00 to 2023-11-06 00:00:00
[2026-05-17 05:54:14] Number of forecast images: 24
[2026-05-17 05:54:14] Using forecast run: 2023-11-04 18:00:00 UTC
[2026-05-17 05:54:15] Forecast Rain Available hours: [6, 7, 8, 9, 10, 11, 12, 13, 14, 15, 16, 17, 18, 19, 20, 21, 22, 23, 24, 25, 26, 27, 28, 29]
[2026-05-17 05:54:15] Valid hours for sum: [12, 18, 24, 29]
[2026-05-17 05:54:18] Drought composite end date: 2023-11-01 06:00:00
[2026-05-17 05:54:18] Land cover year: 2022
[2026-05-17 05:54:22] VIIRS Veg composite: 2023-10-16 → 2023-11-01
[2026-05-17 05:54:29] Started export task: fire_255_dynamic_2023-11-04
[2026-05-17 05:54:30] ------ Processing date=2023-11-05 ------
[2026-05-17 05:54:30] Using viirs_af_path: viirs_af_path
[2026-05-17 05:54:30] VIIRS Image Date: ['2023-11-05 00:00:00']
[2026-05-17 05:54:31] Weather image size: 1
[2026-05-17 05:54:31] Forecast duration: 2023-11-06 00:00:00 to 2023-11-07 00:00:00
[2026-05-17 05:54:33] Number of forecast images: 24
[2026-05-17 05:54:33] Using forecast run: 2023-11-05 18:00:00 UTC
[2026-05-17 05:54:35] Forecast Rain Available hours: [6, 7, 8, 9, 10, 11, 12, 13, 14, 15, 16, 17, 18, 19, 20, 21, 22, 23, 24, 25, 26, 27, 28, 29]
[2026-05-17 05:54:35] Valid hours for sum: [12, 18, 24, 29]
[2026-05-17 05:54:39] Drought composite end date: 2023-11-01 06:00:00
[2026-05-17 05:54:40] Land cover year: 2022
[2026-05-17 05:54:45] VIIRS Veg composite: 2023-10-16 → 2023-11-01
[2026-05-17 05:54:50] Started export task: fire_255_dynamic_2023-11-05
[2026-05-17 05:54:51] ------ Processing date=2023-11-06 ------
[2026-05-17 05:54:51] Using viirs_af_path: viirs_af_path
[2026-05-17 05:54:52] VIIRS Image Date: ['2023-11-06 00:00:00']
[2026-05-17 05:54:53] Weather image size: 1
[2026-05-17 05:54:53] Forecast duration: 2023-11-07 00:00:00 to 2023-11-08 00:00:00
[2026-05-17 05:54:55] Number of forecast images: 24
[2026-05-17 05:54:55] Using forecast run: 2023-11-06 18:00:00 UTC
[2026-05-17 05:54:56] Forecast Rain Available hours: [6, 7, 8, 9, 10, 11, 12, 13, 14, 15, 16, 17, 18, 19, 20, 21, 22, 23, 24, 25, 26, 27, 28, 29]
[2026-05-17 05:54:56] Valid hours for sum: [12, 18, 24, 29]
[2026-05-17 05:54:58] Drought composite end date: 2023-11-01 06:00:00
[2026-05-17 05:54:59] Land cover year: 2022
[2026-05-17 05:55:01] VIIRS Veg composite: 2023-10-16 → 2023-11-01
[2026-05-17 05:55:06] Started export task: fire_255_dynamic_2023-11-06
[2026-05-17 05:55:07] ------ Processing date=2023-11-07 ------
[2026-05-17 05:55:07] Using viirs_af_path: viirs_af_path
[2026-05-17 05:55:08] VIIRS Image Date: ['2023-11-07 00:00:00']
[2026-05-17 05:55:08] Weather image size: 1
[2026-05-17 05:55:08] Forecast duration: 2023-11-08 00:00:00 to 2023-11-09 00:00:00
[2026-05-17 05:55:10] Number of forecast images: 24
[2026-05-17 05:55:10] Using forecast run: 2023-11-07 18:00:00 UTC
[2026-05-17 05:55:11] Forecast Rain Available hours: [6, 7, 8, 9, 10, 11, 12, 13, 14, 15, 16, 17, 18, 19, 20, 21, 22, 23, 24, 25, 26, 27, 28, 29]
[2026-05-17 05:55:11] Valid hours for sum: [12, 18, 24, 29]
[2026-05-17 05:55:13] Drought composite end date: 2023-11-06 06:00:00
[2026-05-17 05:55:14] Land cover year: 2022
[2026-05-17 05:55:17] VIIRS Veg composite: 2023-10-16 → 2023-11-01
[2026-05-17 05:55:24] Started export task: fire_255_dynamic_2023-11-07
[2026-05-17 05:55:25] ------ Processing date=2023-11-08 ------
[2026-05-17 05:55:25] Using viirs_af_path: viirs_af_path
[2026-05-17 05:55:26] VIIRS Image Date: ['2023-11-08 00:00:00']
[2026-05-17 05:55:26] Weather image size: 1
[2026-05-17 05:55:26] Forecast duration: 2023-11-09 00:00:00 to 2023-11-10 00:00:00
[2026-05-17 05:55:27] Number of forecast images: 24
[2026-05-17 05:55:27] Using forecast run: 2023-11-08 18:00:00 UTC
[2026-05-17 05:55:28] Forecast Rain Available hours: [6, 7, 8, 9, 10, 11, 12, 13, 14, 15, 16, 17, 18, 19, 20, 21, 22, 23, 24, 25, 26, 27, 28, 29]
[2026-05-17 05:55:28] Valid hours for sum: [12, 18, 24, 29]
[2026-05-17 05:55:31] Drought composite end date: 2023-11-06 06:00:00
[2026-05-17 05:55:31] Land cover year: 2022
[2026-05-17 05:55:33] VIIRS Veg composite: 2023-10-16 → 2023-11-01
[2026-05-17 05:55:37] Started export task: fire_255_dynamic_2023-11-08
[2026-05-17 05:55:38] ------ Processing date=2023-11-09 ------
[2026-05-17 05:55:38] Using viirs_af_path: viirs_af_path
[2026-05-17 05:55:38] VIIRS Image Date: ['2023-11-09 00:00:00']
[2026-05-17 05:55:39] Weather image size: 1
[2026-05-17 05:55:39] Forecast duration: 2023-11-10 00:00:00 to 2023-11-11 00:00:00
[2026-05-17 05:55:41] Number of forecast images: 24
[2026-05-17 05:55:41] Using forecast run: 2023-11-09 18:00:00 UTC
[2026-05-17 05:55:42] Forecast Rain Available hours: [6, 7, 8, 9, 10, 11, 12, 13, 14, 15, 16, 17, 18, 19, 20, 21, 22, 23, 24, 25, 26, 27, 28, 29]
[2026-05-17 05:55:42] Valid hours for sum: [12, 18, 24, 29]
[2026-05-17 05:55:46] Drought composite end date: 2023-11-06 06:00:00
[2026-05-17 05:55:47] Land cover year: 2022
[2026-05-17 05:55:49] VIIRS Veg composite: 2023-10-16 → 2023-11-01
[2026-05-17 05:55:52] Started export task: fire_255_dynamic_2023-11-09
[2026-05-17 05:55:53] ------ Processing date=2023-11-10 ------
[2026-05-17 05:55:53] Using viirs_af_path: viirs_af_path
[2026-05-17 05:55:54] VIIRS Image Date: ['2023-11-10 00:00:00']
[2026-05-17 05:55:55] Weather image size: 1
[2026-05-17 05:55:55] Forecast duration: 2023-11-11 00:00:00 to 2023-11-12 00:00:00
[2026-05-17 05:55:56] Number of forecast images: 24
[2026-05-17 05:55:56] Using forecast run: 2023-11-10 18:00:00 UTC
[2026-05-17 05:55:56] Forecast Rain Available hours: [6, 7, 8, 9, 10, 11, 12, 13, 14, 15, 16, 17, 18, 19, 20, 21, 22, 23, 24, 25, 26, 27, 28, 29]
[2026-05-17 05:55:56] Valid hours for sum: [12, 18, 24, 29]
[2026-05-17 05:56:00] Drought composite end date: 2023-11-06 06:00:00
[2026-05-17 05:56:01] Land cover year: 2022
[2026-05-17 05:56:02] VIIRS Veg composite: 2023-10-16 → 2023-11-01
[2026-05-17 05:56:07] Started export task: fire_255_dynamic_2023-11-10
[2026-05-17 05:56:08] ------ Processing date=2023-11-11 ------
[2026-05-17 05:56:08] Using viirs_af_path: viirs_af_path
[2026-05-17 05:56:09] VIIRS Image Date: ['2023-11-11 00:00:00']
[2026-05-17 05:56:09] Weather image size: 1
[2026-05-17 05:56:09] Forecast duration: 2023-11-12 00:00:00 to 2023-11-13 00:00:00
[2026-05-17 05:56:11] Number of forecast images: 24
[2026-05-17 05:56:11] Using forecast run: 2023-11-11 18:00:00 UTC
[2026-05-17 05:56:11] Forecast Rain Available hours: [6, 7, 8, 9, 10, 11, 12, 13, 14, 15, 16, 17, 18, 19, 20, 21, 22, 23, 24, 25, 26, 27, 28, 29]
[2026-05-17 05:56:11] Valid hours for sum: [12, 18, 24, 29]
[2026-05-17 05:56:14] Drought composite end date: 2023-11-06 06:00:00
[2026-05-17 05:56:14] Land cover year: 2022
[2026-05-17 05:56:16] VIIRS Veg composite: 2023-10-16 → 2023-11-01
[2026-05-17 05:56:22] Started export task: fire_255_dynamic_2023-11-11
[2026-05-17 05:56:22] END: ----------Event fire_255----------- (Duration: 4.57m)
[2026-05-17 05:56:22] START: ----------Event fire_265-----------
[2026-05-17 05:56:23] ------ Processing date=2023-11-05 ------
[2026-05-17 05:56:23] Using viirs_af_path: viirs_af_path
[2026-05-17 05:56:24] VIIRS Image Date: ['2023-11-05 00:00:00']
[2026-05-17 05:56:24] Weather image size: 1
[2026-05-17 05:56:24] Forecast duration: 2023-11-06 00:00:00 to 2023-11-07 00:00:00
[2026-05-17 05:56:26] Number of forecast images: 24
[2026-05-17 05:56:26] Using forecast run: 2023-11-05 18:00:00 UTC
[2026-05-17 05:56:26] Forecast Rain Available hours: [6, 7, 8, 9, 10, 11, 12, 13, 14, 15, 16, 17, 18, 19, 20, 21, 22, 23, 24, 25, 26, 27, 28, 29]
[2026-05-17 05:56:26] Valid hours for sum: [12, 18, 24, 29]
[2026-05-17 05:56:30] Drought composite end date: 2023-11-01 06:00:00
[2026-05-17 05:56:31] Land cover year: 2022
[2026-05-17 05:56:33] VIIRS Veg composite: 2023-10-24 → 2023-11-09
[2026-05-17 05:56:38] Started export task: fire_265_static
[2026-05-17 05:56:39] Started export task: fire_265_dynamic_2023-11-05
[2026-05-17 05:56:40] ------ Processing date=2023-11-06 ------
[2026-05-17 05:56:40] Using viirs_af_path: viirs_af_path
[2026-05-17 05:56:40] VIIRS Image Date: ['2023-11-06 00:00:00']
[2026-05-17 05:56:41] Weather image size: 1
[2026-05-17 05:56:41] Forecast duration: 2023-11-07 00:00:00 to 2023-11-08 00:00:00
[2026-05-17 05:56:42] Number of forecast images: 24
[2026-05-17 05:56:42] Using forecast run: 2023-11-06 18:00:00 UTC
[2026-05-17 05:56:43] Forecast Rain Available hours: [6, 7, 8, 9, 10, 11, 12, 13, 14, 15, 16, 17, 18, 19, 20, 21, 22, 23, 24, 25, 26, 27, 28, 29]
[2026-05-17 05:56:43] Valid hours for sum: [12, 18, 24, 29]
[2026-05-17 05:56:46] Drought composite end date: 2023-11-01 06:00:00
[2026-05-17 05:56:46] Land cover year: 2022
[2026-05-17 05:56:48] VIIRS Veg composite: 2023-10-24 → 2023-11-09
[2026-05-17 05:56:54] Started export task: fire_265_dynamic_2023-11-06
[2026-05-17 05:56:54] ------ Processing date=2023-11-07 ------
[2026-05-17 05:56:54] Using viirs_af_path: viirs_af_path
[2026-05-17 05:56:56] VIIRS Image Date: ['2023-11-07 00:00:00']
[2026-05-17 05:56:57] Weather image size: 1
[2026-05-17 05:56:57] Forecast duration: 2023-11-08 00:00:00 to 2023-11-09 00:00:00
[2026-05-17 05:56:59] Number of forecast images: 24
[2026-05-17 05:56:59] Using forecast run: 2023-11-07 18:00:00 UTC
[2026-05-17 05:57:01] Forecast Rain Available hours: [6, 7, 8, 9, 10, 11, 12, 13, 14, 15, 16, 17, 18, 19, 20, 21, 22, 23, 24, 25, 26, 27, 28, 29]
[2026-05-17 05:57:01] Valid hours for sum: [12, 18, 24, 29]
[2026-05-17 05:57:04] Drought composite end date: 2023-11-06 06:00:00
[2026-05-17 05:57:05] Land cover year: 2022
[2026-05-17 05:57:08] VIIRS Veg composite: 2023-10-24 → 2023-11-09
[2026-05-17 05:57:14] Started export task: fire_265_dynamic_2023-11-07
[2026-05-17 05:57:15] ------ Processing date=2023-11-08 ------
[2026-05-17 05:57:15] Using viirs_af_path: viirs_af_path
[2026-05-17 05:57:15] VIIRS Image Date: ['2023-11-08 00:00:00']
[2026-05-17 05:57:15] Weather image size: 1
[2026-05-17 05:57:15] Forecast duration: 2023-11-09 00:00:00 to 2023-11-10 00:00:00
[2026-05-17 05:57:18] Number of forecast images: 24
[2026-05-17 05:57:18] Using forecast run: 2023-11-08 18:00:00 UTC
[2026-05-17 05:57:19] Forecast Rain Available hours: [6, 7, 8, 9, 10, 11, 12, 13, 14, 15, 16, 17, 18, 19, 20, 21, 22, 23, 24, 25, 26, 27, 28, 29]
[2026-05-17 05:57:19] Valid hours for sum: [12, 18, 24, 29]
[2026-05-17 05:57:22] Drought composite end date: 2023-11-06 06:00:00
[2026-05-17 05:57:23] Land cover year: 2022
[2026-05-17 05:57:25] VIIRS Veg composite: 2023-10-24 → 2023-11-09
[2026-05-17 05:57:30] Started export task: fire_265_dynamic_2023-11-08
[2026-05-17 05:57:30] ------ Processing date=2023-11-09 ------
[2026-05-17 05:57:30] Using viirs_af_path: viirs_af_path
[2026-05-17 05:57:32] VIIRS Image Date: ['2023-11-09 00:00:00']
[2026-05-17 05:57:32] Weather image size: 1
[2026-05-17 05:57:32] Forecast duration: 2023-11-10 00:00:00 to 2023-11-11 00:00:00
[2026-05-17 05:57:35] Number of forecast images: 24
[2026-05-17 05:57:35] Using forecast run: 2023-11-09 18:00:00 UTC
[2026-05-17 05:57:35] Forecast Rain Available hours: [6, 7, 8, 9, 10, 11, 12, 13, 14, 15, 16, 17, 18, 19, 20, 21, 22, 23, 24, 25, 26, 27, 28, 29]
[2026-05-17 05:57:35] Valid hours for sum: [12, 18, 24, 29]
[2026-05-17 05:57:39] Drought composite end date: 2023-11-06 06:00:00
[2026-05-17 05:57:39] Land cover year: 2022
[2026-05-17 05:57:42] VIIRS Veg composite: 2023-10-24 → 2023-11-09
[2026-05-17 05:57:48] Started export task: fire_265_dynamic_2023-11-09
[2026-05-17 05:57:48] ------ Processing date=2023-11-10 ------
[2026-05-17 05:57:48] Using viirs_af_path: viirs_af_path
[2026-05-17 05:57:49] VIIRS Image Date: ['2023-11-10 00:00:00']
[2026-05-17 05:57:50] Weather image size: 1
[2026-05-17 05:57:50] Forecast duration: 2023-11-11 00:00:00 to 2023-11-12 00:00:00
[2026-05-17 05:57:51] Number of forecast images: 24
[2026-05-17 05:57:51] Using forecast run: 2023-11-10 18:00:00 UTC
[2026-05-17 05:57:52] Forecast Rain Available hours: [6, 7, 8, 9, 10, 11, 12, 13, 14, 15, 16, 17, 18, 19, 20, 21, 22, 23, 24, 25, 26, 27, 28, 29]
[2026-05-17 05:57:52] Valid hours for sum: [12, 18, 24, 29]
[2026-05-17 05:57:55] Drought composite end date: 2023-11-06 06:00:00
[2026-05-17 05:57:55] Land cover year: 2022
[2026-05-17 05:57:57] VIIRS Veg composite: 2023-10-24 → 2023-11-09
[2026-05-17 05:58:02] Started export task: fire_265_dynamic_2023-11-10
[2026-05-17 05:58:03] ------ Processing date=2023-11-11 ------
[2026-05-17 05:58:03] Using viirs_af_path: viirs_af_path
[2026-05-17 05:58:04] VIIRS Image Date: ['2023-11-11 00:00:00']
[2026-05-17 05:58:05] Weather image size: 1
[2026-05-17 05:58:05] Forecast duration: 2023-11-12 00:00:00 to 2023-11-13 00:00:00
[2026-05-17 05:58:06] Number of forecast images: 24
[2026-05-17 05:58:06] Using forecast run: 2023-11-11 18:00:00 UTC
[2026-05-17 05:58:07] Forecast Rain Available hours: [6, 7, 8, 9, 10, 11, 12, 13, 14, 15, 16, 17, 18, 19, 20, 21, 22, 23, 24, 25, 26, 27, 28, 29]
[2026-05-17 05:58:07] Valid hours for sum: [12, 18, 24, 29]
[2026-05-17 05:58:10] Drought composite end date: 2023-11-06 06:00:00
[2026-05-17 05:58:11] Land cover year: 2022
[2026-05-17 05:58:13] VIIRS Veg composite: 2023-10-24 → 2023-11-09
[2026-05-17 05:58:20] Started export task: fire_265_dynamic_2023-11-11
[2026-05-17 05:58:22] ------ Processing date=2023-11-12 ------
[2026-05-17 05:58:22] Using viirs_af_path: viirs_af_path
[2026-05-17 05:58:23] VIIRS Image Date: ['2023-11-12 00:00:00']
[2026-05-17 05:58:23] Weather image size: 1
[2026-05-17 05:58:23] Forecast duration: 2023-11-13 00:00:00 to 2023-11-14 00:00:00
[2026-05-17 05:58:24] Number of forecast images: 24
[2026-05-17 05:58:24] Using forecast run: 2023-11-12 18:00:00 UTC
[2026-05-17 05:58:25] Forecast Rain Available hours: [6, 7, 8, 9, 10, 11, 12, 13, 14, 15, 16, 17, 18, 19, 20, 21, 22, 23, 24, 25, 26, 27, 28, 29]
[2026-05-17 05:58:25] Valid hours for sum: [12, 18, 24, 29]
[2026-05-17 05:58:27] Drought composite end date: 2023-11-11 06:00:00
[2026-05-17 05:58:28] Land cover year: 2022
[2026-05-17 05:58:30] VIIRS Veg composite: 2023-10-24 → 2023-11-09
[2026-05-17 05:58:35] Started export task: fire_265_dynamic_2023-11-12
[2026-05-17 05:58:36] ------ Processing date=2023-11-13 ------
[2026-05-17 05:58:36] Using viirs_af_path: viirs_af_path
[2026-05-17 05:58:37] VIIRS Image Date: ['2023-11-13 00:00:00']
[2026-05-17 05:58:37] Weather image size: 1
[2026-05-17 05:58:37] Forecast duration: 2023-11-14 00:00:00 to 2023-11-15 00:00:00
[2026-05-17 05:58:39] Number of forecast images: 24
[2026-05-17 05:58:39] Using forecast run: 2023-11-13 18:00:00 UTC
[2026-05-17 05:58:40] Forecast Rain Available hours: [6, 7, 8, 9, 10, 11, 12, 13, 14, 15, 16, 17, 18, 19, 20, 21, 22, 23, 24, 25, 26, 27, 28, 29]
[2026-05-17 05:58:40] Valid hours for sum: [12, 18, 24, 29]
[2026-05-17 05:58:42] Drought composite end date: 2023-11-11 06:00:00
[2026-05-17 05:58:44] Land cover year: 2022
[2026-05-17 05:58:49] VIIRS Veg composite: 2023-10-24 → 2023-11-09
[2026-05-17 05:58:54] Started export task: fire_265_dynamic_2023-11-13
[2026-05-17 05:58:54] ------ Processing date=2023-11-14 ------
[2026-05-17 05:58:54] Using viirs_af_path: viirs_af_path
[2026-05-17 05:58:55] VIIRS Image Date: ['2023-11-14 00:00:00']
[2026-05-17 05:58:55] Weather image size: 1
[2026-05-17 05:58:55] Forecast duration: 2023-11-15 00:00:00 to 2023-11-16 00:00:00
[2026-05-17 05:58:57] Number of forecast images: 24
[2026-05-17 05:58:57] Using forecast run: 2023-11-14 18:00:00 UTC
[2026-05-17 05:58:59] Forecast Rain Available hours: [6, 7, 8, 9, 10, 11, 12, 13, 14, 15, 16, 17, 18, 19, 20, 21, 22, 23, 24, 25, 26, 27, 28, 29]
[2026-05-17 05:58:59] Valid hours for sum: [12, 18, 24, 29]
[2026-05-17 05:59:02] Drought composite end date: 2023-11-11 06:00:00
[2026-05-17 05:59:02] Land cover year: 2022
[2026-05-17 05:59:04] VIIRS Veg composite: 2023-10-24 → 2023-11-09
[2026-05-17 05:59:09] Started export task: fire_265_dynamic_2023-11-14
[2026-05-17 05:59:09] ------ Processing date=2023-11-15 ------
[2026-05-17 05:59:09] Using viirs_af_path: viirs_af_path
[2026-05-17 05:59:10] VIIRS Image Date: ['2023-11-15 00:00:00']
[2026-05-17 05:59:10] Weather image size: 1
[2026-05-17 05:59:10] Forecast duration: 2023-11-16 00:00:00 to 2023-11-17 00:00:00
[2026-05-17 05:59:11] Number of forecast images: 24
[2026-05-17 05:59:11] Using forecast run: 2023-11-15 18:00:00 UTC
[2026-05-17 05:59:12] Forecast Rain Available hours: [6, 7, 8, 9, 10, 11, 12, 13, 14, 15, 16, 17, 18, 19, 20, 21, 22, 23, 24, 25, 26, 27, 28, 29]
[2026-05-17 05:59:12] Valid hours for sum: [12, 18, 24, 29]
[2026-05-17 05:59:14] Drought composite end date: 2023-11-11 06:00:00
[2026-05-17 05:59:14] Land cover year: 2022
[2026-05-17 05:59:15] VIIRS Veg composite: 2023-10-24 → 2023-11-09
[2026-05-17 05:59:19] Started export task: fire_265_dynamic_2023-11-15
[2026-05-17 05:59:20] ------ Processing date=2023-11-16 ------
[2026-05-17 05:59:20] Using viirs_af_path: viirs_af_path
[2026-05-17 05:59:20] VIIRS Image Date: ['2023-11-16 00:00:00']
[2026-05-17 05:59:21] Weather image size: 1
[2026-05-17 05:59:21] Forecast duration: 2023-11-17 00:00:00 to 2023-11-18 00:00:00
[2026-05-17 05:59:22] Number of forecast images: 24
[2026-05-17 05:59:22] Using forecast run: 2023-11-16 18:00:00 UTC
[2026-05-17 05:59:22] Forecast Rain Available hours: [6, 7, 8, 9, 10, 11, 12, 13, 14, 15, 16, 17, 18, 19, 20, 21, 22, 23, 24, 25, 26, 27, 28, 29]
[2026-05-17 05:59:22] Valid hours for sum: [12, 18, 24, 29]
[2026-05-17 05:59:25] Drought composite end date: 2023-11-11 06:00:00
[2026-05-17 05:59:25] Land cover year: 2022
[2026-05-17 05:59:26] VIIRS Veg composite: 2023-10-24 → 2023-11-09
[2026-05-17 05:59:30] Started export task: fire_265_dynamic_2023-11-16
[2026-05-17 05:59:30] ------ Processing date=2023-11-17 ------
[2026-05-17 05:59:30] Using viirs_af_path: viirs_af_path
[2026-05-17 05:59:30] VIIRS Image Date: ['2023-11-17 00:00:00']
[2026-05-17 05:59:31] Weather image size: 1
[2026-05-17 05:59:31] Forecast duration: 2023-11-18 00:00:00 to 2023-11-19 00:00:00
[2026-05-17 05:59:31] Number of forecast images: 24
[2026-05-17 05:59:31] Using forecast run: 2023-11-17 18:00:00 UTC
[2026-05-17 05:59:32] Forecast Rain Available hours: [6, 7, 8, 9, 10, 11, 12, 13, 14, 15, 16, 17, 18, 19, 20, 21, 22, 23, 24, 25, 26, 27, 28, 29]
[2026-05-17 05:59:32] Valid hours for sum: [12, 18, 24, 29]
[2026-05-17 05:59:34] Drought composite end date: 2023-11-16 06:00:00
[2026-05-17 05:59:35] Land cover year: 2022
[2026-05-17 05:59:36] VIIRS Veg composite: 2023-10-24 → 2023-11-09
[2026-05-17 05:59:42] Started export task: fire_265_dynamic_2023-11-17
[2026-05-17 05:59:42] ------ Processing date=2023-11-18 ------
[2026-05-17 05:59:42] Using viirs_af_path: viirs_af_path
[2026-05-17 05:59:43] VIIRS Image Date: ['2023-11-18 00:00:00']
[2026-05-17 05:59:43] Weather image size: 1
[2026-05-17 05:59:43] Forecast duration: 2023-11-19 00:00:00 to 2023-11-20 00:00:00
[2026-05-17 05:59:44] Number of forecast images: 24
[2026-05-17 05:59:44] Using forecast run: 2023-11-18 18:00:00 UTC
[2026-05-17 05:59:45] Forecast Rain Available hours: [6, 7, 8, 9, 10, 11, 12, 13, 14, 15, 16, 17, 18, 19, 20, 21, 22, 23, 24, 25, 26, 27, 28, 29]
[2026-05-17 05:59:45] Valid hours for sum: [12, 18, 24, 29]
[2026-05-17 05:59:47] Drought composite end date: 2023-11-16 06:00:00
[2026-05-17 05:59:47] Land cover year: 2022
[2026-05-17 05:59:48] VIIRS Veg composite: 2023-10-24 → 2023-11-09
[2026-05-17 05:59:52] Started export task: fire_265_dynamic_2023-11-18
[2026-05-17 05:59:52] ------ Processing date=2023-11-19 ------
[2026-05-17 05:59:52] Using viirs_af_path: viirs_af_path
[2026-05-17 05:59:52] VIIRS Image Date: ['2023-11-19 00:00:00']
[2026-05-17 05:59:53] Weather image size: 1
[2026-05-17 05:59:53] Forecast duration: 2023-11-20 00:00:00 to 2023-11-21 00:00:00
[2026-05-17 05:59:54] Number of forecast images: 24
[2026-05-17 05:59:54] Using forecast run: 2023-11-19 18:00:00 UTC
[2026-05-17 05:59:54] Forecast Rain Available hours: [6, 7, 8, 9, 10, 11, 12, 13, 14, 15, 16, 17, 18, 19, 20, 21, 22, 23, 24, 25, 26, 27, 28, 29]
[2026-05-17 05:59:54] Valid hours for sum: [12, 18, 24, 29]
[2026-05-17 05:59:58] Drought composite end date: 2023-11-16 06:00:00
[2026-05-17 05:59:58] Land cover year: 2022
[2026-05-17 05:59:59] VIIRS Veg composite: 2023-10-24 → 2023-11-09
[2026-05-17 06:00:04] Started export task: fire_265_dynamic_2023-11-19
[2026-05-17 06:00:04] ------ Processing date=2023-11-20 ------
[2026-05-17 06:00:04] Using viirs_af_path: viirs_af_path
[2026-05-17 06:00:05] VIIRS Image Date: ['2023-11-20 00:00:00']
[2026-05-17 06:00:05] Weather image size: 1
[2026-05-17 06:00:05] Forecast duration: 2023-11-21 00:00:00 to 2023-11-22 00:00:00
[2026-05-17 06:00:06] Number of forecast images: 24
[2026-05-17 06:00:06] Using forecast run: 2023-11-20 18:00:00 UTC
[2026-05-17 06:00:06] Forecast Rain Available hours: [6, 7, 8, 9, 10, 11, 12, 13, 14, 15, 16, 17, 18, 19, 20, 21, 22, 23, 24, 25, 26, 27, 28, 29]
[2026-05-17 06:00:06] Valid hours for sum: [12, 18, 24, 29]
[2026-05-17 06:00:09] Drought composite end date: 2023-11-16 06:00:00
[2026-05-17 06:00:09] Land cover year: 2022
[2026-05-17 06:00:10] VIIRS Veg composite: 2023-10-24 → 2023-11-09
[2026-05-17 06:00:14] Started export task: fire_265_dynamic_2023-11-20
[2026-05-17 06:00:14] ------ Processing date=2023-11-21 ------
[2026-05-17 06:00:14] Using viirs_af_path: viirs_af_path
[2026-05-17 06:00:14] VIIRS Image Date: ['2023-11-21 00:00:00']
[2026-05-17 06:00:15] Weather image size: 1
[2026-05-17 06:00:15] Forecast duration: 2023-11-22 00:00:00 to 2023-11-23 00:00:00
[2026-05-17 06:00:16] Number of forecast images: 24
[2026-05-17 06:00:16] Using forecast run: 2023-11-21 18:00:00 UTC
[2026-05-17 06:00:16] Forecast Rain Available hours: [6, 7, 8, 9, 10, 11, 12, 13, 14, 15, 16, 17, 18, 19, 20, 21, 22, 23, 24, 25, 26, 27, 28, 29]
[2026-05-17 06:00:16] Valid hours for sum: [12, 18, 24, 29]
[2026-05-17 06:00:19] Drought composite end date: 2023-11-16 06:00:00
[2026-05-17 06:00:20] Land cover year: 2022
[2026-05-17 06:00:21] VIIRS Veg composite: 2023-10-24 → 2023-11-09
[2026-05-17 06:00:24] Started export task: fire_265_dynamic_2023-11-21
[2026-05-17 06:00:25] ------ Processing date=2023-11-22 ------
[2026-05-17 06:00:25] Using viirs_af_path: viirs_af_path
[2026-05-17 06:00:25] VIIRS Image Date: ['2023-11-22 00:00:00']
[2026-05-17 06:00:25] Weather image size: 1
[2026-05-17 06:00:25] Forecast duration: 2023-11-23 00:00:00 to 2023-11-24 00:00:00
[2026-05-17 06:00:26] Number of forecast images: 24
[2026-05-17 06:00:26] Using forecast run: 2023-11-22 18:00:00 UTC
[2026-05-17 06:00:27] Forecast Rain Available hours: [6, 7, 8, 9, 10, 11, 12, 13, 14, 15, 16, 17, 18, 19, 20, 21, 22, 23, 24, 25, 26, 27, 28, 29]
[2026-05-17 06:00:27] Valid hours for sum: [12, 18, 24, 29]
[2026-05-17 06:00:29] Drought composite end date: 2023-11-21 06:00:00
[2026-05-17 06:00:30] Land cover year: 2022
[2026-05-17 06:00:31] VIIRS Veg composite: 2023-10-24 → 2023-11-09
[2026-05-17 06:00:35] Started export task: fire_265_dynamic_2023-11-22
[2026-05-17 06:00:35] END: ----------Event fire_265----------- (Duration: 4.22m)
[2026-05-17 06:00:35] ========= Run finished. ========= 

[2026-05-17 06:00:35] Success count: 8
[2026-05-17 06:00:35] Failure count: 0
[2026-05-17 06:00:35] END: Dataset Creation Run (Duration: 36.92m)