[2026-05-19 09:18:05] START: Dataset Creation Run
[2026-05-19 09:18:05] Loading config from /Users/rabinatwayana/2_CDE_MT/CL/CDE_Master_Thesis_Wildfire_CL/dataset_creation/output_events_yaml/manual_selected_events_2022.yaml
[2026-05-19 09:18:05] Using key file: key/gcloud_key.json
[2026-05-19 09:18:05] Using service account: None
[2026-05-19 09:18:05] Using VIIRS AF asset path: projects/wsts-dataset-creation/assets/viirs_snpp_fire_archive_jun2016_apr2026
[2026-05-19 09:18:05] START: Earth Engine Initialization
[2026-05-19 09:18:08] VIIRS AF asset accessible: projects/wsts-dataset-creation/assets/viirs_snpp_fire_archive_jun2016_apr2026
[2026-05-19 09:18:08] END: Earth Engine Initialization (Duration: 2.33s)
[2026-05-19 09:18:08] Total fire events to process: 11
[2026-05-19 09:18:08] =======Config=============
[2026-05-19 09:18:08] output_bucket: wsts_dataset
[2026-05-19 09:18:08] global_degree_bbox_size: 1.0
[2026-05-19 09:18:08] year: 2022
[2026-05-19 09:18:08] export_crs: EPSG:5070
[2026-05-19 09:18:08] export_resolution: 375
[2026-05-19 09:18:08] pre_buffer_days: 8
[2026-05-19 09:18:08] post_buffer_days: 2
[2026-05-19 09:18:08] START: ----------Event fire_150-----------
[2026-05-19 09:18:08] ------ Processing date=2022-06-29 ------
[2026-05-19 09:18:08] Using viirs_af_path: viirs_af_path
[2026-05-19 09:18:09] VIIRS Image Date: ['2022-06-29 00:00:00']
[2026-05-19 09:18:09] Weather image size: 1
[2026-05-19 09:18:09] Forecast duration: 2022-06-30 00:00:00 to 2022-07-01 00:00:00
[2026-05-19 09:18:11] Number of forecast images: 24
[2026-05-19 09:18:11] Using forecast run: 2022-06-29 18:00:00 UTC
[2026-05-19 09:18:11] Forecast Rain Available hours: [6, 7, 8, 9, 10, 11, 12, 13, 14, 15, 16, 17, 18, 19, 20, 21, 22, 23, 24, 25, 26, 27, 28, 29]
[2026-05-19 09:18:11] Valid hours for sum: [12, 18, 24, 29]
[2026-05-19 09:18:14] Drought composite end date: 2022-06-24 06:00:00
[2026-05-19 09:18:15] Land cover year: 2021
[2026-05-19 09:18:16] VIIRS Veg composite: 2022-06-18 → 2022-07-04
[2026-05-19 09:18:20] Started export task: fire_150_static
[2026-05-19 09:18:20] Started export task: fire_150_dynamic_2022-06-29
[2026-05-19 09:18:21] ------ Processing date=2022-06-30 ------
[2026-05-19 09:18:21] Using viirs_af_path: viirs_af_path
[2026-05-19 09:18:22] VIIRS Image Date: ['2022-06-30 00:00:00']
[2026-05-19 09:18:22] Weather image size: 1
[2026-05-19 09:18:22] Forecast duration: 2022-07-01 00:00:00 to 2022-07-02 00:00:00
[2026-05-19 09:18:23] Number of forecast images: 24
[2026-05-19 09:18:23] Using forecast run: 2022-06-30 18:00:00 UTC
[2026-05-19 09:18:23] Forecast Rain Available hours: [6, 7, 8, 9, 10, 11, 12, 13, 14, 15, 16, 17, 18, 19, 20, 21, 22, 23, 24, 25, 26, 27, 28, 29]
[2026-05-19 09:18:23] Valid hours for sum: [12, 18, 24, 29]
[2026-05-19 09:18:25] Drought composite end date: 2022-06-29 06:00:00
[2026-05-19 09:18:25] Land cover year: 2021
[2026-05-19 09:18:26] VIIRS Veg composite: 2022-06-18 → 2022-07-04
[2026-05-19 09:18:29] Started export task: fire_150_dynamic_2022-06-30
[2026-05-19 09:18:29] ------ Processing date=2022-07-01 ------
[2026-05-19 09:18:29] Using viirs_af_path: viirs_af_path
[2026-05-19 09:18:29] VIIRS Image Date: ['2022-07-01 00:00:00']
[2026-05-19 09:18:29] Weather image size: 1
[2026-05-19 09:18:29] Forecast duration: 2022-07-02 00:00:00 to 2022-07-03 00:00:00
[2026-05-19 09:18:31] Number of forecast images: 24
[2026-05-19 09:18:31] Using forecast run: 2022-07-01 18:00:00 UTC
[2026-05-19 09:18:32] Forecast Rain Available hours: [6, 7, 8, 9, 10, 11, 12, 13, 14, 15, 16, 17, 18, 19, 20, 21, 22, 23, 24, 25, 26, 27, 28, 29]
[2026-05-19 09:18:32] Valid hours for sum: [12, 18, 24, 29]
[2026-05-19 09:18:33] Drought composite end date: 2022-06-29 06:00:00
[2026-05-19 09:18:34] Land cover year: 2021
[2026-05-19 09:18:36] VIIRS Veg composite: 2022-06-18 → 2022-07-04
[2026-05-19 09:18:40] Started export task: fire_150_dynamic_2022-07-01
[2026-05-19 09:18:41] ------ Processing date=2022-07-02 ------
[2026-05-19 09:18:41] Using viirs_af_path: viirs_af_path
[2026-05-19 09:18:41] VIIRS Image Date: ['2022-07-02 00:00:00']
[2026-05-19 09:18:41] Weather image size: 1
[2026-05-19 09:18:41] Forecast duration: 2022-07-03 00:00:00 to 2022-07-04 00:00:00
[2026-05-19 09:18:42] Number of forecast images: 24
[2026-05-19 09:18:42] Using forecast run: 2022-07-02 18:00:00 UTC
[2026-05-19 09:18:42] Forecast Rain Available hours: [6, 7, 8, 9, 10, 11, 12, 13, 14, 15, 16, 17, 18, 19, 20, 21, 22, 23, 24, 25, 26, 27, 28, 29]
[2026-05-19 09:18:42] Valid hours for sum: [12, 18, 24, 29]
[2026-05-19 09:18:44] Drought composite end date: 2022-06-29 06:00:00
[2026-05-19 09:18:44] Land cover year: 2021
[2026-05-19 09:18:45] VIIRS Veg composite: 2022-06-18 → 2022-07-04
[2026-05-19 09:18:49] Started export task: fire_150_dynamic_2022-07-02
[2026-05-19 09:18:49] ------ Processing date=2022-07-03 ------
[2026-05-19 09:18:49] Using viirs_af_path: viirs_af_path
[2026-05-19 09:18:50] VIIRS Image Date: ['2022-07-03 00:00:00']
[2026-05-19 09:18:50] Weather image size: 1
[2026-05-19 09:18:50] Forecast duration: 2022-07-04 00:00:00 to 2022-07-05 00:00:00
[2026-05-19 09:18:52] Number of forecast images: 24
[2026-05-19 09:18:52] Using forecast run: 2022-07-03 18:00:00 UTC
[2026-05-19 09:18:52] Forecast Rain Available hours: [6, 7, 8, 9, 10, 11, 12, 13, 14, 15, 16, 17, 18, 19, 20, 21, 22, 23, 24, 25, 26, 27, 28, 29]
[2026-05-19 09:18:52] Valid hours for sum: [12, 18, 24, 29]
[2026-05-19 09:18:54] Drought composite end date: 2022-06-29 06:00:00
[2026-05-19 09:18:54] Land cover year: 2021
[2026-05-19 09:18:55] VIIRS Veg composite: 2022-06-18 → 2022-07-04
[2026-05-19 09:19:00] Started export task: fire_150_dynamic_2022-07-03
[2026-05-19 09:19:01] ------ Processing date=2022-07-04 ------
[2026-05-19 09:19:01] Using viirs_af_path: viirs_af_path
[2026-05-19 09:19:01] VIIRS Image Date: ['2022-07-04 00:00:00']
[2026-05-19 09:19:01] Weather image size: 1
[2026-05-19 09:19:01] Forecast duration: 2022-07-05 00:00:00 to 2022-07-06 00:00:00
[2026-05-19 09:19:02] Number of forecast images: 24
[2026-05-19 09:19:02] Using forecast run: 2022-07-04 18:00:00 UTC
[2026-05-19 09:19:02] Forecast Rain Available hours: [6, 7, 8, 9, 10, 11, 12, 13, 14, 15, 16, 17, 18, 19, 20, 21, 22, 23, 24, 25, 26, 27, 28, 29]
[2026-05-19 09:19:02] Valid hours for sum: [12, 18, 24, 29]
[2026-05-19 09:19:05] Drought composite end date: 2022-06-29 06:00:00
[2026-05-19 09:19:05] Land cover year: 2021
[2026-05-19 09:19:06] VIIRS Veg composite: 2022-06-18 → 2022-07-04
[2026-05-19 09:19:10] Started export task: fire_150_dynamic_2022-07-04
[2026-05-19 09:19:10] ------ Processing date=2022-07-05 ------
[2026-05-19 09:19:10] Using viirs_af_path: viirs_af_path
[2026-05-19 09:19:10] VIIRS Image Date: ['2022-07-05 00:00:00']
[2026-05-19 09:19:10] Weather image size: 1
[2026-05-19 09:19:10] Forecast duration: 2022-07-06 00:00:00 to 2022-07-07 00:00:00
[2026-05-19 09:19:11] Number of forecast images: 24
[2026-05-19 09:19:11] Using forecast run: 2022-07-05 18:00:00 UTC
[2026-05-19 09:19:12] Forecast Rain Available hours: [6, 7, 8, 9, 10, 11, 12, 13, 14, 15, 16, 17, 18, 19, 20, 21, 22, 23, 24, 25, 26, 27, 28, 29]
[2026-05-19 09:19:12] Valid hours for sum: [12, 18, 24, 29]
[2026-05-19 09:19:14] Drought composite end date: 2022-07-04 06:00:00
[2026-05-19 09:19:14] Land cover year: 2021
[2026-05-19 09:19:15] VIIRS Veg composite: 2022-06-18 → 2022-07-04
[2026-05-19 09:19:20] Started export task: fire_150_dynamic_2022-07-05
[2026-05-19 09:19:20] ------ Processing date=2022-07-06 ------
[2026-05-19 09:19:20] Using viirs_af_path: viirs_af_path
[2026-05-19 09:19:20] VIIRS Image Date: ['2022-07-06 00:00:00']
[2026-05-19 09:19:21] Weather image size: 1
[2026-05-19 09:19:21] Forecast duration: 2022-07-07 00:00:00 to 2022-07-08 00:00:00
[2026-05-19 09:19:22] Number of forecast images: 24
[2026-05-19 09:19:22] Using forecast run: 2022-07-06 18:00:00 UTC
[2026-05-19 09:19:22] Forecast Rain Available hours: [6, 7, 8, 9, 10, 11, 12, 13, 14, 15, 16, 17, 18, 19, 20, 21, 22, 23, 24, 25, 26, 27, 28, 29]
[2026-05-19 09:19:22] Valid hours for sum: [12, 18, 24, 29]
[2026-05-19 09:19:25] Drought composite end date: 2022-07-04 06:00:00
[2026-05-19 09:19:25] Land cover year: 2021
[2026-05-19 09:19:26] VIIRS Veg composite: 2022-06-18 → 2022-07-04
[2026-05-19 09:19:29] Started export task: fire_150_dynamic_2022-07-06
[2026-05-19 09:19:30] ------ Processing date=2022-07-07 ------
[2026-05-19 09:19:30] Using viirs_af_path: viirs_af_path
[2026-05-19 09:19:30] VIIRS Image Date: ['2022-07-07 00:00:00']
[2026-05-19 09:19:30] Weather image size: 1
[2026-05-19 09:19:30] Forecast duration: 2022-07-08 00:00:00 to 2022-07-09 00:00:00
[2026-05-19 09:19:31] Number of forecast images: 24
[2026-05-19 09:19:31] Using forecast run: 2022-07-07 18:00:00 UTC
[2026-05-19 09:19:32] Forecast Rain Available hours: [6, 7, 8, 9, 10, 11, 12, 13, 14, 15, 16, 17, 18, 19, 20, 21, 22, 23, 24, 25, 26, 27, 28, 29]
[2026-05-19 09:19:32] Valid hours for sum: [12, 18, 24, 29]
[2026-05-19 09:19:33] Drought composite end date: 2022-07-04 06:00:00
[2026-05-19 09:19:33] Land cover year: 2021
[2026-05-19 09:19:34] VIIRS Veg composite: 2022-06-18 → 2022-07-04
[2026-05-19 09:19:39] Started export task: fire_150_dynamic_2022-07-07
[2026-05-19 09:19:39] ------ Processing date=2022-07-08 ------
[2026-05-19 09:19:39] Using viirs_af_path: viirs_af_path
[2026-05-19 09:19:39] VIIRS Image Date: ['2022-07-08 00:00:00']
[2026-05-19 09:19:40] Weather image size: 1
[2026-05-19 09:19:40] Forecast duration: 2022-07-09 00:00:00 to 2022-07-10 00:00:00
[2026-05-19 09:19:41] Number of forecast images: 24
[2026-05-19 09:19:41] Using forecast run: 2022-07-08 18:00:00 UTC
[2026-05-19 09:19:42] Forecast Rain Available hours: [6, 7, 8, 9, 10, 11, 12, 13, 14, 15, 16, 17, 18, 19, 20, 21, 22, 23, 24, 25, 26, 27, 28, 29]
[2026-05-19 09:19:42] Valid hours for sum: [12, 18, 24, 29]
[2026-05-19 09:19:44] Drought composite end date: 2022-07-04 06:00:00
[2026-05-19 09:19:44] Land cover year: 2021
[2026-05-19 09:19:45] VIIRS Veg composite: 2022-06-18 → 2022-07-04
[2026-05-19 09:19:49] Started export task: fire_150_dynamic_2022-07-08
[2026-05-19 09:19:49] ------ Processing date=2022-07-09 ------
[2026-05-19 09:19:49] Using viirs_af_path: viirs_af_path
[2026-05-19 09:19:50] VIIRS Image Date: ['2022-07-09 00:00:00']
[2026-05-19 09:19:50] Weather image size: 1
[2026-05-19 09:19:50] Forecast duration: 2022-07-10 00:00:00 to 2022-07-11 00:00:00
[2026-05-19 09:19:51] Number of forecast images: 24
[2026-05-19 09:19:51] Using forecast run: 2022-07-09 18:00:00 UTC
[2026-05-19 09:19:51] Forecast Rain Available hours: [6, 7, 8, 9, 10, 11, 12, 13, 14, 15, 16, 17, 18, 19, 20, 21, 22, 23, 24, 25, 26, 27, 28, 29]
[2026-05-19 09:19:51] Valid hours for sum: [12, 18, 24, 29]
[2026-05-19 09:19:53] Drought composite end date: 2022-07-04 06:00:00
[2026-05-19 09:19:53] Land cover year: 2021
[2026-05-19 09:19:54] VIIRS Veg composite: 2022-06-18 → 2022-07-04
[2026-05-19 09:20:00] Started export task: fire_150_dynamic_2022-07-09
[2026-05-19 09:20:00] ------ Processing date=2022-07-10 ------
[2026-05-19 09:20:00] Using viirs_af_path: viirs_af_path
[2026-05-19 09:20:00] VIIRS Image Date: ['2022-07-10 00:00:00']
[2026-05-19 09:20:00] Weather image size: 1
[2026-05-19 09:20:00] Forecast duration: 2022-07-11 00:00:00 to 2022-07-12 00:00:00
[2026-05-19 09:20:01] Number of forecast images: 24
[2026-05-19 09:20:01] Using forecast run: 2022-07-10 18:00:00 UTC
[2026-05-19 09:20:02] Forecast Rain Available hours: [6, 7, 8, 9, 10, 11, 12, 13, 14, 15, 16, 17, 18, 19, 20, 21, 22, 23, 24, 25, 26, 27, 28, 29]
[2026-05-19 09:20:02] Valid hours for sum: [12, 18, 24, 29]
[2026-05-19 09:20:03] Drought composite end date: 2022-07-09 06:00:00
[2026-05-19 09:20:04] Land cover year: 2021
[2026-05-19 09:20:06] VIIRS Veg composite: 2022-06-18 → 2022-07-04
[2026-05-19 09:20:10] Started export task: fire_150_dynamic_2022-07-10
[2026-05-19 09:20:10] ------ Processing date=2022-07-11 ------
[2026-05-19 09:20:10] Using viirs_af_path: viirs_af_path
[2026-05-19 09:20:10] VIIRS Image Date: ['2022-07-11 00:00:00']
[2026-05-19 09:20:11] Weather image size: 1
[2026-05-19 09:20:11] Forecast duration: 2022-07-12 00:00:00 to 2022-07-13 00:00:00
[2026-05-19 09:20:11] Number of forecast images: 24
[2026-05-19 09:20:11] Using forecast run: 2022-07-11 18:00:00 UTC
[2026-05-19 09:20:12] Forecast Rain Available hours: [6, 7, 8, 9, 10, 11, 12, 13, 14, 15, 16, 17, 18, 19, 20, 21, 22, 23, 24, 25, 26, 27, 28, 29]
[2026-05-19 09:20:12] Valid hours for sum: [12, 18, 24, 29]
[2026-05-19 09:20:14] Drought composite end date: 2022-07-09 06:00:00
[2026-05-19 09:20:14] Land cover year: 2021
[2026-05-19 09:20:15] VIIRS Veg composite: 2022-06-18 → 2022-07-04
[2026-05-19 09:20:20] Started export task: fire_150_dynamic_2022-07-11
[2026-05-19 09:20:20] ------ Processing date=2022-07-12 ------
[2026-05-19 09:20:20] Using viirs_af_path: viirs_af_path
[2026-05-19 09:20:21] VIIRS Image Date: ['2022-07-12 00:00:00']
[2026-05-19 09:20:21] Weather image size: 1
[2026-05-19 09:20:21] Forecast duration: 2022-07-13 00:00:00 to 2022-07-14 00:00:00
[2026-05-19 09:20:22] Number of forecast images: 24
[2026-05-19 09:20:22] Using forecast run: 2022-07-12 18:00:00 UTC
[2026-05-19 09:20:22] Forecast Rain Available hours: [6, 7, 8, 9, 10, 11, 12, 13, 14, 15, 16, 17, 18, 19, 20, 21, 22, 23, 24, 25, 26, 27, 28, 29]
[2026-05-19 09:20:22] Valid hours for sum: [12, 18, 24, 29]
[2026-05-19 09:20:24] Drought composite end date: 2022-07-09 06:00:00
[2026-05-19 09:20:25] Land cover year: 2021
[2026-05-19 09:20:26] VIIRS Veg composite: 2022-06-18 → 2022-07-04
[2026-05-19 09:20:30] Started export task: fire_150_dynamic_2022-07-12
[2026-05-19 09:20:30] ------ Processing date=2022-07-13 ------
[2026-05-19 09:20:30] Using viirs_af_path: viirs_af_path
[2026-05-19 09:20:31] VIIRS Image Date: ['2022-07-13 00:00:00']
[2026-05-19 09:20:31] Weather image size: 1
[2026-05-19 09:20:31] Forecast duration: 2022-07-14 00:00:00 to 2022-07-15 00:00:00
[2026-05-19 09:20:32] Number of forecast images: 24
[2026-05-19 09:20:32] Using forecast run: 2022-07-13 18:00:00 UTC
[2026-05-19 09:20:33] Forecast Rain Available hours: [6, 7, 8, 9, 10, 11, 12, 13, 14, 15, 16, 17, 18, 19, 20, 21, 22, 23, 24, 25, 26, 27, 28, 29]
[2026-05-19 09:20:33] Valid hours for sum: [12, 18, 24, 29]
[2026-05-19 09:20:35] Drought composite end date: 2022-07-09 06:00:00
[2026-05-19 09:20:35] Land cover year: 2021
[2026-05-19 09:20:37] VIIRS Veg composite: 2022-06-18 → 2022-07-04
[2026-05-19 09:20:40] Started export task: fire_150_dynamic_2022-07-13
[2026-05-19 09:20:40] ------ Processing date=2022-07-14 ------
[2026-05-19 09:20:40] Using viirs_af_path: viirs_af_path
[2026-05-19 09:20:40] VIIRS Image Date: ['2022-07-14 00:00:00']
[2026-05-19 09:20:41] Weather image size: 1
[2026-05-19 09:20:41] Forecast duration: 2022-07-15 00:00:00 to 2022-07-16 00:00:00
[2026-05-19 09:20:41] Number of forecast images: 24
[2026-05-19 09:20:41] Using forecast run: 2022-07-14 18:00:00 UTC
[2026-05-19 09:20:42] Forecast Rain Available hours: [6, 7, 8, 9, 10, 11, 12, 13, 14, 15, 16, 17, 18, 19, 20, 21, 22, 23, 24, 25, 26, 27, 28, 29]
[2026-05-19 09:20:42] Valid hours for sum: [12, 18, 24, 29]
[2026-05-19 09:20:44] Drought composite end date: 2022-07-09 06:00:00
[2026-05-19 09:20:44] Land cover year: 2021
[2026-05-19 09:20:45] VIIRS Veg composite: 2022-06-18 → 2022-07-04
[2026-05-19 09:20:48] Started export task: fire_150_dynamic_2022-07-14
[2026-05-19 09:20:48] ------ Processing date=2022-07-15 ------
[2026-05-19 09:20:48] Using viirs_af_path: viirs_af_path
[2026-05-19 09:20:48] VIIRS Image Date: ['2022-07-15 00:00:00']
[2026-05-19 09:20:49] Weather image size: 1
[2026-05-19 09:20:49] Forecast duration: 2022-07-16 00:00:00 to 2022-07-17 00:00:00
[2026-05-19 09:20:50] Number of forecast images: 24
[2026-05-19 09:20:50] Using forecast run: 2022-07-15 18:00:00 UTC
[2026-05-19 09:20:50] Forecast Rain Available hours: [6, 7, 8, 9, 10, 11, 12, 13, 14, 15, 16, 17, 18, 19, 20, 21, 22, 23, 24, 25, 26, 27, 28, 29]
[2026-05-19 09:20:50] Valid hours for sum: [12, 18, 24, 29]
[2026-05-19 09:20:53] Drought composite end date: 2022-07-14 06:00:00
[2026-05-19 09:20:53] Land cover year: 2021
[2026-05-19 09:20:55] VIIRS Veg composite: 2022-06-18 → 2022-07-04
[2026-05-19 09:20:58] Started export task: fire_150_dynamic_2022-07-15
[2026-05-19 09:20:58] ------ Processing date=2022-07-16 ------
[2026-05-19 09:20:58] Using viirs_af_path: viirs_af_path
[2026-05-19 09:20:59] VIIRS Image Date: ['2022-07-16 00:00:00']
[2026-05-19 09:20:59] Weather image size: 1
[2026-05-19 09:20:59] Forecast duration: 2022-07-17 00:00:00 to 2022-07-18 00:00:00
[2026-05-19 09:21:00] Number of forecast images: 24
[2026-05-19 09:21:00] Using forecast run: 2022-07-16 18:00:00 UTC
[2026-05-19 09:21:00] Forecast Rain Available hours: [6, 7, 8, 9, 10, 11, 12, 13, 14, 15, 16, 17, 18, 19, 20, 21, 22, 23, 24, 25, 26, 27, 28, 29]
[2026-05-19 09:21:00] Valid hours for sum: [12, 18, 24, 29]
[2026-05-19 09:21:01] Drought composite end date: 2022-07-14 06:00:00
[2026-05-19 09:21:02] Land cover year: 2021
[2026-05-19 09:21:02] VIIRS Veg composite: 2022-06-18 → 2022-07-04
[2026-05-19 09:21:07] Started export task: fire_150_dynamic_2022-07-16
[2026-05-19 09:21:07] ------ Processing date=2022-07-17 ------
[2026-05-19 09:21:07] Using viirs_af_path: viirs_af_path
[2026-05-19 09:21:08] VIIRS Image Date: ['2022-07-17 00:00:00']
[2026-05-19 09:21:08] Weather image size: 1
[2026-05-19 09:21:08] Forecast duration: 2022-07-18 00:00:00 to 2022-07-19 00:00:00
[2026-05-19 09:21:09] Number of forecast images: 24
[2026-05-19 09:21:09] Using forecast run: 2022-07-17 18:00:00 UTC
[2026-05-19 09:21:09] Forecast Rain Available hours: [6, 7, 8, 9, 10, 11, 12, 13, 14, 15, 16, 17, 18, 19, 20, 21, 22, 23, 24, 25, 26, 27, 28, 29]
[2026-05-19 09:21:09] Valid hours for sum: [12, 18, 24, 29]
[2026-05-19 09:21:11] Drought composite end date: 2022-07-14 06:00:00
[2026-05-19 09:21:12] Land cover year: 2021
[2026-05-19 09:21:13] VIIRS Veg composite: 2022-06-18 → 2022-07-04
[2026-05-19 09:21:16] Started export task: fire_150_dynamic_2022-07-17
[2026-05-19 09:21:16] ------ Processing date=2022-07-18 ------
[2026-05-19 09:21:16] Using viirs_af_path: viirs_af_path
[2026-05-19 09:21:17] VIIRS Image Date: ['2022-07-18 00:00:00']
[2026-05-19 09:21:17] Weather image size: 1
[2026-05-19 09:21:17] Forecast duration: 2022-07-19 00:00:00 to 2022-07-20 00:00:00
[2026-05-19 09:21:18] Number of forecast images: 24
[2026-05-19 09:21:18] Using forecast run: 2022-07-18 18:00:00 UTC
[2026-05-19 09:21:18] Forecast Rain Available hours: [6, 7, 8, 9, 10, 11, 12, 13, 14, 15, 16, 17, 18, 19, 20, 21, 22, 23, 24, 25, 26, 27, 28, 29]
[2026-05-19 09:21:18] Valid hours for sum: [12, 18, 24, 29]
[2026-05-19 09:21:20] Drought composite end date: 2022-07-14 06:00:00
[2026-05-19 09:21:20] Land cover year: 2021
[2026-05-19 09:21:21] VIIRS Veg composite: 2022-06-18 → 2022-07-04
[2026-05-19 09:21:25] Started export task: fire_150_dynamic_2022-07-18
[2026-05-19 09:21:25] ------ Processing date=2022-07-19 ------
[2026-05-19 09:21:25] Using viirs_af_path: viirs_af_path
[2026-05-19 09:21:25] VIIRS Image Date: ['2022-07-19 00:00:00']
[2026-05-19 09:21:25] Weather image size: 1
[2026-05-19 09:21:25] Forecast duration: 2022-07-20 00:00:00 to 2022-07-21 00:00:00
[2026-05-19 09:21:26] Number of forecast images: 24
[2026-05-19 09:21:26] Using forecast run: 2022-07-19 18:00:00 UTC
[2026-05-19 09:21:27] Forecast Rain Available hours: [6, 7, 8, 9, 10, 11, 12, 13, 14, 15, 16, 17, 18, 19, 20, 21, 22, 23, 24, 25, 26, 27, 28, 29]
[2026-05-19 09:21:27] Valid hours for sum: [12, 18, 24, 29]
[2026-05-19 09:21:29] Drought composite end date: 2022-07-14 06:00:00
[2026-05-19 09:21:29] Land cover year: 2021
[2026-05-19 09:21:30] VIIRS Veg composite: 2022-06-18 → 2022-07-04
[2026-05-19 09:21:35] Started export task: fire_150_dynamic_2022-07-19
[2026-05-19 09:21:35] ------ Processing date=2022-07-20 ------
[2026-05-19 09:21:35] Using viirs_af_path: viirs_af_path
[2026-05-19 09:21:35] VIIRS Image Date: ['2022-07-20 00:00:00']
[2026-05-19 09:21:36] Weather image size: 1
[2026-05-19 09:21:36] Forecast duration: 2022-07-21 00:00:00 to 2022-07-22 00:00:00
[2026-05-19 09:21:36] Number of forecast images: 24
[2026-05-19 09:21:36] Using forecast run: 2022-07-20 18:00:00 UTC
[2026-05-19 09:21:37] Forecast Rain Available hours: [6, 7, 8, 9, 10, 11, 12, 13, 14, 15, 16, 17, 18, 19, 20, 21, 22, 23, 24, 25, 26, 27, 28, 29]
[2026-05-19 09:21:37] Valid hours for sum: [12, 18, 24, 29]
[2026-05-19 09:21:39] Drought composite end date: 2022-07-19 06:00:00
[2026-05-19 09:21:39] Land cover year: 2021
[2026-05-19 09:21:41] VIIRS Veg composite: 2022-06-18 → 2022-07-04
[2026-05-19 09:21:44] Started export task: fire_150_dynamic_2022-07-20
[2026-05-19 09:21:44] ------ Processing date=2022-07-21 ------
[2026-05-19 09:21:44] Using viirs_af_path: viirs_af_path
[2026-05-19 09:21:45] VIIRS Image Date: ['2022-07-21 00:00:00']
[2026-05-19 09:21:45] Weather image size: 1
[2026-05-19 09:21:45] Forecast duration: 2022-07-22 00:00:00 to 2022-07-23 00:00:00
[2026-05-19 09:21:46] Number of forecast images: 24
[2026-05-19 09:21:46] Using forecast run: 2022-07-21 18:00:00 UTC
[2026-05-19 09:21:46] Forecast Rain Available hours: [6, 7, 8, 9, 10, 11, 12, 13, 14, 15, 16, 17, 18, 19, 20, 21, 22, 23, 24, 25, 26, 27, 28, 29]
[2026-05-19 09:21:46] Valid hours for sum: [12, 18, 24, 29]
[2026-05-19 09:21:48] Drought composite end date: 2022-07-19 06:00:00
[2026-05-19 09:21:49] Land cover year: 2021
[2026-05-19 09:21:49] VIIRS Veg composite: 2022-06-18 → 2022-07-04
[2026-05-19 09:21:53] Started export task: fire_150_dynamic_2022-07-21
[2026-05-19 09:21:53] ------ Processing date=2022-07-22 ------
[2026-05-19 09:21:53] Using viirs_af_path: viirs_af_path
[2026-05-19 09:21:53] VIIRS Image Date: ['2022-07-22 00:00:00']
[2026-05-19 09:21:54] Weather image size: 1
[2026-05-19 09:21:54] Forecast duration: 2022-07-23 00:00:00 to 2022-07-24 00:00:00
[2026-05-19 09:21:54] Number of forecast images: 24
[2026-05-19 09:21:54] Using forecast run: 2022-07-22 18:00:00 UTC
[2026-05-19 09:21:55] Forecast Rain Available hours: [6, 7, 8, 9, 10, 11, 12, 13, 14, 15, 16, 17, 18, 19, 20, 21, 22, 23, 24, 25, 26, 27, 28, 29]
[2026-05-19 09:21:55] Valid hours for sum: [12, 18, 24, 29]
[2026-05-19 09:21:57] Drought composite end date: 2022-07-19 06:00:00
[2026-05-19 09:21:57] Land cover year: 2021
[2026-05-19 09:21:58] VIIRS Veg composite: 2022-06-18 → 2022-07-04
[2026-05-19 09:22:01] Started export task: fire_150_dynamic_2022-07-22
[2026-05-19 09:22:01] ------ Processing date=2022-07-23 ------
[2026-05-19 09:22:01] Using viirs_af_path: viirs_af_path
[2026-05-19 09:22:01] VIIRS Image Date: ['2022-07-23 00:00:00']
[2026-05-19 09:22:02] Weather image size: 1
[2026-05-19 09:22:02] Forecast duration: 2022-07-24 00:00:00 to 2022-07-25 00:00:00
[2026-05-19 09:22:02] Number of forecast images: 24
[2026-05-19 09:22:02] Using forecast run: 2022-07-23 18:00:00 UTC
[2026-05-19 09:22:03] Forecast Rain Available hours: [6, 7, 8, 9, 10, 11, 12, 13, 14, 15, 16, 17, 18, 19, 20, 21, 22, 23, 24, 25, 26, 27, 28, 29]
[2026-05-19 09:22:03] Valid hours for sum: [12, 18, 24, 29]
[2026-05-19 09:22:04] Drought composite end date: 2022-07-19 06:00:00
[2026-05-19 09:22:04] Land cover year: 2021
[2026-05-19 09:22:05] VIIRS Veg composite: 2022-06-18 → 2022-07-04
[2026-05-19 09:22:09] Started export task: fire_150_dynamic_2022-07-23
[2026-05-19 09:22:09] ------ Processing date=2022-07-24 ------
[2026-05-19 09:22:09] Using viirs_af_path: viirs_af_path
[2026-05-19 09:22:09] VIIRS Image Date: ['2022-07-24 00:00:00']
[2026-05-19 09:22:09] Weather image size: 1
[2026-05-19 09:22:09] Forecast duration: 2022-07-25 00:00:00 to 2022-07-26 00:00:00
[2026-05-19 09:22:10] Number of forecast images: 24
[2026-05-19 09:22:10] Using forecast run: 2022-07-24 18:00:00 UTC
[2026-05-19 09:22:11] Forecast Rain Available hours: [6, 7, 8, 9, 10, 11, 12, 13, 14, 15, 16, 17, 18, 19, 20, 21, 22, 23, 24, 25, 26, 27, 28, 29]
[2026-05-19 09:22:11] Valid hours for sum: [12, 18, 24, 29]
[2026-05-19 09:22:12] Drought composite end date: 2022-07-19 06:00:00
[2026-05-19 09:22:12] Land cover year: 2021
[2026-05-19 09:22:13] VIIRS Veg composite: 2022-06-18 → 2022-07-04
[2026-05-19 09:22:17] Started export task: fire_150_dynamic_2022-07-24
[2026-05-19 09:22:17] ------ Processing date=2022-07-25 ------
[2026-05-19 09:22:17] Using viirs_af_path: viirs_af_path
[2026-05-19 09:22:17] VIIRS Image Date: ['2022-07-25 00:00:00']
[2026-05-19 09:22:17] Weather image size: 1
[2026-05-19 09:22:17] Forecast duration: 2022-07-26 00:00:00 to 2022-07-27 00:00:00
[2026-05-19 09:22:18] Number of forecast images: 24
[2026-05-19 09:22:18] Using forecast run: 2022-07-25 18:00:00 UTC
[2026-05-19 09:22:19] Forecast Rain Available hours: [6, 7, 8, 9, 10, 11, 12, 13, 14, 15, 16, 17, 18, 19, 20, 21, 22, 23, 24, 25, 26, 27, 28, 29]
[2026-05-19 09:22:19] Valid hours for sum: [12, 18, 24, 29]
[2026-05-19 09:22:20] Drought composite end date: 2022-07-24 06:00:00
[2026-05-19 09:22:21] Land cover year: 2021
[2026-05-19 09:22:22] VIIRS Veg composite: 2022-06-18 → 2022-07-04
[2026-05-19 09:22:25] Started export task: fire_150_dynamic_2022-07-25
[2026-05-19 09:22:25] ------ Processing date=2022-07-26 ------
[2026-05-19 09:22:25] Using viirs_af_path: viirs_af_path
[2026-05-19 09:22:26] VIIRS Image Date: ['2022-07-26 00:00:00']
[2026-05-19 09:22:26] Weather image size: 1
[2026-05-19 09:22:26] Forecast duration: 2022-07-27 00:00:00 to 2022-07-28 00:00:00
[2026-05-19 09:22:26] Number of forecast images: 24
[2026-05-19 09:22:26] Using forecast run: 2022-07-26 18:00:00 UTC
[2026-05-19 09:22:27] Forecast Rain Available hours: [6, 7, 8, 9, 10, 11, 12, 13, 14, 15, 16, 17, 18, 19, 20, 21, 22, 23, 24, 25, 26, 27, 28, 29]
[2026-05-19 09:22:27] Valid hours for sum: [12, 18, 24, 29]
[2026-05-19 09:22:28] Drought composite end date: 2022-07-24 06:00:00
[2026-05-19 09:22:29] Land cover year: 2021
[2026-05-19 09:22:29] VIIRS Veg composite: 2022-06-18 → 2022-07-04
[2026-05-19 09:22:33] Started export task: fire_150_dynamic_2022-07-26
[2026-05-19 09:22:33] ------ Processing date=2022-07-27 ------
[2026-05-19 09:22:33] Using viirs_af_path: viirs_af_path
[2026-05-19 09:22:33] VIIRS Image Date: []
[2026-05-19 09:22:33] *** ERROR FLAG ***: VIIRS: no data for 2022-07-27, attempting interpolation...
[2026-05-19 09:22:36] *** ERROR FLAG ***: VIIRS: no valid image within 10 days AFTER 2022-07-27 → assigning zeros
[2026-05-19 09:22:36] Weather image size: 1
[2026-05-19 09:22:36] Forecast duration: 2022-07-28 00:00:00 to 2022-07-29 00:00:00
[2026-05-19 09:22:37] Number of forecast images: 24
[2026-05-19 09:22:37] Using forecast run: 2022-07-27 18:00:00 UTC
[2026-05-19 09:22:38] Forecast Rain Available hours: [6, 7, 8, 9, 10, 11, 12, 13, 14, 15, 16, 17, 18, 19, 20, 21, 22, 23, 24, 25, 26, 27, 28, 29]
[2026-05-19 09:22:38] Valid hours for sum: [12, 18, 24, 29]
[2026-05-19 09:22:39] Drought composite end date: 2022-07-24 06:00:00
[2026-05-19 09:22:39] Land cover year: 2021
[2026-05-19 09:22:40] VIIRS Veg composite: 2022-06-18 → 2022-07-04
[2026-05-19 09:22:43] Started export task: fire_150_dynamic_2022-07-27
[2026-05-19 09:22:44] ------ Processing date=2022-07-28 ------
[2026-05-19 09:22:44] Using viirs_af_path: viirs_af_path
[2026-05-19 09:22:44] VIIRS Image Date: []
[2026-05-19 09:22:44] *** ERROR FLAG ***: VIIRS: no data for 2022-07-28, attempting interpolation...
[2026-05-19 09:22:47] *** ERROR FLAG ***: VIIRS: no valid image within 10 days AFTER 2022-07-28 → assigning zeros
[2026-05-19 09:22:47] Weather image size: 1
[2026-05-19 09:22:47] Forecast duration: 2022-07-29 00:00:00 to 2022-07-30 00:00:00
[2026-05-19 09:22:48] Number of forecast images: 24
[2026-05-19 09:22:48] Using forecast run: 2022-07-28 18:00:00 UTC
[2026-05-19 09:22:48] Forecast Rain Available hours: [6, 7, 8, 9, 10, 11, 12, 13, 14, 15, 16, 17, 18, 19, 20, 21, 22, 23, 24, 25, 26, 27, 28, 29]
[2026-05-19 09:22:48] Valid hours for sum: [12, 18, 24, 29]
[2026-05-19 09:22:50] Drought composite end date: 2022-07-24 06:00:00
[2026-05-19 09:22:51] Land cover year: 2021
[2026-05-19 09:22:51] VIIRS Veg composite: 2022-06-18 → 2022-07-04
[2026-05-19 09:22:55] Started export task: fire_150_dynamic_2022-07-28
[2026-05-19 09:22:56] END: ----------Event fire_150----------- (Duration: 4.80m)
[2026-05-19 09:22:56] START: ----------Event fire_169-----------
[2026-05-19 09:22:56] ------ Processing date=2022-08-03 ------
[2026-05-19 09:22:56] Using viirs_af_path: viirs_af_path
[2026-05-19 09:22:56] VIIRS Image Date: []
[2026-05-19 09:22:56] *** ERROR FLAG ***: VIIRS: no data for 2022-08-03, attempting interpolation...
[2026-05-19 09:23:00] VIIRS interpolation gap: 2022-07-26 → 2022-08-11 (16 days apart)
[2026-05-19 09:23:00] VIIRS interpolated: prev=2022-07-26, next=2022-08-11, weight=0.500
[2026-05-19 09:23:00] Weather image size: 1
[2026-05-19 09:23:00] Forecast duration: 2022-08-04 00:00:00 to 2022-08-05 00:00:00
[2026-05-19 09:23:01] Number of forecast images: 24
[2026-05-19 09:23:01] Using forecast run: 2022-08-03 18:00:00 UTC
[2026-05-19 09:23:01] Forecast Rain Available hours: [6, 7, 8, 9, 10, 11, 12, 13, 14, 15, 16, 17, 18, 19, 20, 21, 22, 23, 24, 25, 26, 27, 28, 29]
[2026-05-19 09:23:01] Valid hours for sum: [12, 18, 24, 29]
[2026-05-19 09:23:04] Drought composite end date: 2022-07-29 06:00:00
[2026-05-19 09:23:04] Land cover year: 2021
[2026-05-19 09:23:05] VIIRS Veg composite: 2022-07-20 → 2022-08-05
[2026-05-19 09:23:08] Started export task: fire_169_static
[2026-05-19 09:23:08] Started export task: fire_169_dynamic_2022-08-03
[2026-05-19 09:23:08] ------ Processing date=2022-08-04 ------
[2026-05-19 09:23:08] Using viirs_af_path: viirs_af_path
[2026-05-19 09:23:08] VIIRS Image Date: []
[2026-05-19 09:23:08] *** ERROR FLAG ***: VIIRS: no data for 2022-08-04, attempting interpolation...
[2026-05-19 09:23:12] VIIRS interpolation gap: 2022-07-26 → 2022-08-11 (16 days apart)
[2026-05-19 09:23:12] VIIRS interpolated: prev=2022-07-26, next=2022-08-11, weight=0.562
[2026-05-19 09:23:12] Weather image size: 1
[2026-05-19 09:23:12] Forecast duration: 2022-08-05 00:00:00 to 2022-08-06 00:00:00
[2026-05-19 09:23:13] Number of forecast images: 24
[2026-05-19 09:23:13] Using forecast run: 2022-08-04 18:00:00 UTC
[2026-05-19 09:23:14] Forecast Rain Available hours: [6, 7, 8, 9, 10, 11, 12, 13, 14, 15, 16, 17, 18, 19, 20, 21, 22, 23, 24, 25, 26, 27, 28, 29]
[2026-05-19 09:23:14] Valid hours for sum: [12, 18, 24, 29]
[2026-05-19 09:23:16] Drought composite end date: 2022-08-03 06:00:00
[2026-05-19 09:23:16] Land cover year: 2021
[2026-05-19 09:23:18] VIIRS Veg composite: 2022-07-20 → 2022-08-05
[2026-05-19 09:23:20] Started export task: fire_169_dynamic_2022-08-04
[2026-05-19 09:23:21] ------ Processing date=2022-08-05 ------
[2026-05-19 09:23:21] Using viirs_af_path: viirs_af_path
[2026-05-19 09:23:21] VIIRS Image Date: []
[2026-05-19 09:23:21] *** ERROR FLAG ***: VIIRS: no data for 2022-08-05, attempting interpolation...
[2026-05-19 09:23:24] VIIRS interpolation gap: 2022-07-26 → 2022-08-11 (16 days apart)
[2026-05-19 09:23:24] VIIRS interpolated: prev=2022-07-26, next=2022-08-11, weight=0.625
[2026-05-19 09:23:25] Weather image size: 1
[2026-05-19 09:23:25] Forecast duration: 2022-08-06 00:00:00 to 2022-08-07 00:00:00
[2026-05-19 09:23:25] Number of forecast images: 24
[2026-05-19 09:23:25] Using forecast run: 2022-08-05 18:00:00 UTC
[2026-05-19 09:23:26] Forecast Rain Available hours: [6, 7, 8, 9, 10, 11, 12, 13, 14, 15, 16, 17, 18, 19, 20, 21, 22, 23, 24, 25, 26, 27, 28, 29]
[2026-05-19 09:23:26] Valid hours for sum: [12, 18, 24, 29]
[2026-05-19 09:23:27] Drought composite end date: 2022-08-03 06:00:00
[2026-05-19 09:23:27] Land cover year: 2021
[2026-05-19 09:23:28] VIIRS Veg composite: 2022-07-20 → 2022-08-05
[2026-05-19 09:23:33] Started export task: fire_169_dynamic_2022-08-05
[2026-05-19 09:23:33] ------ Processing date=2022-08-06 ------
[2026-05-19 09:23:33] Using viirs_af_path: viirs_af_path
[2026-05-19 09:23:34] VIIRS Image Date: []
[2026-05-19 09:23:34] *** ERROR FLAG ***: VIIRS: no data for 2022-08-06, attempting interpolation...
[2026-05-19 09:23:37] *** ERROR FLAG ***: VIIRS: no valid image within 10 days BEFORE 2022-08-06 → assigning zeros
[2026-05-19 09:23:37] Weather image size: 1
[2026-05-19 09:23:37] Forecast duration: 2022-08-07 00:00:00 to 2022-08-08 00:00:00
[2026-05-19 09:23:38] Number of forecast images: 24
[2026-05-19 09:23:38] Using forecast run: 2022-08-06 18:00:00 UTC
[2026-05-19 09:23:38] Forecast Rain Available hours: [6, 7, 8, 9, 10, 11, 12, 13, 14, 15, 16, 17, 18, 19, 20, 21, 22, 23, 24, 25, 26, 27, 28, 29]
[2026-05-19 09:23:38] Valid hours for sum: [12, 18, 24, 29]
[2026-05-19 09:23:40] Drought composite end date: 2022-08-03 06:00:00
[2026-05-19 09:23:40] Land cover year: 2021
[2026-05-19 09:23:41] VIIRS Veg composite: 2022-07-20 → 2022-08-05
[2026-05-19 09:23:44] Started export task: fire_169_dynamic_2022-08-06
[2026-05-19 09:23:44] ------ Processing date=2022-08-07 ------
[2026-05-19 09:23:44] Using viirs_af_path: viirs_af_path
[2026-05-19 09:23:44] VIIRS Image Date: []
[2026-05-19 09:23:44] *** ERROR FLAG ***: VIIRS: no data for 2022-08-07, attempting interpolation...
[2026-05-19 09:23:47] *** ERROR FLAG ***: VIIRS: no valid image within 10 days BEFORE 2022-08-07 → assigning zeros
[2026-05-19 09:23:48] Weather image size: 1
[2026-05-19 09:23:48] Forecast duration: 2022-08-08 00:00:00 to 2022-08-09 00:00:00
[2026-05-19 09:23:49] Number of forecast images: 24
[2026-05-19 09:23:49] Using forecast run: 2022-08-07 18:00:00 UTC
[2026-05-19 09:23:50] Forecast Rain Available hours: [6, 7, 8, 9, 10, 11, 12, 13, 14, 15, 16, 17, 18, 19, 20, 21, 22, 23, 24, 25, 26, 27, 28, 29]
[2026-05-19 09:23:50] Valid hours for sum: [12, 18, 24, 29]
[2026-05-19 09:23:52] Drought composite end date: 2022-08-03 06:00:00
[2026-05-19 09:23:53] Land cover year: 2021
[2026-05-19 09:23:54] VIIRS Veg composite: 2022-07-20 → 2022-08-05
[2026-05-19 09:23:57] Started export task: fire_169_dynamic_2022-08-07
[2026-05-19 09:23:57] ------ Processing date=2022-08-08 ------
[2026-05-19 09:23:57] Using viirs_af_path: viirs_af_path
[2026-05-19 09:23:58] VIIRS Image Date: []
[2026-05-19 09:23:58] *** ERROR FLAG ***: VIIRS: no data for 2022-08-08, attempting interpolation...
[2026-05-19 09:24:01] *** ERROR FLAG ***: VIIRS: no valid image within 10 days BEFORE 2022-08-08 → assigning zeros
[2026-05-19 09:24:02] Weather image size: 1
[2026-05-19 09:24:02] Forecast duration: 2022-08-09 00:00:00 to 2022-08-10 00:00:00
[2026-05-19 09:24:03] Number of forecast images: 24
[2026-05-19 09:24:03] Using forecast run: 2022-08-08 18:00:00 UTC
[2026-05-19 09:24:03] Forecast Rain Available hours: [6, 7, 8, 9, 10, 11, 12, 13, 14, 15, 16, 17, 18, 19, 20, 21, 22, 23, 24, 25, 26, 27, 28, 29]
[2026-05-19 09:24:03] Valid hours for sum: [12, 18, 24, 29]
[2026-05-19 09:24:05] Drought composite end date: 2022-08-03 06:00:00
[2026-05-19 09:24:05] Land cover year: 2021
[2026-05-19 09:24:06] VIIRS Veg composite: 2022-07-20 → 2022-08-05
[2026-05-19 09:24:11] Started export task: fire_169_dynamic_2022-08-08
[2026-05-19 09:24:12] ------ Processing date=2022-08-09 ------
[2026-05-19 09:24:12] Using viirs_af_path: viirs_af_path
[2026-05-19 09:24:12] VIIRS Image Date: []
[2026-05-19 09:24:12] *** ERROR FLAG ***: VIIRS: no data for 2022-08-09, attempting interpolation...
[2026-05-19 09:24:15] *** ERROR FLAG ***: VIIRS: no valid image within 10 days BEFORE 2022-08-09 → assigning zeros
[2026-05-19 09:24:15] Weather image size: 1
[2026-05-19 09:24:15] Forecast duration: 2022-08-10 00:00:00 to 2022-08-11 00:00:00
[2026-05-19 09:24:16] Number of forecast images: 24
[2026-05-19 09:24:16] Using forecast run: 2022-08-09 18:00:00 UTC
[2026-05-19 09:24:16] Forecast Rain Available hours: [6, 7, 8, 9, 10, 11, 12, 13, 14, 15, 16, 17, 18, 19, 20, 21, 22, 23, 24, 25, 26, 27, 28, 29]
[2026-05-19 09:24:16] Valid hours for sum: [12, 18, 24, 29]
[2026-05-19 09:24:18] Drought composite end date: 2022-08-08 06:00:00
[2026-05-19 09:24:18] Land cover year: 2021
[2026-05-19 09:24:19] VIIRS Veg composite: 2022-07-20 → 2022-08-05
[2026-05-19 09:24:23] Started export task: fire_169_dynamic_2022-08-09
[2026-05-19 09:24:23] ------ Processing date=2022-08-10 ------
[2026-05-19 09:24:23] Using viirs_af_path: viirs_af_path
[2026-05-19 09:24:23] VIIRS Image Date: []
[2026-05-19 09:24:23] *** ERROR FLAG ***: VIIRS: no data for 2022-08-10, attempting interpolation...
[2026-05-19 09:24:26] *** ERROR FLAG ***: VIIRS: no valid image within 10 days BEFORE 2022-08-10 → assigning zeros
[2026-05-19 09:24:26] Weather image size: 1
[2026-05-19 09:24:26] Forecast duration: 2022-08-11 00:00:00 to 2022-08-12 00:00:00
[2026-05-19 09:24:26] Number of forecast images: 24
[2026-05-19 09:24:26] Using forecast run: 2022-08-10 18:00:00 UTC
[2026-05-19 09:24:27] Forecast Rain Available hours: [6, 7, 8, 9, 10, 11, 12, 13, 14, 15, 16, 17, 18, 19, 20, 21, 22, 23, 24, 25, 26, 27, 28, 29]
[2026-05-19 09:24:27] Valid hours for sum: [12, 18, 24, 29]
[2026-05-19 09:24:30] Drought composite end date: 2022-08-08 06:00:00
[2026-05-19 09:24:30] Land cover year: 2021
[2026-05-19 09:24:31] VIIRS Veg composite: 2022-07-20 → 2022-08-05
[2026-05-19 09:24:33] Started export task: fire_169_dynamic_2022-08-10
[2026-05-19 09:24:34] ------ Processing date=2022-08-11 ------
[2026-05-19 09:24:34] Using viirs_af_path: viirs_af_path
[2026-05-19 09:24:34] VIIRS Image Date: ['2022-08-11 00:00:00']
[2026-05-19 09:24:34] Weather image size: 1
[2026-05-19 09:24:34] Forecast duration: 2022-08-12 00:00:00 to 2022-08-13 00:00:00
[2026-05-19 09:24:35] Number of forecast images: 24
[2026-05-19 09:24:35] Using forecast run: 2022-08-11 18:00:00 UTC
[2026-05-19 09:24:36] Forecast Rain Available hours: [6, 7, 8, 9, 10, 11, 12, 13, 14, 15, 16, 17, 18, 19, 20, 21, 22, 23, 24, 25, 26, 27, 28, 29]
[2026-05-19 09:24:36] Valid hours for sum: [12, 18, 24, 29]
[2026-05-19 09:24:38] Drought composite end date: 2022-08-08 06:00:00
[2026-05-19 09:24:38] Land cover year: 2021
[2026-05-19 09:24:39] VIIRS Veg composite: 2022-07-20 → 2022-08-05
[2026-05-19 09:24:44] Started export task: fire_169_dynamic_2022-08-11
[2026-05-19 09:24:44] ------ Processing date=2022-08-12 ------
[2026-05-19 09:24:44] Using viirs_af_path: viirs_af_path
[2026-05-19 09:24:44] VIIRS Image Date: ['2022-08-12 00:00:00']
[2026-05-19 09:24:45] Weather image size: 1
[2026-05-19 09:24:45] Forecast duration: 2022-08-13 00:00:00 to 2022-08-14 00:00:00
[2026-05-19 09:24:46] Number of forecast images: 24
[2026-05-19 09:24:46] Using forecast run: 2022-08-12 18:00:00 UTC
[2026-05-19 09:24:46] Forecast Rain Available hours: [6, 7, 8, 9, 10, 11, 12, 13, 14, 15, 16, 17, 18, 19, 20, 21, 22, 23, 24, 25, 26, 27, 28, 29]
[2026-05-19 09:24:46] Valid hours for sum: [12, 18, 24, 29]
[2026-05-19 09:24:48] Drought composite end date: 2022-08-08 06:00:00
[2026-05-19 09:24:49] Land cover year: 2021
[2026-05-19 09:24:49] VIIRS Veg composite: 2022-07-20 → 2022-08-05
[2026-05-19 09:24:52] Started export task: fire_169_dynamic_2022-08-12
[2026-05-19 09:24:52] ------ Processing date=2022-08-13 ------
[2026-05-19 09:24:52] Using viirs_af_path: viirs_af_path
[2026-05-19 09:24:53] VIIRS Image Date: ['2022-08-13 00:00:00']
[2026-05-19 09:24:53] Weather image size: 1
[2026-05-19 09:24:53] Forecast duration: 2022-08-14 00:00:00 to 2022-08-15 00:00:00
[2026-05-19 09:24:54] Number of forecast images: 24
[2026-05-19 09:24:54] Using forecast run: 2022-08-13 18:00:00 UTC
[2026-05-19 09:24:54] Forecast Rain Available hours: [6, 7, 8, 9, 10, 11, 12, 13, 14, 15, 16, 17, 18, 19, 20, 21, 22, 23, 24, 25, 26, 27, 28, 29]
[2026-05-19 09:24:54] Valid hours for sum: [12, 18, 24, 29]
[2026-05-19 09:24:56] Drought composite end date: 2022-08-08 06:00:00
[2026-05-19 09:24:56] Land cover year: 2021
[2026-05-19 09:24:57] VIIRS Veg composite: 2022-07-20 → 2022-08-05
[2026-05-19 09:25:00] Started export task: fire_169_dynamic_2022-08-13
[2026-05-19 09:25:00] ------ Processing date=2022-08-14 ------
[2026-05-19 09:25:00] Using viirs_af_path: viirs_af_path
[2026-05-19 09:25:01] VIIRS Image Date: ['2022-08-14 00:00:00']
[2026-05-19 09:25:01] Weather image size: 1
[2026-05-19 09:25:01] Forecast duration: 2022-08-15 00:00:00 to 2022-08-16 00:00:00
[2026-05-19 09:25:02] Number of forecast images: 24
[2026-05-19 09:25:02] Using forecast run: 2022-08-14 18:00:00 UTC
[2026-05-19 09:25:02] Forecast Rain Available hours: [6, 7, 8, 9, 10, 11, 12, 13, 14, 15, 16, 17, 18, 19, 20, 21, 22, 23, 24, 25, 26, 27, 28, 29]
[2026-05-19 09:25:02] Valid hours for sum: [12, 18, 24, 29]
[2026-05-19 09:25:04] Drought composite end date: 2022-08-13 06:00:00
[2026-05-19 09:25:04] Land cover year: 2021
[2026-05-19 09:25:05] VIIRS Veg composite: 2022-07-20 → 2022-08-05
[2026-05-19 09:25:07] Started export task: fire_169_dynamic_2022-08-14
[2026-05-19 09:25:08] ------ Processing date=2022-08-15 ------
[2026-05-19 09:25:08] Using viirs_af_path: viirs_af_path
[2026-05-19 09:25:08] VIIRS Image Date: ['2022-08-15 00:00:00']
[2026-05-19 09:25:08] Weather image size: 1
[2026-05-19 09:25:08] Forecast duration: 2022-08-16 00:00:00 to 2022-08-17 00:00:00
[2026-05-19 09:25:09] Number of forecast images: 24
[2026-05-19 09:25:09] Using forecast run: 2022-08-15 18:00:00 UTC
[2026-05-19 09:25:09] Forecast Rain Available hours: [6, 7, 8, 9, 10, 11, 12, 13, 14, 15, 16, 17, 18, 19, 20, 21, 22, 23, 24, 25, 26, 27, 28, 29]
[2026-05-19 09:25:09] Valid hours for sum: [12, 18, 24, 29]
[2026-05-19 09:25:11] Drought composite end date: 2022-08-13 06:00:00
[2026-05-19 09:25:11] Land cover year: 2021
[2026-05-19 09:25:12] VIIRS Veg composite: 2022-07-20 → 2022-08-05
[2026-05-19 09:25:16] Started export task: fire_169_dynamic_2022-08-15
[2026-05-19 09:25:17] ------ Processing date=2022-08-16 ------
[2026-05-19 09:25:17] Using viirs_af_path: viirs_af_path
[2026-05-19 09:25:17] VIIRS Image Date: ['2022-08-16 00:00:00']
[2026-05-19 09:25:17] Weather image size: 1
[2026-05-19 09:25:17] Forecast duration: 2022-08-17 00:00:00 to 2022-08-18 00:00:00
[2026-05-19 09:25:18] Number of forecast images: 24
[2026-05-19 09:25:18] Using forecast run: 2022-08-16 18:00:00 UTC
[2026-05-19 09:25:18] Forecast Rain Available hours: [6, 7, 8, 9, 10, 11, 12, 13, 14, 15, 16, 17, 18, 19, 20, 21, 22, 23, 24, 25, 26, 27, 28, 29]
[2026-05-19 09:25:18] Valid hours for sum: [12, 18, 24, 29]
[2026-05-19 09:25:20] Drought composite end date: 2022-08-13 06:00:00
[2026-05-19 09:25:20] Land cover year: 2021
[2026-05-19 09:25:21] VIIRS Veg composite: 2022-07-20 → 2022-08-05
[2026-05-19 09:25:23] Started export task: fire_169_dynamic_2022-08-16
[2026-05-19 09:25:24] ------ Processing date=2022-08-17 ------
[2026-05-19 09:25:24] Using viirs_af_path: viirs_af_path
[2026-05-19 09:25:24] VIIRS Image Date: ['2022-08-17 00:00:00']
[2026-05-19 09:25:24] Weather image size: 1
[2026-05-19 09:25:24] Forecast duration: 2022-08-18 00:00:00 to 2022-08-19 00:00:00
[2026-05-19 09:25:25] Number of forecast images: 24
[2026-05-19 09:25:25] Using forecast run: 2022-08-17 18:00:00 UTC
[2026-05-19 09:25:25] Forecast Rain Available hours: [6, 7, 8, 9, 10, 11, 12, 13, 14, 15, 16, 17, 18, 19, 20, 21, 22, 23, 24, 25, 26, 27, 28, 29]
[2026-05-19 09:25:25] Valid hours for sum: [12, 18, 24, 29]
[2026-05-19 09:25:27] Drought composite end date: 2022-08-13 06:00:00
[2026-05-19 09:25:27] Land cover year: 2021
[2026-05-19 09:25:28] VIIRS Veg composite: 2022-07-20 → 2022-08-05
[2026-05-19 09:25:32] Started export task: fire_169_dynamic_2022-08-17
[2026-05-19 09:25:32] ------ Processing date=2022-08-18 ------
[2026-05-19 09:25:32] Using viirs_af_path: viirs_af_path
[2026-05-19 09:25:32] VIIRS Image Date: ['2022-08-18 00:00:00']
[2026-05-19 09:25:33] Weather image size: 1
[2026-05-19 09:25:33] Forecast duration: 2022-08-19 00:00:00 to 2022-08-20 00:00:00
[2026-05-19 09:25:33] Number of forecast images: 24
[2026-05-19 09:25:33] Using forecast run: 2022-08-18 18:00:00 UTC
[2026-05-19 09:25:34] Forecast Rain Available hours: [6, 7, 8, 9, 10, 11, 12, 13, 14, 15, 16, 17, 18, 19, 20, 21, 22, 23, 24, 25, 26, 27, 28, 29]
[2026-05-19 09:25:34] Valid hours for sum: [12, 18, 24, 29]
[2026-05-19 09:25:36] Drought composite end date: 2022-08-13 06:00:00
[2026-05-19 09:25:36] Land cover year: 2021
[2026-05-19 09:25:38] VIIRS Veg composite: 2022-07-20 → 2022-08-05
[2026-05-19 09:25:41] Started export task: fire_169_dynamic_2022-08-18
[2026-05-19 09:25:42] ------ Processing date=2022-08-19 ------
[2026-05-19 09:25:42] Using viirs_af_path: viirs_af_path
[2026-05-19 09:25:42] VIIRS Image Date: ['2022-08-19 00:00:00']
[2026-05-19 09:25:42] Weather image size: 1
[2026-05-19 09:25:42] Forecast duration: 2022-08-20 00:00:00 to 2022-08-21 00:00:00
[2026-05-19 09:25:43] Number of forecast images: 24
[2026-05-19 09:25:43] Using forecast run: 2022-08-19 18:00:00 UTC
[2026-05-19 09:25:44] Forecast Rain Available hours: [6, 7, 8, 9, 10, 11, 12, 13, 14, 15, 16, 17, 18, 19, 20, 21, 22, 23, 24, 25, 26, 27, 28, 29]
[2026-05-19 09:25:44] Valid hours for sum: [12, 18, 24, 29]
[2026-05-19 09:25:46] Drought composite end date: 2022-08-18 06:00:00
[2026-05-19 09:25:47] Land cover year: 2021
[2026-05-19 09:25:47] VIIRS Veg composite: 2022-07-20 → 2022-08-05
[2026-05-19 09:25:51] Started export task: fire_169_dynamic_2022-08-19
[2026-05-19 09:25:52] ------ Processing date=2022-08-20 ------
[2026-05-19 09:25:52] Using viirs_af_path: viirs_af_path
[2026-05-19 09:25:52] VIIRS Image Date: ['2022-08-20 00:00:00']
[2026-05-19 09:25:52] Weather image size: 1
[2026-05-19 09:25:52] Forecast duration: 2022-08-21 00:00:00 to 2022-08-22 00:00:00
[2026-05-19 09:25:53] Number of forecast images: 24
[2026-05-19 09:25:53] Using forecast run: 2022-08-20 18:00:00 UTC
[2026-05-19 09:25:53] Forecast Rain Available hours: [6, 7, 8, 9, 10, 11, 12, 13, 14, 15, 16, 17, 18, 19, 20, 21, 22, 23, 24, 25, 26, 27, 28, 29]
[2026-05-19 09:25:53] Valid hours for sum: [12, 18, 24, 29]
[2026-05-19 09:25:55] Drought composite end date: 2022-08-18 06:00:00
[2026-05-19 09:25:55] Land cover year: 2021
[2026-05-19 09:25:57] VIIRS Veg composite: 2022-07-20 → 2022-08-05
[2026-05-19 09:25:59] Started export task: fire_169_dynamic_2022-08-20
[2026-05-19 09:26:00] ------ Processing date=2022-08-21 ------
[2026-05-19 09:26:00] Using viirs_af_path: viirs_af_path
[2026-05-19 09:26:00] VIIRS Image Date: ['2022-08-21 00:00:00']
[2026-05-19 09:26:00] Weather image size: 1
[2026-05-19 09:26:00] Forecast duration: 2022-08-22 00:00:00 to 2022-08-23 00:00:00
[2026-05-19 09:26:01] Number of forecast images: 24
[2026-05-19 09:26:01] Using forecast run: 2022-08-21 18:00:00 UTC
[2026-05-19 09:26:02] Forecast Rain Available hours: [6, 7, 8, 9, 10, 11, 12, 13, 14, 15, 16, 17, 18, 19, 20, 21, 22, 23, 24, 25, 26, 27, 28, 29]
[2026-05-19 09:26:02] Valid hours for sum: [12, 18, 24, 29]
[2026-05-19 09:26:05] Drought composite end date: 2022-08-18 06:00:00
[2026-05-19 09:26:05] Land cover year: 2021
[2026-05-19 09:26:06] VIIRS Veg composite: 2022-07-20 → 2022-08-05
[2026-05-19 09:26:11] Started export task: fire_169_dynamic_2022-08-21
[2026-05-19 09:26:11] ------ Processing date=2022-08-22 ------
[2026-05-19 09:26:11] Using viirs_af_path: viirs_af_path
[2026-05-19 09:26:12] VIIRS Image Date: ['2022-08-22 00:00:00']
[2026-05-19 09:26:12] Weather image size: 1
[2026-05-19 09:26:12] Forecast duration: 2022-08-23 00:00:00 to 2022-08-24 00:00:00
[2026-05-19 09:26:12] Number of forecast images: 24
[2026-05-19 09:26:12] Using forecast run: 2022-08-22 18:00:00 UTC
[2026-05-19 09:26:13] Forecast Rain Available hours: [6, 7, 8, 9, 10, 11, 12, 13, 14, 15, 16, 17, 18, 19, 20, 21, 22, 23, 24, 25, 26, 27, 28, 29]
[2026-05-19 09:26:13] Valid hours for sum: [12, 18, 24, 29]
[2026-05-19 09:26:14] Drought composite end date: 2022-08-18 06:00:00
[2026-05-19 09:26:15] Land cover year: 2021
[2026-05-19 09:26:16] VIIRS Veg composite: 2022-07-20 → 2022-08-05
[2026-05-19 09:26:19] Started export task: fire_169_dynamic_2022-08-22
[2026-05-19 09:26:19] ------ Processing date=2022-08-23 ------
[2026-05-19 09:26:19] Using viirs_af_path: viirs_af_path
[2026-05-19 09:26:20] VIIRS Image Date: ['2022-08-23 00:00:00']
[2026-05-19 09:26:20] Weather image size: 1
[2026-05-19 09:26:20] Forecast duration: 2022-08-24 00:00:00 to 2022-08-25 00:00:00
[2026-05-19 09:26:20] Number of forecast images: 24
[2026-05-19 09:26:20] Using forecast run: 2022-08-23 18:00:00 UTC
[2026-05-19 09:26:21] Forecast Rain Available hours: [6, 7, 8, 9, 10, 11, 12, 13, 14, 15, 16, 17, 18, 19, 20, 21, 22, 23, 24, 25, 26, 27, 28, 29]
[2026-05-19 09:26:21] Valid hours for sum: [12, 18, 24, 29]
[2026-05-19 09:26:24] Drought composite end date: 2022-08-18 06:00:00
[2026-05-19 09:26:24] Land cover year: 2021
[2026-05-19 09:26:25] VIIRS Veg composite: 2022-07-20 → 2022-08-05
[2026-05-19 09:26:30] Started export task: fire_169_dynamic_2022-08-23
[2026-05-19 09:26:30] ------ Processing date=2022-08-24 ------
[2026-05-19 09:26:30] Using viirs_af_path: viirs_af_path
[2026-05-19 09:26:31] VIIRS Image Date: ['2022-08-24 00:00:00']
[2026-05-19 09:26:31] Weather image size: 1
[2026-05-19 09:26:31] Forecast duration: 2022-08-25 00:00:00 to 2022-08-26 00:00:00
[2026-05-19 09:26:32] Number of forecast images: 24
[2026-05-19 09:26:32] Using forecast run: 2022-08-24 18:00:00 UTC
[2026-05-19 09:26:32] Forecast Rain Available hours: [6, 7, 8, 9, 10, 11, 12, 13, 14, 15, 16, 17, 18, 19, 20, 21, 22, 23, 24, 25, 26, 27, 28, 29]
[2026-05-19 09:26:32] Valid hours for sum: [12, 18, 24, 29]
[2026-05-19 09:26:35] Drought composite end date: 2022-08-23 06:00:00
[2026-05-19 09:26:35] Land cover year: 2021
[2026-05-19 09:26:36] VIIRS Veg composite: 2022-07-20 → 2022-08-05
[2026-05-19 09:26:41] Started export task: fire_169_dynamic_2022-08-24
[2026-05-19 09:26:41] ------ Processing date=2022-08-25 ------
[2026-05-19 09:26:41] Using viirs_af_path: viirs_af_path
[2026-05-19 09:26:42] VIIRS Image Date: ['2022-08-25 00:00:00']
[2026-05-19 09:26:42] Weather image size: 1
[2026-05-19 09:26:42] Forecast duration: 2022-08-26 00:00:00 to 2022-08-27 00:00:00
[2026-05-19 09:26:43] Number of forecast images: 24
[2026-05-19 09:26:43] Using forecast run: 2022-08-25 18:00:00 UTC
[2026-05-19 09:26:43] Forecast Rain Available hours: [6, 7, 8, 9, 10, 11, 12, 13, 14, 15, 16, 17, 18, 19, 20, 21, 22, 23, 24, 25, 26, 27, 28, 29]
[2026-05-19 09:26:43] Valid hours for sum: [12, 18, 24, 29]
[2026-05-19 09:26:44] Drought composite end date: 2022-08-23 06:00:00
[2026-05-19 09:26:45] Land cover year: 2021
[2026-05-19 09:26:45] VIIRS Veg composite: 2022-07-20 → 2022-08-05
[2026-05-19 09:26:49] Started export task: fire_169_dynamic_2022-08-25
[2026-05-19 09:26:50] ------ Processing date=2022-08-26 ------
[2026-05-19 09:26:50] Using viirs_af_path: viirs_af_path
[2026-05-19 09:26:50] VIIRS Image Date: ['2022-08-26 00:00:00']
[2026-05-19 09:26:50] Weather image size: 1
[2026-05-19 09:26:50] Forecast duration: 2022-08-27 00:00:00 to 2022-08-28 00:00:00
[2026-05-19 09:26:51] Number of forecast images: 23
[2026-05-19 09:26:51] Using forecast run: 2022-08-26 18:00:00 UTC
[2026-05-19 09:26:51] Forecast Rain Available hours: [6, 7, 8, 9, 10, 11, 12, 13, 15, 16, 17, 18, 19, 20, 21, 22, 23, 24, 25, 26, 27, 28, 29]
[2026-05-19 09:26:51] Valid hours for sum: [12, 18, 24, 29]
[2026-05-19 09:26:53] Drought composite end date: 2022-08-23 06:00:00
[2026-05-19 09:26:53] Land cover year: 2021
[2026-05-19 09:26:54] VIIRS Veg composite: 2022-07-20 → 2022-08-05
[2026-05-19 09:26:58] Started export task: fire_169_dynamic_2022-08-26
[2026-05-19 09:26:59] ------ Processing date=2022-08-27 ------
[2026-05-19 09:26:59] Using viirs_af_path: viirs_af_path
[2026-05-19 09:26:59] VIIRS Image Date: ['2022-08-27 00:00:00']
[2026-05-19 09:26:59] Weather image size: 1
[2026-05-19 09:26:59] Forecast duration: 2022-08-28 00:00:00 to 2022-08-29 00:00:00
[2026-05-19 09:27:00] Number of forecast images: 24
[2026-05-19 09:27:00] Using forecast run: 2022-08-27 18:00:00 UTC
[2026-05-19 09:27:00] Forecast Rain Available hours: [6, 7, 8, 9, 10, 11, 12, 13, 14, 15, 16, 17, 18, 19, 20, 21, 22, 23, 24, 25, 26, 27, 28, 29]
[2026-05-19 09:27:00] Valid hours for sum: [12, 18, 24, 29]
[2026-05-19 09:27:02] Drought composite end date: 2022-08-23 06:00:00
[2026-05-19 09:27:02] Land cover year: 2021
[2026-05-19 09:27:03] VIIRS Veg composite: 2022-07-20 → 2022-08-05
[2026-05-19 09:27:08] Started export task: fire_169_dynamic_2022-08-27
[2026-05-19 09:27:08] ------ Processing date=2022-08-28 ------
[2026-05-19 09:27:08] Using viirs_af_path: viirs_af_path
[2026-05-19 09:27:08] VIIRS Image Date: ['2022-08-28 00:00:00']
[2026-05-19 09:27:08] Weather image size: 1
[2026-05-19 09:27:08] Forecast duration: 2022-08-29 00:00:00 to 2022-08-30 00:00:00
[2026-05-19 09:27:09] Number of forecast images: 23
[2026-05-19 09:27:09] Using forecast run: 2022-08-28 18:00:00 UTC
[2026-05-19 09:27:10] Forecast Rain Available hours: [6, 7, 8, 9, 10, 11, 12, 13, 14, 16, 17, 18, 19, 20, 21, 22, 23, 24, 25, 26, 27, 28, 29]
[2026-05-19 09:27:10] Valid hours for sum: [12, 18, 24, 29]
[2026-05-19 09:27:11] Drought composite end date: 2022-08-23 06:00:00
[2026-05-19 09:27:11] Land cover year: 2021
[2026-05-19 09:27:12] VIIRS Veg composite: 2022-07-20 → 2022-08-05
[2026-05-19 09:27:15] Started export task: fire_169_dynamic_2022-08-28
[2026-05-19 09:27:16] ------ Processing date=2022-08-29 ------
[2026-05-19 09:27:16] Using viirs_af_path: viirs_af_path
[2026-05-19 09:27:16] VIIRS Image Date: ['2022-08-29 00:00:00']
[2026-05-19 09:27:16] Weather image size: 1
[2026-05-19 09:27:16] Forecast duration: 2022-08-30 00:00:00 to 2022-08-31 00:00:00
[2026-05-19 09:27:17] Number of forecast images: 24
[2026-05-19 09:27:17] Using forecast run: 2022-08-29 18:00:00 UTC
[2026-05-19 09:27:17] Forecast Rain Available hours: [6, 7, 8, 9, 10, 11, 12, 13, 14, 15, 16, 17, 18, 19, 20, 21, 22, 23, 24, 25, 26, 27, 28, 29]
[2026-05-19 09:27:17] Valid hours for sum: [12, 18, 24, 29]
[2026-05-19 09:27:19] Drought composite end date: 2022-08-28 06:00:00
[2026-05-19 09:27:19] Land cover year: 2021
[2026-05-19 09:27:20] VIIRS Veg composite: 2022-07-20 → 2022-08-05
[2026-05-19 09:27:24] Started export task: fire_169_dynamic_2022-08-29
[2026-05-19 09:27:24] ------ Processing date=2022-08-30 ------
[2026-05-19 09:27:24] Using viirs_af_path: viirs_af_path
[2026-05-19 09:27:25] VIIRS Image Date: ['2022-08-30 00:00:00']
[2026-05-19 09:27:25] Weather image size: 1
[2026-05-19 09:27:25] Forecast duration: 2022-08-31 00:00:00 to 2022-09-01 00:00:00
[2026-05-19 09:27:26] Number of forecast images: 24
[2026-05-19 09:27:26] Using forecast run: 2022-08-30 18:00:00 UTC
[2026-05-19 09:27:26] Forecast Rain Available hours: [6, 7, 8, 9, 10, 11, 12, 13, 14, 15, 16, 17, 18, 19, 20, 21, 22, 23, 24, 25, 26, 27, 28, 29]
[2026-05-19 09:27:26] Valid hours for sum: [12, 18, 24, 29]
[2026-05-19 09:27:27] Drought composite end date: 2022-08-28 06:00:00
[2026-05-19 09:27:28] Land cover year: 2021
[2026-05-19 09:27:29] VIIRS Veg composite: 2022-07-20 → 2022-08-05
[2026-05-19 09:27:33] Started export task: fire_169_dynamic_2022-08-30
[2026-05-19 09:27:34] ------ Processing date=2022-08-31 ------
[2026-05-19 09:27:34] Using viirs_af_path: viirs_af_path
[2026-05-19 09:27:34] VIIRS Image Date: ['2022-08-31 00:00:00']
[2026-05-19 09:27:34] Weather image size: 1
[2026-05-19 09:27:34] Forecast duration: 2022-09-01 00:00:00 to 2022-09-02 00:00:00
[2026-05-19 09:27:35] Number of forecast images: 24
[2026-05-19 09:27:35] Using forecast run: 2022-08-31 18:00:00 UTC
[2026-05-19 09:27:36] Forecast Rain Available hours: [6, 7, 8, 9, 10, 11, 12, 13, 14, 15, 16, 17, 18, 19, 20, 21, 22, 23, 24, 25, 26, 27, 28, 29]
[2026-05-19 09:27:36] Valid hours for sum: [12, 18, 24, 29]
[2026-05-19 09:27:38] Drought composite end date: 2022-08-28 06:00:00
[2026-05-19 09:27:38] Land cover year: 2021
[2026-05-19 09:27:40] VIIRS Veg composite: 2022-07-20 → 2022-08-05
[2026-05-19 09:27:43] Started export task: fire_169_dynamic_2022-08-31
[2026-05-19 09:27:43] ------ Processing date=2022-09-01 ------
[2026-05-19 09:27:43] Using viirs_af_path: viirs_af_path
[2026-05-19 09:27:44] VIIRS Image Date: ['2022-09-01 00:00:00']
[2026-05-19 09:27:44] Weather image size: 1
[2026-05-19 09:27:44] Forecast duration: 2022-09-02 00:00:00 to 2022-09-03 00:00:00
[2026-05-19 09:27:45] Number of forecast images: 23
[2026-05-19 09:27:45] Using forecast run: 2022-09-01 18:00:00 UTC
[2026-05-19 09:27:45] Forecast Rain Available hours: [6, 7, 8, 9, 10, 11, 12, 13, 14, 15, 16, 17, 18, 20, 21, 22, 23, 24, 25, 26, 27, 28, 29]
[2026-05-19 09:27:45] Valid hours for sum: [12, 18, 24, 29]
[2026-05-19 09:27:47] Drought composite end date: 2022-08-28 06:00:00
[2026-05-19 09:27:47] Land cover year: 2021
[2026-05-19 09:27:48] VIIRS Veg composite: 2022-07-20 → 2022-08-05
[2026-05-19 09:27:51] Started export task: fire_169_dynamic_2022-09-01
[2026-05-19 09:27:52] ------ Processing date=2022-09-02 ------
[2026-05-19 09:27:52] Using viirs_af_path: viirs_af_path
[2026-05-19 09:27:52] VIIRS Image Date: ['2022-09-02 00:00:00']
[2026-05-19 09:27:52] Weather image size: 1
[2026-05-19 09:27:52] Forecast duration: 2022-09-03 00:00:00 to 2022-09-04 00:00:00
[2026-05-19 09:27:53] Number of forecast images: 24
[2026-05-19 09:27:53] Using forecast run: 2022-09-02 18:00:00 UTC
[2026-05-19 09:27:53] Forecast Rain Available hours: [6, 7, 8, 9, 10, 11, 12, 13, 14, 15, 16, 17, 18, 19, 20, 21, 22, 23, 24, 25, 26, 27, 28, 29]
[2026-05-19 09:27:53] Valid hours for sum: [12, 18, 24, 29]
[2026-05-19 09:27:55] Drought composite end date: 2022-08-28 06:00:00
[2026-05-19 09:27:55] Land cover year: 2021
[2026-05-19 09:27:56] VIIRS Veg composite: 2022-07-20 → 2022-08-05
[2026-05-19 09:28:00] Started export task: fire_169_dynamic_2022-09-02
[2026-05-19 09:28:00] ------ Processing date=2022-09-03 ------
[2026-05-19 09:28:00] Using viirs_af_path: viirs_af_path
[2026-05-19 09:28:01] VIIRS Image Date: ['2022-09-03 00:00:00']
[2026-05-19 09:28:01] Weather image size: 1
[2026-05-19 09:28:01] Forecast duration: 2022-09-04 00:00:00 to 2022-09-05 00:00:00
[2026-05-19 09:28:02] Number of forecast images: 24
[2026-05-19 09:28:02] Using forecast run: 2022-09-03 18:00:00 UTC
[2026-05-19 09:28:02] Forecast Rain Available hours: [6, 7, 8, 9, 10, 11, 12, 13, 14, 15, 16, 17, 18, 19, 20, 21, 22, 23, 24, 25, 26, 27, 28, 29]
[2026-05-19 09:28:02] Valid hours for sum: [12, 18, 24, 29]
[2026-05-19 09:28:05] Drought composite end date: 2022-09-02 06:00:00
[2026-05-19 09:28:05] Land cover year: 2021
[2026-05-19 09:28:06] VIIRS Veg composite: 2022-07-20 → 2022-08-05
[2026-05-19 09:28:10] Started export task: fire_169_dynamic_2022-09-03
[2026-05-19 09:28:10] ------ Processing date=2022-09-04 ------
[2026-05-19 09:28:10] Using viirs_af_path: viirs_af_path
[2026-05-19 09:28:10] VIIRS Image Date: ['2022-09-04 00:00:00']
[2026-05-19 09:28:11] Weather image size: 1
[2026-05-19 09:28:11] Forecast duration: 2022-09-05 00:00:00 to 2022-09-06 00:00:00
[2026-05-19 09:28:12] Number of forecast images: 24
[2026-05-19 09:28:12] Using forecast run: 2022-09-04 18:00:00 UTC
[2026-05-19 09:28:12] Forecast Rain Available hours: [6, 7, 8, 9, 10, 11, 12, 13, 14, 15, 16, 17, 18, 19, 20, 21, 22, 23, 24, 25, 26, 27, 28, 29]
[2026-05-19 09:28:12] Valid hours for sum: [12, 18, 24, 29]
[2026-05-19 09:28:13] Drought composite end date: 2022-09-02 06:00:00
[2026-05-19 09:28:14] Land cover year: 2021
[2026-05-19 09:28:15] VIIRS Veg composite: 2022-07-20 → 2022-08-05
[2026-05-19 09:28:19] Started export task: fire_169_dynamic_2022-09-04
[2026-05-19 09:28:19] ------ Processing date=2022-09-05 ------
[2026-05-19 09:28:19] Using viirs_af_path: viirs_af_path
[2026-05-19 09:28:19] VIIRS Image Date: ['2022-09-05 00:00:00']
[2026-05-19 09:28:19] Weather image size: 1
[2026-05-19 09:28:19] Forecast duration: 2022-09-06 00:00:00 to 2022-09-07 00:00:00
[2026-05-19 09:28:20] Number of forecast images: 24
[2026-05-19 09:28:20] Using forecast run: 2022-09-05 18:00:00 UTC
[2026-05-19 09:28:21] Forecast Rain Available hours: [6, 7, 8, 9, 10, 11, 12, 13, 14, 15, 16, 17, 18, 19, 20, 21, 22, 23, 24, 25, 26, 27, 28, 29]
[2026-05-19 09:28:21] Valid hours for sum: [12, 18, 24, 29]
[2026-05-19 09:28:23] Drought composite end date: 2022-09-02 06:00:00
[2026-05-19 09:28:23] Land cover year: 2021
[2026-05-19 09:28:24] VIIRS Veg composite: 2022-07-20 → 2022-08-05
[2026-05-19 09:28:29] Started export task: fire_169_dynamic_2022-09-05
[2026-05-19 09:28:29] ------ Processing date=2022-09-06 ------
[2026-05-19 09:28:29] Using viirs_af_path: viirs_af_path
[2026-05-19 09:28:29] VIIRS Image Date: ['2022-09-06 00:00:00']
[2026-05-19 09:28:29] Weather image size: 1
[2026-05-19 09:28:29] Forecast duration: 2022-09-07 00:00:00 to 2022-09-08 00:00:00
[2026-05-19 09:28:30] Number of forecast images: 24
[2026-05-19 09:28:30] Using forecast run: 2022-09-06 18:00:00 UTC
[2026-05-19 09:28:31] Forecast Rain Available hours: [6, 7, 8, 9, 10, 11, 12, 13, 14, 15, 16, 17, 18, 19, 20, 21, 22, 23, 24, 25, 26, 27, 28, 29]
[2026-05-19 09:28:31] Valid hours for sum: [12, 18, 24, 29]
[2026-05-19 09:28:32] Drought composite end date: 2022-09-02 06:00:00
[2026-05-19 09:28:33] Land cover year: 2021
[2026-05-19 09:28:34] VIIRS Veg composite: 2022-07-20 → 2022-08-05
[2026-05-19 09:28:38] Started export task: fire_169_dynamic_2022-09-06
[2026-05-19 09:28:38] ------ Processing date=2022-09-07 ------
[2026-05-19 09:28:38] Using viirs_af_path: viirs_af_path
[2026-05-19 09:28:38] VIIRS Image Date: ['2022-09-07 00:00:00']
[2026-05-19 09:28:39] Weather image size: 1
[2026-05-19 09:28:39] Forecast duration: 2022-09-08 00:00:00 to 2022-09-09 00:00:00
[2026-05-19 09:28:39] Number of forecast images: 24
[2026-05-19 09:28:39] Using forecast run: 2022-09-07 18:00:00 UTC
[2026-05-19 09:28:40] Forecast Rain Available hours: [6, 7, 8, 9, 10, 11, 12, 13, 14, 15, 16, 17, 18, 19, 20, 21, 22, 23, 24, 25, 26, 27, 28, 29]
[2026-05-19 09:28:40] Valid hours for sum: [12, 18, 24, 29]
[2026-05-19 09:28:42] Drought composite end date: 2022-09-02 06:00:00
[2026-05-19 09:28:42] Land cover year: 2021
[2026-05-19 09:28:43] VIIRS Veg composite: 2022-07-20 → 2022-08-05
[2026-05-19 09:28:47] Started export task: fire_169_dynamic_2022-09-07
[2026-05-19 09:28:48] ------ Processing date=2022-09-08 ------
[2026-05-19 09:28:48] Using viirs_af_path: viirs_af_path
[2026-05-19 09:28:48] VIIRS Image Date: ['2022-09-08 00:00:00']
[2026-05-19 09:28:48] Weather image size: 1
[2026-05-19 09:28:48] Forecast duration: 2022-09-09 00:00:00 to 2022-09-10 00:00:00
[2026-05-19 09:28:49] Number of forecast images: 24
[2026-05-19 09:28:49] Using forecast run: 2022-09-08 18:00:00 UTC
[2026-05-19 09:28:49] Forecast Rain Available hours: [6, 7, 8, 9, 10, 11, 12, 13, 14, 15, 16, 17, 18, 19, 20, 21, 22, 23, 24, 25, 26, 27, 28, 29]
[2026-05-19 09:28:49] Valid hours for sum: [12, 18, 24, 29]
[2026-05-19 09:28:50] Drought composite end date: 2022-09-07 06:00:00
[2026-05-19 09:28:51] Land cover year: 2021
[2026-05-19 09:28:52] VIIRS Veg composite: 2022-07-20 → 2022-08-05
[2026-05-19 09:28:54] Started export task: fire_169_dynamic_2022-09-08
[2026-05-19 09:28:55] ------ Processing date=2022-09-09 ------
[2026-05-19 09:28:55] Using viirs_af_path: viirs_af_path
[2026-05-19 09:28:55] VIIRS Image Date: ['2022-09-09 00:00:00']
[2026-05-19 09:28:55] Weather image size: 1
[2026-05-19 09:28:55] Forecast duration: 2022-09-10 00:00:00 to 2022-09-11 00:00:00
[2026-05-19 09:28:56] Number of forecast images: 24
[2026-05-19 09:28:56] Using forecast run: 2022-09-09 18:00:00 UTC
[2026-05-19 09:28:56] Forecast Rain Available hours: [6, 7, 8, 9, 10, 11, 12, 13, 14, 15, 16, 17, 18, 19, 20, 21, 22, 23, 24, 25, 26, 27, 28, 29]
[2026-05-19 09:28:56] Valid hours for sum: [12, 18, 24, 29]
[2026-05-19 09:28:59] Drought composite end date: 2022-09-07 06:00:00
[2026-05-19 09:28:59] Land cover year: 2021
[2026-05-19 09:29:00] VIIRS Veg composite: 2022-07-20 → 2022-08-05
[2026-05-19 09:29:03] Started export task: fire_169_dynamic_2022-09-09
[2026-05-19 09:29:03] ------ Processing date=2022-09-10 ------
[2026-05-19 09:29:03] Using viirs_af_path: viirs_af_path
[2026-05-19 09:29:03] VIIRS Image Date: ['2022-09-10 00:00:00']
[2026-05-19 09:29:04] Weather image size: 1
[2026-05-19 09:29:04] Forecast duration: 2022-09-11 00:00:00 to 2022-09-12 00:00:00
[2026-05-19 09:29:05] Number of forecast images: 24
[2026-05-19 09:29:05] Using forecast run: 2022-09-10 18:00:00 UTC
[2026-05-19 09:29:05] Forecast Rain Available hours: [6, 7, 8, 9, 10, 11, 12, 13, 14, 15, 16, 17, 18, 19, 20, 21, 22, 23, 24, 25, 26, 27, 28, 29]
[2026-05-19 09:29:05] Valid hours for sum: [12, 18, 24, 29]
[2026-05-19 09:29:08] Drought composite end date: 2022-09-07 06:00:00
[2026-05-19 09:29:08] Land cover year: 2021
[2026-05-19 09:29:09] VIIRS Veg composite: 2022-07-20 → 2022-08-05
[2026-05-19 09:29:12] Started export task: fire_169_dynamic_2022-09-10
[2026-05-19 09:29:13] END: ----------Event fire_169----------- (Duration: 6.28m)
[2026-05-19 09:29:13] START: ----------Event fire_170-----------
[2026-05-19 09:29:13] ------ Processing date=2022-08-03 ------
[2026-05-19 09:29:13] Using viirs_af_path: viirs_af_path
[2026-05-19 09:29:13] VIIRS Image Date: []
[2026-05-19 09:29:13] *** ERROR FLAG ***: VIIRS: no data for 2022-08-03, attempting interpolation...
[2026-05-19 09:29:17] VIIRS interpolation gap: 2022-07-26 → 2022-08-11 (16 days apart)
[2026-05-19 09:29:17] VIIRS interpolated: prev=2022-07-26, next=2022-08-11, weight=0.500
[2026-05-19 09:29:17] Weather image size: 1
[2026-05-19 09:29:17] Forecast duration: 2022-08-04 00:00:00 to 2022-08-05 00:00:00
[2026-05-19 09:29:18] Number of forecast images: 24
[2026-05-19 09:29:18] Using forecast run: 2022-08-03 18:00:00 UTC
[2026-05-19 09:29:18] Forecast Rain Available hours: [6, 7, 8, 9, 10, 11, 12, 13, 14, 15, 16, 17, 18, 19, 20, 21, 22, 23, 24, 25, 26, 27, 28, 29]
[2026-05-19 09:29:18] Valid hours for sum: [12, 18, 24, 29]
[2026-05-19 09:29:20] Drought composite end date: 2022-07-29 06:00:00
[2026-05-19 09:29:20] Land cover year: 2021
[2026-05-19 09:29:21] VIIRS Veg composite: 2022-07-20 → 2022-08-05
[2026-05-19 09:29:23] Started export task: fire_170_static
[2026-05-19 09:29:24] Started export task: fire_170_dynamic_2022-08-03
[2026-05-19 09:29:24] ------ Processing date=2022-08-04 ------
[2026-05-19 09:29:24] Using viirs_af_path: viirs_af_path
[2026-05-19 09:29:24] VIIRS Image Date: []
[2026-05-19 09:29:24] *** ERROR FLAG ***: VIIRS: no data for 2022-08-04, attempting interpolation...
[2026-05-19 09:29:29] VIIRS interpolation gap: 2022-07-26 → 2022-08-11 (16 days apart)
[2026-05-19 09:29:29] VIIRS interpolated: prev=2022-07-26, next=2022-08-11, weight=0.562
[2026-05-19 09:29:29] Weather image size: 1
[2026-05-19 09:29:29] Forecast duration: 2022-08-05 00:00:00 to 2022-08-06 00:00:00
[2026-05-19 09:29:30] Number of forecast images: 24
[2026-05-19 09:29:30] Using forecast run: 2022-08-04 18:00:00 UTC
[2026-05-19 09:29:30] Forecast Rain Available hours: [6, 7, 8, 9, 10, 11, 12, 13, 14, 15, 16, 17, 18, 19, 20, 21, 22, 23, 24, 25, 26, 27, 28, 29]
[2026-05-19 09:29:30] Valid hours for sum: [12, 18, 24, 29]
[2026-05-19 09:29:31] Drought composite end date: 2022-08-03 06:00:00
[2026-05-19 09:29:32] Land cover year: 2021
[2026-05-19 09:29:33] VIIRS Veg composite: 2022-07-20 → 2022-08-05
[2026-05-19 09:29:37] Started export task: fire_170_dynamic_2022-08-04
[2026-05-19 09:29:38] ------ Processing date=2022-08-05 ------
[2026-05-19 09:29:38] Using viirs_af_path: viirs_af_path
[2026-05-19 09:29:38] VIIRS Image Date: []
[2026-05-19 09:29:38] *** ERROR FLAG ***: VIIRS: no data for 2022-08-05, attempting interpolation...
[2026-05-19 09:29:42] VIIRS interpolation gap: 2022-07-26 → 2022-08-11 (16 days apart)
[2026-05-19 09:29:42] VIIRS interpolated: prev=2022-07-26, next=2022-08-11, weight=0.625
[2026-05-19 09:29:43] Weather image size: 1
[2026-05-19 09:29:43] Forecast duration: 2022-08-06 00:00:00 to 2022-08-07 00:00:00
[2026-05-19 09:29:43] Number of forecast images: 24
[2026-05-19 09:29:43] Using forecast run: 2022-08-05 18:00:00 UTC
[2026-05-19 09:29:44] Forecast Rain Available hours: [6, 7, 8, 9, 10, 11, 12, 13, 14, 15, 16, 17, 18, 19, 20, 21, 22, 23, 24, 25, 26, 27, 28, 29]
[2026-05-19 09:29:44] Valid hours for sum: [12, 18, 24, 29]
[2026-05-19 09:29:46] Drought composite end date: 2022-08-03 06:00:00
[2026-05-19 09:29:46] Land cover year: 2021
[2026-05-19 09:29:47] VIIRS Veg composite: 2022-07-20 → 2022-08-05
[2026-05-19 09:29:51] Started export task: fire_170_dynamic_2022-08-05
[2026-05-19 09:29:51] ------ Processing date=2022-08-06 ------
[2026-05-19 09:29:51] Using viirs_af_path: viirs_af_path
[2026-05-19 09:29:52] VIIRS Image Date: []
[2026-05-19 09:29:52] *** ERROR FLAG ***: VIIRS: no data for 2022-08-06, attempting interpolation...
[2026-05-19 09:29:55] *** ERROR FLAG ***: VIIRS: no valid image within 10 days BEFORE 2022-08-06 → assigning zeros
[2026-05-19 09:29:55] Weather image size: 1
[2026-05-19 09:29:55] Forecast duration: 2022-08-07 00:00:00 to 2022-08-08 00:00:00
[2026-05-19 09:29:56] Number of forecast images: 24
[2026-05-19 09:29:56] Using forecast run: 2022-08-06 18:00:00 UTC
[2026-05-19 09:29:56] Forecast Rain Available hours: [6, 7, 8, 9, 10, 11, 12, 13, 14, 15, 16, 17, 18, 19, 20, 21, 22, 23, 24, 25, 26, 27, 28, 29]
[2026-05-19 09:29:56] Valid hours for sum: [12, 18, 24, 29]
[2026-05-19 09:29:58] Drought composite end date: 2022-08-03 06:00:00
[2026-05-19 09:29:58] Land cover year: 2021
[2026-05-19 09:29:58] VIIRS Veg composite: 2022-07-20 → 2022-08-05
[2026-05-19 09:30:03] Started export task: fire_170_dynamic_2022-08-06
[2026-05-19 09:30:03] ------ Processing date=2022-08-07 ------
[2026-05-19 09:30:03] Using viirs_af_path: viirs_af_path
[2026-05-19 09:30:03] VIIRS Image Date: []
[2026-05-19 09:30:03] *** ERROR FLAG ***: VIIRS: no data for 2022-08-07, attempting interpolation...
[2026-05-19 09:30:06] *** ERROR FLAG ***: VIIRS: no valid image within 10 days BEFORE 2022-08-07 → assigning zeros
[2026-05-19 09:30:07] Weather image size: 1
[2026-05-19 09:30:07] Forecast duration: 2022-08-08 00:00:00 to 2022-08-09 00:00:00
[2026-05-19 09:30:07] Number of forecast images: 24
[2026-05-19 09:30:07] Using forecast run: 2022-08-07 18:00:00 UTC
[2026-05-19 09:30:08] Forecast Rain Available hours: [6, 7, 8, 9, 10, 11, 12, 13, 14, 15, 16, 17, 18, 19, 20, 21, 22, 23, 24, 25, 26, 27, 28, 29]
[2026-05-19 09:30:08] Valid hours for sum: [12, 18, 24, 29]
[2026-05-19 09:30:09] Drought composite end date: 2022-08-03 06:00:00
[2026-05-19 09:30:10] Land cover year: 2021
[2026-05-19 09:30:10] VIIRS Veg composite: 2022-07-20 → 2022-08-05
[2026-05-19 09:30:14] Started export task: fire_170_dynamic_2022-08-07
[2026-05-19 09:30:14] ------ Processing date=2022-08-08 ------
[2026-05-19 09:30:14] Using viirs_af_path: viirs_af_path
[2026-05-19 09:30:15] VIIRS Image Date: []
[2026-05-19 09:30:15] *** ERROR FLAG ***: VIIRS: no data for 2022-08-08, attempting interpolation...
[2026-05-19 09:30:18] *** ERROR FLAG ***: VIIRS: no valid image within 10 days BEFORE 2022-08-08 → assigning zeros
[2026-05-19 09:30:18] Weather image size: 1
[2026-05-19 09:30:18] Forecast duration: 2022-08-09 00:00:00 to 2022-08-10 00:00:00
[2026-05-19 09:30:19] Number of forecast images: 24
[2026-05-19 09:30:19] Using forecast run: 2022-08-08 18:00:00 UTC
[2026-05-19 09:30:19] Forecast Rain Available hours: [6, 7, 8, 9, 10, 11, 12, 13, 14, 15, 16, 17, 18, 19, 20, 21, 22, 23, 24, 25, 26, 27, 28, 29]
[2026-05-19 09:30:19] Valid hours for sum: [12, 18, 24, 29]
[2026-05-19 09:30:22] Drought composite end date: 2022-08-03 06:00:00
[2026-05-19 09:30:22] Land cover year: 2021
[2026-05-19 09:30:23] VIIRS Veg composite: 2022-07-20 → 2022-08-05
[2026-05-19 09:30:26] Started export task: fire_170_dynamic_2022-08-08
[2026-05-19 09:30:26] ------ Processing date=2022-08-09 ------
[2026-05-19 09:30:26] Using viirs_af_path: viirs_af_path
[2026-05-19 09:30:26] VIIRS Image Date: []
[2026-05-19 09:30:26] *** ERROR FLAG ***: VIIRS: no data for 2022-08-09, attempting interpolation...
[2026-05-19 09:30:29] *** ERROR FLAG ***: VIIRS: no valid image within 10 days BEFORE 2022-08-09 → assigning zeros
[2026-05-19 09:30:29] Weather image size: 1
[2026-05-19 09:30:29] Forecast duration: 2022-08-10 00:00:00 to 2022-08-11 00:00:00
[2026-05-19 09:30:30] Number of forecast images: 24
[2026-05-19 09:30:30] Using forecast run: 2022-08-09 18:00:00 UTC
[2026-05-19 09:30:30] Forecast Rain Available hours: [6, 7, 8, 9, 10, 11, 12, 13, 14, 15, 16, 17, 18, 19, 20, 21, 22, 23, 24, 25, 26, 27, 28, 29]
[2026-05-19 09:30:30] Valid hours for sum: [12, 18, 24, 29]
[2026-05-19 09:30:32] Drought composite end date: 2022-08-08 06:00:00
[2026-05-19 09:30:32] Land cover year: 2021
[2026-05-19 09:30:33] VIIRS Veg composite: 2022-07-20 → 2022-08-05
[2026-05-19 09:30:36] Started export task: fire_170_dynamic_2022-08-09
[2026-05-19 09:30:37] ------ Processing date=2022-08-10 ------
[2026-05-19 09:30:37] Using viirs_af_path: viirs_af_path
[2026-05-19 09:30:37] VIIRS Image Date: []
[2026-05-19 09:30:37] *** ERROR FLAG ***: VIIRS: no data for 2022-08-10, attempting interpolation...
[2026-05-19 09:30:39] *** ERROR FLAG ***: VIIRS: no valid image within 10 days BEFORE 2022-08-10 → assigning zeros
[2026-05-19 09:30:39] Weather image size: 1
[2026-05-19 09:30:39] Forecast duration: 2022-08-11 00:00:00 to 2022-08-12 00:00:00
[2026-05-19 09:30:40] Number of forecast images: 24
[2026-05-19 09:30:40] Using forecast run: 2022-08-10 18:00:00 UTC
[2026-05-19 09:30:40] Forecast Rain Available hours: [6, 7, 8, 9, 10, 11, 12, 13, 14, 15, 16, 17, 18, 19, 20, 21, 22, 23, 24, 25, 26, 27, 28, 29]
[2026-05-19 09:30:40] Valid hours for sum: [12, 18, 24, 29]
[2026-05-19 09:30:42] Drought composite end date: 2022-08-08 06:00:00
[2026-05-19 09:30:42] Land cover year: 2021
[2026-05-19 09:30:43] VIIRS Veg composite: 2022-07-20 → 2022-08-05
[2026-05-19 09:30:46] Started export task: fire_170_dynamic_2022-08-10
[2026-05-19 09:30:46] ------ Processing date=2022-08-11 ------
[2026-05-19 09:30:46] Using viirs_af_path: viirs_af_path
[2026-05-19 09:30:47] VIIRS Image Date: ['2022-08-11 00:00:00']
[2026-05-19 09:30:47] Weather image size: 1
[2026-05-19 09:30:47] Forecast duration: 2022-08-12 00:00:00 to 2022-08-13 00:00:00
[2026-05-19 09:30:48] Number of forecast images: 24
[2026-05-19 09:30:48] Using forecast run: 2022-08-11 18:00:00 UTC
[2026-05-19 09:30:48] Forecast Rain Available hours: [6, 7, 8, 9, 10, 11, 12, 13, 14, 15, 16, 17, 18, 19, 20, 21, 22, 23, 24, 25, 26, 27, 28, 29]
[2026-05-19 09:30:48] Valid hours for sum: [12, 18, 24, 29]
[2026-05-19 09:30:50] Drought composite end date: 2022-08-08 06:00:00
[2026-05-19 09:30:50] Land cover year: 2021
[2026-05-19 09:30:51] VIIRS Veg composite: 2022-07-20 → 2022-08-05
[2026-05-19 09:30:56] Started export task: fire_170_dynamic_2022-08-11
[2026-05-19 09:30:56] ------ Processing date=2022-08-12 ------
[2026-05-19 09:30:56] Using viirs_af_path: viirs_af_path
[2026-05-19 09:30:57] VIIRS Image Date: ['2022-08-12 00:00:00']
[2026-05-19 09:30:57] Weather image size: 1
[2026-05-19 09:30:57] Forecast duration: 2022-08-13 00:00:00 to 2022-08-14 00:00:00
[2026-05-19 09:30:58] Number of forecast images: 24
[2026-05-19 09:30:58] Using forecast run: 2022-08-12 18:00:00 UTC
[2026-05-19 09:30:58] Forecast Rain Available hours: [6, 7, 8, 9, 10, 11, 12, 13, 14, 15, 16, 17, 18, 19, 20, 21, 22, 23, 24, 25, 26, 27, 28, 29]
[2026-05-19 09:30:58] Valid hours for sum: [12, 18, 24, 29]
[2026-05-19 09:31:00] Drought composite end date: 2022-08-08 06:00:00
[2026-05-19 09:31:01] Land cover year: 2021
[2026-05-19 09:31:01] VIIRS Veg composite: 2022-07-20 → 2022-08-05
[2026-05-19 09:31:04] Started export task: fire_170_dynamic_2022-08-12
[2026-05-19 09:31:05] ------ Processing date=2022-08-13 ------
[2026-05-19 09:31:05] Using viirs_af_path: viirs_af_path
[2026-05-19 09:31:05] VIIRS Image Date: ['2022-08-13 00:00:00']
[2026-05-19 09:31:05] Weather image size: 1
[2026-05-19 09:31:05] Forecast duration: 2022-08-14 00:00:00 to 2022-08-15 00:00:00
[2026-05-19 09:31:06] Number of forecast images: 24
[2026-05-19 09:31:06] Using forecast run: 2022-08-13 18:00:00 UTC
[2026-05-19 09:31:06] Forecast Rain Available hours: [6, 7, 8, 9, 10, 11, 12, 13, 14, 15, 16, 17, 18, 19, 20, 21, 22, 23, 24, 25, 26, 27, 28, 29]
[2026-05-19 09:31:06] Valid hours for sum: [12, 18, 24, 29]
[2026-05-19 09:31:08] Drought composite end date: 2022-08-08 06:00:00
[2026-05-19 09:31:08] Land cover year: 2021
[2026-05-19 09:31:09] VIIRS Veg composite: 2022-07-20 → 2022-08-05
[2026-05-19 09:31:14] Started export task: fire_170_dynamic_2022-08-13
[2026-05-19 09:31:14] ------ Processing date=2022-08-14 ------
[2026-05-19 09:31:14] Using viirs_af_path: viirs_af_path
[2026-05-19 09:31:14] VIIRS Image Date: ['2022-08-14 00:00:00']
[2026-05-19 09:31:15] Weather image size: 1
[2026-05-19 09:31:15] Forecast duration: 2022-08-15 00:00:00 to 2022-08-16 00:00:00
[2026-05-19 09:31:16] Number of forecast images: 24
[2026-05-19 09:31:16] Using forecast run: 2022-08-14 18:00:00 UTC
[2026-05-19 09:31:16] Forecast Rain Available hours: [6, 7, 8, 9, 10, 11, 12, 13, 14, 15, 16, 17, 18, 19, 20, 21, 22, 23, 24, 25, 26, 27, 28, 29]
[2026-05-19 09:31:16] Valid hours for sum: [12, 18, 24, 29]
[2026-05-19 09:31:18] Drought composite end date: 2022-08-13 06:00:00
[2026-05-19 09:31:19] Land cover year: 2021
[2026-05-19 09:31:19] VIIRS Veg composite: 2022-07-20 → 2022-08-05
[2026-05-19 09:31:23] Started export task: fire_170_dynamic_2022-08-14
[2026-05-19 09:31:24] ------ Processing date=2022-08-15 ------
[2026-05-19 09:31:24] Using viirs_af_path: viirs_af_path
[2026-05-19 09:31:24] VIIRS Image Date: ['2022-08-15 00:00:00']
[2026-05-19 09:31:24] Weather image size: 1
[2026-05-19 09:31:24] Forecast duration: 2022-08-16 00:00:00 to 2022-08-17 00:00:00
[2026-05-19 09:31:25] Number of forecast images: 24
[2026-05-19 09:31:25] Using forecast run: 2022-08-15 18:00:00 UTC
[2026-05-19 09:31:25] Forecast Rain Available hours: [6, 7, 8, 9, 10, 11, 12, 13, 14, 15, 16, 17, 18, 19, 20, 21, 22, 23, 24, 25, 26, 27, 28, 29]
[2026-05-19 09:31:25] Valid hours for sum: [12, 18, 24, 29]
[2026-05-19 09:31:28] Drought composite end date: 2022-08-13 06:00:00
[2026-05-19 09:31:28] Land cover year: 2021
[2026-05-19 09:31:29] VIIRS Veg composite: 2022-07-20 → 2022-08-05
[2026-05-19 09:31:33] Started export task: fire_170_dynamic_2022-08-15
[2026-05-19 09:31:33] ------ Processing date=2022-08-16 ------
[2026-05-19 09:31:33] Using viirs_af_path: viirs_af_path
[2026-05-19 09:31:34] VIIRS Image Date: ['2022-08-16 00:00:00']
[2026-05-19 09:31:34] Weather image size: 1
[2026-05-19 09:31:34] Forecast duration: 2022-08-17 00:00:00 to 2022-08-18 00:00:00
[2026-05-19 09:31:35] Number of forecast images: 24
[2026-05-19 09:31:35] Using forecast run: 2022-08-16 18:00:00 UTC
[2026-05-19 09:31:35] Forecast Rain Available hours: [6, 7, 8, 9, 10, 11, 12, 13, 14, 15, 16, 17, 18, 19, 20, 21, 22, 23, 24, 25, 26, 27, 28, 29]
[2026-05-19 09:31:35] Valid hours for sum: [12, 18, 24, 29]
[2026-05-19 09:31:37] Drought composite end date: 2022-08-13 06:00:00
[2026-05-19 09:31:37] Land cover year: 2021
[2026-05-19 09:31:38] VIIRS Veg composite: 2022-07-20 → 2022-08-05
[2026-05-19 09:31:41] Started export task: fire_170_dynamic_2022-08-16
[2026-05-19 09:31:41] ------ Processing date=2022-08-17 ------
[2026-05-19 09:31:41] Using viirs_af_path: viirs_af_path
[2026-05-19 09:31:41] VIIRS Image Date: ['2022-08-17 00:00:00']
[2026-05-19 09:31:41] Weather image size: 1
[2026-05-19 09:31:41] Forecast duration: 2022-08-18 00:00:00 to 2022-08-19 00:00:00
[2026-05-19 09:31:42] Number of forecast images: 24
[2026-05-19 09:31:42] Using forecast run: 2022-08-17 18:00:00 UTC
[2026-05-19 09:31:43] Forecast Rain Available hours: [6, 7, 8, 9, 10, 11, 12, 13, 14, 15, 16, 17, 18, 19, 20, 21, 22, 23, 24, 25, 26, 27, 28, 29]
[2026-05-19 09:31:43] Valid hours for sum: [12, 18, 24, 29]
[2026-05-19 09:31:45] Drought composite end date: 2022-08-13 06:00:00
[2026-05-19 09:31:45] Land cover year: 2021
[2026-05-19 09:31:46] VIIRS Veg composite: 2022-07-20 → 2022-08-05
[2026-05-19 09:31:51] Started export task: fire_170_dynamic_2022-08-17
[2026-05-19 09:31:52] ------ Processing date=2022-08-18 ------
[2026-05-19 09:31:52] Using viirs_af_path: viirs_af_path
[2026-05-19 09:31:52] VIIRS Image Date: ['2022-08-18 00:00:00']
[2026-05-19 09:31:52] Weather image size: 1
[2026-05-19 09:31:52] Forecast duration: 2022-08-19 00:00:00 to 2022-08-20 00:00:00
[2026-05-19 09:31:53] Number of forecast images: 24
[2026-05-19 09:31:53] Using forecast run: 2022-08-18 18:00:00 UTC
[2026-05-19 09:31:54] Forecast Rain Available hours: [6, 7, 8, 9, 10, 11, 12, 13, 14, 15, 16, 17, 18, 19, 20, 21, 22, 23, 24, 25, 26, 27, 28, 29]
[2026-05-19 09:31:54] Valid hours for sum: [12, 18, 24, 29]
[2026-05-19 09:31:55] Drought composite end date: 2022-08-13 06:00:00
[2026-05-19 09:31:55] Land cover year: 2021
[2026-05-19 09:31:56] VIIRS Veg composite: 2022-07-20 → 2022-08-05
[2026-05-19 09:32:01] Started export task: fire_170_dynamic_2022-08-18
[2026-05-19 09:32:01] ------ Processing date=2022-08-19 ------
[2026-05-19 09:32:01] Using viirs_af_path: viirs_af_path
[2026-05-19 09:32:02] VIIRS Image Date: ['2022-08-19 00:00:00']
[2026-05-19 09:32:02] Weather image size: 1
[2026-05-19 09:32:02] Forecast duration: 2022-08-20 00:00:00 to 2022-08-21 00:00:00
[2026-05-19 09:32:03] Number of forecast images: 24
[2026-05-19 09:32:03] Using forecast run: 2022-08-19 18:00:00 UTC
[2026-05-19 09:32:03] Forecast Rain Available hours: [6, 7, 8, 9, 10, 11, 12, 13, 14, 15, 16, 17, 18, 19, 20, 21, 22, 23, 24, 25, 26, 27, 28, 29]
[2026-05-19 09:32:03] Valid hours for sum: [12, 18, 24, 29]
[2026-05-19 09:32:05] Drought composite end date: 2022-08-18 06:00:00
[2026-05-19 09:32:06] Land cover year: 2021
[2026-05-19 09:32:07] VIIRS Veg composite: 2022-07-20 → 2022-08-05
[2026-05-19 09:32:09] Started export task: fire_170_dynamic_2022-08-19
[2026-05-19 09:32:10] ------ Processing date=2022-08-20 ------
[2026-05-19 09:32:10] Using viirs_af_path: viirs_af_path
[2026-05-19 09:32:10] VIIRS Image Date: ['2022-08-20 00:00:00']
[2026-05-19 09:32:10] Weather image size: 1
[2026-05-19 09:32:10] Forecast duration: 2022-08-21 00:00:00 to 2022-08-22 00:00:00
[2026-05-19 09:32:12] Number of forecast images: 24
[2026-05-19 09:32:12] Using forecast run: 2022-08-20 18:00:00 UTC
[2026-05-19 09:32:12] Forecast Rain Available hours: [6, 7, 8, 9, 10, 11, 12, 13, 14, 15, 16, 17, 18, 19, 20, 21, 22, 23, 24, 25, 26, 27, 28, 29]
[2026-05-19 09:32:12] Valid hours for sum: [12, 18, 24, 29]
[2026-05-19 09:32:14] Drought composite end date: 2022-08-18 06:00:00
[2026-05-19 09:32:14] Land cover year: 2021
[2026-05-19 09:32:15] VIIRS Veg composite: 2022-07-20 → 2022-08-05
[2026-05-19 09:32:20] Started export task: fire_170_dynamic_2022-08-20
[2026-05-19 09:32:20] ------ Processing date=2022-08-21 ------
[2026-05-19 09:32:20] Using viirs_af_path: viirs_af_path
[2026-05-19 09:32:21] VIIRS Image Date: ['2022-08-21 00:00:00']
[2026-05-19 09:32:21] Weather image size: 1
[2026-05-19 09:32:21] Forecast duration: 2022-08-22 00:00:00 to 2022-08-23 00:00:00
[2026-05-19 09:32:22] Number of forecast images: 24
[2026-05-19 09:32:22] Using forecast run: 2022-08-21 18:00:00 UTC
[2026-05-19 09:32:22] Forecast Rain Available hours: [6, 7, 8, 9, 10, 11, 12, 13, 14, 15, 16, 17, 18, 19, 20, 21, 22, 23, 24, 25, 26, 27, 28, 29]
[2026-05-19 09:32:22] Valid hours for sum: [12, 18, 24, 29]
[2026-05-19 09:32:24] Drought composite end date: 2022-08-18 06:00:00
[2026-05-19 09:32:24] Land cover year: 2021
[2026-05-19 09:32:25] VIIRS Veg composite: 2022-07-20 → 2022-08-05
[2026-05-19 09:32:28] Started export task: fire_170_dynamic_2022-08-21
[2026-05-19 09:32:28] ------ Processing date=2022-08-22 ------
[2026-05-19 09:32:28] Using viirs_af_path: viirs_af_path
[2026-05-19 09:32:29] VIIRS Image Date: ['2022-08-22 00:00:00']
[2026-05-19 09:32:29] Weather image size: 1
[2026-05-19 09:32:29] Forecast duration: 2022-08-23 00:00:00 to 2022-08-24 00:00:00
[2026-05-19 09:32:30] Number of forecast images: 24
[2026-05-19 09:32:30] Using forecast run: 2022-08-22 18:00:00 UTC
[2026-05-19 09:32:30] Forecast Rain Available hours: [6, 7, 8, 9, 10, 11, 12, 13, 14, 15, 16, 17, 18, 19, 20, 21, 22, 23, 24, 25, 26, 27, 28, 29]
[2026-05-19 09:32:30] Valid hours for sum: [12, 18, 24, 29]
[2026-05-19 09:32:32] Drought composite end date: 2022-08-18 06:00:00
[2026-05-19 09:32:32] Land cover year: 2021
[2026-05-19 09:32:33] VIIRS Veg composite: 2022-07-20 → 2022-08-05
[2026-05-19 09:32:36] Started export task: fire_170_dynamic_2022-08-22
[2026-05-19 09:32:37] ------ Processing date=2022-08-23 ------
[2026-05-19 09:32:37] Using viirs_af_path: viirs_af_path
[2026-05-19 09:32:37] VIIRS Image Date: ['2022-08-23 00:00:00']
[2026-05-19 09:32:38] Weather image size: 1
[2026-05-19 09:32:38] Forecast duration: 2022-08-24 00:00:00 to 2022-08-25 00:00:00
[2026-05-19 09:32:39] Number of forecast images: 24
[2026-05-19 09:32:39] Using forecast run: 2022-08-23 18:00:00 UTC
[2026-05-19 09:32:39] Forecast Rain Available hours: [6, 7, 8, 9, 10, 11, 12, 13, 14, 15, 16, 17, 18, 19, 20, 21, 22, 23, 24, 25, 26, 27, 28, 29]
[2026-05-19 09:32:39] Valid hours for sum: [12, 18, 24, 29]
[2026-05-19 09:32:41] Drought composite end date: 2022-08-18 06:00:00
[2026-05-19 09:32:41] Land cover year: 2021
[2026-05-19 09:32:42] VIIRS Veg composite: 2022-07-20 → 2022-08-05
[2026-05-19 09:32:45] Started export task: fire_170_dynamic_2022-08-23
[2026-05-19 09:32:45] ------ Processing date=2022-08-24 ------
[2026-05-19 09:32:45] Using viirs_af_path: viirs_af_path
[2026-05-19 09:32:45] VIIRS Image Date: ['2022-08-24 00:00:00']
[2026-05-19 09:32:46] Weather image size: 1
[2026-05-19 09:32:46] Forecast duration: 2022-08-25 00:00:00 to 2022-08-26 00:00:00
[2026-05-19 09:32:46] Number of forecast images: 24
[2026-05-19 09:32:46] Using forecast run: 2022-08-24 18:00:00 UTC
[2026-05-19 09:32:47] Forecast Rain Available hours: [6, 7, 8, 9, 10, 11, 12, 13, 14, 15, 16, 17, 18, 19, 20, 21, 22, 23, 24, 25, 26, 27, 28, 29]
[2026-05-19 09:32:47] Valid hours for sum: [12, 18, 24, 29]
[2026-05-19 09:32:49] Drought composite end date: 2022-08-23 06:00:00
[2026-05-19 09:32:49] Land cover year: 2021
[2026-05-19 09:32:50] VIIRS Veg composite: 2022-07-20 → 2022-08-05
[2026-05-19 09:32:55] Started export task: fire_170_dynamic_2022-08-24
[2026-05-19 09:32:55] ------ Processing date=2022-08-25 ------
[2026-05-19 09:32:55] Using viirs_af_path: viirs_af_path
[2026-05-19 09:32:55] VIIRS Image Date: ['2022-08-25 00:00:00']
[2026-05-19 09:32:57] Weather image size: 1
[2026-05-19 09:32:57] Forecast duration: 2022-08-26 00:00:00 to 2022-08-27 00:00:00
[2026-05-19 09:32:57] Number of forecast images: 24
[2026-05-19 09:32:57] Using forecast run: 2022-08-25 18:00:00 UTC
[2026-05-19 09:32:58] Forecast Rain Available hours: [6, 7, 8, 9, 10, 11, 12, 13, 14, 15, 16, 17, 18, 19, 20, 21, 22, 23, 24, 25, 26, 27, 28, 29]
[2026-05-19 09:32:58] Valid hours for sum: [12, 18, 24, 29]
[2026-05-19 09:33:00] Drought composite end date: 2022-08-23 06:00:00
[2026-05-19 09:33:00] Land cover year: 2021
[2026-05-19 09:33:01] VIIRS Veg composite: 2022-07-20 → 2022-08-05
[2026-05-19 09:33:04] Started export task: fire_170_dynamic_2022-08-25
[2026-05-19 09:33:04] ------ Processing date=2022-08-26 ------
[2026-05-19 09:33:04] Using viirs_af_path: viirs_af_path
[2026-05-19 09:33:05] VIIRS Image Date: ['2022-08-26 00:00:00']
[2026-05-19 09:33:05] Weather image size: 1
[2026-05-19 09:33:05] Forecast duration: 2022-08-27 00:00:00 to 2022-08-28 00:00:00
[2026-05-19 09:33:06] Number of forecast images: 23
[2026-05-19 09:33:06] Using forecast run: 2022-08-26 18:00:00 UTC
[2026-05-19 09:33:06] Forecast Rain Available hours: [6, 7, 8, 9, 10, 11, 12, 13, 15, 16, 17, 18, 19, 20, 21, 22, 23, 24, 25, 26, 27, 28, 29]
[2026-05-19 09:33:06] Valid hours for sum: [12, 18, 24, 29]
[2026-05-19 09:33:07] Drought composite end date: 2022-08-23 06:00:00
[2026-05-19 09:33:08] Land cover year: 2021
[2026-05-19 09:33:08] VIIRS Veg composite: 2022-07-20 → 2022-08-05
[2026-05-19 09:33:12] Started export task: fire_170_dynamic_2022-08-26
[2026-05-19 09:33:12] ------ Processing date=2022-08-27 ------
[2026-05-19 09:33:12] Using viirs_af_path: viirs_af_path
[2026-05-19 09:33:12] VIIRS Image Date: ['2022-08-27 00:00:00']
[2026-05-19 09:33:13] Weather image size: 1
[2026-05-19 09:33:13] Forecast duration: 2022-08-28 00:00:00 to 2022-08-29 00:00:00
[2026-05-19 09:33:14] Number of forecast images: 24
[2026-05-19 09:33:14] Using forecast run: 2022-08-27 18:00:00 UTC
[2026-05-19 09:33:14] Forecast Rain Available hours: [6, 7, 8, 9, 10, 11, 12, 13, 14, 15, 16, 17, 18, 19, 20, 21, 22, 23, 24, 25, 26, 27, 28, 29]
[2026-05-19 09:33:14] Valid hours for sum: [12, 18, 24, 29]
[2026-05-19 09:33:17] Drought composite end date: 2022-08-23 06:00:00
[2026-05-19 09:33:18] Land cover year: 2021
[2026-05-19 09:33:19] VIIRS Veg composite: 2022-07-20 → 2022-08-05
[2026-05-19 09:33:22] Started export task: fire_170_dynamic_2022-08-27
[2026-05-19 09:33:23] ------ Processing date=2022-08-28 ------
[2026-05-19 09:33:23] Using viirs_af_path: viirs_af_path
[2026-05-19 09:33:23] VIIRS Image Date: ['2022-08-28 00:00:00']
[2026-05-19 09:33:23] Weather image size: 1
[2026-05-19 09:33:23] Forecast duration: 2022-08-29 00:00:00 to 2022-08-30 00:00:00
[2026-05-19 09:33:24] Number of forecast images: 23
[2026-05-19 09:33:24] Using forecast run: 2022-08-28 18:00:00 UTC
[2026-05-19 09:33:25] Forecast Rain Available hours: [6, 7, 8, 9, 10, 11, 12, 13, 14, 16, 17, 18, 19, 20, 21, 22, 23, 24, 25, 26, 27, 28, 29]
[2026-05-19 09:33:25] Valid hours for sum: [12, 18, 24, 29]
[2026-05-19 09:33:26] Drought composite end date: 2022-08-23 06:00:00
[2026-05-19 09:33:26] Land cover year: 2021
[2026-05-19 09:33:27] VIIRS Veg composite: 2022-07-20 → 2022-08-05
[2026-05-19 09:33:31] Started export task: fire_170_dynamic_2022-08-28
[2026-05-19 09:33:31] ------ Processing date=2022-08-29 ------
[2026-05-19 09:33:31] Using viirs_af_path: viirs_af_path
[2026-05-19 09:33:32] VIIRS Image Date: ['2022-08-29 00:00:00']
[2026-05-19 09:33:33] Weather image size: 1
[2026-05-19 09:33:33] Forecast duration: 2022-08-30 00:00:00 to 2022-08-31 00:00:00
[2026-05-19 09:33:34] Number of forecast images: 24
[2026-05-19 09:33:34] Using forecast run: 2022-08-29 18:00:00 UTC
[2026-05-19 09:33:34] Forecast Rain Available hours: [6, 7, 8, 9, 10, 11, 12, 13, 14, 15, 16, 17, 18, 19, 20, 21, 22, 23, 24, 25, 26, 27, 28, 29]
[2026-05-19 09:33:34] Valid hours for sum: [12, 18, 24, 29]
[2026-05-19 09:33:36] Drought composite end date: 2022-08-28 06:00:00
[2026-05-19 09:33:36] Land cover year: 2021
[2026-05-19 09:33:38] VIIRS Veg composite: 2022-07-20 → 2022-08-05
[2026-05-19 09:33:41] Started export task: fire_170_dynamic_2022-08-29
[2026-05-19 09:33:41] ------ Processing date=2022-08-30 ------
[2026-05-19 09:33:41] Using viirs_af_path: viirs_af_path
[2026-05-19 09:33:42] VIIRS Image Date: ['2022-08-30 00:00:00']
[2026-05-19 09:33:42] Weather image size: 1
[2026-05-19 09:33:42] Forecast duration: 2022-08-31 00:00:00 to 2022-09-01 00:00:00
[2026-05-19 09:33:43] Number of forecast images: 24
[2026-05-19 09:33:43] Using forecast run: 2022-08-30 18:00:00 UTC
[2026-05-19 09:33:43] Forecast Rain Available hours: [6, 7, 8, 9, 10, 11, 12, 13, 14, 15, 16, 17, 18, 19, 20, 21, 22, 23, 24, 25, 26, 27, 28, 29]
[2026-05-19 09:33:43] Valid hours for sum: [12, 18, 24, 29]
[2026-05-19 09:33:46] Drought composite end date: 2022-08-28 06:00:00
[2026-05-19 09:33:46] Land cover year: 2021
[2026-05-19 09:33:47] VIIRS Veg composite: 2022-07-20 → 2022-08-05
[2026-05-19 09:33:51] Started export task: fire_170_dynamic_2022-08-30
[2026-05-19 09:33:51] ------ Processing date=2022-08-31 ------
[2026-05-19 09:33:51] Using viirs_af_path: viirs_af_path
[2026-05-19 09:33:52] VIIRS Image Date: ['2022-08-31 00:00:00']
[2026-05-19 09:33:52] Weather image size: 1
[2026-05-19 09:33:52] Forecast duration: 2022-09-01 00:00:00 to 2022-09-02 00:00:00
[2026-05-19 09:33:53] Number of forecast images: 24
[2026-05-19 09:33:53] Using forecast run: 2022-08-31 18:00:00 UTC
[2026-05-19 09:33:53] Forecast Rain Available hours: [6, 7, 8, 9, 10, 11, 12, 13, 14, 15, 16, 17, 18, 19, 20, 21, 22, 23, 24, 25, 26, 27, 28, 29]
[2026-05-19 09:33:53] Valid hours for sum: [12, 18, 24, 29]
[2026-05-19 09:33:55] Drought composite end date: 2022-08-28 06:00:00
[2026-05-19 09:33:56] Land cover year: 2021
[2026-05-19 09:33:56] VIIRS Veg composite: 2022-07-20 → 2022-08-05
[2026-05-19 09:34:00] Started export task: fire_170_dynamic_2022-08-31
[2026-05-19 09:34:01] ------ Processing date=2022-09-01 ------
[2026-05-19 09:34:01] Using viirs_af_path: viirs_af_path
[2026-05-19 09:34:01] VIIRS Image Date: ['2022-09-01 00:00:00']
[2026-05-19 09:34:01] Weather image size: 1
[2026-05-19 09:34:01] Forecast duration: 2022-09-02 00:00:00 to 2022-09-03 00:00:00
[2026-05-19 09:34:02] Number of forecast images: 23
[2026-05-19 09:34:02] Using forecast run: 2022-09-01 18:00:00 UTC
[2026-05-19 09:34:02] Forecast Rain Available hours: [6, 7, 8, 9, 10, 11, 12, 13, 14, 15, 16, 17, 18, 20, 21, 22, 23, 24, 25, 26, 27, 28, 29]
[2026-05-19 09:34:02] Valid hours for sum: [12, 18, 24, 29]
[2026-05-19 09:34:04] Drought composite end date: 2022-08-28 06:00:00
[2026-05-19 09:34:04] Land cover year: 2021
[2026-05-19 09:34:05] VIIRS Veg composite: 2022-07-20 → 2022-08-05
[2026-05-19 09:34:07] Started export task: fire_170_dynamic_2022-09-01
[2026-05-19 09:34:08] ------ Processing date=2022-09-02 ------
[2026-05-19 09:34:08] Using viirs_af_path: viirs_af_path
[2026-05-19 09:34:08] VIIRS Image Date: ['2022-09-02 00:00:00']
[2026-05-19 09:34:08] Weather image size: 1
[2026-05-19 09:34:08] Forecast duration: 2022-09-03 00:00:00 to 2022-09-04 00:00:00
[2026-05-19 09:34:09] Number of forecast images: 24
[2026-05-19 09:34:09] Using forecast run: 2022-09-02 18:00:00 UTC
[2026-05-19 09:34:09] Forecast Rain Available hours: [6, 7, 8, 9, 10, 11, 12, 13, 14, 15, 16, 17, 18, 19, 20, 21, 22, 23, 24, 25, 26, 27, 28, 29]
[2026-05-19 09:34:09] Valid hours for sum: [12, 18, 24, 29]
[2026-05-19 09:34:11] Drought composite end date: 2022-08-28 06:00:00
[2026-05-19 09:34:11] Land cover year: 2021
[2026-05-19 09:34:12] VIIRS Veg composite: 2022-07-20 → 2022-08-05
[2026-05-19 09:34:16] Started export task: fire_170_dynamic_2022-09-02
[2026-05-19 09:34:17] ------ Processing date=2022-09-03 ------
[2026-05-19 09:34:17] Using viirs_af_path: viirs_af_path
[2026-05-19 09:34:17] VIIRS Image Date: ['2022-09-03 00:00:00']
[2026-05-19 09:34:17] Weather image size: 1
[2026-05-19 09:34:17] Forecast duration: 2022-09-04 00:00:00 to 2022-09-05 00:00:00
[2026-05-19 09:34:18] Number of forecast images: 24
[2026-05-19 09:34:18] Using forecast run: 2022-09-03 18:00:00 UTC
[2026-05-19 09:34:19] Forecast Rain Available hours: [6, 7, 8, 9, 10, 11, 12, 13, 14, 15, 16, 17, 18, 19, 20, 21, 22, 23, 24, 25, 26, 27, 28, 29]
[2026-05-19 09:34:19] Valid hours for sum: [12, 18, 24, 29]
[2026-05-19 09:34:20] Drought composite end date: 2022-09-02 06:00:00
[2026-05-19 09:34:20] Land cover year: 2021
[2026-05-19 09:34:22] VIIRS Veg composite: 2022-07-20 → 2022-08-05
[2026-05-19 09:34:25] Started export task: fire_170_dynamic_2022-09-03
[2026-05-19 09:34:25] ------ Processing date=2022-09-04 ------
[2026-05-19 09:34:25] Using viirs_af_path: viirs_af_path
[2026-05-19 09:34:25] VIIRS Image Date: ['2022-09-04 00:00:00']
[2026-05-19 09:34:25] Weather image size: 1
[2026-05-19 09:34:25] Forecast duration: 2022-09-05 00:00:00 to 2022-09-06 00:00:00
[2026-05-19 09:34:26] Number of forecast images: 24
[2026-05-19 09:34:26] Using forecast run: 2022-09-04 18:00:00 UTC
[2026-05-19 09:34:27] Forecast Rain Available hours: [6, 7, 8, 9, 10, 11, 12, 13, 14, 15, 16, 17, 18, 19, 20, 21, 22, 23, 24, 25, 26, 27, 28, 29]
[2026-05-19 09:34:27] Valid hours for sum: [12, 18, 24, 29]
[2026-05-19 09:34:29] Drought composite end date: 2022-09-02 06:00:00
[2026-05-19 09:34:29] Land cover year: 2021
[2026-05-19 09:34:30] VIIRS Veg composite: 2022-07-20 → 2022-08-05
[2026-05-19 09:34:36] Started export task: fire_170_dynamic_2022-09-04
[2026-05-19 09:34:36] ------ Processing date=2022-09-05 ------
[2026-05-19 09:34:36] Using viirs_af_path: viirs_af_path
[2026-05-19 09:34:36] VIIRS Image Date: ['2022-09-05 00:00:00']
[2026-05-19 09:34:37] Weather image size: 1
[2026-05-19 09:34:37] Forecast duration: 2022-09-06 00:00:00 to 2022-09-07 00:00:00
[2026-05-19 09:34:38] Number of forecast images: 24
[2026-05-19 09:34:38] Using forecast run: 2022-09-05 18:00:00 UTC
[2026-05-19 09:34:38] Forecast Rain Available hours: [6, 7, 8, 9, 10, 11, 12, 13, 14, 15, 16, 17, 18, 19, 20, 21, 22, 23, 24, 25, 26, 27, 28, 29]
[2026-05-19 09:34:38] Valid hours for sum: [12, 18, 24, 29]
[2026-05-19 09:34:40] Drought composite end date: 2022-09-02 06:00:00
[2026-05-19 09:34:40] Land cover year: 2021
[2026-05-19 09:34:41] VIIRS Veg composite: 2022-07-20 → 2022-08-05
[2026-05-19 09:34:45] Started export task: fire_170_dynamic_2022-09-05
[2026-05-19 09:34:46] ------ Processing date=2022-09-06 ------
[2026-05-19 09:34:46] Using viirs_af_path: viirs_af_path
[2026-05-19 09:34:46] VIIRS Image Date: ['2022-09-06 00:00:00']
[2026-05-19 09:34:46] Weather image size: 1
[2026-05-19 09:34:46] Forecast duration: 2022-09-07 00:00:00 to 2022-09-08 00:00:00
[2026-05-19 09:34:47] Number of forecast images: 24
[2026-05-19 09:34:47] Using forecast run: 2022-09-06 18:00:00 UTC
[2026-05-19 09:34:47] Forecast Rain Available hours: [6, 7, 8, 9, 10, 11, 12, 13, 14, 15, 16, 17, 18, 19, 20, 21, 22, 23, 24, 25, 26, 27, 28, 29]
[2026-05-19 09:34:47] Valid hours for sum: [12, 18, 24, 29]
[2026-05-19 09:34:49] Drought composite end date: 2022-09-02 06:00:00
[2026-05-19 09:34:50] Land cover year: 2021
[2026-05-19 09:34:51] VIIRS Veg composite: 2022-07-20 → 2022-08-05
[2026-05-19 09:34:53] Started export task: fire_170_dynamic_2022-09-06
[2026-05-19 09:34:54] ------ Processing date=2022-09-07 ------
[2026-05-19 09:34:54] Using viirs_af_path: viirs_af_path
[2026-05-19 09:34:54] VIIRS Image Date: ['2022-09-07 00:00:00']
[2026-05-19 09:34:54] Weather image size: 1
[2026-05-19 09:34:54] Forecast duration: 2022-09-08 00:00:00 to 2022-09-09 00:00:00
[2026-05-19 09:34:55] Number of forecast images: 24
[2026-05-19 09:34:55] Using forecast run: 2022-09-07 18:00:00 UTC
[2026-05-19 09:34:55] Forecast Rain Available hours: [6, 7, 8, 9, 10, 11, 12, 13, 14, 15, 16, 17, 18, 19, 20, 21, 22, 23, 24, 25, 26, 27, 28, 29]
[2026-05-19 09:34:55] Valid hours for sum: [12, 18, 24, 29]
[2026-05-19 09:34:57] Drought composite end date: 2022-09-02 06:00:00
[2026-05-19 09:34:57] Land cover year: 2021
[2026-05-19 09:34:58] VIIRS Veg composite: 2022-07-20 → 2022-08-05
[2026-05-19 09:35:01] Started export task: fire_170_dynamic_2022-09-07
[2026-05-19 09:35:01] ------ Processing date=2022-09-08 ------
[2026-05-19 09:35:01] Using viirs_af_path: viirs_af_path
[2026-05-19 09:35:02] VIIRS Image Date: ['2022-09-08 00:00:00']
[2026-05-19 09:35:02] Weather image size: 1
[2026-05-19 09:35:02] Forecast duration: 2022-09-09 00:00:00 to 2022-09-10 00:00:00
[2026-05-19 09:35:03] Number of forecast images: 24
[2026-05-19 09:35:03] Using forecast run: 2022-09-08 18:00:00 UTC
[2026-05-19 09:35:03] Forecast Rain Available hours: [6, 7, 8, 9, 10, 11, 12, 13, 14, 15, 16, 17, 18, 19, 20, 21, 22, 23, 24, 25, 26, 27, 28, 29]
[2026-05-19 09:35:03] Valid hours for sum: [12, 18, 24, 29]
[2026-05-19 09:35:05] Drought composite end date: 2022-09-07 06:00:00
[2026-05-19 09:35:05] Land cover year: 2021
[2026-05-19 09:35:06] VIIRS Veg composite: 2022-07-20 → 2022-08-05
[2026-05-19 09:35:11] Started export task: fire_170_dynamic_2022-09-08
[2026-05-19 09:35:11] ------ Processing date=2022-09-09 ------
[2026-05-19 09:35:11] Using viirs_af_path: viirs_af_path
[2026-05-19 09:35:12] VIIRS Image Date: ['2022-09-09 00:00:00']
[2026-05-19 09:35:12] Weather image size: 1
[2026-05-19 09:35:12] Forecast duration: 2022-09-10 00:00:00 to 2022-09-11 00:00:00
[2026-05-19 09:35:12] Number of forecast images: 24
[2026-05-19 09:35:12] Using forecast run: 2022-09-09 18:00:00 UTC
[2026-05-19 09:35:13] Forecast Rain Available hours: [6, 7, 8, 9, 10, 11, 12, 13, 14, 15, 16, 17, 18, 19, 20, 21, 22, 23, 24, 25, 26, 27, 28, 29]
[2026-05-19 09:35:13] Valid hours for sum: [12, 18, 24, 29]
[2026-05-19 09:35:15] Drought composite end date: 2022-09-07 06:00:00
[2026-05-19 09:35:15] Land cover year: 2021
[2026-05-19 09:35:16] VIIRS Veg composite: 2022-07-20 → 2022-08-05
[2026-05-19 09:35:22] Started export task: fire_170_dynamic_2022-09-09
[2026-05-19 09:35:22] ------ Processing date=2022-09-10 ------
[2026-05-19 09:35:22] Using viirs_af_path: viirs_af_path
[2026-05-19 09:35:22] VIIRS Image Date: ['2022-09-10 00:00:00']
[2026-05-19 09:35:22] Weather image size: 1
[2026-05-19 09:35:22] Forecast duration: 2022-09-11 00:00:00 to 2022-09-12 00:00:00
[2026-05-19 09:35:23] Number of forecast images: 24
[2026-05-19 09:35:23] Using forecast run: 2022-09-10 18:00:00 UTC
[2026-05-19 09:35:24] Forecast Rain Available hours: [6, 7, 8, 9, 10, 11, 12, 13, 14, 15, 16, 17, 18, 19, 20, 21, 22, 23, 24, 25, 26, 27, 28, 29]
[2026-05-19 09:35:24] Valid hours for sum: [12, 18, 24, 29]
[2026-05-19 09:35:25] Drought composite end date: 2022-09-07 06:00:00
[2026-05-19 09:35:25] Land cover year: 2021
[2026-05-19 09:35:26] VIIRS Veg composite: 2022-07-20 → 2022-08-05
[2026-05-19 09:35:29] Started export task: fire_170_dynamic_2022-09-10
[2026-05-19 09:35:30] ------ Processing date=2022-09-11 ------
[2026-05-19 09:35:30] Using viirs_af_path: viirs_af_path
[2026-05-19 09:35:30] VIIRS Image Date: ['2022-09-11 00:00:00']
[2026-05-19 09:35:30] Weather image size: 1
[2026-05-19 09:35:30] Forecast duration: 2022-09-12 00:00:00 to 2022-09-13 00:00:00
[2026-05-19 09:35:31] Number of forecast images: 23
[2026-05-19 09:35:31] Using forecast run: 2022-09-11 18:00:00 UTC
[2026-05-19 09:35:31] Forecast Rain Available hours: [6, 7, 8, 9, 10, 11, 12, 13, 14, 15, 16, 17, 18, 19, 21, 22, 23, 24, 25, 26, 27, 28, 29]
[2026-05-19 09:35:31] Valid hours for sum: [12, 18, 24, 29]
[2026-05-19 09:35:34] Drought composite end date: 2022-09-07 06:00:00
[2026-05-19 09:35:34] Land cover year: 2021
[2026-05-19 09:35:35] VIIRS Veg composite: 2022-07-20 → 2022-08-05
[2026-05-19 09:35:39] Started export task: fire_170_dynamic_2022-09-11
[2026-05-19 09:35:39] ------ Processing date=2022-09-12 ------
[2026-05-19 09:35:39] Using viirs_af_path: viirs_af_path
[2026-05-19 09:35:39] VIIRS Image Date: ['2022-09-12 00:00:00']
[2026-05-19 09:35:40] Weather image size: 1
[2026-05-19 09:35:40] Forecast duration: 2022-09-13 00:00:00 to 2022-09-14 00:00:00
[2026-05-19 09:35:40] Number of forecast images: 24
[2026-05-19 09:35:40] Using forecast run: 2022-09-12 18:00:00 UTC
[2026-05-19 09:35:41] Forecast Rain Available hours: [6, 7, 8, 9, 10, 11, 12, 13, 14, 15, 16, 17, 18, 19, 20, 21, 22, 23, 24, 25, 26, 27, 28, 29]
[2026-05-19 09:35:41] Valid hours for sum: [12, 18, 24, 29]
[2026-05-19 09:35:43] Drought composite end date: 2022-09-07 06:00:00
[2026-05-19 09:35:43] Land cover year: 2021
[2026-05-19 09:35:44] VIIRS Veg composite: 2022-07-20 → 2022-08-05
[2026-05-19 09:35:48] Started export task: fire_170_dynamic_2022-09-12
[2026-05-19 09:35:48] ------ Processing date=2022-09-13 ------
[2026-05-19 09:35:48] Using viirs_af_path: viirs_af_path
[2026-05-19 09:35:48] VIIRS Image Date: ['2022-09-13 00:00:00']
[2026-05-19 09:35:49] Weather image size: 1
[2026-05-19 09:35:49] Forecast duration: 2022-09-14 00:00:00 to 2022-09-15 00:00:00
[2026-05-19 09:35:50] Number of forecast images: 24
[2026-05-19 09:35:50] Using forecast run: 2022-09-13 18:00:00 UTC
[2026-05-19 09:35:50] Forecast Rain Available hours: [6, 7, 8, 9, 10, 11, 12, 13, 14, 15, 16, 17, 18, 19, 20, 21, 22, 23, 24, 25, 26, 27, 28, 29]
[2026-05-19 09:35:50] Valid hours for sum: [12, 18, 24, 29]
[2026-05-19 09:35:52] Drought composite end date: 2022-09-12 06:00:00
[2026-05-19 09:35:52] Land cover year: 2021
[2026-05-19 09:35:53] VIIRS Veg composite: 2022-07-20 → 2022-08-05
[2026-05-19 09:35:57] Started export task: fire_170_dynamic_2022-09-13
[2026-05-19 09:35:57] ------ Processing date=2022-09-14 ------
[2026-05-19 09:35:57] Using viirs_af_path: viirs_af_path
[2026-05-19 09:35:57] VIIRS Image Date: ['2022-09-14 00:00:00']
[2026-05-19 09:35:57] Weather image size: 1
[2026-05-19 09:35:57] Forecast duration: 2022-09-15 00:00:00 to 2022-09-16 00:00:00
[2026-05-19 09:35:58] Number of forecast images: 24
[2026-05-19 09:35:58] Using forecast run: 2022-09-14 18:00:00 UTC
[2026-05-19 09:35:59] Forecast Rain Available hours: [6, 7, 8, 9, 10, 11, 12, 13, 14, 15, 16, 17, 18, 19, 20, 21, 22, 23, 24, 25, 26, 27, 28, 29]
[2026-05-19 09:35:59] Valid hours for sum: [12, 18, 24, 29]
[2026-05-19 09:36:01] Drought composite end date: 2022-09-12 06:00:00
[2026-05-19 09:36:01] Land cover year: 2021
[2026-05-19 09:36:02] VIIRS Veg composite: 2022-07-20 → 2022-08-05
[2026-05-19 09:36:06] Started export task: fire_170_dynamic_2022-09-14
[2026-05-19 09:36:07] ------ Processing date=2022-09-15 ------
[2026-05-19 09:36:07] Using viirs_af_path: viirs_af_path
[2026-05-19 09:36:07] VIIRS Image Date: ['2022-09-15 00:00:00']
[2026-05-19 09:36:07] Weather image size: 1
[2026-05-19 09:36:07] Forecast duration: 2022-09-16 00:00:00 to 2022-09-17 00:00:00
[2026-05-19 09:36:08] Number of forecast images: 24
[2026-05-19 09:36:08] Using forecast run: 2022-09-15 18:00:00 UTC
[2026-05-19 09:36:09] Forecast Rain Available hours: [6, 7, 8, 9, 10, 11, 12, 13, 14, 15, 16, 17, 18, 19, 20, 21, 22, 23, 24, 25, 26, 27, 28, 29]
[2026-05-19 09:36:09] Valid hours for sum: [12, 18, 24, 29]
[2026-05-19 09:36:11] Drought composite end date: 2022-09-12 06:00:00
[2026-05-19 09:36:12] Land cover year: 2021
[2026-05-19 09:36:12] VIIRS Veg composite: 2022-07-20 → 2022-08-05
[2026-05-19 09:36:15] Started export task: fire_170_dynamic_2022-09-15
[2026-05-19 09:36:16] ------ Processing date=2022-09-16 ------
[2026-05-19 09:36:16] Using viirs_af_path: viirs_af_path
[2026-05-19 09:36:16] VIIRS Image Date: ['2022-09-16 00:00:00']
[2026-05-19 09:36:16] Weather image size: 1
[2026-05-19 09:36:16] Forecast duration: 2022-09-17 00:00:00 to 2022-09-18 00:00:00
[2026-05-19 09:36:17] Number of forecast images: 24
[2026-05-19 09:36:17] Using forecast run: 2022-09-16 18:00:00 UTC
[2026-05-19 09:36:17] Forecast Rain Available hours: [6, 7, 8, 9, 10, 11, 12, 13, 14, 15, 16, 17, 18, 19, 20, 21, 22, 23, 24, 25, 26, 27, 28, 29]
[2026-05-19 09:36:17] Valid hours for sum: [12, 18, 24, 29]
[2026-05-19 09:36:20] Drought composite end date: 2022-09-12 06:00:00
[2026-05-19 09:36:20] Land cover year: 2021
[2026-05-19 09:36:21] VIIRS Veg composite: 2022-07-20 → 2022-08-05
[2026-05-19 09:36:26] Started export task: fire_170_dynamic_2022-09-16
[2026-05-19 09:36:26] ------ Processing date=2022-09-17 ------
[2026-05-19 09:36:26] Using viirs_af_path: viirs_af_path
[2026-05-19 09:36:26] VIIRS Image Date: ['2022-09-17 00:00:00']
[2026-05-19 09:36:26] Weather image size: 1
[2026-05-19 09:36:26] Forecast duration: 2022-09-18 00:00:00 to 2022-09-19 00:00:00
[2026-05-19 09:36:27] Number of forecast images: 24
[2026-05-19 09:36:27] Using forecast run: 2022-09-17 18:00:00 UTC
[2026-05-19 09:36:28] Forecast Rain Available hours: [6, 7, 8, 9, 10, 11, 12, 13, 14, 15, 16, 17, 18, 19, 20, 21, 22, 23, 24, 25, 26, 27, 28, 29]
[2026-05-19 09:36:28] Valid hours for sum: [12, 18, 24, 29]
[2026-05-19 09:36:30] Drought composite end date: 2022-09-12 06:00:00
[2026-05-19 09:36:31] Land cover year: 2021
[2026-05-19 09:36:31] VIIRS Veg composite: 2022-07-20 → 2022-08-05
[2026-05-19 09:36:35] Started export task: fire_170_dynamic_2022-09-17
[2026-05-19 09:36:36] ------ Processing date=2022-09-18 ------
[2026-05-19 09:36:36] Using viirs_af_path: viirs_af_path
[2026-05-19 09:36:36] VIIRS Image Date: ['2022-09-18 00:00:00']
[2026-05-19 09:36:36] Weather image size: 1
[2026-05-19 09:36:36] Forecast duration: 2022-09-19 00:00:00 to 2022-09-20 00:00:00
[2026-05-19 09:36:37] Number of forecast images: 24
[2026-05-19 09:36:37] Using forecast run: 2022-09-18 18:00:00 UTC
[2026-05-19 09:36:38] Forecast Rain Available hours: [6, 7, 8, 9, 10, 11, 12, 13, 14, 15, 16, 17, 18, 19, 20, 21, 22, 23, 24, 25, 26, 27, 28, 29]
[2026-05-19 09:36:38] Valid hours for sum: [12, 18, 24, 29]
[2026-05-19 09:36:40] Drought composite end date: 2022-09-17 06:00:00
[2026-05-19 09:36:40] Land cover year: 2021
[2026-05-19 09:36:41] VIIRS Veg composite: 2022-07-20 → 2022-08-05
[2026-05-19 09:36:45] Started export task: fire_170_dynamic_2022-09-18
[2026-05-19 09:36:45] ------ Processing date=2022-09-19 ------
[2026-05-19 09:36:45] Using viirs_af_path: viirs_af_path
[2026-05-19 09:36:45] VIIRS Image Date: ['2022-09-19 00:00:00']
[2026-05-19 09:36:46] Weather image size: 1
[2026-05-19 09:36:46] Forecast duration: 2022-09-20 00:00:00 to 2022-09-21 00:00:00
[2026-05-19 09:36:46] Number of forecast images: 24
[2026-05-19 09:36:46] Using forecast run: 2022-09-19 18:00:00 UTC
[2026-05-19 09:36:47] Forecast Rain Available hours: [6, 7, 8, 9, 10, 11, 12, 13, 14, 15, 16, 17, 18, 19, 20, 21, 22, 23, 24, 25, 26, 27, 28, 29]
[2026-05-19 09:36:47] Valid hours for sum: [12, 18, 24, 29]
[2026-05-19 09:36:48] Drought composite end date: 2022-09-17 06:00:00
[2026-05-19 09:36:48] Land cover year: 2021
[2026-05-19 09:36:49] VIIRS Veg composite: 2022-07-20 → 2022-08-05
[2026-05-19 09:36:52] Started export task: fire_170_dynamic_2022-09-19
[2026-05-19 09:36:52] ------ Processing date=2022-09-20 ------
[2026-05-19 09:36:52] Using viirs_af_path: viirs_af_path
[2026-05-19 09:36:53] VIIRS Image Date: ['2022-09-20 00:00:00']
[2026-05-19 09:36:53] Weather image size: 1
[2026-05-19 09:36:53] Forecast duration: 2022-09-21 00:00:00 to 2022-09-22 00:00:00
[2026-05-19 09:36:54] Number of forecast images: 24
[2026-05-19 09:36:54] Using forecast run: 2022-09-20 18:00:00 UTC
[2026-05-19 09:36:54] Forecast Rain Available hours: [6, 7, 8, 9, 10, 11, 12, 13, 14, 15, 16, 17, 18, 19, 20, 21, 22, 23, 24, 25, 26, 27, 28, 29]
[2026-05-19 09:36:54] Valid hours for sum: [12, 18, 24, 29]
[2026-05-19 09:36:56] Drought composite end date: 2022-09-17 06:00:00
[2026-05-19 09:36:56] Land cover year: 2021
[2026-05-19 09:36:57] VIIRS Veg composite: 2022-07-20 → 2022-08-05
[2026-05-19 09:37:01] Started export task: fire_170_dynamic_2022-09-20
[2026-05-19 09:37:01] ------ Processing date=2022-09-21 ------
[2026-05-19 09:37:01] Using viirs_af_path: viirs_af_path
[2026-05-19 09:37:02] VIIRS Image Date: ['2022-09-21 00:00:00']
[2026-05-19 09:37:02] Weather image size: 1
[2026-05-19 09:37:02] Forecast duration: 2022-09-22 00:00:00 to 2022-09-23 00:00:00
[2026-05-19 09:37:03] Number of forecast images: 24
[2026-05-19 09:37:03] Using forecast run: 2022-09-21 18:00:00 UTC
[2026-05-19 09:37:03] Forecast Rain Available hours: [6, 7, 8, 9, 10, 11, 12, 13, 14, 15, 16, 17, 18, 19, 20, 21, 22, 23, 24, 25, 26, 27, 28, 29]
[2026-05-19 09:37:03] Valid hours for sum: [12, 18, 24, 29]
[2026-05-19 09:37:05] Drought composite end date: 2022-09-17 06:00:00
[2026-05-19 09:37:05] Land cover year: 2021
[2026-05-19 09:37:11] VIIRS Veg composite: 2022-07-20 → 2022-08-05
[2026-05-19 09:37:16] Started export task: fire_170_dynamic_2022-09-21
[2026-05-19 09:37:16] ------ Processing date=2022-09-22 ------
[2026-05-19 09:37:16] Using viirs_af_path: viirs_af_path
[2026-05-19 09:37:16] VIIRS Image Date: ['2022-09-22 00:00:00']
[2026-05-19 09:37:16] Weather image size: 1
[2026-05-19 09:37:16] Forecast duration: 2022-09-23 00:00:00 to 2022-09-24 00:00:00
[2026-05-19 09:37:17] Number of forecast images: 24
[2026-05-19 09:37:17] Using forecast run: 2022-09-22 18:00:00 UTC
[2026-05-19 09:37:18] Forecast Rain Available hours: [6, 7, 8, 9, 10, 11, 12, 13, 14, 15, 16, 17, 18, 19, 20, 21, 22, 23, 24, 25, 26, 27, 28, 29]
[2026-05-19 09:37:18] Valid hours for sum: [12, 18, 24, 29]
[2026-05-19 09:37:21] Drought composite end date: 2022-09-17 06:00:00
[2026-05-19 09:37:21] Land cover year: 2021
[2026-05-19 09:37:22] VIIRS Veg composite: 2022-07-20 → 2022-08-05
[2026-05-19 09:37:25] Started export task: fire_170_dynamic_2022-09-22
[2026-05-19 09:37:25] ------ Processing date=2022-09-23 ------
[2026-05-19 09:37:25] Using viirs_af_path: viirs_af_path
[2026-05-19 09:37:25] VIIRS Image Date: ['2022-09-23 00:00:00']
[2026-05-19 09:37:26] Weather image size: 1
[2026-05-19 09:37:26] Forecast duration: 2022-09-24 00:00:00 to 2022-09-25 00:00:00
[2026-05-19 09:37:26] Number of forecast images: 24
[2026-05-19 09:37:26] Using forecast run: 2022-09-23 18:00:00 UTC
[2026-05-19 09:37:27] Forecast Rain Available hours: [6, 7, 8, 9, 10, 11, 12, 13, 14, 15, 16, 17, 18, 19, 20, 21, 22, 23, 24, 25, 26, 27, 28, 29]
[2026-05-19 09:37:27] Valid hours for sum: [12, 18, 24, 29]
[2026-05-19 09:37:29] Drought composite end date: 2022-09-22 06:00:00
[2026-05-19 09:37:29] Land cover year: 2021
[2026-05-19 09:37:30] VIIRS Veg composite: 2022-07-20 → 2022-08-05
[2026-05-19 09:37:33] Started export task: fire_170_dynamic_2022-09-23
[2026-05-19 09:37:33] ------ Processing date=2022-09-24 ------
[2026-05-19 09:37:33] Using viirs_af_path: viirs_af_path
[2026-05-19 09:37:33] VIIRS Image Date: ['2022-09-24 00:00:00']
[2026-05-19 09:37:34] Weather image size: 1
[2026-05-19 09:37:34] Forecast duration: 2022-09-25 00:00:00 to 2022-09-26 00:00:00
[2026-05-19 09:37:34] Number of forecast images: 24
[2026-05-19 09:37:34] Using forecast run: 2022-09-24 18:00:00 UTC
[2026-05-19 09:37:35] Forecast Rain Available hours: [6, 7, 8, 9, 10, 11, 12, 13, 14, 15, 16, 17, 18, 19, 20, 21, 22, 23, 24, 25, 26, 27, 28, 29]
[2026-05-19 09:37:35] Valid hours for sum: [12, 18, 24, 29]
[2026-05-19 09:37:37] Drought composite end date: 2022-09-22 06:00:00
[2026-05-19 09:37:37] Land cover year: 2021
[2026-05-19 09:37:38] VIIRS Veg composite: 2022-07-20 → 2022-08-05
[2026-05-19 09:37:42] Started export task: fire_170_dynamic_2022-09-24
[2026-05-19 09:37:42] ------ Processing date=2022-09-25 ------
[2026-05-19 09:37:42] Using viirs_af_path: viirs_af_path
[2026-05-19 09:37:42] VIIRS Image Date: ['2022-09-25 00:00:00']
[2026-05-19 09:37:42] Weather image size: 1
[2026-05-19 09:37:42] Forecast duration: 2022-09-26 00:00:00 to 2022-09-27 00:00:00
[2026-05-19 09:37:43] Number of forecast images: 24
[2026-05-19 09:37:43] Using forecast run: 2022-09-25 18:00:00 UTC
[2026-05-19 09:37:44] Forecast Rain Available hours: [6, 7, 8, 9, 10, 11, 12, 13, 14, 15, 16, 17, 18, 19, 20, 21, 22, 23, 24, 25, 26, 27, 28, 29]
[2026-05-19 09:37:44] Valid hours for sum: [12, 18, 24, 29]
[2026-05-19 09:37:46] Drought composite end date: 2022-09-22 06:00:00
[2026-05-19 09:37:47] Land cover year: 2021
[2026-05-19 09:37:47] VIIRS Veg composite: 2022-07-20 → 2022-08-05
[2026-05-19 09:37:50] Started export task: fire_170_dynamic_2022-09-25
[2026-05-19 09:37:51] ------ Processing date=2022-09-26 ------
[2026-05-19 09:37:51] Using viirs_af_path: viirs_af_path
[2026-05-19 09:37:51] VIIRS Image Date: ['2022-09-26 00:00:00']
[2026-05-19 09:37:51] Weather image size: 1
[2026-05-19 09:37:51] Forecast duration: 2022-09-27 00:00:00 to 2022-09-28 00:00:00
[2026-05-19 09:37:52] Number of forecast images: 24
[2026-05-19 09:37:52] Using forecast run: 2022-09-26 18:00:00 UTC
[2026-05-19 09:37:52] Forecast Rain Available hours: [6, 7, 8, 9, 10, 11, 12, 13, 14, 15, 16, 17, 18, 19, 20, 21, 22, 23, 24, 25, 26, 27, 28, 29]
[2026-05-19 09:37:52] Valid hours for sum: [12, 18, 24, 29]
[2026-05-19 09:37:54] Drought composite end date: 2022-09-22 06:00:00
[2026-05-19 09:37:55] Land cover year: 2021
[2026-05-19 09:37:56] VIIRS Veg composite: 2022-07-20 → 2022-08-05
[2026-05-19 09:38:00] Started export task: fire_170_dynamic_2022-09-26
[2026-05-19 09:38:00] ------ Processing date=2022-09-27 ------
[2026-05-19 09:38:00] Using viirs_af_path: viirs_af_path
[2026-05-19 09:38:00] VIIRS Image Date: ['2022-09-27 00:00:00']
[2026-05-19 09:38:01] Weather image size: 1
[2026-05-19 09:38:01] Forecast duration: 2022-09-28 00:00:00 to 2022-09-29 00:00:00
[2026-05-19 09:38:02] Number of forecast images: 24
[2026-05-19 09:38:02] Using forecast run: 2022-09-27 18:00:00 UTC
[2026-05-19 09:38:02] Forecast Rain Available hours: [6, 7, 8, 9, 10, 11, 12, 13, 14, 15, 16, 17, 18, 19, 20, 21, 22, 23, 24, 25, 26, 27, 28, 29]
[2026-05-19 09:38:02] Valid hours for sum: [12, 18, 24, 29]
[2026-05-19 09:38:03] Drought composite end date: 2022-09-22 06:00:00
[2026-05-19 09:38:04] Land cover year: 2021
[2026-05-19 09:38:05] VIIRS Veg composite: 2022-07-20 → 2022-08-05
[2026-05-19 09:38:08] Started export task: fire_170_dynamic_2022-09-27
[2026-05-19 09:38:08] ------ Processing date=2022-09-28 ------
[2026-05-19 09:38:08] Using viirs_af_path: viirs_af_path
[2026-05-19 09:38:08] VIIRS Image Date: ['2022-09-28 00:00:00']
[2026-05-19 09:38:08] Weather image size: 1
[2026-05-19 09:38:08] Forecast duration: 2022-09-29 00:00:00 to 2022-09-30 00:00:00
[2026-05-19 09:38:09] Number of forecast images: 24
[2026-05-19 09:38:09] Using forecast run: 2022-09-28 18:00:00 UTC
[2026-05-19 09:38:10] Forecast Rain Available hours: [6, 7, 8, 9, 10, 11, 12, 13, 14, 15, 16, 17, 18, 19, 20, 21, 22, 23, 24, 25, 26, 27, 28, 29]
[2026-05-19 09:38:10] Valid hours for sum: [12, 18, 24, 29]
[2026-05-19 09:38:12] Drought composite end date: 2022-09-27 06:00:00
[2026-05-19 09:38:12] Land cover year: 2021
[2026-05-19 09:38:13] VIIRS Veg composite: 2022-07-20 → 2022-08-05
[2026-05-19 09:38:16] Started export task: fire_170_dynamic_2022-09-28
[2026-05-19 09:38:16] ------ Processing date=2022-09-29 ------
[2026-05-19 09:38:16] Using viirs_af_path: viirs_af_path
[2026-05-19 09:38:17] VIIRS Image Date: ['2022-09-29 00:00:00']
[2026-05-19 09:38:17] Weather image size: 1
[2026-05-19 09:38:17] Forecast duration: 2022-09-30 00:00:00 to 2022-10-01 00:00:00
[2026-05-19 09:38:18] Number of forecast images: 24
[2026-05-19 09:38:18] Using forecast run: 2022-09-29 18:00:00 UTC
[2026-05-19 09:38:18] Forecast Rain Available hours: [6, 7, 8, 9, 10, 11, 12, 13, 14, 15, 16, 17, 18, 19, 20, 21, 22, 23, 24, 25, 26, 27, 28, 29]
[2026-05-19 09:38:18] Valid hours for sum: [12, 18, 24, 29]
[2026-05-19 09:38:21] Drought composite end date: 2022-09-27 06:00:00
[2026-05-19 09:38:21] Land cover year: 2021
[2026-05-19 09:38:22] VIIRS Veg composite: 2022-07-20 → 2022-08-05
[2026-05-19 09:38:26] Started export task: fire_170_dynamic_2022-09-29
[2026-05-19 09:38:26] ------ Processing date=2022-09-30 ------
[2026-05-19 09:38:26] Using viirs_af_path: viirs_af_path
[2026-05-19 09:38:26] VIIRS Image Date: ['2022-09-30 00:00:00']
[2026-05-19 09:38:26] Weather image size: 1
[2026-05-19 09:38:26] Forecast duration: 2022-10-01 00:00:00 to 2022-10-02 00:00:00
[2026-05-19 09:38:27] Number of forecast images: 24
[2026-05-19 09:38:27] Using forecast run: 2022-09-30 18:00:00 UTC
[2026-05-19 09:38:28] Forecast Rain Available hours: [6, 7, 8, 9, 10, 11, 12, 13, 14, 15, 16, 17, 18, 19, 20, 21, 22, 23, 24, 25, 26, 27, 28, 29]
[2026-05-19 09:38:28] Valid hours for sum: [12, 18, 24, 29]
[2026-05-19 09:38:31] Drought composite end date: 2022-09-27 06:00:00
[2026-05-19 09:38:31] Land cover year: 2021
[2026-05-19 09:38:32] VIIRS Veg composite: 2022-07-20 → 2022-08-05
[2026-05-19 09:38:36] Started export task: fire_170_dynamic_2022-09-30
[2026-05-19 09:38:36] ------ Processing date=2022-10-01 ------
[2026-05-19 09:38:36] Using viirs_af_path: viirs_af_path
[2026-05-19 09:38:36] VIIRS Image Date: ['2022-10-01 00:00:00']
[2026-05-19 09:38:37] Weather image size: 1
[2026-05-19 09:38:37] Forecast duration: 2022-10-02 00:00:00 to 2022-10-03 00:00:00
[2026-05-19 09:38:37] Number of forecast images: 24
[2026-05-19 09:38:37] Using forecast run: 2022-10-01 18:00:00 UTC
[2026-05-19 09:38:38] Forecast Rain Available hours: [6, 7, 8, 9, 10, 11, 12, 13, 14, 15, 16, 17, 18, 19, 20, 21, 22, 23, 24, 25, 26, 27, 28, 29]
[2026-05-19 09:38:38] Valid hours for sum: [12, 18, 24, 29]
[2026-05-19 09:38:40] Drought composite end date: 2022-09-27 06:00:00
[2026-05-19 09:38:40] Land cover year: 2021
[2026-05-19 09:38:41] VIIRS Veg composite: 2022-07-20 → 2022-08-05
[2026-05-19 09:38:45] Started export task: fire_170_dynamic_2022-10-01
[2026-05-19 09:38:45] ------ Processing date=2022-10-02 ------
[2026-05-19 09:38:45] Using viirs_af_path: viirs_af_path
[2026-05-19 09:38:45] VIIRS Image Date: ['2022-10-02 00:00:00']
[2026-05-19 09:38:45] Weather image size: 1
[2026-05-19 09:38:45] Forecast duration: 2022-10-03 00:00:00 to 2022-10-04 00:00:00
[2026-05-19 09:38:46] Number of forecast images: 23
[2026-05-19 09:38:46] Using forecast run: 2022-10-02 18:00:00 UTC
[2026-05-19 09:38:46] Forecast Rain Available hours: [6, 7, 8, 9, 10, 11, 12, 13, 14, 15, 16, 17, 18, 19, 20, 21, 22, 23, 24, 26, 27, 28, 29]
[2026-05-19 09:38:46] Valid hours for sum: [12, 18, 24, 29]
[2026-05-19 09:38:48] Drought composite end date: 2022-09-27 06:00:00
[2026-05-19 09:38:48] Land cover year: 2021
[2026-05-19 09:38:49] VIIRS Veg composite: 2022-07-20 → 2022-08-05
[2026-05-19 09:38:54] Started export task: fire_170_dynamic_2022-10-02
[2026-05-19 09:38:54] ------ Processing date=2022-10-03 ------
[2026-05-19 09:38:54] Using viirs_af_path: viirs_af_path
[2026-05-19 09:38:55] VIIRS Image Date: ['2022-10-03 00:00:00']
[2026-05-19 09:38:55] Weather image size: 1
[2026-05-19 09:38:55] Forecast duration: 2022-10-04 00:00:00 to 2022-10-05 00:00:00
[2026-05-19 09:38:56] Number of forecast images: 24
[2026-05-19 09:38:56] Using forecast run: 2022-10-03 18:00:00 UTC
[2026-05-19 09:38:56] Forecast Rain Available hours: [6, 7, 8, 9, 10, 11, 12, 13, 14, 15, 16, 17, 18, 19, 20, 21, 22, 23, 24, 25, 26, 27, 28, 29]
[2026-05-19 09:38:56] Valid hours for sum: [12, 18, 24, 29]
[2026-05-19 09:38:58] Drought composite end date: 2022-10-02 06:00:00
[2026-05-19 09:38:58] Land cover year: 2021
[2026-05-19 09:38:59] VIIRS Veg composite: 2022-07-20 → 2022-08-05
[2026-05-19 09:39:02] Started export task: fire_170_dynamic_2022-10-03
[2026-05-19 09:39:03] ------ Processing date=2022-10-04 ------
[2026-05-19 09:39:03] Using viirs_af_path: viirs_af_path
[2026-05-19 09:39:03] VIIRS Image Date: ['2022-10-04 00:00:00']
[2026-05-19 09:39:03] Weather image size: 1
[2026-05-19 09:39:03] Forecast duration: 2022-10-05 00:00:00 to 2022-10-06 00:00:00
[2026-05-19 09:39:04] Number of forecast images: 24
[2026-05-19 09:39:04] Using forecast run: 2022-10-04 18:00:00 UTC
[2026-05-19 09:39:04] Forecast Rain Available hours: [6, 7, 8, 9, 10, 11, 12, 13, 14, 15, 16, 17, 18, 19, 20, 21, 22, 23, 24, 25, 26, 27, 28, 29]
[2026-05-19 09:39:04] Valid hours for sum: [12, 18, 24, 29]
[2026-05-19 09:39:06] Drought composite end date: 2022-10-02 06:00:00
[2026-05-19 09:39:07] Land cover year: 2021
[2026-05-19 09:39:08] VIIRS Veg composite: 2022-07-20 → 2022-08-05
[2026-05-19 09:39:10] Started export task: fire_170_dynamic_2022-10-04
[2026-05-19 09:39:11] ------ Processing date=2022-10-05 ------
[2026-05-19 09:39:11] Using viirs_af_path: viirs_af_path
[2026-05-19 09:39:11] VIIRS Image Date: ['2022-10-05 00:00:00']
[2026-05-19 09:39:11] Weather image size: 1
[2026-05-19 09:39:11] Forecast duration: 2022-10-06 00:00:00 to 2022-10-07 00:00:00
[2026-05-19 09:39:12] Number of forecast images: 24
[2026-05-19 09:39:12] Using forecast run: 2022-10-05 18:00:00 UTC
[2026-05-19 09:39:12] Forecast Rain Available hours: [6, 7, 8, 9, 10, 11, 12, 13, 14, 15, 16, 17, 18, 19, 20, 21, 22, 23, 24, 25, 26, 27, 28, 29]
[2026-05-19 09:39:12] Valid hours for sum: [12, 18, 24, 29]
[2026-05-19 09:39:15] Drought composite end date: 2022-10-02 06:00:00
[2026-05-19 09:39:15] Land cover year: 2021
[2026-05-19 09:39:16] VIIRS Veg composite: 2022-07-20 → 2022-08-05
[2026-05-19 09:39:20] Started export task: fire_170_dynamic_2022-10-05
[2026-05-19 09:39:21] ------ Processing date=2022-10-06 ------
[2026-05-19 09:39:21] Using viirs_af_path: viirs_af_path
[2026-05-19 09:39:21] VIIRS Image Date: ['2022-10-06 00:00:00']
[2026-05-19 09:39:21] Weather image size: 1
[2026-05-19 09:39:21] Forecast duration: 2022-10-07 00:00:00 to 2022-10-08 00:00:00
[2026-05-19 09:39:22] Number of forecast images: 24
[2026-05-19 09:39:22] Using forecast run: 2022-10-06 18:00:00 UTC
[2026-05-19 09:39:23] Forecast Rain Available hours: [6, 7, 8, 9, 10, 11, 12, 13, 14, 15, 16, 17, 18, 19, 20, 21, 22, 23, 24, 25, 26, 27, 28, 29]
[2026-05-19 09:39:23] Valid hours for sum: [12, 18, 24, 29]
[2026-05-19 09:39:25] Drought composite end date: 2022-10-02 06:00:00
[2026-05-19 09:39:25] Land cover year: 2021
[2026-05-19 09:39:26] VIIRS Veg composite: 2022-07-20 → 2022-08-05
[2026-05-19 09:39:29] Started export task: fire_170_dynamic_2022-10-06
[2026-05-19 09:39:29] ------ Processing date=2022-10-07 ------
[2026-05-19 09:39:29] Using viirs_af_path: viirs_af_path
[2026-05-19 09:39:29] VIIRS Image Date: ['2022-10-07 00:00:00']
[2026-05-19 09:39:29] Weather image size: 1
[2026-05-19 09:39:29] Forecast duration: 2022-10-08 00:00:00 to 2022-10-09 00:00:00
[2026-05-19 09:39:30] Number of forecast images: 24
[2026-05-19 09:39:30] Using forecast run: 2022-10-07 18:00:00 UTC
[2026-05-19 09:39:30] Forecast Rain Available hours: [6, 7, 8, 9, 10, 11, 12, 13, 14, 15, 16, 17, 18, 19, 20, 21, 22, 23, 24, 25, 26, 27, 28, 29]
[2026-05-19 09:39:30] Valid hours for sum: [12, 18, 24, 29]
[2026-05-19 09:39:32] Drought composite end date: 2022-10-02 06:00:00
[2026-05-19 09:39:32] Land cover year: 2021
[2026-05-19 09:39:33] VIIRS Veg composite: 2022-07-20 → 2022-08-05
[2026-05-19 09:39:35] Started export task: fire_170_dynamic_2022-10-07
[2026-05-19 09:39:36] ------ Processing date=2022-10-08 ------
[2026-05-19 09:39:36] Using viirs_af_path: viirs_af_path
[2026-05-19 09:39:36] VIIRS Image Date: ['2022-10-08 00:00:00']
[2026-05-19 09:39:36] Weather image size: 1
[2026-05-19 09:39:36] Forecast duration: 2022-10-09 00:00:00 to 2022-10-10 00:00:00
[2026-05-19 09:39:37] Number of forecast images: 24
[2026-05-19 09:39:37] Using forecast run: 2022-10-08 18:00:00 UTC
[2026-05-19 09:39:38] Forecast Rain Available hours: [6, 7, 8, 9, 10, 11, 12, 13, 14, 15, 16, 17, 18, 19, 20, 21, 22, 23, 24, 25, 26, 27, 28, 29]
[2026-05-19 09:39:38] Valid hours for sum: [12, 18, 24, 29]
[2026-05-19 09:39:39] Drought composite end date: 2022-10-07 06:00:00
[2026-05-19 09:39:39] Land cover year: 2021
[2026-05-19 09:39:40] VIIRS Veg composite: 2022-07-20 → 2022-08-05
[2026-05-19 09:39:44] Started export task: fire_170_dynamic_2022-10-08
[2026-05-19 09:39:44] ------ Processing date=2022-10-09 ------
[2026-05-19 09:39:44] Using viirs_af_path: viirs_af_path
[2026-05-19 09:39:44] VIIRS Image Date: ['2022-10-09 00:00:00']
[2026-05-19 09:39:45] Weather image size: 1
[2026-05-19 09:39:45] Forecast duration: 2022-10-10 00:00:00 to 2022-10-11 00:00:00
[2026-05-19 09:39:45] Number of forecast images: 24
[2026-05-19 09:39:45] Using forecast run: 2022-10-09 18:00:00 UTC
[2026-05-19 09:39:46] Forecast Rain Available hours: [6, 7, 8, 9, 10, 11, 12, 13, 14, 15, 16, 17, 18, 19, 20, 21, 22, 23, 24, 25, 26, 27, 28, 29]
[2026-05-19 09:39:46] Valid hours for sum: [12, 18, 24, 29]
[2026-05-19 09:39:48] Drought composite end date: 2022-10-07 06:00:00
[2026-05-19 09:39:48] Land cover year: 2021
[2026-05-19 09:39:49] VIIRS Veg composite: 2022-07-20 → 2022-08-05
[2026-05-19 09:39:52] Started export task: fire_170_dynamic_2022-10-09
[2026-05-19 09:39:53] ------ Processing date=2022-10-10 ------
[2026-05-19 09:39:53] Using viirs_af_path: viirs_af_path
[2026-05-19 09:39:53] VIIRS Image Date: ['2022-10-10 00:00:00']
[2026-05-19 09:39:53] Weather image size: 1
[2026-05-19 09:39:53] Forecast duration: 2022-10-11 00:00:00 to 2022-10-12 00:00:00
[2026-05-19 09:39:54] Number of forecast images: 24
[2026-05-19 09:39:54] Using forecast run: 2022-10-10 18:00:00 UTC
[2026-05-19 09:39:55] Forecast Rain Available hours: [6, 7, 8, 9, 10, 11, 12, 13, 14, 15, 16, 17, 18, 19, 20, 21, 22, 23, 24, 25, 26, 27, 28, 29]
[2026-05-19 09:39:55] Valid hours for sum: [12, 18, 24, 29]
[2026-05-19 09:39:56] Drought composite end date: 2022-10-07 06:00:00
[2026-05-19 09:39:56] Land cover year: 2021
[2026-05-19 09:39:58] VIIRS Veg composite: 2022-07-20 → 2022-08-05
[2026-05-19 09:40:01] Started export task: fire_170_dynamic_2022-10-10
[2026-05-19 09:40:02] ------ Processing date=2022-10-11 ------
[2026-05-19 09:40:02] Using viirs_af_path: viirs_af_path
[2026-05-19 09:40:02] VIIRS Image Date: ['2022-10-11 00:00:00']
[2026-05-19 09:40:02] Weather image size: 1
[2026-05-19 09:40:02] Forecast duration: 2022-10-12 00:00:00 to 2022-10-13 00:00:00
[2026-05-19 09:40:03] Number of forecast images: 24
[2026-05-19 09:40:03] Using forecast run: 2022-10-11 18:00:00 UTC
[2026-05-19 09:40:03] Forecast Rain Available hours: [6, 7, 8, 9, 10, 11, 12, 13, 14, 15, 16, 17, 18, 19, 20, 21, 22, 23, 24, 25, 26, 27, 28, 29]
[2026-05-19 09:40:03] Valid hours for sum: [12, 18, 24, 29]
[2026-05-19 09:40:06] Drought composite end date: 2022-10-07 06:00:00
[2026-05-19 09:40:06] Land cover year: 2021
[2026-05-19 09:40:07] VIIRS Veg composite: 2022-07-20 → 2022-08-05
[2026-05-19 09:40:11] Started export task: fire_170_dynamic_2022-10-11
[2026-05-19 09:40:11] ------ Processing date=2022-10-12 ------
[2026-05-19 09:40:11] Using viirs_af_path: viirs_af_path
[2026-05-19 09:40:11] VIIRS Image Date: ['2022-10-12 00:00:00']
[2026-05-19 09:40:11] Weather image size: 1
[2026-05-19 09:40:11] Forecast duration: 2022-10-13 00:00:00 to 2022-10-14 00:00:00
[2026-05-19 09:40:12] Number of forecast images: 24
[2026-05-19 09:40:12] Using forecast run: 2022-10-12 18:00:00 UTC
[2026-05-19 09:40:13] Forecast Rain Available hours: [6, 7, 8, 9, 10, 11, 12, 13, 14, 15, 16, 17, 18, 19, 20, 21, 22, 23, 24, 25, 26, 27, 28, 29]
[2026-05-19 09:40:13] Valid hours for sum: [12, 18, 24, 29]
[2026-05-19 09:40:14] Drought composite end date: 2022-10-07 06:00:00
[2026-05-19 09:40:15] Land cover year: 2021
[2026-05-19 09:40:15] VIIRS Veg composite: 2022-07-20 → 2022-08-05
[2026-05-19 09:40:19] Started export task: fire_170_dynamic_2022-10-12
[2026-05-19 09:40:19] ------ Processing date=2022-10-13 ------
[2026-05-19 09:40:19] Using viirs_af_path: viirs_af_path
[2026-05-19 09:40:20] VIIRS Image Date: ['2022-10-13 00:00:00']
[2026-05-19 09:40:20] Weather image size: 1
[2026-05-19 09:40:20] Forecast duration: 2022-10-14 00:00:00 to 2022-10-15 00:00:00
[2026-05-19 09:40:21] Number of forecast images: 24
[2026-05-19 09:40:21] Using forecast run: 2022-10-13 18:00:00 UTC
[2026-05-19 09:40:21] Forecast Rain Available hours: [6, 7, 8, 9, 10, 11, 12, 13, 14, 15, 16, 17, 18, 19, 20, 21, 22, 23, 24, 25, 26, 27, 28, 29]
[2026-05-19 09:40:21] Valid hours for sum: [12, 18, 24, 29]
[2026-05-19 09:40:24] Drought composite end date: 2022-10-12 06:00:00
[2026-05-19 09:40:24] Land cover year: 2021
[2026-05-19 09:40:25] VIIRS Veg composite: 2022-07-20 → 2022-08-05
[2026-05-19 09:40:30] Started export task: fire_170_dynamic_2022-10-13
[2026-05-19 09:40:30] ------ Processing date=2022-10-14 ------
[2026-05-19 09:40:30] Using viirs_af_path: viirs_af_path
[2026-05-19 09:40:31] VIIRS Image Date: ['2022-10-14 00:00:00']
[2026-05-19 09:40:31] Weather image size: 1
[2026-05-19 09:40:31] Forecast duration: 2022-10-15 00:00:00 to 2022-10-16 00:00:00
[2026-05-19 09:40:32] Number of forecast images: 24
[2026-05-19 09:40:32] Using forecast run: 2022-10-14 18:00:00 UTC
[2026-05-19 09:40:32] Forecast Rain Available hours: [6, 7, 8, 9, 10, 11, 12, 13, 14, 15, 16, 17, 18, 19, 20, 21, 22, 23, 24, 25, 26, 27, 28, 29]
[2026-05-19 09:40:32] Valid hours for sum: [12, 18, 24, 29]
[2026-05-19 09:40:34] Drought composite end date: 2022-10-12 06:00:00
[2026-05-19 09:40:34] Land cover year: 2021
[2026-05-19 09:40:35] VIIRS Veg composite: 2022-07-20 → 2022-08-05
[2026-05-19 09:40:41] Started export task: fire_170_dynamic_2022-10-14
[2026-05-19 09:40:41] ------ Processing date=2022-10-15 ------
[2026-05-19 09:40:41] Using viirs_af_path: viirs_af_path
[2026-05-19 09:40:42] VIIRS Image Date: ['2022-10-15 00:00:00']
[2026-05-19 09:40:42] Weather image size: 1
[2026-05-19 09:40:42] Forecast duration: 2022-10-16 00:00:00 to 2022-10-17 00:00:00
[2026-05-19 09:40:43] Number of forecast images: 24
[2026-05-19 09:40:43] Using forecast run: 2022-10-15 18:00:00 UTC
[2026-05-19 09:40:43] Forecast Rain Available hours: [6, 7, 8, 9, 10, 11, 12, 13, 14, 15, 16, 17, 18, 19, 20, 21, 22, 23, 24, 25, 26, 27, 28, 29]
[2026-05-19 09:40:43] Valid hours for sum: [12, 18, 24, 29]
[2026-05-19 09:40:46] Drought composite end date: 2022-10-12 06:00:00
[2026-05-19 09:40:46] Land cover year: 2021
[2026-05-19 09:40:47] VIIRS Veg composite: 2022-07-20 → 2022-08-05
[2026-05-19 09:40:52] Started export task: fire_170_dynamic_2022-10-15
[2026-05-19 09:40:53] ------ Processing date=2022-10-16 ------
[2026-05-19 09:40:53] Using viirs_af_path: viirs_af_path
[2026-05-19 09:40:53] VIIRS Image Date: ['2022-10-16 00:00:00']
[2026-05-19 09:40:53] Weather image size: 1
[2026-05-19 09:40:53] Forecast duration: 2022-10-17 00:00:00 to 2022-10-18 00:00:00
[2026-05-19 09:40:54] Number of forecast images: 24
[2026-05-19 09:40:54] Using forecast run: 2022-10-16 18:00:00 UTC
[2026-05-19 09:40:54] Forecast Rain Available hours: [6, 7, 8, 9, 10, 11, 12, 13, 14, 15, 16, 17, 18, 19, 20, 21, 22, 23, 24, 25, 26, 27, 28, 29]
[2026-05-19 09:40:54] Valid hours for sum: [12, 18, 24, 29]
[2026-05-19 09:40:57] Drought composite end date: 2022-10-12 06:00:00
[2026-05-19 09:40:57] Land cover year: 2021
[2026-05-19 09:40:58] VIIRS Veg composite: 2022-07-20 → 2022-08-05
[2026-05-19 09:41:00] Started export task: fire_170_dynamic_2022-10-16
[2026-05-19 09:41:01] ------ Processing date=2022-10-17 ------
[2026-05-19 09:41:01] Using viirs_af_path: viirs_af_path
[2026-05-19 09:41:01] VIIRS Image Date: ['2022-10-17 00:00:00']
[2026-05-19 09:41:01] Weather image size: 1
[2026-05-19 09:41:01] Forecast duration: 2022-10-18 00:00:00 to 2022-10-19 00:00:00
[2026-05-19 09:41:02] Number of forecast images: 24
[2026-05-19 09:41:02] Using forecast run: 2022-10-17 18:00:00 UTC
[2026-05-19 09:41:03] Forecast Rain Available hours: [6, 7, 8, 9, 10, 11, 12, 13, 14, 15, 16, 17, 18, 19, 20, 21, 22, 23, 24, 25, 26, 27, 28, 29]
[2026-05-19 09:41:03] Valid hours for sum: [12, 18, 24, 29]
[2026-05-19 09:41:04] Drought composite end date: 2022-10-12 06:00:00
[2026-05-19 09:41:04] Land cover year: 2021
[2026-05-19 09:41:05] VIIRS Veg composite: 2022-07-20 → 2022-08-05
[2026-05-19 09:41:10] Started export task: fire_170_dynamic_2022-10-17
[2026-05-19 09:41:10] ------ Processing date=2022-10-18 ------
[2026-05-19 09:41:10] Using viirs_af_path: viirs_af_path
[2026-05-19 09:41:11] VIIRS Image Date: ['2022-10-18 00:00:00']
[2026-05-19 09:41:11] Weather image size: 1
[2026-05-19 09:41:11] Forecast duration: 2022-10-19 00:00:00 to 2022-10-20 00:00:00
[2026-05-19 09:41:12] Number of forecast images: 24
[2026-05-19 09:41:12] Using forecast run: 2022-10-18 18:00:00 UTC
[2026-05-19 09:41:12] Forecast Rain Available hours: [6, 7, 8, 9, 10, 11, 12, 13, 14, 15, 16, 17, 18, 19, 20, 21, 22, 23, 24, 25, 26, 27, 28, 29]
[2026-05-19 09:41:12] Valid hours for sum: [12, 18, 24, 29]
[2026-05-19 09:41:14] Drought composite end date: 2022-10-17 06:00:00
[2026-05-19 09:41:14] Land cover year: 2021
[2026-05-19 09:41:15] VIIRS Veg composite: 2022-07-20 → 2022-08-05
[2026-05-19 09:41:19] Started export task: fire_170_dynamic_2022-10-18
[2026-05-19 09:41:19] ------ Processing date=2022-10-19 ------
[2026-05-19 09:41:19] Using viirs_af_path: viirs_af_path
[2026-05-19 09:41:20] VIIRS Image Date: ['2022-10-19 00:00:00']
[2026-05-19 09:41:20] Weather image size: 1
[2026-05-19 09:41:20] Forecast duration: 2022-10-20 00:00:00 to 2022-10-21 00:00:00
[2026-05-19 09:41:20] Number of forecast images: 24
[2026-05-19 09:41:20] Using forecast run: 2022-10-19 18:00:00 UTC
[2026-05-19 09:41:21] Forecast Rain Available hours: [6, 7, 8, 9, 10, 11, 12, 13, 14, 15, 16, 17, 18, 19, 20, 21, 22, 23, 24, 25, 26, 27, 28, 29]
[2026-05-19 09:41:21] Valid hours for sum: [12, 18, 24, 29]
[2026-05-19 09:41:22] Drought composite end date: 2022-10-17 06:00:00
[2026-05-19 09:41:23] Land cover year: 2021
[2026-05-19 09:41:24] VIIRS Veg composite: 2022-07-20 → 2022-08-05
[2026-05-19 09:41:29] Started export task: fire_170_dynamic_2022-10-19
[2026-05-19 09:41:30] ------ Processing date=2022-10-20 ------
[2026-05-19 09:41:30] Using viirs_af_path: viirs_af_path
[2026-05-19 09:41:30] VIIRS Image Date: ['2022-10-20 00:00:00']
[2026-05-19 09:41:30] Weather image size: 1
[2026-05-19 09:41:30] Forecast duration: 2022-10-21 00:00:00 to 2022-10-22 00:00:00
[2026-05-19 09:41:31] Number of forecast images: 24
[2026-05-19 09:41:31] Using forecast run: 2022-10-20 18:00:00 UTC
[2026-05-19 09:41:31] Forecast Rain Available hours: [6, 7, 8, 9, 10, 11, 12, 13, 14, 15, 16, 17, 18, 19, 20, 21, 22, 23, 24, 25, 26, 27, 28, 29]
[2026-05-19 09:41:31] Valid hours for sum: [12, 18, 24, 29]
[2026-05-19 09:41:34] Drought composite end date: 2022-10-17 06:00:00
[2026-05-19 09:41:34] Land cover year: 2021
[2026-05-19 09:41:35] VIIRS Veg composite: 2022-07-20 → 2022-08-05
[2026-05-19 09:41:39] Started export task: fire_170_dynamic_2022-10-20
[2026-05-19 09:41:39] ------ Processing date=2022-10-21 ------
[2026-05-19 09:41:39] Using viirs_af_path: viirs_af_path
[2026-05-19 09:41:40] VIIRS Image Date: ['2022-10-21 00:00:00']
[2026-05-19 09:41:40] Weather image size: 1
[2026-05-19 09:41:40] Forecast duration: 2022-10-22 00:00:00 to 2022-10-23 00:00:00
[2026-05-19 09:41:41] Number of forecast images: 24
[2026-05-19 09:41:41] Using forecast run: 2022-10-21 18:00:00 UTC
[2026-05-19 09:41:41] Forecast Rain Available hours: [6, 7, 8, 9, 10, 11, 12, 13, 14, 15, 16, 17, 18, 19, 20, 21, 22, 23, 24, 25, 26, 27, 28, 29]
[2026-05-19 09:41:41] Valid hours for sum: [12, 18, 24, 29]
[2026-05-19 09:41:43] Drought composite end date: 2022-10-17 06:00:00
[2026-05-19 09:41:43] Land cover year: 2021
[2026-05-19 09:41:44] VIIRS Veg composite: 2022-07-20 → 2022-08-05
[2026-05-19 09:41:47] Started export task: fire_170_dynamic_2022-10-21
[2026-05-19 09:41:47] ------ Processing date=2022-10-22 ------
[2026-05-19 09:41:47] Using viirs_af_path: viirs_af_path
[2026-05-19 09:41:47] VIIRS Image Date: ['2022-10-22 00:00:00']
[2026-05-19 09:41:47] Weather image size: 1
[2026-05-19 09:41:47] Forecast duration: 2022-10-23 00:00:00 to 2022-10-24 00:00:00
[2026-05-19 09:41:48] Number of forecast images: 24
[2026-05-19 09:41:48] Using forecast run: 2022-10-22 18:00:00 UTC
[2026-05-19 09:41:48] Forecast Rain Available hours: [6, 7, 8, 9, 10, 11, 12, 13, 14, 15, 16, 17, 18, 19, 20, 21, 22, 23, 24, 25, 26, 27, 28, 29]
[2026-05-19 09:41:48] Valid hours for sum: [12, 18, 24, 29]
[2026-05-19 09:41:51] Drought composite end date: 2022-10-17 06:00:00
[2026-05-19 09:41:51] Land cover year: 2021
[2026-05-19 09:41:52] VIIRS Veg composite: 2022-07-20 → 2022-08-05
[2026-05-19 09:41:56] Started export task: fire_170_dynamic_2022-10-22
[2026-05-19 09:41:57] END: ----------Event fire_170----------- (Duration: 12.73m)
[2026-05-19 09:41:57] START: ----------Event fire_171-----------
[2026-05-19 09:41:57] ------ Processing date=2022-08-03 ------
[2026-05-19 09:41:57] Using viirs_af_path: viirs_af_path
[2026-05-19 09:41:57] VIIRS Image Date: []
[2026-05-19 09:41:57] *** ERROR FLAG ***: VIIRS: no data for 2022-08-03, attempting interpolation...
[2026-05-19 09:42:01] VIIRS interpolation gap: 2022-07-26 → 2022-08-11 (16 days apart)
[2026-05-19 09:42:01] VIIRS interpolated: prev=2022-07-26, next=2022-08-11, weight=0.500
[2026-05-19 09:42:01] Weather image size: 1
[2026-05-19 09:42:01] Forecast duration: 2022-08-04 00:00:00 to 2022-08-05 00:00:00
[2026-05-19 09:42:02] Number of forecast images: 24
[2026-05-19 09:42:02] Using forecast run: 2022-08-03 18:00:00 UTC
[2026-05-19 09:42:03] Forecast Rain Available hours: [6, 7, 8, 9, 10, 11, 12, 13, 14, 15, 16, 17, 18, 19, 20, 21, 22, 23, 24, 25, 26, 27, 28, 29]
[2026-05-19 09:42:03] Valid hours for sum: [12, 18, 24, 29]
[2026-05-19 09:42:05] Drought composite end date: 2022-07-29 06:00:00
[2026-05-19 09:42:05] Land cover year: 2021
[2026-05-19 09:42:06] VIIRS Veg composite: 2022-07-20 → 2022-08-05
[2026-05-19 09:42:10] Started export task: fire_171_static
[2026-05-19 09:42:11] Started export task: fire_171_dynamic_2022-08-03
[2026-05-19 09:42:11] ------ Processing date=2022-08-04 ------
[2026-05-19 09:42:11] Using viirs_af_path: viirs_af_path
[2026-05-19 09:42:11] VIIRS Image Date: []
[2026-05-19 09:42:11] *** ERROR FLAG ***: VIIRS: no data for 2022-08-04, attempting interpolation...
[2026-05-19 09:42:16] VIIRS interpolation gap: 2022-07-26 → 2022-08-11 (16 days apart)
[2026-05-19 09:42:16] VIIRS interpolated: prev=2022-07-26, next=2022-08-11, weight=0.562
[2026-05-19 09:42:16] Weather image size: 1
[2026-05-19 09:42:16] Forecast duration: 2022-08-05 00:00:00 to 2022-08-06 00:00:00
[2026-05-19 09:42:17] Number of forecast images: 24
[2026-05-19 09:42:17] Using forecast run: 2022-08-04 18:00:00 UTC
[2026-05-19 09:42:18] Forecast Rain Available hours: [6, 7, 8, 9, 10, 11, 12, 13, 14, 15, 16, 17, 18, 19, 20, 21, 22, 23, 24, 25, 26, 27, 28, 29]
[2026-05-19 09:42:18] Valid hours for sum: [12, 18, 24, 29]
[2026-05-19 09:42:19] Drought composite end date: 2022-08-03 06:00:00
[2026-05-19 09:42:19] Land cover year: 2021
[2026-05-19 09:42:20] VIIRS Veg composite: 2022-07-20 → 2022-08-05
[2026-05-19 09:42:24] Started export task: fire_171_dynamic_2022-08-04
[2026-05-19 09:42:25] ------ Processing date=2022-08-05 ------
[2026-05-19 09:42:25] Using viirs_af_path: viirs_af_path
[2026-05-19 09:42:25] VIIRS Image Date: []
[2026-05-19 09:42:25] *** ERROR FLAG ***: VIIRS: no data for 2022-08-05, attempting interpolation...
[2026-05-19 09:42:29] VIIRS interpolation gap: 2022-07-26 → 2022-08-11 (16 days apart)
[2026-05-19 09:42:29] VIIRS interpolated: prev=2022-07-26, next=2022-08-11, weight=0.625
[2026-05-19 09:42:29] Weather image size: 1
[2026-05-19 09:42:29] Forecast duration: 2022-08-06 00:00:00 to 2022-08-07 00:00:00
[2026-05-19 09:42:30] Number of forecast images: 24
[2026-05-19 09:42:30] Using forecast run: 2022-08-05 18:00:00 UTC
[2026-05-19 09:42:30] Forecast Rain Available hours: [6, 7, 8, 9, 10, 11, 12, 13, 14, 15, 16, 17, 18, 19, 20, 21, 22, 23, 24, 25, 26, 27, 28, 29]
[2026-05-19 09:42:30] Valid hours for sum: [12, 18, 24, 29]
[2026-05-19 09:42:32] Drought composite end date: 2022-08-03 06:00:00
[2026-05-19 09:42:32] Land cover year: 2021
[2026-05-19 09:42:34] VIIRS Veg composite: 2022-07-20 → 2022-08-05
[2026-05-19 09:42:38] Started export task: fire_171_dynamic_2022-08-05
[2026-05-19 09:42:38] ------ Processing date=2022-08-06 ------
[2026-05-19 09:42:38] Using viirs_af_path: viirs_af_path
[2026-05-19 09:42:39] VIIRS Image Date: []
[2026-05-19 09:42:39] *** ERROR FLAG ***: VIIRS: no data for 2022-08-06, attempting interpolation...
[2026-05-19 09:42:42] *** ERROR FLAG ***: VIIRS: no valid image within 10 days BEFORE 2022-08-06 → assigning zeros
[2026-05-19 09:42:43] Weather image size: 1
[2026-05-19 09:42:43] Forecast duration: 2022-08-07 00:00:00 to 2022-08-08 00:00:00
[2026-05-19 09:42:43] Number of forecast images: 24
[2026-05-19 09:42:43] Using forecast run: 2022-08-06 18:00:00 UTC
[2026-05-19 09:42:44] Forecast Rain Available hours: [6, 7, 8, 9, 10, 11, 12, 13, 14, 15, 16, 17, 18, 19, 20, 21, 22, 23, 24, 25, 26, 27, 28, 29]
[2026-05-19 09:42:44] Valid hours for sum: [12, 18, 24, 29]
[2026-05-19 09:42:47] Drought composite end date: 2022-08-03 06:00:00
[2026-05-19 09:42:47] Land cover year: 2021
[2026-05-19 09:42:48] VIIRS Veg composite: 2022-07-20 → 2022-08-05
[2026-05-19 09:42:52] Started export task: fire_171_dynamic_2022-08-06
[2026-05-19 09:42:52] ------ Processing date=2022-08-07 ------
[2026-05-19 09:42:52] Using viirs_af_path: viirs_af_path
[2026-05-19 09:42:52] VIIRS Image Date: []
[2026-05-19 09:42:52] *** ERROR FLAG ***: VIIRS: no data for 2022-08-07, attempting interpolation...
[2026-05-19 09:42:55] *** ERROR FLAG ***: VIIRS: no valid image within 10 days BEFORE 2022-08-07 → assigning zeros
[2026-05-19 09:42:55] Weather image size: 1
[2026-05-19 09:42:55] Forecast duration: 2022-08-08 00:00:00 to 2022-08-09 00:00:00
[2026-05-19 09:42:56] Number of forecast images: 24
[2026-05-19 09:42:56] Using forecast run: 2022-08-07 18:00:00 UTC
[2026-05-19 09:42:56] Forecast Rain Available hours: [6, 7, 8, 9, 10, 11, 12, 13, 14, 15, 16, 17, 18, 19, 20, 21, 22, 23, 24, 25, 26, 27, 28, 29]
[2026-05-19 09:42:56] Valid hours for sum: [12, 18, 24, 29]
[2026-05-19 09:42:59] Drought composite end date: 2022-08-03 06:00:00
[2026-05-19 09:42:59] Land cover year: 2021
[2026-05-19 09:43:00] VIIRS Veg composite: 2022-07-20 → 2022-08-05
[2026-05-19 09:43:05] Started export task: fire_171_dynamic_2022-08-07
[2026-05-19 09:43:05] ------ Processing date=2022-08-08 ------
[2026-05-19 09:43:05] Using viirs_af_path: viirs_af_path
[2026-05-19 09:43:05] VIIRS Image Date: []
[2026-05-19 09:43:05] *** ERROR FLAG ***: VIIRS: no data for 2022-08-08, attempting interpolation...
[2026-05-19 09:43:08] *** ERROR FLAG ***: VIIRS: no valid image within 10 days BEFORE 2022-08-08 → assigning zeros
[2026-05-19 09:43:08] Weather image size: 1
[2026-05-19 09:43:08] Forecast duration: 2022-08-09 00:00:00 to 2022-08-10 00:00:00
[2026-05-19 09:43:09] Number of forecast images: 24
[2026-05-19 09:43:09] Using forecast run: 2022-08-08 18:00:00 UTC
[2026-05-19 09:43:09] Forecast Rain Available hours: [6, 7, 8, 9, 10, 11, 12, 13, 14, 15, 16, 17, 18, 19, 20, 21, 22, 23, 24, 25, 26, 27, 28, 29]
[2026-05-19 09:43:09] Valid hours for sum: [12, 18, 24, 29]
[2026-05-19 09:43:11] Drought composite end date: 2022-08-03 06:00:00
[2026-05-19 09:43:12] Land cover year: 2021
[2026-05-19 09:43:12] VIIRS Veg composite: 2022-07-20 → 2022-08-05
[2026-05-19 09:43:15] Started export task: fire_171_dynamic_2022-08-08
[2026-05-19 09:43:16] ------ Processing date=2022-08-09 ------
[2026-05-19 09:43:16] Using viirs_af_path: viirs_af_path
[2026-05-19 09:43:16] VIIRS Image Date: []
[2026-05-19 09:43:16] *** ERROR FLAG ***: VIIRS: no data for 2022-08-09, attempting interpolation...
[2026-05-19 09:43:19] *** ERROR FLAG ***: VIIRS: no valid image within 10 days BEFORE 2022-08-09 → assigning zeros
[2026-05-19 09:43:19] Weather image size: 1
[2026-05-19 09:43:19] Forecast duration: 2022-08-10 00:00:00 to 2022-08-11 00:00:00
[2026-05-19 09:43:20] Number of forecast images: 24
[2026-05-19 09:43:20] Using forecast run: 2022-08-09 18:00:00 UTC
[2026-05-19 09:43:20] Forecast Rain Available hours: [6, 7, 8, 9, 10, 11, 12, 13, 14, 15, 16, 17, 18, 19, 20, 21, 22, 23, 24, 25, 26, 27, 28, 29]
[2026-05-19 09:43:20] Valid hours for sum: [12, 18, 24, 29]
[2026-05-19 09:43:22] Drought composite end date: 2022-08-08 06:00:00
[2026-05-19 09:43:22] Land cover year: 2021
[2026-05-19 09:43:23] VIIRS Veg composite: 2022-07-20 → 2022-08-05
[2026-05-19 09:43:26] Started export task: fire_171_dynamic_2022-08-09
[2026-05-19 09:43:27] ------ Processing date=2022-08-10 ------
[2026-05-19 09:43:27] Using viirs_af_path: viirs_af_path
[2026-05-19 09:43:27] VIIRS Image Date: []
[2026-05-19 09:43:27] *** ERROR FLAG ***: VIIRS: no data for 2022-08-10, attempting interpolation...
[2026-05-19 09:43:29] *** ERROR FLAG ***: VIIRS: no valid image within 10 days BEFORE 2022-08-10 → assigning zeros
[2026-05-19 09:43:30] Weather image size: 1
[2026-05-19 09:43:30] Forecast duration: 2022-08-11 00:00:00 to 2022-08-12 00:00:00
[2026-05-19 09:43:30] Number of forecast images: 24
[2026-05-19 09:43:30] Using forecast run: 2022-08-10 18:00:00 UTC
[2026-05-19 09:43:31] Forecast Rain Available hours: [6, 7, 8, 9, 10, 11, 12, 13, 14, 15, 16, 17, 18, 19, 20, 21, 22, 23, 24, 25, 26, 27, 28, 29]
[2026-05-19 09:43:31] Valid hours for sum: [12, 18, 24, 29]
[2026-05-19 09:43:33] Drought composite end date: 2022-08-08 06:00:00
[2026-05-19 09:43:34] Land cover year: 2021
[2026-05-19 09:43:35] VIIRS Veg composite: 2022-07-20 → 2022-08-05
[2026-05-19 09:43:38] Started export task: fire_171_dynamic_2022-08-10
[2026-05-19 09:43:39] ------ Processing date=2022-08-11 ------
[2026-05-19 09:43:39] Using viirs_af_path: viirs_af_path
[2026-05-19 09:43:39] VIIRS Image Date: ['2022-08-11 00:00:00']
[2026-05-19 09:43:39] Weather image size: 1
[2026-05-19 09:43:39] Forecast duration: 2022-08-12 00:00:00 to 2022-08-13 00:00:00
[2026-05-19 09:43:40] Number of forecast images: 24
[2026-05-19 09:43:40] Using forecast run: 2022-08-11 18:00:00 UTC
[2026-05-19 09:43:40] Forecast Rain Available hours: [6, 7, 8, 9, 10, 11, 12, 13, 14, 15, 16, 17, 18, 19, 20, 21, 22, 23, 24, 25, 26, 27, 28, 29]
[2026-05-19 09:43:40] Valid hours for sum: [12, 18, 24, 29]
[2026-05-19 09:43:42] Drought composite end date: 2022-08-08 06:00:00
[2026-05-19 09:43:43] Land cover year: 2021
[2026-05-19 09:43:43] VIIRS Veg composite: 2022-07-20 → 2022-08-05
[2026-05-19 09:43:46] Started export task: fire_171_dynamic_2022-08-11
[2026-05-19 09:43:47] ------ Processing date=2022-08-12 ------
[2026-05-19 09:43:47] Using viirs_af_path: viirs_af_path
[2026-05-19 09:43:47] VIIRS Image Date: ['2022-08-12 00:00:00']
[2026-05-19 09:43:47] Weather image size: 1
[2026-05-19 09:43:47] Forecast duration: 2022-08-13 00:00:00 to 2022-08-14 00:00:00
[2026-05-19 09:43:48] Number of forecast images: 24
[2026-05-19 09:43:48] Using forecast run: 2022-08-12 18:00:00 UTC
[2026-05-19 09:43:48] Forecast Rain Available hours: [6, 7, 8, 9, 10, 11, 12, 13, 14, 15, 16, 17, 18, 19, 20, 21, 22, 23, 24, 25, 26, 27, 28, 29]
[2026-05-19 09:43:48] Valid hours for sum: [12, 18, 24, 29]
[2026-05-19 09:43:50] Drought composite end date: 2022-08-08 06:00:00
[2026-05-19 09:43:51] Land cover year: 2021
[2026-05-19 09:43:52] VIIRS Veg composite: 2022-07-20 → 2022-08-05
[2026-05-19 09:43:56] Started export task: fire_171_dynamic_2022-08-12
[2026-05-19 09:43:57] ------ Processing date=2022-08-13 ------
[2026-05-19 09:43:57] Using viirs_af_path: viirs_af_path
[2026-05-19 09:43:57] VIIRS Image Date: ['2022-08-13 00:00:00']
[2026-05-19 09:43:57] Weather image size: 1
[2026-05-19 09:43:57] Forecast duration: 2022-08-14 00:00:00 to 2022-08-15 00:00:00
[2026-05-19 09:43:58] Number of forecast images: 24
[2026-05-19 09:43:58] Using forecast run: 2022-08-13 18:00:00 UTC
[2026-05-19 09:43:58] Forecast Rain Available hours: [6, 7, 8, 9, 10, 11, 12, 13, 14, 15, 16, 17, 18, 19, 20, 21, 22, 23, 24, 25, 26, 27, 28, 29]
[2026-05-19 09:43:58] Valid hours for sum: [12, 18, 24, 29]
[2026-05-19 09:44:00] Drought composite end date: 2022-08-08 06:00:00
[2026-05-19 09:44:00] Land cover year: 2021
[2026-05-19 09:44:01] VIIRS Veg composite: 2022-07-20 → 2022-08-05
[2026-05-19 09:44:05] Started export task: fire_171_dynamic_2022-08-13
[2026-05-19 09:44:06] ------ Processing date=2022-08-14 ------
[2026-05-19 09:44:06] Using viirs_af_path: viirs_af_path
[2026-05-19 09:44:06] VIIRS Image Date: ['2022-08-14 00:00:00']
[2026-05-19 09:44:06] Weather image size: 1
[2026-05-19 09:44:06] Forecast duration: 2022-08-15 00:00:00 to 2022-08-16 00:00:00
[2026-05-19 09:44:07] Number of forecast images: 24
[2026-05-19 09:44:07] Using forecast run: 2022-08-14 18:00:00 UTC
[2026-05-19 09:44:08] Forecast Rain Available hours: [6, 7, 8, 9, 10, 11, 12, 13, 14, 15, 16, 17, 18, 19, 20, 21, 22, 23, 24, 25, 26, 27, 28, 29]
[2026-05-19 09:44:08] Valid hours for sum: [12, 18, 24, 29]
[2026-05-19 09:44:10] Drought composite end date: 2022-08-13 06:00:00
[2026-05-19 09:44:10] Land cover year: 2021
[2026-05-19 09:44:11] VIIRS Veg composite: 2022-07-20 → 2022-08-05
[2026-05-19 09:44:13] Started export task: fire_171_dynamic_2022-08-14
[2026-05-19 09:44:14] ------ Processing date=2022-08-15 ------
[2026-05-19 09:44:14] Using viirs_af_path: viirs_af_path
[2026-05-19 09:44:14] VIIRS Image Date: ['2022-08-15 00:00:00']
[2026-05-19 09:44:14] Weather image size: 1
[2026-05-19 09:44:14] Forecast duration: 2022-08-16 00:00:00 to 2022-08-17 00:00:00
[2026-05-19 09:44:15] Number of forecast images: 24
[2026-05-19 09:44:15] Using forecast run: 2022-08-15 18:00:00 UTC
[2026-05-19 09:44:15] Forecast Rain Available hours: [6, 7, 8, 9, 10, 11, 12, 13, 14, 15, 16, 17, 18, 19, 20, 21, 22, 23, 24, 25, 26, 27, 28, 29]
[2026-05-19 09:44:15] Valid hours for sum: [12, 18, 24, 29]
[2026-05-19 09:44:17] Drought composite end date: 2022-08-13 06:00:00
[2026-05-19 09:44:17] Land cover year: 2021
[2026-05-19 09:44:18] VIIRS Veg composite: 2022-07-20 → 2022-08-05
[2026-05-19 09:44:21] Started export task: fire_171_dynamic_2022-08-15
[2026-05-19 09:44:22] ------ Processing date=2022-08-16 ------
[2026-05-19 09:44:22] Using viirs_af_path: viirs_af_path
[2026-05-19 09:44:22] VIIRS Image Date: ['2022-08-16 00:00:00']
[2026-05-19 09:44:22] Weather image size: 1
[2026-05-19 09:44:22] Forecast duration: 2022-08-17 00:00:00 to 2022-08-18 00:00:00
[2026-05-19 09:44:23] Number of forecast images: 24
[2026-05-19 09:44:23] Using forecast run: 2022-08-16 18:00:00 UTC
[2026-05-19 09:44:23] Forecast Rain Available hours: [6, 7, 8, 9, 10, 11, 12, 13, 14, 15, 16, 17, 18, 19, 20, 21, 22, 23, 24, 25, 26, 27, 28, 29]
[2026-05-19 09:44:23] Valid hours for sum: [12, 18, 24, 29]
[2026-05-19 09:44:25] Drought composite end date: 2022-08-13 06:00:00
[2026-05-19 09:44:26] Land cover year: 2021
[2026-05-19 09:44:26] VIIRS Veg composite: 2022-07-20 → 2022-08-05
[2026-05-19 09:44:30] Started export task: fire_171_dynamic_2022-08-16
[2026-05-19 09:44:31] ------ Processing date=2022-08-17 ------
[2026-05-19 09:44:31] Using viirs_af_path: viirs_af_path
[2026-05-19 09:44:31] VIIRS Image Date: ['2022-08-17 00:00:00']
[2026-05-19 09:44:31] Weather image size: 1
[2026-05-19 09:44:31] Forecast duration: 2022-08-18 00:00:00 to 2022-08-19 00:00:00
[2026-05-19 09:44:32] Number of forecast images: 24
[2026-05-19 09:44:32] Using forecast run: 2022-08-17 18:00:00 UTC
[2026-05-19 09:44:32] Forecast Rain Available hours: [6, 7, 8, 9, 10, 11, 12, 13, 14, 15, 16, 17, 18, 19, 20, 21, 22, 23, 24, 25, 26, 27, 28, 29]
[2026-05-19 09:44:32] Valid hours for sum: [12, 18, 24, 29]
[2026-05-19 09:44:34] Drought composite end date: 2022-08-13 06:00:00
[2026-05-19 09:44:34] Land cover year: 2021
[2026-05-19 09:44:35] VIIRS Veg composite: 2022-07-20 → 2022-08-05
[2026-05-19 09:44:39] Started export task: fire_171_dynamic_2022-08-17
[2026-05-19 09:44:40] ------ Processing date=2022-08-18 ------
[2026-05-19 09:44:40] Using viirs_af_path: viirs_af_path
[2026-05-19 09:44:40] VIIRS Image Date: ['2022-08-18 00:00:00']
[2026-05-19 09:44:41] Weather image size: 1
[2026-05-19 09:44:41] Forecast duration: 2022-08-19 00:00:00 to 2022-08-20 00:00:00
[2026-05-19 09:44:41] Number of forecast images: 24
[2026-05-19 09:44:41] Using forecast run: 2022-08-18 18:00:00 UTC
[2026-05-19 09:44:42] Forecast Rain Available hours: [6, 7, 8, 9, 10, 11, 12, 13, 14, 15, 16, 17, 18, 19, 20, 21, 22, 23, 24, 25, 26, 27, 28, 29]
[2026-05-19 09:44:42] Valid hours for sum: [12, 18, 24, 29]
[2026-05-19 09:44:44] Drought composite end date: 2022-08-13 06:00:00
[2026-05-19 09:44:44] Land cover year: 2021
[2026-05-19 09:44:45] VIIRS Veg composite: 2022-07-20 → 2022-08-05
[2026-05-19 09:44:49] Started export task: fire_171_dynamic_2022-08-18
[2026-05-19 09:44:49] ------ Processing date=2022-08-19 ------
[2026-05-19 09:44:49] Using viirs_af_path: viirs_af_path
[2026-05-19 09:44:50] VIIRS Image Date: ['2022-08-19 00:00:00']
[2026-05-19 09:44:50] Weather image size: 1
[2026-05-19 09:44:50] Forecast duration: 2022-08-20 00:00:00 to 2022-08-21 00:00:00
[2026-05-19 09:44:51] Number of forecast images: 24
[2026-05-19 09:44:51] Using forecast run: 2022-08-19 18:00:00 UTC
[2026-05-19 09:44:52] Forecast Rain Available hours: [6, 7, 8, 9, 10, 11, 12, 13, 14, 15, 16, 17, 18, 19, 20, 21, 22, 23, 24, 25, 26, 27, 28, 29]
[2026-05-19 09:44:52] Valid hours for sum: [12, 18, 24, 29]
[2026-05-19 09:44:54] Drought composite end date: 2022-08-18 06:00:00
[2026-05-19 09:44:54] Land cover year: 2021
[2026-05-19 09:44:55] VIIRS Veg composite: 2022-07-20 → 2022-08-05
[2026-05-19 09:44:59] Started export task: fire_171_dynamic_2022-08-19
[2026-05-19 09:45:00] ------ Processing date=2022-08-20 ------
[2026-05-19 09:45:00] Using viirs_af_path: viirs_af_path
[2026-05-19 09:45:00] VIIRS Image Date: ['2022-08-20 00:00:00']
[2026-05-19 09:45:00] Weather image size: 1
[2026-05-19 09:45:00] Forecast duration: 2022-08-21 00:00:00 to 2022-08-22 00:00:00
[2026-05-19 09:45:01] Number of forecast images: 24
[2026-05-19 09:45:01] Using forecast run: 2022-08-20 18:00:00 UTC
[2026-05-19 09:45:01] Forecast Rain Available hours: [6, 7, 8, 9, 10, 11, 12, 13, 14, 15, 16, 17, 18, 19, 20, 21, 22, 23, 24, 25, 26, 27, 28, 29]
[2026-05-19 09:45:01] Valid hours for sum: [12, 18, 24, 29]
[2026-05-19 09:45:03] Drought composite end date: 2022-08-18 06:00:00
[2026-05-19 09:45:03] Land cover year: 2021
[2026-05-19 09:45:04] VIIRS Veg composite: 2022-07-20 → 2022-08-05
[2026-05-19 09:45:07] Started export task: fire_171_dynamic_2022-08-20
[2026-05-19 09:45:08] ------ Processing date=2022-08-21 ------
[2026-05-19 09:45:08] Using viirs_af_path: viirs_af_path
[2026-05-19 09:45:08] VIIRS Image Date: ['2022-08-21 00:00:00']
[2026-05-19 09:45:08] Weather image size: 1
[2026-05-19 09:45:08] Forecast duration: 2022-08-22 00:00:00 to 2022-08-23 00:00:00
[2026-05-19 09:45:09] Number of forecast images: 24
[2026-05-19 09:45:09] Using forecast run: 2022-08-21 18:00:00 UTC
[2026-05-19 09:45:10] Forecast Rain Available hours: [6, 7, 8, 9, 10, 11, 12, 13, 14, 15, 16, 17, 18, 19, 20, 21, 22, 23, 24, 25, 26, 27, 28, 29]
[2026-05-19 09:45:10] Valid hours for sum: [12, 18, 24, 29]
[2026-05-19 09:45:11] Drought composite end date: 2022-08-18 06:00:00
[2026-05-19 09:45:12] Land cover year: 2021
[2026-05-19 09:45:13] VIIRS Veg composite: 2022-07-20 → 2022-08-05
[2026-05-19 09:45:17] Started export task: fire_171_dynamic_2022-08-21
[2026-05-19 09:45:17] ------ Processing date=2022-08-22 ------
[2026-05-19 09:45:17] Using viirs_af_path: viirs_af_path
[2026-05-19 09:45:17] VIIRS Image Date: ['2022-08-22 00:00:00']
[2026-05-19 09:45:18] Weather image size: 1
[2026-05-19 09:45:18] Forecast duration: 2022-08-23 00:00:00 to 2022-08-24 00:00:00
[2026-05-19 09:45:19] Number of forecast images: 24
[2026-05-19 09:45:19] Using forecast run: 2022-08-22 18:00:00 UTC
[2026-05-19 09:45:19] Forecast Rain Available hours: [6, 7, 8, 9, 10, 11, 12, 13, 14, 15, 16, 17, 18, 19, 20, 21, 22, 23, 24, 25, 26, 27, 28, 29]
[2026-05-19 09:45:19] Valid hours for sum: [12, 18, 24, 29]
[2026-05-19 09:45:21] Drought composite end date: 2022-08-18 06:00:00
[2026-05-19 09:45:21] Land cover year: 2021
[2026-05-19 09:45:22] VIIRS Veg composite: 2022-07-20 → 2022-08-05
[2026-05-19 09:45:26] Started export task: fire_171_dynamic_2022-08-22
[2026-05-19 09:45:26] ------ Processing date=2022-08-23 ------
[2026-05-19 09:45:26] Using viirs_af_path: viirs_af_path
[2026-05-19 09:45:26] VIIRS Image Date: ['2022-08-23 00:00:00']
[2026-05-19 09:45:27] Weather image size: 1
[2026-05-19 09:45:27] Forecast duration: 2022-08-24 00:00:00 to 2022-08-25 00:00:00
[2026-05-19 09:45:28] Number of forecast images: 24
[2026-05-19 09:45:28] Using forecast run: 2022-08-23 18:00:00 UTC
[2026-05-19 09:45:28] Forecast Rain Available hours: [6, 7, 8, 9, 10, 11, 12, 13, 14, 15, 16, 17, 18, 19, 20, 21, 22, 23, 24, 25, 26, 27, 28, 29]
[2026-05-19 09:45:28] Valid hours for sum: [12, 18, 24, 29]
[2026-05-19 09:45:31] Drought composite end date: 2022-08-18 06:00:00
[2026-05-19 09:45:31] Land cover year: 2021
[2026-05-19 09:45:32] VIIRS Veg composite: 2022-07-20 → 2022-08-05
[2026-05-19 09:45:36] Started export task: fire_171_dynamic_2022-08-23
[2026-05-19 09:45:36] ------ Processing date=2022-08-24 ------
[2026-05-19 09:45:36] Using viirs_af_path: viirs_af_path
[2026-05-19 09:45:36] VIIRS Image Date: ['2022-08-24 00:00:00']
[2026-05-19 09:45:37] Weather image size: 1
[2026-05-19 09:45:37] Forecast duration: 2022-08-25 00:00:00 to 2022-08-26 00:00:00
[2026-05-19 09:45:37] Number of forecast images: 24
[2026-05-19 09:45:37] Using forecast run: 2022-08-24 18:00:00 UTC
[2026-05-19 09:45:38] Forecast Rain Available hours: [6, 7, 8, 9, 10, 11, 12, 13, 14, 15, 16, 17, 18, 19, 20, 21, 22, 23, 24, 25, 26, 27, 28, 29]
[2026-05-19 09:45:38] Valid hours for sum: [12, 18, 24, 29]
[2026-05-19 09:45:39] Drought composite end date: 2022-08-23 06:00:00
[2026-05-19 09:45:40] Land cover year: 2021
[2026-05-19 09:45:41] VIIRS Veg composite: 2022-07-20 → 2022-08-05
[2026-05-19 09:45:45] Started export task: fire_171_dynamic_2022-08-24
[2026-05-19 09:45:46] ------ Processing date=2022-08-25 ------
[2026-05-19 09:45:46] Using viirs_af_path: viirs_af_path
[2026-05-19 09:45:46] VIIRS Image Date: ['2022-08-25 00:00:00']
[2026-05-19 09:45:46] Weather image size: 1
[2026-05-19 09:45:46] Forecast duration: 2022-08-26 00:00:00 to 2022-08-27 00:00:00
[2026-05-19 09:45:47] Number of forecast images: 24
[2026-05-19 09:45:47] Using forecast run: 2022-08-25 18:00:00 UTC
[2026-05-19 09:45:48] Forecast Rain Available hours: [6, 7, 8, 9, 10, 11, 12, 13, 14, 15, 16, 17, 18, 19, 20, 21, 22, 23, 24, 25, 26, 27, 28, 29]
[2026-05-19 09:45:48] Valid hours for sum: [12, 18, 24, 29]
[2026-05-19 09:45:51] Drought composite end date: 2022-08-23 06:00:00
[2026-05-19 09:45:51] Land cover year: 2021
[2026-05-19 09:45:52] VIIRS Veg composite: 2022-07-20 → 2022-08-05
[2026-05-19 09:45:56] Started export task: fire_171_dynamic_2022-08-25
[2026-05-19 09:45:56] ------ Processing date=2022-08-26 ------
[2026-05-19 09:45:56] Using viirs_af_path: viirs_af_path
[2026-05-19 09:45:57] VIIRS Image Date: ['2022-08-26 00:00:00']
[2026-05-19 09:45:57] Weather image size: 1
[2026-05-19 09:45:57] Forecast duration: 2022-08-27 00:00:00 to 2022-08-28 00:00:00
[2026-05-19 09:45:58] Number of forecast images: 23
[2026-05-19 09:45:58] Using forecast run: 2022-08-26 18:00:00 UTC
[2026-05-19 09:45:58] Forecast Rain Available hours: [6, 7, 8, 9, 10, 11, 12, 13, 15, 16, 17, 18, 19, 20, 21, 22, 23, 24, 25, 26, 27, 28, 29]
[2026-05-19 09:45:58] Valid hours for sum: [12, 18, 24, 29]
[2026-05-19 09:46:00] Drought composite end date: 2022-08-23 06:00:00
[2026-05-19 09:46:01] Land cover year: 2021
[2026-05-19 09:46:02] VIIRS Veg composite: 2022-07-20 → 2022-08-05
[2026-05-19 09:46:05] Started export task: fire_171_dynamic_2022-08-26
[2026-05-19 09:46:05] ------ Processing date=2022-08-27 ------
[2026-05-19 09:46:05] Using viirs_af_path: viirs_af_path
[2026-05-19 09:46:05] VIIRS Image Date: ['2022-08-27 00:00:00']
[2026-05-19 09:46:06] Weather image size: 1
[2026-05-19 09:46:06] Forecast duration: 2022-08-28 00:00:00 to 2022-08-29 00:00:00
[2026-05-19 09:46:06] Number of forecast images: 24
[2026-05-19 09:46:06] Using forecast run: 2022-08-27 18:00:00 UTC
[2026-05-19 09:46:07] Forecast Rain Available hours: [6, 7, 8, 9, 10, 11, 12, 13, 14, 15, 16, 17, 18, 19, 20, 21, 22, 23, 24, 25, 26, 27, 28, 29]
[2026-05-19 09:46:07] Valid hours for sum: [12, 18, 24, 29]
[2026-05-19 09:46:09] Drought composite end date: 2022-08-23 06:00:00
[2026-05-19 09:46:10] Land cover year: 2021
[2026-05-19 09:46:10] VIIRS Veg composite: 2022-07-20 → 2022-08-05
[2026-05-19 09:46:17] Started export task: fire_171_dynamic_2022-08-27
[2026-05-19 09:46:21] ------ Processing date=2022-08-28 ------
[2026-05-19 09:46:21] Using viirs_af_path: viirs_af_path
[2026-05-19 09:46:24] VIIRS Image Date: ['2022-08-28 00:00:00']
[2026-05-19 09:46:25] Weather image size: 1
[2026-05-19 09:46:25] Forecast duration: 2022-08-29 00:00:00 to 2022-08-30 00:00:00
[2026-05-19 09:46:28] Number of forecast images: 23
[2026-05-19 09:46:28] Using forecast run: 2022-08-28 18:00:00 UTC
[2026-05-19 09:46:29] Forecast Rain Available hours: [6, 7, 8, 9, 10, 11, 12, 13, 14, 16, 17, 18, 19, 20, 21, 22, 23, 24, 25, 26, 27, 28, 29]
[2026-05-19 09:46:29] Valid hours for sum: [12, 18, 24, 29]
[2026-05-19 09:46:31] Drought composite end date: 2022-08-23 06:00:00
[2026-05-19 09:46:31] Land cover year: 2021
[2026-05-19 09:46:32] VIIRS Veg composite: 2022-07-20 → 2022-08-05
[2026-05-19 09:46:37] Started export task: fire_171_dynamic_2022-08-28
[2026-05-19 09:46:38] ------ Processing date=2022-08-29 ------
[2026-05-19 09:46:38] Using viirs_af_path: viirs_af_path
[2026-05-19 09:46:38] VIIRS Image Date: ['2022-08-29 00:00:00']
[2026-05-19 09:46:39] Weather image size: 1
[2026-05-19 09:46:39] Forecast duration: 2022-08-30 00:00:00 to 2022-08-31 00:00:00
[2026-05-19 09:46:40] Number of forecast images: 24
[2026-05-19 09:46:40] Using forecast run: 2022-08-29 18:00:00 UTC
[2026-05-19 09:46:41] Forecast Rain Available hours: [6, 7, 8, 9, 10, 11, 12, 13, 14, 15, 16, 17, 18, 19, 20, 21, 22, 23, 24, 25, 26, 27, 28, 29]
[2026-05-19 09:46:41] Valid hours for sum: [12, 18, 24, 29]
[2026-05-19 09:46:43] Drought composite end date: 2022-08-28 06:00:00
[2026-05-19 09:46:43] Land cover year: 2021
[2026-05-19 09:46:44] VIIRS Veg composite: 2022-07-20 → 2022-08-05
[2026-05-19 09:46:48] Started export task: fire_171_dynamic_2022-08-29
[2026-05-19 09:46:48] ------ Processing date=2022-08-30 ------
[2026-05-19 09:46:48] Using viirs_af_path: viirs_af_path
[2026-05-19 09:46:49] VIIRS Image Date: ['2022-08-30 00:00:00']
[2026-05-19 09:46:49] Weather image size: 1
[2026-05-19 09:46:49] Forecast duration: 2022-08-31 00:00:00 to 2022-09-01 00:00:00
[2026-05-19 09:46:50] Number of forecast images: 24
[2026-05-19 09:46:50] Using forecast run: 2022-08-30 18:00:00 UTC
[2026-05-19 09:46:50] Forecast Rain Available hours: [6, 7, 8, 9, 10, 11, 12, 13, 14, 15, 16, 17, 18, 19, 20, 21, 22, 23, 24, 25, 26, 27, 28, 29]
[2026-05-19 09:46:50] Valid hours for sum: [12, 18, 24, 29]
[2026-05-19 09:46:53] Drought composite end date: 2022-08-28 06:00:00
[2026-05-19 09:46:53] Land cover year: 2021
[2026-05-19 09:46:54] VIIRS Veg composite: 2022-07-20 → 2022-08-05
[2026-05-19 09:46:59] Started export task: fire_171_dynamic_2022-08-30
[2026-05-19 09:47:00] ------ Processing date=2022-08-31 ------
[2026-05-19 09:47:00] Using viirs_af_path: viirs_af_path
[2026-05-19 09:47:00] VIIRS Image Date: ['2022-08-31 00:00:00']
[2026-05-19 09:47:00] Weather image size: 1
[2026-05-19 09:47:00] Forecast duration: 2022-09-01 00:00:00 to 2022-09-02 00:00:00
[2026-05-19 09:47:01] Number of forecast images: 24
[2026-05-19 09:47:01] Using forecast run: 2022-08-31 18:00:00 UTC
[2026-05-19 09:47:01] Forecast Rain Available hours: [6, 7, 8, 9, 10, 11, 12, 13, 14, 15, 16, 17, 18, 19, 20, 21, 22, 23, 24, 25, 26, 27, 28, 29]
[2026-05-19 09:47:01] Valid hours for sum: [12, 18, 24, 29]
[2026-05-19 09:47:03] Drought composite end date: 2022-08-28 06:00:00
[2026-05-19 09:47:03] Land cover year: 2021
[2026-05-19 09:47:04] VIIRS Veg composite: 2022-07-20 → 2022-08-05
[2026-05-19 09:47:08] Started export task: fire_171_dynamic_2022-08-31
[2026-05-19 09:47:08] ------ Processing date=2022-09-01 ------
[2026-05-19 09:47:08] Using viirs_af_path: viirs_af_path
[2026-05-19 09:47:09] VIIRS Image Date: ['2022-09-01 00:00:00']
[2026-05-19 09:47:09] Weather image size: 1
[2026-05-19 09:47:09] Forecast duration: 2022-09-02 00:00:00 to 2022-09-03 00:00:00
[2026-05-19 09:47:10] Number of forecast images: 23
[2026-05-19 09:47:10] Using forecast run: 2022-09-01 18:00:00 UTC
[2026-05-19 09:47:10] Forecast Rain Available hours: [6, 7, 8, 9, 10, 11, 12, 13, 14, 15, 16, 17, 18, 20, 21, 22, 23, 24, 25, 26, 27, 28, 29]
[2026-05-19 09:47:10] Valid hours for sum: [12, 18, 24, 29]
[2026-05-19 09:47:13] Drought composite end date: 2022-08-28 06:00:00
[2026-05-19 09:47:13] Land cover year: 2021
[2026-05-19 09:47:14] VIIRS Veg composite: 2022-07-20 → 2022-08-05
[2026-05-19 09:47:17] Started export task: fire_171_dynamic_2022-09-01
[2026-05-19 09:47:18] ------ Processing date=2022-09-02 ------
[2026-05-19 09:47:18] Using viirs_af_path: viirs_af_path
[2026-05-19 09:47:18] VIIRS Image Date: ['2022-09-02 00:00:00']
[2026-05-19 09:47:18] Weather image size: 1
[2026-05-19 09:47:18] Forecast duration: 2022-09-03 00:00:00 to 2022-09-04 00:00:00
[2026-05-19 09:47:19] Number of forecast images: 24
[2026-05-19 09:47:19] Using forecast run: 2022-09-02 18:00:00 UTC
[2026-05-19 09:47:19] Forecast Rain Available hours: [6, 7, 8, 9, 10, 11, 12, 13, 14, 15, 16, 17, 18, 19, 20, 21, 22, 23, 24, 25, 26, 27, 28, 29]
[2026-05-19 09:47:19] Valid hours for sum: [12, 18, 24, 29]
[2026-05-19 09:47:22] Drought composite end date: 2022-08-28 06:00:00
[2026-05-19 09:47:22] Land cover year: 2021
[2026-05-19 09:47:23] VIIRS Veg composite: 2022-07-20 → 2022-08-05
[2026-05-19 09:47:27] Started export task: fire_171_dynamic_2022-09-02
[2026-05-19 09:47:27] ------ Processing date=2022-09-03 ------
[2026-05-19 09:47:27] Using viirs_af_path: viirs_af_path
[2026-05-19 09:47:27] VIIRS Image Date: ['2022-09-03 00:00:00']
[2026-05-19 09:47:28] Weather image size: 1
[2026-05-19 09:47:28] Forecast duration: 2022-09-04 00:00:00 to 2022-09-05 00:00:00
[2026-05-19 09:47:29] Number of forecast images: 24
[2026-05-19 09:47:29] Using forecast run: 2022-09-03 18:00:00 UTC
[2026-05-19 09:47:29] Forecast Rain Available hours: [6, 7, 8, 9, 10, 11, 12, 13, 14, 15, 16, 17, 18, 19, 20, 21, 22, 23, 24, 25, 26, 27, 28, 29]
[2026-05-19 09:47:29] Valid hours for sum: [12, 18, 24, 29]
[2026-05-19 09:47:31] Drought composite end date: 2022-09-02 06:00:00
[2026-05-19 09:47:31] Land cover year: 2021
[2026-05-19 09:47:32] VIIRS Veg composite: 2022-07-20 → 2022-08-05
[2026-05-19 09:47:36] Started export task: fire_171_dynamic_2022-09-03
[2026-05-19 09:47:36] ------ Processing date=2022-09-04 ------
[2026-05-19 09:47:36] Using viirs_af_path: viirs_af_path
[2026-05-19 09:47:37] VIIRS Image Date: ['2022-09-04 00:00:00']
[2026-05-19 09:47:37] Weather image size: 1
[2026-05-19 09:47:37] Forecast duration: 2022-09-05 00:00:00 to 2022-09-06 00:00:00
[2026-05-19 09:47:39] Number of forecast images: 24
[2026-05-19 09:47:39] Using forecast run: 2022-09-04 18:00:00 UTC
[2026-05-19 09:47:39] Forecast Rain Available hours: [6, 7, 8, 9, 10, 11, 12, 13, 14, 15, 16, 17, 18, 19, 20, 21, 22, 23, 24, 25, 26, 27, 28, 29]
[2026-05-19 09:47:39] Valid hours for sum: [12, 18, 24, 29]
[2026-05-19 09:47:41] Drought composite end date: 2022-09-02 06:00:00
[2026-05-19 09:47:42] Land cover year: 2021
[2026-05-19 09:47:42] VIIRS Veg composite: 2022-07-20 → 2022-08-05
[2026-05-19 09:47:47] Started export task: fire_171_dynamic_2022-09-04
[2026-05-19 09:47:48] ------ Processing date=2022-09-05 ------
[2026-05-19 09:47:48] Using viirs_af_path: viirs_af_path
[2026-05-19 09:47:48] VIIRS Image Date: ['2022-09-05 00:00:00']
[2026-05-19 09:47:48] Weather image size: 1
[2026-05-19 09:47:48] Forecast duration: 2022-09-06 00:00:00 to 2022-09-07 00:00:00
[2026-05-19 09:47:49] Number of forecast images: 24
[2026-05-19 09:47:49] Using forecast run: 2022-09-05 18:00:00 UTC
[2026-05-19 09:47:49] Forecast Rain Available hours: [6, 7, 8, 9, 10, 11, 12, 13, 14, 15, 16, 17, 18, 19, 20, 21, 22, 23, 24, 25, 26, 27, 28, 29]
[2026-05-19 09:47:49] Valid hours for sum: [12, 18, 24, 29]
[2026-05-19 09:47:51] Drought composite end date: 2022-09-02 06:00:00
[2026-05-19 09:47:51] Land cover year: 2021
[2026-05-19 09:47:52] VIIRS Veg composite: 2022-07-20 → 2022-08-05
[2026-05-19 09:47:56] Started export task: fire_171_dynamic_2022-09-05
[2026-05-19 09:47:57] ------ Processing date=2022-09-06 ------
[2026-05-19 09:47:57] Using viirs_af_path: viirs_af_path
[2026-05-19 09:47:57] VIIRS Image Date: ['2022-09-06 00:00:00']
[2026-05-19 09:47:57] Weather image size: 1
[2026-05-19 09:47:57] Forecast duration: 2022-09-07 00:00:00 to 2022-09-08 00:00:00
[2026-05-19 09:47:58] Number of forecast images: 24
[2026-05-19 09:47:58] Using forecast run: 2022-09-06 18:00:00 UTC
[2026-05-19 09:47:58] Forecast Rain Available hours: [6, 7, 8, 9, 10, 11, 12, 13, 14, 15, 16, 17, 18, 19, 20, 21, 22, 23, 24, 25, 26, 27, 28, 29]
[2026-05-19 09:47:58] Valid hours for sum: [12, 18, 24, 29]
[2026-05-19 09:48:01] Drought composite end date: 2022-09-02 06:00:00
[2026-05-19 09:48:01] Land cover year: 2021
[2026-05-19 09:48:02] VIIRS Veg composite: 2022-07-20 → 2022-08-05
[2026-05-19 09:48:07] Started export task: fire_171_dynamic_2022-09-06
[2026-05-19 09:48:07] ------ Processing date=2022-09-07 ------
[2026-05-19 09:48:07] Using viirs_af_path: viirs_af_path
[2026-05-19 09:48:07] VIIRS Image Date: ['2022-09-07 00:00:00']
[2026-05-19 09:48:07] Weather image size: 1
[2026-05-19 09:48:07] Forecast duration: 2022-09-08 00:00:00 to 2022-09-09 00:00:00
[2026-05-19 09:48:08] Number of forecast images: 24
[2026-05-19 09:48:08] Using forecast run: 2022-09-07 18:00:00 UTC
[2026-05-19 09:48:09] Forecast Rain Available hours: [6, 7, 8, 9, 10, 11, 12, 13, 14, 15, 16, 17, 18, 19, 20, 21, 22, 23, 24, 25, 26, 27, 28, 29]
[2026-05-19 09:48:09] Valid hours for sum: [12, 18, 24, 29]
[2026-05-19 09:48:11] Drought composite end date: 2022-09-02 06:00:00
[2026-05-19 09:48:12] Land cover year: 2021
[2026-05-19 09:48:12] VIIRS Veg composite: 2022-07-20 → 2022-08-05
[2026-05-19 09:48:17] Started export task: fire_171_dynamic_2022-09-07
[2026-05-19 09:48:17] ------ Processing date=2022-09-08 ------
[2026-05-19 09:48:17] Using viirs_af_path: viirs_af_path
[2026-05-19 09:48:18] VIIRS Image Date: ['2022-09-08 00:00:00']
[2026-05-19 09:48:18] Weather image size: 1
[2026-05-19 09:48:18] Forecast duration: 2022-09-09 00:00:00 to 2022-09-10 00:00:00
[2026-05-19 09:48:19] Number of forecast images: 24
[2026-05-19 09:48:19] Using forecast run: 2022-09-08 18:00:00 UTC
[2026-05-19 09:48:19] Forecast Rain Available hours: [6, 7, 8, 9, 10, 11, 12, 13, 14, 15, 16, 17, 18, 19, 20, 21, 22, 23, 24, 25, 26, 27, 28, 29]
[2026-05-19 09:48:19] Valid hours for sum: [12, 18, 24, 29]
[2026-05-19 09:48:21] Drought composite end date: 2022-09-07 06:00:00
[2026-05-19 09:48:21] Land cover year: 2021
[2026-05-19 09:48:22] VIIRS Veg composite: 2022-07-20 → 2022-08-05
[2026-05-19 09:48:27] Started export task: fire_171_dynamic_2022-09-08
[2026-05-19 09:48:27] ------ Processing date=2022-09-09 ------
[2026-05-19 09:48:27] Using viirs_af_path: viirs_af_path
[2026-05-19 09:48:27] VIIRS Image Date: ['2022-09-09 00:00:00']
[2026-05-19 09:48:28] Weather image size: 1
[2026-05-19 09:48:28] Forecast duration: 2022-09-10 00:00:00 to 2022-09-11 00:00:00
[2026-05-19 09:48:28] Number of forecast images: 24
[2026-05-19 09:48:28] Using forecast run: 2022-09-09 18:00:00 UTC
[2026-05-19 09:48:29] Forecast Rain Available hours: [6, 7, 8, 9, 10, 11, 12, 13, 14, 15, 16, 17, 18, 19, 20, 21, 22, 23, 24, 25, 26, 27, 28, 29]
[2026-05-19 09:48:29] Valid hours for sum: [12, 18, 24, 29]
[2026-05-19 09:48:31] Drought composite end date: 2022-09-07 06:00:00
[2026-05-19 09:48:31] Land cover year: 2021
[2026-05-19 09:48:32] VIIRS Veg composite: 2022-07-20 → 2022-08-05
[2026-05-19 09:48:35] Started export task: fire_171_dynamic_2022-09-09
[2026-05-19 09:48:36] ------ Processing date=2022-09-10 ------
[2026-05-19 09:48:36] Using viirs_af_path: viirs_af_path
[2026-05-19 09:48:36] VIIRS Image Date: ['2022-09-10 00:00:00']
[2026-05-19 09:48:36] Weather image size: 1
[2026-05-19 09:48:36] Forecast duration: 2022-09-11 00:00:00 to 2022-09-12 00:00:00
[2026-05-19 09:48:37] Number of forecast images: 24
[2026-05-19 09:48:37] Using forecast run: 2022-09-10 18:00:00 UTC
[2026-05-19 09:48:37] Forecast Rain Available hours: [6, 7, 8, 9, 10, 11, 12, 13, 14, 15, 16, 17, 18, 19, 20, 21, 22, 23, 24, 25, 26, 27, 28, 29]
[2026-05-19 09:48:37] Valid hours for sum: [12, 18, 24, 29]
[2026-05-19 09:48:40] Drought composite end date: 2022-09-07 06:00:00
[2026-05-19 09:48:40] Land cover year: 2021
[2026-05-19 09:48:41] VIIRS Veg composite: 2022-07-20 → 2022-08-05
[2026-05-19 09:48:45] Started export task: fire_171_dynamic_2022-09-10
[2026-05-19 09:48:46] ------ Processing date=2022-09-11 ------
[2026-05-19 09:48:46] Using viirs_af_path: viirs_af_path
[2026-05-19 09:48:46] VIIRS Image Date: ['2022-09-11 00:00:00']
[2026-05-19 09:48:46] Weather image size: 1
[2026-05-19 09:48:46] Forecast duration: 2022-09-12 00:00:00 to 2022-09-13 00:00:00
[2026-05-19 09:48:47] Number of forecast images: 23
[2026-05-19 09:48:47] Using forecast run: 2022-09-11 18:00:00 UTC
[2026-05-19 09:48:48] Forecast Rain Available hours: [6, 7, 8, 9, 10, 11, 12, 13, 14, 15, 16, 17, 18, 19, 21, 22, 23, 24, 25, 26, 27, 28, 29]
[2026-05-19 09:48:48] Valid hours for sum: [12, 18, 24, 29]
[2026-05-19 09:48:50] Drought composite end date: 2022-09-07 06:00:00
[2026-05-19 09:48:50] Land cover year: 2021
[2026-05-19 09:48:51] VIIRS Veg composite: 2022-07-20 → 2022-08-05
[2026-05-19 09:48:56] Started export task: fire_171_dynamic_2022-09-11
[2026-05-19 09:48:56] ------ Processing date=2022-09-12 ------
[2026-05-19 09:48:56] Using viirs_af_path: viirs_af_path
[2026-05-19 09:48:56] VIIRS Image Date: ['2022-09-12 00:00:00']
[2026-05-19 09:48:57] Weather image size: 1
[2026-05-19 09:48:57] Forecast duration: 2022-09-13 00:00:00 to 2022-09-14 00:00:00
[2026-05-19 09:48:57] Number of forecast images: 24
[2026-05-19 09:48:57] Using forecast run: 2022-09-12 18:00:00 UTC
[2026-05-19 09:48:58] Forecast Rain Available hours: [6, 7, 8, 9, 10, 11, 12, 13, 14, 15, 16, 17, 18, 19, 20, 21, 22, 23, 24, 25, 26, 27, 28, 29]
[2026-05-19 09:48:58] Valid hours for sum: [12, 18, 24, 29]
[2026-05-19 09:48:59] Drought composite end date: 2022-09-07 06:00:00
[2026-05-19 09:49:00] Land cover year: 2021
[2026-05-19 09:49:01] VIIRS Veg composite: 2022-07-20 → 2022-08-05
[2026-05-19 09:49:05] Started export task: fire_171_dynamic_2022-09-12
[2026-05-19 09:49:06] ------ Processing date=2022-09-13 ------
[2026-05-19 09:49:06] Using viirs_af_path: viirs_af_path
[2026-05-19 09:49:06] VIIRS Image Date: ['2022-09-13 00:00:00']
[2026-05-19 09:49:06] Weather image size: 1
[2026-05-19 09:49:06] Forecast duration: 2022-09-14 00:00:00 to 2022-09-15 00:00:00
[2026-05-19 09:49:07] Number of forecast images: 24
[2026-05-19 09:49:07] Using forecast run: 2022-09-13 18:00:00 UTC
[2026-05-19 09:49:08] Forecast Rain Available hours: [6, 7, 8, 9, 10, 11, 12, 13, 14, 15, 16, 17, 18, 19, 20, 21, 22, 23, 24, 25, 26, 27, 28, 29]
[2026-05-19 09:49:08] Valid hours for sum: [12, 18, 24, 29]
[2026-05-19 09:49:10] Drought composite end date: 2022-09-12 06:00:00
[2026-05-19 09:49:10] Land cover year: 2021
[2026-05-19 09:49:11] VIIRS Veg composite: 2022-07-20 → 2022-08-05
[2026-05-19 09:49:16] Started export task: fire_171_dynamic_2022-09-13
[2026-05-19 09:49:17] ------ Processing date=2022-09-14 ------
[2026-05-19 09:49:17] Using viirs_af_path: viirs_af_path
[2026-05-19 09:49:17] VIIRS Image Date: ['2022-09-14 00:00:00']
[2026-05-19 09:49:17] Weather image size: 1
[2026-05-19 09:49:17] Forecast duration: 2022-09-15 00:00:00 to 2022-09-16 00:00:00
[2026-05-19 09:49:18] Number of forecast images: 24
[2026-05-19 09:49:18] Using forecast run: 2022-09-14 18:00:00 UTC
[2026-05-19 09:49:19] Forecast Rain Available hours: [6, 7, 8, 9, 10, 11, 12, 13, 14, 15, 16, 17, 18, 19, 20, 21, 22, 23, 24, 25, 26, 27, 28, 29]
[2026-05-19 09:49:19] Valid hours for sum: [12, 18, 24, 29]
[2026-05-19 09:49:20] Drought composite end date: 2022-09-12 06:00:00
[2026-05-19 09:49:20] Land cover year: 2021
[2026-05-19 09:49:21] VIIRS Veg composite: 2022-07-20 → 2022-08-05
[2026-05-19 09:49:26] Started export task: fire_171_dynamic_2022-09-14
[2026-05-19 09:49:27] ------ Processing date=2022-09-15 ------
[2026-05-19 09:49:27] Using viirs_af_path: viirs_af_path
[2026-05-19 09:49:27] VIIRS Image Date: ['2022-09-15 00:00:00']
[2026-05-19 09:49:28] Weather image size: 1
[2026-05-19 09:49:28] Forecast duration: 2022-09-16 00:00:00 to 2022-09-17 00:00:00
[2026-05-19 09:49:29] Number of forecast images: 24
[2026-05-19 09:49:29] Using forecast run: 2022-09-15 18:00:00 UTC
[2026-05-19 09:49:29] Forecast Rain Available hours: [6, 7, 8, 9, 10, 11, 12, 13, 14, 15, 16, 17, 18, 19, 20, 21, 22, 23, 24, 25, 26, 27, 28, 29]
[2026-05-19 09:49:29] Valid hours for sum: [12, 18, 24, 29]
[2026-05-19 09:49:31] Drought composite end date: 2022-09-12 06:00:00
[2026-05-19 09:49:31] Land cover year: 2021
[2026-05-19 09:49:32] VIIRS Veg composite: 2022-07-20 → 2022-08-05
[2026-05-19 09:49:35] Started export task: fire_171_dynamic_2022-09-15
[2026-05-19 09:49:36] ------ Processing date=2022-09-16 ------
[2026-05-19 09:49:36] Using viirs_af_path: viirs_af_path
[2026-05-19 09:49:36] VIIRS Image Date: ['2022-09-16 00:00:00']
[2026-05-19 09:49:36] Weather image size: 1
[2026-05-19 09:49:36] Forecast duration: 2022-09-17 00:00:00 to 2022-09-18 00:00:00
[2026-05-19 09:49:37] Number of forecast images: 24
[2026-05-19 09:49:37] Using forecast run: 2022-09-16 18:00:00 UTC
[2026-05-19 09:49:38] Forecast Rain Available hours: [6, 7, 8, 9, 10, 11, 12, 13, 14, 15, 16, 17, 18, 19, 20, 21, 22, 23, 24, 25, 26, 27, 28, 29]
[2026-05-19 09:49:38] Valid hours for sum: [12, 18, 24, 29]
[2026-05-19 09:49:39] Drought composite end date: 2022-09-12 06:00:00
[2026-05-19 09:49:40] Land cover year: 2021
[2026-05-19 09:49:41] VIIRS Veg composite: 2022-07-20 → 2022-08-05
[2026-05-19 09:49:45] Started export task: fire_171_dynamic_2022-09-16
[2026-05-19 09:49:45] ------ Processing date=2022-09-17 ------
[2026-05-19 09:49:45] Using viirs_af_path: viirs_af_path
[2026-05-19 09:49:45] VIIRS Image Date: ['2022-09-17 00:00:00']
[2026-05-19 09:49:45] Weather image size: 1
[2026-05-19 09:49:45] Forecast duration: 2022-09-18 00:00:00 to 2022-09-19 00:00:00
[2026-05-19 09:49:47] Number of forecast images: 24
[2026-05-19 09:49:47] Using forecast run: 2022-09-17 18:00:00 UTC
[2026-05-19 09:49:47] Forecast Rain Available hours: [6, 7, 8, 9, 10, 11, 12, 13, 14, 15, 16, 17, 18, 19, 20, 21, 22, 23, 24, 25, 26, 27, 28, 29]
[2026-05-19 09:49:47] Valid hours for sum: [12, 18, 24, 29]
[2026-05-19 09:49:50] Drought composite end date: 2022-09-12 06:00:00
[2026-05-19 09:49:50] Land cover year: 2021
[2026-05-19 09:49:51] VIIRS Veg composite: 2022-07-20 → 2022-08-05
[2026-05-19 09:49:56] Started export task: fire_171_dynamic_2022-09-17
[2026-05-19 09:49:56] ------ Processing date=2022-09-18 ------
[2026-05-19 09:49:56] Using viirs_af_path: viirs_af_path
[2026-05-19 09:49:56] VIIRS Image Date: ['2022-09-18 00:00:00']
[2026-05-19 09:49:57] Weather image size: 1
[2026-05-19 09:49:57] Forecast duration: 2022-09-19 00:00:00 to 2022-09-20 00:00:00
[2026-05-19 09:49:57] Number of forecast images: 24
[2026-05-19 09:49:57] Using forecast run: 2022-09-18 18:00:00 UTC
[2026-05-19 09:49:58] Forecast Rain Available hours: [6, 7, 8, 9, 10, 11, 12, 13, 14, 15, 16, 17, 18, 19, 20, 21, 22, 23, 24, 25, 26, 27, 28, 29]
[2026-05-19 09:49:58] Valid hours for sum: [12, 18, 24, 29]
[2026-05-19 09:50:00] Drought composite end date: 2022-09-17 06:00:00
[2026-05-19 09:50:01] Land cover year: 2021
[2026-05-19 09:50:01] VIIRS Veg composite: 2022-07-20 → 2022-08-05
[2026-05-19 09:50:07] Started export task: fire_171_dynamic_2022-09-18
[2026-05-19 09:50:08] ------ Processing date=2022-09-19 ------
[2026-05-19 09:50:08] Using viirs_af_path: viirs_af_path
[2026-05-19 09:50:08] VIIRS Image Date: ['2022-09-19 00:00:00']
[2026-05-19 09:50:09] Weather image size: 1
[2026-05-19 09:50:09] Forecast duration: 2022-09-20 00:00:00 to 2022-09-21 00:00:00
[2026-05-19 09:50:10] Number of forecast images: 24
[2026-05-19 09:50:10] Using forecast run: 2022-09-19 18:00:00 UTC
[2026-05-19 09:50:11] Forecast Rain Available hours: [6, 7, 8, 9, 10, 11, 12, 13, 14, 15, 16, 17, 18, 19, 20, 21, 22, 23, 24, 25, 26, 27, 28, 29]
[2026-05-19 09:50:11] Valid hours for sum: [12, 18, 24, 29]
[2026-05-19 09:50:14] Drought composite end date: 2022-09-17 06:00:00
[2026-05-19 09:50:15] Land cover year: 2021
[2026-05-19 09:50:15] VIIRS Veg composite: 2022-07-20 → 2022-08-05
[2026-05-19 09:50:21] Started export task: fire_171_dynamic_2022-09-19
[2026-05-19 09:50:21] ------ Processing date=2022-09-20 ------
[2026-05-19 09:50:21] Using viirs_af_path: viirs_af_path
[2026-05-19 09:50:21] VIIRS Image Date: ['2022-09-20 00:00:00']
[2026-05-19 09:50:22] Weather image size: 1
[2026-05-19 09:50:22] Forecast duration: 2022-09-21 00:00:00 to 2022-09-22 00:00:00
[2026-05-19 09:50:22] Number of forecast images: 24
[2026-05-19 09:50:22] Using forecast run: 2022-09-20 18:00:00 UTC
[2026-05-19 09:50:23] Forecast Rain Available hours: [6, 7, 8, 9, 10, 11, 12, 13, 14, 15, 16, 17, 18, 19, 20, 21, 22, 23, 24, 25, 26, 27, 28, 29]
[2026-05-19 09:50:23] Valid hours for sum: [12, 18, 24, 29]
[2026-05-19 09:50:24] Drought composite end date: 2022-09-17 06:00:00
[2026-05-19 09:50:25] Land cover year: 2021
[2026-05-19 09:50:26] VIIRS Veg composite: 2022-07-20 → 2022-08-05
[2026-05-19 09:50:31] Started export task: fire_171_dynamic_2022-09-20
[2026-05-19 09:50:32] ------ Processing date=2022-09-21 ------
[2026-05-19 09:50:32] Using viirs_af_path: viirs_af_path
[2026-05-19 09:50:32] VIIRS Image Date: ['2022-09-21 00:00:00']
[2026-05-19 09:50:32] Weather image size: 1
[2026-05-19 09:50:32] Forecast duration: 2022-09-22 00:00:00 to 2022-09-23 00:00:00
[2026-05-19 09:50:33] Number of forecast images: 24
[2026-05-19 09:50:33] Using forecast run: 2022-09-21 18:00:00 UTC
[2026-05-19 09:50:34] Forecast Rain Available hours: [6, 7, 8, 9, 10, 11, 12, 13, 14, 15, 16, 17, 18, 19, 20, 21, 22, 23, 24, 25, 26, 27, 28, 29]
[2026-05-19 09:50:34] Valid hours for sum: [12, 18, 24, 29]
[2026-05-19 09:50:36] Drought composite end date: 2022-09-17 06:00:00
[2026-05-19 09:50:36] Land cover year: 2021
[2026-05-19 09:50:37] VIIRS Veg composite: 2022-07-20 → 2022-08-05
[2026-05-19 09:50:40] Started export task: fire_171_dynamic_2022-09-21
[2026-05-19 09:50:41] ------ Processing date=2022-09-22 ------
[2026-05-19 09:50:41] Using viirs_af_path: viirs_af_path
[2026-05-19 09:50:41] VIIRS Image Date: ['2022-09-22 00:00:00']
[2026-05-19 09:50:41] Weather image size: 1
[2026-05-19 09:50:41] Forecast duration: 2022-09-23 00:00:00 to 2022-09-24 00:00:00
[2026-05-19 09:50:42] Number of forecast images: 24
[2026-05-19 09:50:42] Using forecast run: 2022-09-22 18:00:00 UTC
[2026-05-19 09:50:43] Forecast Rain Available hours: [6, 7, 8, 9, 10, 11, 12, 13, 14, 15, 16, 17, 18, 19, 20, 21, 22, 23, 24, 25, 26, 27, 28, 29]
[2026-05-19 09:50:43] Valid hours for sum: [12, 18, 24, 29]
[2026-05-19 09:50:46] Drought composite end date: 2022-09-17 06:00:00
[2026-05-19 09:50:46] Land cover year: 2021
[2026-05-19 09:50:47] VIIRS Veg composite: 2022-07-20 → 2022-08-05
[2026-05-19 09:50:52] Started export task: fire_171_dynamic_2022-09-22
[2026-05-19 09:50:52] ------ Processing date=2022-09-23 ------
[2026-05-19 09:50:52] Using viirs_af_path: viirs_af_path
[2026-05-19 09:50:52] VIIRS Image Date: ['2022-09-23 00:00:00']
[2026-05-19 09:50:52] Weather image size: 1
[2026-05-19 09:50:52] Forecast duration: 2022-09-24 00:00:00 to 2022-09-25 00:00:00
[2026-05-19 09:50:53] Number of forecast images: 24
[2026-05-19 09:50:53] Using forecast run: 2022-09-23 18:00:00 UTC
[2026-05-19 09:50:54] Forecast Rain Available hours: [6, 7, 8, 9, 10, 11, 12, 13, 14, 15, 16, 17, 18, 19, 20, 21, 22, 23, 24, 25, 26, 27, 28, 29]
[2026-05-19 09:50:54] Valid hours for sum: [12, 18, 24, 29]
[2026-05-19 09:50:56] Drought composite end date: 2022-09-22 06:00:00
[2026-05-19 09:50:56] Land cover year: 2021
[2026-05-19 09:50:57] VIIRS Veg composite: 2022-07-20 → 2022-08-05
[2026-05-19 09:51:03] Started export task: fire_171_dynamic_2022-09-23
[2026-05-19 09:51:03] ------ Processing date=2022-09-24 ------
[2026-05-19 09:51:03] Using viirs_af_path: viirs_af_path
[2026-05-19 09:51:03] VIIRS Image Date: ['2022-09-24 00:00:00']
[2026-05-19 09:51:04] Weather image size: 1
[2026-05-19 09:51:04] Forecast duration: 2022-09-25 00:00:00 to 2022-09-26 00:00:00
[2026-05-19 09:51:04] Number of forecast images: 24
[2026-05-19 09:51:04] Using forecast run: 2022-09-24 18:00:00 UTC
[2026-05-19 09:51:05] Forecast Rain Available hours: [6, 7, 8, 9, 10, 11, 12, 13, 14, 15, 16, 17, 18, 19, 20, 21, 22, 23, 24, 25, 26, 27, 28, 29]
[2026-05-19 09:51:05] Valid hours for sum: [12, 18, 24, 29]
[2026-05-19 09:51:08] Drought composite end date: 2022-09-22 06:00:00
[2026-05-19 09:51:08] Land cover year: 2021
[2026-05-19 09:51:09] VIIRS Veg composite: 2022-07-20 → 2022-08-05
[2026-05-19 09:51:12] Started export task: fire_171_dynamic_2022-09-24
[2026-05-19 09:51:12] ------ Processing date=2022-09-25 ------
[2026-05-19 09:51:12] Using viirs_af_path: viirs_af_path
[2026-05-19 09:51:12] VIIRS Image Date: ['2022-09-25 00:00:00']
[2026-05-19 09:51:13] Weather image size: 1
[2026-05-19 09:51:13] Forecast duration: 2022-09-26 00:00:00 to 2022-09-27 00:00:00
[2026-05-19 09:51:14] Number of forecast images: 24
[2026-05-19 09:51:14] Using forecast run: 2022-09-25 18:00:00 UTC
[2026-05-19 09:51:14] Forecast Rain Available hours: [6, 7, 8, 9, 10, 11, 12, 13, 14, 15, 16, 17, 18, 19, 20, 21, 22, 23, 24, 25, 26, 27, 28, 29]
[2026-05-19 09:51:14] Valid hours for sum: [12, 18, 24, 29]
[2026-05-19 09:51:16] Drought composite end date: 2022-09-22 06:00:00
[2026-05-19 09:51:17] Land cover year: 2021
[2026-05-19 09:51:18] VIIRS Veg composite: 2022-07-20 → 2022-08-05
[2026-05-19 09:51:22] Started export task: fire_171_dynamic_2022-09-25
[2026-05-19 09:51:22] ------ Processing date=2022-09-26 ------
[2026-05-19 09:51:22] Using viirs_af_path: viirs_af_path
[2026-05-19 09:51:23] VIIRS Image Date: ['2022-09-26 00:00:00']
[2026-05-19 09:51:23] Weather image size: 1
[2026-05-19 09:51:23] Forecast duration: 2022-09-27 00:00:00 to 2022-09-28 00:00:00
[2026-05-19 09:51:24] Number of forecast images: 24
[2026-05-19 09:51:24] Using forecast run: 2022-09-26 18:00:00 UTC
[2026-05-19 09:51:24] Forecast Rain Available hours: [6, 7, 8, 9, 10, 11, 12, 13, 14, 15, 16, 17, 18, 19, 20, 21, 22, 23, 24, 25, 26, 27, 28, 29]
[2026-05-19 09:51:24] Valid hours for sum: [12, 18, 24, 29]
[2026-05-19 09:51:27] Drought composite end date: 2022-09-22 06:00:00
[2026-05-19 09:51:27] Land cover year: 2021
[2026-05-19 09:51:28] VIIRS Veg composite: 2022-07-20 → 2022-08-05
[2026-05-19 09:51:33] Started export task: fire_171_dynamic_2022-09-26
[2026-05-19 09:51:33] ------ Processing date=2022-09-27 ------
[2026-05-19 09:51:33] Using viirs_af_path: viirs_af_path
[2026-05-19 09:51:34] VIIRS Image Date: ['2022-09-27 00:00:00']
[2026-05-19 09:51:34] Weather image size: 1
[2026-05-19 09:51:34] Forecast duration: 2022-09-28 00:00:00 to 2022-09-29 00:00:00
[2026-05-19 09:51:35] Number of forecast images: 24
[2026-05-19 09:51:35] Using forecast run: 2022-09-27 18:00:00 UTC
[2026-05-19 09:51:35] Forecast Rain Available hours: [6, 7, 8, 9, 10, 11, 12, 13, 14, 15, 16, 17, 18, 19, 20, 21, 22, 23, 24, 25, 26, 27, 28, 29]
[2026-05-19 09:51:35] Valid hours for sum: [12, 18, 24, 29]
[2026-05-19 09:51:37] Drought composite end date: 2022-09-22 06:00:00
[2026-05-19 09:51:37] Land cover year: 2021
[2026-05-19 09:51:38] VIIRS Veg composite: 2022-07-20 → 2022-08-05
[2026-05-19 09:51:42] Started export task: fire_171_dynamic_2022-09-27
[2026-05-19 09:51:42] ------ Processing date=2022-09-28 ------
[2026-05-19 09:51:42] Using viirs_af_path: viirs_af_path
[2026-05-19 09:51:42] VIIRS Image Date: ['2022-09-28 00:00:00']
[2026-05-19 09:51:43] Weather image size: 1
[2026-05-19 09:51:43] Forecast duration: 2022-09-29 00:00:00 to 2022-09-30 00:00:00
[2026-05-19 09:51:43] Number of forecast images: 24
[2026-05-19 09:51:43] Using forecast run: 2022-09-28 18:00:00 UTC
[2026-05-19 09:51:44] Forecast Rain Available hours: [6, 7, 8, 9, 10, 11, 12, 13, 14, 15, 16, 17, 18, 19, 20, 21, 22, 23, 24, 25, 26, 27, 28, 29]
[2026-05-19 09:51:44] Valid hours for sum: [12, 18, 24, 29]
[2026-05-19 09:51:45] Drought composite end date: 2022-09-27 06:00:00
[2026-05-19 09:51:45] Land cover year: 2021
[2026-05-19 09:51:46] VIIRS Veg composite: 2022-07-20 → 2022-08-05
[2026-05-19 09:51:50] Started export task: fire_171_dynamic_2022-09-28
[2026-05-19 09:51:51] ------ Processing date=2022-09-29 ------
[2026-05-19 09:51:51] Using viirs_af_path: viirs_af_path
[2026-05-19 09:51:51] VIIRS Image Date: ['2022-09-29 00:00:00']
[2026-05-19 09:51:51] Weather image size: 1
[2026-05-19 09:51:51] Forecast duration: 2022-09-30 00:00:00 to 2022-10-01 00:00:00
[2026-05-19 09:51:52] Number of forecast images: 24
[2026-05-19 09:51:52] Using forecast run: 2022-09-29 18:00:00 UTC
[2026-05-19 09:51:52] Forecast Rain Available hours: [6, 7, 8, 9, 10, 11, 12, 13, 14, 15, 16, 17, 18, 19, 20, 21, 22, 23, 24, 25, 26, 27, 28, 29]
[2026-05-19 09:51:52] Valid hours for sum: [12, 18, 24, 29]
[2026-05-19 09:51:54] Drought composite end date: 2022-09-27 06:00:00
[2026-05-19 09:51:55] Land cover year: 2021
[2026-05-19 09:51:56] VIIRS Veg composite: 2022-07-20 → 2022-08-05
[2026-05-19 09:51:59] Started export task: fire_171_dynamic_2022-09-29
[2026-05-19 09:51:59] ------ Processing date=2022-09-30 ------
[2026-05-19 09:51:59] Using viirs_af_path: viirs_af_path
[2026-05-19 09:51:59] VIIRS Image Date: ['2022-09-30 00:00:00']
[2026-05-19 09:51:59] Weather image size: 1
[2026-05-19 09:51:59] Forecast duration: 2022-10-01 00:00:00 to 2022-10-02 00:00:00
[2026-05-19 09:52:00] Number of forecast images: 24
[2026-05-19 09:52:00] Using forecast run: 2022-09-30 18:00:00 UTC
[2026-05-19 09:52:01] Forecast Rain Available hours: [6, 7, 8, 9, 10, 11, 12, 13, 14, 15, 16, 17, 18, 19, 20, 21, 22, 23, 24, 25, 26, 27, 28, 29]
[2026-05-19 09:52:01] Valid hours for sum: [12, 18, 24, 29]
[2026-05-19 09:52:03] Drought composite end date: 2022-09-27 06:00:00
[2026-05-19 09:52:03] Land cover year: 2021
[2026-05-19 09:52:04] VIIRS Veg composite: 2022-07-20 → 2022-08-05
[2026-05-19 09:52:07] Started export task: fire_171_dynamic_2022-09-30
[2026-05-19 09:52:08] ------ Processing date=2022-10-01 ------
[2026-05-19 09:52:08] Using viirs_af_path: viirs_af_path
[2026-05-19 09:52:08] VIIRS Image Date: ['2022-10-01 00:00:00']
[2026-05-19 09:52:08] Weather image size: 1
[2026-05-19 09:52:08] Forecast duration: 2022-10-02 00:00:00 to 2022-10-03 00:00:00
[2026-05-19 09:52:10] Number of forecast images: 24
[2026-05-19 09:52:10] Using forecast run: 2022-10-01 18:00:00 UTC
[2026-05-19 09:52:10] Forecast Rain Available hours: [6, 7, 8, 9, 10, 11, 12, 13, 14, 15, 16, 17, 18, 19, 20, 21, 22, 23, 24, 25, 26, 27, 28, 29]
[2026-05-19 09:52:10] Valid hours for sum: [12, 18, 24, 29]
[2026-05-19 09:52:12] Drought composite end date: 2022-09-27 06:00:00
[2026-05-19 09:52:12] Land cover year: 2021
[2026-05-19 09:52:13] VIIRS Veg composite: 2022-07-20 → 2022-08-05
[2026-05-19 09:52:17] Started export task: fire_171_dynamic_2022-10-01
[2026-05-19 09:52:17] ------ Processing date=2022-10-02 ------
[2026-05-19 09:52:17] Using viirs_af_path: viirs_af_path
[2026-05-19 09:52:17] VIIRS Image Date: ['2022-10-02 00:00:00']
[2026-05-19 09:52:18] Weather image size: 1
[2026-05-19 09:52:18] Forecast duration: 2022-10-03 00:00:00 to 2022-10-04 00:00:00
[2026-05-19 09:52:19] Number of forecast images: 23
[2026-05-19 09:52:19] Using forecast run: 2022-10-02 18:00:00 UTC
[2026-05-19 09:52:19] Forecast Rain Available hours: [6, 7, 8, 9, 10, 11, 12, 13, 14, 15, 16, 17, 18, 19, 20, 21, 22, 23, 24, 26, 27, 28, 29]
[2026-05-19 09:52:19] Valid hours for sum: [12, 18, 24, 29]
[2026-05-19 09:52:21] Drought composite end date: 2022-09-27 06:00:00
[2026-05-19 09:52:21] Land cover year: 2021
[2026-05-19 09:52:22] VIIRS Veg composite: 2022-07-20 → 2022-08-05
[2026-05-19 09:52:26] Started export task: fire_171_dynamic_2022-10-02
[2026-05-19 09:52:27] ------ Processing date=2022-10-03 ------
[2026-05-19 09:52:27] Using viirs_af_path: viirs_af_path
[2026-05-19 09:52:27] VIIRS Image Date: ['2022-10-03 00:00:00']
[2026-05-19 09:52:27] Weather image size: 1
[2026-05-19 09:52:27] Forecast duration: 2022-10-04 00:00:00 to 2022-10-05 00:00:00
[2026-05-19 09:52:28] Number of forecast images: 24
[2026-05-19 09:52:28] Using forecast run: 2022-10-03 18:00:00 UTC
[2026-05-19 09:52:29] Forecast Rain Available hours: [6, 7, 8, 9, 10, 11, 12, 13, 14, 15, 16, 17, 18, 19, 20, 21, 22, 23, 24, 25, 26, 27, 28, 29]
[2026-05-19 09:52:29] Valid hours for sum: [12, 18, 24, 29]
[2026-05-19 09:52:30] Drought composite end date: 2022-10-02 06:00:00
[2026-05-19 09:52:30] Land cover year: 2021
[2026-05-19 09:52:31] VIIRS Veg composite: 2022-07-20 → 2022-08-05
[2026-05-19 09:52:35] Started export task: fire_171_dynamic_2022-10-03
[2026-05-19 09:52:35] ------ Processing date=2022-10-04 ------
[2026-05-19 09:52:35] Using viirs_af_path: viirs_af_path
[2026-05-19 09:52:36] VIIRS Image Date: ['2022-10-04 00:00:00']
[2026-05-19 09:52:36] Weather image size: 1
[2026-05-19 09:52:36] Forecast duration: 2022-10-05 00:00:00 to 2022-10-06 00:00:00
[2026-05-19 09:52:37] Number of forecast images: 24
[2026-05-19 09:52:37] Using forecast run: 2022-10-04 18:00:00 UTC
[2026-05-19 09:52:37] Forecast Rain Available hours: [6, 7, 8, 9, 10, 11, 12, 13, 14, 15, 16, 17, 18, 19, 20, 21, 22, 23, 24, 25, 26, 27, 28, 29]
[2026-05-19 09:52:37] Valid hours for sum: [12, 18, 24, 29]
[2026-05-19 09:52:40] Drought composite end date: 2022-10-02 06:00:00
[2026-05-19 09:52:40] Land cover year: 2021
[2026-05-19 09:52:41] VIIRS Veg composite: 2022-07-20 → 2022-08-05
[2026-05-19 09:52:46] Started export task: fire_171_dynamic_2022-10-04
[2026-05-19 09:52:47] ------ Processing date=2022-10-05 ------
[2026-05-19 09:52:47] Using viirs_af_path: viirs_af_path
[2026-05-19 09:52:47] VIIRS Image Date: ['2022-10-05 00:00:00']
[2026-05-19 09:52:47] Weather image size: 1
[2026-05-19 09:52:47] Forecast duration: 2022-10-06 00:00:00 to 2022-10-07 00:00:00
[2026-05-19 09:52:48] Number of forecast images: 24
[2026-05-19 09:52:48] Using forecast run: 2022-10-05 18:00:00 UTC
[2026-05-19 09:52:49] Forecast Rain Available hours: [6, 7, 8, 9, 10, 11, 12, 13, 14, 15, 16, 17, 18, 19, 20, 21, 22, 23, 24, 25, 26, 27, 28, 29]
[2026-05-19 09:52:49] Valid hours for sum: [12, 18, 24, 29]
[2026-05-19 09:52:51] Drought composite end date: 2022-10-02 06:00:00
[2026-05-19 09:52:51] Land cover year: 2021
[2026-05-19 09:52:52] VIIRS Veg composite: 2022-07-20 → 2022-08-05
[2026-05-19 09:52:56] Started export task: fire_171_dynamic_2022-10-05
[2026-05-19 09:52:57] ------ Processing date=2022-10-06 ------
[2026-05-19 09:52:57] Using viirs_af_path: viirs_af_path
[2026-05-19 09:52:57] VIIRS Image Date: ['2022-10-06 00:00:00']
[2026-05-19 09:52:57] Weather image size: 1
[2026-05-19 09:52:57] Forecast duration: 2022-10-07 00:00:00 to 2022-10-08 00:00:00
[2026-05-19 09:52:58] Number of forecast images: 24
[2026-05-19 09:52:58] Using forecast run: 2022-10-06 18:00:00 UTC
[2026-05-19 09:52:59] Forecast Rain Available hours: [6, 7, 8, 9, 10, 11, 12, 13, 14, 15, 16, 17, 18, 19, 20, 21, 22, 23, 24, 25, 26, 27, 28, 29]
[2026-05-19 09:52:59] Valid hours for sum: [12, 18, 24, 29]
[2026-05-19 09:53:02] Drought composite end date: 2022-10-02 06:00:00
[2026-05-19 09:53:02] Land cover year: 2021
[2026-05-19 09:53:03] VIIRS Veg composite: 2022-07-20 → 2022-08-05
[2026-05-19 09:53:06] Started export task: fire_171_dynamic_2022-10-06
[2026-05-19 09:53:06] ------ Processing date=2022-10-07 ------
[2026-05-19 09:53:06] Using viirs_af_path: viirs_af_path
[2026-05-19 09:53:07] VIIRS Image Date: ['2022-10-07 00:00:00']
[2026-05-19 09:53:07] Weather image size: 1
[2026-05-19 09:53:07] Forecast duration: 2022-10-08 00:00:00 to 2022-10-09 00:00:00
[2026-05-19 09:53:08] Number of forecast images: 24
[2026-05-19 09:53:08] Using forecast run: 2022-10-07 18:00:00 UTC
[2026-05-19 09:53:08] Forecast Rain Available hours: [6, 7, 8, 9, 10, 11, 12, 13, 14, 15, 16, 17, 18, 19, 20, 21, 22, 23, 24, 25, 26, 27, 28, 29]
[2026-05-19 09:53:08] Valid hours for sum: [12, 18, 24, 29]
[2026-05-19 09:53:10] Drought composite end date: 2022-10-02 06:00:00
[2026-05-19 09:53:10] Land cover year: 2021
[2026-05-19 09:53:11] VIIRS Veg composite: 2022-07-20 → 2022-08-05
[2026-05-19 09:53:15] Started export task: fire_171_dynamic_2022-10-07
[2026-05-19 09:53:15] ------ Processing date=2022-10-08 ------
[2026-05-19 09:53:15] Using viirs_af_path: viirs_af_path
[2026-05-19 09:53:16] VIIRS Image Date: ['2022-10-08 00:00:00']
[2026-05-19 09:53:16] Weather image size: 1
[2026-05-19 09:53:16] Forecast duration: 2022-10-09 00:00:00 to 2022-10-10 00:00:00
[2026-05-19 09:53:17] Number of forecast images: 24
[2026-05-19 09:53:17] Using forecast run: 2022-10-08 18:00:00 UTC
[2026-05-19 09:53:17] Forecast Rain Available hours: [6, 7, 8, 9, 10, 11, 12, 13, 14, 15, 16, 17, 18, 19, 20, 21, 22, 23, 24, 25, 26, 27, 28, 29]
[2026-05-19 09:53:17] Valid hours for sum: [12, 18, 24, 29]
[2026-05-19 09:53:20] Drought composite end date: 2022-10-07 06:00:00
[2026-05-19 09:53:20] Land cover year: 2021
[2026-05-19 09:53:21] VIIRS Veg composite: 2022-07-20 → 2022-08-05
[2026-05-19 09:53:24] Started export task: fire_171_dynamic_2022-10-08
[2026-05-19 09:53:25] ------ Processing date=2022-10-09 ------
[2026-05-19 09:53:25] Using viirs_af_path: viirs_af_path
[2026-05-19 09:53:25] VIIRS Image Date: ['2022-10-09 00:00:00']
[2026-05-19 09:53:25] Weather image size: 1
[2026-05-19 09:53:25] Forecast duration: 2022-10-10 00:00:00 to 2022-10-11 00:00:00
[2026-05-19 09:53:26] Number of forecast images: 24
[2026-05-19 09:53:26] Using forecast run: 2022-10-09 18:00:00 UTC
[2026-05-19 09:53:27] Forecast Rain Available hours: [6, 7, 8, 9, 10, 11, 12, 13, 14, 15, 16, 17, 18, 19, 20, 21, 22, 23, 24, 25, 26, 27, 28, 29]
[2026-05-19 09:53:27] Valid hours for sum: [12, 18, 24, 29]
[2026-05-19 09:53:29] Drought composite end date: 2022-10-07 06:00:00
[2026-05-19 09:53:29] Land cover year: 2021
[2026-05-19 09:53:30] VIIRS Veg composite: 2022-07-20 → 2022-08-05
[2026-05-19 09:53:34] Started export task: fire_171_dynamic_2022-10-09
[2026-05-19 09:53:34] ------ Processing date=2022-10-10 ------
[2026-05-19 09:53:34] Using viirs_af_path: viirs_af_path
[2026-05-19 09:53:34] VIIRS Image Date: ['2022-10-10 00:00:00']
[2026-05-19 09:53:35] Weather image size: 1
[2026-05-19 09:53:35] Forecast duration: 2022-10-11 00:00:00 to 2022-10-12 00:00:00
[2026-05-19 09:53:36] Number of forecast images: 24
[2026-05-19 09:53:36] Using forecast run: 2022-10-10 18:00:00 UTC
[2026-05-19 09:53:36] Forecast Rain Available hours: [6, 7, 8, 9, 10, 11, 12, 13, 14, 15, 16, 17, 18, 19, 20, 21, 22, 23, 24, 25, 26, 27, 28, 29]
[2026-05-19 09:53:36] Valid hours for sum: [12, 18, 24, 29]
[2026-05-19 09:53:38] Drought composite end date: 2022-10-07 06:00:00
[2026-05-19 09:53:38] Land cover year: 2021
[2026-05-19 09:53:39] VIIRS Veg composite: 2022-07-20 → 2022-08-05
[2026-05-19 09:53:43] Started export task: fire_171_dynamic_2022-10-10
[2026-05-19 09:53:43] ------ Processing date=2022-10-11 ------
[2026-05-19 09:53:43] Using viirs_af_path: viirs_af_path
[2026-05-19 09:53:44] VIIRS Image Date: ['2022-10-11 00:00:00']
[2026-05-19 09:53:44] Weather image size: 1
[2026-05-19 09:53:44] Forecast duration: 2022-10-12 00:00:00 to 2022-10-13 00:00:00
[2026-05-19 09:53:45] Number of forecast images: 24
[2026-05-19 09:53:45] Using forecast run: 2022-10-11 18:00:00 UTC
[2026-05-19 09:53:45] Forecast Rain Available hours: [6, 7, 8, 9, 10, 11, 12, 13, 14, 15, 16, 17, 18, 19, 20, 21, 22, 23, 24, 25, 26, 27, 28, 29]
[2026-05-19 09:53:45] Valid hours for sum: [12, 18, 24, 29]
[2026-05-19 09:53:47] Drought composite end date: 2022-10-07 06:00:00
[2026-05-19 09:53:47] Land cover year: 2021
[2026-05-19 09:53:48] VIIRS Veg composite: 2022-07-20 → 2022-08-05
[2026-05-19 09:53:51] Started export task: fire_171_dynamic_2022-10-11
[2026-05-19 09:53:51] ------ Processing date=2022-10-12 ------
[2026-05-19 09:53:51] Using viirs_af_path: viirs_af_path
[2026-05-19 09:53:52] VIIRS Image Date: ['2022-10-12 00:00:00']
[2026-05-19 09:53:52] Weather image size: 1
[2026-05-19 09:53:52] Forecast duration: 2022-10-13 00:00:00 to 2022-10-14 00:00:00
[2026-05-19 09:53:53] Number of forecast images: 24
[2026-05-19 09:53:53] Using forecast run: 2022-10-12 18:00:00 UTC
[2026-05-19 09:53:54] Forecast Rain Available hours: [6, 7, 8, 9, 10, 11, 12, 13, 14, 15, 16, 17, 18, 19, 20, 21, 22, 23, 24, 25, 26, 27, 28, 29]
[2026-05-19 09:53:54] Valid hours for sum: [12, 18, 24, 29]
[2026-05-19 09:53:56] Drought composite end date: 2022-10-07 06:00:00
[2026-05-19 09:53:56] Land cover year: 2021
[2026-05-19 09:53:57] VIIRS Veg composite: 2022-07-20 → 2022-08-05
[2026-05-19 09:54:02] Started export task: fire_171_dynamic_2022-10-12
[2026-05-19 09:54:03] ------ Processing date=2022-10-13 ------
[2026-05-19 09:54:03] Using viirs_af_path: viirs_af_path
[2026-05-19 09:54:03] VIIRS Image Date: ['2022-10-13 00:00:00']
[2026-05-19 09:54:03] Weather image size: 1
[2026-05-19 09:54:03] Forecast duration: 2022-10-14 00:00:00 to 2022-10-15 00:00:00
[2026-05-19 09:54:04] Number of forecast images: 24
[2026-05-19 09:54:04] Using forecast run: 2022-10-13 18:00:00 UTC
[2026-05-19 09:54:05] Forecast Rain Available hours: [6, 7, 8, 9, 10, 11, 12, 13, 14, 15, 16, 17, 18, 19, 20, 21, 22, 23, 24, 25, 26, 27, 28, 29]
[2026-05-19 09:54:05] Valid hours for sum: [12, 18, 24, 29]
[2026-05-19 09:54:07] Drought composite end date: 2022-10-12 06:00:00
[2026-05-19 09:54:07] Land cover year: 2021
[2026-05-19 09:54:08] VIIRS Veg composite: 2022-07-20 → 2022-08-05
[2026-05-19 09:54:11] Started export task: fire_171_dynamic_2022-10-13
[2026-05-19 09:54:12] ------ Processing date=2022-10-14 ------
[2026-05-19 09:54:12] Using viirs_af_path: viirs_af_path
[2026-05-19 09:54:12] VIIRS Image Date: ['2022-10-14 00:00:00']
[2026-05-19 09:54:12] Weather image size: 1
[2026-05-19 09:54:12] Forecast duration: 2022-10-15 00:00:00 to 2022-10-16 00:00:00
[2026-05-19 09:54:13] Number of forecast images: 24
[2026-05-19 09:54:13] Using forecast run: 2022-10-14 18:00:00 UTC
[2026-05-19 09:54:13] Forecast Rain Available hours: [6, 7, 8, 9, 10, 11, 12, 13, 14, 15, 16, 17, 18, 19, 20, 21, 22, 23, 24, 25, 26, 27, 28, 29]
[2026-05-19 09:54:13] Valid hours for sum: [12, 18, 24, 29]
[2026-05-19 09:54:15] Drought composite end date: 2022-10-12 06:00:00
[2026-05-19 09:54:15] Land cover year: 2021
[2026-05-19 09:54:16] VIIRS Veg composite: 2022-07-20 → 2022-08-05
[2026-05-19 09:54:20] Started export task: fire_171_dynamic_2022-10-14
[2026-05-19 09:54:20] ------ Processing date=2022-10-15 ------
[2026-05-19 09:54:20] Using viirs_af_path: viirs_af_path
[2026-05-19 09:54:20] VIIRS Image Date: ['2022-10-15 00:00:00']
[2026-05-19 09:54:20] Weather image size: 1
[2026-05-19 09:54:20] Forecast duration: 2022-10-16 00:00:00 to 2022-10-17 00:00:00
[2026-05-19 09:54:21] Number of forecast images: 24
[2026-05-19 09:54:21] Using forecast run: 2022-10-15 18:00:00 UTC
[2026-05-19 09:54:22] Forecast Rain Available hours: [6, 7, 8, 9, 10, 11, 12, 13, 14, 15, 16, 17, 18, 19, 20, 21, 22, 23, 24, 25, 26, 27, 28, 29]
[2026-05-19 09:54:22] Valid hours for sum: [12, 18, 24, 29]
[2026-05-19 09:54:24] Drought composite end date: 2022-10-12 06:00:00
[2026-05-19 09:54:24] Land cover year: 2021
[2026-05-19 09:54:25] VIIRS Veg composite: 2022-07-20 → 2022-08-05
[2026-05-19 09:54:28] Started export task: fire_171_dynamic_2022-10-15
[2026-05-19 09:54:28] ------ Processing date=2022-10-16 ------
[2026-05-19 09:54:28] Using viirs_af_path: viirs_af_path
[2026-05-19 09:54:29] VIIRS Image Date: ['2022-10-16 00:00:00']
[2026-05-19 09:54:29] Weather image size: 1
[2026-05-19 09:54:29] Forecast duration: 2022-10-17 00:00:00 to 2022-10-18 00:00:00
[2026-05-19 09:54:29] Number of forecast images: 24
[2026-05-19 09:54:29] Using forecast run: 2022-10-16 18:00:00 UTC
[2026-05-19 09:54:30] Forecast Rain Available hours: [6, 7, 8, 9, 10, 11, 12, 13, 14, 15, 16, 17, 18, 19, 20, 21, 22, 23, 24, 25, 26, 27, 28, 29]
[2026-05-19 09:54:30] Valid hours for sum: [12, 18, 24, 29]
[2026-05-19 09:54:31] Drought composite end date: 2022-10-12 06:00:00
[2026-05-19 09:54:32] Land cover year: 2021
[2026-05-19 09:54:32] VIIRS Veg composite: 2022-07-20 → 2022-08-05
[2026-05-19 09:54:35] Started export task: fire_171_dynamic_2022-10-16
[2026-05-19 09:54:36] ------ Processing date=2022-10-17 ------
[2026-05-19 09:54:36] Using viirs_af_path: viirs_af_path
[2026-05-19 09:54:36] VIIRS Image Date: ['2022-10-17 00:00:00']
[2026-05-19 09:54:36] Weather image size: 1
[2026-05-19 09:54:36] Forecast duration: 2022-10-18 00:00:00 to 2022-10-19 00:00:00
[2026-05-19 09:54:37] Number of forecast images: 24
[2026-05-19 09:54:37] Using forecast run: 2022-10-17 18:00:00 UTC
[2026-05-19 09:54:37] Forecast Rain Available hours: [6, 7, 8, 9, 10, 11, 12, 13, 14, 15, 16, 17, 18, 19, 20, 21, 22, 23, 24, 25, 26, 27, 28, 29]
[2026-05-19 09:54:37] Valid hours for sum: [12, 18, 24, 29]
[2026-05-19 09:54:40] Drought composite end date: 2022-10-12 06:00:00
[2026-05-19 09:54:41] Land cover year: 2021
[2026-05-19 09:54:41] VIIRS Veg composite: 2022-07-20 → 2022-08-05
[2026-05-19 09:54:45] Started export task: fire_171_dynamic_2022-10-17
[2026-05-19 09:54:46] ------ Processing date=2022-10-18 ------
[2026-05-19 09:54:46] Using viirs_af_path: viirs_af_path
[2026-05-19 09:54:46] VIIRS Image Date: ['2022-10-18 00:00:00']
[2026-05-19 09:54:46] Weather image size: 1
[2026-05-19 09:54:46] Forecast duration: 2022-10-19 00:00:00 to 2022-10-20 00:00:00
[2026-05-19 09:54:47] Number of forecast images: 24
[2026-05-19 09:54:47] Using forecast run: 2022-10-18 18:00:00 UTC
[2026-05-19 09:54:48] Forecast Rain Available hours: [6, 7, 8, 9, 10, 11, 12, 13, 14, 15, 16, 17, 18, 19, 20, 21, 22, 23, 24, 25, 26, 27, 28, 29]
[2026-05-19 09:54:48] Valid hours for sum: [12, 18, 24, 29]
[2026-05-19 09:54:50] Drought composite end date: 2022-10-17 06:00:00
[2026-05-19 09:54:50] Land cover year: 2021
[2026-05-19 09:54:52] VIIRS Veg composite: 2022-07-20 → 2022-08-05
[2026-05-19 09:54:54] Started export task: fire_171_dynamic_2022-10-18
[2026-05-19 09:54:55] ------ Processing date=2022-10-19 ------
[2026-05-19 09:54:55] Using viirs_af_path: viirs_af_path
[2026-05-19 09:54:55] VIIRS Image Date: ['2022-10-19 00:00:00']
[2026-05-19 09:54:55] Weather image size: 1
[2026-05-19 09:54:55] Forecast duration: 2022-10-20 00:00:00 to 2022-10-21 00:00:00
[2026-05-19 09:54:56] Number of forecast images: 24
[2026-05-19 09:54:56] Using forecast run: 2022-10-19 18:00:00 UTC
[2026-05-19 09:54:57] Forecast Rain Available hours: [6, 7, 8, 9, 10, 11, 12, 13, 14, 15, 16, 17, 18, 19, 20, 21, 22, 23, 24, 25, 26, 27, 28, 29]
[2026-05-19 09:54:57] Valid hours for sum: [12, 18, 24, 29]
[2026-05-19 09:54:58] Drought composite end date: 2022-10-17 06:00:00
[2026-05-19 09:54:58] Land cover year: 2021
[2026-05-19 09:54:59] VIIRS Veg composite: 2022-07-20 → 2022-08-05
[2026-05-19 09:55:02] Started export task: fire_171_dynamic_2022-10-19
[2026-05-19 09:55:02] ------ Processing date=2022-10-20 ------
[2026-05-19 09:55:02] Using viirs_af_path: viirs_af_path
[2026-05-19 09:55:02] VIIRS Image Date: ['2022-10-20 00:00:00']
[2026-05-19 09:55:02] Weather image size: 1
[2026-05-19 09:55:02] Forecast duration: 2022-10-21 00:00:00 to 2022-10-22 00:00:00
[2026-05-19 09:55:03] Number of forecast images: 24
[2026-05-19 09:55:03] Using forecast run: 2022-10-20 18:00:00 UTC
[2026-05-19 09:55:04] Forecast Rain Available hours: [6, 7, 8, 9, 10, 11, 12, 13, 14, 15, 16, 17, 18, 19, 20, 21, 22, 23, 24, 25, 26, 27, 28, 29]
[2026-05-19 09:55:04] Valid hours for sum: [12, 18, 24, 29]
[2026-05-19 09:55:07] Drought composite end date: 2022-10-17 06:00:00
[2026-05-19 09:55:07] Land cover year: 2021
[2026-05-19 09:55:08] VIIRS Veg composite: 2022-07-20 → 2022-08-05
[2026-05-19 09:55:12] Started export task: fire_171_dynamic_2022-10-20
[2026-05-19 09:55:13] ------ Processing date=2022-10-21 ------
[2026-05-19 09:55:13] Using viirs_af_path: viirs_af_path
[2026-05-19 09:55:13] VIIRS Image Date: ['2022-10-21 00:00:00']
[2026-05-19 09:55:13] Weather image size: 1
[2026-05-19 09:55:13] Forecast duration: 2022-10-22 00:00:00 to 2022-10-23 00:00:00
[2026-05-19 09:55:14] Number of forecast images: 24
[2026-05-19 09:55:14] Using forecast run: 2022-10-21 18:00:00 UTC
[2026-05-19 09:55:15] Forecast Rain Available hours: [6, 7, 8, 9, 10, 11, 12, 13, 14, 15, 16, 17, 18, 19, 20, 21, 22, 23, 24, 25, 26, 27, 28, 29]
[2026-05-19 09:55:15] Valid hours for sum: [12, 18, 24, 29]
[2026-05-19 09:55:17] Drought composite end date: 2022-10-17 06:00:00
[2026-05-19 09:55:17] Land cover year: 2021
[2026-05-19 09:55:19] VIIRS Veg composite: 2022-07-20 → 2022-08-05
[2026-05-19 09:55:21] Started export task: fire_171_dynamic_2022-10-21
[2026-05-19 09:55:22] ------ Processing date=2022-10-22 ------
[2026-05-19 09:55:22] Using viirs_af_path: viirs_af_path
[2026-05-19 09:55:22] VIIRS Image Date: ['2022-10-22 00:00:00']
[2026-05-19 09:55:22] Weather image size: 1
[2026-05-19 09:55:22] Forecast duration: 2022-10-23 00:00:00 to 2022-10-24 00:00:00
[2026-05-19 09:55:23] Number of forecast images: 24
[2026-05-19 09:55:23] Using forecast run: 2022-10-22 18:00:00 UTC
[2026-05-19 09:55:23] Forecast Rain Available hours: [6, 7, 8, 9, 10, 11, 12, 13, 14, 15, 16, 17, 18, 19, 20, 21, 22, 23, 24, 25, 26, 27, 28, 29]
[2026-05-19 09:55:23] Valid hours for sum: [12, 18, 24, 29]
[2026-05-19 09:55:26] Drought composite end date: 2022-10-17 06:00:00
[2026-05-19 09:55:26] Land cover year: 2021
[2026-05-19 09:55:27] VIIRS Veg composite: 2022-07-20 → 2022-08-05
[2026-05-19 09:55:31] Started export task: fire_171_dynamic_2022-10-22
[2026-05-19 09:55:31] END: ----------Event fire_171----------- (Duration: 13.58m)
[2026-05-19 09:55:31] START: ----------Event fire_172-----------
[2026-05-19 09:55:32] ------ Processing date=2022-08-04 ------
[2026-05-19 09:55:32] Using viirs_af_path: viirs_af_path
[2026-05-19 09:55:32] VIIRS Image Date: []
[2026-05-19 09:55:32] *** ERROR FLAG ***: VIIRS: no data for 2022-08-04, attempting interpolation...
[2026-05-19 09:55:36] VIIRS interpolation gap: 2022-07-26 → 2022-08-11 (16 days apart)
[2026-05-19 09:55:36] VIIRS interpolated: prev=2022-07-26, next=2022-08-11, weight=0.562
[2026-05-19 09:55:36] Weather image size: 1
[2026-05-19 09:55:36] Forecast duration: 2022-08-05 00:00:00 to 2022-08-06 00:00:00
[2026-05-19 09:55:37] Number of forecast images: 24
[2026-05-19 09:55:37] Using forecast run: 2022-08-04 18:00:00 UTC
[2026-05-19 09:55:38] Forecast Rain Available hours: [6, 7, 8, 9, 10, 11, 12, 13, 14, 15, 16, 17, 18, 19, 20, 21, 22, 23, 24, 25, 26, 27, 28, 29]
[2026-05-19 09:55:38] Valid hours for sum: [12, 18, 24, 29]
[2026-05-19 09:55:39] Drought composite end date: 2022-08-03 06:00:00
[2026-05-19 09:55:39] Land cover year: 2021
[2026-05-19 09:55:40] VIIRS Veg composite: 2022-07-20 → 2022-08-05
[2026-05-19 09:55:44] Started export task: fire_172_static
[2026-05-19 09:55:44] Started export task: fire_172_dynamic_2022-08-04
[2026-05-19 09:55:45] ------ Processing date=2022-08-05 ------
[2026-05-19 09:55:45] Using viirs_af_path: viirs_af_path
[2026-05-19 09:55:45] VIIRS Image Date: []
[2026-05-19 09:55:45] *** ERROR FLAG ***: VIIRS: no data for 2022-08-05, attempting interpolation...
[2026-05-19 09:55:48] VIIRS interpolation gap: 2022-07-26 → 2022-08-11 (16 days apart)
[2026-05-19 09:55:48] VIIRS interpolated: prev=2022-07-26, next=2022-08-11, weight=0.625
[2026-05-19 09:55:49] Weather image size: 1
[2026-05-19 09:55:49] Forecast duration: 2022-08-06 00:00:00 to 2022-08-07 00:00:00
[2026-05-19 09:55:49] Number of forecast images: 24
[2026-05-19 09:55:49] Using forecast run: 2022-08-05 18:00:00 UTC
[2026-05-19 09:55:50] Forecast Rain Available hours: [6, 7, 8, 9, 10, 11, 12, 13, 14, 15, 16, 17, 18, 19, 20, 21, 22, 23, 24, 25, 26, 27, 28, 29]
[2026-05-19 09:55:50] Valid hours for sum: [12, 18, 24, 29]
[2026-05-19 09:55:52] Drought composite end date: 2022-08-03 06:00:00
[2026-05-19 09:55:52] Land cover year: 2021
[2026-05-19 09:55:53] VIIRS Veg composite: 2022-07-20 → 2022-08-05
[2026-05-19 09:55:58] Started export task: fire_172_dynamic_2022-08-05
[2026-05-19 09:55:59] ------ Processing date=2022-08-06 ------
[2026-05-19 09:55:59] Using viirs_af_path: viirs_af_path
[2026-05-19 09:55:59] VIIRS Image Date: []
[2026-05-19 09:55:59] *** ERROR FLAG ***: VIIRS: no data for 2022-08-06, attempting interpolation...
[2026-05-19 09:56:03] *** ERROR FLAG ***: VIIRS: no valid image within 10 days BEFORE 2022-08-06 → assigning zeros
[2026-05-19 09:56:03] Weather image size: 1
[2026-05-19 09:56:03] Forecast duration: 2022-08-07 00:00:00 to 2022-08-08 00:00:00
[2026-05-19 09:56:05] Number of forecast images: 24
[2026-05-19 09:56:05] Using forecast run: 2022-08-06 18:00:00 UTC
[2026-05-19 09:56:05] Forecast Rain Available hours: [6, 7, 8, 9, 10, 11, 12, 13, 14, 15, 16, 17, 18, 19, 20, 21, 22, 23, 24, 25, 26, 27, 28, 29]
[2026-05-19 09:56:05] Valid hours for sum: [12, 18, 24, 29]
[2026-05-19 09:56:08] Drought composite end date: 2022-08-03 06:00:00
[2026-05-19 09:56:08] Land cover year: 2021
[2026-05-19 09:56:09] VIIRS Veg composite: 2022-07-20 → 2022-08-05
[2026-05-19 09:56:13] Started export task: fire_172_dynamic_2022-08-06
[2026-05-19 09:56:14] ------ Processing date=2022-08-07 ------
[2026-05-19 09:56:14] Using viirs_af_path: viirs_af_path
[2026-05-19 09:56:14] VIIRS Image Date: []
[2026-05-19 09:56:14] *** ERROR FLAG ***: VIIRS: no data for 2022-08-07, attempting interpolation...
[2026-05-19 09:56:18] *** ERROR FLAG ***: VIIRS: no valid image within 10 days BEFORE 2022-08-07 → assigning zeros
[2026-05-19 09:56:19] Weather image size: 1
[2026-05-19 09:56:19] Forecast duration: 2022-08-08 00:00:00 to 2022-08-09 00:00:00
[2026-05-19 09:56:20] Number of forecast images: 24
[2026-05-19 09:56:20] Using forecast run: 2022-08-07 18:00:00 UTC
[2026-05-19 09:56:21] Forecast Rain Available hours: [6, 7, 8, 9, 10, 11, 12, 13, 14, 15, 16, 17, 18, 19, 20, 21, 22, 23, 24, 25, 26, 27, 28, 29]
[2026-05-19 09:56:21] Valid hours for sum: [12, 18, 24, 29]
[2026-05-19 09:56:23] Drought composite end date: 2022-08-03 06:00:00
[2026-05-19 09:56:23] Land cover year: 2021
[2026-05-19 09:56:24] VIIRS Veg composite: 2022-07-20 → 2022-08-05
[2026-05-19 09:56:28] Started export task: fire_172_dynamic_2022-08-07
[2026-05-19 09:56:28] ------ Processing date=2022-08-08 ------
[2026-05-19 09:56:28] Using viirs_af_path: viirs_af_path
[2026-05-19 09:56:28] VIIRS Image Date: []
[2026-05-19 09:56:28] *** ERROR FLAG ***: VIIRS: no data for 2022-08-08, attempting interpolation...
[2026-05-19 09:56:31] *** ERROR FLAG ***: VIIRS: no valid image within 10 days BEFORE 2022-08-08 → assigning zeros
[2026-05-19 09:56:31] Weather image size: 1
[2026-05-19 09:56:31] Forecast duration: 2022-08-09 00:00:00 to 2022-08-10 00:00:00
[2026-05-19 09:56:32] Number of forecast images: 24
[2026-05-19 09:56:32] Using forecast run: 2022-08-08 18:00:00 UTC
[2026-05-19 09:56:33] Forecast Rain Available hours: [6, 7, 8, 9, 10, 11, 12, 13, 14, 15, 16, 17, 18, 19, 20, 21, 22, 23, 24, 25, 26, 27, 28, 29]
[2026-05-19 09:56:33] Valid hours for sum: [12, 18, 24, 29]
[2026-05-19 09:56:35] Drought composite end date: 2022-08-03 06:00:00
[2026-05-19 09:56:35] Land cover year: 2021
[2026-05-19 09:56:36] VIIRS Veg composite: 2022-07-20 → 2022-08-05
[2026-05-19 09:56:39] Started export task: fire_172_dynamic_2022-08-08
[2026-05-19 09:56:39] ------ Processing date=2022-08-09 ------
[2026-05-19 09:56:39] Using viirs_af_path: viirs_af_path
[2026-05-19 09:56:40] VIIRS Image Date: []
[2026-05-19 09:56:40] *** ERROR FLAG ***: VIIRS: no data for 2022-08-09, attempting interpolation...
[2026-05-19 09:56:43] *** ERROR FLAG ***: VIIRS: no valid image within 10 days BEFORE 2022-08-09 → assigning zeros
[2026-05-19 09:56:43] Weather image size: 1
[2026-05-19 09:56:43] Forecast duration: 2022-08-10 00:00:00 to 2022-08-11 00:00:00
[2026-05-19 09:56:44] Number of forecast images: 24
[2026-05-19 09:56:44] Using forecast run: 2022-08-09 18:00:00 UTC
[2026-05-19 09:56:44] Forecast Rain Available hours: [6, 7, 8, 9, 10, 11, 12, 13, 14, 15, 16, 17, 18, 19, 20, 21, 22, 23, 24, 25, 26, 27, 28, 29]
[2026-05-19 09:56:44] Valid hours for sum: [12, 18, 24, 29]
[2026-05-19 09:56:46] Drought composite end date: 2022-08-08 06:00:00
[2026-05-19 09:56:46] Land cover year: 2021
[2026-05-19 09:56:47] VIIRS Veg composite: 2022-07-20 → 2022-08-05
[2026-05-19 09:56:49] Started export task: fire_172_dynamic_2022-08-09
[2026-05-19 09:56:50] ------ Processing date=2022-08-10 ------
[2026-05-19 09:56:50] Using viirs_af_path: viirs_af_path
[2026-05-19 09:56:50] VIIRS Image Date: []
[2026-05-19 09:56:50] *** ERROR FLAG ***: VIIRS: no data for 2022-08-10, attempting interpolation...
[2026-05-19 09:56:53] *** ERROR FLAG ***: VIIRS: no valid image within 10 days BEFORE 2022-08-10 → assigning zeros
[2026-05-19 09:56:53] Weather image size: 1
[2026-05-19 09:56:53] Forecast duration: 2022-08-11 00:00:00 to 2022-08-12 00:00:00
[2026-05-19 09:56:54] Number of forecast images: 24
[2026-05-19 09:56:54] Using forecast run: 2022-08-10 18:00:00 UTC
[2026-05-19 09:56:54] Forecast Rain Available hours: [6, 7, 8, 9, 10, 11, 12, 13, 14, 15, 16, 17, 18, 19, 20, 21, 22, 23, 24, 25, 26, 27, 28, 29]
[2026-05-19 09:56:54] Valid hours for sum: [12, 18, 24, 29]
[2026-05-19 09:56:56] Drought composite end date: 2022-08-08 06:00:00
[2026-05-19 09:56:56] Land cover year: 2021
[2026-05-19 09:56:58] VIIRS Veg composite: 2022-07-20 → 2022-08-05
[2026-05-19 09:57:01] Started export task: fire_172_dynamic_2022-08-10
[2026-05-19 09:57:02] ------ Processing date=2022-08-11 ------
[2026-05-19 09:57:02] Using viirs_af_path: viirs_af_path
[2026-05-19 09:57:02] VIIRS Image Date: ['2022-08-11 00:00:00']
[2026-05-19 09:57:02] Weather image size: 1
[2026-05-19 09:57:02] Forecast duration: 2022-08-12 00:00:00 to 2022-08-13 00:00:00
[2026-05-19 09:57:03] Number of forecast images: 24
[2026-05-19 09:57:03] Using forecast run: 2022-08-11 18:00:00 UTC
[2026-05-19 09:57:04] Forecast Rain Available hours: [6, 7, 8, 9, 10, 11, 12, 13, 14, 15, 16, 17, 18, 19, 20, 21, 22, 23, 24, 25, 26, 27, 28, 29]
[2026-05-19 09:57:04] Valid hours for sum: [12, 18, 24, 29]
[2026-05-19 09:57:06] Drought composite end date: 2022-08-08 06:00:00
[2026-05-19 09:57:07] Land cover year: 2021
[2026-05-19 09:57:07] VIIRS Veg composite: 2022-07-20 → 2022-08-05
[2026-05-19 09:57:10] Started export task: fire_172_dynamic_2022-08-11
[2026-05-19 09:57:11] ------ Processing date=2022-08-12 ------
[2026-05-19 09:57:11] Using viirs_af_path: viirs_af_path
[2026-05-19 09:57:11] VIIRS Image Date: ['2022-08-12 00:00:00']
[2026-05-19 09:57:11] Weather image size: 1
[2026-05-19 09:57:11] Forecast duration: 2022-08-13 00:00:00 to 2022-08-14 00:00:00
[2026-05-19 09:57:12] Number of forecast images: 24
[2026-05-19 09:57:12] Using forecast run: 2022-08-12 18:00:00 UTC
[2026-05-19 09:57:12] Forecast Rain Available hours: [6, 7, 8, 9, 10, 11, 12, 13, 14, 15, 16, 17, 18, 19, 20, 21, 22, 23, 24, 25, 26, 27, 28, 29]
[2026-05-19 09:57:12] Valid hours for sum: [12, 18, 24, 29]
[2026-05-19 09:57:15] Drought composite end date: 2022-08-08 06:00:00
[2026-05-19 09:57:15] Land cover year: 2021
[2026-05-19 09:57:16] VIIRS Veg composite: 2022-07-20 → 2022-08-05
[2026-05-19 09:57:19] Started export task: fire_172_dynamic_2022-08-12
[2026-05-19 09:57:20] ------ Processing date=2022-08-13 ------
[2026-05-19 09:57:20] Using viirs_af_path: viirs_af_path
[2026-05-19 09:57:20] VIIRS Image Date: ['2022-08-13 00:00:00']
[2026-05-19 09:57:20] Weather image size: 1
[2026-05-19 09:57:20] Forecast duration: 2022-08-14 00:00:00 to 2022-08-15 00:00:00
[2026-05-19 09:57:21] Number of forecast images: 24
[2026-05-19 09:57:21] Using forecast run: 2022-08-13 18:00:00 UTC
[2026-05-19 09:57:21] Forecast Rain Available hours: [6, 7, 8, 9, 10, 11, 12, 13, 14, 15, 16, 17, 18, 19, 20, 21, 22, 23, 24, 25, 26, 27, 28, 29]
[2026-05-19 09:57:21] Valid hours for sum: [12, 18, 24, 29]
[2026-05-19 09:57:24] Drought composite end date: 2022-08-08 06:00:00
[2026-05-19 09:57:24] Land cover year: 2021
[2026-05-19 09:57:25] VIIRS Veg composite: 2022-07-20 → 2022-08-05
[2026-05-19 09:57:30] Started export task: fire_172_dynamic_2022-08-13
[2026-05-19 09:57:30] ------ Processing date=2022-08-14 ------
[2026-05-19 09:57:30] Using viirs_af_path: viirs_af_path
[2026-05-19 09:57:30] VIIRS Image Date: ['2022-08-14 00:00:00']
[2026-05-19 09:57:31] Weather image size: 1
[2026-05-19 09:57:31] Forecast duration: 2022-08-15 00:00:00 to 2022-08-16 00:00:00
[2026-05-19 09:57:31] Number of forecast images: 24
[2026-05-19 09:57:31] Using forecast run: 2022-08-14 18:00:00 UTC
[2026-05-19 09:57:32] Forecast Rain Available hours: [6, 7, 8, 9, 10, 11, 12, 13, 14, 15, 16, 17, 18, 19, 20, 21, 22, 23, 24, 25, 26, 27, 28, 29]
[2026-05-19 09:57:32] Valid hours for sum: [12, 18, 24, 29]
[2026-05-19 09:57:34] Drought composite end date: 2022-08-13 06:00:00
[2026-05-19 09:57:34] Land cover year: 2021
[2026-05-19 09:57:35] VIIRS Veg composite: 2022-07-20 → 2022-08-05
[2026-05-19 09:57:39] Started export task: fire_172_dynamic_2022-08-14
[2026-05-19 09:57:39] ------ Processing date=2022-08-15 ------
[2026-05-19 09:57:39] Using viirs_af_path: viirs_af_path
[2026-05-19 09:57:39] VIIRS Image Date: ['2022-08-15 00:00:00']
[2026-05-19 09:57:40] Weather image size: 1
[2026-05-19 09:57:40] Forecast duration: 2022-08-16 00:00:00 to 2022-08-17 00:00:00
[2026-05-19 09:57:40] Number of forecast images: 24
[2026-05-19 09:57:40] Using forecast run: 2022-08-15 18:00:00 UTC
[2026-05-19 09:57:41] Forecast Rain Available hours: [6, 7, 8, 9, 10, 11, 12, 13, 14, 15, 16, 17, 18, 19, 20, 21, 22, 23, 24, 25, 26, 27, 28, 29]
[2026-05-19 09:57:41] Valid hours for sum: [12, 18, 24, 29]
[2026-05-19 09:57:43] Drought composite end date: 2022-08-13 06:00:00
[2026-05-19 09:57:44] Land cover year: 2021
[2026-05-19 09:57:44] VIIRS Veg composite: 2022-07-20 → 2022-08-05
[2026-05-19 09:57:47] Started export task: fire_172_dynamic_2022-08-15
[2026-05-19 09:57:48] ------ Processing date=2022-08-16 ------
[2026-05-19 09:57:48] Using viirs_af_path: viirs_af_path
[2026-05-19 09:57:48] VIIRS Image Date: ['2022-08-16 00:00:00']
[2026-05-19 09:57:48] Weather image size: 1
[2026-05-19 09:57:48] Forecast duration: 2022-08-17 00:00:00 to 2022-08-18 00:00:00
[2026-05-19 09:57:49] Number of forecast images: 24
[2026-05-19 09:57:49] Using forecast run: 2022-08-16 18:00:00 UTC
[2026-05-19 09:57:49] Forecast Rain Available hours: [6, 7, 8, 9, 10, 11, 12, 13, 14, 15, 16, 17, 18, 19, 20, 21, 22, 23, 24, 25, 26, 27, 28, 29]
[2026-05-19 09:57:49] Valid hours for sum: [12, 18, 24, 29]
[2026-05-19 09:57:52] Drought composite end date: 2022-08-13 06:00:00
[2026-05-19 09:57:52] Land cover year: 2021
[2026-05-19 09:57:53] VIIRS Veg composite: 2022-07-20 → 2022-08-05
[2026-05-19 09:57:55] Started export task: fire_172_dynamic_2022-08-16
[2026-05-19 09:57:56] ------ Processing date=2022-08-17 ------
[2026-05-19 09:57:56] Using viirs_af_path: viirs_af_path
[2026-05-19 09:57:56] VIIRS Image Date: ['2022-08-17 00:00:00']
[2026-05-19 09:57:56] Weather image size: 1
[2026-05-19 09:57:56] Forecast duration: 2022-08-18 00:00:00 to 2022-08-19 00:00:00
[2026-05-19 09:57:57] Number of forecast images: 24
[2026-05-19 09:57:57] Using forecast run: 2022-08-17 18:00:00 UTC
[2026-05-19 09:57:58] Forecast Rain Available hours: [6, 7, 8, 9, 10, 11, 12, 13, 14, 15, 16, 17, 18, 19, 20, 21, 22, 23, 24, 25, 26, 27, 28, 29]
[2026-05-19 09:57:58] Valid hours for sum: [12, 18, 24, 29]
[2026-05-19 09:57:59] Drought composite end date: 2022-08-13 06:00:00
[2026-05-19 09:58:00] Land cover year: 2021
[2026-05-19 09:58:01] VIIRS Veg composite: 2022-07-20 → 2022-08-05
[2026-05-19 09:58:04] Started export task: fire_172_dynamic_2022-08-17
[2026-05-19 09:58:04] ------ Processing date=2022-08-18 ------
[2026-05-19 09:58:04] Using viirs_af_path: viirs_af_path
[2026-05-19 09:58:04] VIIRS Image Date: ['2022-08-18 00:00:00']
[2026-05-19 09:58:04] Weather image size: 1
[2026-05-19 09:58:04] Forecast duration: 2022-08-19 00:00:00 to 2022-08-20 00:00:00
[2026-05-19 09:58:05] Number of forecast images: 24
[2026-05-19 09:58:05] Using forecast run: 2022-08-18 18:00:00 UTC
[2026-05-19 09:58:06] Forecast Rain Available hours: [6, 7, 8, 9, 10, 11, 12, 13, 14, 15, 16, 17, 18, 19, 20, 21, 22, 23, 24, 25, 26, 27, 28, 29]
[2026-05-19 09:58:06] Valid hours for sum: [12, 18, 24, 29]
[2026-05-19 09:58:08] Drought composite end date: 2022-08-13 06:00:00
[2026-05-19 09:58:09] Land cover year: 2021
[2026-05-19 09:58:09] VIIRS Veg composite: 2022-07-20 → 2022-08-05
[2026-05-19 09:58:12] Started export task: fire_172_dynamic_2022-08-18
[2026-05-19 09:58:12] ------ Processing date=2022-08-19 ------
[2026-05-19 09:58:12] Using viirs_af_path: viirs_af_path
[2026-05-19 09:58:12] VIIRS Image Date: ['2022-08-19 00:00:00']
[2026-05-19 09:58:13] Weather image size: 1
[2026-05-19 09:58:13] Forecast duration: 2022-08-20 00:00:00 to 2022-08-21 00:00:00
[2026-05-19 09:58:13] Number of forecast images: 24
[2026-05-19 09:58:13] Using forecast run: 2022-08-19 18:00:00 UTC
[2026-05-19 09:58:14] Forecast Rain Available hours: [6, 7, 8, 9, 10, 11, 12, 13, 14, 15, 16, 17, 18, 19, 20, 21, 22, 23, 24, 25, 26, 27, 28, 29]
[2026-05-19 09:58:14] Valid hours for sum: [12, 18, 24, 29]
[2026-05-19 09:58:16] Drought composite end date: 2022-08-18 06:00:00
[2026-05-19 09:58:16] Land cover year: 2021
[2026-05-19 09:58:17] VIIRS Veg composite: 2022-07-20 → 2022-08-05
[2026-05-19 09:58:21] Started export task: fire_172_dynamic_2022-08-19
[2026-05-19 09:58:21] ------ Processing date=2022-08-20 ------
[2026-05-19 09:58:21] Using viirs_af_path: viirs_af_path
[2026-05-19 09:58:21] VIIRS Image Date: ['2022-08-20 00:00:00']
[2026-05-19 09:58:22] Weather image size: 1
[2026-05-19 09:58:22] Forecast duration: 2022-08-21 00:00:00 to 2022-08-22 00:00:00
[2026-05-19 09:58:23] Number of forecast images: 24
[2026-05-19 09:58:23] Using forecast run: 2022-08-20 18:00:00 UTC
[2026-05-19 09:58:23] Forecast Rain Available hours: [6, 7, 8, 9, 10, 11, 12, 13, 14, 15, 16, 17, 18, 19, 20, 21, 22, 23, 24, 25, 26, 27, 28, 29]
[2026-05-19 09:58:23] Valid hours for sum: [12, 18, 24, 29]
[2026-05-19 09:58:25] Drought composite end date: 2022-08-18 06:00:00
[2026-05-19 09:58:25] Land cover year: 2021
[2026-05-19 09:58:26] VIIRS Veg composite: 2022-07-20 → 2022-08-05
[2026-05-19 09:58:31] Started export task: fire_172_dynamic_2022-08-20
[2026-05-19 09:58:31] ------ Processing date=2022-08-21 ------
[2026-05-19 09:58:31] Using viirs_af_path: viirs_af_path
[2026-05-19 09:58:32] VIIRS Image Date: ['2022-08-21 00:00:00']
[2026-05-19 09:58:32] Weather image size: 1
[2026-05-19 09:58:32] Forecast duration: 2022-08-22 00:00:00 to 2022-08-23 00:00:00
[2026-05-19 09:58:33] Number of forecast images: 24
[2026-05-19 09:58:33] Using forecast run: 2022-08-21 18:00:00 UTC
[2026-05-19 09:58:34] Forecast Rain Available hours: [6, 7, 8, 9, 10, 11, 12, 13, 14, 15, 16, 17, 18, 19, 20, 21, 22, 23, 24, 25, 26, 27, 28, 29]
[2026-05-19 09:58:34] Valid hours for sum: [12, 18, 24, 29]
[2026-05-19 09:58:36] Drought composite end date: 2022-08-18 06:00:00
[2026-05-19 09:58:36] Land cover year: 2021
[2026-05-19 09:58:37] VIIRS Veg composite: 2022-07-20 → 2022-08-05
[2026-05-19 09:58:45] Started export task: fire_172_dynamic_2022-08-21
[2026-05-19 09:58:45] ------ Processing date=2022-08-22 ------
[2026-05-19 09:58:45] Using viirs_af_path: viirs_af_path
[2026-05-19 09:58:45] VIIRS Image Date: ['2022-08-22 00:00:00']
[2026-05-19 09:58:45] Weather image size: 1
[2026-05-19 09:58:45] Forecast duration: 2022-08-23 00:00:00 to 2022-08-24 00:00:00
[2026-05-19 09:58:46] Number of forecast images: 24
[2026-05-19 09:58:46] Using forecast run: 2022-08-22 18:00:00 UTC
[2026-05-19 09:58:47] Forecast Rain Available hours: [6, 7, 8, 9, 10, 11, 12, 13, 14, 15, 16, 17, 18, 19, 20, 21, 22, 23, 24, 25, 26, 27, 28, 29]
[2026-05-19 09:58:47] Valid hours for sum: [12, 18, 24, 29]
[2026-05-19 09:58:48] Drought composite end date: 2022-08-18 06:00:00
[2026-05-19 09:58:48] Land cover year: 2021
[2026-05-19 09:58:49] VIIRS Veg composite: 2022-07-20 → 2022-08-05
[2026-05-19 09:58:53] Started export task: fire_172_dynamic_2022-08-22
[2026-05-19 09:58:54] ------ Processing date=2022-08-23 ------
[2026-05-19 09:58:54] Using viirs_af_path: viirs_af_path
[2026-05-19 09:58:54] VIIRS Image Date: ['2022-08-23 00:00:00']
[2026-05-19 09:58:54] Weather image size: 1
[2026-05-19 09:58:54] Forecast duration: 2022-08-24 00:00:00 to 2022-08-25 00:00:00
[2026-05-19 09:58:55] Number of forecast images: 24
[2026-05-19 09:58:55] Using forecast run: 2022-08-23 18:00:00 UTC
[2026-05-19 09:58:56] Forecast Rain Available hours: [6, 7, 8, 9, 10, 11, 12, 13, 14, 15, 16, 17, 18, 19, 20, 21, 22, 23, 24, 25, 26, 27, 28, 29]
[2026-05-19 09:58:56] Valid hours for sum: [12, 18, 24, 29]
[2026-05-19 09:58:58] Drought composite end date: 2022-08-18 06:00:00
[2026-05-19 09:58:58] Land cover year: 2021
[2026-05-19 09:58:59] VIIRS Veg composite: 2022-07-20 → 2022-08-05
[2026-05-19 09:59:03] Started export task: fire_172_dynamic_2022-08-23
[2026-05-19 09:59:03] ------ Processing date=2022-08-24 ------
[2026-05-19 09:59:03] Using viirs_af_path: viirs_af_path
[2026-05-19 09:59:03] VIIRS Image Date: ['2022-08-24 00:00:00']
[2026-05-19 09:59:04] Weather image size: 1
[2026-05-19 09:59:04] Forecast duration: 2022-08-25 00:00:00 to 2022-08-26 00:00:00
[2026-05-19 09:59:04] Number of forecast images: 24
[2026-05-19 09:59:04] Using forecast run: 2022-08-24 18:00:00 UTC
[2026-05-19 09:59:05] Forecast Rain Available hours: [6, 7, 8, 9, 10, 11, 12, 13, 14, 15, 16, 17, 18, 19, 20, 21, 22, 23, 24, 25, 26, 27, 28, 29]
[2026-05-19 09:59:05] Valid hours for sum: [12, 18, 24, 29]
[2026-05-19 09:59:07] Drought composite end date: 2022-08-23 06:00:00
[2026-05-19 09:59:07] Land cover year: 2021
[2026-05-19 09:59:08] VIIRS Veg composite: 2022-07-20 → 2022-08-05
[2026-05-19 09:59:11] Started export task: fire_172_dynamic_2022-08-24
[2026-05-19 09:59:11] ------ Processing date=2022-08-25 ------
[2026-05-19 09:59:11] Using viirs_af_path: viirs_af_path
[2026-05-19 09:59:11] VIIRS Image Date: ['2022-08-25 00:00:00']
[2026-05-19 09:59:11] Weather image size: 1
[2026-05-19 09:59:11] Forecast duration: 2022-08-26 00:00:00 to 2022-08-27 00:00:00
[2026-05-19 09:59:12] Number of forecast images: 24
[2026-05-19 09:59:12] Using forecast run: 2022-08-25 18:00:00 UTC
[2026-05-19 09:59:13] Forecast Rain Available hours: [6, 7, 8, 9, 10, 11, 12, 13, 14, 15, 16, 17, 18, 19, 20, 21, 22, 23, 24, 25, 26, 27, 28, 29]
[2026-05-19 09:59:13] Valid hours for sum: [12, 18, 24, 29]
[2026-05-19 09:59:14] Drought composite end date: 2022-08-23 06:00:00
[2026-05-19 09:59:15] Land cover year: 2021
[2026-05-19 09:59:15] VIIRS Veg composite: 2022-07-20 → 2022-08-05
[2026-05-19 09:59:19] Started export task: fire_172_dynamic_2022-08-25
[2026-05-19 09:59:19] ------ Processing date=2022-08-26 ------
[2026-05-19 09:59:19] Using viirs_af_path: viirs_af_path
[2026-05-19 09:59:20] VIIRS Image Date: ['2022-08-26 00:00:00']
[2026-05-19 09:59:20] Weather image size: 1
[2026-05-19 09:59:20] Forecast duration: 2022-08-27 00:00:00 to 2022-08-28 00:00:00
[2026-05-19 09:59:21] Number of forecast images: 23
[2026-05-19 09:59:21] Using forecast run: 2022-08-26 18:00:00 UTC
[2026-05-19 09:59:21] Forecast Rain Available hours: [6, 7, 8, 9, 10, 11, 12, 13, 15, 16, 17, 18, 19, 20, 21, 22, 23, 24, 25, 26, 27, 28, 29]
[2026-05-19 09:59:21] Valid hours for sum: [12, 18, 24, 29]
[2026-05-19 09:59:23] Drought composite end date: 2022-08-23 06:00:00
[2026-05-19 09:59:23] Land cover year: 2021
[2026-05-19 09:59:24] VIIRS Veg composite: 2022-07-20 → 2022-08-05
[2026-05-19 09:59:27] Started export task: fire_172_dynamic_2022-08-26
[2026-05-19 09:59:27] ------ Processing date=2022-08-27 ------
[2026-05-19 09:59:27] Using viirs_af_path: viirs_af_path
[2026-05-19 09:59:28] VIIRS Image Date: ['2022-08-27 00:00:00']
[2026-05-19 09:59:28] Weather image size: 1
[2026-05-19 09:59:28] Forecast duration: 2022-08-28 00:00:00 to 2022-08-29 00:00:00
[2026-05-19 09:59:29] Number of forecast images: 24
[2026-05-19 09:59:29] Using forecast run: 2022-08-27 18:00:00 UTC
[2026-05-19 09:59:30] Forecast Rain Available hours: [6, 7, 8, 9, 10, 11, 12, 13, 14, 15, 16, 17, 18, 19, 20, 21, 22, 23, 24, 25, 26, 27, 28, 29]
[2026-05-19 09:59:30] Valid hours for sum: [12, 18, 24, 29]
[2026-05-19 09:59:31] Drought composite end date: 2022-08-23 06:00:00
[2026-05-19 09:59:31] Land cover year: 2021
[2026-05-19 09:59:32] VIIRS Veg composite: 2022-07-20 → 2022-08-05
[2026-05-19 09:59:36] Started export task: fire_172_dynamic_2022-08-27
[2026-05-19 09:59:37] ------ Processing date=2022-08-28 ------
[2026-05-19 09:59:37] Using viirs_af_path: viirs_af_path
[2026-05-19 09:59:37] VIIRS Image Date: ['2022-08-28 00:00:00']
[2026-05-19 09:59:37] Weather image size: 1
[2026-05-19 09:59:37] Forecast duration: 2022-08-29 00:00:00 to 2022-08-30 00:00:00
[2026-05-19 09:59:38] Number of forecast images: 23
[2026-05-19 09:59:38] Using forecast run: 2022-08-28 18:00:00 UTC
[2026-05-19 09:59:39] Forecast Rain Available hours: [6, 7, 8, 9, 10, 11, 12, 13, 14, 16, 17, 18, 19, 20, 21, 22, 23, 24, 25, 26, 27, 28, 29]
[2026-05-19 09:59:39] Valid hours for sum: [12, 18, 24, 29]
[2026-05-19 09:59:40] Drought composite end date: 2022-08-23 06:00:00
[2026-05-19 09:59:41] Land cover year: 2021
[2026-05-19 09:59:42] VIIRS Veg composite: 2022-07-20 → 2022-08-05
[2026-05-19 09:59:45] Started export task: fire_172_dynamic_2022-08-28
[2026-05-19 09:59:45] ------ Processing date=2022-08-29 ------
[2026-05-19 09:59:45] Using viirs_af_path: viirs_af_path
[2026-05-19 09:59:45] VIIRS Image Date: ['2022-08-29 00:00:00']
[2026-05-19 09:59:46] Weather image size: 1
[2026-05-19 09:59:46] Forecast duration: 2022-08-30 00:00:00 to 2022-08-31 00:00:00
[2026-05-19 09:59:46] Number of forecast images: 24
[2026-05-19 09:59:46] Using forecast run: 2022-08-29 18:00:00 UTC
[2026-05-19 09:59:47] Forecast Rain Available hours: [6, 7, 8, 9, 10, 11, 12, 13, 14, 15, 16, 17, 18, 19, 20, 21, 22, 23, 24, 25, 26, 27, 28, 29]
[2026-05-19 09:59:47] Valid hours for sum: [12, 18, 24, 29]
[2026-05-19 09:59:49] Drought composite end date: 2022-08-28 06:00:00
[2026-05-19 09:59:49] Land cover year: 2021
[2026-05-19 09:59:50] VIIRS Veg composite: 2022-07-20 → 2022-08-05
[2026-05-19 09:59:53] Started export task: fire_172_dynamic_2022-08-29
[2026-05-19 09:59:53] ------ Processing date=2022-08-30 ------
[2026-05-19 09:59:53] Using viirs_af_path: viirs_af_path
[2026-05-19 09:59:53] VIIRS Image Date: ['2022-08-30 00:00:00']
[2026-05-19 09:59:53] Weather image size: 1
[2026-05-19 09:59:53] Forecast duration: 2022-08-31 00:00:00 to 2022-09-01 00:00:00
[2026-05-19 09:59:54] Number of forecast images: 24
[2026-05-19 09:59:54] Using forecast run: 2022-08-30 18:00:00 UTC
[2026-05-19 09:59:55] Forecast Rain Available hours: [6, 7, 8, 9, 10, 11, 12, 13, 14, 15, 16, 17, 18, 19, 20, 21, 22, 23, 24, 25, 26, 27, 28, 29]
[2026-05-19 09:59:55] Valid hours for sum: [12, 18, 24, 29]
[2026-05-19 09:59:57] Drought composite end date: 2022-08-28 06:00:00
[2026-05-19 09:59:57] Land cover year: 2021
[2026-05-19 09:59:58] VIIRS Veg composite: 2022-07-20 → 2022-08-05
[2026-05-19 10:00:01] Started export task: fire_172_dynamic_2022-08-30
[2026-05-19 10:00:02] ------ Processing date=2022-08-31 ------
[2026-05-19 10:00:02] Using viirs_af_path: viirs_af_path
[2026-05-19 10:00:02] VIIRS Image Date: ['2022-08-31 00:00:00']
[2026-05-19 10:00:02] Weather image size: 1
[2026-05-19 10:00:02] Forecast duration: 2022-09-01 00:00:00 to 2022-09-02 00:00:00
[2026-05-19 10:00:03] Number of forecast images: 24
[2026-05-19 10:00:03] Using forecast run: 2022-08-31 18:00:00 UTC
[2026-05-19 10:00:04] Forecast Rain Available hours: [6, 7, 8, 9, 10, 11, 12, 13, 14, 15, 16, 17, 18, 19, 20, 21, 22, 23, 24, 25, 26, 27, 28, 29]
[2026-05-19 10:00:04] Valid hours for sum: [12, 18, 24, 29]
[2026-05-19 10:00:06] Drought composite end date: 2022-08-28 06:00:00
[2026-05-19 10:00:06] Land cover year: 2021
[2026-05-19 10:00:07] VIIRS Veg composite: 2022-07-20 → 2022-08-05
[2026-05-19 10:00:10] Started export task: fire_172_dynamic_2022-08-31
[2026-05-19 10:00:10] ------ Processing date=2022-09-01 ------
[2026-05-19 10:00:10] Using viirs_af_path: viirs_af_path
[2026-05-19 10:00:10] VIIRS Image Date: ['2022-09-01 00:00:00']
[2026-05-19 10:00:10] Weather image size: 1
[2026-05-19 10:00:10] Forecast duration: 2022-09-02 00:00:00 to 2022-09-03 00:00:00
[2026-05-19 10:00:11] Number of forecast images: 23
[2026-05-19 10:00:11] Using forecast run: 2022-09-01 18:00:00 UTC
[2026-05-19 10:00:12] Forecast Rain Available hours: [6, 7, 8, 9, 10, 11, 12, 13, 14, 15, 16, 17, 18, 20, 21, 22, 23, 24, 25, 26, 27, 28, 29]
[2026-05-19 10:00:12] Valid hours for sum: [12, 18, 24, 29]
[2026-05-19 10:00:13] Drought composite end date: 2022-08-28 06:00:00
[2026-05-19 10:00:14] Land cover year: 2021
[2026-05-19 10:00:14] VIIRS Veg composite: 2022-07-20 → 2022-08-05
[2026-05-19 10:00:19] Started export task: fire_172_dynamic_2022-09-01
[2026-05-19 10:00:19] ------ Processing date=2022-09-02 ------
[2026-05-19 10:00:19] Using viirs_af_path: viirs_af_path
[2026-05-19 10:00:19] VIIRS Image Date: ['2022-09-02 00:00:00']
[2026-05-19 10:00:20] Weather image size: 1
[2026-05-19 10:00:20] Forecast duration: 2022-09-03 00:00:00 to 2022-09-04 00:00:00
[2026-05-19 10:00:21] Number of forecast images: 24
[2026-05-19 10:00:21] Using forecast run: 2022-09-02 18:00:00 UTC
[2026-05-19 10:00:21] Forecast Rain Available hours: [6, 7, 8, 9, 10, 11, 12, 13, 14, 15, 16, 17, 18, 19, 20, 21, 22, 23, 24, 25, 26, 27, 28, 29]
[2026-05-19 10:00:21] Valid hours for sum: [12, 18, 24, 29]
[2026-05-19 10:00:24] Drought composite end date: 2022-08-28 06:00:00
[2026-05-19 10:00:24] Land cover year: 2021
[2026-05-19 10:00:25] VIIRS Veg composite: 2022-07-20 → 2022-08-05
[2026-05-19 10:00:28] Started export task: fire_172_dynamic_2022-09-02
[2026-05-19 10:00:28] ------ Processing date=2022-09-03 ------
[2026-05-19 10:00:28] Using viirs_af_path: viirs_af_path
[2026-05-19 10:00:28] VIIRS Image Date: ['2022-09-03 00:00:00']
[2026-05-19 10:00:29] Weather image size: 1
[2026-05-19 10:00:29] Forecast duration: 2022-09-04 00:00:00 to 2022-09-05 00:00:00
[2026-05-19 10:00:30] Number of forecast images: 24
[2026-05-19 10:00:30] Using forecast run: 2022-09-03 18:00:00 UTC
[2026-05-19 10:00:30] Forecast Rain Available hours: [6, 7, 8, 9, 10, 11, 12, 13, 14, 15, 16, 17, 18, 19, 20, 21, 22, 23, 24, 25, 26, 27, 28, 29]
[2026-05-19 10:00:30] Valid hours for sum: [12, 18, 24, 29]
[2026-05-19 10:00:32] Drought composite end date: 2022-09-02 06:00:00
[2026-05-19 10:00:33] Land cover year: 2021
[2026-05-19 10:00:33] VIIRS Veg composite: 2022-07-20 → 2022-08-05
[2026-05-19 10:00:38] Started export task: fire_172_dynamic_2022-09-03
[2026-05-19 10:00:38] ------ Processing date=2022-09-04 ------
[2026-05-19 10:00:38] Using viirs_af_path: viirs_af_path
[2026-05-19 10:00:39] VIIRS Image Date: ['2022-09-04 00:00:00']
[2026-05-19 10:00:39] Weather image size: 1
[2026-05-19 10:00:39] Forecast duration: 2022-09-05 00:00:00 to 2022-09-06 00:00:00
[2026-05-19 10:00:40] Number of forecast images: 24
[2026-05-19 10:00:40] Using forecast run: 2022-09-04 18:00:00 UTC
[2026-05-19 10:00:40] Forecast Rain Available hours: [6, 7, 8, 9, 10, 11, 12, 13, 14, 15, 16, 17, 18, 19, 20, 21, 22, 23, 24, 25, 26, 27, 28, 29]
[2026-05-19 10:00:40] Valid hours for sum: [12, 18, 24, 29]
[2026-05-19 10:00:43] Drought composite end date: 2022-09-02 06:00:00
[2026-05-19 10:00:43] Land cover year: 2021
[2026-05-19 10:00:45] VIIRS Veg composite: 2022-07-20 → 2022-08-05
[2026-05-19 10:00:49] Started export task: fire_172_dynamic_2022-09-04
[2026-05-19 10:00:49] ------ Processing date=2022-09-05 ------
[2026-05-19 10:00:49] Using viirs_af_path: viirs_af_path
[2026-05-19 10:00:49] VIIRS Image Date: ['2022-09-05 00:00:00']
[2026-05-19 10:00:49] Weather image size: 1
[2026-05-19 10:00:49] Forecast duration: 2022-09-06 00:00:00 to 2022-09-07 00:00:00
[2026-05-19 10:00:50] Number of forecast images: 24
[2026-05-19 10:00:50] Using forecast run: 2022-09-05 18:00:00 UTC
[2026-05-19 10:00:51] Forecast Rain Available hours: [6, 7, 8, 9, 10, 11, 12, 13, 14, 15, 16, 17, 18, 19, 20, 21, 22, 23, 24, 25, 26, 27, 28, 29]
[2026-05-19 10:00:51] Valid hours for sum: [12, 18, 24, 29]
[2026-05-19 10:00:52] Drought composite end date: 2022-09-02 06:00:00
[2026-05-19 10:00:53] Land cover year: 2021
[2026-05-19 10:00:54] VIIRS Veg composite: 2022-07-20 → 2022-08-05
[2026-05-19 10:00:57] Started export task: fire_172_dynamic_2022-09-05
[2026-05-19 10:00:57] ------ Processing date=2022-09-06 ------
[2026-05-19 10:00:57] Using viirs_af_path: viirs_af_path
[2026-05-19 10:00:57] VIIRS Image Date: ['2022-09-06 00:00:00']
[2026-05-19 10:00:57] Weather image size: 1
[2026-05-19 10:00:57] Forecast duration: 2022-09-07 00:00:00 to 2022-09-08 00:00:00
[2026-05-19 10:00:58] Number of forecast images: 24
[2026-05-19 10:00:58] Using forecast run: 2022-09-06 18:00:00 UTC
[2026-05-19 10:00:59] Forecast Rain Available hours: [6, 7, 8, 9, 10, 11, 12, 13, 14, 15, 16, 17, 18, 19, 20, 21, 22, 23, 24, 25, 26, 27, 28, 29]
[2026-05-19 10:00:59] Valid hours for sum: [12, 18, 24, 29]
[2026-05-19 10:01:01] Drought composite end date: 2022-09-02 06:00:00
[2026-05-19 10:01:01] Land cover year: 2021
[2026-05-19 10:01:02] VIIRS Veg composite: 2022-07-20 → 2022-08-05
[2026-05-19 10:01:06] Started export task: fire_172_dynamic_2022-09-06
[2026-05-19 10:01:06] ------ Processing date=2022-09-07 ------
[2026-05-19 10:01:06] Using viirs_af_path: viirs_af_path
[2026-05-19 10:01:07] VIIRS Image Date: ['2022-09-07 00:00:00']
[2026-05-19 10:01:07] Weather image size: 1
[2026-05-19 10:01:07] Forecast duration: 2022-09-08 00:00:00 to 2022-09-09 00:00:00
[2026-05-19 10:01:08] Number of forecast images: 24
[2026-05-19 10:01:08] Using forecast run: 2022-09-07 18:00:00 UTC
[2026-05-19 10:01:08] Forecast Rain Available hours: [6, 7, 8, 9, 10, 11, 12, 13, 14, 15, 16, 17, 18, 19, 20, 21, 22, 23, 24, 25, 26, 27, 28, 29]
[2026-05-19 10:01:08] Valid hours for sum: [12, 18, 24, 29]
[2026-05-19 10:01:10] Drought composite end date: 2022-09-02 06:00:00
[2026-05-19 10:01:10] Land cover year: 2021
[2026-05-19 10:01:11] VIIRS Veg composite: 2022-07-20 → 2022-08-05
[2026-05-19 10:01:14] Started export task: fire_172_dynamic_2022-09-07
[2026-05-19 10:01:15] ------ Processing date=2022-09-08 ------
[2026-05-19 10:01:15] Using viirs_af_path: viirs_af_path
[2026-05-19 10:01:15] VIIRS Image Date: ['2022-09-08 00:00:00']
[2026-05-19 10:01:15] Weather image size: 1
[2026-05-19 10:01:15] Forecast duration: 2022-09-09 00:00:00 to 2022-09-10 00:00:00
[2026-05-19 10:01:16] Number of forecast images: 24
[2026-05-19 10:01:16] Using forecast run: 2022-09-08 18:00:00 UTC
[2026-05-19 10:01:17] Forecast Rain Available hours: [6, 7, 8, 9, 10, 11, 12, 13, 14, 15, 16, 17, 18, 19, 20, 21, 22, 23, 24, 25, 26, 27, 28, 29]
[2026-05-19 10:01:17] Valid hours for sum: [12, 18, 24, 29]
[2026-05-19 10:01:18] Drought composite end date: 2022-09-07 06:00:00
[2026-05-19 10:01:18] Land cover year: 2021
[2026-05-19 10:01:19] VIIRS Veg composite: 2022-07-20 → 2022-08-05
[2026-05-19 10:01:23] Started export task: fire_172_dynamic_2022-09-08
[2026-05-19 10:01:23] ------ Processing date=2022-09-09 ------
[2026-05-19 10:01:23] Using viirs_af_path: viirs_af_path
[2026-05-19 10:01:23] VIIRS Image Date: ['2022-09-09 00:00:00']
[2026-05-19 10:01:24] Weather image size: 1
[2026-05-19 10:01:24] Forecast duration: 2022-09-10 00:00:00 to 2022-09-11 00:00:00
[2026-05-19 10:01:25] Number of forecast images: 24
[2026-05-19 10:01:25] Using forecast run: 2022-09-09 18:00:00 UTC
[2026-05-19 10:01:25] Forecast Rain Available hours: [6, 7, 8, 9, 10, 11, 12, 13, 14, 15, 16, 17, 18, 19, 20, 21, 22, 23, 24, 25, 26, 27, 28, 29]
[2026-05-19 10:01:25] Valid hours for sum: [12, 18, 24, 29]
[2026-05-19 10:01:26] Drought composite end date: 2022-09-07 06:00:00
[2026-05-19 10:01:26] Land cover year: 2021
[2026-05-19 10:01:28] VIIRS Veg composite: 2022-07-20 → 2022-08-05
[2026-05-19 10:01:33] Started export task: fire_172_dynamic_2022-09-09
[2026-05-19 10:01:33] ------ Processing date=2022-09-10 ------
[2026-05-19 10:01:33] Using viirs_af_path: viirs_af_path
[2026-05-19 10:01:33] VIIRS Image Date: ['2022-09-10 00:00:00']
[2026-05-19 10:01:33] Weather image size: 1
[2026-05-19 10:01:33] Forecast duration: 2022-09-11 00:00:00 to 2022-09-12 00:00:00
[2026-05-19 10:01:34] Number of forecast images: 24
[2026-05-19 10:01:34] Using forecast run: 2022-09-10 18:00:00 UTC
[2026-05-19 10:01:35] Forecast Rain Available hours: [6, 7, 8, 9, 10, 11, 12, 13, 14, 15, 16, 17, 18, 19, 20, 21, 22, 23, 24, 25, 26, 27, 28, 29]
[2026-05-19 10:01:35] Valid hours for sum: [12, 18, 24, 29]
[2026-05-19 10:01:36] Drought composite end date: 2022-09-07 06:00:00
[2026-05-19 10:01:37] Land cover year: 2021
[2026-05-19 10:01:37] VIIRS Veg composite: 2022-07-20 → 2022-08-05
[2026-05-19 10:01:42] Started export task: fire_172_dynamic_2022-09-10
[2026-05-19 10:01:42] ------ Processing date=2022-09-11 ------
[2026-05-19 10:01:42] Using viirs_af_path: viirs_af_path
[2026-05-19 10:01:42] VIIRS Image Date: ['2022-09-11 00:00:00']
[2026-05-19 10:01:43] Weather image size: 1
[2026-05-19 10:01:43] Forecast duration: 2022-09-12 00:00:00 to 2022-09-13 00:00:00
[2026-05-19 10:01:44] Number of forecast images: 23
[2026-05-19 10:01:44] Using forecast run: 2022-09-11 18:00:00 UTC
[2026-05-19 10:01:44] Forecast Rain Available hours: [6, 7, 8, 9, 10, 11, 12, 13, 14, 15, 16, 17, 18, 19, 21, 22, 23, 24, 25, 26, 27, 28, 29]
[2026-05-19 10:01:44] Valid hours for sum: [12, 18, 24, 29]
[2026-05-19 10:01:46] Drought composite end date: 2022-09-07 06:00:00
[2026-05-19 10:01:46] Land cover year: 2021
[2026-05-19 10:01:47] VIIRS Veg composite: 2022-07-20 → 2022-08-05
[2026-05-19 10:01:50] Started export task: fire_172_dynamic_2022-09-11
[2026-05-19 10:01:51] ------ Processing date=2022-09-12 ------
[2026-05-19 10:01:51] Using viirs_af_path: viirs_af_path
[2026-05-19 10:01:51] VIIRS Image Date: ['2022-09-12 00:00:00']
[2026-05-19 10:01:51] Weather image size: 1
[2026-05-19 10:01:51] Forecast duration: 2022-09-13 00:00:00 to 2022-09-14 00:00:00
[2026-05-19 10:01:52] Number of forecast images: 24
[2026-05-19 10:01:52] Using forecast run: 2022-09-12 18:00:00 UTC
[2026-05-19 10:01:53] Forecast Rain Available hours: [6, 7, 8, 9, 10, 11, 12, 13, 14, 15, 16, 17, 18, 19, 20, 21, 22, 23, 24, 25, 26, 27, 28, 29]
[2026-05-19 10:01:53] Valid hours for sum: [12, 18, 24, 29]
[2026-05-19 10:01:54] Drought composite end date: 2022-09-07 06:00:00
[2026-05-19 10:01:54] Land cover year: 2021
[2026-05-19 10:01:55] VIIRS Veg composite: 2022-07-20 → 2022-08-05
[2026-05-19 10:01:58] Started export task: fire_172_dynamic_2022-09-12
[2026-05-19 10:01:58] ------ Processing date=2022-09-13 ------
[2026-05-19 10:01:58] Using viirs_af_path: viirs_af_path
[2026-05-19 10:01:59] VIIRS Image Date: ['2022-09-13 00:00:00']
[2026-05-19 10:01:59] Weather image size: 1
[2026-05-19 10:01:59] Forecast duration: 2022-09-14 00:00:00 to 2022-09-15 00:00:00
[2026-05-19 10:02:00] Number of forecast images: 24
[2026-05-19 10:02:00] Using forecast run: 2022-09-13 18:00:00 UTC
[2026-05-19 10:02:00] Forecast Rain Available hours: [6, 7, 8, 9, 10, 11, 12, 13, 14, 15, 16, 17, 18, 19, 20, 21, 22, 23, 24, 25, 26, 27, 28, 29]
[2026-05-19 10:02:00] Valid hours for sum: [12, 18, 24, 29]
[2026-05-19 10:02:02] Drought composite end date: 2022-09-12 06:00:00
[2026-05-19 10:02:02] Land cover year: 2021
[2026-05-19 10:02:04] VIIRS Veg composite: 2022-07-20 → 2022-08-05
[2026-05-19 10:02:08] Started export task: fire_172_dynamic_2022-09-13
[2026-05-19 10:02:09] ------ Processing date=2022-09-14 ------
[2026-05-19 10:02:09] Using viirs_af_path: viirs_af_path
[2026-05-19 10:02:09] VIIRS Image Date: ['2022-09-14 00:00:00']
[2026-05-19 10:02:09] Weather image size: 1
[2026-05-19 10:02:09] Forecast duration: 2022-09-15 00:00:00 to 2022-09-16 00:00:00
[2026-05-19 10:02:10] Number of forecast images: 24
[2026-05-19 10:02:10] Using forecast run: 2022-09-14 18:00:00 UTC
[2026-05-19 10:02:10] Forecast Rain Available hours: [6, 7, 8, 9, 10, 11, 12, 13, 14, 15, 16, 17, 18, 19, 20, 21, 22, 23, 24, 25, 26, 27, 28, 29]
[2026-05-19 10:02:10] Valid hours for sum: [12, 18, 24, 29]
[2026-05-19 10:02:12] Drought composite end date: 2022-09-12 06:00:00
[2026-05-19 10:02:12] Land cover year: 2021
[2026-05-19 10:02:13] VIIRS Veg composite: 2022-07-20 → 2022-08-05
[2026-05-19 10:02:18] Started export task: fire_172_dynamic_2022-09-14
[2026-05-19 10:02:18] ------ Processing date=2022-09-15 ------
[2026-05-19 10:02:18] Using viirs_af_path: viirs_af_path
[2026-05-19 10:02:18] VIIRS Image Date: ['2022-09-15 00:00:00']
[2026-05-19 10:02:19] Weather image size: 1
[2026-05-19 10:02:19] Forecast duration: 2022-09-16 00:00:00 to 2022-09-17 00:00:00
[2026-05-19 10:02:19] Number of forecast images: 24
[2026-05-19 10:02:19] Using forecast run: 2022-09-15 18:00:00 UTC
[2026-05-19 10:02:20] Forecast Rain Available hours: [6, 7, 8, 9, 10, 11, 12, 13, 14, 15, 16, 17, 18, 19, 20, 21, 22, 23, 24, 25, 26, 27, 28, 29]
[2026-05-19 10:02:20] Valid hours for sum: [12, 18, 24, 29]
[2026-05-19 10:02:22] Drought composite end date: 2022-09-12 06:00:00
[2026-05-19 10:02:23] Land cover year: 2021
[2026-05-19 10:02:24] VIIRS Veg composite: 2022-07-20 → 2022-08-05
[2026-05-19 10:02:29] Started export task: fire_172_dynamic_2022-09-15
[2026-05-19 10:02:29] ------ Processing date=2022-09-16 ------
[2026-05-19 10:02:29] Using viirs_af_path: viirs_af_path
[2026-05-19 10:02:29] VIIRS Image Date: ['2022-09-16 00:00:00']
[2026-05-19 10:02:30] Weather image size: 1
[2026-05-19 10:02:30] Forecast duration: 2022-09-17 00:00:00 to 2022-09-18 00:00:00
[2026-05-19 10:02:30] Number of forecast images: 24
[2026-05-19 10:02:30] Using forecast run: 2022-09-16 18:00:00 UTC
[2026-05-19 10:02:31] Forecast Rain Available hours: [6, 7, 8, 9, 10, 11, 12, 13, 14, 15, 16, 17, 18, 19, 20, 21, 22, 23, 24, 25, 26, 27, 28, 29]
[2026-05-19 10:02:31] Valid hours for sum: [12, 18, 24, 29]
[2026-05-19 10:02:32] Drought composite end date: 2022-09-12 06:00:00
[2026-05-19 10:02:33] Land cover year: 2021
[2026-05-19 10:02:34] VIIRS Veg composite: 2022-07-20 → 2022-08-05
[2026-05-19 10:02:38] Started export task: fire_172_dynamic_2022-09-16
[2026-05-19 10:02:38] ------ Processing date=2022-09-17 ------
[2026-05-19 10:02:38] Using viirs_af_path: viirs_af_path
[2026-05-19 10:02:38] VIIRS Image Date: ['2022-09-17 00:00:00']
[2026-05-19 10:02:38] Weather image size: 1
[2026-05-19 10:02:38] Forecast duration: 2022-09-18 00:00:00 to 2022-09-19 00:00:00
[2026-05-19 10:02:39] Number of forecast images: 24
[2026-05-19 10:02:39] Using forecast run: 2022-09-17 18:00:00 UTC
[2026-05-19 10:02:40] Forecast Rain Available hours: [6, 7, 8, 9, 10, 11, 12, 13, 14, 15, 16, 17, 18, 19, 20, 21, 22, 23, 24, 25, 26, 27, 28, 29]
[2026-05-19 10:02:40] Valid hours for sum: [12, 18, 24, 29]
[2026-05-19 10:02:42] Drought composite end date: 2022-09-12 06:00:00
[2026-05-19 10:02:42] Land cover year: 2021
[2026-05-19 10:02:43] VIIRS Veg composite: 2022-07-20 → 2022-08-05
[2026-05-19 10:02:48] Started export task: fire_172_dynamic_2022-09-17
[2026-05-19 10:02:48] ------ Processing date=2022-09-18 ------
[2026-05-19 10:02:48] Using viirs_af_path: viirs_af_path
[2026-05-19 10:02:49] VIIRS Image Date: ['2022-09-18 00:00:00']
[2026-05-19 10:02:49] Weather image size: 1
[2026-05-19 10:02:49] Forecast duration: 2022-09-19 00:00:00 to 2022-09-20 00:00:00
[2026-05-19 10:02:50] Number of forecast images: 24
[2026-05-19 10:02:50] Using forecast run: 2022-09-18 18:00:00 UTC
[2026-05-19 10:02:50] Forecast Rain Available hours: [6, 7, 8, 9, 10, 11, 12, 13, 14, 15, 16, 17, 18, 19, 20, 21, 22, 23, 24, 25, 26, 27, 28, 29]
[2026-05-19 10:02:50] Valid hours for sum: [12, 18, 24, 29]
[2026-05-19 10:02:53] Drought composite end date: 2022-09-17 06:00:00
[2026-05-19 10:02:53] Land cover year: 2021
[2026-05-19 10:02:54] VIIRS Veg composite: 2022-07-20 → 2022-08-05
[2026-05-19 10:02:59] Started export task: fire_172_dynamic_2022-09-18
[2026-05-19 10:03:00] ------ Processing date=2022-09-19 ------
[2026-05-19 10:03:00] Using viirs_af_path: viirs_af_path
[2026-05-19 10:03:00] VIIRS Image Date: ['2022-09-19 00:00:00']
[2026-05-19 10:03:00] Weather image size: 1
[2026-05-19 10:03:00] Forecast duration: 2022-09-20 00:00:00 to 2022-09-21 00:00:00
[2026-05-19 10:03:01] Number of forecast images: 24
[2026-05-19 10:03:01] Using forecast run: 2022-09-19 18:00:00 UTC
[2026-05-19 10:03:02] Forecast Rain Available hours: [6, 7, 8, 9, 10, 11, 12, 13, 14, 15, 16, 17, 18, 19, 20, 21, 22, 23, 24, 25, 26, 27, 28, 29]
[2026-05-19 10:03:02] Valid hours for sum: [12, 18, 24, 29]
[2026-05-19 10:03:04] Drought composite end date: 2022-09-17 06:00:00
[2026-05-19 10:03:05] Land cover year: 2021
[2026-05-19 10:03:06] VIIRS Veg composite: 2022-07-20 → 2022-08-05
[2026-05-19 10:03:11] Started export task: fire_172_dynamic_2022-09-19
[2026-05-19 10:03:12] END: ----------Event fire_172----------- (Duration: 7.67m)
[2026-05-19 10:03:12] START: ----------Event fire_173-----------
[2026-05-19 10:03:12] ------ Processing date=2022-08-04 ------
[2026-05-19 10:03:12] Using viirs_af_path: viirs_af_path
[2026-05-19 10:03:12] VIIRS Image Date: []
[2026-05-19 10:03:12] *** ERROR FLAG ***: VIIRS: no data for 2022-08-04, attempting interpolation...
[2026-05-19 10:03:17] VIIRS interpolation gap: 2022-07-26 → 2022-08-11 (16 days apart)
[2026-05-19 10:03:17] VIIRS interpolated: prev=2022-07-26, next=2022-08-11, weight=0.562
[2026-05-19 10:03:17] Weather image size: 1
[2026-05-19 10:03:17] Forecast duration: 2022-08-05 00:00:00 to 2022-08-06 00:00:00
[2026-05-19 10:03:18] Number of forecast images: 24
[2026-05-19 10:03:18] Using forecast run: 2022-08-04 18:00:00 UTC
[2026-05-19 10:03:19] Forecast Rain Available hours: [6, 7, 8, 9, 10, 11, 12, 13, 14, 15, 16, 17, 18, 19, 20, 21, 22, 23, 24, 25, 26, 27, 28, 29]
[2026-05-19 10:03:19] Valid hours for sum: [12, 18, 24, 29]
[2026-05-19 10:03:20] Drought composite end date: 2022-08-03 06:00:00
[2026-05-19 10:03:20] Land cover year: 2021
[2026-05-19 10:03:21] VIIRS Veg composite: 2022-07-20 → 2022-08-05
[2026-05-19 10:03:25] Started export task: fire_173_static
[2026-05-19 10:03:25] Started export task: fire_173_dynamic_2022-08-04
[2026-05-19 10:03:26] ------ Processing date=2022-08-05 ------
[2026-05-19 10:03:26] Using viirs_af_path: viirs_af_path
[2026-05-19 10:03:26] VIIRS Image Date: []
[2026-05-19 10:03:26] *** ERROR FLAG ***: VIIRS: no data for 2022-08-05, attempting interpolation...
[2026-05-19 10:03:31] VIIRS interpolation gap: 2022-07-26 → 2022-08-11 (16 days apart)
[2026-05-19 10:03:31] VIIRS interpolated: prev=2022-07-26, next=2022-08-11, weight=0.625
[2026-05-19 10:03:32] Weather image size: 1
[2026-05-19 10:03:32] Forecast duration: 2022-08-06 00:00:00 to 2022-08-07 00:00:00
[2026-05-19 10:03:33] Number of forecast images: 24
[2026-05-19 10:03:33] Using forecast run: 2022-08-05 18:00:00 UTC
[2026-05-19 10:03:33] Forecast Rain Available hours: [6, 7, 8, 9, 10, 11, 12, 13, 14, 15, 16, 17, 18, 19, 20, 21, 22, 23, 24, 25, 26, 27, 28, 29]
[2026-05-19 10:03:33] Valid hours for sum: [12, 18, 24, 29]
[2026-05-19 10:03:35] Drought composite end date: 2022-08-03 06:00:00
[2026-05-19 10:03:35] Land cover year: 2021
[2026-05-19 10:03:37] VIIRS Veg composite: 2022-07-20 → 2022-08-05
[2026-05-19 10:03:42] Started export task: fire_173_dynamic_2022-08-05
[2026-05-19 10:03:42] ------ Processing date=2022-08-06 ------
[2026-05-19 10:03:42] Using viirs_af_path: viirs_af_path
[2026-05-19 10:03:42] VIIRS Image Date: []
[2026-05-19 10:03:42] *** ERROR FLAG ***: VIIRS: no data for 2022-08-06, attempting interpolation...
[2026-05-19 10:03:48] *** ERROR FLAG ***: VIIRS: no valid image within 10 days BEFORE 2022-08-06 → assigning zeros
[2026-05-19 10:03:49] Weather image size: 1
[2026-05-19 10:03:49] Forecast duration: 2022-08-07 00:00:00 to 2022-08-08 00:00:00
[2026-05-19 10:03:49] Number of forecast images: 24
[2026-05-19 10:03:49] Using forecast run: 2022-08-06 18:00:00 UTC
[2026-05-19 10:03:50] Forecast Rain Available hours: [6, 7, 8, 9, 10, 11, 12, 13, 14, 15, 16, 17, 18, 19, 20, 21, 22, 23, 24, 25, 26, 27, 28, 29]
[2026-05-19 10:03:50] Valid hours for sum: [12, 18, 24, 29]
[2026-05-19 10:03:52] Drought composite end date: 2022-08-03 06:00:00
[2026-05-19 10:03:53] Land cover year: 2021
[2026-05-19 10:03:53] VIIRS Veg composite: 2022-07-20 → 2022-08-05
[2026-05-19 10:03:59] Started export task: fire_173_dynamic_2022-08-06
[2026-05-19 10:03:59] ------ Processing date=2022-08-07 ------
[2026-05-19 10:03:59] Using viirs_af_path: viirs_af_path
[2026-05-19 10:03:59] VIIRS Image Date: []
[2026-05-19 10:03:59] *** ERROR FLAG ***: VIIRS: no data for 2022-08-07, attempting interpolation...
[2026-05-19 10:04:03] *** ERROR FLAG ***: VIIRS: no valid image within 10 days BEFORE 2022-08-07 → assigning zeros
[2026-05-19 10:04:04] Weather image size: 1
[2026-05-19 10:04:04] Forecast duration: 2022-08-08 00:00:00 to 2022-08-09 00:00:00
[2026-05-19 10:04:05] Number of forecast images: 24
[2026-05-19 10:04:05] Using forecast run: 2022-08-07 18:00:00 UTC
[2026-05-19 10:04:05] Forecast Rain Available hours: [6, 7, 8, 9, 10, 11, 12, 13, 14, 15, 16, 17, 18, 19, 20, 21, 22, 23, 24, 25, 26, 27, 28, 29]
[2026-05-19 10:04:05] Valid hours for sum: [12, 18, 24, 29]
[2026-05-19 10:04:08] Drought composite end date: 2022-08-03 06:00:00
[2026-05-19 10:04:08] Land cover year: 2021
[2026-05-19 10:04:09] VIIRS Veg composite: 2022-07-20 → 2022-08-05
[2026-05-19 10:04:13] Started export task: fire_173_dynamic_2022-08-07
[2026-05-19 10:04:14] ------ Processing date=2022-08-08 ------
[2026-05-19 10:04:14] Using viirs_af_path: viirs_af_path
[2026-05-19 10:04:14] VIIRS Image Date: []
[2026-05-19 10:04:14] *** ERROR FLAG ***: VIIRS: no data for 2022-08-08, attempting interpolation...
[2026-05-19 10:04:19] *** ERROR FLAG ***: VIIRS: no valid image within 10 days BEFORE 2022-08-08 → assigning zeros
[2026-05-19 10:04:19] Weather image size: 1
[2026-05-19 10:04:19] Forecast duration: 2022-08-09 00:00:00 to 2022-08-10 00:00:00
[2026-05-19 10:04:20] Number of forecast images: 24
[2026-05-19 10:04:20] Using forecast run: 2022-08-08 18:00:00 UTC
[2026-05-19 10:04:21] Forecast Rain Available hours: [6, 7, 8, 9, 10, 11, 12, 13, 14, 15, 16, 17, 18, 19, 20, 21, 22, 23, 24, 25, 26, 27, 28, 29]
[2026-05-19 10:04:21] Valid hours for sum: [12, 18, 24, 29]
[2026-05-19 10:04:23] Drought composite end date: 2022-08-03 06:00:00
[2026-05-19 10:04:24] Land cover year: 2021
[2026-05-19 10:04:25] VIIRS Veg composite: 2022-07-20 → 2022-08-05
[2026-05-19 10:04:29] Started export task: fire_173_dynamic_2022-08-08
[2026-05-19 10:04:30] ------ Processing date=2022-08-09 ------
[2026-05-19 10:04:30] Using viirs_af_path: viirs_af_path
[2026-05-19 10:04:30] VIIRS Image Date: []
[2026-05-19 10:04:30] *** ERROR FLAG ***: VIIRS: no data for 2022-08-09, attempting interpolation...
[2026-05-19 10:04:32] *** ERROR FLAG ***: VIIRS: no valid image within 10 days BEFORE 2022-08-09 → assigning zeros
[2026-05-19 10:04:33] Weather image size: 1
[2026-05-19 10:04:33] Forecast duration: 2022-08-10 00:00:00 to 2022-08-11 00:00:00
[2026-05-19 10:04:34] Number of forecast images: 24
[2026-05-19 10:04:34] Using forecast run: 2022-08-09 18:00:00 UTC
[2026-05-19 10:04:34] Forecast Rain Available hours: [6, 7, 8, 9, 10, 11, 12, 13, 14, 15, 16, 17, 18, 19, 20, 21, 22, 23, 24, 25, 26, 27, 28, 29]
[2026-05-19 10:04:34] Valid hours for sum: [12, 18, 24, 29]
[2026-05-19 10:04:36] Drought composite end date: 2022-08-08 06:00:00
[2026-05-19 10:04:36] Land cover year: 2021
[2026-05-19 10:04:37] VIIRS Veg composite: 2022-07-20 → 2022-08-05
[2026-05-19 10:04:41] Started export task: fire_173_dynamic_2022-08-09
[2026-05-19 10:04:41] ------ Processing date=2022-08-10 ------
[2026-05-19 10:04:41] Using viirs_af_path: viirs_af_path
[2026-05-19 10:04:42] VIIRS Image Date: []
[2026-05-19 10:04:42] *** ERROR FLAG ***: VIIRS: no data for 2022-08-10, attempting interpolation...
[2026-05-19 10:04:45] *** ERROR FLAG ***: VIIRS: no valid image within 10 days BEFORE 2022-08-10 → assigning zeros
[2026-05-19 10:04:45] Weather image size: 1
[2026-05-19 10:04:45] Forecast duration: 2022-08-11 00:00:00 to 2022-08-12 00:00:00
[2026-05-19 10:04:46] Number of forecast images: 24
[2026-05-19 10:04:46] Using forecast run: 2022-08-10 18:00:00 UTC
[2026-05-19 10:04:46] Forecast Rain Available hours: [6, 7, 8, 9, 10, 11, 12, 13, 14, 15, 16, 17, 18, 19, 20, 21, 22, 23, 24, 25, 26, 27, 28, 29]
[2026-05-19 10:04:46] Valid hours for sum: [12, 18, 24, 29]
[2026-05-19 10:04:49] Drought composite end date: 2022-08-08 06:00:00
[2026-05-19 10:04:49] Land cover year: 2021
[2026-05-19 10:04:50] VIIRS Veg composite: 2022-07-20 → 2022-08-05
[2026-05-19 10:04:54] Started export task: fire_173_dynamic_2022-08-10
[2026-05-19 10:04:55] ------ Processing date=2022-08-11 ------
[2026-05-19 10:04:55] Using viirs_af_path: viirs_af_path
[2026-05-19 10:04:55] VIIRS Image Date: ['2022-08-11 00:00:00']
[2026-05-19 10:04:55] Weather image size: 1
[2026-05-19 10:04:55] Forecast duration: 2022-08-12 00:00:00 to 2022-08-13 00:00:00
[2026-05-19 10:04:56] Number of forecast images: 24
[2026-05-19 10:04:56] Using forecast run: 2022-08-11 18:00:00 UTC
[2026-05-19 10:04:56] Forecast Rain Available hours: [6, 7, 8, 9, 10, 11, 12, 13, 14, 15, 16, 17, 18, 19, 20, 21, 22, 23, 24, 25, 26, 27, 28, 29]
[2026-05-19 10:04:56] Valid hours for sum: [12, 18, 24, 29]
[2026-05-19 10:04:59] Drought composite end date: 2022-08-08 06:00:00
[2026-05-19 10:04:59] Land cover year: 2021
[2026-05-19 10:05:00] VIIRS Veg composite: 2022-07-20 → 2022-08-05
[2026-05-19 10:05:05] Started export task: fire_173_dynamic_2022-08-11
[2026-05-19 10:05:05] ------ Processing date=2022-08-12 ------
[2026-05-19 10:05:05] Using viirs_af_path: viirs_af_path
[2026-05-19 10:05:06] VIIRS Image Date: ['2022-08-12 00:00:00']
[2026-05-19 10:05:06] Weather image size: 1
[2026-05-19 10:05:06] Forecast duration: 2022-08-13 00:00:00 to 2022-08-14 00:00:00
[2026-05-19 10:05:07] Number of forecast images: 24
[2026-05-19 10:05:07] Using forecast run: 2022-08-12 18:00:00 UTC
[2026-05-19 10:05:07] Forecast Rain Available hours: [6, 7, 8, 9, 10, 11, 12, 13, 14, 15, 16, 17, 18, 19, 20, 21, 22, 23, 24, 25, 26, 27, 28, 29]
[2026-05-19 10:05:07] Valid hours for sum: [12, 18, 24, 29]
[2026-05-19 10:05:09] Drought composite end date: 2022-08-08 06:00:00
[2026-05-19 10:05:09] Land cover year: 2021
[2026-05-19 10:05:10] VIIRS Veg composite: 2022-07-20 → 2022-08-05
[2026-05-19 10:05:14] Started export task: fire_173_dynamic_2022-08-12
[2026-05-19 10:05:14] ------ Processing date=2022-08-13 ------
[2026-05-19 10:05:14] Using viirs_af_path: viirs_af_path
[2026-05-19 10:05:14] VIIRS Image Date: ['2022-08-13 00:00:00']
[2026-05-19 10:05:15] Weather image size: 1
[2026-05-19 10:05:15] Forecast duration: 2022-08-14 00:00:00 to 2022-08-15 00:00:00
[2026-05-19 10:05:15] Number of forecast images: 24
[2026-05-19 10:05:15] Using forecast run: 2022-08-13 18:00:00 UTC
[2026-05-19 10:05:16] Forecast Rain Available hours: [6, 7, 8, 9, 10, 11, 12, 13, 14, 15, 16, 17, 18, 19, 20, 21, 22, 23, 24, 25, 26, 27, 28, 29]
[2026-05-19 10:05:16] Valid hours for sum: [12, 18, 24, 29]
[2026-05-19 10:05:18] Drought composite end date: 2022-08-08 06:00:00
[2026-05-19 10:05:18] Land cover year: 2021
[2026-05-19 10:05:19] VIIRS Veg composite: 2022-07-20 → 2022-08-05
[2026-05-19 10:05:23] Started export task: fire_173_dynamic_2022-08-13
[2026-05-19 10:05:23] ------ Processing date=2022-08-14 ------
[2026-05-19 10:05:23] Using viirs_af_path: viirs_af_path
[2026-05-19 10:05:23] VIIRS Image Date: ['2022-08-14 00:00:00']
[2026-05-19 10:05:23] Weather image size: 1
[2026-05-19 10:05:23] Forecast duration: 2022-08-15 00:00:00 to 2022-08-16 00:00:00
[2026-05-19 10:05:24] Number of forecast images: 24
[2026-05-19 10:05:24] Using forecast run: 2022-08-14 18:00:00 UTC
[2026-05-19 10:05:25] Forecast Rain Available hours: [6, 7, 8, 9, 10, 11, 12, 13, 14, 15, 16, 17, 18, 19, 20, 21, 22, 23, 24, 25, 26, 27, 28, 29]
[2026-05-19 10:05:25] Valid hours for sum: [12, 18, 24, 29]
[2026-05-19 10:05:27] Drought composite end date: 2022-08-13 06:00:00
[2026-05-19 10:05:27] Land cover year: 2021
[2026-05-19 10:05:28] VIIRS Veg composite: 2022-07-20 → 2022-08-05
[2026-05-19 10:05:32] Started export task: fire_173_dynamic_2022-08-14
[2026-05-19 10:05:32] ------ Processing date=2022-08-15 ------
[2026-05-19 10:05:32] Using viirs_af_path: viirs_af_path
[2026-05-19 10:05:33] VIIRS Image Date: ['2022-08-15 00:00:00']
[2026-05-19 10:05:33] Weather image size: 1
[2026-05-19 10:05:33] Forecast duration: 2022-08-16 00:00:00 to 2022-08-17 00:00:00
[2026-05-19 10:05:34] Number of forecast images: 24
[2026-05-19 10:05:34] Using forecast run: 2022-08-15 18:00:00 UTC
[2026-05-19 10:05:34] Forecast Rain Available hours: [6, 7, 8, 9, 10, 11, 12, 13, 14, 15, 16, 17, 18, 19, 20, 21, 22, 23, 24, 25, 26, 27, 28, 29]
[2026-05-19 10:05:34] Valid hours for sum: [12, 18, 24, 29]
[2026-05-19 10:05:37] Drought composite end date: 2022-08-13 06:00:00
[2026-05-19 10:05:37] Land cover year: 2021
[2026-05-19 10:05:38] VIIRS Veg composite: 2022-07-20 → 2022-08-05
[2026-05-19 10:05:41] Started export task: fire_173_dynamic_2022-08-15
[2026-05-19 10:05:42] ------ Processing date=2022-08-16 ------
[2026-05-19 10:05:42] Using viirs_af_path: viirs_af_path
[2026-05-19 10:05:42] VIIRS Image Date: ['2022-08-16 00:00:00']
[2026-05-19 10:05:42] Weather image size: 1
[2026-05-19 10:05:42] Forecast duration: 2022-08-17 00:00:00 to 2022-08-18 00:00:00
[2026-05-19 10:05:43] Number of forecast images: 24
[2026-05-19 10:05:43] Using forecast run: 2022-08-16 18:00:00 UTC
[2026-05-19 10:05:44] Forecast Rain Available hours: [6, 7, 8, 9, 10, 11, 12, 13, 14, 15, 16, 17, 18, 19, 20, 21, 22, 23, 24, 25, 26, 27, 28, 29]
[2026-05-19 10:05:44] Valid hours for sum: [12, 18, 24, 29]
[2026-05-19 10:05:46] Drought composite end date: 2022-08-13 06:00:00
[2026-05-19 10:05:47] Land cover year: 2021
[2026-05-19 10:05:47] VIIRS Veg composite: 2022-07-20 → 2022-08-05
[2026-05-19 10:05:51] Started export task: fire_173_dynamic_2022-08-16
[2026-05-19 10:05:52] ------ Processing date=2022-08-17 ------
[2026-05-19 10:05:52] Using viirs_af_path: viirs_af_path
[2026-05-19 10:05:52] VIIRS Image Date: ['2022-08-17 00:00:00']
[2026-05-19 10:05:53] Weather image size: 1
[2026-05-19 10:05:53] Forecast duration: 2022-08-18 00:00:00 to 2022-08-19 00:00:00
[2026-05-19 10:05:54] Number of forecast images: 24
[2026-05-19 10:05:54] Using forecast run: 2022-08-17 18:00:00 UTC
[2026-05-19 10:05:54] Forecast Rain Available hours: [6, 7, 8, 9, 10, 11, 12, 13, 14, 15, 16, 17, 18, 19, 20, 21, 22, 23, 24, 25, 26, 27, 28, 29]
[2026-05-19 10:05:54] Valid hours for sum: [12, 18, 24, 29]
[2026-05-19 10:05:56] Drought composite end date: 2022-08-13 06:00:00
[2026-05-19 10:05:56] Land cover year: 2021
[2026-05-19 10:05:57] VIIRS Veg composite: 2022-07-20 → 2022-08-05
[2026-05-19 10:06:01] Started export task: fire_173_dynamic_2022-08-17
[2026-05-19 10:06:01] ------ Processing date=2022-08-18 ------
[2026-05-19 10:06:01] Using viirs_af_path: viirs_af_path
[2026-05-19 10:06:01] VIIRS Image Date: ['2022-08-18 00:00:00']
[2026-05-19 10:06:02] Weather image size: 1
[2026-05-19 10:06:02] Forecast duration: 2022-08-19 00:00:00 to 2022-08-20 00:00:00
[2026-05-19 10:06:02] Number of forecast images: 24
[2026-05-19 10:06:02] Using forecast run: 2022-08-18 18:00:00 UTC
[2026-05-19 10:06:03] Forecast Rain Available hours: [6, 7, 8, 9, 10, 11, 12, 13, 14, 15, 16, 17, 18, 19, 20, 21, 22, 23, 24, 25, 26, 27, 28, 29]
[2026-05-19 10:06:03] Valid hours for sum: [12, 18, 24, 29]
[2026-05-19 10:06:04] Drought composite end date: 2022-08-13 06:00:00
[2026-05-19 10:06:05] Land cover year: 2021
[2026-05-19 10:06:05] VIIRS Veg composite: 2022-07-20 → 2022-08-05
[2026-05-19 10:06:10] Started export task: fire_173_dynamic_2022-08-18
[2026-05-19 10:06:10] ------ Processing date=2022-08-19 ------
[2026-05-19 10:06:10] Using viirs_af_path: viirs_af_path
[2026-05-19 10:06:11] VIIRS Image Date: ['2022-08-19 00:00:00']
[2026-05-19 10:06:11] Weather image size: 1
[2026-05-19 10:06:11] Forecast duration: 2022-08-20 00:00:00 to 2022-08-21 00:00:00
[2026-05-19 10:06:12] Number of forecast images: 24
[2026-05-19 10:06:12] Using forecast run: 2022-08-19 18:00:00 UTC
[2026-05-19 10:06:13] Forecast Rain Available hours: [6, 7, 8, 9, 10, 11, 12, 13, 14, 15, 16, 17, 18, 19, 20, 21, 22, 23, 24, 25, 26, 27, 28, 29]
[2026-05-19 10:06:13] Valid hours for sum: [12, 18, 24, 29]
[2026-05-19 10:06:15] Drought composite end date: 2022-08-18 06:00:00
[2026-05-19 10:06:15] Land cover year: 2021
[2026-05-19 10:06:16] VIIRS Veg composite: 2022-07-20 → 2022-08-05
[2026-05-19 10:06:19] Started export task: fire_173_dynamic_2022-08-19
[2026-05-19 10:06:20] ------ Processing date=2022-08-20 ------
[2026-05-19 10:06:20] Using viirs_af_path: viirs_af_path
[2026-05-19 10:06:20] VIIRS Image Date: ['2022-08-20 00:00:00']
[2026-05-19 10:06:20] Weather image size: 1
[2026-05-19 10:06:20] Forecast duration: 2022-08-21 00:00:00 to 2022-08-22 00:00:00
[2026-05-19 10:06:21] Number of forecast images: 24
[2026-05-19 10:06:21] Using forecast run: 2022-08-20 18:00:00 UTC
[2026-05-19 10:06:22] Forecast Rain Available hours: [6, 7, 8, 9, 10, 11, 12, 13, 14, 15, 16, 17, 18, 19, 20, 21, 22, 23, 24, 25, 26, 27, 28, 29]
[2026-05-19 10:06:22] Valid hours for sum: [12, 18, 24, 29]
[2026-05-19 10:06:23] Drought composite end date: 2022-08-18 06:00:00
[2026-05-19 10:06:23] Land cover year: 2021
[2026-05-19 10:06:24] VIIRS Veg composite: 2022-07-20 → 2022-08-05
[2026-05-19 10:06:28] Started export task: fire_173_dynamic_2022-08-20
[2026-05-19 10:06:28] ------ Processing date=2022-08-21 ------
[2026-05-19 10:06:28] Using viirs_af_path: viirs_af_path
[2026-05-19 10:06:29] VIIRS Image Date: ['2022-08-21 00:00:00']
[2026-05-19 10:06:29] Weather image size: 1
[2026-05-19 10:06:29] Forecast duration: 2022-08-22 00:00:00 to 2022-08-23 00:00:00
[2026-05-19 10:06:30] Number of forecast images: 24
[2026-05-19 10:06:30] Using forecast run: 2022-08-21 18:00:00 UTC
[2026-05-19 10:06:30] Forecast Rain Available hours: [6, 7, 8, 9, 10, 11, 12, 13, 14, 15, 16, 17, 18, 19, 20, 21, 22, 23, 24, 25, 26, 27, 28, 29]
[2026-05-19 10:06:30] Valid hours for sum: [12, 18, 24, 29]
[2026-05-19 10:06:33] Drought composite end date: 2022-08-18 06:00:00
[2026-05-19 10:06:33] Land cover year: 2021
[2026-05-19 10:06:34] VIIRS Veg composite: 2022-07-20 → 2022-08-05
[2026-05-19 10:06:36] Started export task: fire_173_dynamic_2022-08-21
[2026-05-19 10:06:37] ------ Processing date=2022-08-22 ------
[2026-05-19 10:06:37] Using viirs_af_path: viirs_af_path
[2026-05-19 10:06:37] VIIRS Image Date: ['2022-08-22 00:00:00']
[2026-05-19 10:06:37] Weather image size: 1
[2026-05-19 10:06:37] Forecast duration: 2022-08-23 00:00:00 to 2022-08-24 00:00:00
[2026-05-19 10:06:38] Number of forecast images: 24
[2026-05-19 10:06:38] Using forecast run: 2022-08-22 18:00:00 UTC
[2026-05-19 10:06:39] Forecast Rain Available hours: [6, 7, 8, 9, 10, 11, 12, 13, 14, 15, 16, 17, 18, 19, 20, 21, 22, 23, 24, 25, 26, 27, 28, 29]
[2026-05-19 10:06:39] Valid hours for sum: [12, 18, 24, 29]
[2026-05-19 10:06:41] Drought composite end date: 2022-08-18 06:00:00
[2026-05-19 10:06:41] Land cover year: 2021
[2026-05-19 10:06:42] VIIRS Veg composite: 2022-07-20 → 2022-08-05
[2026-05-19 10:06:46] Started export task: fire_173_dynamic_2022-08-22
[2026-05-19 10:06:47] END: ----------Event fire_173----------- (Duration: 3.58m)
[2026-05-19 10:06:47] START: ----------Event fire_177-----------
[2026-05-19 10:06:47] ------ Processing date=2022-08-06 ------
[2026-05-19 10:06:47] Using viirs_af_path: viirs_af_path
[2026-05-19 10:06:47] VIIRS Image Date: []
[2026-05-19 10:06:47] *** ERROR FLAG ***: VIIRS: no data for 2022-08-06, attempting interpolation...
[2026-05-19 10:06:50] *** ERROR FLAG ***: VIIRS: no valid image within 10 days BEFORE 2022-08-06 → assigning zeros
[2026-05-19 10:06:50] Weather image size: 1
[2026-05-19 10:06:50] Forecast duration: 2022-08-07 00:00:00 to 2022-08-08 00:00:00
[2026-05-19 10:06:52] Number of forecast images: 24
[2026-05-19 10:06:52] Using forecast run: 2022-08-06 18:00:00 UTC
[2026-05-19 10:06:53] Forecast Rain Available hours: [6, 7, 8, 9, 10, 11, 12, 13, 14, 15, 16, 17, 18, 19, 20, 21, 22, 23, 24, 25, 26, 27, 28, 29]
[2026-05-19 10:06:53] Valid hours for sum: [12, 18, 24, 29]
[2026-05-19 10:06:56] Drought composite end date: 2022-08-03 06:00:00
[2026-05-19 10:06:56] Land cover year: 2021
[2026-05-19 10:06:57] VIIRS Veg composite: 2022-07-28 → 2022-08-13
[2026-05-19 10:07:01] Started export task: fire_177_static
[2026-05-19 10:07:01] Started export task: fire_177_dynamic_2022-08-06
[2026-05-19 10:07:02] ------ Processing date=2022-08-07 ------
[2026-05-19 10:07:02] Using viirs_af_path: viirs_af_path
[2026-05-19 10:07:02] VIIRS Image Date: []
[2026-05-19 10:07:02] *** ERROR FLAG ***: VIIRS: no data for 2022-08-07, attempting interpolation...
[2026-05-19 10:07:05] *** ERROR FLAG ***: VIIRS: no valid image within 10 days BEFORE 2022-08-07 → assigning zeros
[2026-05-19 10:07:05] Weather image size: 1
[2026-05-19 10:07:05] Forecast duration: 2022-08-08 00:00:00 to 2022-08-09 00:00:00
[2026-05-19 10:07:06] Number of forecast images: 24
[2026-05-19 10:07:06] Using forecast run: 2022-08-07 18:00:00 UTC
[2026-05-19 10:07:07] Forecast Rain Available hours: [6, 7, 8, 9, 10, 11, 12, 13, 14, 15, 16, 17, 18, 19, 20, 21, 22, 23, 24, 25, 26, 27, 28, 29]
[2026-05-19 10:07:07] Valid hours for sum: [12, 18, 24, 29]
[2026-05-19 10:07:09] Drought composite end date: 2022-08-03 06:00:00
[2026-05-19 10:07:09] Land cover year: 2021
[2026-05-19 10:07:10] VIIRS Veg composite: 2022-07-28 → 2022-08-13
[2026-05-19 10:07:13] Started export task: fire_177_dynamic_2022-08-07
[2026-05-19 10:07:14] ------ Processing date=2022-08-08 ------
[2026-05-19 10:07:14] Using viirs_af_path: viirs_af_path
[2026-05-19 10:07:14] VIIRS Image Date: []
[2026-05-19 10:07:14] *** ERROR FLAG ***: VIIRS: no data for 2022-08-08, attempting interpolation...
[2026-05-19 10:07:17] *** ERROR FLAG ***: VIIRS: no valid image within 10 days BEFORE 2022-08-08 → assigning zeros
[2026-05-19 10:07:18] Weather image size: 1
[2026-05-19 10:07:18] Forecast duration: 2022-08-09 00:00:00 to 2022-08-10 00:00:00
[2026-05-19 10:07:19] Number of forecast images: 24
[2026-05-19 10:07:19] Using forecast run: 2022-08-08 18:00:00 UTC
[2026-05-19 10:07:19] Forecast Rain Available hours: [6, 7, 8, 9, 10, 11, 12, 13, 14, 15, 16, 17, 18, 19, 20, 21, 22, 23, 24, 25, 26, 27, 28, 29]
[2026-05-19 10:07:19] Valid hours for sum: [12, 18, 24, 29]
[2026-05-19 10:07:21] Drought composite end date: 2022-08-03 06:00:00
[2026-05-19 10:07:22] Land cover year: 2021
[2026-05-19 10:07:22] VIIRS Veg composite: 2022-07-28 → 2022-08-13
[2026-05-19 10:07:27] Started export task: fire_177_dynamic_2022-08-08
[2026-05-19 10:07:27] ------ Processing date=2022-08-09 ------
[2026-05-19 10:07:27] Using viirs_af_path: viirs_af_path
[2026-05-19 10:07:27] VIIRS Image Date: []
[2026-05-19 10:07:27] *** ERROR FLAG ***: VIIRS: no data for 2022-08-09, attempting interpolation...
[2026-05-19 10:07:30] *** ERROR FLAG ***: VIIRS: no valid image within 10 days BEFORE 2022-08-09 → assigning zeros
[2026-05-19 10:07:30] Weather image size: 1
[2026-05-19 10:07:30] Forecast duration: 2022-08-10 00:00:00 to 2022-08-11 00:00:00
[2026-05-19 10:07:31] Number of forecast images: 24
[2026-05-19 10:07:31] Using forecast run: 2022-08-09 18:00:00 UTC
[2026-05-19 10:07:32] Forecast Rain Available hours: [6, 7, 8, 9, 10, 11, 12, 13, 14, 15, 16, 17, 18, 19, 20, 21, 22, 23, 24, 25, 26, 27, 28, 29]
[2026-05-19 10:07:32] Valid hours for sum: [12, 18, 24, 29]
[2026-05-19 10:07:34] Drought composite end date: 2022-08-08 06:00:00
[2026-05-19 10:07:34] Land cover year: 2021
[2026-05-19 10:07:35] VIIRS Veg composite: 2022-07-28 → 2022-08-13
[2026-05-19 10:07:39] Started export task: fire_177_dynamic_2022-08-09
[2026-05-19 10:07:40] ------ Processing date=2022-08-10 ------
[2026-05-19 10:07:40] Using viirs_af_path: viirs_af_path
[2026-05-19 10:07:40] VIIRS Image Date: []
[2026-05-19 10:07:40] *** ERROR FLAG ***: VIIRS: no data for 2022-08-10, attempting interpolation...
[2026-05-19 10:07:42] *** ERROR FLAG ***: VIIRS: no valid image within 10 days BEFORE 2022-08-10 → assigning zeros
[2026-05-19 10:07:43] Weather image size: 1
[2026-05-19 10:07:43] Forecast duration: 2022-08-11 00:00:00 to 2022-08-12 00:00:00
[2026-05-19 10:07:44] Number of forecast images: 24
[2026-05-19 10:07:44] Using forecast run: 2022-08-10 18:00:00 UTC
[2026-05-19 10:07:44] Forecast Rain Available hours: [6, 7, 8, 9, 10, 11, 12, 13, 14, 15, 16, 17, 18, 19, 20, 21, 22, 23, 24, 25, 26, 27, 28, 29]
[2026-05-19 10:07:44] Valid hours for sum: [12, 18, 24, 29]
[2026-05-19 10:07:47] Drought composite end date: 2022-08-08 06:00:00
[2026-05-19 10:07:47] Land cover year: 2021
[2026-05-19 10:07:48] VIIRS Veg composite: 2022-07-28 → 2022-08-13
[2026-05-19 10:07:51] Started export task: fire_177_dynamic_2022-08-10
[2026-05-19 10:07:51] ------ Processing date=2022-08-11 ------
[2026-05-19 10:07:51] Using viirs_af_path: viirs_af_path
[2026-05-19 10:07:52] VIIRS Image Date: ['2022-08-11 00:00:00']
[2026-05-19 10:07:52] Weather image size: 1
[2026-05-19 10:07:52] Forecast duration: 2022-08-12 00:00:00 to 2022-08-13 00:00:00
[2026-05-19 10:07:53] Number of forecast images: 24
[2026-05-19 10:07:53] Using forecast run: 2022-08-11 18:00:00 UTC
[2026-05-19 10:07:54] Forecast Rain Available hours: [6, 7, 8, 9, 10, 11, 12, 13, 14, 15, 16, 17, 18, 19, 20, 21, 22, 23, 24, 25, 26, 27, 28, 29]
[2026-05-19 10:07:54] Valid hours for sum: [12, 18, 24, 29]
[2026-05-19 10:07:55] Drought composite end date: 2022-08-08 06:00:00
[2026-05-19 10:07:56] Land cover year: 2021
[2026-05-19 10:07:57] VIIRS Veg composite: 2022-07-28 → 2022-08-13
[2026-05-19 10:07:59] Started export task: fire_177_dynamic_2022-08-11
[2026-05-19 10:08:00] ------ Processing date=2022-08-12 ------
[2026-05-19 10:08:00] Using viirs_af_path: viirs_af_path
[2026-05-19 10:08:00] VIIRS Image Date: ['2022-08-12 00:00:00']
[2026-05-19 10:08:00] Weather image size: 1
[2026-05-19 10:08:00] Forecast duration: 2022-08-13 00:00:00 to 2022-08-14 00:00:00
[2026-05-19 10:08:01] Number of forecast images: 24
[2026-05-19 10:08:01] Using forecast run: 2022-08-12 18:00:00 UTC
[2026-05-19 10:08:01] Forecast Rain Available hours: [6, 7, 8, 9, 10, 11, 12, 13, 14, 15, 16, 17, 18, 19, 20, 21, 22, 23, 24, 25, 26, 27, 28, 29]
[2026-05-19 10:08:01] Valid hours for sum: [12, 18, 24, 29]
[2026-05-19 10:08:04] Drought composite end date: 2022-08-08 06:00:00
[2026-05-19 10:08:04] Land cover year: 2021
[2026-05-19 10:08:05] VIIRS Veg composite: 2022-07-28 → 2022-08-13
[2026-05-19 10:08:08] Started export task: fire_177_dynamic_2022-08-12
[2026-05-19 10:08:08] ------ Processing date=2022-08-13 ------
[2026-05-19 10:08:08] Using viirs_af_path: viirs_af_path
[2026-05-19 10:08:08] VIIRS Image Date: ['2022-08-13 00:00:00']
[2026-05-19 10:08:08] Weather image size: 1
[2026-05-19 10:08:08] Forecast duration: 2022-08-14 00:00:00 to 2022-08-15 00:00:00
[2026-05-19 10:08:10] Number of forecast images: 24
[2026-05-19 10:08:10] Using forecast run: 2022-08-13 18:00:00 UTC
[2026-05-19 10:08:10] Forecast Rain Available hours: [6, 7, 8, 9, 10, 11, 12, 13, 14, 15, 16, 17, 18, 19, 20, 21, 22, 23, 24, 25, 26, 27, 28, 29]
[2026-05-19 10:08:10] Valid hours for sum: [12, 18, 24, 29]
[2026-05-19 10:08:16] Drought composite end date: 2022-08-08 06:00:00
[2026-05-19 10:08:17] Land cover year: 2021
[2026-05-19 10:08:18] VIIRS Veg composite: 2022-07-28 → 2022-08-13
[2026-05-19 10:08:22] Started export task: fire_177_dynamic_2022-08-13
[2026-05-19 10:08:22] ------ Processing date=2022-08-14 ------
[2026-05-19 10:08:22] Using viirs_af_path: viirs_af_path
[2026-05-19 10:08:22] VIIRS Image Date: ['2022-08-14 00:00:00']
[2026-05-19 10:08:22] Weather image size: 1
[2026-05-19 10:08:22] Forecast duration: 2022-08-15 00:00:00 to 2022-08-16 00:00:00
[2026-05-19 10:08:23] Number of forecast images: 24
[2026-05-19 10:08:23] Using forecast run: 2022-08-14 18:00:00 UTC
[2026-05-19 10:08:24] Forecast Rain Available hours: [6, 7, 8, 9, 10, 11, 12, 13, 14, 15, 16, 17, 18, 19, 20, 21, 22, 23, 24, 25, 26, 27, 28, 29]
[2026-05-19 10:08:24] Valid hours for sum: [12, 18, 24, 29]
[2026-05-19 10:08:25] Drought composite end date: 2022-08-13 06:00:00
[2026-05-19 10:08:25] Land cover year: 2021
[2026-05-19 10:08:26] VIIRS Veg composite: 2022-07-28 → 2022-08-13
[2026-05-19 10:08:30] Started export task: fire_177_dynamic_2022-08-14
[2026-05-19 10:08:31] ------ Processing date=2022-08-15 ------
[2026-05-19 10:08:31] Using viirs_af_path: viirs_af_path
[2026-05-19 10:08:31] VIIRS Image Date: ['2022-08-15 00:00:00']
[2026-05-19 10:08:31] Weather image size: 1
[2026-05-19 10:08:31] Forecast duration: 2022-08-16 00:00:00 to 2022-08-17 00:00:00
[2026-05-19 10:08:32] Number of forecast images: 24
[2026-05-19 10:08:32] Using forecast run: 2022-08-15 18:00:00 UTC
[2026-05-19 10:08:33] Forecast Rain Available hours: [6, 7, 8, 9, 10, 11, 12, 13, 14, 15, 16, 17, 18, 19, 20, 21, 22, 23, 24, 25, 26, 27, 28, 29]
[2026-05-19 10:08:33] Valid hours for sum: [12, 18, 24, 29]
[2026-05-19 10:08:34] Drought composite end date: 2022-08-13 06:00:00
[2026-05-19 10:08:40] Land cover year: 2021
[2026-05-19 10:08:41] VIIRS Veg composite: 2022-07-28 → 2022-08-13
[2026-05-19 10:08:45] Started export task: fire_177_dynamic_2022-08-15
[2026-05-19 10:08:45] ------ Processing date=2022-08-16 ------
[2026-05-19 10:08:45] Using viirs_af_path: viirs_af_path
[2026-05-19 10:08:45] VIIRS Image Date: ['2022-08-16 00:00:00']
[2026-05-19 10:08:46] Weather image size: 1
[2026-05-19 10:08:46] Forecast duration: 2022-08-17 00:00:00 to 2022-08-18 00:00:00
[2026-05-19 10:08:46] Number of forecast images: 24
[2026-05-19 10:08:46] Using forecast run: 2022-08-16 18:00:00 UTC
[2026-05-19 10:08:47] Forecast Rain Available hours: [6, 7, 8, 9, 10, 11, 12, 13, 14, 15, 16, 17, 18, 19, 20, 21, 22, 23, 24, 25, 26, 27, 28, 29]
[2026-05-19 10:08:47] Valid hours for sum: [12, 18, 24, 29]
[2026-05-19 10:08:48] Drought composite end date: 2022-08-13 06:00:00
[2026-05-19 10:08:49] Land cover year: 2021
[2026-05-19 10:08:49] VIIRS Veg composite: 2022-07-28 → 2022-08-13
[2026-05-19 10:08:57] Started export task: fire_177_dynamic_2022-08-16
[2026-05-19 10:08:58] ------ Processing date=2022-08-17 ------
[2026-05-19 10:08:58] Using viirs_af_path: viirs_af_path
[2026-05-19 10:08:58] VIIRS Image Date: ['2022-08-17 00:00:00']
[2026-05-19 10:08:59] Weather image size: 1
[2026-05-19 10:08:59] Forecast duration: 2022-08-18 00:00:00 to 2022-08-19 00:00:00
[2026-05-19 10:09:00] Number of forecast images: 24
[2026-05-19 10:09:00] Using forecast run: 2022-08-17 18:00:00 UTC
[2026-05-19 10:09:01] Forecast Rain Available hours: [6, 7, 8, 9, 10, 11, 12, 13, 14, 15, 16, 17, 18, 19, 20, 21, 22, 23, 24, 25, 26, 27, 28, 29]
[2026-05-19 10:09:01] Valid hours for sum: [12, 18, 24, 29]
[2026-05-19 10:09:02] Drought composite end date: 2022-08-13 06:00:00
[2026-05-19 10:09:02] Land cover year: 2021
[2026-05-19 10:09:03] VIIRS Veg composite: 2022-07-28 → 2022-08-13
[2026-05-19 10:09:13] Started export task: fire_177_dynamic_2022-08-17
[2026-05-19 10:09:13] ------ Processing date=2022-08-18 ------
[2026-05-19 10:09:13] Using viirs_af_path: viirs_af_path
[2026-05-19 10:09:13] VIIRS Image Date: ['2022-08-18 00:00:00']
[2026-05-19 10:09:13] Weather image size: 1
[2026-05-19 10:09:13] Forecast duration: 2022-08-19 00:00:00 to 2022-08-20 00:00:00
[2026-05-19 10:09:14] Number of forecast images: 24
[2026-05-19 10:09:14] Using forecast run: 2022-08-18 18:00:00 UTC
[2026-05-19 10:09:15] Forecast Rain Available hours: [6, 7, 8, 9, 10, 11, 12, 13, 14, 15, 16, 17, 18, 19, 20, 21, 22, 23, 24, 25, 26, 27, 28, 29]
[2026-05-19 10:09:15] Valid hours for sum: [12, 18, 24, 29]
[2026-05-19 10:09:17] Drought composite end date: 2022-08-13 06:00:00
[2026-05-19 10:09:17] Land cover year: 2021
[2026-05-19 10:09:18] VIIRS Veg composite: 2022-07-28 → 2022-08-13
[2026-05-19 10:09:22] Started export task: fire_177_dynamic_2022-08-18
[2026-05-19 10:09:23] ------ Processing date=2022-08-19 ------
[2026-05-19 10:09:23] Using viirs_af_path: viirs_af_path
[2026-05-19 10:09:23] VIIRS Image Date: ['2022-08-19 00:00:00']
[2026-05-19 10:09:23] Weather image size: 1
[2026-05-19 10:09:23] Forecast duration: 2022-08-20 00:00:00 to 2022-08-21 00:00:00
[2026-05-19 10:09:24] Number of forecast images: 24
[2026-05-19 10:09:24] Using forecast run: 2022-08-19 18:00:00 UTC
[2026-05-19 10:09:25] Forecast Rain Available hours: [6, 7, 8, 9, 10, 11, 12, 13, 14, 15, 16, 17, 18, 19, 20, 21, 22, 23, 24, 25, 26, 27, 28, 29]
[2026-05-19 10:09:25] Valid hours for sum: [12, 18, 24, 29]
[2026-05-19 10:09:26] Drought composite end date: 2022-08-18 06:00:00
[2026-05-19 10:09:26] Land cover year: 2021
[2026-05-19 10:09:27] VIIRS Veg composite: 2022-07-28 → 2022-08-13
[2026-05-19 10:09:31] Started export task: fire_177_dynamic_2022-08-19
[2026-05-19 10:09:31] ------ Processing date=2022-08-20 ------
[2026-05-19 10:09:31] Using viirs_af_path: viirs_af_path
[2026-05-19 10:09:31] VIIRS Image Date: ['2022-08-20 00:00:00']
[2026-05-19 10:09:31] Weather image size: 1
[2026-05-19 10:09:31] Forecast duration: 2022-08-21 00:00:00 to 2022-08-22 00:00:00
[2026-05-19 10:09:33] Number of forecast images: 24
[2026-05-19 10:09:33] Using forecast run: 2022-08-20 18:00:00 UTC
[2026-05-19 10:09:33] Forecast Rain Available hours: [6, 7, 8, 9, 10, 11, 12, 13, 14, 15, 16, 17, 18, 19, 20, 21, 22, 23, 24, 25, 26, 27, 28, 29]
[2026-05-19 10:09:33] Valid hours for sum: [12, 18, 24, 29]
[2026-05-19 10:09:35] Drought composite end date: 2022-08-18 06:00:00
[2026-05-19 10:09:36] Land cover year: 2021
[2026-05-19 10:09:37] VIIRS Veg composite: 2022-07-28 → 2022-08-13
[2026-05-19 10:09:40] Started export task: fire_177_dynamic_2022-08-20
[2026-05-19 10:09:41] ------ Processing date=2022-08-21 ------
[2026-05-19 10:09:41] Using viirs_af_path: viirs_af_path
[2026-05-19 10:09:41] VIIRS Image Date: ['2022-08-21 00:00:00']
[2026-05-19 10:09:41] Weather image size: 1
[2026-05-19 10:09:41] Forecast duration: 2022-08-22 00:00:00 to 2022-08-23 00:00:00
[2026-05-19 10:09:42] Number of forecast images: 24
[2026-05-19 10:09:42] Using forecast run: 2022-08-21 18:00:00 UTC
[2026-05-19 10:09:42] Forecast Rain Available hours: [6, 7, 8, 9, 10, 11, 12, 13, 14, 15, 16, 17, 18, 19, 20, 21, 22, 23, 24, 25, 26, 27, 28, 29]
[2026-05-19 10:09:42] Valid hours for sum: [12, 18, 24, 29]
[2026-05-19 10:09:44] Drought composite end date: 2022-08-18 06:00:00
[2026-05-19 10:09:45] Land cover year: 2021
[2026-05-19 10:09:45] VIIRS Veg composite: 2022-07-28 → 2022-08-13
[2026-05-19 10:09:49] Started export task: fire_177_dynamic_2022-08-21
[2026-05-19 10:09:49] ------ Processing date=2022-08-22 ------
[2026-05-19 10:09:49] Using viirs_af_path: viirs_af_path
[2026-05-19 10:09:50] VIIRS Image Date: ['2022-08-22 00:00:00']
[2026-05-19 10:09:50] Weather image size: 1
[2026-05-19 10:09:50] Forecast duration: 2022-08-23 00:00:00 to 2022-08-24 00:00:00
[2026-05-19 10:09:51] Number of forecast images: 24
[2026-05-19 10:09:51] Using forecast run: 2022-08-22 18:00:00 UTC
[2026-05-19 10:09:51] Forecast Rain Available hours: [6, 7, 8, 9, 10, 11, 12, 13, 14, 15, 16, 17, 18, 19, 20, 21, 22, 23, 24, 25, 26, 27, 28, 29]
[2026-05-19 10:09:51] Valid hours for sum: [12, 18, 24, 29]
[2026-05-19 10:09:52] Drought composite end date: 2022-08-18 06:00:00
[2026-05-19 10:09:53] Land cover year: 2021
[2026-05-19 10:09:53] VIIRS Veg composite: 2022-07-28 → 2022-08-13
[2026-05-19 10:09:58] Started export task: fire_177_dynamic_2022-08-22
[2026-05-19 10:09:58] ------ Processing date=2022-08-23 ------
[2026-05-19 10:09:58] Using viirs_af_path: viirs_af_path
[2026-05-19 10:09:58] VIIRS Image Date: ['2022-08-23 00:00:00']
[2026-05-19 10:09:59] Weather image size: 1
[2026-05-19 10:09:59] Forecast duration: 2022-08-24 00:00:00 to 2022-08-25 00:00:00
[2026-05-19 10:10:00] Number of forecast images: 24
[2026-05-19 10:10:00] Using forecast run: 2022-08-23 18:00:00 UTC
[2026-05-19 10:10:00] Forecast Rain Available hours: [6, 7, 8, 9, 10, 11, 12, 13, 14, 15, 16, 17, 18, 19, 20, 21, 22, 23, 24, 25, 26, 27, 28, 29]
[2026-05-19 10:10:00] Valid hours for sum: [12, 18, 24, 29]
[2026-05-19 10:10:02] Drought composite end date: 2022-08-18 06:00:00
[2026-05-19 10:10:02] Land cover year: 2021
[2026-05-19 10:10:02] VIIRS Veg composite: 2022-07-28 → 2022-08-13
[2026-05-19 10:10:08] Started export task: fire_177_dynamic_2022-08-23
[2026-05-19 10:10:08] ------ Processing date=2022-08-24 ------
[2026-05-19 10:10:08] Using viirs_af_path: viirs_af_path
[2026-05-19 10:10:09] VIIRS Image Date: ['2022-08-24 00:00:00']
[2026-05-19 10:10:09] Weather image size: 1
[2026-05-19 10:10:09] Forecast duration: 2022-08-25 00:00:00 to 2022-08-26 00:00:00
[2026-05-19 10:10:10] Number of forecast images: 24
[2026-05-19 10:10:10] Using forecast run: 2022-08-24 18:00:00 UTC
[2026-05-19 10:10:10] Forecast Rain Available hours: [6, 7, 8, 9, 10, 11, 12, 13, 14, 15, 16, 17, 18, 19, 20, 21, 22, 23, 24, 25, 26, 27, 28, 29]
[2026-05-19 10:10:10] Valid hours for sum: [12, 18, 24, 29]
[2026-05-19 10:10:12] Drought composite end date: 2022-08-23 06:00:00
[2026-05-19 10:10:12] Land cover year: 2021
[2026-05-19 10:10:13] VIIRS Veg composite: 2022-07-28 → 2022-08-13
[2026-05-19 10:10:17] Started export task: fire_177_dynamic_2022-08-24
[2026-05-19 10:10:17] ------ Processing date=2022-08-25 ------
[2026-05-19 10:10:17] Using viirs_af_path: viirs_af_path
[2026-05-19 10:10:17] VIIRS Image Date: ['2022-08-25 00:00:00']
[2026-05-19 10:10:18] Weather image size: 1
[2026-05-19 10:10:18] Forecast duration: 2022-08-26 00:00:00 to 2022-08-27 00:00:00
[2026-05-19 10:10:19] Number of forecast images: 24
[2026-05-19 10:10:19] Using forecast run: 2022-08-25 18:00:00 UTC
[2026-05-19 10:10:19] Forecast Rain Available hours: [6, 7, 8, 9, 10, 11, 12, 13, 14, 15, 16, 17, 18, 19, 20, 21, 22, 23, 24, 25, 26, 27, 28, 29]
[2026-05-19 10:10:19] Valid hours for sum: [12, 18, 24, 29]
[2026-05-19 10:10:21] Drought composite end date: 2022-08-23 06:00:00
[2026-05-19 10:10:21] Land cover year: 2021
[2026-05-19 10:10:22] VIIRS Veg composite: 2022-07-28 → 2022-08-13
[2026-05-19 10:10:26] Started export task: fire_177_dynamic_2022-08-25
[2026-05-19 10:10:27] ------ Processing date=2022-08-26 ------
[2026-05-19 10:10:27] Using viirs_af_path: viirs_af_path
[2026-05-19 10:10:27] VIIRS Image Date: ['2022-08-26 00:00:00']
[2026-05-19 10:10:27] Weather image size: 1
[2026-05-19 10:10:27] Forecast duration: 2022-08-27 00:00:00 to 2022-08-28 00:00:00
[2026-05-19 10:10:28] Number of forecast images: 23
[2026-05-19 10:10:28] Using forecast run: 2022-08-26 18:00:00 UTC
[2026-05-19 10:10:29] Forecast Rain Available hours: [6, 7, 8, 9, 10, 11, 12, 13, 15, 16, 17, 18, 19, 20, 21, 22, 23, 24, 25, 26, 27, 28, 29]
[2026-05-19 10:10:29] Valid hours for sum: [12, 18, 24, 29]
[2026-05-19 10:10:31] Drought composite end date: 2022-08-23 06:00:00
[2026-05-19 10:10:31] Land cover year: 2021
[2026-05-19 10:10:32] VIIRS Veg composite: 2022-07-28 → 2022-08-13
[2026-05-19 10:10:35] Started export task: fire_177_dynamic_2022-08-26
[2026-05-19 10:10:36] ------ Processing date=2022-08-27 ------
[2026-05-19 10:10:36] Using viirs_af_path: viirs_af_path
[2026-05-19 10:10:36] VIIRS Image Date: ['2022-08-27 00:00:00']
[2026-05-19 10:10:36] Weather image size: 1
[2026-05-19 10:10:36] Forecast duration: 2022-08-28 00:00:00 to 2022-08-29 00:00:00
[2026-05-19 10:10:37] Number of forecast images: 24
[2026-05-19 10:10:37] Using forecast run: 2022-08-27 18:00:00 UTC
[2026-05-19 10:10:38] Forecast Rain Available hours: [6, 7, 8, 9, 10, 11, 12, 13, 14, 15, 16, 17, 18, 19, 20, 21, 22, 23, 24, 25, 26, 27, 28, 29]
[2026-05-19 10:10:38] Valid hours for sum: [12, 18, 24, 29]
[2026-05-19 10:10:40] Drought composite end date: 2022-08-23 06:00:00
[2026-05-19 10:10:41] Land cover year: 2021
[2026-05-19 10:10:42] VIIRS Veg composite: 2022-07-28 → 2022-08-13
[2026-05-19 10:10:45] Started export task: fire_177_dynamic_2022-08-27
[2026-05-19 10:10:46] ------ Processing date=2022-08-28 ------
[2026-05-19 10:10:46] Using viirs_af_path: viirs_af_path
[2026-05-19 10:10:46] VIIRS Image Date: ['2022-08-28 00:00:00']
[2026-05-19 10:10:46] Weather image size: 1
[2026-05-19 10:10:46] Forecast duration: 2022-08-29 00:00:00 to 2022-08-30 00:00:00
[2026-05-19 10:10:47] Number of forecast images: 23
[2026-05-19 10:10:47] Using forecast run: 2022-08-28 18:00:00 UTC
[2026-05-19 10:10:47] Forecast Rain Available hours: [6, 7, 8, 9, 10, 11, 12, 13, 14, 16, 17, 18, 19, 20, 21, 22, 23, 24, 25, 26, 27, 28, 29]
[2026-05-19 10:10:47] Valid hours for sum: [12, 18, 24, 29]
[2026-05-19 10:10:50] Drought composite end date: 2022-08-23 06:00:00
[2026-05-19 10:10:50] Land cover year: 2021
[2026-05-19 10:10:51] VIIRS Veg composite: 2022-07-28 → 2022-08-13
[2026-05-19 10:10:55] Started export task: fire_177_dynamic_2022-08-28
[2026-05-19 10:10:55] ------ Processing date=2022-08-29 ------
[2026-05-19 10:10:55] Using viirs_af_path: viirs_af_path
[2026-05-19 10:10:55] VIIRS Image Date: ['2022-08-29 00:00:00']
[2026-05-19 10:10:56] Weather image size: 1
[2026-05-19 10:10:56] Forecast duration: 2022-08-30 00:00:00 to 2022-08-31 00:00:00
[2026-05-19 10:10:57] Number of forecast images: 24
[2026-05-19 10:10:57] Using forecast run: 2022-08-29 18:00:00 UTC
[2026-05-19 10:10:57] Forecast Rain Available hours: [6, 7, 8, 9, 10, 11, 12, 13, 14, 15, 16, 17, 18, 19, 20, 21, 22, 23, 24, 25, 26, 27, 28, 29]
[2026-05-19 10:10:57] Valid hours for sum: [12, 18, 24, 29]
[2026-05-19 10:11:00] Drought composite end date: 2022-08-28 06:00:00
[2026-05-19 10:11:01] Land cover year: 2021
[2026-05-19 10:11:01] VIIRS Veg composite: 2022-07-28 → 2022-08-13
[2026-05-19 10:11:05] Started export task: fire_177_dynamic_2022-08-29
[2026-05-19 10:11:05] ------ Processing date=2022-08-30 ------
[2026-05-19 10:11:05] Using viirs_af_path: viirs_af_path
[2026-05-19 10:11:05] VIIRS Image Date: ['2022-08-30 00:00:00']
[2026-05-19 10:11:05] Weather image size: 1
[2026-05-19 10:11:05] Forecast duration: 2022-08-31 00:00:00 to 2022-09-01 00:00:00
[2026-05-19 10:11:06] Number of forecast images: 24
[2026-05-19 10:11:06] Using forecast run: 2022-08-30 18:00:00 UTC
[2026-05-19 10:11:06] Forecast Rain Available hours: [6, 7, 8, 9, 10, 11, 12, 13, 14, 15, 16, 17, 18, 19, 20, 21, 22, 23, 24, 25, 26, 27, 28, 29]
[2026-05-19 10:11:06] Valid hours for sum: [12, 18, 24, 29]
[2026-05-19 10:11:08] Drought composite end date: 2022-08-28 06:00:00
[2026-05-19 10:11:08] Land cover year: 2021
[2026-05-19 10:11:10] VIIRS Veg composite: 2022-07-28 → 2022-08-13
[2026-05-19 10:11:13] Started export task: fire_177_dynamic_2022-08-30
[2026-05-19 10:11:14] ------ Processing date=2022-08-31 ------
[2026-05-19 10:11:14] Using viirs_af_path: viirs_af_path
[2026-05-19 10:11:14] VIIRS Image Date: ['2022-08-31 00:00:00']
[2026-05-19 10:11:14] Weather image size: 1
[2026-05-19 10:11:14] Forecast duration: 2022-09-01 00:00:00 to 2022-09-02 00:00:00
[2026-05-19 10:11:15] Number of forecast images: 24
[2026-05-19 10:11:15] Using forecast run: 2022-08-31 18:00:00 UTC
[2026-05-19 10:11:16] Forecast Rain Available hours: [6, 7, 8, 9, 10, 11, 12, 13, 14, 15, 16, 17, 18, 19, 20, 21, 22, 23, 24, 25, 26, 27, 28, 29]
[2026-05-19 10:11:16] Valid hours for sum: [12, 18, 24, 29]
[2026-05-19 10:11:18] Drought composite end date: 2022-08-28 06:00:00
[2026-05-19 10:11:18] Land cover year: 2021
[2026-05-19 10:11:19] VIIRS Veg composite: 2022-07-28 → 2022-08-13
[2026-05-19 10:11:24] Started export task: fire_177_dynamic_2022-08-31
[2026-05-19 10:11:25] ------ Processing date=2022-09-01 ------
[2026-05-19 10:11:25] Using viirs_af_path: viirs_af_path
[2026-05-19 10:11:25] VIIRS Image Date: ['2022-09-01 00:00:00']
[2026-05-19 10:11:26] Weather image size: 1
[2026-05-19 10:11:26] Forecast duration: 2022-09-02 00:00:00 to 2022-09-03 00:00:00
[2026-05-19 10:11:27] Number of forecast images: 23
[2026-05-19 10:11:27] Using forecast run: 2022-09-01 18:00:00 UTC
[2026-05-19 10:11:27] Forecast Rain Available hours: [6, 7, 8, 9, 10, 11, 12, 13, 14, 15, 16, 17, 18, 20, 21, 22, 23, 24, 25, 26, 27, 28, 29]
[2026-05-19 10:11:27] Valid hours for sum: [12, 18, 24, 29]
[2026-05-19 10:11:30] Drought composite end date: 2022-08-28 06:00:00
[2026-05-19 10:11:30] Land cover year: 2021
[2026-05-19 10:11:31] VIIRS Veg composite: 2022-07-28 → 2022-08-13
[2026-05-19 10:11:34] Started export task: fire_177_dynamic_2022-09-01
[2026-05-19 10:11:34] ------ Processing date=2022-09-02 ------
[2026-05-19 10:11:34] Using viirs_af_path: viirs_af_path
[2026-05-19 10:11:34] VIIRS Image Date: ['2022-09-02 00:00:00']
[2026-05-19 10:11:34] Weather image size: 1
[2026-05-19 10:11:34] Forecast duration: 2022-09-03 00:00:00 to 2022-09-04 00:00:00
[2026-05-19 10:11:35] Number of forecast images: 24
[2026-05-19 10:11:35] Using forecast run: 2022-09-02 18:00:00 UTC
[2026-05-19 10:11:36] Forecast Rain Available hours: [6, 7, 8, 9, 10, 11, 12, 13, 14, 15, 16, 17, 18, 19, 20, 21, 22, 23, 24, 25, 26, 27, 28, 29]
[2026-05-19 10:11:36] Valid hours for sum: [12, 18, 24, 29]
[2026-05-19 10:11:37] Drought composite end date: 2022-08-28 06:00:00
[2026-05-19 10:11:38] Land cover year: 2021
[2026-05-19 10:11:39] VIIRS Veg composite: 2022-07-28 → 2022-08-13
[2026-05-19 10:11:42] Started export task: fire_177_dynamic_2022-09-02
[2026-05-19 10:11:42] ------ Processing date=2022-09-03 ------
[2026-05-19 10:11:42] Using viirs_af_path: viirs_af_path
[2026-05-19 10:11:42] VIIRS Image Date: ['2022-09-03 00:00:00']
[2026-05-19 10:11:42] Weather image size: 1
[2026-05-19 10:11:42] Forecast duration: 2022-09-04 00:00:00 to 2022-09-05 00:00:00
[2026-05-19 10:11:43] Number of forecast images: 24
[2026-05-19 10:11:43] Using forecast run: 2022-09-03 18:00:00 UTC
[2026-05-19 10:11:44] Forecast Rain Available hours: [6, 7, 8, 9, 10, 11, 12, 13, 14, 15, 16, 17, 18, 19, 20, 21, 22, 23, 24, 25, 26, 27, 28, 29]
[2026-05-19 10:11:44] Valid hours for sum: [12, 18, 24, 29]
[2026-05-19 10:11:46] Drought composite end date: 2022-09-02 06:00:00
[2026-05-19 10:11:46] Land cover year: 2021
[2026-05-19 10:11:47] VIIRS Veg composite: 2022-07-28 → 2022-08-13
[2026-05-19 10:11:53] Started export task: fire_177_dynamic_2022-09-03
[2026-05-19 10:11:53] ------ Processing date=2022-09-04 ------
[2026-05-19 10:11:53] Using viirs_af_path: viirs_af_path
[2026-05-19 10:11:53] VIIRS Image Date: ['2022-09-04 00:00:00']
[2026-05-19 10:11:53] Weather image size: 1
[2026-05-19 10:11:53] Forecast duration: 2022-09-05 00:00:00 to 2022-09-06 00:00:00
[2026-05-19 10:11:54] Number of forecast images: 24
[2026-05-19 10:11:54] Using forecast run: 2022-09-04 18:00:00 UTC
[2026-05-19 10:11:55] Forecast Rain Available hours: [6, 7, 8, 9, 10, 11, 12, 13, 14, 15, 16, 17, 18, 19, 20, 21, 22, 23, 24, 25, 26, 27, 28, 29]
[2026-05-19 10:11:55] Valid hours for sum: [12, 18, 24, 29]
[2026-05-19 10:11:57] Drought composite end date: 2022-09-02 06:00:00
[2026-05-19 10:11:57] Land cover year: 2021
[2026-05-19 10:11:58] VIIRS Veg composite: 2022-07-28 → 2022-08-13
[2026-05-19 10:12:02] Started export task: fire_177_dynamic_2022-09-04
[2026-05-19 10:12:03] ------ Processing date=2022-09-05 ------
[2026-05-19 10:12:03] Using viirs_af_path: viirs_af_path
[2026-05-19 10:12:03] VIIRS Image Date: ['2022-09-05 00:00:00']
[2026-05-19 10:12:03] Weather image size: 1
[2026-05-19 10:12:03] Forecast duration: 2022-09-06 00:00:00 to 2022-09-07 00:00:00
[2026-05-19 10:12:04] Number of forecast images: 24
[2026-05-19 10:12:04] Using forecast run: 2022-09-05 18:00:00 UTC
[2026-05-19 10:12:05] Forecast Rain Available hours: [6, 7, 8, 9, 10, 11, 12, 13, 14, 15, 16, 17, 18, 19, 20, 21, 22, 23, 24, 25, 26, 27, 28, 29]
[2026-05-19 10:12:05] Valid hours for sum: [12, 18, 24, 29]
[2026-05-19 10:12:07] Drought composite end date: 2022-09-02 06:00:00
[2026-05-19 10:12:07] Land cover year: 2021
[2026-05-19 10:12:08] VIIRS Veg composite: 2022-07-28 → 2022-08-13
[2026-05-19 10:12:17] Started export task: fire_177_dynamic_2022-09-05
[2026-05-19 10:12:17] ------ Processing date=2022-09-06 ------
[2026-05-19 10:12:17] Using viirs_af_path: viirs_af_path
[2026-05-19 10:12:17] VIIRS Image Date: ['2022-09-06 00:00:00']
[2026-05-19 10:12:18] Weather image size: 1
[2026-05-19 10:12:18] Forecast duration: 2022-09-07 00:00:00 to 2022-09-08 00:00:00
[2026-05-19 10:12:19] Number of forecast images: 24
[2026-05-19 10:12:19] Using forecast run: 2022-09-06 18:00:00 UTC
[2026-05-19 10:12:19] Forecast Rain Available hours: [6, 7, 8, 9, 10, 11, 12, 13, 14, 15, 16, 17, 18, 19, 20, 21, 22, 23, 24, 25, 26, 27, 28, 29]
[2026-05-19 10:12:19] Valid hours for sum: [12, 18, 24, 29]
[2026-05-19 10:12:21] Drought composite end date: 2022-09-02 06:00:00
[2026-05-19 10:12:21] Land cover year: 2021
[2026-05-19 10:12:22] VIIRS Veg composite: 2022-07-28 → 2022-08-13
[2026-05-19 10:12:25] Started export task: fire_177_dynamic_2022-09-06
[2026-05-19 10:12:25] ------ Processing date=2022-09-07 ------
[2026-05-19 10:12:25] Using viirs_af_path: viirs_af_path
[2026-05-19 10:12:25] VIIRS Image Date: ['2022-09-07 00:00:00']
[2026-05-19 10:12:25] Weather image size: 1
[2026-05-19 10:12:25] Forecast duration: 2022-09-08 00:00:00 to 2022-09-09 00:00:00
[2026-05-19 10:12:26] Number of forecast images: 24
[2026-05-19 10:12:26] Using forecast run: 2022-09-07 18:00:00 UTC
[2026-05-19 10:12:27] Forecast Rain Available hours: [6, 7, 8, 9, 10, 11, 12, 13, 14, 15, 16, 17, 18, 19, 20, 21, 22, 23, 24, 25, 26, 27, 28, 29]
[2026-05-19 10:12:27] Valid hours for sum: [12, 18, 24, 29]
[2026-05-19 10:12:29] Drought composite end date: 2022-09-02 06:00:00
[2026-05-19 10:12:29] Land cover year: 2021
[2026-05-19 10:12:31] VIIRS Veg composite: 2022-07-28 → 2022-08-13
[2026-05-19 10:12:35] Started export task: fire_177_dynamic_2022-09-07
[2026-05-19 10:12:36] ------ Processing date=2022-09-08 ------
[2026-05-19 10:12:36] Using viirs_af_path: viirs_af_path
[2026-05-19 10:12:36] VIIRS Image Date: ['2022-09-08 00:00:00']
[2026-05-19 10:12:36] Weather image size: 1
[2026-05-19 10:12:36] Forecast duration: 2022-09-09 00:00:00 to 2022-09-10 00:00:00
[2026-05-19 10:12:37] Number of forecast images: 24
[2026-05-19 10:12:37] Using forecast run: 2022-09-08 18:00:00 UTC
[2026-05-19 10:12:38] Forecast Rain Available hours: [6, 7, 8, 9, 10, 11, 12, 13, 14, 15, 16, 17, 18, 19, 20, 21, 22, 23, 24, 25, 26, 27, 28, 29]
[2026-05-19 10:12:38] Valid hours for sum: [12, 18, 24, 29]
[2026-05-19 10:12:39] Drought composite end date: 2022-09-07 06:00:00
[2026-05-19 10:12:40] Land cover year: 2021
[2026-05-19 10:12:41] VIIRS Veg composite: 2022-07-28 → 2022-08-13
[2026-05-19 10:12:45] Started export task: fire_177_dynamic_2022-09-08
[2026-05-19 10:12:45] ------ Processing date=2022-09-09 ------
[2026-05-19 10:12:45] Using viirs_af_path: viirs_af_path
[2026-05-19 10:12:45] VIIRS Image Date: ['2022-09-09 00:00:00']
[2026-05-19 10:12:46] Weather image size: 1
[2026-05-19 10:12:46] Forecast duration: 2022-09-10 00:00:00 to 2022-09-11 00:00:00
[2026-05-19 10:12:47] Number of forecast images: 24
[2026-05-19 10:12:47] Using forecast run: 2022-09-09 18:00:00 UTC
[2026-05-19 10:12:48] Forecast Rain Available hours: [6, 7, 8, 9, 10, 11, 12, 13, 14, 15, 16, 17, 18, 19, 20, 21, 22, 23, 24, 25, 26, 27, 28, 29]
[2026-05-19 10:12:48] Valid hours for sum: [12, 18, 24, 29]
[2026-05-19 10:12:53] Drought composite end date: 2022-09-07 06:00:00
[2026-05-19 10:12:53] Land cover year: 2021
[2026-05-19 10:12:54] VIIRS Veg composite: 2022-07-28 → 2022-08-13
[2026-05-19 10:12:57] Started export task: fire_177_dynamic_2022-09-09
[2026-05-19 10:12:58] ------ Processing date=2022-09-10 ------
[2026-05-19 10:12:58] Using viirs_af_path: viirs_af_path
[2026-05-19 10:12:58] VIIRS Image Date: ['2022-09-10 00:00:00']
[2026-05-19 10:12:58] Weather image size: 1
[2026-05-19 10:12:58] Forecast duration: 2022-09-11 00:00:00 to 2022-09-12 00:00:00
[2026-05-19 10:12:59] Number of forecast images: 24
[2026-05-19 10:12:59] Using forecast run: 2022-09-10 18:00:00 UTC
[2026-05-19 10:12:59] Forecast Rain Available hours: [6, 7, 8, 9, 10, 11, 12, 13, 14, 15, 16, 17, 18, 19, 20, 21, 22, 23, 24, 25, 26, 27, 28, 29]
[2026-05-19 10:12:59] Valid hours for sum: [12, 18, 24, 29]
[2026-05-19 10:13:02] Drought composite end date: 2022-09-07 06:00:00
[2026-05-19 10:13:02] Land cover year: 2021
[2026-05-19 10:13:03] VIIRS Veg composite: 2022-07-28 → 2022-08-13
[2026-05-19 10:13:07] Started export task: fire_177_dynamic_2022-09-10
[2026-05-19 10:13:07] ------ Processing date=2022-09-11 ------
[2026-05-19 10:13:07] Using viirs_af_path: viirs_af_path
[2026-05-19 10:13:08] VIIRS Image Date: ['2022-09-11 00:00:00']
[2026-05-19 10:13:08] Weather image size: 1
[2026-05-19 10:13:08] Forecast duration: 2022-09-12 00:00:00 to 2022-09-13 00:00:00
[2026-05-19 10:13:09] Number of forecast images: 23
[2026-05-19 10:13:09] Using forecast run: 2022-09-11 18:00:00 UTC
[2026-05-19 10:13:10] Forecast Rain Available hours: [6, 7, 8, 9, 10, 11, 12, 13, 14, 15, 16, 17, 18, 19, 21, 22, 23, 24, 25, 26, 27, 28, 29]
[2026-05-19 10:13:10] Valid hours for sum: [12, 18, 24, 29]
[2026-05-19 10:13:12] Drought composite end date: 2022-09-07 06:00:00
[2026-05-19 10:13:12] Land cover year: 2021
[2026-05-19 10:13:13] VIIRS Veg composite: 2022-07-28 → 2022-08-13
[2026-05-19 10:13:16] Started export task: fire_177_dynamic_2022-09-11
[2026-05-19 10:13:17] END: ----------Event fire_177----------- (Duration: 6.50m)
[2026-05-19 10:13:17] START: ----------Event fire_178-----------
[2026-05-19 10:13:17] ------ Processing date=2022-08-06 ------
[2026-05-19 10:13:17] Using viirs_af_path: viirs_af_path
[2026-05-19 10:13:17] VIIRS Image Date: []
[2026-05-19 10:13:17] *** ERROR FLAG ***: VIIRS: no data for 2022-08-06, attempting interpolation...
[2026-05-19 10:13:21] *** ERROR FLAG ***: VIIRS: no valid image within 10 days BEFORE 2022-08-06 → assigning zeros
[2026-05-19 10:13:21] Weather image size: 1
[2026-05-19 10:13:21] Forecast duration: 2022-08-07 00:00:00 to 2022-08-08 00:00:00
[2026-05-19 10:13:22] Number of forecast images: 24
[2026-05-19 10:13:22] Using forecast run: 2022-08-06 18:00:00 UTC
[2026-05-19 10:13:23] Forecast Rain Available hours: [6, 7, 8, 9, 10, 11, 12, 13, 14, 15, 16, 17, 18, 19, 20, 21, 22, 23, 24, 25, 26, 27, 28, 29]
[2026-05-19 10:13:23] Valid hours for sum: [12, 18, 24, 29]
[2026-05-19 10:13:24] Drought composite end date: 2022-08-03 06:00:00
[2026-05-19 10:13:25] Land cover year: 2021
[2026-05-19 10:13:26] VIIRS Veg composite: 2022-07-28 → 2022-08-13
[2026-05-19 10:13:28] Started export task: fire_178_static
[2026-05-19 10:13:28] Started export task: fire_178_dynamic_2022-08-06
[2026-05-19 10:13:29] ------ Processing date=2022-08-07 ------
[2026-05-19 10:13:29] Using viirs_af_path: viirs_af_path
[2026-05-19 10:13:29] VIIRS Image Date: []
[2026-05-19 10:13:29] *** ERROR FLAG ***: VIIRS: no data for 2022-08-07, attempting interpolation...
[2026-05-19 10:13:32] *** ERROR FLAG ***: VIIRS: no valid image within 10 days BEFORE 2022-08-07 → assigning zeros
[2026-05-19 10:13:32] Weather image size: 1
[2026-05-19 10:13:32] Forecast duration: 2022-08-08 00:00:00 to 2022-08-09 00:00:00
[2026-05-19 10:13:34] Number of forecast images: 24
[2026-05-19 10:13:34] Using forecast run: 2022-08-07 18:00:00 UTC
[2026-05-19 10:13:35] Forecast Rain Available hours: [6, 7, 8, 9, 10, 11, 12, 13, 14, 15, 16, 17, 18, 19, 20, 21, 22, 23, 24, 25, 26, 27, 28, 29]
[2026-05-19 10:13:35] Valid hours for sum: [12, 18, 24, 29]
[2026-05-19 10:13:37] Drought composite end date: 2022-08-03 06:00:00
[2026-05-19 10:13:37] Land cover year: 2021
[2026-05-19 10:13:38] VIIRS Veg composite: 2022-07-28 → 2022-08-13
[2026-05-19 10:13:43] Started export task: fire_178_dynamic_2022-08-07
[2026-05-19 10:13:43] ------ Processing date=2022-08-08 ------
[2026-05-19 10:13:43] Using viirs_af_path: viirs_af_path
[2026-05-19 10:13:43] VIIRS Image Date: []
[2026-05-19 10:13:43] *** ERROR FLAG ***: VIIRS: no data for 2022-08-08, attempting interpolation...
[2026-05-19 10:13:47] *** ERROR FLAG ***: VIIRS: no valid image within 10 days BEFORE 2022-08-08 → assigning zeros
[2026-05-19 10:13:47] Weather image size: 1
[2026-05-19 10:13:47] Forecast duration: 2022-08-09 00:00:00 to 2022-08-10 00:00:00
[2026-05-19 10:13:48] Number of forecast images: 24
[2026-05-19 10:13:48] Using forecast run: 2022-08-08 18:00:00 UTC
[2026-05-19 10:13:49] Forecast Rain Available hours: [6, 7, 8, 9, 10, 11, 12, 13, 14, 15, 16, 17, 18, 19, 20, 21, 22, 23, 24, 25, 26, 27, 28, 29]
[2026-05-19 10:13:49] Valid hours for sum: [12, 18, 24, 29]
[2026-05-19 10:13:50] Drought composite end date: 2022-08-03 06:00:00
[2026-05-19 10:13:50] Land cover year: 2021
[2026-05-19 10:13:51] VIIRS Veg composite: 2022-07-28 → 2022-08-13
[2026-05-19 10:13:54] Started export task: fire_178_dynamic_2022-08-08
[2026-05-19 10:13:55] ------ Processing date=2022-08-09 ------
[2026-05-19 10:13:55] Using viirs_af_path: viirs_af_path
[2026-05-19 10:13:55] VIIRS Image Date: []
[2026-05-19 10:13:55] *** ERROR FLAG ***: VIIRS: no data for 2022-08-09, attempting interpolation...
[2026-05-19 10:13:58] *** ERROR FLAG ***: VIIRS: no valid image within 10 days BEFORE 2022-08-09 → assigning zeros
[2026-05-19 10:13:58] Weather image size: 1
[2026-05-19 10:13:58] Forecast duration: 2022-08-10 00:00:00 to 2022-08-11 00:00:00
[2026-05-19 10:13:59] Number of forecast images: 24
[2026-05-19 10:13:59] Using forecast run: 2022-08-09 18:00:00 UTC
[2026-05-19 10:13:59] Forecast Rain Available hours: [6, 7, 8, 9, 10, 11, 12, 13, 14, 15, 16, 17, 18, 19, 20, 21, 22, 23, 24, 25, 26, 27, 28, 29]
[2026-05-19 10:13:59] Valid hours for sum: [12, 18, 24, 29]
[2026-05-19 10:14:02] Drought composite end date: 2022-08-08 06:00:00
[2026-05-19 10:14:02] Land cover year: 2021
[2026-05-19 10:14:03] VIIRS Veg composite: 2022-07-28 → 2022-08-13
[2026-05-19 10:14:07] Started export task: fire_178_dynamic_2022-08-09
[2026-05-19 10:14:07] ------ Processing date=2022-08-10 ------
[2026-05-19 10:14:07] Using viirs_af_path: viirs_af_path
[2026-05-19 10:14:08] VIIRS Image Date: []
[2026-05-19 10:14:08] *** ERROR FLAG ***: VIIRS: no data for 2022-08-10, attempting interpolation...
[2026-05-19 10:14:10] *** ERROR FLAG ***: VIIRS: no valid image within 10 days BEFORE 2022-08-10 → assigning zeros
[2026-05-19 10:14:11] Weather image size: 1
[2026-05-19 10:14:11] Forecast duration: 2022-08-11 00:00:00 to 2022-08-12 00:00:00
[2026-05-19 10:14:11] Number of forecast images: 24
[2026-05-19 10:14:11] Using forecast run: 2022-08-10 18:00:00 UTC
[2026-05-19 10:14:12] Forecast Rain Available hours: [6, 7, 8, 9, 10, 11, 12, 13, 14, 15, 16, 17, 18, 19, 20, 21, 22, 23, 24, 25, 26, 27, 28, 29]
[2026-05-19 10:14:12] Valid hours for sum: [12, 18, 24, 29]
[2026-05-19 10:14:14] Drought composite end date: 2022-08-08 06:00:00
[2026-05-19 10:14:14] Land cover year: 2021
[2026-05-19 10:14:16] VIIRS Veg composite: 2022-07-28 → 2022-08-13
[2026-05-19 10:14:19] Started export task: fire_178_dynamic_2022-08-10
[2026-05-19 10:14:20] ------ Processing date=2022-08-11 ------
[2026-05-19 10:14:20] Using viirs_af_path: viirs_af_path
[2026-05-19 10:14:20] VIIRS Image Date: ['2022-08-11 00:00:00']
[2026-05-19 10:14:20] Weather image size: 1
[2026-05-19 10:14:20] Forecast duration: 2022-08-12 00:00:00 to 2022-08-13 00:00:00
[2026-05-19 10:14:21] Number of forecast images: 24
[2026-05-19 10:14:21] Using forecast run: 2022-08-11 18:00:00 UTC
[2026-05-19 10:14:21] Forecast Rain Available hours: [6, 7, 8, 9, 10, 11, 12, 13, 14, 15, 16, 17, 18, 19, 20, 21, 22, 23, 24, 25, 26, 27, 28, 29]
[2026-05-19 10:14:21] Valid hours for sum: [12, 18, 24, 29]
[2026-05-19 10:14:24] Drought composite end date: 2022-08-08 06:00:00
[2026-05-19 10:14:24] Land cover year: 2021
[2026-05-19 10:14:25] VIIRS Veg composite: 2022-07-28 → 2022-08-13
[2026-05-19 10:14:30] Started export task: fire_178_dynamic_2022-08-11
[2026-05-19 10:14:30] ------ Processing date=2022-08-12 ------
[2026-05-19 10:14:30] Using viirs_af_path: viirs_af_path
[2026-05-19 10:14:30] VIIRS Image Date: ['2022-08-12 00:00:00']
[2026-05-19 10:14:31] Weather image size: 1
[2026-05-19 10:14:31] Forecast duration: 2022-08-13 00:00:00 to 2022-08-14 00:00:00
[2026-05-19 10:14:32] Number of forecast images: 24
[2026-05-19 10:14:32] Using forecast run: 2022-08-12 18:00:00 UTC
[2026-05-19 10:14:32] Forecast Rain Available hours: [6, 7, 8, 9, 10, 11, 12, 13, 14, 15, 16, 17, 18, 19, 20, 21, 22, 23, 24, 25, 26, 27, 28, 29]
[2026-05-19 10:14:32] Valid hours for sum: [12, 18, 24, 29]
[2026-05-19 10:14:35] Drought composite end date: 2022-08-08 06:00:00
[2026-05-19 10:14:35] Land cover year: 2021
[2026-05-19 10:14:37] VIIRS Veg composite: 2022-07-28 → 2022-08-13
[2026-05-19 10:14:40] Started export task: fire_178_dynamic_2022-08-12
[2026-05-19 10:14:41] ------ Processing date=2022-08-13 ------
[2026-05-19 10:14:41] Using viirs_af_path: viirs_af_path
[2026-05-19 10:14:41] VIIRS Image Date: ['2022-08-13 00:00:00']
[2026-05-19 10:14:41] Weather image size: 1
[2026-05-19 10:14:41] Forecast duration: 2022-08-14 00:00:00 to 2022-08-15 00:00:00
[2026-05-19 10:14:42] Number of forecast images: 24
[2026-05-19 10:14:42] Using forecast run: 2022-08-13 18:00:00 UTC
[2026-05-19 10:14:42] Forecast Rain Available hours: [6, 7, 8, 9, 10, 11, 12, 13, 14, 15, 16, 17, 18, 19, 20, 21, 22, 23, 24, 25, 26, 27, 28, 29]
[2026-05-19 10:14:42] Valid hours for sum: [12, 18, 24, 29]
[2026-05-19 10:14:44] Drought composite end date: 2022-08-08 06:00:00
[2026-05-19 10:14:44] Land cover year: 2021
[2026-05-19 10:14:45] VIIRS Veg composite: 2022-07-28 → 2022-08-13
[2026-05-19 10:14:48] Started export task: fire_178_dynamic_2022-08-13
[2026-05-19 10:14:48] ------ Processing date=2022-08-14 ------
[2026-05-19 10:14:48] Using viirs_af_path: viirs_af_path
[2026-05-19 10:14:49] VIIRS Image Date: ['2022-08-14 00:00:00']
[2026-05-19 10:14:49] Weather image size: 1
[2026-05-19 10:14:49] Forecast duration: 2022-08-15 00:00:00 to 2022-08-16 00:00:00
[2026-05-19 10:14:50] Number of forecast images: 24
[2026-05-19 10:14:50] Using forecast run: 2022-08-14 18:00:00 UTC
[2026-05-19 10:14:50] Forecast Rain Available hours: [6, 7, 8, 9, 10, 11, 12, 13, 14, 15, 16, 17, 18, 19, 20, 21, 22, 23, 24, 25, 26, 27, 28, 29]
[2026-05-19 10:14:50] Valid hours for sum: [12, 18, 24, 29]
[2026-05-19 10:14:52] Drought composite end date: 2022-08-13 06:00:00
[2026-05-19 10:14:52] Land cover year: 2021
[2026-05-19 10:14:53] VIIRS Veg composite: 2022-07-28 → 2022-08-13
[2026-05-19 10:14:57] Started export task: fire_178_dynamic_2022-08-14
[2026-05-19 10:14:57] ------ Processing date=2022-08-15 ------
[2026-05-19 10:14:57] Using viirs_af_path: viirs_af_path
[2026-05-19 10:14:57] VIIRS Image Date: ['2022-08-15 00:00:00']
[2026-05-19 10:14:57] Weather image size: 1
[2026-05-19 10:14:57] Forecast duration: 2022-08-16 00:00:00 to 2022-08-17 00:00:00
[2026-05-19 10:14:59] Number of forecast images: 24
[2026-05-19 10:14:59] Using forecast run: 2022-08-15 18:00:00 UTC
[2026-05-19 10:14:59] Forecast Rain Available hours: [6, 7, 8, 9, 10, 11, 12, 13, 14, 15, 16, 17, 18, 19, 20, 21, 22, 23, 24, 25, 26, 27, 28, 29]
[2026-05-19 10:14:59] Valid hours for sum: [12, 18, 24, 29]
[2026-05-19 10:15:01] Drought composite end date: 2022-08-13 06:00:00
[2026-05-19 10:15:01] Land cover year: 2021
[2026-05-19 10:15:02] VIIRS Veg composite: 2022-07-28 → 2022-08-13
[2026-05-19 10:15:07] Started export task: fire_178_dynamic_2022-08-15
[2026-05-19 10:15:07] ------ Processing date=2022-08-16 ------
[2026-05-19 10:15:07] Using viirs_af_path: viirs_af_path
[2026-05-19 10:15:08] VIIRS Image Date: ['2022-08-16 00:00:00']
[2026-05-19 10:15:08] Weather image size: 1
[2026-05-19 10:15:08] Forecast duration: 2022-08-17 00:00:00 to 2022-08-18 00:00:00
[2026-05-19 10:15:09] Number of forecast images: 24
[2026-05-19 10:15:09] Using forecast run: 2022-08-16 18:00:00 UTC
[2026-05-19 10:15:09] Forecast Rain Available hours: [6, 7, 8, 9, 10, 11, 12, 13, 14, 15, 16, 17, 18, 19, 20, 21, 22, 23, 24, 25, 26, 27, 28, 29]
[2026-05-19 10:15:09] Valid hours for sum: [12, 18, 24, 29]
[2026-05-19 10:15:11] Drought composite end date: 2022-08-13 06:00:00
[2026-05-19 10:15:11] Land cover year: 2021
[2026-05-19 10:15:12] VIIRS Veg composite: 2022-07-28 → 2022-08-13
[2026-05-19 10:15:16] Started export task: fire_178_dynamic_2022-08-16
[2026-05-19 10:15:17] ------ Processing date=2022-08-17 ------
[2026-05-19 10:15:17] Using viirs_af_path: viirs_af_path
[2026-05-19 10:15:17] VIIRS Image Date: ['2022-08-17 00:00:00']
[2026-05-19 10:15:17] Weather image size: 1
[2026-05-19 10:15:17] Forecast duration: 2022-08-18 00:00:00 to 2022-08-19 00:00:00
[2026-05-19 10:15:18] Number of forecast images: 24
[2026-05-19 10:15:18] Using forecast run: 2022-08-17 18:00:00 UTC
[2026-05-19 10:15:18] Forecast Rain Available hours: [6, 7, 8, 9, 10, 11, 12, 13, 14, 15, 16, 17, 18, 19, 20, 21, 22, 23, 24, 25, 26, 27, 28, 29]
[2026-05-19 10:15:19] Valid hours for sum: [12, 18, 24, 29]
[2026-05-19 10:15:21] Drought composite end date: 2022-08-13 06:00:00
[2026-05-19 10:15:21] Land cover year: 2021
[2026-05-19 10:15:22] VIIRS Veg composite: 2022-07-28 → 2022-08-13
[2026-05-19 10:15:26] Started export task: fire_178_dynamic_2022-08-17
[2026-05-19 10:15:27] ------ Processing date=2022-08-18 ------
[2026-05-19 10:15:27] Using viirs_af_path: viirs_af_path
[2026-05-19 10:15:27] VIIRS Image Date: ['2022-08-18 00:00:00']
[2026-05-19 10:15:27] Weather image size: 1
[2026-05-19 10:15:27] Forecast duration: 2022-08-19 00:00:00 to 2022-08-20 00:00:00
[2026-05-19 10:15:28] Number of forecast images: 24
[2026-05-19 10:15:28] Using forecast run: 2022-08-18 18:00:00 UTC
[2026-05-19 10:15:29] Forecast Rain Available hours: [6, 7, 8, 9, 10, 11, 12, 13, 14, 15, 16, 17, 18, 19, 20, 21, 22, 23, 24, 25, 26, 27, 28, 29]
[2026-05-19 10:15:29] Valid hours for sum: [12, 18, 24, 29]
[2026-05-19 10:15:31] Drought composite end date: 2022-08-13 06:00:00
[2026-05-19 10:15:31] Land cover year: 2021
[2026-05-19 10:15:32] VIIRS Veg composite: 2022-07-28 → 2022-08-13
[2026-05-19 10:15:35] Started export task: fire_178_dynamic_2022-08-18
[2026-05-19 10:15:35] ------ Processing date=2022-08-19 ------
[2026-05-19 10:15:35] Using viirs_af_path: viirs_af_path
[2026-05-19 10:15:35] VIIRS Image Date: ['2022-08-19 00:00:00']
[2026-05-19 10:15:35] Weather image size: 1
[2026-05-19 10:15:35] Forecast duration: 2022-08-20 00:00:00 to 2022-08-21 00:00:00
[2026-05-19 10:15:36] Number of forecast images: 24
[2026-05-19 10:15:36] Using forecast run: 2022-08-19 18:00:00 UTC
[2026-05-19 10:15:37] Forecast Rain Available hours: [6, 7, 8, 9, 10, 11, 12, 13, 14, 15, 16, 17, 18, 19, 20, 21, 22, 23, 24, 25, 26, 27, 28, 29]
[2026-05-19 10:15:37] Valid hours for sum: [12, 18, 24, 29]
[2026-05-19 10:15:39] Drought composite end date: 2022-08-18 06:00:00
[2026-05-19 10:15:40] Land cover year: 2021
[2026-05-19 10:15:40] VIIRS Veg composite: 2022-07-28 → 2022-08-13
[2026-05-19 10:15:44] Started export task: fire_178_dynamic_2022-08-19
[2026-05-19 10:15:45] ------ Processing date=2022-08-20 ------
[2026-05-19 10:15:45] Using viirs_af_path: viirs_af_path
[2026-05-19 10:15:45] VIIRS Image Date: ['2022-08-20 00:00:00']
[2026-05-19 10:15:45] Weather image size: 1
[2026-05-19 10:15:45] Forecast duration: 2022-08-21 00:00:00 to 2022-08-22 00:00:00
[2026-05-19 10:15:46] Number of forecast images: 24
[2026-05-19 10:15:46] Using forecast run: 2022-08-20 18:00:00 UTC
[2026-05-19 10:15:46] Forecast Rain Available hours: [6, 7, 8, 9, 10, 11, 12, 13, 14, 15, 16, 17, 18, 19, 20, 21, 22, 23, 24, 25, 26, 27, 28, 29]
[2026-05-19 10:15:46] Valid hours for sum: [12, 18, 24, 29]
[2026-05-19 10:15:49] Drought composite end date: 2022-08-18 06:00:00
[2026-05-19 10:15:50] Land cover year: 2021
[2026-05-19 10:15:50] VIIRS Veg composite: 2022-07-28 → 2022-08-13
[2026-05-19 10:15:55] Started export task: fire_178_dynamic_2022-08-20
[2026-05-19 10:15:56] ------ Processing date=2022-08-21 ------
[2026-05-19 10:15:56] Using viirs_af_path: viirs_af_path
[2026-05-19 10:15:56] VIIRS Image Date: ['2022-08-21 00:00:00']
[2026-05-19 10:15:56] Weather image size: 1
[2026-05-19 10:15:56] Forecast duration: 2022-08-22 00:00:00 to 2022-08-23 00:00:00
[2026-05-19 10:15:57] Number of forecast images: 24
[2026-05-19 10:15:57] Using forecast run: 2022-08-21 18:00:00 UTC
[2026-05-19 10:15:58] Forecast Rain Available hours: [6, 7, 8, 9, 10, 11, 12, 13, 14, 15, 16, 17, 18, 19, 20, 21, 22, 23, 24, 25, 26, 27, 28, 29]
[2026-05-19 10:15:58] Valid hours for sum: [12, 18, 24, 29]
[2026-05-19 10:16:00] Drought composite end date: 2022-08-18 06:00:00
[2026-05-19 10:16:00] Land cover year: 2021
[2026-05-19 10:16:01] VIIRS Veg composite: 2022-07-28 → 2022-08-13
[2026-05-19 10:16:06] Started export task: fire_178_dynamic_2022-08-21
[2026-05-19 10:16:06] ------ Processing date=2022-08-22 ------
[2026-05-19 10:16:06] Using viirs_af_path: viirs_af_path
[2026-05-19 10:16:06] VIIRS Image Date: ['2022-08-22 00:00:00']
[2026-05-19 10:16:07] Weather image size: 1
[2026-05-19 10:16:07] Forecast duration: 2022-08-23 00:00:00 to 2022-08-24 00:00:00
[2026-05-19 10:16:08] Number of forecast images: 24
[2026-05-19 10:16:08] Using forecast run: 2022-08-22 18:00:00 UTC
[2026-05-19 10:16:08] Forecast Rain Available hours: [6, 7, 8, 9, 10, 11, 12, 13, 14, 15, 16, 17, 18, 19, 20, 21, 22, 23, 24, 25, 26, 27, 28, 29]
[2026-05-19 10:16:08] Valid hours for sum: [12, 18, 24, 29]
[2026-05-19 10:16:10] Drought composite end date: 2022-08-18 06:00:00
[2026-05-19 10:16:10] Land cover year: 2021
[2026-05-19 10:16:11] VIIRS Veg composite: 2022-07-28 → 2022-08-13
[2026-05-19 10:16:15] Started export task: fire_178_dynamic_2022-08-22
[2026-05-19 10:16:15] ------ Processing date=2022-08-23 ------
[2026-05-19 10:16:15] Using viirs_af_path: viirs_af_path
[2026-05-19 10:16:15] VIIRS Image Date: ['2022-08-23 00:00:00']
[2026-05-19 10:16:16] Weather image size: 1
[2026-05-19 10:16:16] Forecast duration: 2022-08-24 00:00:00 to 2022-08-25 00:00:00
[2026-05-19 10:16:17] Number of forecast images: 24
[2026-05-19 10:16:17] Using forecast run: 2022-08-23 18:00:00 UTC
[2026-05-19 10:16:18] Forecast Rain Available hours: [6, 7, 8, 9, 10, 11, 12, 13, 14, 15, 16, 17, 18, 19, 20, 21, 22, 23, 24, 25, 26, 27, 28, 29]
[2026-05-19 10:16:18] Valid hours for sum: [12, 18, 24, 29]
[2026-05-19 10:16:20] Drought composite end date: 2022-08-18 06:00:00
[2026-05-19 10:16:20] Land cover year: 2021
[2026-05-19 10:16:21] VIIRS Veg composite: 2022-07-28 → 2022-08-13
[2026-05-19 10:16:25] Started export task: fire_178_dynamic_2022-08-23
[2026-05-19 10:16:26] ------ Processing date=2022-08-24 ------
[2026-05-19 10:16:26] Using viirs_af_path: viirs_af_path
[2026-05-19 10:16:26] VIIRS Image Date: ['2022-08-24 00:00:00']
[2026-05-19 10:16:26] Weather image size: 1
[2026-05-19 10:16:26] Forecast duration: 2022-08-25 00:00:00 to 2022-08-26 00:00:00
[2026-05-19 10:16:27] Number of forecast images: 24
[2026-05-19 10:16:27] Using forecast run: 2022-08-24 18:00:00 UTC
[2026-05-19 10:16:28] Forecast Rain Available hours: [6, 7, 8, 9, 10, 11, 12, 13, 14, 15, 16, 17, 18, 19, 20, 21, 22, 23, 24, 25, 26, 27, 28, 29]
[2026-05-19 10:16:28] Valid hours for sum: [12, 18, 24, 29]
[2026-05-19 10:16:30] Drought composite end date: 2022-08-23 06:00:00
[2026-05-19 10:16:30] Land cover year: 2021
[2026-05-19 10:16:32] VIIRS Veg composite: 2022-07-28 → 2022-08-13
[2026-05-19 10:16:36] Started export task: fire_178_dynamic_2022-08-24
[2026-05-19 10:16:37] ------ Processing date=2022-08-25 ------
[2026-05-19 10:16:37] Using viirs_af_path: viirs_af_path
[2026-05-19 10:16:37] VIIRS Image Date: ['2022-08-25 00:00:00']
[2026-05-19 10:16:37] Weather image size: 1
[2026-05-19 10:16:37] Forecast duration: 2022-08-26 00:00:00 to 2022-08-27 00:00:00
[2026-05-19 10:16:38] Number of forecast images: 24
[2026-05-19 10:16:38] Using forecast run: 2022-08-25 18:00:00 UTC
[2026-05-19 10:16:39] Forecast Rain Available hours: [6, 7, 8, 9, 10, 11, 12, 13, 14, 15, 16, 17, 18, 19, 20, 21, 22, 23, 24, 25, 26, 27, 28, 29]
[2026-05-19 10:16:39] Valid hours for sum: [12, 18, 24, 29]
[2026-05-19 10:16:41] Drought composite end date: 2022-08-23 06:00:00
[2026-05-19 10:16:41] Land cover year: 2021
[2026-05-19 10:16:42] VIIRS Veg composite: 2022-07-28 → 2022-08-13
[2026-05-19 10:16:47] Started export task: fire_178_dynamic_2022-08-25
[2026-05-19 10:16:47] ------ Processing date=2022-08-26 ------
[2026-05-19 10:16:47] Using viirs_af_path: viirs_af_path
[2026-05-19 10:16:48] VIIRS Image Date: ['2022-08-26 00:00:00']
[2026-05-19 10:16:48] Weather image size: 1
[2026-05-19 10:16:48] Forecast duration: 2022-08-27 00:00:00 to 2022-08-28 00:00:00
[2026-05-19 10:16:49] Number of forecast images: 23
[2026-05-19 10:16:49] Using forecast run: 2022-08-26 18:00:00 UTC
[2026-05-19 10:16:49] Forecast Rain Available hours: [6, 7, 8, 9, 10, 11, 12, 13, 15, 16, 17, 18, 19, 20, 21, 22, 23, 24, 25, 26, 27, 28, 29]
[2026-05-19 10:16:49] Valid hours for sum: [12, 18, 24, 29]
[2026-05-19 10:16:51] Drought composite end date: 2022-08-23 06:00:00
[2026-05-19 10:16:52] Land cover year: 2021
[2026-05-19 10:16:53] VIIRS Veg composite: 2022-07-28 → 2022-08-13
[2026-05-19 10:16:56] Started export task: fire_178_dynamic_2022-08-26
[2026-05-19 10:16:57] ------ Processing date=2022-08-27 ------
[2026-05-19 10:16:57] Using viirs_af_path: viirs_af_path
[2026-05-19 10:16:57] VIIRS Image Date: ['2022-08-27 00:00:00']
[2026-05-19 10:16:57] Weather image size: 1
[2026-05-19 10:16:57] Forecast duration: 2022-08-28 00:00:00 to 2022-08-29 00:00:00
[2026-05-19 10:16:58] Number of forecast images: 24
[2026-05-19 10:16:58] Using forecast run: 2022-08-27 18:00:00 UTC
[2026-05-19 10:16:59] Forecast Rain Available hours: [6, 7, 8, 9, 10, 11, 12, 13, 14, 15, 16, 17, 18, 19, 20, 21, 22, 23, 24, 25, 26, 27, 28, 29]
[2026-05-19 10:16:59] Valid hours for sum: [12, 18, 24, 29]
[2026-05-19 10:17:01] Drought composite end date: 2022-08-23 06:00:00
[2026-05-19 10:17:01] Land cover year: 2021
[2026-05-19 10:17:01] VIIRS Veg composite: 2022-07-28 → 2022-08-13
[2026-05-19 10:17:04] Started export task: fire_178_dynamic_2022-08-27
[2026-05-19 10:17:05] ------ Processing date=2022-08-28 ------
[2026-05-19 10:17:05] Using viirs_af_path: viirs_af_path
[2026-05-19 10:17:05] VIIRS Image Date: ['2022-08-28 00:00:00']
[2026-05-19 10:17:05] Weather image size: 1
[2026-05-19 10:17:05] Forecast duration: 2022-08-29 00:00:00 to 2022-08-30 00:00:00
[2026-05-19 10:17:06] Number of forecast images: 23
[2026-05-19 10:17:06] Using forecast run: 2022-08-28 18:00:00 UTC
[2026-05-19 10:17:06] Forecast Rain Available hours: [6, 7, 8, 9, 10, 11, 12, 13, 14, 16, 17, 18, 19, 20, 21, 22, 23, 24, 25, 26, 27, 28, 29]
[2026-05-19 10:17:06] Valid hours for sum: [12, 18, 24, 29]
[2026-05-19 10:17:09] Drought composite end date: 2022-08-23 06:00:00
[2026-05-19 10:17:09] Land cover year: 2021
[2026-05-19 10:17:10] VIIRS Veg composite: 2022-07-28 → 2022-08-13
[2026-05-19 10:17:14] Started export task: fire_178_dynamic_2022-08-28
[2026-05-19 10:17:14] ------ Processing date=2022-08-29 ------
[2026-05-19 10:17:14] Using viirs_af_path: viirs_af_path
[2026-05-19 10:17:14] VIIRS Image Date: ['2022-08-29 00:00:00']
[2026-05-19 10:17:15] Weather image size: 1
[2026-05-19 10:17:15] Forecast duration: 2022-08-30 00:00:00 to 2022-08-31 00:00:00
[2026-05-19 10:17:16] Number of forecast images: 24
[2026-05-19 10:17:16] Using forecast run: 2022-08-29 18:00:00 UTC
[2026-05-19 10:17:16] Forecast Rain Available hours: [6, 7, 8, 9, 10, 11, 12, 13, 14, 15, 16, 17, 18, 19, 20, 21, 22, 23, 24, 25, 26, 27, 28, 29]
[2026-05-19 10:17:16] Valid hours for sum: [12, 18, 24, 29]
[2026-05-19 10:17:19] Drought composite end date: 2022-08-28 06:00:00
[2026-05-19 10:17:19] Land cover year: 2021
[2026-05-19 10:17:20] VIIRS Veg composite: 2022-07-28 → 2022-08-13
[2026-05-19 10:17:24] Started export task: fire_178_dynamic_2022-08-29
[2026-05-19 10:17:25] ------ Processing date=2022-08-30 ------
[2026-05-19 10:17:25] Using viirs_af_path: viirs_af_path
[2026-05-19 10:17:25] VIIRS Image Date: ['2022-08-30 00:00:00']
[2026-05-19 10:17:25] Weather image size: 1
[2026-05-19 10:17:25] Forecast duration: 2022-08-31 00:00:00 to 2022-09-01 00:00:00
[2026-05-19 10:17:26] Number of forecast images: 24
[2026-05-19 10:17:26] Using forecast run: 2022-08-30 18:00:00 UTC
[2026-05-19 10:17:26] Forecast Rain Available hours: [6, 7, 8, 9, 10, 11, 12, 13, 14, 15, 16, 17, 18, 19, 20, 21, 22, 23, 24, 25, 26, 27, 28, 29]
[2026-05-19 10:17:26] Valid hours for sum: [12, 18, 24, 29]
[2026-05-19 10:17:29] Drought composite end date: 2022-08-28 06:00:00
[2026-05-19 10:17:29] Land cover year: 2021
[2026-05-19 10:17:30] VIIRS Veg composite: 2022-07-28 → 2022-08-13
[2026-05-19 10:17:35] Started export task: fire_178_dynamic_2022-08-30
[2026-05-19 10:17:35] ------ Processing date=2022-08-31 ------
[2026-05-19 10:17:35] Using viirs_af_path: viirs_af_path
[2026-05-19 10:17:35] VIIRS Image Date: ['2022-08-31 00:00:00']
[2026-05-19 10:17:36] Weather image size: 1
[2026-05-19 10:17:36] Forecast duration: 2022-09-01 00:00:00 to 2022-09-02 00:00:00
[2026-05-19 10:17:37] Number of forecast images: 24
[2026-05-19 10:17:37] Using forecast run: 2022-08-31 18:00:00 UTC
[2026-05-19 10:17:37] Forecast Rain Available hours: [6, 7, 8, 9, 10, 11, 12, 13, 14, 15, 16, 17, 18, 19, 20, 21, 22, 23, 24, 25, 26, 27, 28, 29]
[2026-05-19 10:17:37] Valid hours for sum: [12, 18, 24, 29]
[2026-05-19 10:17:39] Drought composite end date: 2022-08-28 06:00:00
[2026-05-19 10:17:40] Land cover year: 2021
[2026-05-19 10:17:41] VIIRS Veg composite: 2022-07-28 → 2022-08-13
[2026-05-19 10:17:45] Started export task: fire_178_dynamic_2022-08-31
[2026-05-19 10:17:46] ------ Processing date=2022-09-01 ------
[2026-05-19 10:17:46] Using viirs_af_path: viirs_af_path
[2026-05-19 10:17:46] VIIRS Image Date: ['2022-09-01 00:00:00']
[2026-05-19 10:17:46] Weather image size: 1
[2026-05-19 10:17:46] Forecast duration: 2022-09-02 00:00:00 to 2022-09-03 00:00:00
[2026-05-19 10:17:47] Number of forecast images: 23
[2026-05-19 10:17:47] Using forecast run: 2022-09-01 18:00:00 UTC
[2026-05-19 10:17:47] Forecast Rain Available hours: [6, 7, 8, 9, 10, 11, 12, 13, 14, 15, 16, 17, 18, 20, 21, 22, 23, 24, 25, 26, 27, 28, 29]
[2026-05-19 10:17:47] Valid hours for sum: [12, 18, 24, 29]
[2026-05-19 10:17:49] Drought composite end date: 2022-08-28 06:00:00
[2026-05-19 10:17:49] Land cover year: 2021
[2026-05-19 10:17:50] VIIRS Veg composite: 2022-07-28 → 2022-08-13
[2026-05-19 10:17:54] Started export task: fire_178_dynamic_2022-09-01
[2026-05-19 10:17:55] ------ Processing date=2022-09-02 ------
[2026-05-19 10:17:55] Using viirs_af_path: viirs_af_path
[2026-05-19 10:17:55] VIIRS Image Date: ['2022-09-02 00:00:00']
[2026-05-19 10:17:55] Weather image size: 1
[2026-05-19 10:17:55] Forecast duration: 2022-09-03 00:00:00 to 2022-09-04 00:00:00
[2026-05-19 10:17:56] Number of forecast images: 24
[2026-05-19 10:17:56] Using forecast run: 2022-09-02 18:00:00 UTC
[2026-05-19 10:17:57] Forecast Rain Available hours: [6, 7, 8, 9, 10, 11, 12, 13, 14, 15, 16, 17, 18, 19, 20, 21, 22, 23, 24, 25, 26, 27, 28, 29]
[2026-05-19 10:17:57] Valid hours for sum: [12, 18, 24, 29]
[2026-05-19 10:18:00] Drought composite end date: 2022-08-28 06:00:00
[2026-05-19 10:18:00] Land cover year: 2021
[2026-05-19 10:18:01] VIIRS Veg composite: 2022-07-28 → 2022-08-13
[2026-05-19 10:18:05] Started export task: fire_178_dynamic_2022-09-02
[2026-05-19 10:18:05] ------ Processing date=2022-09-03 ------
[2026-05-19 10:18:05] Using viirs_af_path: viirs_af_path
[2026-05-19 10:18:05] VIIRS Image Date: ['2022-09-03 00:00:00']
[2026-05-19 10:18:05] Weather image size: 1
[2026-05-19 10:18:05] Forecast duration: 2022-09-04 00:00:00 to 2022-09-05 00:00:00
[2026-05-19 10:18:07] Number of forecast images: 24
[2026-05-19 10:18:07] Using forecast run: 2022-09-03 18:00:00 UTC
[2026-05-19 10:18:07] Forecast Rain Available hours: [6, 7, 8, 9, 10, 11, 12, 13, 14, 15, 16, 17, 18, 19, 20, 21, 22, 23, 24, 25, 26, 27, 28, 29]
[2026-05-19 10:18:07] Valid hours for sum: [12, 18, 24, 29]
[2026-05-19 10:18:09] Drought composite end date: 2022-09-02 06:00:00
[2026-05-19 10:18:10] Land cover year: 2021
[2026-05-19 10:18:10] VIIRS Veg composite: 2022-07-28 → 2022-08-13
[2026-05-19 10:18:14] Started export task: fire_178_dynamic_2022-09-03
[2026-05-19 10:18:14] ------ Processing date=2022-09-04 ------
[2026-05-19 10:18:14] Using viirs_af_path: viirs_af_path
[2026-05-19 10:18:15] VIIRS Image Date: ['2022-09-04 00:00:00']
[2026-05-19 10:18:15] Weather image size: 1
[2026-05-19 10:18:15] Forecast duration: 2022-09-05 00:00:00 to 2022-09-06 00:00:00
[2026-05-19 10:18:16] Number of forecast images: 24
[2026-05-19 10:18:16] Using forecast run: 2022-09-04 18:00:00 UTC
[2026-05-19 10:18:16] Forecast Rain Available hours: [6, 7, 8, 9, 10, 11, 12, 13, 14, 15, 16, 17, 18, 19, 20, 21, 22, 23, 24, 25, 26, 27, 28, 29]
[2026-05-19 10:18:16] Valid hours for sum: [12, 18, 24, 29]
[2026-05-19 10:18:19] Drought composite end date: 2022-09-02 06:00:00
[2026-05-19 10:18:19] Land cover year: 2021
[2026-05-19 10:18:20] VIIRS Veg composite: 2022-07-28 → 2022-08-13
[2026-05-19 10:18:23] Started export task: fire_178_dynamic_2022-09-04
[2026-05-19 10:18:24] ------ Processing date=2022-09-05 ------
[2026-05-19 10:18:24] Using viirs_af_path: viirs_af_path
[2026-05-19 10:18:24] VIIRS Image Date: ['2022-09-05 00:00:00']
[2026-05-19 10:18:25] Weather image size: 1
[2026-05-19 10:18:25] Forecast duration: 2022-09-06 00:00:00 to 2022-09-07 00:00:00
[2026-05-19 10:18:26] Number of forecast images: 24
[2026-05-19 10:18:26] Using forecast run: 2022-09-05 18:00:00 UTC
[2026-05-19 10:18:26] Forecast Rain Available hours: [6, 7, 8, 9, 10, 11, 12, 13, 14, 15, 16, 17, 18, 19, 20, 21, 22, 23, 24, 25, 26, 27, 28, 29]
[2026-05-19 10:18:26] Valid hours for sum: [12, 18, 24, 29]
[2026-05-19 10:18:28] Drought composite end date: 2022-09-02 06:00:00
[2026-05-19 10:18:28] Land cover year: 2021
[2026-05-19 10:18:29] VIIRS Veg composite: 2022-07-28 → 2022-08-13
[2026-05-19 10:18:32] Started export task: fire_178_dynamic_2022-09-05
[2026-05-19 10:18:33] ------ Processing date=2022-09-06 ------
[2026-05-19 10:18:33] Using viirs_af_path: viirs_af_path
[2026-05-19 10:18:33] VIIRS Image Date: ['2022-09-06 00:00:00']
[2026-05-19 10:18:34] Weather image size: 1
[2026-05-19 10:18:34] Forecast duration: 2022-09-07 00:00:00 to 2022-09-08 00:00:00
[2026-05-19 10:18:35] Number of forecast images: 24
[2026-05-19 10:18:35] Using forecast run: 2022-09-06 18:00:00 UTC
[2026-05-19 10:18:35] Forecast Rain Available hours: [6, 7, 8, 9, 10, 11, 12, 13, 14, 15, 16, 17, 18, 19, 20, 21, 22, 23, 24, 25, 26, 27, 28, 29]
[2026-05-19 10:18:35] Valid hours for sum: [12, 18, 24, 29]
[2026-05-19 10:18:38] Drought composite end date: 2022-09-02 06:00:00
[2026-05-19 10:18:38] Land cover year: 2021
[2026-05-19 10:18:39] VIIRS Veg composite: 2022-07-28 → 2022-08-13
[2026-05-19 10:18:42] Started export task: fire_178_dynamic_2022-09-06
[2026-05-19 10:18:43] ------ Processing date=2022-09-07 ------
[2026-05-19 10:18:43] Using viirs_af_path: viirs_af_path
[2026-05-19 10:18:43] VIIRS Image Date: ['2022-09-07 00:00:00']
[2026-05-19 10:18:43] Weather image size: 1
[2026-05-19 10:18:43] Forecast duration: 2022-09-08 00:00:00 to 2022-09-09 00:00:00
[2026-05-19 10:18:44] Number of forecast images: 24
[2026-05-19 10:18:44] Using forecast run: 2022-09-07 18:00:00 UTC
[2026-05-19 10:18:45] Forecast Rain Available hours: [6, 7, 8, 9, 10, 11, 12, 13, 14, 15, 16, 17, 18, 19, 20, 21, 22, 23, 24, 25, 26, 27, 28, 29]
[2026-05-19 10:18:45] Valid hours for sum: [12, 18, 24, 29]
[2026-05-19 10:18:47] Drought composite end date: 2022-09-02 06:00:00
[2026-05-19 10:18:47] Land cover year: 2021
[2026-05-19 10:18:48] VIIRS Veg composite: 2022-07-28 → 2022-08-13
[2026-05-19 10:18:51] Started export task: fire_178_dynamic_2022-09-07
[2026-05-19 10:18:51] ------ Processing date=2022-09-08 ------
[2026-05-19 10:18:51] Using viirs_af_path: viirs_af_path
[2026-05-19 10:18:51] VIIRS Image Date: ['2022-09-08 00:00:00']
[2026-05-19 10:18:52] Weather image size: 1
[2026-05-19 10:18:52] Forecast duration: 2022-09-09 00:00:00 to 2022-09-10 00:00:00
[2026-05-19 10:18:53] Number of forecast images: 24
[2026-05-19 10:18:53] Using forecast run: 2022-09-08 18:00:00 UTC
[2026-05-19 10:18:53] Forecast Rain Available hours: [6, 7, 8, 9, 10, 11, 12, 13, 14, 15, 16, 17, 18, 19, 20, 21, 22, 23, 24, 25, 26, 27, 28, 29]
[2026-05-19 10:18:53] Valid hours for sum: [12, 18, 24, 29]
[2026-05-19 10:18:55] Drought composite end date: 2022-09-07 06:00:00
[2026-05-19 10:18:55] Land cover year: 2021
[2026-05-19 10:18:56] VIIRS Veg composite: 2022-07-28 → 2022-08-13
[2026-05-19 10:18:58] Started export task: fire_178_dynamic_2022-09-08
[2026-05-19 10:18:59] ------ Processing date=2022-09-09 ------
[2026-05-19 10:18:59] Using viirs_af_path: viirs_af_path
[2026-05-19 10:18:59] VIIRS Image Date: ['2022-09-09 00:00:00']
[2026-05-19 10:18:59] Weather image size: 1
[2026-05-19 10:18:59] Forecast duration: 2022-09-10 00:00:00 to 2022-09-11 00:00:00
[2026-05-19 10:19:01] Number of forecast images: 24
[2026-05-19 10:19:01] Using forecast run: 2022-09-09 18:00:00 UTC
[2026-05-19 10:19:01] Forecast Rain Available hours: [6, 7, 8, 9, 10, 11, 12, 13, 14, 15, 16, 17, 18, 19, 20, 21, 22, 23, 24, 25, 26, 27, 28, 29]
[2026-05-19 10:19:01] Valid hours for sum: [12, 18, 24, 29]
[2026-05-19 10:19:05] Drought composite end date: 2022-09-07 06:00:00
[2026-05-19 10:19:05] Land cover year: 2021
[2026-05-19 10:19:06] VIIRS Veg composite: 2022-07-28 → 2022-08-13
[2026-05-19 10:19:11] Started export task: fire_178_dynamic_2022-09-09
[2026-05-19 10:19:11] ------ Processing date=2022-09-10 ------
[2026-05-19 10:19:11] Using viirs_af_path: viirs_af_path
[2026-05-19 10:19:11] VIIRS Image Date: ['2022-09-10 00:00:00']
[2026-05-19 10:19:12] Weather image size: 1
[2026-05-19 10:19:12] Forecast duration: 2022-09-11 00:00:00 to 2022-09-12 00:00:00
[2026-05-19 10:19:13] Number of forecast images: 24
[2026-05-19 10:19:13] Using forecast run: 2022-09-10 18:00:00 UTC
[2026-05-19 10:19:14] Forecast Rain Available hours: [6, 7, 8, 9, 10, 11, 12, 13, 14, 15, 16, 17, 18, 19, 20, 21, 22, 23, 24, 25, 26, 27, 28, 29]
[2026-05-19 10:19:14] Valid hours for sum: [12, 18, 24, 29]
[2026-05-19 10:19:15] Drought composite end date: 2022-09-07 06:00:00
[2026-05-19 10:19:16] Land cover year: 2021
[2026-05-19 10:19:16] VIIRS Veg composite: 2022-07-28 → 2022-08-13
[2026-05-19 10:19:22] Started export task: fire_178_dynamic_2022-09-10
[2026-05-19 10:19:23] ------ Processing date=2022-09-11 ------
[2026-05-19 10:19:23] Using viirs_af_path: viirs_af_path
[2026-05-19 10:19:23] VIIRS Image Date: ['2022-09-11 00:00:00']
[2026-05-19 10:19:23] Weather image size: 1
[2026-05-19 10:19:23] Forecast duration: 2022-09-12 00:00:00 to 2022-09-13 00:00:00
[2026-05-19 10:19:24] Number of forecast images: 23
[2026-05-19 10:19:24] Using forecast run: 2022-09-11 18:00:00 UTC
[2026-05-19 10:19:25] Forecast Rain Available hours: [6, 7, 8, 9, 10, 11, 12, 13, 14, 15, 16, 17, 18, 19, 21, 22, 23, 24, 25, 26, 27, 28, 29]
[2026-05-19 10:19:25] Valid hours for sum: [12, 18, 24, 29]
[2026-05-19 10:19:26] Drought composite end date: 2022-09-07 06:00:00
[2026-05-19 10:19:26] Land cover year: 2021
[2026-05-19 10:19:27] VIIRS Veg composite: 2022-07-28 → 2022-08-13
[2026-05-19 10:19:31] Started export task: fire_178_dynamic_2022-09-11
[2026-05-19 10:19:32] ------ Processing date=2022-09-12 ------
[2026-05-19 10:19:32] Using viirs_af_path: viirs_af_path
[2026-05-19 10:19:32] VIIRS Image Date: ['2022-09-12 00:00:00']
[2026-05-19 10:19:32] Weather image size: 1
[2026-05-19 10:19:32] Forecast duration: 2022-09-13 00:00:00 to 2022-09-14 00:00:00
[2026-05-19 10:19:33] Number of forecast images: 24
[2026-05-19 10:19:33] Using forecast run: 2022-09-12 18:00:00 UTC
[2026-05-19 10:19:34] Forecast Rain Available hours: [6, 7, 8, 9, 10, 11, 12, 13, 14, 15, 16, 17, 18, 19, 20, 21, 22, 23, 24, 25, 26, 27, 28, 29]
[2026-05-19 10:19:34] Valid hours for sum: [12, 18, 24, 29]
[2026-05-19 10:19:35] Drought composite end date: 2022-09-07 06:00:00
[2026-05-19 10:19:36] Land cover year: 2021
[2026-05-19 10:19:38] VIIRS Veg composite: 2022-07-28 → 2022-08-13
[2026-05-19 10:19:41] Started export task: fire_178_dynamic_2022-09-12
[2026-05-19 10:19:41] ------ Processing date=2022-09-13 ------
[2026-05-19 10:19:41] Using viirs_af_path: viirs_af_path
[2026-05-19 10:19:41] VIIRS Image Date: ['2022-09-13 00:00:00']
[2026-05-19 10:19:42] Weather image size: 1
[2026-05-19 10:19:42] Forecast duration: 2022-09-14 00:00:00 to 2022-09-15 00:00:00
[2026-05-19 10:19:43] Number of forecast images: 24
[2026-05-19 10:19:43] Using forecast run: 2022-09-13 18:00:00 UTC
[2026-05-19 10:19:43] Forecast Rain Available hours: [6, 7, 8, 9, 10, 11, 12, 13, 14, 15, 16, 17, 18, 19, 20, 21, 22, 23, 24, 25, 26, 27, 28, 29]
[2026-05-19 10:19:43] Valid hours for sum: [12, 18, 24, 29]
[2026-05-19 10:19:45] Drought composite end date: 2022-09-12 06:00:00
[2026-05-19 10:19:45] Land cover year: 2021
[2026-05-19 10:19:46] VIIRS Veg composite: 2022-07-28 → 2022-08-13
[2026-05-19 10:19:50] Started export task: fire_178_dynamic_2022-09-13
[2026-05-19 10:19:51] ------ Processing date=2022-09-14 ------
[2026-05-19 10:19:51] Using viirs_af_path: viirs_af_path
[2026-05-19 10:19:51] VIIRS Image Date: ['2022-09-14 00:00:00']
[2026-05-19 10:19:51] Weather image size: 1
[2026-05-19 10:19:51] Forecast duration: 2022-09-15 00:00:00 to 2022-09-16 00:00:00
[2026-05-19 10:19:52] Number of forecast images: 24
[2026-05-19 10:19:52] Using forecast run: 2022-09-14 18:00:00 UTC
[2026-05-19 10:19:54] Forecast Rain Available hours: [6, 7, 8, 9, 10, 11, 12, 13, 14, 15, 16, 17, 18, 19, 20, 21, 22, 23, 24, 25, 26, 27, 28, 29]
[2026-05-19 10:19:54] Valid hours for sum: [12, 18, 24, 29]
[2026-05-19 10:19:55] Drought composite end date: 2022-09-12 06:00:00
[2026-05-19 10:19:55] Land cover year: 2021
[2026-05-19 10:19:56] VIIRS Veg composite: 2022-07-28 → 2022-08-13
[2026-05-19 10:20:02] Started export task: fire_178_dynamic_2022-09-14
[2026-05-19 10:20:02] ------ Processing date=2022-09-15 ------
[2026-05-19 10:20:02] Using viirs_af_path: viirs_af_path
[2026-05-19 10:20:02] VIIRS Image Date: ['2022-09-15 00:00:00']
[2026-05-19 10:20:03] Weather image size: 1
[2026-05-19 10:20:03] Forecast duration: 2022-09-16 00:00:00 to 2022-09-17 00:00:00
[2026-05-19 10:20:04] Number of forecast images: 24
[2026-05-19 10:20:04] Using forecast run: 2022-09-15 18:00:00 UTC
[2026-05-19 10:20:04] Forecast Rain Available hours: [6, 7, 8, 9, 10, 11, 12, 13, 14, 15, 16, 17, 18, 19, 20, 21, 22, 23, 24, 25, 26, 27, 28, 29]
[2026-05-19 10:20:04] Valid hours for sum: [12, 18, 24, 29]
[2026-05-19 10:20:06] Drought composite end date: 2022-09-12 06:00:00
[2026-05-19 10:20:06] Land cover year: 2021
[2026-05-19 10:20:07] VIIRS Veg composite: 2022-07-28 → 2022-08-13
[2026-05-19 10:20:12] Started export task: fire_178_dynamic_2022-09-15
[2026-05-19 10:20:12] END: ----------Event fire_178----------- (Duration: 6.92m)
[2026-05-19 10:20:12] START: ----------Event fire_179-----------
[2026-05-19 10:20:12] ------ Processing date=2022-08-07 ------
[2026-05-19 10:20:12] Using viirs_af_path: viirs_af_path
[2026-05-19 10:20:12] VIIRS Image Date: []
[2026-05-19 10:20:12] *** ERROR FLAG ***: VIIRS: no data for 2022-08-07, attempting interpolation...
[2026-05-19 10:20:16] *** ERROR FLAG ***: VIIRS: no valid image within 10 days BEFORE 2022-08-07 → assigning zeros
[2026-05-19 10:20:17] Weather image size: 1
[2026-05-19 10:20:17] Forecast duration: 2022-08-08 00:00:00 to 2022-08-09 00:00:00
[2026-05-19 10:20:18] Number of forecast images: 24
[2026-05-19 10:20:18] Using forecast run: 2022-08-07 18:00:00 UTC
[2026-05-19 10:20:19] Forecast Rain Available hours: [6, 7, 8, 9, 10, 11, 12, 13, 14, 15, 16, 17, 18, 19, 20, 21, 22, 23, 24, 25, 26, 27, 28, 29]
[2026-05-19 10:20:19] Valid hours for sum: [12, 18, 24, 29]
[2026-05-19 10:20:21] Drought composite end date: 2022-08-03 06:00:00
[2026-05-19 10:20:21] Land cover year: 2021
[2026-05-19 10:20:22] VIIRS Veg composite: 2022-07-28 → 2022-08-13
[2026-05-19 10:20:29] Started export task: fire_179_static
[2026-05-19 10:20:29] Started export task: fire_179_dynamic_2022-08-07
[2026-05-19 10:20:29] ------ Processing date=2022-08-08 ------
[2026-05-19 10:20:29] Using viirs_af_path: viirs_af_path
[2026-05-19 10:20:30] VIIRS Image Date: []
[2026-05-19 10:20:30] *** ERROR FLAG ***: VIIRS: no data for 2022-08-08, attempting interpolation...
[2026-05-19 10:20:33] *** ERROR FLAG ***: VIIRS: no valid image within 10 days BEFORE 2022-08-08 → assigning zeros
[2026-05-19 10:20:33] Weather image size: 1
[2026-05-19 10:20:33] Forecast duration: 2022-08-09 00:00:00 to 2022-08-10 00:00:00
[2026-05-19 10:20:34] Number of forecast images: 24
[2026-05-19 10:20:34] Using forecast run: 2022-08-08 18:00:00 UTC
[2026-05-19 10:20:35] Forecast Rain Available hours: [6, 7, 8, 9, 10, 11, 12, 13, 14, 15, 16, 17, 18, 19, 20, 21, 22, 23, 24, 25, 26, 27, 28, 29]
[2026-05-19 10:20:35] Valid hours for sum: [12, 18, 24, 29]
[2026-05-19 10:20:37] Drought composite end date: 2022-08-03 06:00:00
[2026-05-19 10:20:37] Land cover year: 2021
[2026-05-19 10:20:38] VIIRS Veg composite: 2022-07-28 → 2022-08-13
[2026-05-19 10:20:43] Started export task: fire_179_dynamic_2022-08-08
[2026-05-19 10:20:43] ------ Processing date=2022-08-09 ------
[2026-05-19 10:20:43] Using viirs_af_path: viirs_af_path
[2026-05-19 10:20:43] VIIRS Image Date: []
[2026-05-19 10:20:43] *** ERROR FLAG ***: VIIRS: no data for 2022-08-09, attempting interpolation...
[2026-05-19 10:20:46] *** ERROR FLAG ***: VIIRS: no valid image within 10 days BEFORE 2022-08-09 → assigning zeros
[2026-05-19 10:20:46] Weather image size: 1
[2026-05-19 10:20:46] Forecast duration: 2022-08-10 00:00:00 to 2022-08-11 00:00:00
[2026-05-19 10:20:48] Number of forecast images: 24
[2026-05-19 10:20:48] Using forecast run: 2022-08-09 18:00:00 UTC
[2026-05-19 10:20:49] Forecast Rain Available hours: [6, 7, 8, 9, 10, 11, 12, 13, 14, 15, 16, 17, 18, 19, 20, 21, 22, 23, 24, 25, 26, 27, 28, 29]
[2026-05-19 10:20:49] Valid hours for sum: [12, 18, 24, 29]
[2026-05-19 10:20:50] Drought composite end date: 2022-08-08 06:00:00
[2026-05-19 10:20:50] Land cover year: 2021
[2026-05-19 10:20:51] VIIRS Veg composite: 2022-07-28 → 2022-08-13
[2026-05-19 10:20:55] Started export task: fire_179_dynamic_2022-08-09
[2026-05-19 10:20:56] ------ Processing date=2022-08-10 ------
[2026-05-19 10:20:56] Using viirs_af_path: viirs_af_path
[2026-05-19 10:20:56] VIIRS Image Date: []
[2026-05-19 10:20:56] *** ERROR FLAG ***: VIIRS: no data for 2022-08-10, attempting interpolation...
[2026-05-19 10:20:59] *** ERROR FLAG ***: VIIRS: no valid image within 10 days BEFORE 2022-08-10 → assigning zeros
[2026-05-19 10:20:59] Weather image size: 1
[2026-05-19 10:20:59] Forecast duration: 2022-08-11 00:00:00 to 2022-08-12 00:00:00
[2026-05-19 10:21:00] Number of forecast images: 24
[2026-05-19 10:21:00] Using forecast run: 2022-08-10 18:00:00 UTC
[2026-05-19 10:21:00] Forecast Rain Available hours: [6, 7, 8, 9, 10, 11, 12, 13, 14, 15, 16, 17, 18, 19, 20, 21, 22, 23, 24, 25, 26, 27, 28, 29]
[2026-05-19 10:21:00] Valid hours for sum: [12, 18, 24, 29]
[2026-05-19 10:21:03] Drought composite end date: 2022-08-08 06:00:00
[2026-05-19 10:21:03] Land cover year: 2021
[2026-05-19 10:21:04] VIIRS Veg composite: 2022-07-28 → 2022-08-13
[2026-05-19 10:21:07] Started export task: fire_179_dynamic_2022-08-10
[2026-05-19 10:21:08] ------ Processing date=2022-08-11 ------
[2026-05-19 10:21:08] Using viirs_af_path: viirs_af_path
[2026-05-19 10:21:08] VIIRS Image Date: ['2022-08-11 00:00:00']
[2026-05-19 10:21:08] Weather image size: 1
[2026-05-19 10:21:08] Forecast duration: 2022-08-12 00:00:00 to 2022-08-13 00:00:00
[2026-05-19 10:21:10] Number of forecast images: 24
[2026-05-19 10:21:10] Using forecast run: 2022-08-11 18:00:00 UTC
[2026-05-19 10:21:10] Forecast Rain Available hours: [6, 7, 8, 9, 10, 11, 12, 13, 14, 15, 16, 17, 18, 19, 20, 21, 22, 23, 24, 25, 26, 27, 28, 29]
[2026-05-19 10:21:10] Valid hours for sum: [12, 18, 24, 29]
[2026-05-19 10:21:13] Drought composite end date: 2022-08-08 06:00:00
[2026-05-19 10:21:13] Land cover year: 2021
[2026-05-19 10:21:14] VIIRS Veg composite: 2022-07-28 → 2022-08-13
[2026-05-19 10:21:16] Started export task: fire_179_dynamic_2022-08-11
[2026-05-19 10:21:17] ------ Processing date=2022-08-12 ------
[2026-05-19 10:21:17] Using viirs_af_path: viirs_af_path
[2026-05-19 10:21:17] VIIRS Image Date: ['2022-08-12 00:00:00']
[2026-05-19 10:21:18] Weather image size: 1
[2026-05-19 10:21:18] Forecast duration: 2022-08-13 00:00:00 to 2022-08-14 00:00:00
[2026-05-19 10:21:18] Number of forecast images: 24
[2026-05-19 10:21:18] Using forecast run: 2022-08-12 18:00:00 UTC
[2026-05-19 10:21:19] Forecast Rain Available hours: [6, 7, 8, 9, 10, 11, 12, 13, 14, 15, 16, 17, 18, 19, 20, 21, 22, 23, 24, 25, 26, 27, 28, 29]
[2026-05-19 10:21:19] Valid hours for sum: [12, 18, 24, 29]
[2026-05-19 10:21:21] Drought composite end date: 2022-08-08 06:00:00
[2026-05-19 10:21:21] Land cover year: 2021
[2026-05-19 10:21:22] VIIRS Veg composite: 2022-07-28 → 2022-08-13
[2026-05-19 10:21:28] Started export task: fire_179_dynamic_2022-08-12
[2026-05-19 10:21:29] ------ Processing date=2022-08-13 ------
[2026-05-19 10:21:29] Using viirs_af_path: viirs_af_path
[2026-05-19 10:21:29] VIIRS Image Date: ['2022-08-13 00:00:00']
[2026-05-19 10:21:29] Weather image size: 1
[2026-05-19 10:21:29] Forecast duration: 2022-08-14 00:00:00 to 2022-08-15 00:00:00
[2026-05-19 10:21:30] Number of forecast images: 24
[2026-05-19 10:21:30] Using forecast run: 2022-08-13 18:00:00 UTC
[2026-05-19 10:21:31] Forecast Rain Available hours: [6, 7, 8, 9, 10, 11, 12, 13, 14, 15, 16, 17, 18, 19, 20, 21, 22, 23, 24, 25, 26, 27, 28, 29]
[2026-05-19 10:21:31] Valid hours for sum: [12, 18, 24, 29]
[2026-05-19 10:21:34] Drought composite end date: 2022-08-08 06:00:00
[2026-05-19 10:21:34] Land cover year: 2021
[2026-05-19 10:21:35] VIIRS Veg composite: 2022-07-28 → 2022-08-13
[2026-05-19 10:21:39] Started export task: fire_179_dynamic_2022-08-13
[2026-05-19 10:21:40] ------ Processing date=2022-08-14 ------
[2026-05-19 10:21:40] Using viirs_af_path: viirs_af_path
[2026-05-19 10:21:40] VIIRS Image Date: ['2022-08-14 00:00:00']
[2026-05-19 10:21:40] Weather image size: 1
[2026-05-19 10:21:40] Forecast duration: 2022-08-15 00:00:00 to 2022-08-16 00:00:00
[2026-05-19 10:21:41] Number of forecast images: 24
[2026-05-19 10:21:41] Using forecast run: 2022-08-14 18:00:00 UTC
[2026-05-19 10:21:42] Forecast Rain Available hours: [6, 7, 8, 9, 10, 11, 12, 13, 14, 15, 16, 17, 18, 19, 20, 21, 22, 23, 24, 25, 26, 27, 28, 29]
[2026-05-19 10:21:42] Valid hours for sum: [12, 18, 24, 29]
[2026-05-19 10:21:43] Drought composite end date: 2022-08-13 06:00:00
[2026-05-19 10:21:44] Land cover year: 2021
[2026-05-19 10:21:44] VIIRS Veg composite: 2022-07-28 → 2022-08-13
[2026-05-19 10:21:49] Started export task: fire_179_dynamic_2022-08-14
[2026-05-19 10:21:49] ------ Processing date=2022-08-15 ------
[2026-05-19 10:21:49] Using viirs_af_path: viirs_af_path
[2026-05-19 10:21:49] VIIRS Image Date: ['2022-08-15 00:00:00']
[2026-05-19 10:21:49] Weather image size: 1
[2026-05-19 10:21:49] Forecast duration: 2022-08-16 00:00:00 to 2022-08-17 00:00:00
[2026-05-19 10:21:50] Number of forecast images: 24
[2026-05-19 10:21:50] Using forecast run: 2022-08-15 18:00:00 UTC
[2026-05-19 10:21:51] Forecast Rain Available hours: [6, 7, 8, 9, 10, 11, 12, 13, 14, 15, 16, 17, 18, 19, 20, 21, 22, 23, 24, 25, 26, 27, 28, 29]
[2026-05-19 10:21:51] Valid hours for sum: [12, 18, 24, 29]
[2026-05-19 10:21:53] Drought composite end date: 2022-08-13 06:00:00
[2026-05-19 10:21:53] Land cover year: 2021
[2026-05-19 10:21:54] VIIRS Veg composite: 2022-07-28 → 2022-08-13
[2026-05-19 10:21:57] Started export task: fire_179_dynamic_2022-08-15
[2026-05-19 10:21:58] ------ Processing date=2022-08-16 ------
[2026-05-19 10:21:58] Using viirs_af_path: viirs_af_path
[2026-05-19 10:21:58] VIIRS Image Date: ['2022-08-16 00:00:00']
[2026-05-19 10:21:58] Weather image size: 1
[2026-05-19 10:21:58] Forecast duration: 2022-08-17 00:00:00 to 2022-08-18 00:00:00
[2026-05-19 10:21:59] Number of forecast images: 24
[2026-05-19 10:21:59] Using forecast run: 2022-08-16 18:00:00 UTC
[2026-05-19 10:21:59] Forecast Rain Available hours: [6, 7, 8, 9, 10, 11, 12, 13, 14, 15, 16, 17, 18, 19, 20, 21, 22, 23, 24, 25, 26, 27, 28, 29]
[2026-05-19 10:21:59] Valid hours for sum: [12, 18, 24, 29]
[2026-05-19 10:22:01] Drought composite end date: 2022-08-13 06:00:00
[2026-05-19 10:22:01] Land cover year: 2021
[2026-05-19 10:22:02] VIIRS Veg composite: 2022-07-28 → 2022-08-13
[2026-05-19 10:22:08] Started export task: fire_179_dynamic_2022-08-16
[2026-05-19 10:22:09] ------ Processing date=2022-08-17 ------
[2026-05-19 10:22:09] Using viirs_af_path: viirs_af_path
[2026-05-19 10:22:09] VIIRS Image Date: ['2022-08-17 00:00:00']
[2026-05-19 10:22:09] Weather image size: 1
[2026-05-19 10:22:09] Forecast duration: 2022-08-18 00:00:00 to 2022-08-19 00:00:00
[2026-05-19 10:22:10] Number of forecast images: 24
[2026-05-19 10:22:10] Using forecast run: 2022-08-17 18:00:00 UTC
[2026-05-19 10:22:11] Forecast Rain Available hours: [6, 7, 8, 9, 10, 11, 12, 13, 14, 15, 16, 17, 18, 19, 20, 21, 22, 23, 24, 25, 26, 27, 28, 29]
[2026-05-19 10:22:11] Valid hours for sum: [12, 18, 24, 29]
[2026-05-19 10:22:12] Drought composite end date: 2022-08-13 06:00:00
[2026-05-19 10:22:12] Land cover year: 2021
[2026-05-19 10:22:13] VIIRS Veg composite: 2022-07-28 → 2022-08-13
[2026-05-19 10:22:19] Started export task: fire_179_dynamic_2022-08-17
[2026-05-19 10:22:19] ------ Processing date=2022-08-18 ------
[2026-05-19 10:22:19] Using viirs_af_path: viirs_af_path
[2026-05-19 10:22:19] VIIRS Image Date: ['2022-08-18 00:00:00']
[2026-05-19 10:22:20] Weather image size: 1
[2026-05-19 10:22:20] Forecast duration: 2022-08-19 00:00:00 to 2022-08-20 00:00:00
[2026-05-19 10:22:20] Number of forecast images: 24
[2026-05-19 10:22:20] Using forecast run: 2022-08-18 18:00:00 UTC
[2026-05-19 10:22:21] Forecast Rain Available hours: [6, 7, 8, 9, 10, 11, 12, 13, 14, 15, 16, 17, 18, 19, 20, 21, 22, 23, 24, 25, 26, 27, 28, 29]
[2026-05-19 10:22:21] Valid hours for sum: [12, 18, 24, 29]
[2026-05-19 10:22:22] Drought composite end date: 2022-08-13 06:00:00
[2026-05-19 10:22:22] Land cover year: 2021
[2026-05-19 10:22:23] VIIRS Veg composite: 2022-07-28 → 2022-08-13
[2026-05-19 10:22:28] Started export task: fire_179_dynamic_2022-08-18
[2026-05-19 10:22:28] ------ Processing date=2022-08-19 ------
[2026-05-19 10:22:28] Using viirs_af_path: viirs_af_path
[2026-05-19 10:22:29] VIIRS Image Date: ['2022-08-19 00:00:00']
[2026-05-19 10:22:29] Weather image size: 1
[2026-05-19 10:22:29] Forecast duration: 2022-08-20 00:00:00 to 2022-08-21 00:00:00
[2026-05-19 10:22:30] Number of forecast images: 24
[2026-05-19 10:22:30] Using forecast run: 2022-08-19 18:00:00 UTC
[2026-05-19 10:22:30] Forecast Rain Available hours: [6, 7, 8, 9, 10, 11, 12, 13, 14, 15, 16, 17, 18, 19, 20, 21, 22, 23, 24, 25, 26, 27, 28, 29]
[2026-05-19 10:22:30] Valid hours for sum: [12, 18, 24, 29]
[2026-05-19 10:22:32] Drought composite end date: 2022-08-18 06:00:00
[2026-05-19 10:22:32] Land cover year: 2021
[2026-05-19 10:22:33] VIIRS Veg composite: 2022-07-28 → 2022-08-13
[2026-05-19 10:22:38] Started export task: fire_179_dynamic_2022-08-19
[2026-05-19 10:22:39] ------ Processing date=2022-08-20 ------
[2026-05-19 10:22:39] Using viirs_af_path: viirs_af_path
[2026-05-19 10:22:39] VIIRS Image Date: ['2022-08-20 00:00:00']
[2026-05-19 10:22:39] Weather image size: 1
[2026-05-19 10:22:39] Forecast duration: 2022-08-21 00:00:00 to 2022-08-22 00:00:00
[2026-05-19 10:22:40] Number of forecast images: 24
[2026-05-19 10:22:40] Using forecast run: 2022-08-20 18:00:00 UTC
[2026-05-19 10:22:40] Forecast Rain Available hours: [6, 7, 8, 9, 10, 11, 12, 13, 14, 15, 16, 17, 18, 19, 20, 21, 22, 23, 24, 25, 26, 27, 28, 29]
[2026-05-19 10:22:40] Valid hours for sum: [12, 18, 24, 29]
[2026-05-19 10:22:43] Drought composite end date: 2022-08-18 06:00:00
[2026-05-19 10:22:43] Land cover year: 2021
[2026-05-19 10:22:44] VIIRS Veg composite: 2022-07-28 → 2022-08-13
[2026-05-19 10:22:47] Started export task: fire_179_dynamic_2022-08-20
[2026-05-19 10:22:48] ------ Processing date=2022-08-21 ------
[2026-05-19 10:22:48] Using viirs_af_path: viirs_af_path
[2026-05-19 10:22:48] VIIRS Image Date: ['2022-08-21 00:00:00']
[2026-05-19 10:22:48] Weather image size: 1
[2026-05-19 10:22:48] Forecast duration: 2022-08-22 00:00:00 to 2022-08-23 00:00:00
[2026-05-19 10:22:49] Number of forecast images: 24
[2026-05-19 10:22:49] Using forecast run: 2022-08-21 18:00:00 UTC
[2026-05-19 10:22:49] Forecast Rain Available hours: [6, 7, 8, 9, 10, 11, 12, 13, 14, 15, 16, 17, 18, 19, 20, 21, 22, 23, 24, 25, 26, 27, 28, 29]
[2026-05-19 10:22:49] Valid hours for sum: [12, 18, 24, 29]
[2026-05-19 10:22:50] Drought composite end date: 2022-08-18 06:00:00
[2026-05-19 10:22:51] Land cover year: 2021
[2026-05-19 10:22:51] VIIRS Veg composite: 2022-07-28 → 2022-08-13
[2026-05-19 10:22:56] Started export task: fire_179_dynamic_2022-08-21
[2026-05-19 10:22:57] ------ Processing date=2022-08-22 ------
[2026-05-19 10:22:57] Using viirs_af_path: viirs_af_path
[2026-05-19 10:22:57] VIIRS Image Date: ['2022-08-22 00:00:00']
[2026-05-19 10:22:57] Weather image size: 1
[2026-05-19 10:22:57] Forecast duration: 2022-08-23 00:00:00 to 2022-08-24 00:00:00
[2026-05-19 10:22:58] Number of forecast images: 24
[2026-05-19 10:22:58] Using forecast run: 2022-08-22 18:00:00 UTC
[2026-05-19 10:22:59] Forecast Rain Available hours: [6, 7, 8, 9, 10, 11, 12, 13, 14, 15, 16, 17, 18, 19, 20, 21, 22, 23, 24, 25, 26, 27, 28, 29]
[2026-05-19 10:22:59] Valid hours for sum: [12, 18, 24, 29]
[2026-05-19 10:23:01] Drought composite end date: 2022-08-18 06:00:00
[2026-05-19 10:23:02] Land cover year: 2021
[2026-05-19 10:23:02] VIIRS Veg composite: 2022-07-28 → 2022-08-13
[2026-05-19 10:23:06] Started export task: fire_179_dynamic_2022-08-22
[2026-05-19 10:23:07] ------ Processing date=2022-08-23 ------
[2026-05-19 10:23:07] Using viirs_af_path: viirs_af_path
[2026-05-19 10:23:07] VIIRS Image Date: ['2022-08-23 00:00:00']
[2026-05-19 10:23:07] Weather image size: 1
[2026-05-19 10:23:07] Forecast duration: 2022-08-24 00:00:00 to 2022-08-25 00:00:00
[2026-05-19 10:23:08] Number of forecast images: 24
[2026-05-19 10:23:08] Using forecast run: 2022-08-23 18:00:00 UTC
[2026-05-19 10:23:08] Forecast Rain Available hours: [6, 7, 8, 9, 10, 11, 12, 13, 14, 15, 16, 17, 18, 19, 20, 21, 22, 23, 24, 25, 26, 27, 28, 29]
[2026-05-19 10:23:08] Valid hours for sum: [12, 18, 24, 29]
[2026-05-19 10:23:11] Drought composite end date: 2022-08-18 06:00:00
[2026-05-19 10:23:11] Land cover year: 2021
[2026-05-19 10:23:12] VIIRS Veg composite: 2022-07-28 → 2022-08-13
[2026-05-19 10:23:16] Started export task: fire_179_dynamic_2022-08-23
[2026-05-19 10:23:17] ------ Processing date=2022-08-24 ------
[2026-05-19 10:23:17] Using viirs_af_path: viirs_af_path
[2026-05-19 10:23:17] VIIRS Image Date: ['2022-08-24 00:00:00']
[2026-05-19 10:23:17] Weather image size: 1
[2026-05-19 10:23:17] Forecast duration: 2022-08-25 00:00:00 to 2022-08-26 00:00:00
[2026-05-19 10:23:18] Number of forecast images: 24
[2026-05-19 10:23:18] Using forecast run: 2022-08-24 18:00:00 UTC
[2026-05-19 10:23:18] Forecast Rain Available hours: [6, 7, 8, 9, 10, 11, 12, 13, 14, 15, 16, 17, 18, 19, 20, 21, 22, 23, 24, 25, 26, 27, 28, 29]
[2026-05-19 10:23:18] Valid hours for sum: [12, 18, 24, 29]
[2026-05-19 10:23:21] Drought composite end date: 2022-08-23 06:00:00
[2026-05-19 10:23:21] Land cover year: 2021
[2026-05-19 10:23:22] VIIRS Veg composite: 2022-07-28 → 2022-08-13
[2026-05-19 10:23:25] Started export task: fire_179_dynamic_2022-08-24
[2026-05-19 10:23:26] ------ Processing date=2022-08-25 ------
[2026-05-19 10:23:26] Using viirs_af_path: viirs_af_path
[2026-05-19 10:23:26] VIIRS Image Date: ['2022-08-25 00:00:00']
[2026-05-19 10:23:26] Weather image size: 1
[2026-05-19 10:23:26] Forecast duration: 2022-08-26 00:00:00 to 2022-08-27 00:00:00
[2026-05-19 10:23:27] Number of forecast images: 24
[2026-05-19 10:23:27] Using forecast run: 2022-08-25 18:00:00 UTC
[2026-05-19 10:23:27] Forecast Rain Available hours: [6, 7, 8, 9, 10, 11, 12, 13, 14, 15, 16, 17, 18, 19, 20, 21, 22, 23, 24, 25, 26, 27, 28, 29]
[2026-05-19 10:23:27] Valid hours for sum: [12, 18, 24, 29]
[2026-05-19 10:23:29] Drought composite end date: 2022-08-23 06:00:00
[2026-05-19 10:23:29] Land cover year: 2021
[2026-05-19 10:23:30] VIIRS Veg composite: 2022-07-28 → 2022-08-13
[2026-05-19 10:23:34] Started export task: fire_179_dynamic_2022-08-25
[2026-05-19 10:23:34] ------ Processing date=2022-08-26 ------
[2026-05-19 10:23:34] Using viirs_af_path: viirs_af_path
[2026-05-19 10:23:35] VIIRS Image Date: ['2022-08-26 00:00:00']
[2026-05-19 10:23:35] Weather image size: 1
[2026-05-19 10:23:35] Forecast duration: 2022-08-27 00:00:00 to 2022-08-28 00:00:00
[2026-05-19 10:23:36] Number of forecast images: 23
[2026-05-19 10:23:36] Using forecast run: 2022-08-26 18:00:00 UTC
[2026-05-19 10:23:36] Forecast Rain Available hours: [6, 7, 8, 9, 10, 11, 12, 13, 15, 16, 17, 18, 19, 20, 21, 22, 23, 24, 25, 26, 27, 28, 29]
[2026-05-19 10:23:36] Valid hours for sum: [12, 18, 24, 29]
[2026-05-19 10:23:38] Drought composite end date: 2022-08-23 06:00:00
[2026-05-19 10:23:38] Land cover year: 2021
[2026-05-19 10:23:39] VIIRS Veg composite: 2022-07-28 → 2022-08-13
[2026-05-19 10:23:43] Started export task: fire_179_dynamic_2022-08-26
[2026-05-19 10:23:44] ------ Processing date=2022-08-27 ------
[2026-05-19 10:23:44] Using viirs_af_path: viirs_af_path
[2026-05-19 10:23:44] VIIRS Image Date: ['2022-08-27 00:00:00']
[2026-05-19 10:23:44] Weather image size: 1
[2026-05-19 10:23:44] Forecast duration: 2022-08-28 00:00:00 to 2022-08-29 00:00:00
[2026-05-19 10:23:45] Number of forecast images: 24
[2026-05-19 10:23:45] Using forecast run: 2022-08-27 18:00:00 UTC
[2026-05-19 10:23:45] Forecast Rain Available hours: [6, 7, 8, 9, 10, 11, 12, 13, 14, 15, 16, 17, 18, 19, 20, 21, 22, 23, 24, 25, 26, 27, 28, 29]
[2026-05-19 10:23:45] Valid hours for sum: [12, 18, 24, 29]
[2026-05-19 10:23:48] Drought composite end date: 2022-08-23 06:00:00
[2026-05-19 10:23:48] Land cover year: 2021
[2026-05-19 10:23:49] VIIRS Veg composite: 2022-07-28 → 2022-08-13
[2026-05-19 10:23:54] Started export task: fire_179_dynamic_2022-08-27
[2026-05-19 10:23:54] ------ Processing date=2022-08-28 ------
[2026-05-19 10:23:54] Using viirs_af_path: viirs_af_path
[2026-05-19 10:23:55] VIIRS Image Date: ['2022-08-28 00:00:00']
[2026-05-19 10:23:55] Weather image size: 1
[2026-05-19 10:23:55] Forecast duration: 2022-08-29 00:00:00 to 2022-08-30 00:00:00
[2026-05-19 10:23:56] Number of forecast images: 23
[2026-05-19 10:23:56] Using forecast run: 2022-08-28 18:00:00 UTC
[2026-05-19 10:23:56] Forecast Rain Available hours: [6, 7, 8, 9, 10, 11, 12, 13, 14, 16, 17, 18, 19, 20, 21, 22, 23, 24, 25, 26, 27, 28, 29]
[2026-05-19 10:23:56] Valid hours for sum: [12, 18, 24, 29]
[2026-05-19 10:23:58] Drought composite end date: 2022-08-23 06:00:00
[2026-05-19 10:23:58] Land cover year: 2021
[2026-05-19 10:23:59] VIIRS Veg composite: 2022-07-28 → 2022-08-13
[2026-05-19 10:24:02] Started export task: fire_179_dynamic_2022-08-28
[2026-05-19 10:24:03] ------ Processing date=2022-08-29 ------
[2026-05-19 10:24:03] Using viirs_af_path: viirs_af_path
[2026-05-19 10:24:03] VIIRS Image Date: ['2022-08-29 00:00:00']
[2026-05-19 10:24:03] Weather image size: 1
[2026-05-19 10:24:03] Forecast duration: 2022-08-30 00:00:00 to 2022-08-31 00:00:00
[2026-05-19 10:24:04] Number of forecast images: 24
[2026-05-19 10:24:04] Using forecast run: 2022-08-29 18:00:00 UTC
[2026-05-19 10:24:04] Forecast Rain Available hours: [6, 7, 8, 9, 10, 11, 12, 13, 14, 15, 16, 17, 18, 19, 20, 21, 22, 23, 24, 25, 26, 27, 28, 29]
[2026-05-19 10:24:04] Valid hours for sum: [12, 18, 24, 29]
[2026-05-19 10:24:06] Drought composite end date: 2022-08-28 06:00:00
[2026-05-19 10:24:06] Land cover year: 2021
[2026-05-19 10:24:07] VIIRS Veg composite: 2022-07-28 → 2022-08-13
[2026-05-19 10:24:11] Started export task: fire_179_dynamic_2022-08-29
[2026-05-19 10:24:12] ------ Processing date=2022-08-30 ------
[2026-05-19 10:24:12] Using viirs_af_path: viirs_af_path
[2026-05-19 10:24:12] VIIRS Image Date: ['2022-08-30 00:00:00']
[2026-05-19 10:24:12] Weather image size: 1
[2026-05-19 10:24:12] Forecast duration: 2022-08-31 00:00:00 to 2022-09-01 00:00:00
[2026-05-19 10:24:13] Number of forecast images: 24
[2026-05-19 10:24:13] Using forecast run: 2022-08-30 18:00:00 UTC
[2026-05-19 10:24:13] Forecast Rain Available hours: [6, 7, 8, 9, 10, 11, 12, 13, 14, 15, 16, 17, 18, 19, 20, 21, 22, 23, 24, 25, 26, 27, 28, 29]
[2026-05-19 10:24:13] Valid hours for sum: [12, 18, 24, 29]
[2026-05-19 10:24:15] Drought composite end date: 2022-08-28 06:00:00
[2026-05-19 10:24:15] Land cover year: 2021
[2026-05-19 10:24:16] VIIRS Veg composite: 2022-07-28 → 2022-08-13
[2026-05-19 10:24:19] Started export task: fire_179_dynamic_2022-08-30
[2026-05-19 10:24:19] ------ Processing date=2022-08-31 ------
[2026-05-19 10:24:19] Using viirs_af_path: viirs_af_path
[2026-05-19 10:24:20] VIIRS Image Date: ['2022-08-31 00:00:00']
[2026-05-19 10:24:20] Weather image size: 1
[2026-05-19 10:24:20] Forecast duration: 2022-09-01 00:00:00 to 2022-09-02 00:00:00
[2026-05-19 10:24:21] Number of forecast images: 24
[2026-05-19 10:24:21] Using forecast run: 2022-08-31 18:00:00 UTC
[2026-05-19 10:24:21] Forecast Rain Available hours: [6, 7, 8, 9, 10, 11, 12, 13, 14, 15, 16, 17, 18, 19, 20, 21, 22, 23, 24, 25, 26, 27, 28, 29]
[2026-05-19 10:24:21] Valid hours for sum: [12, 18, 24, 29]
[2026-05-19 10:24:23] Drought composite end date: 2022-08-28 06:00:00
[2026-05-19 10:24:23] Land cover year: 2021
[2026-05-19 10:24:24] VIIRS Veg composite: 2022-07-28 → 2022-08-13
[2026-05-19 10:24:28] Started export task: fire_179_dynamic_2022-08-31
[2026-05-19 10:24:28] ------ Processing date=2022-09-01 ------
[2026-05-19 10:24:28] Using viirs_af_path: viirs_af_path
[2026-05-19 10:24:28] VIIRS Image Date: ['2022-09-01 00:00:00']
[2026-05-19 10:24:28] Weather image size: 1
[2026-05-19 10:24:28] Forecast duration: 2022-09-02 00:00:00 to 2022-09-03 00:00:00
[2026-05-19 10:24:29] Number of forecast images: 23
[2026-05-19 10:24:29] Using forecast run: 2022-09-01 18:00:00 UTC
[2026-05-19 10:24:30] Forecast Rain Available hours: [6, 7, 8, 9, 10, 11, 12, 13, 14, 15, 16, 17, 18, 20, 21, 22, 23, 24, 25, 26, 27, 28, 29]
[2026-05-19 10:24:30] Valid hours for sum: [12, 18, 24, 29]
[2026-05-19 10:24:32] Drought composite end date: 2022-08-28 06:00:00
[2026-05-19 10:24:32] Land cover year: 2021
[2026-05-19 10:24:33] VIIRS Veg composite: 2022-07-28 → 2022-08-13
[2026-05-19 10:24:37] Started export task: fire_179_dynamic_2022-09-01
[2026-05-19 10:24:37] ------ Processing date=2022-09-02 ------
[2026-05-19 10:24:37] Using viirs_af_path: viirs_af_path
[2026-05-19 10:24:38] VIIRS Image Date: ['2022-09-02 00:00:00']
[2026-05-19 10:24:38] Weather image size: 1
[2026-05-19 10:24:38] Forecast duration: 2022-09-03 00:00:00 to 2022-09-04 00:00:00
[2026-05-19 10:24:39] Number of forecast images: 24
[2026-05-19 10:24:39] Using forecast run: 2022-09-02 18:00:00 UTC
[2026-05-19 10:24:39] Forecast Rain Available hours: [6, 7, 8, 9, 10, 11, 12, 13, 14, 15, 16, 17, 18, 19, 20, 21, 22, 23, 24, 25, 26, 27, 28, 29]
[2026-05-19 10:24:39] Valid hours for sum: [12, 18, 24, 29]
[2026-05-19 10:24:41] Drought composite end date: 2022-08-28 06:00:00
[2026-05-19 10:24:41] Land cover year: 2021
[2026-05-19 10:24:42] VIIRS Veg composite: 2022-07-28 → 2022-08-13
[2026-05-19 10:24:47] Started export task: fire_179_dynamic_2022-09-02
[2026-05-19 10:24:47] ------ Processing date=2022-09-03 ------
[2026-05-19 10:24:47] Using viirs_af_path: viirs_af_path
[2026-05-19 10:24:47] VIIRS Image Date: ['2022-09-03 00:00:00']
[2026-05-19 10:24:47] Weather image size: 1
[2026-05-19 10:24:47] Forecast duration: 2022-09-04 00:00:00 to 2022-09-05 00:00:00
[2026-05-19 10:24:48] Number of forecast images: 24
[2026-05-19 10:24:48] Using forecast run: 2022-09-03 18:00:00 UTC
[2026-05-19 10:24:49] Forecast Rain Available hours: [6, 7, 8, 9, 10, 11, 12, 13, 14, 15, 16, 17, 18, 19, 20, 21, 22, 23, 24, 25, 26, 27, 28, 29]
[2026-05-19 10:24:49] Valid hours for sum: [12, 18, 24, 29]
[2026-05-19 10:24:50] Drought composite end date: 2022-09-02 06:00:00
[2026-05-19 10:24:51] Land cover year: 2021
[2026-05-19 10:24:52] VIIRS Veg composite: 2022-07-28 → 2022-08-13
[2026-05-19 10:24:55] Started export task: fire_179_dynamic_2022-09-03
[2026-05-19 10:24:56] ------ Processing date=2022-09-04 ------
[2026-05-19 10:24:56] Using viirs_af_path: viirs_af_path
[2026-05-19 10:24:56] VIIRS Image Date: ['2022-09-04 00:00:00']
[2026-05-19 10:24:56] Weather image size: 1
[2026-05-19 10:24:56] Forecast duration: 2022-09-05 00:00:00 to 2022-09-06 00:00:00
[2026-05-19 10:24:57] Number of forecast images: 24
[2026-05-19 10:24:57] Using forecast run: 2022-09-04 18:00:00 UTC
[2026-05-19 10:24:57] Forecast Rain Available hours: [6, 7, 8, 9, 10, 11, 12, 13, 14, 15, 16, 17, 18, 19, 20, 21, 22, 23, 24, 25, 26, 27, 28, 29]
[2026-05-19 10:24:57] Valid hours for sum: [12, 18, 24, 29]
[2026-05-19 10:24:59] Drought composite end date: 2022-09-02 06:00:00
[2026-05-19 10:24:59] Land cover year: 2021
[2026-05-19 10:25:00] VIIRS Veg composite: 2022-07-28 → 2022-08-13
[2026-05-19 10:25:04] Started export task: fire_179_dynamic_2022-09-04
[2026-05-19 10:25:04] ------ Processing date=2022-09-05 ------
[2026-05-19 10:25:04] Using viirs_af_path: viirs_af_path
[2026-05-19 10:25:04] VIIRS Image Date: ['2022-09-05 00:00:00']
[2026-05-19 10:25:05] Weather image size: 1
[2026-05-19 10:25:05] Forecast duration: 2022-09-06 00:00:00 to 2022-09-07 00:00:00
[2026-05-19 10:25:05] Number of forecast images: 24
[2026-05-19 10:25:05] Using forecast run: 2022-09-05 18:00:00 UTC
[2026-05-19 10:25:06] Forecast Rain Available hours: [6, 7, 8, 9, 10, 11, 12, 13, 14, 15, 16, 17, 18, 19, 20, 21, 22, 23, 24, 25, 26, 27, 28, 29]
[2026-05-19 10:25:06] Valid hours for sum: [12, 18, 24, 29]
[2026-05-19 10:25:08] Drought composite end date: 2022-09-02 06:00:00
[2026-05-19 10:25:08] Land cover year: 2021
[2026-05-19 10:25:09] VIIRS Veg composite: 2022-07-28 → 2022-08-13
[2026-05-19 10:25:13] Started export task: fire_179_dynamic_2022-09-05
[2026-05-19 10:25:13] ------ Processing date=2022-09-06 ------
[2026-05-19 10:25:13] Using viirs_af_path: viirs_af_path
[2026-05-19 10:25:14] VIIRS Image Date: ['2022-09-06 00:00:00']
[2026-05-19 10:25:14] Weather image size: 1
[2026-05-19 10:25:14] Forecast duration: 2022-09-07 00:00:00 to 2022-09-08 00:00:00
[2026-05-19 10:25:15] Number of forecast images: 24
[2026-05-19 10:25:15] Using forecast run: 2022-09-06 18:00:00 UTC
[2026-05-19 10:25:15] Forecast Rain Available hours: [6, 7, 8, 9, 10, 11, 12, 13, 14, 15, 16, 17, 18, 19, 20, 21, 22, 23, 24, 25, 26, 27, 28, 29]
[2026-05-19 10:25:15] Valid hours for sum: [12, 18, 24, 29]
[2026-05-19 10:25:18] Drought composite end date: 2022-09-02 06:00:00
[2026-05-19 10:25:18] Land cover year: 2021
[2026-05-19 10:25:19] VIIRS Veg composite: 2022-07-28 → 2022-08-13
[2026-05-19 10:25:22] Started export task: fire_179_dynamic_2022-09-06
[2026-05-19 10:25:23] ------ Processing date=2022-09-07 ------
[2026-05-19 10:25:23] Using viirs_af_path: viirs_af_path
[2026-05-19 10:25:23] VIIRS Image Date: ['2022-09-07 00:00:00']
[2026-05-19 10:25:23] Weather image size: 1
[2026-05-19 10:25:23] Forecast duration: 2022-09-08 00:00:00 to 2022-09-09 00:00:00
[2026-05-19 10:25:24] Number of forecast images: 24
[2026-05-19 10:25:24] Using forecast run: 2022-09-07 18:00:00 UTC
[2026-05-19 10:25:25] Forecast Rain Available hours: [6, 7, 8, 9, 10, 11, 12, 13, 14, 15, 16, 17, 18, 19, 20, 21, 22, 23, 24, 25, 26, 27, 28, 29]
[2026-05-19 10:25:25] Valid hours for sum: [12, 18, 24, 29]
[2026-05-19 10:25:26] Drought composite end date: 2022-09-02 06:00:00
[2026-05-19 10:25:27] Land cover year: 2021
[2026-05-19 10:25:27] VIIRS Veg composite: 2022-07-28 → 2022-08-13
[2026-05-19 10:25:33] Started export task: fire_179_dynamic_2022-09-07
[2026-05-19 10:25:33] ------ Processing date=2022-09-08 ------
[2026-05-19 10:25:33] Using viirs_af_path: viirs_af_path
[2026-05-19 10:25:33] VIIRS Image Date: ['2022-09-08 00:00:00']
[2026-05-19 10:25:34] Weather image size: 1
[2026-05-19 10:25:34] Forecast duration: 2022-09-09 00:00:00 to 2022-09-10 00:00:00
[2026-05-19 10:25:34] Number of forecast images: 24
[2026-05-19 10:25:34] Using forecast run: 2022-09-08 18:00:00 UTC
[2026-05-19 10:25:35] Forecast Rain Available hours: [6, 7, 8, 9, 10, 11, 12, 13, 14, 15, 16, 17, 18, 19, 20, 21, 22, 23, 24, 25, 26, 27, 28, 29]
[2026-05-19 10:25:35] Valid hours for sum: [12, 18, 24, 29]
[2026-05-19 10:25:36] Drought composite end date: 2022-09-07 06:00:00
[2026-05-19 10:25:37] Land cover year: 2021
[2026-05-19 10:25:37] VIIRS Veg composite: 2022-07-28 → 2022-08-13
[2026-05-19 10:25:42] Started export task: fire_179_dynamic_2022-09-08
[2026-05-19 10:25:42] ------ Processing date=2022-09-09 ------
[2026-05-19 10:25:42] Using viirs_af_path: viirs_af_path
[2026-05-19 10:25:43] VIIRS Image Date: ['2022-09-09 00:00:00']
[2026-05-19 10:25:43] Weather image size: 1
[2026-05-19 10:25:43] Forecast duration: 2022-09-10 00:00:00 to 2022-09-11 00:00:00
[2026-05-19 10:25:44] Number of forecast images: 24
[2026-05-19 10:25:44] Using forecast run: 2022-09-09 18:00:00 UTC
[2026-05-19 10:25:44] Forecast Rain Available hours: [6, 7, 8, 9, 10, 11, 12, 13, 14, 15, 16, 17, 18, 19, 20, 21, 22, 23, 24, 25, 26, 27, 28, 29]
[2026-05-19 10:25:44] Valid hours for sum: [12, 18, 24, 29]
[2026-05-19 10:25:47] Drought composite end date: 2022-09-07 06:00:00
[2026-05-19 10:25:47] Land cover year: 2021
[2026-05-19 10:25:48] VIIRS Veg composite: 2022-07-28 → 2022-08-13
[2026-05-19 10:25:51] Started export task: fire_179_dynamic_2022-09-09
[2026-05-19 10:25:52] ------ Processing date=2022-09-10 ------
[2026-05-19 10:25:52] Using viirs_af_path: viirs_af_path
[2026-05-19 10:25:52] VIIRS Image Date: ['2022-09-10 00:00:00']
[2026-05-19 10:25:52] Weather image size: 1
[2026-05-19 10:25:52] Forecast duration: 2022-09-11 00:00:00 to 2022-09-12 00:00:00
[2026-05-19 10:25:53] Number of forecast images: 24
[2026-05-19 10:25:53] Using forecast run: 2022-09-10 18:00:00 UTC
[2026-05-19 10:25:54] Forecast Rain Available hours: [6, 7, 8, 9, 10, 11, 12, 13, 14, 15, 16, 17, 18, 19, 20, 21, 22, 23, 24, 25, 26, 27, 28, 29]
[2026-05-19 10:25:54] Valid hours for sum: [12, 18, 24, 29]
[2026-05-19 10:25:56] Drought composite end date: 2022-09-07 06:00:00
[2026-05-19 10:25:57] Land cover year: 2021
[2026-05-19 10:25:58] VIIRS Veg composite: 2022-07-28 → 2022-08-13
[2026-05-19 10:26:01] Started export task: fire_179_dynamic_2022-09-10
[2026-05-19 10:26:02] ------ Processing date=2022-09-11 ------
[2026-05-19 10:26:02] Using viirs_af_path: viirs_af_path
[2026-05-19 10:26:02] VIIRS Image Date: ['2022-09-11 00:00:00']
[2026-05-19 10:26:02] Weather image size: 1
[2026-05-19 10:26:02] Forecast duration: 2022-09-12 00:00:00 to 2022-09-13 00:00:00
[2026-05-19 10:26:03] Number of forecast images: 23
[2026-05-19 10:26:03] Using forecast run: 2022-09-11 18:00:00 UTC
[2026-05-19 10:26:04] Forecast Rain Available hours: [6, 7, 8, 9, 10, 11, 12, 13, 14, 15, 16, 17, 18, 19, 21, 22, 23, 24, 25, 26, 27, 28, 29]
[2026-05-19 10:26:04] Valid hours for sum: [12, 18, 24, 29]
[2026-05-19 10:26:06] Drought composite end date: 2022-09-07 06:00:00
[2026-05-19 10:26:06] Land cover year: 2021
[2026-05-19 10:26:07] VIIRS Veg composite: 2022-07-28 → 2022-08-13
[2026-05-19 10:26:11] Started export task: fire_179_dynamic_2022-09-11
[2026-05-19 10:26:12] ------ Processing date=2022-09-12 ------
[2026-05-19 10:26:12] Using viirs_af_path: viirs_af_path
[2026-05-19 10:26:12] VIIRS Image Date: ['2022-09-12 00:00:00']
[2026-05-19 10:26:12] Weather image size: 1
[2026-05-19 10:26:12] Forecast duration: 2022-09-13 00:00:00 to 2022-09-14 00:00:00
[2026-05-19 10:26:13] Number of forecast images: 24
[2026-05-19 10:26:13] Using forecast run: 2022-09-12 18:00:00 UTC
[2026-05-19 10:26:14] Forecast Rain Available hours: [6, 7, 8, 9, 10, 11, 12, 13, 14, 15, 16, 17, 18, 19, 20, 21, 22, 23, 24, 25, 26, 27, 28, 29]
[2026-05-19 10:26:14] Valid hours for sum: [12, 18, 24, 29]
[2026-05-19 10:26:16] Drought composite end date: 2022-09-07 06:00:00
[2026-05-19 10:26:16] Land cover year: 2021
[2026-05-19 10:26:17] VIIRS Veg composite: 2022-07-28 → 2022-08-13
[2026-05-19 10:26:20] Started export task: fire_179_dynamic_2022-09-12
[2026-05-19 10:26:20] ------ Processing date=2022-09-13 ------
[2026-05-19 10:26:20] Using viirs_af_path: viirs_af_path
[2026-05-19 10:26:20] VIIRS Image Date: ['2022-09-13 00:00:00']
[2026-05-19 10:26:20] Weather image size: 1
[2026-05-19 10:26:20] Forecast duration: 2022-09-14 00:00:00 to 2022-09-15 00:00:00
[2026-05-19 10:26:21] Number of forecast images: 24
[2026-05-19 10:26:21] Using forecast run: 2022-09-13 18:00:00 UTC
[2026-05-19 10:26:22] Forecast Rain Available hours: [6, 7, 8, 9, 10, 11, 12, 13, 14, 15, 16, 17, 18, 19, 20, 21, 22, 23, 24, 25, 26, 27, 28, 29]
[2026-05-19 10:26:22] Valid hours for sum: [12, 18, 24, 29]
[2026-05-19 10:26:24] Drought composite end date: 2022-09-12 06:00:00
[2026-05-19 10:26:24] Land cover year: 2021
[2026-05-19 10:26:25] VIIRS Veg composite: 2022-07-28 → 2022-08-13
[2026-05-19 10:26:28] Started export task: fire_179_dynamic_2022-09-13
[2026-05-19 10:26:28] ------ Processing date=2022-09-14 ------
[2026-05-19 10:26:28] Using viirs_af_path: viirs_af_path
[2026-05-19 10:26:28] VIIRS Image Date: ['2022-09-14 00:00:00']
[2026-05-19 10:26:29] Weather image size: 1
[2026-05-19 10:26:29] Forecast duration: 2022-09-15 00:00:00 to 2022-09-16 00:00:00
[2026-05-19 10:26:30] Number of forecast images: 24
[2026-05-19 10:26:30] Using forecast run: 2022-09-14 18:00:00 UTC
[2026-05-19 10:26:30] Forecast Rain Available hours: [6, 7, 8, 9, 10, 11, 12, 13, 14, 15, 16, 17, 18, 19, 20, 21, 22, 23, 24, 25, 26, 27, 28, 29]
[2026-05-19 10:26:30] Valid hours for sum: [12, 18, 24, 29]
[2026-05-19 10:26:31] Drought composite end date: 2022-09-12 06:00:00
[2026-05-19 10:26:31] Land cover year: 2021
[2026-05-19 10:26:32] VIIRS Veg composite: 2022-07-28 → 2022-08-13
[2026-05-19 10:26:37] Started export task: fire_179_dynamic_2022-09-14
[2026-05-19 10:26:37] ------ Processing date=2022-09-15 ------
[2026-05-19 10:26:37] Using viirs_af_path: viirs_af_path
[2026-05-19 10:26:37] VIIRS Image Date: ['2022-09-15 00:00:00']
[2026-05-19 10:26:38] Weather image size: 1
[2026-05-19 10:26:38] Forecast duration: 2022-09-16 00:00:00 to 2022-09-17 00:00:00
[2026-05-19 10:26:38] Number of forecast images: 24
[2026-05-19 10:26:38] Using forecast run: 2022-09-15 18:00:00 UTC
[2026-05-19 10:26:39] Forecast Rain Available hours: [6, 7, 8, 9, 10, 11, 12, 13, 14, 15, 16, 17, 18, 19, 20, 21, 22, 23, 24, 25, 26, 27, 28, 29]
[2026-05-19 10:26:39] Valid hours for sum: [12, 18, 24, 29]
[2026-05-19 10:26:41] Drought composite end date: 2022-09-12 06:00:00
[2026-05-19 10:26:41] Land cover year: 2021
[2026-05-19 10:26:42] VIIRS Veg composite: 2022-07-28 → 2022-08-13
[2026-05-19 10:26:45] Started export task: fire_179_dynamic_2022-09-15
[2026-05-19 10:26:46] ------ Processing date=2022-09-16 ------
[2026-05-19 10:26:46] Using viirs_af_path: viirs_af_path
[2026-05-19 10:26:46] VIIRS Image Date: ['2022-09-16 00:00:00']
[2026-05-19 10:26:46] Weather image size: 1
[2026-05-19 10:26:46] Forecast duration: 2022-09-17 00:00:00 to 2022-09-18 00:00:00
[2026-05-19 10:26:47] Number of forecast images: 24
[2026-05-19 10:26:47] Using forecast run: 2022-09-16 18:00:00 UTC
[2026-05-19 10:26:48] Forecast Rain Available hours: [6, 7, 8, 9, 10, 11, 12, 13, 14, 15, 16, 17, 18, 19, 20, 21, 22, 23, 24, 25, 26, 27, 28, 29]
[2026-05-19 10:26:48] Valid hours for sum: [12, 18, 24, 29]
[2026-05-19 10:26:49] Drought composite end date: 2022-09-12 06:00:00
[2026-05-19 10:26:49] Land cover year: 2021
[2026-05-19 10:26:50] VIIRS Veg composite: 2022-07-28 → 2022-08-13
[2026-05-19 10:26:53] Started export task: fire_179_dynamic_2022-09-16
[2026-05-19 10:26:54] ------ Processing date=2022-09-17 ------
[2026-05-19 10:26:54] Using viirs_af_path: viirs_af_path
[2026-05-19 10:26:54] VIIRS Image Date: ['2022-09-17 00:00:00']
[2026-05-19 10:26:55] Weather image size: 1
[2026-05-19 10:26:55] Forecast duration: 2022-09-18 00:00:00 to 2022-09-19 00:00:00
[2026-05-19 10:26:56] Number of forecast images: 24
[2026-05-19 10:26:56] Using forecast run: 2022-09-17 18:00:00 UTC
[2026-05-19 10:26:56] Forecast Rain Available hours: [6, 7, 8, 9, 10, 11, 12, 13, 14, 15, 16, 17, 18, 19, 20, 21, 22, 23, 24, 25, 26, 27, 28, 29]
[2026-05-19 10:26:56] Valid hours for sum: [12, 18, 24, 29]
[2026-05-19 10:26:58] Drought composite end date: 2022-09-12 06:00:00
[2026-05-19 10:26:58] Land cover year: 2021
[2026-05-19 10:26:59] VIIRS Veg composite: 2022-07-28 → 2022-08-13
[2026-05-19 10:27:03] Started export task: fire_179_dynamic_2022-09-17
[2026-05-19 10:27:03] ------ Processing date=2022-09-18 ------
[2026-05-19 10:27:03] Using viirs_af_path: viirs_af_path
[2026-05-19 10:27:03] VIIRS Image Date: ['2022-09-18 00:00:00']
[2026-05-19 10:27:03] Weather image size: 1
[2026-05-19 10:27:04] Forecast duration: 2022-09-19 00:00:00 to 2022-09-20 00:00:00
[2026-05-19 10:27:05] Number of forecast images: 24
[2026-05-19 10:27:05] Using forecast run: 2022-09-18 18:00:00 UTC
[2026-05-19 10:27:05] Forecast Rain Available hours: [6, 7, 8, 9, 10, 11, 12, 13, 14, 15, 16, 17, 18, 19, 20, 21, 22, 23, 24, 25, 26, 27, 28, 29]
[2026-05-19 10:27:05] Valid hours for sum: [12, 18, 24, 29]
[2026-05-19 10:27:07] Drought composite end date: 2022-09-17 06:00:00
[2026-05-19 10:27:07] Land cover year: 2021
[2026-05-19 10:27:08] VIIRS Veg composite: 2022-07-28 → 2022-08-13
[2026-05-19 10:27:10] Started export task: fire_179_dynamic_2022-09-18
[2026-05-19 10:27:11] ------ Processing date=2022-09-19 ------
[2026-05-19 10:27:11] Using viirs_af_path: viirs_af_path
[2026-05-19 10:27:11] VIIRS Image Date: ['2022-09-19 00:00:00']
[2026-05-19 10:27:11] Weather image size: 1
[2026-05-19 10:27:11] Forecast duration: 2022-09-20 00:00:00 to 2022-09-21 00:00:00
[2026-05-19 10:27:12] Number of forecast images: 24
[2026-05-19 10:27:12] Using forecast run: 2022-09-19 18:00:00 UTC
[2026-05-19 10:27:13] Forecast Rain Available hours: [6, 7, 8, 9, 10, 11, 12, 13, 14, 15, 16, 17, 18, 19, 20, 21, 22, 23, 24, 25, 26, 27, 28, 29]
[2026-05-19 10:27:13] Valid hours for sum: [12, 18, 24, 29]
[2026-05-19 10:27:14] Drought composite end date: 2022-09-17 06:00:00
[2026-05-19 10:27:15] Land cover year: 2021
[2026-05-19 10:27:16] VIIRS Veg composite: 2022-07-28 → 2022-08-13
[2026-05-19 10:27:19] Started export task: fire_179_dynamic_2022-09-19
[2026-05-19 10:27:19] ------ Processing date=2022-09-20 ------
[2026-05-19 10:27:19] Using viirs_af_path: viirs_af_path
[2026-05-19 10:27:19] VIIRS Image Date: ['2022-09-20 00:00:00']
[2026-05-19 10:27:19] Weather image size: 1
[2026-05-19 10:27:19] Forecast duration: 2022-09-21 00:00:00 to 2022-09-22 00:00:00
[2026-05-19 10:27:20] Number of forecast images: 24
[2026-05-19 10:27:20] Using forecast run: 2022-09-20 18:00:00 UTC
[2026-05-19 10:27:21] Forecast Rain Available hours: [6, 7, 8, 9, 10, 11, 12, 13, 14, 15, 16, 17, 18, 19, 20, 21, 22, 23, 24, 25, 26, 27, 28, 29]
[2026-05-19 10:27:21] Valid hours for sum: [12, 18, 24, 29]
[2026-05-19 10:27:22] Drought composite end date: 2022-09-17 06:00:00
[2026-05-19 10:27:23] Land cover year: 2021
[2026-05-19 10:27:25] VIIRS Veg composite: 2022-07-28 → 2022-08-13
[2026-05-19 10:27:29] Started export task: fire_179_dynamic_2022-09-20
[2026-05-19 10:27:29] ------ Processing date=2022-09-21 ------
[2026-05-19 10:27:29] Using viirs_af_path: viirs_af_path
[2026-05-19 10:27:30] VIIRS Image Date: ['2022-09-21 00:00:00']
[2026-05-19 10:27:30] Weather image size: 1
[2026-05-19 10:27:30] Forecast duration: 2022-09-22 00:00:00 to 2022-09-23 00:00:00
[2026-05-19 10:27:31] Number of forecast images: 24
[2026-05-19 10:27:31] Using forecast run: 2022-09-21 18:00:00 UTC
[2026-05-19 10:27:32] Forecast Rain Available hours: [6, 7, 8, 9, 10, 11, 12, 13, 14, 15, 16, 17, 18, 19, 20, 21, 22, 23, 24, 25, 26, 27, 28, 29]
[2026-05-19 10:27:32] Valid hours for sum: [12, 18, 24, 29]
[2026-05-19 10:27:34] Drought composite end date: 2022-09-17 06:00:00
[2026-05-19 10:27:35] Land cover year: 2021
[2026-05-19 10:27:36] VIIRS Veg composite: 2022-07-28 → 2022-08-13
[2026-05-19 10:27:40] Started export task: fire_179_dynamic_2022-09-21
[2026-05-19 10:27:40] ------ Processing date=2022-09-22 ------
[2026-05-19 10:27:40] Using viirs_af_path: viirs_af_path
[2026-05-19 10:27:40] VIIRS Image Date: ['2022-09-22 00:00:00']
[2026-05-19 10:27:40] Weather image size: 1
[2026-05-19 10:27:40] Forecast duration: 2022-09-23 00:00:00 to 2022-09-24 00:00:00
[2026-05-19 10:27:41] Number of forecast images: 24
[2026-05-19 10:27:41] Using forecast run: 2022-09-22 18:00:00 UTC
[2026-05-19 10:27:41] Forecast Rain Available hours: [6, 7, 8, 9, 10, 11, 12, 13, 14, 15, 16, 17, 18, 19, 20, 21, 22, 23, 24, 25, 26, 27, 28, 29]
[2026-05-19 10:27:41] Valid hours for sum: [12, 18, 24, 29]
[2026-05-19 10:27:43] Drought composite end date: 2022-09-17 06:00:00
[2026-05-19 10:27:43] Land cover year: 2021
[2026-05-19 10:27:44] VIIRS Veg composite: 2022-07-28 → 2022-08-13
[2026-05-19 10:27:47] Started export task: fire_179_dynamic_2022-09-22
[2026-05-19 10:27:48] ------ Processing date=2022-09-23 ------
[2026-05-19 10:27:48] Using viirs_af_path: viirs_af_path
[2026-05-19 10:27:48] VIIRS Image Date: ['2022-09-23 00:00:00']
[2026-05-19 10:27:48] Weather image size: 1
[2026-05-19 10:27:48] Forecast duration: 2022-09-24 00:00:00 to 2022-09-25 00:00:00
[2026-05-19 10:27:49] Number of forecast images: 24
[2026-05-19 10:27:49] Using forecast run: 2022-09-23 18:00:00 UTC
[2026-05-19 10:27:49] Forecast Rain Available hours: [6, 7, 8, 9, 10, 11, 12, 13, 14, 15, 16, 17, 18, 19, 20, 21, 22, 23, 24, 25, 26, 27, 28, 29]
[2026-05-19 10:27:49] Valid hours for sum: [12, 18, 24, 29]
[2026-05-19 10:27:51] Drought composite end date: 2022-09-22 06:00:00
[2026-05-19 10:27:51] Land cover year: 2021
[2026-05-19 10:27:52] VIIRS Veg composite: 2022-07-28 → 2022-08-13
[2026-05-19 10:27:55] Started export task: fire_179_dynamic_2022-09-23
[2026-05-19 10:27:55] ------ Processing date=2022-09-24 ------
[2026-05-19 10:27:55] Using viirs_af_path: viirs_af_path
[2026-05-19 10:27:55] VIIRS Image Date: ['2022-09-24 00:00:00']
[2026-05-19 10:27:55] Weather image size: 1
[2026-05-19 10:27:55] Forecast duration: 2022-09-25 00:00:00 to 2022-09-26 00:00:00
[2026-05-19 10:27:56] Number of forecast images: 24
[2026-05-19 10:27:56] Using forecast run: 2022-09-24 18:00:00 UTC
[2026-05-19 10:27:57] Forecast Rain Available hours: [6, 7, 8, 9, 10, 11, 12, 13, 14, 15, 16, 17, 18, 19, 20, 21, 22, 23, 24, 25, 26, 27, 28, 29]
[2026-05-19 10:27:57] Valid hours for sum: [12, 18, 24, 29]
[2026-05-19 10:27:58] Drought composite end date: 2022-09-22 06:00:00
[2026-05-19 10:27:58] Land cover year: 2021
[2026-05-19 10:27:59] VIIRS Veg composite: 2022-07-28 → 2022-08-13
[2026-05-19 10:28:03] Started export task: fire_179_dynamic_2022-09-24
[2026-05-19 10:28:03] ------ Processing date=2022-09-25 ------
[2026-05-19 10:28:03] Using viirs_af_path: viirs_af_path
[2026-05-19 10:28:03] VIIRS Image Date: ['2022-09-25 00:00:00']
[2026-05-19 10:28:03] Weather image size: 1
[2026-05-19 10:28:03] Forecast duration: 2022-09-26 00:00:00 to 2022-09-27 00:00:00
[2026-05-19 10:28:04] Number of forecast images: 24
[2026-05-19 10:28:04] Using forecast run: 2022-09-25 18:00:00 UTC
[2026-05-19 10:28:04] Forecast Rain Available hours: [6, 7, 8, 9, 10, 11, 12, 13, 14, 15, 16, 17, 18, 19, 20, 21, 22, 23, 24, 25, 26, 27, 28, 29]
[2026-05-19 10:28:04] Valid hours for sum: [12, 18, 24, 29]
[2026-05-19 10:28:06] Drought composite end date: 2022-09-22 06:00:00
[2026-05-19 10:28:06] Land cover year: 2021
[2026-05-19 10:28:07] VIIRS Veg composite: 2022-07-28 → 2022-08-13
[2026-05-19 10:28:11] Started export task: fire_179_dynamic_2022-09-25
[2026-05-19 10:28:12] ------ Processing date=2022-09-26 ------
[2026-05-19 10:28:12] Using viirs_af_path: viirs_af_path
[2026-05-19 10:28:12] VIIRS Image Date: ['2022-09-26 00:00:00']
[2026-05-19 10:28:12] Weather image size: 1
[2026-05-19 10:28:12] Forecast duration: 2022-09-27 00:00:00 to 2022-09-28 00:00:00
[2026-05-19 10:28:13] Number of forecast images: 24
[2026-05-19 10:28:13] Using forecast run: 2022-09-26 18:00:00 UTC
[2026-05-19 10:28:13] Forecast Rain Available hours: [6, 7, 8, 9, 10, 11, 12, 13, 14, 15, 16, 17, 18, 19, 20, 21, 22, 23, 24, 25, 26, 27, 28, 29]
[2026-05-19 10:28:13] Valid hours for sum: [12, 18, 24, 29]
[2026-05-19 10:28:15] Drought composite end date: 2022-09-22 06:00:00
[2026-05-19 10:28:15] Land cover year: 2021
[2026-05-19 10:28:16] VIIRS Veg composite: 2022-07-28 → 2022-08-13
[2026-05-19 10:28:20] Started export task: fire_179_dynamic_2022-09-26
[2026-05-19 10:28:20] ------ Processing date=2022-09-27 ------
[2026-05-19 10:28:20] Using viirs_af_path: viirs_af_path
[2026-05-19 10:28:20] VIIRS Image Date: ['2022-09-27 00:00:00']
[2026-05-19 10:28:20] Weather image size: 1
[2026-05-19 10:28:20] Forecast duration: 2022-09-28 00:00:00 to 2022-09-29 00:00:00
[2026-05-19 10:28:21] Number of forecast images: 24
[2026-05-19 10:28:21] Using forecast run: 2022-09-27 18:00:00 UTC
[2026-05-19 10:28:22] Forecast Rain Available hours: [6, 7, 8, 9, 10, 11, 12, 13, 14, 15, 16, 17, 18, 19, 20, 21, 22, 23, 24, 25, 26, 27, 28, 29]
[2026-05-19 10:28:22] Valid hours for sum: [12, 18, 24, 29]
[2026-05-19 10:28:24] Drought composite end date: 2022-09-22 06:00:00
[2026-05-19 10:28:26] Land cover year: 2021
[2026-05-19 10:28:26] VIIRS Veg composite: 2022-07-28 → 2022-08-13
[2026-05-19 10:28:29] Started export task: fire_179_dynamic_2022-09-27
[2026-05-19 10:28:30] ------ Processing date=2022-09-28 ------
[2026-05-19 10:28:30] Using viirs_af_path: viirs_af_path
[2026-05-19 10:28:30] VIIRS Image Date: ['2022-09-28 00:00:00']
[2026-05-19 10:28:30] Weather image size: 1
[2026-05-19 10:28:30] Forecast duration: 2022-09-29 00:00:00 to 2022-09-30 00:00:00
[2026-05-19 10:28:31] Number of forecast images: 24
[2026-05-19 10:28:31] Using forecast run: 2022-09-28 18:00:00 UTC
[2026-05-19 10:28:31] Forecast Rain Available hours: [6, 7, 8, 9, 10, 11, 12, 13, 14, 15, 16, 17, 18, 19, 20, 21, 22, 23, 24, 25, 26, 27, 28, 29]
[2026-05-19 10:28:31] Valid hours for sum: [12, 18, 24, 29]
[2026-05-19 10:28:33] Drought composite end date: 2022-09-27 06:00:00
[2026-05-19 10:28:33] Land cover year: 2021
[2026-05-19 10:28:34] VIIRS Veg composite: 2022-07-28 → 2022-08-13
[2026-05-19 10:28:36] Started export task: fire_179_dynamic_2022-09-28
[2026-05-19 10:28:37] ------ Processing date=2022-09-29 ------
[2026-05-19 10:28:37] Using viirs_af_path: viirs_af_path
[2026-05-19 10:28:37] VIIRS Image Date: ['2022-09-29 00:00:00']
[2026-05-19 10:28:37] Weather image size: 1
[2026-05-19 10:28:37] Forecast duration: 2022-09-30 00:00:00 to 2022-10-01 00:00:00
[2026-05-19 10:28:38] Number of forecast images: 24
[2026-05-19 10:28:38] Using forecast run: 2022-09-29 18:00:00 UTC
[2026-05-19 10:28:39] Forecast Rain Available hours: [6, 7, 8, 9, 10, 11, 12, 13, 14, 15, 16, 17, 18, 19, 20, 21, 22, 23, 24, 25, 26, 27, 28, 29]
[2026-05-19 10:28:39] Valid hours for sum: [12, 18, 24, 29]
[2026-05-19 10:28:40] Drought composite end date: 2022-09-27 06:00:00
[2026-05-19 10:28:40] Land cover year: 2021
[2026-05-19 10:28:41] VIIRS Veg composite: 2022-07-28 → 2022-08-13
[2026-05-19 10:28:45] Started export task: fire_179_dynamic_2022-09-29
[2026-05-19 10:28:46] ------ Processing date=2022-09-30 ------
[2026-05-19 10:28:46] Using viirs_af_path: viirs_af_path
[2026-05-19 10:28:46] VIIRS Image Date: ['2022-09-30 00:00:00']
[2026-05-19 10:28:46] Weather image size: 1
[2026-05-19 10:28:46] Forecast duration: 2022-10-01 00:00:00 to 2022-10-02 00:00:00
[2026-05-19 10:28:47] Number of forecast images: 24
[2026-05-19 10:28:47] Using forecast run: 2022-09-30 18:00:00 UTC
[2026-05-19 10:28:47] Forecast Rain Available hours: [6, 7, 8, 9, 10, 11, 12, 13, 14, 15, 16, 17, 18, 19, 20, 21, 22, 23, 24, 25, 26, 27, 28, 29]
[2026-05-19 10:28:47] Valid hours for sum: [12, 18, 24, 29]
[2026-05-19 10:28:50] Drought composite end date: 2022-09-27 06:00:00
[2026-05-19 10:28:50] Land cover year: 2021
[2026-05-19 10:28:51] VIIRS Veg composite: 2022-07-28 → 2022-08-13
[2026-05-19 10:28:54] Started export task: fire_179_dynamic_2022-09-30
[2026-05-19 10:28:55] ------ Processing date=2022-10-01 ------
[2026-05-19 10:28:55] Using viirs_af_path: viirs_af_path
[2026-05-19 10:28:55] VIIRS Image Date: ['2022-10-01 00:00:00']
[2026-05-19 10:28:55] Weather image size: 1
[2026-05-19 10:28:55] Forecast duration: 2022-10-02 00:00:00 to 2022-10-03 00:00:00
[2026-05-19 10:28:56] Number of forecast images: 24
[2026-05-19 10:28:56] Using forecast run: 2022-10-01 18:00:00 UTC
[2026-05-19 10:28:57] Forecast Rain Available hours: [6, 7, 8, 9, 10, 11, 12, 13, 14, 15, 16, 17, 18, 19, 20, 21, 22, 23, 24, 25, 26, 27, 28, 29]
[2026-05-19 10:28:57] Valid hours for sum: [12, 18, 24, 29]
[2026-05-19 10:28:58] Drought composite end date: 2022-09-27 06:00:00
[2026-05-19 10:28:59] Land cover year: 2021
[2026-05-19 10:29:00] VIIRS Veg composite: 2022-07-28 → 2022-08-13
[2026-05-19 10:29:04] Started export task: fire_179_dynamic_2022-10-01
[2026-05-19 10:29:05] ------ Processing date=2022-10-02 ------
[2026-05-19 10:29:05] Using viirs_af_path: viirs_af_path
[2026-05-19 10:29:05] VIIRS Image Date: ['2022-10-02 00:00:00']
[2026-05-19 10:29:05] Weather image size: 1
[2026-05-19 10:29:05] Forecast duration: 2022-10-03 00:00:00 to 2022-10-04 00:00:00
[2026-05-19 10:29:06] Number of forecast images: 23
[2026-05-19 10:29:06] Using forecast run: 2022-10-02 18:00:00 UTC
[2026-05-19 10:29:07] Forecast Rain Available hours: [6, 7, 8, 9, 10, 11, 12, 13, 14, 15, 16, 17, 18, 19, 20, 21, 22, 23, 24, 26, 27, 28, 29]
[2026-05-19 10:29:07] Valid hours for sum: [12, 18, 24, 29]
[2026-05-19 10:29:08] Drought composite end date: 2022-09-27 06:00:00
[2026-05-19 10:29:09] Land cover year: 2021
[2026-05-19 10:29:10] VIIRS Veg composite: 2022-07-28 → 2022-08-13
[2026-05-19 10:29:15] Started export task: fire_179_dynamic_2022-10-02
[2026-05-19 10:29:15] ------ Processing date=2022-10-03 ------
[2026-05-19 10:29:15] Using viirs_af_path: viirs_af_path
[2026-05-19 10:29:15] VIIRS Image Date: ['2022-10-03 00:00:00']
[2026-05-19 10:29:16] Weather image size: 1
[2026-05-19 10:29:16] Forecast duration: 2022-10-04 00:00:00 to 2022-10-05 00:00:00
[2026-05-19 10:29:17] Number of forecast images: 24
[2026-05-19 10:29:17] Using forecast run: 2022-10-03 18:00:00 UTC
[2026-05-19 10:29:17] Forecast Rain Available hours: [6, 7, 8, 9, 10, 11, 12, 13, 14, 15, 16, 17, 18, 19, 20, 21, 22, 23, 24, 25, 26, 27, 28, 29]
[2026-05-19 10:29:17] Valid hours for sum: [12, 18, 24, 29]
[2026-05-19 10:29:19] Drought composite end date: 2022-10-02 06:00:00
[2026-05-19 10:29:19] Land cover year: 2021
[2026-05-19 10:29:20] VIIRS Veg composite: 2022-07-28 → 2022-08-13
[2026-05-19 10:29:22] Started export task: fire_179_dynamic_2022-10-03
[2026-05-19 10:29:23] ------ Processing date=2022-10-04 ------
[2026-05-19 10:29:23] Using viirs_af_path: viirs_af_path
[2026-05-19 10:29:23] VIIRS Image Date: ['2022-10-04 00:00:00']
[2026-05-19 10:29:23] Weather image size: 1
[2026-05-19 10:29:23] Forecast duration: 2022-10-05 00:00:00 to 2022-10-06 00:00:00
[2026-05-19 10:29:24] Number of forecast images: 24
[2026-05-19 10:29:24] Using forecast run: 2022-10-04 18:00:00 UTC
[2026-05-19 10:29:24] Forecast Rain Available hours: [6, 7, 8, 9, 10, 11, 12, 13, 14, 15, 16, 17, 18, 19, 20, 21, 22, 23, 24, 25, 26, 27, 28, 29]
[2026-05-19 10:29:24] Valid hours for sum: [12, 18, 24, 29]
[2026-05-19 10:29:26] Drought composite end date: 2022-10-02 06:00:00
[2026-05-19 10:29:26] Land cover year: 2021
[2026-05-19 10:29:27] VIIRS Veg composite: 2022-07-28 → 2022-08-13
[2026-05-19 10:29:32] Started export task: fire_179_dynamic_2022-10-04
[2026-05-19 10:29:32] ------ Processing date=2022-10-05 ------
[2026-05-19 10:29:32] Using viirs_af_path: viirs_af_path
[2026-05-19 10:29:32] VIIRS Image Date: ['2022-10-05 00:00:00']
[2026-05-19 10:29:33] Weather image size: 1
[2026-05-19 10:29:33] Forecast duration: 2022-10-06 00:00:00 to 2022-10-07 00:00:00
[2026-05-19 10:29:33] Number of forecast images: 24
[2026-05-19 10:29:33] Using forecast run: 2022-10-05 18:00:00 UTC
[2026-05-19 10:29:34] Forecast Rain Available hours: [6, 7, 8, 9, 10, 11, 12, 13, 14, 15, 16, 17, 18, 19, 20, 21, 22, 23, 24, 25, 26, 27, 28, 29]
[2026-05-19 10:29:34] Valid hours for sum: [12, 18, 24, 29]
[2026-05-19 10:29:36] Drought composite end date: 2022-10-02 06:00:00
[2026-05-19 10:29:36] Land cover year: 2021
[2026-05-19 10:29:37] VIIRS Veg composite: 2022-07-28 → 2022-08-13
[2026-05-19 10:29:41] Started export task: fire_179_dynamic_2022-10-05
[2026-05-19 10:29:42] ------ Processing date=2022-10-06 ------
[2026-05-19 10:29:42] Using viirs_af_path: viirs_af_path
[2026-05-19 10:29:42] VIIRS Image Date: ['2022-10-06 00:00:00']
[2026-05-19 10:29:42] Weather image size: 1
[2026-05-19 10:29:42] Forecast duration: 2022-10-07 00:00:00 to 2022-10-08 00:00:00
[2026-05-19 10:29:43] Number of forecast images: 24
[2026-05-19 10:29:43] Using forecast run: 2022-10-06 18:00:00 UTC
[2026-05-19 10:29:43] Forecast Rain Available hours: [6, 7, 8, 9, 10, 11, 12, 13, 14, 15, 16, 17, 18, 19, 20, 21, 22, 23, 24, 25, 26, 27, 28, 29]
[2026-05-19 10:29:43] Valid hours for sum: [12, 18, 24, 29]
[2026-05-19 10:29:45] Drought composite end date: 2022-10-02 06:00:00
[2026-05-19 10:29:45] Land cover year: 2021
[2026-05-19 10:29:46] VIIRS Veg composite: 2022-07-28 → 2022-08-13
[2026-05-19 10:29:50] Started export task: fire_179_dynamic_2022-10-06
[2026-05-19 10:29:51] ------ Processing date=2022-10-07 ------
[2026-05-19 10:29:51] Using viirs_af_path: viirs_af_path
[2026-05-19 10:29:51] VIIRS Image Date: ['2022-10-07 00:00:00']
[2026-05-19 10:29:51] Weather image size: 1
[2026-05-19 10:29:51] Forecast duration: 2022-10-08 00:00:00 to 2022-10-09 00:00:00
[2026-05-19 10:29:52] Number of forecast images: 24
[2026-05-19 10:29:52] Using forecast run: 2022-10-07 18:00:00 UTC
[2026-05-19 10:29:52] Forecast Rain Available hours: [6, 7, 8, 9, 10, 11, 12, 13, 14, 15, 16, 17, 18, 19, 20, 21, 22, 23, 24, 25, 26, 27, 28, 29]
[2026-05-19 10:29:52] Valid hours for sum: [12, 18, 24, 29]
[2026-05-19 10:29:55] Drought composite end date: 2022-10-02 06:00:00
[2026-05-19 10:29:55] Land cover year: 2021
[2026-05-19 10:29:56] VIIRS Veg composite: 2022-07-28 → 2022-08-13
[2026-05-19 10:30:01] Started export task: fire_179_dynamic_2022-10-07
[2026-05-19 10:30:01] ------ Processing date=2022-10-08 ------
[2026-05-19 10:30:01] Using viirs_af_path: viirs_af_path
[2026-05-19 10:30:01] VIIRS Image Date: ['2022-10-08 00:00:00']
[2026-05-19 10:30:02] Weather image size: 1
[2026-05-19 10:30:02] Forecast duration: 2022-10-09 00:00:00 to 2022-10-10 00:00:00
[2026-05-19 10:30:03] Number of forecast images: 24
[2026-05-19 10:30:03] Using forecast run: 2022-10-08 18:00:00 UTC
[2026-05-19 10:30:03] Forecast Rain Available hours: [6, 7, 8, 9, 10, 11, 12, 13, 14, 15, 16, 17, 18, 19, 20, 21, 22, 23, 24, 25, 26, 27, 28, 29]
[2026-05-19 10:30:03] Valid hours for sum: [12, 18, 24, 29]
[2026-05-19 10:30:06] Drought composite end date: 2022-10-07 06:00:00
[2026-05-19 10:30:06] Land cover year: 2021
[2026-05-19 10:30:07] VIIRS Veg composite: 2022-07-28 → 2022-08-13
[2026-05-19 10:30:11] Started export task: fire_179_dynamic_2022-10-08
[2026-05-19 10:30:12] ------ Processing date=2022-10-09 ------
[2026-05-19 10:30:12] Using viirs_af_path: viirs_af_path
[2026-05-19 10:30:12] VIIRS Image Date: ['2022-10-09 00:00:00']
[2026-05-19 10:30:12] Weather image size: 1
[2026-05-19 10:30:12] Forecast duration: 2022-10-10 00:00:00 to 2022-10-11 00:00:00
[2026-05-19 10:30:13] Number of forecast images: 24
[2026-05-19 10:30:13] Using forecast run: 2022-10-09 18:00:00 UTC
[2026-05-19 10:30:13] Forecast Rain Available hours: [6, 7, 8, 9, 10, 11, 12, 13, 14, 15, 16, 17, 18, 19, 20, 21, 22, 23, 24, 25, 26, 27, 28, 29]
[2026-05-19 10:30:13] Valid hours for sum: [12, 18, 24, 29]
[2026-05-19 10:30:16] Drought composite end date: 2022-10-07 06:00:00
[2026-05-19 10:30:16] Land cover year: 2021
[2026-05-19 10:30:17] VIIRS Veg composite: 2022-07-28 → 2022-08-13
[2026-05-19 10:30:21] Started export task: fire_179_dynamic_2022-10-09
[2026-05-19 10:30:21] ------ Processing date=2022-10-10 ------
[2026-05-19 10:30:21] Using viirs_af_path: viirs_af_path
[2026-05-19 10:30:22] VIIRS Image Date: ['2022-10-10 00:00:00']
[2026-05-19 10:30:22] Weather image size: 1
[2026-05-19 10:30:22] Forecast duration: 2022-10-11 00:00:00 to 2022-10-12 00:00:00
[2026-05-19 10:30:23] Number of forecast images: 24
[2026-05-19 10:30:23] Using forecast run: 2022-10-10 18:00:00 UTC
[2026-05-19 10:30:23] Forecast Rain Available hours: [6, 7, 8, 9, 10, 11, 12, 13, 14, 15, 16, 17, 18, 19, 20, 21, 22, 23, 24, 25, 26, 27, 28, 29]
[2026-05-19 10:30:23] Valid hours for sum: [12, 18, 24, 29]
[2026-05-19 10:30:24] Drought composite end date: 2022-10-07 06:00:00
[2026-05-19 10:30:25] Land cover year: 2021
[2026-05-19 10:30:26] VIIRS Veg composite: 2022-07-28 → 2022-08-13
[2026-05-19 10:30:31] Started export task: fire_179_dynamic_2022-10-10
[2026-05-19 10:30:31] ------ Processing date=2022-10-11 ------
[2026-05-19 10:30:31] Using viirs_af_path: viirs_af_path
[2026-05-19 10:30:31] VIIRS Image Date: ['2022-10-11 00:00:00']
[2026-05-19 10:30:32] Weather image size: 1
[2026-05-19 10:30:32] Forecast duration: 2022-10-12 00:00:00 to 2022-10-13 00:00:00
[2026-05-19 10:30:32] Number of forecast images: 24
[2026-05-19 10:30:32] Using forecast run: 2022-10-11 18:00:00 UTC
[2026-05-19 10:30:33] Forecast Rain Available hours: [6, 7, 8, 9, 10, 11, 12, 13, 14, 15, 16, 17, 18, 19, 20, 21, 22, 23, 24, 25, 26, 27, 28, 29]
[2026-05-19 10:30:33] Valid hours for sum: [12, 18, 24, 29]
[2026-05-19 10:30:35] Drought composite end date: 2022-10-07 06:00:00
[2026-05-19 10:30:36] Land cover year: 2021
[2026-05-19 10:30:37] VIIRS Veg composite: 2022-07-28 → 2022-08-13
[2026-05-19 10:30:41] Started export task: fire_179_dynamic_2022-10-11
[2026-05-19 10:30:42] ------ Processing date=2022-10-12 ------
[2026-05-19 10:30:42] Using viirs_af_path: viirs_af_path
[2026-05-19 10:30:42] VIIRS Image Date: ['2022-10-12 00:00:00']
[2026-05-19 10:30:42] Weather image size: 1
[2026-05-19 10:30:42] Forecast duration: 2022-10-13 00:00:00 to 2022-10-14 00:00:00
[2026-05-19 10:30:43] Number of forecast images: 24
[2026-05-19 10:30:43] Using forecast run: 2022-10-12 18:00:00 UTC
[2026-05-19 10:30:44] Forecast Rain Available hours: [6, 7, 8, 9, 10, 11, 12, 13, 14, 15, 16, 17, 18, 19, 20, 21, 22, 23, 24, 25, 26, 27, 28, 29]
[2026-05-19 10:30:44] Valid hours for sum: [12, 18, 24, 29]
[2026-05-19 10:30:46] Drought composite end date: 2022-10-07 06:00:00
[2026-05-19 10:30:46] Land cover year: 2021
[2026-05-19 10:30:47] VIIRS Veg composite: 2022-07-28 → 2022-08-13
[2026-05-19 10:30:50] Started export task: fire_179_dynamic_2022-10-12
[2026-05-19 10:30:51] ------ Processing date=2022-10-13 ------
[2026-05-19 10:30:51] Using viirs_af_path: viirs_af_path
[2026-05-19 10:30:51] VIIRS Image Date: ['2022-10-13 00:00:00']
[2026-05-19 10:30:51] Weather image size: 1
[2026-05-19 10:30:51] Forecast duration: 2022-10-14 00:00:00 to 2022-10-15 00:00:00
[2026-05-19 10:30:52] Number of forecast images: 24
[2026-05-19 10:30:52] Using forecast run: 2022-10-13 18:00:00 UTC
[2026-05-19 10:30:52] Forecast Rain Available hours: [6, 7, 8, 9, 10, 11, 12, 13, 14, 15, 16, 17, 18, 19, 20, 21, 22, 23, 24, 25, 26, 27, 28, 29]
[2026-05-19 10:30:52] Valid hours for sum: [12, 18, 24, 29]
[2026-05-19 10:30:55] Drought composite end date: 2022-10-12 06:00:00
[2026-05-19 10:30:56] Land cover year: 2021
[2026-05-19 10:30:56] VIIRS Veg composite: 2022-07-28 → 2022-08-13
[2026-05-19 10:31:01] Started export task: fire_179_dynamic_2022-10-13
[2026-05-19 10:31:01] ------ Processing date=2022-10-14 ------
[2026-05-19 10:31:01] Using viirs_af_path: viirs_af_path
[2026-05-19 10:31:01] VIIRS Image Date: ['2022-10-14 00:00:00']
[2026-05-19 10:31:02] Weather image size: 1
[2026-05-19 10:31:02] Forecast duration: 2022-10-15 00:00:00 to 2022-10-16 00:00:00
[2026-05-19 10:31:03] Number of forecast images: 24
[2026-05-19 10:31:03] Using forecast run: 2022-10-14 18:00:00 UTC
[2026-05-19 10:31:03] Forecast Rain Available hours: [6, 7, 8, 9, 10, 11, 12, 13, 14, 15, 16, 17, 18, 19, 20, 21, 22, 23, 24, 25, 26, 27, 28, 29]
[2026-05-19 10:31:03] Valid hours for sum: [12, 18, 24, 29]
[2026-05-19 10:31:05] Drought composite end date: 2022-10-12 06:00:00
[2026-05-19 10:31:05] Land cover year: 2021
[2026-05-19 10:31:06] VIIRS Veg composite: 2022-07-28 → 2022-08-13
[2026-05-19 10:31:10] Started export task: fire_179_dynamic_2022-10-14
[2026-05-19 10:31:11] ------ Processing date=2022-10-15 ------
[2026-05-19 10:31:11] Using viirs_af_path: viirs_af_path
[2026-05-19 10:31:11] VIIRS Image Date: ['2022-10-15 00:00:00']
[2026-05-19 10:31:11] Weather image size: 1
[2026-05-19 10:31:11] Forecast duration: 2022-10-16 00:00:00 to 2022-10-17 00:00:00
[2026-05-19 10:31:12] Number of forecast images: 24
[2026-05-19 10:31:12] Using forecast run: 2022-10-15 18:00:00 UTC
[2026-05-19 10:31:13] Forecast Rain Available hours: [6, 7, 8, 9, 10, 11, 12, 13, 14, 15, 16, 17, 18, 19, 20, 21, 22, 23, 24, 25, 26, 27, 28, 29]
[2026-05-19 10:31:13] Valid hours for sum: [12, 18, 24, 29]
[2026-05-19 10:31:15] Drought composite end date: 2022-10-12 06:00:00
[2026-05-19 10:31:15] Land cover year: 2021
[2026-05-19 10:31:16] VIIRS Veg composite: 2022-07-28 → 2022-08-13
[2026-05-19 10:31:20] Started export task: fire_179_dynamic_2022-10-15
[2026-05-19 10:31:21] ------ Processing date=2022-10-16 ------
[2026-05-19 10:31:21] Using viirs_af_path: viirs_af_path
[2026-05-19 10:31:21] VIIRS Image Date: ['2022-10-16 00:00:00']
[2026-05-19 10:31:21] Weather image size: 1
[2026-05-19 10:31:21] Forecast duration: 2022-10-17 00:00:00 to 2022-10-18 00:00:00
[2026-05-19 10:31:22] Number of forecast images: 24
[2026-05-19 10:31:22] Using forecast run: 2022-10-16 18:00:00 UTC
[2026-05-19 10:31:22] Forecast Rain Available hours: [6, 7, 8, 9, 10, 11, 12, 13, 14, 15, 16, 17, 18, 19, 20, 21, 22, 23, 24, 25, 26, 27, 28, 29]
[2026-05-19 10:31:22] Valid hours for sum: [12, 18, 24, 29]
[2026-05-19 10:31:25] Drought composite end date: 2022-10-12 06:00:00
[2026-05-19 10:31:25] Land cover year: 2021
[2026-05-19 10:31:26] VIIRS Veg composite: 2022-07-28 → 2022-08-13
[2026-05-19 10:31:31] Started export task: fire_179_dynamic_2022-10-16
[2026-05-19 10:31:31] ------ Processing date=2022-10-17 ------
[2026-05-19 10:31:31] Using viirs_af_path: viirs_af_path
[2026-05-19 10:31:31] VIIRS Image Date: ['2022-10-17 00:00:00']
[2026-05-19 10:31:31] Weather image size: 1
[2026-05-19 10:31:31] Forecast duration: 2022-10-18 00:00:00 to 2022-10-19 00:00:00
[2026-05-19 10:31:32] Number of forecast images: 24
[2026-05-19 10:31:32] Using forecast run: 2022-10-17 18:00:00 UTC
[2026-05-19 10:31:33] Forecast Rain Available hours: [6, 7, 8, 9, 10, 11, 12, 13, 14, 15, 16, 17, 18, 19, 20, 21, 22, 23, 24, 25, 26, 27, 28, 29]
[2026-05-19 10:31:33] Valid hours for sum: [12, 18, 24, 29]
[2026-05-19 10:31:35] Drought composite end date: 2022-10-12 06:00:00
[2026-05-19 10:31:35] Land cover year: 2021
[2026-05-19 10:31:36] VIIRS Veg composite: 2022-07-28 → 2022-08-13
[2026-05-19 10:31:40] Started export task: fire_179_dynamic_2022-10-17
[2026-05-19 10:31:41] ------ Processing date=2022-10-18 ------
[2026-05-19 10:31:41] Using viirs_af_path: viirs_af_path
[2026-05-19 10:31:41] VIIRS Image Date: ['2022-10-18 00:00:00']
[2026-05-19 10:31:42] Weather image size: 1
[2026-05-19 10:31:42] Forecast duration: 2022-10-19 00:00:00 to 2022-10-20 00:00:00
[2026-05-19 10:31:43] Number of forecast images: 24
[2026-05-19 10:31:43] Using forecast run: 2022-10-18 18:00:00 UTC
[2026-05-19 10:31:43] Forecast Rain Available hours: [6, 7, 8, 9, 10, 11, 12, 13, 14, 15, 16, 17, 18, 19, 20, 21, 22, 23, 24, 25, 26, 27, 28, 29]
[2026-05-19 10:31:43] Valid hours for sum: [12, 18, 24, 29]
[2026-05-19 10:31:46] Drought composite end date: 2022-10-17 06:00:00
[2026-05-19 10:31:46] Land cover year: 2021
[2026-05-19 10:31:47] VIIRS Veg composite: 2022-07-28 → 2022-08-13
[2026-05-19 10:31:50] Started export task: fire_179_dynamic_2022-10-18
[2026-05-19 10:31:51] ------ Processing date=2022-10-19 ------
[2026-05-19 10:31:51] Using viirs_af_path: viirs_af_path
[2026-05-19 10:31:51] VIIRS Image Date: ['2022-10-19 00:00:00']
[2026-05-19 10:31:51] Weather image size: 1
[2026-05-19 10:31:51] Forecast duration: 2022-10-20 00:00:00 to 2022-10-21 00:00:00
[2026-05-19 10:31:52] Number of forecast images: 24
[2026-05-19 10:31:52] Using forecast run: 2022-10-19 18:00:00 UTC
[2026-05-19 10:31:52] Forecast Rain Available hours: [6, 7, 8, 9, 10, 11, 12, 13, 14, 15, 16, 17, 18, 19, 20, 21, 22, 23, 24, 25, 26, 27, 28, 29]
[2026-05-19 10:31:52] Valid hours for sum: [12, 18, 24, 29]
[2026-05-19 10:31:55] Drought composite end date: 2022-10-17 06:00:00
[2026-05-19 10:31:55] Land cover year: 2021
[2026-05-19 10:31:56] VIIRS Veg composite: 2022-07-28 → 2022-08-13
[2026-05-19 10:31:59] Started export task: fire_179_dynamic_2022-10-19
[2026-05-19 10:32:00] ------ Processing date=2022-10-20 ------
[2026-05-19 10:32:00] Using viirs_af_path: viirs_af_path
[2026-05-19 10:32:00] VIIRS Image Date: ['2022-10-20 00:00:00']
[2026-05-19 10:32:00] Weather image size: 1
[2026-05-19 10:32:00] Forecast duration: 2022-10-21 00:00:00 to 2022-10-22 00:00:00
[2026-05-19 10:32:01] Number of forecast images: 24
[2026-05-19 10:32:01] Using forecast run: 2022-10-20 18:00:00 UTC
[2026-05-19 10:32:01] Forecast Rain Available hours: [6, 7, 8, 9, 10, 11, 12, 13, 14, 15, 16, 17, 18, 19, 20, 21, 22, 23, 24, 25, 26, 27, 28, 29]
[2026-05-19 10:32:01] Valid hours for sum: [12, 18, 24, 29]
[2026-05-19 10:32:03] Drought composite end date: 2022-10-17 06:00:00
[2026-05-19 10:32:03] Land cover year: 2021
[2026-05-19 10:32:04] VIIRS Veg composite: 2022-07-28 → 2022-08-13
[2026-05-19 10:32:07] Started export task: fire_179_dynamic_2022-10-20
[2026-05-19 10:32:08] ------ Processing date=2022-10-21 ------
[2026-05-19 10:32:08] Using viirs_af_path: viirs_af_path
[2026-05-19 10:32:08] VIIRS Image Date: ['2022-10-21 00:00:00']
[2026-05-19 10:32:08] Weather image size: 1
[2026-05-19 10:32:08] Forecast duration: 2022-10-22 00:00:00 to 2022-10-23 00:00:00
[2026-05-19 10:32:09] Number of forecast images: 24
[2026-05-19 10:32:09] Using forecast run: 2022-10-21 18:00:00 UTC
[2026-05-19 10:32:10] Forecast Rain Available hours: [6, 7, 8, 9, 10, 11, 12, 13, 14, 15, 16, 17, 18, 19, 20, 21, 22, 23, 24, 25, 26, 27, 28, 29]
[2026-05-19 10:32:10] Valid hours for sum: [12, 18, 24, 29]
[2026-05-19 10:32:12] Drought composite end date: 2022-10-17 06:00:00
[2026-05-19 10:32:12] Land cover year: 2021
[2026-05-19 10:32:13] VIIRS Veg composite: 2022-07-28 → 2022-08-13
[2026-05-19 10:32:17] Started export task: fire_179_dynamic_2022-10-21
[2026-05-19 10:32:17] ------ Processing date=2022-10-22 ------
[2026-05-19 10:32:17] Using viirs_af_path: viirs_af_path
[2026-05-19 10:32:17] VIIRS Image Date: ['2022-10-22 00:00:00']
[2026-05-19 10:32:18] Weather image size: 1
[2026-05-19 10:32:18] Forecast duration: 2022-10-23 00:00:00 to 2022-10-24 00:00:00
[2026-05-19 10:32:19] Number of forecast images: 24
[2026-05-19 10:32:19] Using forecast run: 2022-10-22 18:00:00 UTC
[2026-05-19 10:32:19] Forecast Rain Available hours: [6, 7, 8, 9, 10, 11, 12, 13, 14, 15, 16, 17, 18, 19, 20, 21, 22, 23, 24, 25, 26, 27, 28, 29]
[2026-05-19 10:32:19] Valid hours for sum: [12, 18, 24, 29]
[2026-05-19 10:32:21] Drought composite end date: 2022-10-17 06:00:00
[2026-05-19 10:32:21] Land cover year: 2021
[2026-05-19 10:32:22] VIIRS Veg composite: 2022-07-28 → 2022-08-13
[2026-05-19 10:32:26] Started export task: fire_179_dynamic_2022-10-22
[2026-05-19 10:32:26] END: ----------Event fire_179----------- (Duration: 12.24m)
[2026-05-19 10:32:26] START: ----------Event fire_180-----------
[2026-05-19 10:32:27] ------ Processing date=2022-08-06 ------
[2026-05-19 10:32:27] Using viirs_af_path: viirs_af_path
[2026-05-19 10:32:27] VIIRS Image Date: []
[2026-05-19 10:32:27] *** ERROR FLAG ***: VIIRS: no data for 2022-08-06, attempting interpolation...
[2026-05-19 10:32:30] *** ERROR FLAG ***: VIIRS: no valid image within 10 days BEFORE 2022-08-06 → assigning zeros
[2026-05-19 10:32:30] Weather image size: 1
[2026-05-19 10:32:30] Forecast duration: 2022-08-07 00:00:00 to 2022-08-08 00:00:00
[2026-05-19 10:32:31] Number of forecast images: 24
[2026-05-19 10:32:31] Using forecast run: 2022-08-06 18:00:00 UTC
[2026-05-19 10:32:32] Forecast Rain Available hours: [6, 7, 8, 9, 10, 11, 12, 13, 14, 15, 16, 17, 18, 19, 20, 21, 22, 23, 24, 25, 26, 27, 28, 29]
[2026-05-19 10:32:32] Valid hours for sum: [12, 18, 24, 29]
[2026-05-19 10:32:34] Drought composite end date: 2022-08-03 06:00:00
[2026-05-19 10:32:34] Land cover year: 2021
[2026-05-19 10:32:35] VIIRS Veg composite: 2022-07-28 → 2022-08-13
[2026-05-19 10:32:39] Started export task: fire_180_static
[2026-05-19 10:32:40] Started export task: fire_180_dynamic_2022-08-06
[2026-05-19 10:32:40] ------ Processing date=2022-08-07 ------
[2026-05-19 10:32:40] Using viirs_af_path: viirs_af_path
[2026-05-19 10:32:40] VIIRS Image Date: []
[2026-05-19 10:32:40] *** ERROR FLAG ***: VIIRS: no data for 2022-08-07, attempting interpolation...
[2026-05-19 10:32:43] *** ERROR FLAG ***: VIIRS: no valid image within 10 days BEFORE 2022-08-07 → assigning zeros
[2026-05-19 10:32:44] Weather image size: 1
[2026-05-19 10:32:44] Forecast duration: 2022-08-08 00:00:00 to 2022-08-09 00:00:00
[2026-05-19 10:32:45] Number of forecast images: 24
[2026-05-19 10:32:45] Using forecast run: 2022-08-07 18:00:00 UTC
[2026-05-19 10:32:45] Forecast Rain Available hours: [6, 7, 8, 9, 10, 11, 12, 13, 14, 15, 16, 17, 18, 19, 20, 21, 22, 23, 24, 25, 26, 27, 28, 29]
[2026-05-19 10:32:45] Valid hours for sum: [12, 18, 24, 29]
[2026-05-19 10:32:47] Drought composite end date: 2022-08-03 06:00:00
[2026-05-19 10:32:47] Land cover year: 2021
[2026-05-19 10:32:48] VIIRS Veg composite: 2022-07-28 → 2022-08-13
[2026-05-19 10:32:52] Started export task: fire_180_dynamic_2022-08-07
[2026-05-19 10:32:52] ------ Processing date=2022-08-08 ------
[2026-05-19 10:32:52] Using viirs_af_path: viirs_af_path
[2026-05-19 10:32:52] VIIRS Image Date: []
[2026-05-19 10:32:52] *** ERROR FLAG ***: VIIRS: no data for 2022-08-08, attempting interpolation...
[2026-05-19 10:32:55] *** ERROR FLAG ***: VIIRS: no valid image within 10 days BEFORE 2022-08-08 → assigning zeros
[2026-05-19 10:32:55] Weather image size: 1
[2026-05-19 10:32:55] Forecast duration: 2022-08-09 00:00:00 to 2022-08-10 00:00:00
[2026-05-19 10:32:56] Number of forecast images: 24
[2026-05-19 10:32:56] Using forecast run: 2022-08-08 18:00:00 UTC
[2026-05-19 10:32:56] Forecast Rain Available hours: [6, 7, 8, 9, 10, 11, 12, 13, 14, 15, 16, 17, 18, 19, 20, 21, 22, 23, 24, 25, 26, 27, 28, 29]
[2026-05-19 10:32:56] Valid hours for sum: [12, 18, 24, 29]
[2026-05-19 10:32:58] Drought composite end date: 2022-08-03 06:00:00
[2026-05-19 10:32:58] Land cover year: 2021
[2026-05-19 10:32:59] VIIRS Veg composite: 2022-07-28 → 2022-08-13
[2026-05-19 10:33:01] Started export task: fire_180_dynamic_2022-08-08
[2026-05-19 10:33:02] ------ Processing date=2022-08-09 ------
[2026-05-19 10:33:02] Using viirs_af_path: viirs_af_path
[2026-05-19 10:33:02] VIIRS Image Date: []
[2026-05-19 10:33:02] *** ERROR FLAG ***: VIIRS: no data for 2022-08-09, attempting interpolation...
[2026-05-19 10:33:04] *** ERROR FLAG ***: VIIRS: no valid image within 10 days BEFORE 2022-08-09 → assigning zeros
[2026-05-19 10:33:05] Weather image size: 1
[2026-05-19 10:33:05] Forecast duration: 2022-08-10 00:00:00 to 2022-08-11 00:00:00
[2026-05-19 10:33:05] Number of forecast images: 24
[2026-05-19 10:33:05] Using forecast run: 2022-08-09 18:00:00 UTC
[2026-05-19 10:33:06] Forecast Rain Available hours: [6, 7, 8, 9, 10, 11, 12, 13, 14, 15, 16, 17, 18, 19, 20, 21, 22, 23, 24, 25, 26, 27, 28, 29]
[2026-05-19 10:33:06] Valid hours for sum: [12, 18, 24, 29]
[2026-05-19 10:33:07] Drought composite end date: 2022-08-08 06:00:00
[2026-05-19 10:33:07] Land cover year: 2021
[2026-05-19 10:33:09] VIIRS Veg composite: 2022-07-28 → 2022-08-13
[2026-05-19 10:33:13] Started export task: fire_180_dynamic_2022-08-09
[2026-05-19 10:33:13] ------ Processing date=2022-08-10 ------
[2026-05-19 10:33:13] Using viirs_af_path: viirs_af_path
[2026-05-19 10:33:13] VIIRS Image Date: []
[2026-05-19 10:33:13] *** ERROR FLAG ***: VIIRS: no data for 2022-08-10, attempting interpolation...
[2026-05-19 10:33:16] *** ERROR FLAG ***: VIIRS: no valid image within 10 days BEFORE 2022-08-10 → assigning zeros
[2026-05-19 10:33:16] Weather image size: 1
[2026-05-19 10:33:16] Forecast duration: 2022-08-11 00:00:00 to 2022-08-12 00:00:00
[2026-05-19 10:33:17] Number of forecast images: 24
[2026-05-19 10:33:17] Using forecast run: 2022-08-10 18:00:00 UTC
[2026-05-19 10:33:17] Forecast Rain Available hours: [6, 7, 8, 9, 10, 11, 12, 13, 14, 15, 16, 17, 18, 19, 20, 21, 22, 23, 24, 25, 26, 27, 28, 29]
[2026-05-19 10:33:17] Valid hours for sum: [12, 18, 24, 29]
[2026-05-19 10:33:19] Drought composite end date: 2022-08-08 06:00:00
[2026-05-19 10:33:20] Land cover year: 2021
[2026-05-19 10:33:21] VIIRS Veg composite: 2022-07-28 → 2022-08-13
[2026-05-19 10:33:24] Started export task: fire_180_dynamic_2022-08-10
[2026-05-19 10:33:24] ------ Processing date=2022-08-11 ------
[2026-05-19 10:33:24] Using viirs_af_path: viirs_af_path
[2026-05-19 10:33:25] VIIRS Image Date: ['2022-08-11 00:00:00']
[2026-05-19 10:33:25] Weather image size: 1
[2026-05-19 10:33:25] Forecast duration: 2022-08-12 00:00:00 to 2022-08-13 00:00:00
[2026-05-19 10:33:26] Number of forecast images: 24
[2026-05-19 10:33:26] Using forecast run: 2022-08-11 18:00:00 UTC
[2026-05-19 10:33:26] Forecast Rain Available hours: [6, 7, 8, 9, 10, 11, 12, 13, 14, 15, 16, 17, 18, 19, 20, 21, 22, 23, 24, 25, 26, 27, 28, 29]
[2026-05-19 10:33:26] Valid hours for sum: [12, 18, 24, 29]
[2026-05-19 10:33:28] Drought composite end date: 2022-08-08 06:00:00
[2026-05-19 10:33:28] Land cover year: 2021
[2026-05-19 10:33:29] VIIRS Veg composite: 2022-07-28 → 2022-08-13
[2026-05-19 10:33:32] Started export task: fire_180_dynamic_2022-08-11
[2026-05-19 10:33:33] ------ Processing date=2022-08-12 ------
[2026-05-19 10:33:33] Using viirs_af_path: viirs_af_path
[2026-05-19 10:33:33] VIIRS Image Date: ['2022-08-12 00:00:00']
[2026-05-19 10:33:33] Weather image size: 1
[2026-05-19 10:33:33] Forecast duration: 2022-08-13 00:00:00 to 2022-08-14 00:00:00
[2026-05-19 10:33:34] Number of forecast images: 24
[2026-05-19 10:33:34] Using forecast run: 2022-08-12 18:00:00 UTC
[2026-05-19 10:33:35] Forecast Rain Available hours: [6, 7, 8, 9, 10, 11, 12, 13, 14, 15, 16, 17, 18, 19, 20, 21, 22, 23, 24, 25, 26, 27, 28, 29]
[2026-05-19 10:33:35] Valid hours for sum: [12, 18, 24, 29]
[2026-05-19 10:33:36] Drought composite end date: 2022-08-08 06:00:00
[2026-05-19 10:33:36] Land cover year: 2021
[2026-05-19 10:33:37] VIIRS Veg composite: 2022-07-28 → 2022-08-13
[2026-05-19 10:33:40] Started export task: fire_180_dynamic_2022-08-12
[2026-05-19 10:33:41] ------ Processing date=2022-08-13 ------
[2026-05-19 10:33:41] Using viirs_af_path: viirs_af_path
[2026-05-19 10:33:41] VIIRS Image Date: ['2022-08-13 00:00:00']
[2026-05-19 10:33:41] Weather image size: 1
[2026-05-19 10:33:41] Forecast duration: 2022-08-14 00:00:00 to 2022-08-15 00:00:00
[2026-05-19 10:33:42] Number of forecast images: 24
[2026-05-19 10:33:42] Using forecast run: 2022-08-13 18:00:00 UTC
[2026-05-19 10:33:43] Forecast Rain Available hours: [6, 7, 8, 9, 10, 11, 12, 13, 14, 15, 16, 17, 18, 19, 20, 21, 22, 23, 24, 25, 26, 27, 28, 29]
[2026-05-19 10:33:43] Valid hours for sum: [12, 18, 24, 29]
[2026-05-19 10:33:44] Drought composite end date: 2022-08-08 06:00:00
[2026-05-19 10:33:44] Land cover year: 2021
[2026-05-19 10:33:45] VIIRS Veg composite: 2022-07-28 → 2022-08-13
[2026-05-19 10:33:49] Started export task: fire_180_dynamic_2022-08-13
[2026-05-19 10:33:50] ------ Processing date=2022-08-14 ------
[2026-05-19 10:33:50] Using viirs_af_path: viirs_af_path
[2026-05-19 10:33:50] VIIRS Image Date: ['2022-08-14 00:00:00']
[2026-05-19 10:33:50] Weather image size: 1
[2026-05-19 10:33:50] Forecast duration: 2022-08-15 00:00:00 to 2022-08-16 00:00:00
[2026-05-19 10:33:51] Number of forecast images: 24
[2026-05-19 10:33:51] Using forecast run: 2022-08-14 18:00:00 UTC
[2026-05-19 10:33:51] Forecast Rain Available hours: [6, 7, 8, 9, 10, 11, 12, 13, 14, 15, 16, 17, 18, 19, 20, 21, 22, 23, 24, 25, 26, 27, 28, 29]
[2026-05-19 10:33:51] Valid hours for sum: [12, 18, 24, 29]
[2026-05-19 10:33:54] Drought composite end date: 2022-08-13 06:00:00
[2026-05-19 10:33:54] Land cover year: 2021
[2026-05-19 10:33:55] VIIRS Veg composite: 2022-07-28 → 2022-08-13
[2026-05-19 10:34:00] Started export task: fire_180_dynamic_2022-08-14
[2026-05-19 10:34:00] ------ Processing date=2022-08-15 ------
[2026-05-19 10:34:00] Using viirs_af_path: viirs_af_path
[2026-05-19 10:34:01] VIIRS Image Date: ['2022-08-15 00:00:00']
[2026-05-19 10:34:01] Weather image size: 1
[2026-05-19 10:34:01] Forecast duration: 2022-08-16 00:00:00 to 2022-08-17 00:00:00
[2026-05-19 10:34:02] Number of forecast images: 24
[2026-05-19 10:34:02] Using forecast run: 2022-08-15 18:00:00 UTC
[2026-05-19 10:34:03] Forecast Rain Available hours: [6, 7, 8, 9, 10, 11, 12, 13, 14, 15, 16, 17, 18, 19, 20, 21, 22, 23, 24, 25, 26, 27, 28, 29]
[2026-05-19 10:34:03] Valid hours for sum: [12, 18, 24, 29]
[2026-05-19 10:34:05] Drought composite end date: 2022-08-13 06:00:00
[2026-05-19 10:34:05] Land cover year: 2021
[2026-05-19 10:34:06] VIIRS Veg composite: 2022-07-28 → 2022-08-13
[2026-05-19 10:34:10] Started export task: fire_180_dynamic_2022-08-15
[2026-05-19 10:34:10] ------ Processing date=2022-08-16 ------
[2026-05-19 10:34:10] Using viirs_af_path: viirs_af_path
[2026-05-19 10:34:11] VIIRS Image Date: ['2022-08-16 00:00:00']
[2026-05-19 10:34:11] Weather image size: 1
[2026-05-19 10:34:11] Forecast duration: 2022-08-17 00:00:00 to 2022-08-18 00:00:00
[2026-05-19 10:34:12] Number of forecast images: 24
[2026-05-19 10:34:12] Using forecast run: 2022-08-16 18:00:00 UTC
[2026-05-19 10:34:12] Forecast Rain Available hours: [6, 7, 8, 9, 10, 11, 12, 13, 14, 15, 16, 17, 18, 19, 20, 21, 22, 23, 24, 25, 26, 27, 28, 29]
[2026-05-19 10:34:12] Valid hours for sum: [12, 18, 24, 29]
[2026-05-19 10:34:14] Drought composite end date: 2022-08-13 06:00:00
[2026-05-19 10:34:15] Land cover year: 2021
[2026-05-19 10:34:16] VIIRS Veg composite: 2022-07-28 → 2022-08-13
[2026-05-19 10:34:20] Started export task: fire_180_dynamic_2022-08-16
[2026-05-19 10:34:20] ------ Processing date=2022-08-17 ------
[2026-05-19 10:34:20] Using viirs_af_path: viirs_af_path
[2026-05-19 10:34:21] VIIRS Image Date: ['2022-08-17 00:00:00']
[2026-05-19 10:34:21] Weather image size: 1
[2026-05-19 10:34:21] Forecast duration: 2022-08-18 00:00:00 to 2022-08-19 00:00:00
[2026-05-19 10:34:23] Number of forecast images: 24
[2026-05-19 10:34:23] Using forecast run: 2022-08-17 18:00:00 UTC
[2026-05-19 10:34:23] Forecast Rain Available hours: [6, 7, 8, 9, 10, 11, 12, 13, 14, 15, 16, 17, 18, 19, 20, 21, 22, 23, 24, 25, 26, 27, 28, 29]
[2026-05-19 10:34:23] Valid hours for sum: [12, 18, 24, 29]
[2026-05-19 10:34:26] Drought composite end date: 2022-08-13 06:00:00
[2026-05-19 10:34:26] Land cover year: 2021
[2026-05-19 10:34:27] VIIRS Veg composite: 2022-07-28 → 2022-08-13
[2026-05-19 10:34:30] Started export task: fire_180_dynamic_2022-08-17
[2026-05-19 10:34:31] ------ Processing date=2022-08-18 ------
[2026-05-19 10:34:31] Using viirs_af_path: viirs_af_path
[2026-05-19 10:34:31] VIIRS Image Date: ['2022-08-18 00:00:00']
[2026-05-19 10:34:32] Weather image size: 1
[2026-05-19 10:34:32] Forecast duration: 2022-08-19 00:00:00 to 2022-08-20 00:00:00
[2026-05-19 10:34:32] Number of forecast images: 24
[2026-05-19 10:34:32] Using forecast run: 2022-08-18 18:00:00 UTC
[2026-05-19 10:34:33] Forecast Rain Available hours: [6, 7, 8, 9, 10, 11, 12, 13, 14, 15, 16, 17, 18, 19, 20, 21, 22, 23, 24, 25, 26, 27, 28, 29]
[2026-05-19 10:34:33] Valid hours for sum: [12, 18, 24, 29]
[2026-05-19 10:34:36] Drought composite end date: 2022-08-13 06:00:00
[2026-05-19 10:34:36] Land cover year: 2021
[2026-05-19 10:34:37] VIIRS Veg composite: 2022-07-28 → 2022-08-13
[2026-05-19 10:34:42] Started export task: fire_180_dynamic_2022-08-18
[2026-05-19 10:34:42] ------ Processing date=2022-08-19 ------
[2026-05-19 10:34:42] Using viirs_af_path: viirs_af_path
[2026-05-19 10:34:43] VIIRS Image Date: ['2022-08-19 00:00:00']
[2026-05-19 10:34:43] Weather image size: 1
[2026-05-19 10:34:43] Forecast duration: 2022-08-20 00:00:00 to 2022-08-21 00:00:00
[2026-05-19 10:34:44] Number of forecast images: 24
[2026-05-19 10:34:44] Using forecast run: 2022-08-19 18:00:00 UTC
[2026-05-19 10:34:44] Forecast Rain Available hours: [6, 7, 8, 9, 10, 11, 12, 13, 14, 15, 16, 17, 18, 19, 20, 21, 22, 23, 24, 25, 26, 27, 28, 29]
[2026-05-19 10:34:44] Valid hours for sum: [12, 18, 24, 29]
[2026-05-19 10:34:46] Drought composite end date: 2022-08-18 06:00:00
[2026-05-19 10:34:47] Land cover year: 2021
[2026-05-19 10:34:48] VIIRS Veg composite: 2022-07-28 → 2022-08-13
[2026-05-19 10:34:53] Started export task: fire_180_dynamic_2022-08-19
[2026-05-19 10:34:54] ------ Processing date=2022-08-20 ------
[2026-05-19 10:34:54] Using viirs_af_path: viirs_af_path
[2026-05-19 10:34:54] VIIRS Image Date: ['2022-08-20 00:00:00']
[2026-05-19 10:34:55] Weather image size: 1
[2026-05-19 10:34:55] Forecast duration: 2022-08-21 00:00:00 to 2022-08-22 00:00:00
[2026-05-19 10:34:56] Number of forecast images: 24
[2026-05-19 10:34:56] Using forecast run: 2022-08-20 18:00:00 UTC
[2026-05-19 10:34:57] Forecast Rain Available hours: [6, 7, 8, 9, 10, 11, 12, 13, 14, 15, 16, 17, 18, 19, 20, 21, 22, 23, 24, 25, 26, 27, 28, 29]
[2026-05-19 10:34:57] Valid hours for sum: [12, 18, 24, 29]
[2026-05-19 10:35:00] Drought composite end date: 2022-08-18 06:00:00
[2026-05-19 10:35:00] Land cover year: 2021
[2026-05-19 10:35:02] VIIRS Veg composite: 2022-07-28 → 2022-08-13
[2026-05-19 10:35:08] Started export task: fire_180_dynamic_2022-08-20
[2026-05-19 10:35:09] ------ Processing date=2022-08-21 ------
[2026-05-19 10:35:09] Using viirs_af_path: viirs_af_path
[2026-05-19 10:35:09] VIIRS Image Date: ['2022-08-21 00:00:00']
[2026-05-19 10:35:10] Weather image size: 1
[2026-05-19 10:35:10] Forecast duration: 2022-08-22 00:00:00 to 2022-08-23 00:00:00
[2026-05-19 10:35:11] Number of forecast images: 24
[2026-05-19 10:35:11] Using forecast run: 2022-08-21 18:00:00 UTC
[2026-05-19 10:35:11] Forecast Rain Available hours: [6, 7, 8, 9, 10, 11, 12, 13, 14, 15, 16, 17, 18, 19, 20, 21, 22, 23, 24, 25, 26, 27, 28, 29]
[2026-05-19 10:35:11] Valid hours for sum: [12, 18, 24, 29]
[2026-05-19 10:35:18] Drought composite end date: 2022-08-18 06:00:00
[2026-05-19 10:35:18] Land cover year: 2021
[2026-05-19 10:35:19] VIIRS Veg composite: 2022-07-28 → 2022-08-13
[2026-05-19 10:35:23] Started export task: fire_180_dynamic_2022-08-21
[2026-05-19 10:35:24] ------ Processing date=2022-08-22 ------
[2026-05-19 10:35:24] Using viirs_af_path: viirs_af_path
[2026-05-19 10:35:24] VIIRS Image Date: ['2022-08-22 00:00:00']
[2026-05-19 10:35:24] Weather image size: 1
[2026-05-19 10:35:24] Forecast duration: 2022-08-23 00:00:00 to 2022-08-24 00:00:00
[2026-05-19 10:35:26] Number of forecast images: 24
[2026-05-19 10:35:26] Using forecast run: 2022-08-22 18:00:00 UTC
[2026-05-19 10:35:26] Forecast Rain Available hours: [6, 7, 8, 9, 10, 11, 12, 13, 14, 15, 16, 17, 18, 19, 20, 21, 22, 23, 24, 25, 26, 27, 28, 29]
[2026-05-19 10:35:26] Valid hours for sum: [12, 18, 24, 29]
[2026-05-19 10:35:29] Drought composite end date: 2022-08-18 06:00:00
[2026-05-19 10:35:29] Land cover year: 2021
[2026-05-19 10:35:30] VIIRS Veg composite: 2022-07-28 → 2022-08-13
[2026-05-19 10:35:33] Started export task: fire_180_dynamic_2022-08-22
[2026-05-19 10:35:34] ------ Processing date=2022-08-23 ------
[2026-05-19 10:35:34] Using viirs_af_path: viirs_af_path
[2026-05-19 10:35:34] VIIRS Image Date: ['2022-08-23 00:00:00']
[2026-05-19 10:35:34] Weather image size: 1
[2026-05-19 10:35:34] Forecast duration: 2022-08-24 00:00:00 to 2022-08-25 00:00:00
[2026-05-19 10:35:35] Number of forecast images: 24
[2026-05-19 10:35:35] Using forecast run: 2022-08-23 18:00:00 UTC
[2026-05-19 10:35:35] Forecast Rain Available hours: [6, 7, 8, 9, 10, 11, 12, 13, 14, 15, 16, 17, 18, 19, 20, 21, 22, 23, 24, 25, 26, 27, 28, 29]
[2026-05-19 10:35:35] Valid hours for sum: [12, 18, 24, 29]
[2026-05-19 10:35:37] Drought composite end date: 2022-08-18 06:00:00
[2026-05-19 10:35:37] Land cover year: 2021
[2026-05-19 10:35:38] VIIRS Veg composite: 2022-07-28 → 2022-08-13
[2026-05-19 10:35:42] Started export task: fire_180_dynamic_2022-08-23
[2026-05-19 10:35:42] ------ Processing date=2022-08-24 ------
[2026-05-19 10:35:42] Using viirs_af_path: viirs_af_path
[2026-05-19 10:35:42] VIIRS Image Date: ['2022-08-24 00:00:00']
[2026-05-19 10:35:43] Weather image size: 1
[2026-05-19 10:35:43] Forecast duration: 2022-08-25 00:00:00 to 2022-08-26 00:00:00
[2026-05-19 10:35:44] Number of forecast images: 24
[2026-05-19 10:35:44] Using forecast run: 2022-08-24 18:00:00 UTC
[2026-05-19 10:35:45] Forecast Rain Available hours: [6, 7, 8, 9, 10, 11, 12, 13, 14, 15, 16, 17, 18, 19, 20, 21, 22, 23, 24, 25, 26, 27, 28, 29]
[2026-05-19 10:35:45] Valid hours for sum: [12, 18, 24, 29]
[2026-05-19 10:35:47] Drought composite end date: 2022-08-23 06:00:00
[2026-05-19 10:35:48] Land cover year: 2021
[2026-05-19 10:35:49] VIIRS Veg composite: 2022-07-28 → 2022-08-13
[2026-05-19 10:35:53] Started export task: fire_180_dynamic_2022-08-24
[2026-05-19 10:35:53] ------ Processing date=2022-08-25 ------
[2026-05-19 10:35:53] Using viirs_af_path: viirs_af_path
[2026-05-19 10:35:54] VIIRS Image Date: ['2022-08-25 00:00:00']
[2026-05-19 10:35:54] Weather image size: 1
[2026-05-19 10:35:54] Forecast duration: 2022-08-26 00:00:00 to 2022-08-27 00:00:00
[2026-05-19 10:35:55] Number of forecast images: 24
[2026-05-19 10:35:55] Using forecast run: 2022-08-25 18:00:00 UTC
[2026-05-19 10:35:55] Forecast Rain Available hours: [6, 7, 8, 9, 10, 11, 12, 13, 14, 15, 16, 17, 18, 19, 20, 21, 22, 23, 24, 25, 26, 27, 28, 29]
[2026-05-19 10:35:55] Valid hours for sum: [12, 18, 24, 29]
[2026-05-19 10:35:58] Drought composite end date: 2022-08-23 06:00:00
[2026-05-19 10:35:58] Land cover year: 2021
[2026-05-19 10:35:59] VIIRS Veg composite: 2022-07-28 → 2022-08-13
[2026-05-19 10:36:02] Started export task: fire_180_dynamic_2022-08-25
[2026-05-19 10:36:02] ------ Processing date=2022-08-26 ------
[2026-05-19 10:36:02] Using viirs_af_path: viirs_af_path
[2026-05-19 10:36:02] VIIRS Image Date: ['2022-08-26 00:00:00']
[2026-05-19 10:36:03] Weather image size: 1
[2026-05-19 10:36:03] Forecast duration: 2022-08-27 00:00:00 to 2022-08-28 00:00:00
[2026-05-19 10:36:04] Number of forecast images: 23
[2026-05-19 10:36:04] Using forecast run: 2022-08-26 18:00:00 UTC
[2026-05-19 10:36:04] Forecast Rain Available hours: [6, 7, 8, 9, 10, 11, 12, 13, 15, 16, 17, 18, 19, 20, 21, 22, 23, 24, 25, 26, 27, 28, 29]
[2026-05-19 10:36:04] Valid hours for sum: [12, 18, 24, 29]
[2026-05-19 10:36:06] Drought composite end date: 2022-08-23 06:00:00
[2026-05-19 10:36:07] Land cover year: 2021
[2026-05-19 10:36:07] VIIRS Veg composite: 2022-07-28 → 2022-08-13
[2026-05-19 10:36:13] Started export task: fire_180_dynamic_2022-08-26
[2026-05-19 10:36:14] ------ Processing date=2022-08-27 ------
[2026-05-19 10:36:14] Using viirs_af_path: viirs_af_path
[2026-05-19 10:36:14] VIIRS Image Date: ['2022-08-27 00:00:00']
[2026-05-19 10:36:15] Weather image size: 1
[2026-05-19 10:36:15] Forecast duration: 2022-08-28 00:00:00 to 2022-08-29 00:00:00
[2026-05-19 10:36:16] Number of forecast images: 24
[2026-05-19 10:36:16] Using forecast run: 2022-08-27 18:00:00 UTC
[2026-05-19 10:36:17] Forecast Rain Available hours: [6, 7, 8, 9, 10, 11, 12, 13, 14, 15, 16, 17, 18, 19, 20, 21, 22, 23, 24, 25, 26, 27, 28, 29]
[2026-05-19 10:36:17] Valid hours for sum: [12, 18, 24, 29]
[2026-05-19 10:36:19] Drought composite end date: 2022-08-23 06:00:00
[2026-05-19 10:36:19] Land cover year: 2021
[2026-05-19 10:36:20] VIIRS Veg composite: 2022-07-28 → 2022-08-13
[2026-05-19 10:36:25] Started export task: fire_180_dynamic_2022-08-27
[2026-05-19 10:36:25] ------ Processing date=2022-08-28 ------
[2026-05-19 10:36:25] Using viirs_af_path: viirs_af_path
[2026-05-19 10:36:26] VIIRS Image Date: ['2022-08-28 00:00:00']
[2026-05-19 10:36:26] Weather image size: 1
[2026-05-19 10:36:26] Forecast duration: 2022-08-29 00:00:00 to 2022-08-30 00:00:00
[2026-05-19 10:36:27] Number of forecast images: 23
[2026-05-19 10:36:27] Using forecast run: 2022-08-28 18:00:00 UTC
[2026-05-19 10:36:28] Forecast Rain Available hours: [6, 7, 8, 9, 10, 11, 12, 13, 14, 16, 17, 18, 19, 20, 21, 22, 23, 24, 25, 26, 27, 28, 29]
[2026-05-19 10:36:28] Valid hours for sum: [12, 18, 24, 29]
[2026-05-19 10:36:30] Drought composite end date: 2022-08-23 06:00:00
[2026-05-19 10:36:30] Land cover year: 2021
[2026-05-19 10:36:31] VIIRS Veg composite: 2022-07-28 → 2022-08-13
[2026-05-19 10:36:36] Started export task: fire_180_dynamic_2022-08-28
[2026-05-19 10:36:36] ------ Processing date=2022-08-29 ------
[2026-05-19 10:36:36] Using viirs_af_path: viirs_af_path
[2026-05-19 10:36:37] VIIRS Image Date: ['2022-08-29 00:00:00']
[2026-05-19 10:36:37] Weather image size: 1
[2026-05-19 10:36:37] Forecast duration: 2022-08-30 00:00:00 to 2022-08-31 00:00:00
[2026-05-19 10:36:38] Number of forecast images: 24
[2026-05-19 10:36:38] Using forecast run: 2022-08-29 18:00:00 UTC
[2026-05-19 10:36:38] Forecast Rain Available hours: [6, 7, 8, 9, 10, 11, 12, 13, 14, 15, 16, 17, 18, 19, 20, 21, 22, 23, 24, 25, 26, 27, 28, 29]
[2026-05-19 10:36:38] Valid hours for sum: [12, 18, 24, 29]
[2026-05-19 10:36:41] Drought composite end date: 2022-08-28 06:00:00
[2026-05-19 10:36:41] Land cover year: 2021
[2026-05-19 10:36:42] VIIRS Veg composite: 2022-07-28 → 2022-08-13
[2026-05-19 10:36:46] Started export task: fire_180_dynamic_2022-08-29
[2026-05-19 10:36:47] ------ Processing date=2022-08-30 ------
[2026-05-19 10:36:47] Using viirs_af_path: viirs_af_path
[2026-05-19 10:36:47] VIIRS Image Date: ['2022-08-30 00:00:00']
[2026-05-19 10:36:47] Weather image size: 1
[2026-05-19 10:36:47] Forecast duration: 2022-08-31 00:00:00 to 2022-09-01 00:00:00
[2026-05-19 10:36:49] Number of forecast images: 24
[2026-05-19 10:36:49] Using forecast run: 2022-08-30 18:00:00 UTC
[2026-05-19 10:36:49] Forecast Rain Available hours: [6, 7, 8, 9, 10, 11, 12, 13, 14, 15, 16, 17, 18, 19, 20, 21, 22, 23, 24, 25, 26, 27, 28, 29]
[2026-05-19 10:36:49] Valid hours for sum: [12, 18, 24, 29]
[2026-05-19 10:36:53] Drought composite end date: 2022-08-28 06:00:00
[2026-05-19 10:36:53] Land cover year: 2021
[2026-05-19 10:36:55] VIIRS Veg composite: 2022-07-28 → 2022-08-13
[2026-05-19 10:37:02] Started export task: fire_180_dynamic_2022-08-30
[2026-05-19 10:37:04] ------ Processing date=2022-08-31 ------
[2026-05-19 10:37:04] Using viirs_af_path: viirs_af_path
[2026-05-19 10:37:04] VIIRS Image Date: ['2022-08-31 00:00:00']
[2026-05-19 10:37:05] Weather image size: 1
[2026-05-19 10:37:05] Forecast duration: 2022-09-01 00:00:00 to 2022-09-02 00:00:00
[2026-05-19 10:37:07] Number of forecast images: 24
[2026-05-19 10:37:07] Using forecast run: 2022-08-31 18:00:00 UTC
[2026-05-19 10:37:07] Forecast Rain Available hours: [6, 7, 8, 9, 10, 11, 12, 13, 14, 15, 16, 17, 18, 19, 20, 21, 22, 23, 24, 25, 26, 27, 28, 29]
[2026-05-19 10:37:07] Valid hours for sum: [12, 18, 24, 29]
[2026-05-19 10:37:10] Drought composite end date: 2022-08-28 06:00:00
[2026-05-19 10:37:11] Land cover year: 2021
[2026-05-19 10:37:13] VIIRS Veg composite: 2022-07-28 → 2022-08-13
[2026-05-19 10:37:18] Started export task: fire_180_dynamic_2022-08-31
[2026-05-19 10:37:18] ------ Processing date=2022-09-01 ------
[2026-05-19 10:37:18] Using viirs_af_path: viirs_af_path
[2026-05-19 10:37:18] VIIRS Image Date: ['2022-09-01 00:00:00']
[2026-05-19 10:37:18] Weather image size: 1
[2026-05-19 10:37:18] Forecast duration: 2022-09-02 00:00:00 to 2022-09-03 00:00:00
[2026-05-19 10:37:19] Number of forecast images: 23
[2026-05-19 10:37:19] Using forecast run: 2022-09-01 18:00:00 UTC
[2026-05-19 10:37:20] Forecast Rain Available hours: [6, 7, 8, 9, 10, 11, 12, 13, 14, 15, 16, 17, 18, 20, 21, 22, 23, 24, 25, 26, 27, 28, 29]
[2026-05-19 10:37:20] Valid hours for sum: [12, 18, 24, 29]
[2026-05-19 10:37:22] Drought composite end date: 2022-08-28 06:00:00
[2026-05-19 10:37:22] Land cover year: 2021
[2026-05-19 10:37:23] VIIRS Veg composite: 2022-07-28 → 2022-08-13
[2026-05-19 10:37:27] Started export task: fire_180_dynamic_2022-09-01
[2026-05-19 10:37:28] ------ Processing date=2022-09-02 ------
[2026-05-19 10:37:28] Using viirs_af_path: viirs_af_path
[2026-05-19 10:37:28] VIIRS Image Date: ['2022-09-02 00:00:00']
[2026-05-19 10:37:28] Weather image size: 1
[2026-05-19 10:37:28] Forecast duration: 2022-09-03 00:00:00 to 2022-09-04 00:00:00
[2026-05-19 10:37:29] Number of forecast images: 24
[2026-05-19 10:37:29] Using forecast run: 2022-09-02 18:00:00 UTC
[2026-05-19 10:37:30] Forecast Rain Available hours: [6, 7, 8, 9, 10, 11, 12, 13, 14, 15, 16, 17, 18, 19, 20, 21, 22, 23, 24, 25, 26, 27, 28, 29]
[2026-05-19 10:37:30] Valid hours for sum: [12, 18, 24, 29]
[2026-05-19 10:37:32] Drought composite end date: 2022-08-28 06:00:00
[2026-05-19 10:37:32] Land cover year: 2021
[2026-05-19 10:37:33] VIIRS Veg composite: 2022-07-28 → 2022-08-13
[2026-05-19 10:37:37] Started export task: fire_180_dynamic_2022-09-02
[2026-05-19 10:37:37] ------ Processing date=2022-09-03 ------
[2026-05-19 10:37:37] Using viirs_af_path: viirs_af_path
[2026-05-19 10:37:38] VIIRS Image Date: ['2022-09-03 00:00:00']
[2026-05-19 10:37:38] Weather image size: 1
[2026-05-19 10:37:38] Forecast duration: 2022-09-04 00:00:00 to 2022-09-05 00:00:00
[2026-05-19 10:37:39] Number of forecast images: 24
[2026-05-19 10:37:39] Using forecast run: 2022-09-03 18:00:00 UTC
[2026-05-19 10:37:40] Forecast Rain Available hours: [6, 7, 8, 9, 10, 11, 12, 13, 14, 15, 16, 17, 18, 19, 20, 21, 22, 23, 24, 25, 26, 27, 28, 29]
[2026-05-19 10:37:40] Valid hours for sum: [12, 18, 24, 29]
[2026-05-19 10:37:42] Drought composite end date: 2022-09-02 06:00:00
[2026-05-19 10:37:42] Land cover year: 2021
[2026-05-19 10:37:44] VIIRS Veg composite: 2022-07-28 → 2022-08-13
[2026-05-19 10:37:49] Started export task: fire_180_dynamic_2022-09-03
[2026-05-19 10:37:50] ------ Processing date=2022-09-04 ------
[2026-05-19 10:37:50] Using viirs_af_path: viirs_af_path
[2026-05-19 10:37:50] VIIRS Image Date: ['2022-09-04 00:00:00']
[2026-05-19 10:37:50] Weather image size: 1
[2026-05-19 10:37:50] Forecast duration: 2022-09-05 00:00:00 to 2022-09-06 00:00:00
[2026-05-19 10:37:51] Number of forecast images: 24
[2026-05-19 10:37:51] Using forecast run: 2022-09-04 18:00:00 UTC
[2026-05-19 10:37:52] Forecast Rain Available hours: [6, 7, 8, 9, 10, 11, 12, 13, 14, 15, 16, 17, 18, 19, 20, 21, 22, 23, 24, 25, 26, 27, 28, 29]
[2026-05-19 10:37:52] Valid hours for sum: [12, 18, 24, 29]
[2026-05-19 10:37:54] Drought composite end date: 2022-09-02 06:00:00
[2026-05-19 10:37:55] Land cover year: 2021
[2026-05-19 10:37:56] VIIRS Veg composite: 2022-07-28 → 2022-08-13
[2026-05-19 10:38:00] Started export task: fire_180_dynamic_2022-09-04
[2026-05-19 10:38:01] ------ Processing date=2022-09-05 ------
[2026-05-19 10:38:01] Using viirs_af_path: viirs_af_path
[2026-05-19 10:38:01] VIIRS Image Date: ['2022-09-05 00:00:00']
[2026-05-19 10:38:02] Weather image size: 1
[2026-05-19 10:38:02] Forecast duration: 2022-09-06 00:00:00 to 2022-09-07 00:00:00
[2026-05-19 10:38:03] Number of forecast images: 24
[2026-05-19 10:38:03] Using forecast run: 2022-09-05 18:00:00 UTC
[2026-05-19 10:38:03] Forecast Rain Available hours: [6, 7, 8, 9, 10, 11, 12, 13, 14, 15, 16, 17, 18, 19, 20, 21, 22, 23, 24, 25, 26, 27, 28, 29]
[2026-05-19 10:38:03] Valid hours for sum: [12, 18, 24, 29]
[2026-05-19 10:38:07] Drought composite end date: 2022-09-02 06:00:00
[2026-05-19 10:38:07] Land cover year: 2021
[2026-05-19 10:38:08] VIIRS Veg composite: 2022-07-28 → 2022-08-13
[2026-05-19 10:38:13] Started export task: fire_180_dynamic_2022-09-05
[2026-05-19 10:38:13] ------ Processing date=2022-09-06 ------
[2026-05-19 10:38:13] Using viirs_af_path: viirs_af_path
[2026-05-19 10:38:13] VIIRS Image Date: ['2022-09-06 00:00:00']
[2026-05-19 10:38:14] Weather image size: 1
[2026-05-19 10:38:14] Forecast duration: 2022-09-07 00:00:00 to 2022-09-08 00:00:00
[2026-05-19 10:38:14] Number of forecast images: 24
[2026-05-19 10:38:14] Using forecast run: 2022-09-06 18:00:00 UTC
[2026-05-19 10:38:15] Forecast Rain Available hours: [6, 7, 8, 9, 10, 11, 12, 13, 14, 15, 16, 17, 18, 19, 20, 21, 22, 23, 24, 25, 26, 27, 28, 29]
[2026-05-19 10:38:15] Valid hours for sum: [12, 18, 24, 29]
[2026-05-19 10:38:17] Drought composite end date: 2022-09-02 06:00:00
[2026-05-19 10:38:18] Land cover year: 2021
[2026-05-19 10:38:18] VIIRS Veg composite: 2022-07-28 → 2022-08-13
[2026-05-19 10:38:21] Started export task: fire_180_dynamic_2022-09-06
[2026-05-19 10:38:22] ------ Processing date=2022-09-07 ------
[2026-05-19 10:38:22] Using viirs_af_path: viirs_af_path
[2026-05-19 10:38:22] VIIRS Image Date: ['2022-09-07 00:00:00']
[2026-05-19 10:38:22] Weather image size: 1
[2026-05-19 10:38:22] Forecast duration: 2022-09-08 00:00:00 to 2022-09-09 00:00:00
[2026-05-19 10:38:23] Number of forecast images: 24
[2026-05-19 10:38:23] Using forecast run: 2022-09-07 18:00:00 UTC
[2026-05-19 10:38:24] Forecast Rain Available hours: [6, 7, 8, 9, 10, 11, 12, 13, 14, 15, 16, 17, 18, 19, 20, 21, 22, 23, 24, 25, 26, 27, 28, 29]
[2026-05-19 10:38:24] Valid hours for sum: [12, 18, 24, 29]
[2026-05-19 10:38:26] Drought composite end date: 2022-09-02 06:00:00
[2026-05-19 10:38:26] Land cover year: 2021
[2026-05-19 10:38:27] VIIRS Veg composite: 2022-07-28 → 2022-08-13
[2026-05-19 10:38:31] Started export task: fire_180_dynamic_2022-09-07
[2026-05-19 10:38:31] ------ Processing date=2022-09-08 ------
[2026-05-19 10:38:31] Using viirs_af_path: viirs_af_path
[2026-05-19 10:38:31] VIIRS Image Date: ['2022-09-08 00:00:00']
[2026-05-19 10:38:32] Weather image size: 1
[2026-05-19 10:38:32] Forecast duration: 2022-09-09 00:00:00 to 2022-09-10 00:00:00
[2026-05-19 10:38:32] Number of forecast images: 24
[2026-05-19 10:38:32] Using forecast run: 2022-09-08 18:00:00 UTC
[2026-05-19 10:38:33] Forecast Rain Available hours: [6, 7, 8, 9, 10, 11, 12, 13, 14, 15, 16, 17, 18, 19, 20, 21, 22, 23, 24, 25, 26, 27, 28, 29]
[2026-05-19 10:38:33] Valid hours for sum: [12, 18, 24, 29]
[2026-05-19 10:38:35] Drought composite end date: 2022-09-07 06:00:00
[2026-05-19 10:38:36] Land cover year: 2021
[2026-05-19 10:38:36] VIIRS Veg composite: 2022-07-28 → 2022-08-13
[2026-05-19 10:38:41] Started export task: fire_180_dynamic_2022-09-08
[2026-05-19 10:38:41] ------ Processing date=2022-09-09 ------
[2026-05-19 10:38:41] Using viirs_af_path: viirs_af_path
[2026-05-19 10:38:41] VIIRS Image Date: ['2022-09-09 00:00:00']
[2026-05-19 10:38:41] Weather image size: 1
[2026-05-19 10:38:41] Forecast duration: 2022-09-10 00:00:00 to 2022-09-11 00:00:00
[2026-05-19 10:38:42] Number of forecast images: 24
[2026-05-19 10:38:42] Using forecast run: 2022-09-09 18:00:00 UTC
[2026-05-19 10:38:43] Forecast Rain Available hours: [6, 7, 8, 9, 10, 11, 12, 13, 14, 15, 16, 17, 18, 19, 20, 21, 22, 23, 24, 25, 26, 27, 28, 29]
[2026-05-19 10:38:43] Valid hours for sum: [12, 18, 24, 29]
[2026-05-19 10:38:44] Drought composite end date: 2022-09-07 06:00:00
[2026-05-19 10:38:44] Land cover year: 2021
[2026-05-19 10:38:45] VIIRS Veg composite: 2022-07-28 → 2022-08-13
[2026-05-19 10:38:49] Started export task: fire_180_dynamic_2022-09-09
[2026-05-19 10:38:49] ------ Processing date=2022-09-10 ------
[2026-05-19 10:38:49] Using viirs_af_path: viirs_af_path
[2026-05-19 10:38:49] VIIRS Image Date: ['2022-09-10 00:00:00']
[2026-05-19 10:38:50] Weather image size: 1
[2026-05-19 10:38:50] Forecast duration: 2022-09-11 00:00:00 to 2022-09-12 00:00:00
[2026-05-19 10:38:50] Number of forecast images: 24
[2026-05-19 10:38:50] Using forecast run: 2022-09-10 18:00:00 UTC
[2026-05-19 10:38:51] Forecast Rain Available hours: [6, 7, 8, 9, 10, 11, 12, 13, 14, 15, 16, 17, 18, 19, 20, 21, 22, 23, 24, 25, 26, 27, 28, 29]
[2026-05-19 10:38:51] Valid hours for sum: [12, 18, 24, 29]
[2026-05-19 10:38:54] Drought composite end date: 2022-09-07 06:00:00
[2026-05-19 10:38:54] Land cover year: 2021
[2026-05-19 10:38:54] VIIRS Veg composite: 2022-07-28 → 2022-08-13
[2026-05-19 10:38:57] Started export task: fire_180_dynamic_2022-09-10
[2026-05-19 10:38:57] ------ Processing date=2022-09-11 ------
[2026-05-19 10:38:57] Using viirs_af_path: viirs_af_path
[2026-05-19 10:38:58] VIIRS Image Date: ['2022-09-11 00:00:00']
[2026-05-19 10:38:58] Weather image size: 1
[2026-05-19 10:38:58] Forecast duration: 2022-09-12 00:00:00 to 2022-09-13 00:00:00
[2026-05-19 10:38:59] Number of forecast images: 23
[2026-05-19 10:38:59] Using forecast run: 2022-09-11 18:00:00 UTC
[2026-05-19 10:38:59] Forecast Rain Available hours: [6, 7, 8, 9, 10, 11, 12, 13, 14, 15, 16, 17, 18, 19, 21, 22, 23, 24, 25, 26, 27, 28, 29]
[2026-05-19 10:38:59] Valid hours for sum: [12, 18, 24, 29]
[2026-05-19 10:39:01] Drought composite end date: 2022-09-07 06:00:00
[2026-05-19 10:39:02] Land cover year: 2021
[2026-05-19 10:39:02] VIIRS Veg composite: 2022-07-28 → 2022-08-13
[2026-05-19 10:39:08] Started export task: fire_180_dynamic_2022-09-11
[2026-05-19 10:39:08] ------ Processing date=2022-09-12 ------
[2026-05-19 10:39:08] Using viirs_af_path: viirs_af_path
[2026-05-19 10:39:09] VIIRS Image Date: ['2022-09-12 00:00:00']
[2026-05-19 10:39:09] Weather image size: 1
[2026-05-19 10:39:09] Forecast duration: 2022-09-13 00:00:00 to 2022-09-14 00:00:00
[2026-05-19 10:39:10] Number of forecast images: 24
[2026-05-19 10:39:10] Using forecast run: 2022-09-12 18:00:00 UTC
[2026-05-19 10:39:10] Forecast Rain Available hours: [6, 7, 8, 9, 10, 11, 12, 13, 14, 15, 16, 17, 18, 19, 20, 21, 22, 23, 24, 25, 26, 27, 28, 29]
[2026-05-19 10:39:10] Valid hours for sum: [12, 18, 24, 29]
[2026-05-19 10:39:12] Drought composite end date: 2022-09-07 06:00:00
[2026-05-19 10:39:12] Land cover year: 2021
[2026-05-19 10:39:13] VIIRS Veg composite: 2022-07-28 → 2022-08-13
[2026-05-19 10:39:17] Started export task: fire_180_dynamic_2022-09-12
[2026-05-19 10:39:17] ------ Processing date=2022-09-13 ------
[2026-05-19 10:39:17] Using viirs_af_path: viirs_af_path
[2026-05-19 10:39:17] VIIRS Image Date: ['2022-09-13 00:00:00']
[2026-05-19 10:39:17] Weather image size: 1
[2026-05-19 10:39:17] Forecast duration: 2022-09-14 00:00:00 to 2022-09-15 00:00:00
[2026-05-19 10:39:18] Number of forecast images: 24
[2026-05-19 10:39:18] Using forecast run: 2022-09-13 18:00:00 UTC
[2026-05-19 10:39:19] Forecast Rain Available hours: [6, 7, 8, 9, 10, 11, 12, 13, 14, 15, 16, 17, 18, 19, 20, 21, 22, 23, 24, 25, 26, 27, 28, 29]
[2026-05-19 10:39:19] Valid hours for sum: [12, 18, 24, 29]
[2026-05-19 10:39:22] Drought composite end date: 2022-09-12 06:00:00
[2026-05-19 10:39:22] Land cover year: 2021
[2026-05-19 10:39:23] VIIRS Veg composite: 2022-07-28 → 2022-08-13
[2026-05-19 10:39:26] Started export task: fire_180_dynamic_2022-09-13
[2026-05-19 10:39:26] ------ Processing date=2022-09-14 ------
[2026-05-19 10:39:26] Using viirs_af_path: viirs_af_path
[2026-05-19 10:39:26] VIIRS Image Date: ['2022-09-14 00:00:00']
[2026-05-19 10:39:27] Weather image size: 1
[2026-05-19 10:39:27] Forecast duration: 2022-09-15 00:00:00 to 2022-09-16 00:00:00
[2026-05-19 10:39:28] Number of forecast images: 24
[2026-05-19 10:39:28] Using forecast run: 2022-09-14 18:00:00 UTC
[2026-05-19 10:39:29] Forecast Rain Available hours: [6, 7, 8, 9, 10, 11, 12, 13, 14, 15, 16, 17, 18, 19, 20, 21, 22, 23, 24, 25, 26, 27, 28, 29]
[2026-05-19 10:39:29] Valid hours for sum: [12, 18, 24, 29]
[2026-05-19 10:39:30] Drought composite end date: 2022-09-12 06:00:00
[2026-05-19 10:39:30] Land cover year: 2021
[2026-05-19 10:39:31] VIIRS Veg composite: 2022-07-28 → 2022-08-13
[2026-05-19 10:39:35] Started export task: fire_180_dynamic_2022-09-14
[2026-05-19 10:39:35] ------ Processing date=2022-09-15 ------
[2026-05-19 10:39:35] Using viirs_af_path: viirs_af_path
[2026-05-19 10:39:35] VIIRS Image Date: ['2022-09-15 00:00:00']
[2026-05-19 10:39:35] Weather image size: 1
[2026-05-19 10:39:35] Forecast duration: 2022-09-16 00:00:00 to 2022-09-17 00:00:00
[2026-05-19 10:39:36] Number of forecast images: 24
[2026-05-19 10:39:36] Using forecast run: 2022-09-15 18:00:00 UTC
[2026-05-19 10:39:37] Forecast Rain Available hours: [6, 7, 8, 9, 10, 11, 12, 13, 14, 15, 16, 17, 18, 19, 20, 21, 22, 23, 24, 25, 26, 27, 28, 29]
[2026-05-19 10:39:37] Valid hours for sum: [12, 18, 24, 29]
[2026-05-19 10:39:39] Drought composite end date: 2022-09-12 06:00:00
[2026-05-19 10:39:39] Land cover year: 2021
[2026-05-19 10:39:40] VIIRS Veg composite: 2022-07-28 → 2022-08-13
[2026-05-19 10:39:43] Started export task: fire_180_dynamic_2022-09-15
[2026-05-19 10:39:43] ------ Processing date=2022-09-16 ------
[2026-05-19 10:39:43] Using viirs_af_path: viirs_af_path
[2026-05-19 10:39:43] VIIRS Image Date: ['2022-09-16 00:00:00']
[2026-05-19 10:39:44] Weather image size: 1
[2026-05-19 10:39:44] Forecast duration: 2022-09-17 00:00:00 to 2022-09-18 00:00:00
[2026-05-19 10:39:44] Number of forecast images: 24
[2026-05-19 10:39:44] Using forecast run: 2022-09-16 18:00:00 UTC
[2026-05-19 10:39:45] Forecast Rain Available hours: [6, 7, 8, 9, 10, 11, 12, 13, 14, 15, 16, 17, 18, 19, 20, 21, 22, 23, 24, 25, 26, 27, 28, 29]
[2026-05-19 10:39:45] Valid hours for sum: [12, 18, 24, 29]
[2026-05-19 10:39:47] Drought composite end date: 2022-09-12 06:00:00
[2026-05-19 10:39:48] Land cover year: 2021
[2026-05-19 10:39:49] VIIRS Veg composite: 2022-07-28 → 2022-08-13
[2026-05-19 10:39:55] Started export task: fire_180_dynamic_2022-09-16
[2026-05-19 10:39:56] ------ Processing date=2022-09-17 ------
[2026-05-19 10:39:56] Using viirs_af_path: viirs_af_path
[2026-05-19 10:39:56] VIIRS Image Date: ['2022-09-17 00:00:00']
[2026-05-19 10:39:56] Weather image size: 1
[2026-05-19 10:39:56] Forecast duration: 2022-09-18 00:00:00 to 2022-09-19 00:00:00
[2026-05-19 10:39:57] Number of forecast images: 24
[2026-05-19 10:39:57] Using forecast run: 2022-09-17 18:00:00 UTC
[2026-05-19 10:39:58] Forecast Rain Available hours: [6, 7, 8, 9, 10, 11, 12, 13, 14, 15, 16, 17, 18, 19, 20, 21, 22, 23, 24, 25, 26, 27, 28, 29]
[2026-05-19 10:39:58] Valid hours for sum: [12, 18, 24, 29]
[2026-05-19 10:40:00] Drought composite end date: 2022-09-12 06:00:00
[2026-05-19 10:40:00] Land cover year: 2021
[2026-05-19 10:40:01] VIIRS Veg composite: 2022-07-28 → 2022-08-13
[2026-05-19 10:40:04] Started export task: fire_180_dynamic_2022-09-17
[2026-05-19 10:40:04] ------ Processing date=2022-09-18 ------
[2026-05-19 10:40:04] Using viirs_af_path: viirs_af_path
[2026-05-19 10:40:04] VIIRS Image Date: ['2022-09-18 00:00:00']
[2026-05-19 10:40:05] Weather image size: 1
[2026-05-19 10:40:05] Forecast duration: 2022-09-19 00:00:00 to 2022-09-20 00:00:00
[2026-05-19 10:40:06] Number of forecast images: 24
[2026-05-19 10:40:06] Using forecast run: 2022-09-18 18:00:00 UTC
[2026-05-19 10:40:07] Forecast Rain Available hours: [6, 7, 8, 9, 10, 11, 12, 13, 14, 15, 16, 17, 18, 19, 20, 21, 22, 23, 24, 25, 26, 27, 28, 29]
[2026-05-19 10:40:07] Valid hours for sum: [12, 18, 24, 29]
[2026-05-19 10:40:08] Drought composite end date: 2022-09-17 06:00:00
[2026-05-19 10:40:09] Land cover year: 2021
[2026-05-19 10:40:10] VIIRS Veg composite: 2022-07-28 → 2022-08-13
[2026-05-19 10:40:13] Started export task: fire_180_dynamic_2022-09-18
[2026-05-19 10:40:14] ------ Processing date=2022-09-19 ------
[2026-05-19 10:40:14] Using viirs_af_path: viirs_af_path
[2026-05-19 10:40:14] VIIRS Image Date: ['2022-09-19 00:00:00']
[2026-05-19 10:40:14] Weather image size: 1
[2026-05-19 10:40:14] Forecast duration: 2022-09-20 00:00:00 to 2022-09-21 00:00:00
[2026-05-19 10:40:15] Number of forecast images: 24
[2026-05-19 10:40:15] Using forecast run: 2022-09-19 18:00:00 UTC
[2026-05-19 10:40:15] Forecast Rain Available hours: [6, 7, 8, 9, 10, 11, 12, 13, 14, 15, 16, 17, 18, 19, 20, 21, 22, 23, 24, 25, 26, 27, 28, 29]
[2026-05-19 10:40:15] Valid hours for sum: [12, 18, 24, 29]
[2026-05-19 10:40:18] Drought composite end date: 2022-09-17 06:00:00
[2026-05-19 10:40:18] Land cover year: 2021
[2026-05-19 10:40:19] VIIRS Veg composite: 2022-07-28 → 2022-08-13
[2026-05-19 10:40:21] Started export task: fire_180_dynamic_2022-09-19
[2026-05-19 10:40:22] ------ Processing date=2022-09-20 ------
[2026-05-19 10:40:22] Using viirs_af_path: viirs_af_path
[2026-05-19 10:40:22] VIIRS Image Date: ['2022-09-20 00:00:00']
[2026-05-19 10:40:22] Weather image size: 1
[2026-05-19 10:40:22] Forecast duration: 2022-09-21 00:00:00 to 2022-09-22 00:00:00
[2026-05-19 10:40:23] Number of forecast images: 24
[2026-05-19 10:40:23] Using forecast run: 2022-09-20 18:00:00 UTC
[2026-05-19 10:40:24] Forecast Rain Available hours: [6, 7, 8, 9, 10, 11, 12, 13, 14, 15, 16, 17, 18, 19, 20, 21, 22, 23, 24, 25, 26, 27, 28, 29]
[2026-05-19 10:40:24] Valid hours for sum: [12, 18, 24, 29]
[2026-05-19 10:40:25] Drought composite end date: 2022-09-17 06:00:00
[2026-05-19 10:40:25] Land cover year: 2021
[2026-05-19 10:40:26] VIIRS Veg composite: 2022-07-28 → 2022-08-13
[2026-05-19 10:40:30] Started export task: fire_180_dynamic_2022-09-20
[2026-05-19 10:40:31] ------ Processing date=2022-09-21 ------
[2026-05-19 10:40:31] Using viirs_af_path: viirs_af_path
[2026-05-19 10:40:31] VIIRS Image Date: ['2022-09-21 00:00:00']
[2026-05-19 10:40:31] Weather image size: 1
[2026-05-19 10:40:31] Forecast duration: 2022-09-22 00:00:00 to 2022-09-23 00:00:00
[2026-05-19 10:40:32] Number of forecast images: 24
[2026-05-19 10:40:32] Using forecast run: 2022-09-21 18:00:00 UTC
[2026-05-19 10:40:32] Forecast Rain Available hours: [6, 7, 8, 9, 10, 11, 12, 13, 14, 15, 16, 17, 18, 19, 20, 21, 22, 23, 24, 25, 26, 27, 28, 29]
[2026-05-19 10:40:32] Valid hours for sum: [12, 18, 24, 29]
[2026-05-19 10:40:34] Drought composite end date: 2022-09-17 06:00:00
[2026-05-19 10:40:34] Land cover year: 2021
[2026-05-19 10:40:35] VIIRS Veg composite: 2022-07-28 → 2022-08-13
[2026-05-19 10:40:39] Started export task: fire_180_dynamic_2022-09-21
[2026-05-19 10:40:39] ------ Processing date=2022-09-22 ------
[2026-05-19 10:40:39] Using viirs_af_path: viirs_af_path
[2026-05-19 10:40:39] VIIRS Image Date: ['2022-09-22 00:00:00']
[2026-05-19 10:40:39] Weather image size: 1
[2026-05-19 10:40:39] Forecast duration: 2022-09-23 00:00:00 to 2022-09-24 00:00:00
[2026-05-19 10:40:40] Number of forecast images: 24
[2026-05-19 10:40:40] Using forecast run: 2022-09-22 18:00:00 UTC
[2026-05-19 10:40:41] Forecast Rain Available hours: [6, 7, 8, 9, 10, 11, 12, 13, 14, 15, 16, 17, 18, 19, 20, 21, 22, 23, 24, 25, 26, 27, 28, 29]
[2026-05-19 10:40:41] Valid hours for sum: [12, 18, 24, 29]
[2026-05-19 10:40:43] Drought composite end date: 2022-09-17 06:00:00
[2026-05-19 10:40:43] Land cover year: 2021
[2026-05-19 10:40:44] VIIRS Veg composite: 2022-07-28 → 2022-08-13
[2026-05-19 10:40:48] Started export task: fire_180_dynamic_2022-09-22
[2026-05-19 10:40:48] ------ Processing date=2022-09-23 ------
[2026-05-19 10:40:48] Using viirs_af_path: viirs_af_path
[2026-05-19 10:40:49] VIIRS Image Date: ['2022-09-23 00:00:00']
[2026-05-19 10:40:49] Weather image size: 1
[2026-05-19 10:40:49] Forecast duration: 2022-09-24 00:00:00 to 2022-09-25 00:00:00
[2026-05-19 10:40:50] Number of forecast images: 24
[2026-05-19 10:40:50] Using forecast run: 2022-09-23 18:00:00 UTC
[2026-05-19 10:40:50] Forecast Rain Available hours: [6, 7, 8, 9, 10, 11, 12, 13, 14, 15, 16, 17, 18, 19, 20, 21, 22, 23, 24, 25, 26, 27, 28, 29]
[2026-05-19 10:40:50] Valid hours for sum: [12, 18, 24, 29]
[2026-05-19 10:40:52] Drought composite end date: 2022-09-22 06:00:00
[2026-05-19 10:40:53] Land cover year: 2021
[2026-05-19 10:40:53] VIIRS Veg composite: 2022-07-28 → 2022-08-13
[2026-05-19 10:40:58] Started export task: fire_180_dynamic_2022-09-23
[2026-05-19 10:40:58] ------ Processing date=2022-09-24 ------
[2026-05-19 10:40:58] Using viirs_af_path: viirs_af_path
[2026-05-19 10:40:58] VIIRS Image Date: ['2022-09-24 00:00:00']
[2026-05-19 10:40:59] Weather image size: 1
[2026-05-19 10:40:59] Forecast duration: 2022-09-25 00:00:00 to 2022-09-26 00:00:00
[2026-05-19 10:41:00] Number of forecast images: 24
[2026-05-19 10:41:00] Using forecast run: 2022-09-24 18:00:00 UTC
[2026-05-19 10:41:00] Forecast Rain Available hours: [6, 7, 8, 9, 10, 11, 12, 13, 14, 15, 16, 17, 18, 19, 20, 21, 22, 23, 24, 25, 26, 27, 28, 29]
[2026-05-19 10:41:00] Valid hours for sum: [12, 18, 24, 29]
[2026-05-19 10:41:02] Drought composite end date: 2022-09-22 06:00:00
[2026-05-19 10:41:02] Land cover year: 2021
[2026-05-19 10:41:03] VIIRS Veg composite: 2022-07-28 → 2022-08-13
[2026-05-19 10:41:08] Started export task: fire_180_dynamic_2022-09-24
[2026-05-19 10:41:08] ------ Processing date=2022-09-25 ------
[2026-05-19 10:41:08] Using viirs_af_path: viirs_af_path
[2026-05-19 10:41:08] VIIRS Image Date: ['2022-09-25 00:00:00']
[2026-05-19 10:41:09] Weather image size: 1
[2026-05-19 10:41:09] Forecast duration: 2022-09-26 00:00:00 to 2022-09-27 00:00:00
[2026-05-19 10:41:09] Number of forecast images: 24
[2026-05-19 10:41:09] Using forecast run: 2022-09-25 18:00:00 UTC
[2026-05-19 10:41:10] Forecast Rain Available hours: [6, 7, 8, 9, 10, 11, 12, 13, 14, 15, 16, 17, 18, 19, 20, 21, 22, 23, 24, 25, 26, 27, 28, 29]
[2026-05-19 10:41:10] Valid hours for sum: [12, 18, 24, 29]
[2026-05-19 10:41:12] Drought composite end date: 2022-09-22 06:00:00
[2026-05-19 10:41:12] Land cover year: 2021
[2026-05-19 10:41:13] VIIRS Veg composite: 2022-07-28 → 2022-08-13
[2026-05-19 10:41:18] Started export task: fire_180_dynamic_2022-09-25
[2026-05-19 10:41:18] ------ Processing date=2022-09-26 ------
[2026-05-19 10:41:18] Using viirs_af_path: viirs_af_path
[2026-05-19 10:41:18] VIIRS Image Date: ['2022-09-26 00:00:00']
[2026-05-19 10:41:19] Weather image size: 1
[2026-05-19 10:41:19] Forecast duration: 2022-09-27 00:00:00 to 2022-09-28 00:00:00
[2026-05-19 10:41:19] Number of forecast images: 24
[2026-05-19 10:41:19] Using forecast run: 2022-09-26 18:00:00 UTC
[2026-05-19 10:41:20] Forecast Rain Available hours: [6, 7, 8, 9, 10, 11, 12, 13, 14, 15, 16, 17, 18, 19, 20, 21, 22, 23, 24, 25, 26, 27, 28, 29]
[2026-05-19 10:41:20] Valid hours for sum: [12, 18, 24, 29]
[2026-05-19 10:41:22] Drought composite end date: 2022-09-22 06:00:00
[2026-05-19 10:41:22] Land cover year: 2021
[2026-05-19 10:41:23] VIIRS Veg composite: 2022-07-28 → 2022-08-13
[2026-05-19 10:41:28] Started export task: fire_180_dynamic_2022-09-26
[2026-05-19 10:41:28] ------ Processing date=2022-09-27 ------
[2026-05-19 10:41:28] Using viirs_af_path: viirs_af_path
[2026-05-19 10:41:28] VIIRS Image Date: ['2022-09-27 00:00:00']
[2026-05-19 10:41:29] Weather image size: 1
[2026-05-19 10:41:29] Forecast duration: 2022-09-28 00:00:00 to 2022-09-29 00:00:00
[2026-05-19 10:41:29] Number of forecast images: 24
[2026-05-19 10:41:29] Using forecast run: 2022-09-27 18:00:00 UTC
[2026-05-19 10:41:30] Forecast Rain Available hours: [6, 7, 8, 9, 10, 11, 12, 13, 14, 15, 16, 17, 18, 19, 20, 21, 22, 23, 24, 25, 26, 27, 28, 29]
[2026-05-19 10:41:30] Valid hours for sum: [12, 18, 24, 29]
[2026-05-19 10:41:32] Drought composite end date: 2022-09-22 06:00:00
[2026-05-19 10:41:33] Land cover year: 2021
[2026-05-19 10:41:34] VIIRS Veg composite: 2022-07-28 → 2022-08-13
[2026-05-19 10:41:38] Started export task: fire_180_dynamic_2022-09-27
[2026-05-19 10:41:38] ------ Processing date=2022-09-28 ------
[2026-05-19 10:41:38] Using viirs_af_path: viirs_af_path
[2026-05-19 10:41:39] VIIRS Image Date: ['2022-09-28 00:00:00']
[2026-05-19 10:41:39] Weather image size: 1
[2026-05-19 10:41:39] Forecast duration: 2022-09-29 00:00:00 to 2022-09-30 00:00:00
[2026-05-19 10:41:40] Number of forecast images: 24
[2026-05-19 10:41:40] Using forecast run: 2022-09-28 18:00:00 UTC
[2026-05-19 10:41:40] Forecast Rain Available hours: [6, 7, 8, 9, 10, 11, 12, 13, 14, 15, 16, 17, 18, 19, 20, 21, 22, 23, 24, 25, 26, 27, 28, 29]
[2026-05-19 10:41:40] Valid hours for sum: [12, 18, 24, 29]
[2026-05-19 10:41:42] Drought composite end date: 2022-09-27 06:00:00
[2026-05-19 10:41:42] Land cover year: 2021
[2026-05-19 10:41:43] VIIRS Veg composite: 2022-07-28 → 2022-08-13
[2026-05-19 10:41:47] Started export task: fire_180_dynamic_2022-09-28
[2026-05-19 10:41:47] ------ Processing date=2022-09-29 ------
[2026-05-19 10:41:47] Using viirs_af_path: viirs_af_path
[2026-05-19 10:41:47] VIIRS Image Date: ['2022-09-29 00:00:00']
[2026-05-19 10:41:48] Weather image size: 1
[2026-05-19 10:41:48] Forecast duration: 2022-09-30 00:00:00 to 2022-10-01 00:00:00
[2026-05-19 10:41:48] Number of forecast images: 24
[2026-05-19 10:41:48] Using forecast run: 2022-09-29 18:00:00 UTC
[2026-05-19 10:41:49] Forecast Rain Available hours: [6, 7, 8, 9, 10, 11, 12, 13, 14, 15, 16, 17, 18, 19, 20, 21, 22, 23, 24, 25, 26, 27, 28, 29]
[2026-05-19 10:41:49] Valid hours for sum: [12, 18, 24, 29]
[2026-05-19 10:41:52] Drought composite end date: 2022-09-27 06:00:00
[2026-05-19 10:41:52] Land cover year: 2021
[2026-05-19 10:41:53] VIIRS Veg composite: 2022-07-28 → 2022-08-13
[2026-05-19 10:41:56] Started export task: fire_180_dynamic_2022-09-29
[2026-05-19 10:41:56] ------ Processing date=2022-09-30 ------
[2026-05-19 10:41:56] Using viirs_af_path: viirs_af_path
[2026-05-19 10:41:56] VIIRS Image Date: ['2022-09-30 00:00:00']
[2026-05-19 10:41:56] Weather image size: 1
[2026-05-19 10:41:56] Forecast duration: 2022-10-01 00:00:00 to 2022-10-02 00:00:00
[2026-05-19 10:41:57] Number of forecast images: 24
[2026-05-19 10:41:57] Using forecast run: 2022-09-30 18:00:00 UTC
[2026-05-19 10:41:58] Forecast Rain Available hours: [6, 7, 8, 9, 10, 11, 12, 13, 14, 15, 16, 17, 18, 19, 20, 21, 22, 23, 24, 25, 26, 27, 28, 29]
[2026-05-19 10:41:58] Valid hours for sum: [12, 18, 24, 29]
[2026-05-19 10:42:01] Drought composite end date: 2022-09-27 06:00:00
[2026-05-19 10:42:01] Land cover year: 2021
[2026-05-19 10:42:02] VIIRS Veg composite: 2022-07-28 → 2022-08-13
[2026-05-19 10:42:04] Started export task: fire_180_dynamic_2022-09-30
[2026-05-19 10:42:05] END: ----------Event fire_180----------- (Duration: 9.64m)
[2026-05-19 10:42:05] START: ----------Event fire_181-----------
[2026-05-19 10:42:05] ------ Processing date=2022-08-08 ------
[2026-05-19 10:42:05] Using viirs_af_path: viirs_af_path
[2026-05-19 10:42:05] VIIRS Image Date: []
[2026-05-19 10:42:05] *** ERROR FLAG ***: VIIRS: no data for 2022-08-08, attempting interpolation...
[2026-05-19 10:42:08] *** ERROR FLAG ***: VIIRS: no valid image within 10 days BEFORE 2022-08-08 → assigning zeros
[2026-05-19 10:42:08] Weather image size: 1
[2026-05-19 10:42:08] Forecast duration: 2022-08-09 00:00:00 to 2022-08-10 00:00:00
[2026-05-19 10:42:09] Number of forecast images: 24
[2026-05-19 10:42:09] Using forecast run: 2022-08-08 18:00:00 UTC
[2026-05-19 10:42:09] Forecast Rain Available hours: [6, 7, 8, 9, 10, 11, 12, 13, 14, 15, 16, 17, 18, 19, 20, 21, 22, 23, 24, 25, 26, 27, 28, 29]
[2026-05-19 10:42:09] Valid hours for sum: [12, 18, 24, 29]
[2026-05-19 10:42:12] Drought composite end date: 2022-08-03 06:00:00
[2026-05-19 10:42:12] Land cover year: 2021
[2026-05-19 10:42:13] VIIRS Veg composite: 2022-07-28 → 2022-08-13
[2026-05-19 10:42:16] Started export task: fire_181_static
[2026-05-19 10:42:17] Started export task: fire_181_dynamic_2022-08-08
[2026-05-19 10:42:17] ------ Processing date=2022-08-09 ------
[2026-05-19 10:42:17] Using viirs_af_path: viirs_af_path
[2026-05-19 10:42:17] VIIRS Image Date: []
[2026-05-19 10:42:17] *** ERROR FLAG ***: VIIRS: no data for 2022-08-09, attempting interpolation...
[2026-05-19 10:42:20] *** ERROR FLAG ***: VIIRS: no valid image within 10 days BEFORE 2022-08-09 → assigning zeros
[2026-05-19 10:42:20] Weather image size: 1
[2026-05-19 10:42:20] Forecast duration: 2022-08-10 00:00:00 to 2022-08-11 00:00:00
[2026-05-19 10:42:21] Number of forecast images: 24
[2026-05-19 10:42:21] Using forecast run: 2022-08-09 18:00:00 UTC
[2026-05-19 10:42:22] Forecast Rain Available hours: [6, 7, 8, 9, 10, 11, 12, 13, 14, 15, 16, 17, 18, 19, 20, 21, 22, 23, 24, 25, 26, 27, 28, 29]
[2026-05-19 10:42:22] Valid hours for sum: [12, 18, 24, 29]
[2026-05-19 10:42:24] Drought composite end date: 2022-08-08 06:00:00
[2026-05-19 10:42:25] Land cover year: 2021
[2026-05-19 10:42:25] VIIRS Veg composite: 2022-07-28 → 2022-08-13
[2026-05-19 10:42:30] Started export task: fire_181_dynamic_2022-08-09
[2026-05-19 10:42:30] ------ Processing date=2022-08-10 ------
[2026-05-19 10:42:30] Using viirs_af_path: viirs_af_path
[2026-05-19 10:42:30] VIIRS Image Date: []
[2026-05-19 10:42:30] *** ERROR FLAG ***: VIIRS: no data for 2022-08-10, attempting interpolation...
[2026-05-19 10:42:32] *** ERROR FLAG ***: VIIRS: no valid image within 10 days BEFORE 2022-08-10 → assigning zeros
[2026-05-19 10:42:32] Weather image size: 1
[2026-05-19 10:42:33] Forecast duration: 2022-08-11 00:00:00 to 2022-08-12 00:00:00
[2026-05-19 10:42:33] Number of forecast images: 24
[2026-05-19 10:42:33] Using forecast run: 2022-08-10 18:00:00 UTC
[2026-05-19 10:42:34] Forecast Rain Available hours: [6, 7, 8, 9, 10, 11, 12, 13, 14, 15, 16, 17, 18, 19, 20, 21, 22, 23, 24, 25, 26, 27, 28, 29]
[2026-05-19 10:42:34] Valid hours for sum: [12, 18, 24, 29]
[2026-05-19 10:42:37] Drought composite end date: 2022-08-08 06:00:00
[2026-05-19 10:42:37] Land cover year: 2021
[2026-05-19 10:42:38] VIIRS Veg composite: 2022-07-28 → 2022-08-13
[2026-05-19 10:42:40] Started export task: fire_181_dynamic_2022-08-10
[2026-05-19 10:42:40] ------ Processing date=2022-08-11 ------
[2026-05-19 10:42:40] Using viirs_af_path: viirs_af_path
[2026-05-19 10:42:41] VIIRS Image Date: ['2022-08-11 00:00:00']
[2026-05-19 10:42:41] Weather image size: 1
[2026-05-19 10:42:41] Forecast duration: 2022-08-12 00:00:00 to 2022-08-13 00:00:00
[2026-05-19 10:42:42] Number of forecast images: 24
[2026-05-19 10:42:42] Using forecast run: 2022-08-11 18:00:00 UTC
[2026-05-19 10:42:43] Forecast Rain Available hours: [6, 7, 8, 9, 10, 11, 12, 13, 14, 15, 16, 17, 18, 19, 20, 21, 22, 23, 24, 25, 26, 27, 28, 29]
[2026-05-19 10:42:43] Valid hours for sum: [12, 18, 24, 29]
[2026-05-19 10:42:44] Drought composite end date: 2022-08-08 06:00:00
[2026-05-19 10:42:44] Land cover year: 2021
[2026-05-19 10:42:45] VIIRS Veg composite: 2022-07-28 → 2022-08-13
[2026-05-19 10:42:48] Started export task: fire_181_dynamic_2022-08-11
[2026-05-19 10:42:49] ------ Processing date=2022-08-12 ------
[2026-05-19 10:42:49] Using viirs_af_path: viirs_af_path
[2026-05-19 10:42:49] VIIRS Image Date: ['2022-08-12 00:00:00']
[2026-05-19 10:42:49] Weather image size: 1
[2026-05-19 10:42:49] Forecast duration: 2022-08-13 00:00:00 to 2022-08-14 00:00:00
[2026-05-19 10:42:50] Number of forecast images: 24
[2026-05-19 10:42:50] Using forecast run: 2022-08-12 18:00:00 UTC
[2026-05-19 10:42:50] Forecast Rain Available hours: [6, 7, 8, 9, 10, 11, 12, 13, 14, 15, 16, 17, 18, 19, 20, 21, 22, 23, 24, 25, 26, 27, 28, 29]
[2026-05-19 10:42:50] Valid hours for sum: [12, 18, 24, 29]
[2026-05-19 10:42:53] Drought composite end date: 2022-08-08 06:00:00
[2026-05-19 10:42:53] Land cover year: 2021
[2026-05-19 10:42:54] VIIRS Veg composite: 2022-07-28 → 2022-08-13
[2026-05-19 10:42:57] Started export task: fire_181_dynamic_2022-08-12
[2026-05-19 10:42:57] ------ Processing date=2022-08-13 ------
[2026-05-19 10:42:57] Using viirs_af_path: viirs_af_path
[2026-05-19 10:42:57] VIIRS Image Date: ['2022-08-13 00:00:00']
[2026-05-19 10:42:58] Weather image size: 1
[2026-05-19 10:42:58] Forecast duration: 2022-08-14 00:00:00 to 2022-08-15 00:00:00
[2026-05-19 10:42:58] Number of forecast images: 24
[2026-05-19 10:42:58] Using forecast run: 2022-08-13 18:00:00 UTC
[2026-05-19 10:42:59] Forecast Rain Available hours: [6, 7, 8, 9, 10, 11, 12, 13, 14, 15, 16, 17, 18, 19, 20, 21, 22, 23, 24, 25, 26, 27, 28, 29]
[2026-05-19 10:42:59] Valid hours for sum: [12, 18, 24, 29]
[2026-05-19 10:43:01] Drought composite end date: 2022-08-08 06:00:00
[2026-05-19 10:43:01] Land cover year: 2021
[2026-05-19 10:43:02] VIIRS Veg composite: 2022-07-28 → 2022-08-13
[2026-05-19 10:43:08] Started export task: fire_181_dynamic_2022-08-13
[2026-05-19 10:43:08] ------ Processing date=2022-08-14 ------
[2026-05-19 10:43:08] Using viirs_af_path: viirs_af_path
[2026-05-19 10:43:09] VIIRS Image Date: ['2022-08-14 00:00:00']
[2026-05-19 10:43:09] Weather image size: 1
[2026-05-19 10:43:09] Forecast duration: 2022-08-15 00:00:00 to 2022-08-16 00:00:00
[2026-05-19 10:43:11] Number of forecast images: 24
[2026-05-19 10:43:11] Using forecast run: 2022-08-14 18:00:00 UTC
[2026-05-19 10:43:11] Forecast Rain Available hours: [6, 7, 8, 9, 10, 11, 12, 13, 14, 15, 16, 17, 18, 19, 20, 21, 22, 23, 24, 25, 26, 27, 28, 29]
[2026-05-19 10:43:11] Valid hours for sum: [12, 18, 24, 29]
[2026-05-19 10:43:14] Drought composite end date: 2022-08-13 06:00:00
[2026-05-19 10:43:14] Land cover year: 2021
[2026-05-19 10:43:15] VIIRS Veg composite: 2022-07-28 → 2022-08-13
[2026-05-19 10:43:19] Started export task: fire_181_dynamic_2022-08-14
[2026-05-19 10:43:19] ------ Processing date=2022-08-15 ------
[2026-05-19 10:43:19] Using viirs_af_path: viirs_af_path
[2026-05-19 10:43:20] VIIRS Image Date: ['2022-08-15 00:00:00']
[2026-05-19 10:43:20] Weather image size: 1
[2026-05-19 10:43:20] Forecast duration: 2022-08-16 00:00:00 to 2022-08-17 00:00:00
[2026-05-19 10:43:22] Number of forecast images: 24
[2026-05-19 10:43:22] Using forecast run: 2022-08-15 18:00:00 UTC
[2026-05-19 10:43:23] Forecast Rain Available hours: [6, 7, 8, 9, 10, 11, 12, 13, 14, 15, 16, 17, 18, 19, 20, 21, 22, 23, 24, 25, 26, 27, 28, 29]
[2026-05-19 10:43:23] Valid hours for sum: [12, 18, 24, 29]
[2026-05-19 10:43:25] Drought composite end date: 2022-08-13 06:00:00
[2026-05-19 10:43:26] Land cover year: 2021
[2026-05-19 10:43:27] VIIRS Veg composite: 2022-07-28 → 2022-08-13
[2026-05-19 10:43:30] Started export task: fire_181_dynamic_2022-08-15
[2026-05-19 10:43:31] ------ Processing date=2022-08-16 ------
[2026-05-19 10:43:31] Using viirs_af_path: viirs_af_path
[2026-05-19 10:43:31] VIIRS Image Date: ['2022-08-16 00:00:00']
[2026-05-19 10:43:31] Weather image size: 1
[2026-05-19 10:43:31] Forecast duration: 2022-08-17 00:00:00 to 2022-08-18 00:00:00
[2026-05-19 10:43:33] Number of forecast images: 24
[2026-05-19 10:43:33] Using forecast run: 2022-08-16 18:00:00 UTC
[2026-05-19 10:43:33] Forecast Rain Available hours: [6, 7, 8, 9, 10, 11, 12, 13, 14, 15, 16, 17, 18, 19, 20, 21, 22, 23, 24, 25, 26, 27, 28, 29]
[2026-05-19 10:43:33] Valid hours for sum: [12, 18, 24, 29]
[2026-05-19 10:43:35] Drought composite end date: 2022-08-13 06:00:00
[2026-05-19 10:43:35] Land cover year: 2021
[2026-05-19 10:43:37] VIIRS Veg composite: 2022-07-28 → 2022-08-13
[2026-05-19 10:43:42] Started export task: fire_181_dynamic_2022-08-16
[2026-05-19 10:43:42] ------ Processing date=2022-08-17 ------
[2026-05-19 10:43:42] Using viirs_af_path: viirs_af_path
[2026-05-19 10:43:42] VIIRS Image Date: ['2022-08-17 00:00:00']
[2026-05-19 10:43:43] Weather image size: 1
[2026-05-19 10:43:43] Forecast duration: 2022-08-18 00:00:00 to 2022-08-19 00:00:00
[2026-05-19 10:43:43] Number of forecast images: 24
[2026-05-19 10:43:43] Using forecast run: 2022-08-17 18:00:00 UTC
[2026-05-19 10:43:44] Forecast Rain Available hours: [6, 7, 8, 9, 10, 11, 12, 13, 14, 15, 16, 17, 18, 19, 20, 21, 22, 23, 24, 25, 26, 27, 28, 29]
[2026-05-19 10:43:44] Valid hours for sum: [12, 18, 24, 29]
[2026-05-19 10:43:46] Drought composite end date: 2022-08-13 06:00:00
[2026-05-19 10:43:46] Land cover year: 2021
[2026-05-19 10:43:47] VIIRS Veg composite: 2022-07-28 → 2022-08-13
[2026-05-19 10:43:52] Started export task: fire_181_dynamic_2022-08-17
[2026-05-19 10:43:52] ------ Processing date=2022-08-18 ------
[2026-05-19 10:43:52] Using viirs_af_path: viirs_af_path
[2026-05-19 10:43:53] VIIRS Image Date: ['2022-08-18 00:00:00']
[2026-05-19 10:43:53] Weather image size: 1
[2026-05-19 10:43:53] Forecast duration: 2022-08-19 00:00:00 to 2022-08-20 00:00:00
[2026-05-19 10:43:54] Number of forecast images: 24
[2026-05-19 10:43:54] Using forecast run: 2022-08-18 18:00:00 UTC
[2026-05-19 10:43:54] Forecast Rain Available hours: [6, 7, 8, 9, 10, 11, 12, 13, 14, 15, 16, 17, 18, 19, 20, 21, 22, 23, 24, 25, 26, 27, 28, 29]
[2026-05-19 10:43:54] Valid hours for sum: [12, 18, 24, 29]
[2026-05-19 10:43:57] Drought composite end date: 2022-08-13 06:00:00
[2026-05-19 10:43:57] Land cover year: 2021
[2026-05-19 10:43:59] VIIRS Veg composite: 2022-07-28 → 2022-08-13
[2026-05-19 10:44:04] Started export task: fire_181_dynamic_2022-08-18
[2026-05-19 10:44:05] ------ Processing date=2022-08-19 ------
[2026-05-19 10:44:05] Using viirs_af_path: viirs_af_path
[2026-05-19 10:44:05] VIIRS Image Date: ['2022-08-19 00:00:00']
[2026-05-19 10:44:06] Weather image size: 1
[2026-05-19 10:44:06] Forecast duration: 2022-08-20 00:00:00 to 2022-08-21 00:00:00
[2026-05-19 10:44:06] Number of forecast images: 24
[2026-05-19 10:44:06] Using forecast run: 2022-08-19 18:00:00 UTC
[2026-05-19 10:44:07] Forecast Rain Available hours: [6, 7, 8, 9, 10, 11, 12, 13, 14, 15, 16, 17, 18, 19, 20, 21, 22, 23, 24, 25, 26, 27, 28, 29]
[2026-05-19 10:44:07] Valid hours for sum: [12, 18, 24, 29]
[2026-05-19 10:44:10] Drought composite end date: 2022-08-18 06:00:00
[2026-05-19 10:44:10] Land cover year: 2021
[2026-05-19 10:44:11] VIIRS Veg composite: 2022-07-28 → 2022-08-13
[2026-05-19 10:44:15] Started export task: fire_181_dynamic_2022-08-19
[2026-05-19 10:44:15] ------ Processing date=2022-08-20 ------
[2026-05-19 10:44:15] Using viirs_af_path: viirs_af_path
[2026-05-19 10:44:16] VIIRS Image Date: ['2022-08-20 00:00:00']
[2026-05-19 10:44:16] Weather image size: 1
[2026-05-19 10:44:16] Forecast duration: 2022-08-21 00:00:00 to 2022-08-22 00:00:00
[2026-05-19 10:44:17] Number of forecast images: 24
[2026-05-19 10:44:17] Using forecast run: 2022-08-20 18:00:00 UTC
[2026-05-19 10:44:18] Forecast Rain Available hours: [6, 7, 8, 9, 10, 11, 12, 13, 14, 15, 16, 17, 18, 19, 20, 21, 22, 23, 24, 25, 26, 27, 28, 29]
[2026-05-19 10:44:18] Valid hours for sum: [12, 18, 24, 29]
[2026-05-19 10:44:21] Drought composite end date: 2022-08-18 06:00:00
[2026-05-19 10:44:21] Land cover year: 2021
[2026-05-19 10:44:22] VIIRS Veg composite: 2022-07-28 → 2022-08-13
[2026-05-19 10:44:26] Started export task: fire_181_dynamic_2022-08-20
[2026-05-19 10:44:27] ------ Processing date=2022-08-21 ------
[2026-05-19 10:44:27] Using viirs_af_path: viirs_af_path
[2026-05-19 10:44:27] VIIRS Image Date: ['2022-08-21 00:00:00']
[2026-05-19 10:44:27] Weather image size: 1
[2026-05-19 10:44:27] Forecast duration: 2022-08-22 00:00:00 to 2022-08-23 00:00:00
[2026-05-19 10:44:28] Number of forecast images: 24
[2026-05-19 10:44:28] Using forecast run: 2022-08-21 18:00:00 UTC
[2026-05-19 10:44:29] Forecast Rain Available hours: [6, 7, 8, 9, 10, 11, 12, 13, 14, 15, 16, 17, 18, 19, 20, 21, 22, 23, 24, 25, 26, 27, 28, 29]
[2026-05-19 10:44:29] Valid hours for sum: [12, 18, 24, 29]
[2026-05-19 10:44:31] Drought composite end date: 2022-08-18 06:00:00
[2026-05-19 10:44:31] Land cover year: 2021
[2026-05-19 10:44:32] VIIRS Veg composite: 2022-07-28 → 2022-08-13
[2026-05-19 10:44:37] Started export task: fire_181_dynamic_2022-08-21
[2026-05-19 10:44:37] END: ----------Event fire_181----------- (Duration: 2.54m)
[2026-05-19 10:44:37] ========= Run finished. ========= 

[2026-05-19 10:44:37] Success count: 11
[2026-05-19 10:44:37] Failure count: 0
[2026-05-19 10:44:37] END: Dataset Creation Run (Duration: 1.44h)